patch_id,seed,family,level,frac,method,true_label,prediction,confidence,correct,bounded_unknown,isolated_missing_frac,mask_overlap_centre,centre_erased_frac
17222,0,CF2,L1,0.05,bilinear,8,8,0.7446235418319702,1,False,0.7012987012987013,0.7272727272727273,0.4375
7987,0,CF2,L1,0.05,bilinear,4,3,0.7129595279693604,0,False,0.5566037735849056,0.39622641509433965,0.1640625
14403,0,CF2,L1,0.05,bilinear,1,1,0.49488022923469543,1,False,0.6545454545454545,0.24545454545454545,0.10546875
12904,0,CF2,L1,0.05,bilinear,1,1,0.75101238489151,1,False,0.6545454545454545,0.4,0.171875
1024,0,CF2,L1,0.05,bilinear,2,2,0.5997359156608582,1,False,0.6593406593406593,0.38461538461538464,0.13671875
15700,0,CF2,L1,0.05,bilinear,3,0,0.9999195337295532,0,False,0.6964285714285714,0.42857142857142855,0.1875
12639,0,CF2,L1,0.05,bilinear,7,3,0.4196396470069885,0,False,0.7051282051282052,0.358974358974359,0.21875
20658,0,CF2,L1,0.05,bilinear,4,2,0.2620616853237152,0,False,0.6857142857142857,0.0,0.0
2642,0,CF2,L1,0.05,bilinear,7,7,0.6511482000350952,1,False,0.4,0.4666666666666667,0.109375
9392,0,CF2,L1,0.05,bilinear,9,9,0.4956778585910797,1,False,0.52,0.824,0.40234375
23357,0,CF2,L1,0.05,bilinear,5,5,0.5168467164039612,1,False,0.674074074074074,0.35555555555555557,0.1875
15977,0,CF2,L1,0.05,bilinear,0,0,0.617644727230072,1,False,0.625,0.22916666666666666,0.0859375
10440,0,CF2,L1,0.05,bilinear,0,0,0.5949715375900269,1,False,0.7142857142857143,0.7857142857142857,0.515625
14216,0,CF2,L1,0.05,bilinear,3,3,0.7621360421180725,1,False,0.5142857142857142,1.0,0.2734375
18353,0,CF2,L1,0.05,bilinear,7,7,0.8753377199172974,1,False,0.6857142857142857,0.6857142857142857,0.375
17404,0,CF2,L1,0.05,bilinear,3,3,0.6612808704376221,1,False,0.6049382716049383,0.3950617283950617,0.125
8424,0,CF2,L1,0.05,bilinear,8,8,0.24511569738388062,1,False,0.43333333333333335,0.8666666666666667,0.203125
4744,0,CF2,L1,0.05,bilinear,8,8,0.937868058681488,1,False,0.6666666666666666,0.675,0.31640625
18797,0,CF2,L1,0.05,bilinear,7,7,0.9943314790725708,1,False,0.6818181818181818,0.9090909090909091,0.46875
3156,0,CF2,L1,0.05,bilinear,7,7,0.9877272844314575,1,False,0.6346153846153846,0.3173076923076923,0.12890625
17024,0,CF2,L1,0.05,bilinear,2,2,0.8954148292541504,1,False,0.41935483870967744,0.8064516129032258,0.1953125
7807,0,CF2,L1,0.05,bilinear,8,8,0.9690943956375122,1,False,0.6346153846153846,0.6057692307692307,0.24609375
138,0,CF2,L1,0.05,bilinear,0,0,0.9971135854721069,1,False,0.7252747252747253,0.23076923076923078,0.1640625
20222,0,CF2,L1,0.05,bilinear,2,2,0.9999020099639893,1,False,0.625,0.375,0.140625
24734,0,CF2,L1,0.05,bilinear,9,0,0.6738069653511047,0,False,0.6666666666666666,0.38095238095238093,0.1875
8909,0,CF2,L1,0.05,bilinear,0,0,0.9372390508651733,1,False,0.5555555555555556,0.0,0.0
4684,0,CF2,L1,0.05,bilinear,1,1,0.9993576407432556,1,False,0.6,0.15,0.046875
15978,0,CF2,L1,0.05,bilinear,6,6,0.5891364812850952,1,False,0.52,0.9333333333333333,0.2734375
21495,0,CF2,L1,0.05,bilinear,7,7,0.5714555978775024,1,False,0.6122448979591837,0.5714285714285714,0.21875
5107,0,CF2,L1,0.05,bilinear,6,1,0.6340328454971313,0,False,0.5714285714285714,0.0,0.0
1914,0,CF2,L1,0.05,bilinear,2,2,0.9467915296554565,1,False,0.5915492957746479,0.3380281690140845,0.1875
21307,0,CF2,L1,0.05,bilinear,1,1,0.9999899864196777,1,False,0.5833333333333334,0.3333333333333333,0.09375
7178,0,CF2,L1,0.05,bilinear,4,4,0.8307284116744995,1,False,0.5185185185185185,0.0,0.0
13264,0,CF2,L1,0.05,bilinear,4,1,0.45521143078804016,0,False,0.7090909090909091,0.2909090909090909,0.1875
21507,0,CF2,L1,0.05,bilinear,1,1,0.9894468784332275,1,False,0.7878787878787878,0.2545454545454545,0.1640625
8399,0,CF2,L1,0.05,bilinear,9,9,0.3646210730075836,1,False,0.7252747252747253,0.9285714285714286,0.66015625
4384,0,CF2,L1,0.05,bilinear,0,0,0.9971573352813721,1,False,0.6222222222222222,0.4666666666666667,0.1640625
5820,0,CF2,L1,0.05,bilinear,0,1,0.7661651372909546,0,False,0.6363636363636364,0.32386363636363635,0.22265625
22865,0,CF2,L1,0.05,bilinear,0,0,0.7805221676826477,1,False,0.7098039215686275,0.42745098039215684,0.42578125
65,0,CF2,L1,0.05,bilinear,0,0,0.710784912109375,1,False,0.42857142857142855,0.0,0.0
15494,0,CF2,L1,0.05,bilinear,6,6,0.7190732955932617,1,False,0.43333333333333335,0.13333333333333333,0.03125
2327,0,CF2,L1,0.05,bilinear,5,5,0.6737956404685974,1,False,0.647887323943662,0.5633802816901409,0.3125
24596,0,CF2,L1,0.05,bilinear,7,6,0.7239753007888794,0,False,0.5185185185185185,0.6666666666666666,0.140625
3825,0,CF2,L1,0.05,bilinear,5,5,0.5726600885391235,1,False,0.7252747252747253,0.3076923076923077,0.21875
17168,0,CF2,L1,0.05,bilinear,7,2,0.7930516600608826,0,False,0.6190476190476191,0.9333333333333333,0.3828125
4357,0,CF2,L1,0.05,bilinear,3,3,0.6555185914039612,1,False,0.6363636363636364,0.18181818181818182,0.0703125
2364,0,CF2,L1,0.05,bilinear,9,9,0.8253991007804871,1,False,0.5263157894736842,0.43859649122807015,0.1953125
8703,0,CF2,L1,0.05,bilinear,9,9,0.8153469562530518,1,False,0.7944444444444444,0.26666666666666666,0.1875
19390,0,CF2,L1,0.05,bilinear,9,9,0.9420414566993713,1,False,0.5076923076923077,0.2,0.05078125
17853,0,CF2,L1,0.05,bilinear,6,2,0.26891037821769714,0,False,0.7428571428571429,0.38095238095238093,0.3125
4930,0,CF2,L1,0.05,bilinear,4,1,0.7987709045410156,0,False,0.6666666666666666,0.5,0.24609375
5314,0,CF2,L1,0.05,bilinear,8,8,0.6124420166015625,1,False,0.6136363636363636,0.6363636363636364,0.21875
4478,0,CF2,L1,0.05,bilinear,8,6,0.5326921939849854,0,False,0.7428571428571429,0.5714285714285714,0.46875
23679,0,CF2,L1,0.05,bilinear,4,1,0.6616544723510742,0,False,0.6043956043956044,0.5494505494505495,0.1953125
5449,0,CF2,L1,0.05,bilinear,1,1,0.8968865871429443,1,False,0.5714285714285714,0.35714285714285715,0.1171875
24183,0,CF2,L1,0.05,bilinear,0,6,0.5926753878593445,0,False,0.6932515337423313,0.5950920245398773,0.37890625
20842,0,CF2,L1,0.05,bilinear,3,5,0.435698926448822,0,False,0.7159763313609467,0.46153846153846156,0.3046875
18825,0,CF2,L1,0.05,bilinear,9,9,0.5985743999481201,1,False,0.5555555555555556,1.0,0.24609375
6265,0,CF2,L1,0.05,bilinear,1,1,0.8684167861938477,1,False,0.6581196581196581,0.6666666666666666,0.3046875
24932,0,CF2,L1,0.05,bilinear,4,2,0.6254293322563171,0,False,0.7222222222222222,0.8666666666666667,0.609375
14427,0,CF2,L1,0.05,bilinear,8,9,0.5535401105880737,0,False,0.4166666666666667,0.20833333333333334,0.078125
3740,0,CF2,L1,0.05,bilinear,7,7,0.9899941086769104,1,False,0.6923076923076923,0.14423076923076922,0.05859375
16809,0,CF2,L1,0.05,bilinear,9,2,0.4620457589626312,0,False,0.43333333333333335,0.23333333333333334,0.0546875
1136,0,CF2,L1,0.05,bilinear,1,1,0.8223952651023865,1,False,0.6346153846153846,0.38461538461538464,0.15625
25757,0,CF2,L1,0.05,bilinear,5,5,0.9550692439079285,1,False,0.4727272727272727,0.36363636363636365,0.15625
7356,0,CF2,L1,0.05,bilinear,4,4,0.35978585481643677,1,False,0.7090909090909091,0.43636363636363634,0.28125
12298,0,CF2,L1,0.05,bilinear,0,0,0.9838632345199585,1,False,0.42857142857142855,0.5,0.109375
5700,0,CF2,L1,0.05,bilinear,3,2,0.7917194962501526,0,False,0.5833333333333334,1.0,0.28125
22753,0,CF2,L1,0.05,bilinear,6,6,0.8356525897979736,1,False,0.5555555555555556,0.2222222222222222,0.0546875
16813,0,CF2,L1,0.05,bilinear,6,6,0.5021013021469116,1,False,0.7756410256410257,0.2564102564102564,0.15625
7373,0,CF2,L1,0.05,bilinear,8,8,0.6953327655792236,1,False,0.6190476190476191,0.42857142857142855,0.17578125
20149,0,CF2,L1,0.05,bilinear,2,2,0.9602967500686646,1,False,0.7012987012987013,0.5454545454545454,0.328125
15874,0,CF2,L1,0.05,bilinear,9,9,0.9877573251724243,1,False,0.6136363636363636,0.125,0.04296875
26011,0,CF2,L1,0.05,bilinear,0,0,0.9500412940979004,1,False,0.5952380952380952,0.17857142857142858,0.05859375
4196,0,CF2,L1,0.05,bilinear,9,9,0.6325226426124573,1,False,0.6122448979591837,0.5102040816326531,0.1953125
11227,0,CF2,L1,0.05,bilinear,3,3,0.8449689745903015,1,False,0.5952380952380952,0.4166666666666667,0.13671875
15736,0,CF2,L1,0.05,bilinear,3,3,0.9871756434440613,1,False,0.6933333333333334,0.24,0.140625
6339,0,CF2,L1,0.05,bilinear,6,6,0.6641819477081299,1,False,0.7012987012987013,0.2597402597402597,0.15625
25704,0,CF2,L1,0.05,bilinear,2,2,0.944092869758606,1,False,0.4489795918367347,0.3469387755102041,0.1328125
3190,0,CF2,L1,0.05,bilinear,7,7,0.8978833556175232,1,False,0.625,0.21875,0.08203125
737,0,CF2,L1,0.05,bilinear,4,4,0.5482077598571777,1,False,0.64,0.9,0.3515625
22875,0,CF2,L1,0.05,bilinear,9,9,0.7518613934516907,1,False,0.5555555555555556,0.75,0.2109375
22749,0,CF2,L1,0.05,bilinear,3,3,0.9616549015045166,1,False,0.676923076923077,0.23076923076923078,0.1171875
22998,0,CF2,L1,0.05,bilinear,3,3,0.9932221174240112,1,False,0.78,0.2,0.1171875
24210,0,CF2,L1,0.05,bilinear,5,0,0.4284953474998474,0,False,0.7222222222222222,0.9333333333333333,0.65625
6800,0,CF2,L1,0.05,bilinear,4,4,0.9257660508155823,1,False,0.6190476190476191,0.3142857142857143,0.12890625
16602,0,CF2,L1,0.05,bilinear,9,0,0.4844648540019989,0,False,0.625,0.5833333333333334,0.21875
10822,0,CF2,L1,0.05,bilinear,6,6,0.8723979592323303,1,False,0.6545454545454545,0.45454545454545453,0.1953125
12822,0,CF2,L1,0.05,bilinear,1,1,0.9995530247688293,1,False,0.7428571428571429,0.26666666666666666,0.21875
12758,0,CF2,L1,0.05,bilinear,5,5,0.9660196304321289,1,False,0.6222222222222222,0.7777777777777778,0.2734375
21144,0,CF2,L1,0.05,bilinear,4,4,0.9505667686462402,1,False,0.45098039215686275,0.8823529411764706,0.3515625
4900,0,CF2,L1,0.05,bilinear,6,3,0.46382468938827515,0,False,0.7428571428571429,0.6666666666666666,0.546875
22888,0,CF2,L1,0.05,bilinear,9,9,0.9922078251838684,1,False,0.7012987012987013,0.35714285714285715,0.21484375
19935,0,CF2,L1,0.05,bilinear,9,3,0.7625967264175415,0,False,0.7428571428571429,0.41904761904761906,0.34375
21896,0,CF2,L1,0.05,bilinear,7,7,0.9862725734710693,1,False,0.515625,0.609375,0.3046875
3475,0,CF2,L1,0.05,bilinear,3,3,0.8463840484619141,1,False,0.725925925925926,0.2074074074074074,0.109375
16171,0,CF2,L1,0.05,bilinear,0,0,0.9998949766159058,1,False,0.5952380952380952,0.8333333333333334,0.2734375
4672,0,CF2,L1,0.05,bilinear,4,7,0.8980750441551208,0,False,0.6666666666666666,0.0,0.0
10146,0,CF2,L1,0.05,bilinear,2,2,0.9947324991226196,1,False,0.6666666666666666,0.6416666666666667,0.30078125
9207,0,CF2,L1,0.05,bilinear,7,7,0.8363204598426819,1,False,0.4444444444444444,0.25,0.0703125
17745,0,CF2,L1,0.05,bilinear,9,2,0.9998847246170044,0,False,0.674074074074074,0.2222222222222222,0.1171875
432,0,CF2,L1,0.05,bilinear,7,7,0.9114772081375122,1,False,0.5333333333333333,0.0,0.0
6608,0,CF2,L1,0.05,bilinear,4,4,0.9896309971809387,1,False,0.4230769230769231,1.0,0.203125
25769,0,CF2,L1,0.05,bilinear,9,9,0.7412956953048706,1,False,0.7252747252747253,0.9285714285714286,0.66015625
14774,0,CF2,L1,0.05,bilinear,3,3,0.9277263879776001,1,False,0.6923076923076923,0.45454545454545453,0.25390625
21627,0,CF2,L1,0.05,bilinear,4,4,0.8111456036567688,1,False,0.42857142857142855,0.25,0.0546875
8133,0,CF2,L1,0.05,bilinear,2,2,0.9952392578125,1,False,0.7142857142857143,0.6952380952380952,0.5703125
12554,0,CF2,L1,0.05,bilinear,4,4,0.9995173215866089,1,False,0.5148514851485149,0.0,0.0
10856,0,CF2,L1,0.05,bilinear,1,1,0.6293632388114929,1,False,0.7051282051282052,0.5769230769230769,0.3515625
15931,0,CF2,L1,0.05,bilinear,3,3,0.5314242839813232,1,False,0.7333333333333333,0.7333333333333333,0.55859375
2367,0,CF2,L1,0.05,bilinear,2,2,0.8342775106430054,1,False,0.6923076923076923,0.5664335664335665,0.31640625
25563,0,CF2,L1,0.05,bilinear,7,7,0.7077968716621399,1,False,0.5625,1.0,0.25
6748,0,CF2,L1,0.05,bilinear,2,2,0.9873900413513184,1,False,0.6222222222222222,0.4,0.140625
5368,0,CF2,L1,0.05,bilinear,8,8,0.9839707016944885,1,False,0.7583333333333333,0.0,0.0
25951,0,CF2,L1,0.05,bilinear,6,6,0.7926557064056396,1,False,0.6481481481481481,0.4537037037037037,0.19140625
22082,0,CF2,L1,0.05,bilinear,7,7,0.9974895715713501,1,False,0.6446280991735537,0.24793388429752067,0.1171875
19301,0,CF2,L1,0.05,bilinear,4,4,0.9940945506095886,1,False,0.6428571428571429,0.0,0.0
13302,0,CF2,L1,0.05,bilinear,4,4,0.9904661178588867,1,False,0.6190476190476191,0.5333333333333333,0.21875
15358,0,CF2,L1,0.05,bilinear,0,0,0.7472947239875793,1,False,0.6,0.8,0.25
23572,0,CF2,L1,0.05,bilinear,2,2,0.8832208514213562,1,False,0.6857142857142857,0.6,0.328125
14736,0,CF2,L1,0.05,bilinear,4,4,0.9937371015548706,1,False,0.5714285714285714,0.14285714285714285,0.046875
16685,0,CF2,L1,0.05,bilinear,2,2,0.888739824295044,1,False,0.6122448979591837,0.5612244897959183,0.21484375
21902,0,CF2,L1,0.05,bilinear,7,7,0.6030029654502869,1,False,0.6545454545454545,0.21818181818181817,0.09375
6713,0,CF2,L1,0.05,bilinear,5,5,0.4305706024169922,1,False,0.5357142857142857,0.03571428571428571,0.0078125
8771,0,CF2,L1,0.05,bilinear,4,4,0.9848130345344543,1,False,0.691358024691358,0.1111111111111111,0.03515625
20264,0,CF2,L1,0.05,bilinear,3,6,0.5670346617698669,0,False,0.6363636363636364,0.8181818181818182,0.31640625
24489,0,CF2,L1,0.05,bilinear,1,1,0.9999971389770508,1,False,0.52,0.0,0.0
24852,0,CF2,L1,0.05,bilinear,1,4,0.8293917775154114,0,False,0.5952380952380952,0.6666666666666666,0.21875
6746,0,CF2,L1,0.05,bilinear,1,1,0.8317477703094482,1,False,0.7012987012987013,1.0,0.6015625
5951,0,CF2,L1,0.05,bilinear,5,5,0.6415286660194397,1,False,0.6545454545454545,0.2727272727272727,0.1171875
6438,0,CF2,L1,0.05,bilinear,4,4,0.9994195699691772,1,False,0.676923076923077,0.4846153846153846,0.24609375
11126,0,CF2,L1,0.05,bilinear,9,0,0.36504217982292175,0,False,0.6933333333333334,0.64,0.375
24241,0,CF2,L1,0.05,bilinear,3,3,0.8745803236961365,1,False,0.5641025641025641,0.8461538461538461,0.2578125
23621,0,CF2,L1,0.05,bilinear,6,6,0.5922555327415466,1,False,0.7051282051282052,0.75,0.45703125
14358,0,CF2,L1,0.05,bilinear,6,3,0.395037978887558,0,False,0.6694214876033058,0.3305785123966942,0.15625
19003,0,CF2,L1,0.05,bilinear,6,5,0.6447142958641052,0,False,0.5952380952380952,0.42857142857142855,0.140625
3760,0,CF2,L1,0.05,bilinear,9,2,0.5262436270713806,0,False,0.5777777777777777,0.17777777777777778,0.0625
1155,0,CF2,L1,0.05,bilinear,5,5,0.9718349575996399,1,False,0.6470588235294118,0.4166666666666667,0.33203125
22044,0,CF2,L1,0.05,bilinear,8,8,0.5792468190193176,1,False,0.5555555555555556,0.4166666666666667,0.1171875
17521,0,CF2,L1,0.05,bilinear,4,4,0.9081986546516418,1,False,0.5454545454545454,0.36363636363636365,0.09375
15177,0,CF2,L1,0.05,bilinear,9,2,0.5697060823440552,0,False,0.7258883248730964,0.649746192893401,0.5
21080,0,CF2,L1,0.05,bilinear,0,0,0.998515784740448,1,False,0.6428571428571429,0.2,0.0546875
4507,0,CF2,L1,0.05,bilinear,5,5,0.6091446280479431,1,False,0.4909090909090909,0.2,0.04296875
10600,0,CF2,L1,0.05,bilinear,7,7,0.994687557220459,1,False,0.7051282051282052,0.0,0.0
11754,0,CF2,L1,0.05,bilinear,1,1,0.9349920153617859,1,False,0.5555555555555556,0.75,0.2109375
22934,0,CF2,L1,0.05,bilinear,4,4,0.9741519093513489,1,False,0.5606060606060606,0.21212121212121213,0.109375
19094,0,CF2,L1,0.05,bilinear,3,3,0.9988082647323608,1,False,0.6818181818181818,0.30303030303030304,0.15625
25246,0,CF2,L1,0.05,bilinear,7,7,0.939532995223999,1,False,0.5454545454545454,0.45454545454545453,0.1171875
14745,0,CF2,L1,0.05,bilinear,2,2,0.9999914169311523,1,False,0.6136363636363636,0.125,0.04296875
3177,0,CF2,L1,0.05,bilinear,8,9,0.7608867287635803,0,False,0.7333333333333333,0.27692307692307694,0.2109375
13870,0,CF2,L1,0.05,bilinear,5,1,0.7994741201400757,0,False,0.6136363636363636,0.9090909090909091,0.3125
5605,0,CF2,L1,0.05,bilinear,6,6,0.5916628241539001,1,False,0.5142857142857142,0.6428571428571429,0.17578125
5202,0,CF2,L1,0.05,bilinear,8,8,0.9934468865394592,1,False,0.5555555555555556,0.5,0.140625
8800,0,CF2,L1,0.05,bilinear,5,5,0.9638882875442505,1,False,0.5357142857142857,0.5357142857142857,0.1171875
645,0,CF2,L1,0.05,bilinear,3,3,0.8971464037895203,1,False,0.7252747252747253,0.7857142857142857,0.55859375
16077,0,CF2,L1,0.05,bilinear,5,5,0.9643993377685547,1,False,0.6666666666666666,0.38095238095238093,0.1875
15336,0,CF2,L1,0.05,bilinear,5,5,0.8600661754608154,1,False,0.5238095238095238,0.42857142857142855,0.140625
20933,0,CF2,L1,0.05,bilinear,0,0,0.8736096024513245,1,False,0.6933333333333334,0.16,0.09375
10580,0,CF2,L1,0.05,bilinear,8,8,0.613557755947113,1,False,0.6581196581196581,1.0,0.45703125
25902,0,CF2,L1,0.05,bilinear,6,6,0.9734945297241211,1,False,0.5714285714285714,0.8333333333333334,0.2734375
4666,0,CF2,L1,0.05,bilinear,8,8,0.9999792575836182,1,False,0.6136363636363636,0.20454545454545456,0.0703125
14541,0,CF2,L1,0.05,bilinear,4,4,0.9595338702201843,1,False,0.5942028985507246,0.6811594202898551,0.3671875
7374,0,CF2,L1,0.05,bilinear,5,5,0.8423890471458435,1,False,0.42857142857142855,0.19642857142857142,0.04296875
4697,0,CF2,L1,0.05,bilinear,5,9,0.5557002425193787,0,False,0.65,0.225,0.10546875
6317,0,CF2,L1,0.05,bilinear,5,5,0.7732325196266174,1,False,0.75,0.0,0.0
16623,0,CF2,L1,0.05,bilinear,6,6,0.8490556478500366,1,False,0.6923076923076923,0.38461538461538464,0.15625
16511,0,CF2,L1,0.05,bilinear,6,9,0.5066218376159668,0,False,0.7051282051282052,0.5384615384615384,0.328125
16162,0,CF2,L1,0.05,bilinear,3,9,0.6099805235862732,0,False,0.6857142857142857,0.7071428571428572,0.38671875
5989,0,CF2,L1,0.05,bilinear,1,1,0.7751458287239075,1,False,0.7142857142857143,0.4642857142857143,0.3046875
18753,0,CF2,L1,0.05,bilinear,5,5,0.9878145456314087,1,False,0.676923076923077,0.24615384615384617,0.125
20853,0,CF2,L1,0.05,bilinear,4,4,0.631559431552887,1,False,0.6666666666666666,0.16666666666666666,0.078125
16556,0,CF2,L1,0.05,bilinear,0,0,0.8058868646621704,1,False,0.6666666666666666,0.5,0.24609375
7019,0,CF2,L1,0.05,bilinear,9,9,0.9395811557769775,1,False,0.5777777777777777,0.0,0.0
3090,0,CF2,L1,0.05,bilinear,6,6,0.9942289590835571,1,False,0.6933333333333334,0.0,0.0
14680,0,CF2,L1,0.05,bilinear,3,3,0.9457641243934631,1,False,0.6190476190476191,0.0,0.0
869,0,CF2,L1,0.05,bilinear,3,3,0.35337477922439575,1,False,0.6122448979591837,0.4897959183673469,0.1875
7595,0,CF2,L1,0.05,bilinear,6,6,0.9016650915145874,1,False,0.5185185185185185,0.3333333333333333,0.0703125
14417,0,CF2,L1,0.05,bilinear,1,1,0.8467007279396057,1,False,0.7333333333333333,0.8,0.609375
13624,0,CF2,L1,0.05,bilinear,9,0,0.7960729002952576,0,False,0.7428571428571429,1.0,0.8203125
21083,0,CF2,L1,0.05,bilinear,0,0,0.833270788192749,1,False,0.7222222222222222,0.6666666666666666,0.46875
7556,0,CF2,L1,0.05,bilinear,1,1,0.9975405931472778,1,False,0.6043956043956044,0.08791208791208792,0.03125
9289,0,CF2,L1,0.05,bilinear,8,8,0.9100614786148071,1,False,0.6136363636363636,0.3409090909090909,0.1171875
19944,0,CF2,L1,0.05,bilinear,3,3,0.7662125825881958,1,False,0.5602836879432624,0.1702127659574468,0.09375
6057,0,CF2,L1,0.05,bilinear,1,1,0.9839515686035156,1,False,0.5333333333333333,1.0,0.234375
23029,0,CF2,L1,0.05,bilinear,8,6,0.42626261711120605,0,False,0.5483870967741935,0.7096774193548387,0.2578125
23668,0,CF2,L1,0.05,bilinear,5,5,0.7596240639686584,1,False,0.6944444444444444,0.8333333333333334,0.46875
13115,0,CF2,L1,0.05,bilinear,8,8,0.7386555671691895,1,False,0.7051282051282052,0.7692307692307693,0.46875
20635,0,CF2,L1,0.05,bilinear,3,3,0.4486115574836731,1,False,0.6222222222222222,0.7777777777777778,0.2734375
4281,0,CF2,L1,0.05,bilinear,4,4,0.9956144094467163,1,False,0.5185185185185185,1.0,0.2109375
4139,0,CF2,L1,0.05,bilinear,9,2,0.5694880485534668,0,False,0.7051282051282052,0.358974358974359,0.21875
10652,0,CF2,L1,0.05,bilinear,1,1,0.9434801936149597,1,False,0.7583333333333333,0.0,0.0
700,0,CF2,L1,0.05,bilinear,1,1,0.9988282322883606,1,False,0.5714285714285714,0.08571428571428572,0.0234375
5772,0,CF2,L1,0.05,bilinear,3,7,0.3338402807712555,0,False,0.6666666666666666,0.7142857142857143,0.3515625
8114,0,CF2,L1,0.05,bilinear,9,9,0.6539695262908936,1,False,0.5952380952380952,0.23809523809523808,0.078125
5964,0,CF2,L1,0.05,bilinear,6,6,0.7504910230636597,1,False,0.6481481481481481,0.5185185185185185,0.21875
17278,0,CF2,L1,0.05,bilinear,7,2,0.5925412178039551,0,False,0.5555555555555556,0.7638888888888888,0.21484375
9961,0,CF2,L1,0.05,bilinear,0,0,0.5141539573669434,1,False,0.6,1.0,0.3125
25974,0,CF2,L1,0.05,bilinear,7,7,0.9999629259109497,1,False,0.43333333333333335,0.21666666666666667,0.05078125
14317,0,CF2,L1,0.05,bilinear,3,3,0.541612446308136,1,False,0.7923076923076923,0.2,0.203125
6485,0,CF2,L1,0.05,bilinear,0,0,0.9985576272010803,1,False,0.5555555555555556,0.5833333333333334,0.1640625
18287,0,CF2,L1,0.05,bilinear,0,0,0.9839107990264893,1,False,0.4230769230769231,0.25,0.05078125
11840,0,CF2,L1,0.05,bilinear,4,4,0.929165244102478,1,False,0.5454545454545454,0.16666666666666666,0.04296875
864,0,CF2,L1,0.05,bilinear,0,0,0.7386586666107178,1,False,0.6933333333333334,0.42,0.24609375
20612,0,CF2,L1,0.05,bilinear,1,1,0.765764594078064,1,False,0.5555555555555556,0.0,0.0
21079,0,CF2,L1,0.05,bilinear,1,1,0.9998881816864014,1,False,0.64,0.18,0.0703125
11286,0,CF2,L1,0.05,bilinear,5,5,0.983989417552948,1,False,0.6458333333333334,0.609375,0.45703125
788,0,CF2,L1,0.05,bilinear,0,0,0.991000235080719,1,False,0.5555555555555556,0.31746031746031744,0.078125
15932,0,CF2,L1,0.05,bilinear,3,3,0.8415573835372925,1,False,0.625,0.4166666666666667,0.15625
18511,0,CF2,L1,0.05,bilinear,3,3,0.9976861476898193,1,False,0.6545454545454545,0.6545454545454545,0.28125
21576,0,CF2,L1,0.05,bilinear,5,1,0.4553525745868683,0,False,0.6694214876033058,0.49586776859504134,0.234375
17237,0,CF2,L1,0.05,bilinear,2,2,0.9992733597755432,1,False,0.6545454545454545,0.36363636363636365,0.15625
2966,0,CF2,L1,0.05,bilinear,2,2,0.9999994039535522,1,False,0.5844155844155844,0.8571428571428571,0.2578125
16416,0,CF2,L1,0.05,bilinear,5,5,0.9815387725830078,1,False,0.5833333333333334,0.875,0.24609375
1280,0,CF2,L1,0.05,bilinear,5,5,0.9048208594322205,1,False,0.5333333333333333,0.0,0.0
24928,0,CF2,L1,0.05,bilinear,0,0,0.6925317645072937,1,False,0.6694214876033058,0.5454545454545454,0.2578125
23837,0,CF2,L1,0.05,bilinear,1,1,0.8910086750984192,1,False,0.6222222222222222,0.3,0.10546875
20230,0,CF2,L1,0.05,bilinear,1,1,0.9989814162254333,1,False,0.5185185185185185,0.2777777777777778,0.05859375
23434,0,CF2,L1,0.05,bilinear,5,5,0.9955299496650696,1,False,0.6114285714285714,0.18857142857142858,0.12890625
20522,0,CF2,L1,0.05,bilinear,6,2,0.4084468185901642,0,False,0.42105263157894735,0.5263157894736842,0.15625
7789,0,CF2,L1,0.05,bilinear,3,7,0.4263293445110321,0,False,0.6857142857142857,0.5,0.2734375
22086,0,CF2,L1,0.05,bilinear,6,6,0.9106103181838989,1,False,0.7307692307692307,0.5192307692307693,0.421875
21339,0,CF2,L1,0.05,bilinear,0,0,0.5192025899887085,1,False,0.6567164179104478,0.417910447761194,0.21875
6830,0,CF2,L1,0.05,bilinear,9,9,0.9999598264694214,1,False,0.6545454545454545,0.6,0.2578125
20902,0,CF2,L1,0.05,bilinear,2,2,0.9237979054450989,1,False,0.6122448979591837,1.0,0.3828125
17481,0,CF2,L1,0.05,bilinear,5,5,0.9881207942962646,1,False,0.6124031007751938,0.43410852713178294,0.21875
3050,0,CF2,L1,0.05,bilinear,6,6,0.5211125612258911,1,False,0.5844155844155844,0.4675324675324675,0.140625
409,0,CF2,L1,0.05,bilinear,1,1,0.2851690948009491,1,False,0.6818181818181818,1.0,0.515625
14823,0,CF2,L1,0.05,bilinear,7,7,0.9632728695869446,1,False,0.6190476190476191,0.20952380952380953,0.0859375
22892,0,CF2,L1,0.05,bilinear,9,0,0.43613067269325256,0,False,0.6043956043956044,0.6923076923076923,0.24609375
9470,0,CF2,L1,0.05,bilinear,8,8,0.45455899834632874,1,False,0.5076923076923077,0.4,0.1015625
9543,0,CF2,L1,0.05,bilinear,6,8,0.3848964273929596,0,False,0.36666666666666664,0.6,0.140625
22090,0,CF2,L1,0.05,bilinear,5,5,0.9935652613639832,1,False,0.42857142857142855,0.19642857142857142,0.04296875
6045,0,CF2,L1,0.05,bilinear,6,6,0.972488522529602,1,False,0.6,1.0,0.3125
317,0,CF2,L1,0.05,bilinear,8,8,0.9712494611740112,1,False,0.625,0.0625,0.0234375
15812,0,CF2,L1,0.05,bilinear,0,0,0.9966878294944763,1,False,0.6129032258064516,0.23870967741935484,0.14453125
18170,0,CF2,L1,0.05,bilinear,9,9,0.904846727848053,1,False,0.674074074074074,1.0,0.52734375
14781,0,CF2,L1,0.05,bilinear,0,0,0.7558999061584473,1,False,0.5979381443298969,0.6185567010309279,0.234375
17886,0,CF2,L1,0.05,bilinear,9,9,0.9807666540145874,1,False,0.6122448979591837,0.0,0.0
20049,0,CF2,L1,0.05,bilinear,3,0,0.5589550733566284,0,False,0.6666666666666666,1.0,0.46875
13283,0,CF2,L1,0.05,bilinear,0,0,0.7405043840408325,1,False,0.6923076923076923,0.5454545454545454,0.3046875
25830,0,CF2,L1,0.05,bilinear,5,5,0.9993590712547302,1,False,0.5641025641025641,0.07692307692307693,0.0234375
14277,0,CF2,L1,0.05,bilinear,9,9,0.9630976915359497,1,False,0.52,0.0,0.0
5908,0,CF2,L1,0.05,bilinear,1,1,0.9999750852584839,1,False,0.6857142857142857,0.5,0.2734375
9731,0,CF2,L1,0.05,bilinear,8,8,0.8492264747619629,1,False,0.5538461538461539,0.23076923076923078,0.05859375
14180,0,CF2,L1,0.05,bilinear,9,9,0.9905921816825867,1,False,0.5833333333333334,1.0,0.28125
9246,0,CF2,L1,0.05,bilinear,2,2,0.9976537823677063,1,False,0.46153846153846156,0.6153846153846154,0.1875
1656,0,CF2,L1,0.05,bilinear,2,7,0.5984900593757629,0,False,0.674074074074074,0.2074074074074074,0.109375
17712,0,CF2,L1,0.05,bilinear,1,1,0.8463857769966125,1,False,0.5625,1.0,0.25
25544,0,CF2,L1,0.05,bilinear,9,0,0.5759521126747131,0,False,0.6694214876033058,0.7272727272727273,0.34375
1120,0,CF2,L1,0.05,bilinear,5,5,0.9765758514404297,1,False,0.7142857142857143,0.5892857142857143,0.38671875
1298,0,CF2,L1,0.05,bilinear,6,5,0.575028657913208,0,False,0.6694214876033058,0.2892561983471074,0.13671875
25570,0,CF2,L1,0.05,bilinear,2,8,0.5771673321723938,0,False,0.7333333333333333,0.6153846153846154,0.46875
5370,0,CF2,L1,0.05,bilinear,7,1,0.5248983502388,0,False,0.7012987012987013,0.45454545454545453,0.2734375
19075,0,CF2,L1,0.05,bilinear,2,2,0.9342027306556702,1,False,0.6043956043956044,0.0,0.0
8583,0,CF2,L1,0.05,bilinear,0,0,0.20393896102905273,1,False,0.6481481481481481,0.5555555555555556,0.234375
2133,0,CF2,L1,0.05,bilinear,0,0,0.39194366335868835,1,False,0.5142857142857142,0.7142857142857143,0.1953125
1982,0,CF2,L1,0.05,bilinear,2,8,0.6417638063430786,0,False,0.7282608695652174,0.5597826086956522,0.40234375
950,0,CF2,L1,0.05,bilinear,8,8,0.617239773273468,1,False,0.6944444444444444,0.5,0.28125
19563,0,CF2,L1,0.05,bilinear,4,4,0.9867013096809387,1,False,0.4375,0.1875,0.0703125
21023,0,CF2,L1,0.05,bilinear,6,5,0.47668254375457764,0,False,0.6666666666666666,0.9285714285714286,0.45703125
15687,0,CF2,L1,0.05,bilinear,0,0,0.764638364315033,1,False,0.52,0.6,0.17578125
6444,0,CF2,L1,0.05,bilinear,6,6,0.9013115167617798,1,False,0.6694214876033058,0.49586776859504134,0.234375
15735,0,CF2,L1,0.05,bilinear,4,4,0.9953824877738953,1,False,0.7222222222222222,0.6666666666666666,0.46875
10651,0,CF2,L1,0.05,bilinear,0,0,0.8633289337158203,1,False,0.5,0.3333333333333333,0.078125
13256,0,CF2,L1,0.05,bilinear,1,1,0.9999234676361084,1,False,0.5555555555555556,1.0,0.28125
16855,0,CF2,L1,0.05,bilinear,6,5,0.3848484456539154,0,False,0.574468085106383,0.3829787234042553,0.2109375
14884,0,CF2,L1,0.05,bilinear,9,9,0.9786321520805359,1,False,0.5555555555555556,0.6111111111111112,0.171875
21884,0,CF2,L1,0.05,bilinear,6,6,0.5684311389923096,1,False,0.7346938775510204,0.4489795918367347,0.34375
5078,0,CF2,L1,0.05,bilinear,3,3,0.7535692453384399,1,False,0.35714285714285715,0.19642857142857142,0.04296875
20419,0,CF2,L1,0.05,bilinear,9,9,0.5216625928878784,1,False,0.5714285714285714,0.47619047619047616,0.15625
20521,0,CF2,L1,0.05,bilinear,5,5,0.9489916563034058,1,False,0.5333333333333333,0.0,0.0
23257,0,CF2,L1,0.05,bilinear,5,5,0.8621178269386292,1,False,0.49019607843137253,0.696078431372549,0.27734375
17190,0,CF2,L1,0.05,bilinear,2,2,0.9664356112480164,1,False,0.6346153846153846,0.625,0.25390625
15631,0,CF2,L1,0.05,bilinear,8,8,0.9885159730911255,1,False,0.5714285714285714,0.3333333333333333,0.109375
504,0,CF2,L1,0.05,bilinear,0,0,0.9101607799530029,1,False,0.6581196581196581,0.6153846153846154,0.28125
14990,0,CF2,L1,0.05,bilinear,3,3,0.9963841438293457,1,False,0.6190476190476191,0.8666666666666667,0.35546875
24512,0,CF2,L1,0.05,bilinear,8,3,0.5800472497940063,0,False,0.674074074074074,1.0,0.52734375
23120,0,CF2,L1,0.05,bilinear,7,1,0.512039303779602,0,False,0.7252747252747253,0.6153846153846154,0.4375
3357,0,CF2,L1,0.05,bilinear,2,2,0.9734787940979004,1,False,0.6428571428571429,0.07142857142857142,0.03125
8088,0,CF2,L1,0.05,bilinear,1,1,0.9478909969329834,1,False,0.65,0.0,0.0
21849,0,CF2,L1,0.05,bilinear,9,9,0.6788873672485352,1,False,0.5945945945945946,0.24324324324324326,0.140625
13683,0,CF2,L1,0.05,bilinear,0,0,0.949321448802948,1,False,0.6346153846153846,1.0,0.40625
22718,0,CF2,L1,0.05,bilinear,9,3,0.3410712778568268,0,False,0.5789473684210527,0.43859649122807015,0.1953125
9927,0,CF2,L1,0.05,bilinear,4,4,0.6880808472633362,1,False,0.5952380952380952,0.4166666666666667,0.13671875
11425,0,CF2,L1,0.05,bilinear,0,0,0.9702882766723633,1,False,0.65,0.4666666666666667,0.21875
14578,0,CF2,L1,0.05,bilinear,0,1,0.7248396873474121,0,False,0.7897435897435897,0.2512820512820513,0.19140625
25481,0,CF2,L1,0.05,bilinear,8,8,0.5330530405044556,1,False,0.5897435897435898,0.1794871794871795,0.08203125
11269,0,CF2,L1,0.05,bilinear,5,5,0.9974603652954102,1,False,0.6,0.525,0.1640625
12877,0,CF2,L1,0.05,bilinear,5,5,0.8051571846008301,1,False,0.6190476190476191,0.7142857142857143,0.29296875
22531,0,CF2,L1,0.05,bilinear,9,9,0.29289841651916504,1,False,0.4489795918367347,0.4897959183673469,0.1875
13150,0,CF2,L1,0.05,bilinear,3,1,0.30733582377433777,0,False,0.7087378640776699,0.5631067961165048,0.453125
5654,0,CF2,L1,0.05,bilinear,8,8,0.4922086000442505,1,False,0.52,0.4,0.1171875
1286,0,CF2,L1,0.05,bilinear,7,7,0.9940471649169922,1,False,0.5555555555555556,0.5555555555555556,0.13671875
1652,0,CF2,L1,0.05,bilinear,1,1,0.9794487357139587,1,False,0.7012987012987013,0.7272727272727273,0.4375
22335,0,CF2,L1,0.05,bilinear,2,2,0.8855709433555603,1,False,0.6043956043956044,1.0,0.35546875
23848,0,CF2,L1,0.05,bilinear,3,3,0.7567210793495178,1,False,0.6190476190476191,0.9333333333333333,0.3828125
2892,0,CF2,L1,0.05,bilinear,6,6,0.9580757021903992,1,False,0.7959183673469388,0.24489795918367346,0.1875
16530,0,CF2,L1,0.05,bilinear,8,3,0.6314869523048401,0,False,0.7142857142857143,0.5238095238095238,0.34375
12848,0,CF2,L1,0.05,bilinear,8,8,0.9769973754882812,1,False,0.5185185185185185,0.18518518518518517,0.0390625
7330,0,CF2,L1,0.05,bilinear,7,7,0.9022756218910217,1,False,0.7222222222222222,0.5,0.3515625
3676,0,CF2,L1,0.05,bilinear,1,3,0.30363786220550537,0,False,0.6857142857142857,0.8571428571428571,0.46875
19966,0,CF2,L1,0.05,bilinear,8,8,0.6838257908821106,1,False,0.7142857142857143,0.4166666666666667,0.2734375
8382,0,CF2,L1,0.05,bilinear,5,6,0.9678916931152344,0,False,0.7159763313609467,0.6923076923076923,0.45703125
19660,0,CF2,L1,0.05,bilinear,7,7,0.47113844752311707,1,False,0.6190476190476191,0.11428571428571428,0.046875
2508,0,CF2,L1,0.05,bilinear,9,9,0.7919336557388306,1,False,0.6666666666666666,0.5079365079365079,0.25
2360,0,CF2,L1,0.05,bilinear,4,9,0.6405082941055298,0,False,0.7051282051282052,0.44871794871794873,0.2734375
16796,0,CF2,L1,0.05,bilinear,1,1,0.9850334525108337,1,False,0.5692307692307692,0.8076923076923077,0.41015625
23426,0,CF2,L1,0.05,bilinear,9,2,0.3180498480796814,0,False,0.5555555555555556,0.625,0.17578125
15590,0,CF2,L1,0.05,bilinear,2,9,0.8126734495162964,0,False,0.7012987012987013,0.2077922077922078,0.125
6302,0,CF2,L1,0.05,bilinear,3,3,0.6792345643043518,1,False,0.676923076923077,0.6923076923076923,0.3515625
24519,0,CF2,L1,0.05,bilinear,7,7,0.6479907035827637,1,False,0.4230769230769231,0.0,0.0
23276,0,CF2,L1,0.05,bilinear,2,2,0.5774784684181213,1,False,0.7638888888888888,0.3333333333333333,0.1875
24566,0,CF2,L1,0.05,bilinear,8,8,0.7759508490562439,1,False,0.52,0.9333333333333333,0.2734375
20978,0,CF2,L1,0.05,bilinear,1,4,0.5725497007369995,0,False,0.65,0.8166666666666667,0.3828125
8990,0,CF2,L1,0.05,bilinear,3,3,0.7391565442085266,1,False,0.5555555555555556,0.6111111111111112,0.171875
11061,0,CF2,L1,0.05,bilinear,7,7,0.7998683452606201,1,False,0.6043956043956044,1.0,0.35546875
7075,0,CF2,L1,0.05,bilinear,9,5,0.4430925250053406,0,False,0.7012987012987013,0.6363636363636364,0.3828125
17641,0,CF2,L1,0.05,bilinear,2,2,0.9999454021453857,1,False,0.6312849162011173,0.4301675977653631,0.30078125
12077,0,CF2,L1,0.05,bilinear,9,9,0.9947233200073242,1,False,0.6428571428571429,0.7142857142857143,0.3125
1779,0,CF2,L1,0.05,bilinear,7,7,0.9978516101837158,1,False,0.5641025641025641,0.46153846153846156,0.140625
11519,0,CF2,L1,0.05,bilinear,4,4,0.7708029747009277,1,False,0.6043956043956044,0.0,0.0
8549,0,CF2,L1,0.05,bilinear,3,3,0.7267385125160217,1,False,0.5076923076923077,0.8,0.203125
14623,0,CF2,L1,0.05,bilinear,6,3,0.4241364002227783,0,False,0.6666666666666666,0.5714285714285714,0.28125
10846,0,CF2,L1,0.05,bilinear,3,3,0.9948244094848633,1,False,0.6481481481481481,0.2962962962962963,0.125
16289,0,CF2,L1,0.05,bilinear,3,3,0.9488965272903442,1,False,0.6190476190476191,0.17142857142857143,0.0703125
12311,0,CF2,L1,0.05,bilinear,8,8,0.7092565894126892,1,False,0.5777777777777777,0.6,0.2109375
6068,0,CF2,L1,0.05,bilinear,8,8,0.7550859451293945,1,False,0.5555555555555556,0.38095238095238093,0.09375
9629,0,CF2,L1,0.05,bilinear,6,6,0.8138059377670288,1,False,0.5145631067961165,0.46601941747572817,0.1875
19560,0,CF2,L1,0.05,bilinear,3,5,0.5205934643745422,0,False,0.5952380952380952,1.0,0.328125
10379,0,CF2,L1,0.05,bilinear,8,8,0.972899854183197,1,False,0.5263157894736842,0.3684210526315789,0.1640625
6499,0,CF2,L1,0.05,bilinear,9,6,0.8824354410171509,0,False,0.7878787878787878,0.16363636363636364,0.10546875
1159,0,CF2,L1,0.05,bilinear,0,0,0.9986886382102966,1,False,0.5979381443298969,0.05154639175257732,0.01953125
4366,0,CF2,L1,0.05,bilinear,7,7,0.9979238510131836,1,False,0.674074074074074,0.4074074074074074,0.21484375
8397,0,CF2,L1,0.05,bilinear,1,0,0.5003867745399475,0,False,0.5833333333333334,0.375,0.140625
20905,0,CF2,L1,0.05,bilinear,9,2,0.44046837091445923,0,False,0.7070707070707071,0.21212121212121213,0.08203125
15746,0,CF2,L1,0.05,bilinear,5,5,0.658694863319397,1,False,0.674074074074074,0.8666666666666667,0.45703125
9402,0,CF2,L1,0.05,bilinear,3,8,0.9511748552322388,0,False,0.6305732484076433,0.5796178343949044,0.35546875
8164,0,CF2,L1,0.05,bilinear,2,4,0.34975171089172363,0,False,0.5333333333333333,1.0,0.234375
510,0,CF2,L1,0.05,bilinear,5,5,0.776314914226532,1,False,0.6666666666666666,0.15873015873015872,0.078125
24070,0,CF2,L1,0.05,bilinear,9,4,0.23054878413677216,0,False,0.7428571428571429,0.9285714285714286,0.76171875
2401,0,CF2,L1,0.05,bilinear,4,4,0.9875587224960327,1,False,0.6078431372549019,0.3137254901960784,0.1875
12147,0,CF2,L1,0.05,bilinear,3,5,0.47745025157928467,0,False,0.6,0.6125,0.19140625
14499,0,CF2,L1,0.05,bilinear,6,6,0.4810401499271393,1,False,0.5333333333333333,1.0,0.234375
3530,0,CF2,L1,0.05,bilinear,6,6,0.998207688331604,1,False,0.8428571428571429,0.23809523809523808,0.1953125
14723,0,CF2,L1,0.05,bilinear,7,2,0.6734510064125061,0,False,0.6346153846153846,0.5384615384615384,0.21875
4435,0,CF2,L1,0.05,bilinear,3,3,0.9515393376350403,1,False,0.6346153846153846,0.23076923076923078,0.09375
22852,0,CF2,L1,0.05,bilinear,2,2,0.7453233599662781,1,False,0.5185185185185185,0.2962962962962963,0.0625
8461,0,CF2,L1,0.05,bilinear,3,3,0.9465842843055725,1,False,0.6,0.125,0.0390625
21972,0,CF2,L1,0.05,bilinear,7,7,0.9982264637947083,1,False,0.6530612244897959,0.5204081632653061,0.3984375
5410,0,CF2,L1,0.05,bilinear,4,4,0.8970770835876465,1,False,0.5652173913043478,0.5652173913043478,0.25390625
17754,0,CF2,L1,0.05,bilinear,6,6,0.9780438542366028,1,False,0.6581196581196581,0.5384615384615384,0.24609375
15311,0,CF2,L1,0.05,bilinear,2,2,0.9998227953910828,1,False,0.5,0.24242424242424243,0.0625
15185,0,CF2,L1,0.05,bilinear,1,1,0.9583064913749695,1,False,0.35714285714285715,0.5714285714285714,0.125
5663,0,CF2,L1,0.05,bilinear,4,4,0.6518805027008057,1,False,0.6363636363636364,0.6363636363636364,0.24609375
6247,0,CF2,L1,0.05,bilinear,6,5,0.7140451073646545,0,False,0.6043956043956044,1.0,0.35546875
15287,0,CF2,L1,0.05,bilinear,0,4,0.7290925979614258,0,False,0.5,0.6818181818181818,0.234375
19902,0,CF2,L1,0.05,bilinear,0,0,0.9943238496780396,1,False,0.5555555555555556,0.47619047619047616,0.1171875
25188,0,CF2,L1,0.05,bilinear,4,9,0.48258742690086365,0,False,0.5757575757575758,0.7272727272727273,0.375
11195,0,CF2,L1,0.05,bilinear,8,8,0.5026059746742249,1,False,0.6632653061224489,0.42857142857142855,0.1640625
4828,0,CF2,L1,0.05,bilinear,7,1,0.3681885004043579,0,False,0.5844155844155844,0.8181818181818182,0.24609375
23751,0,CF2,L1,0.05,bilinear,5,5,0.8090395927429199,1,False,0.7012987012987013,0.6233766233766234,0.375
9464,0,CF2,L1,0.05,bilinear,3,3,0.8682364225387573,1,False,0.6121212121212121,0.6848484848484848,0.44140625
25723,0,CF2,L1,0.05,bilinear,0,0,0.9867610931396484,1,False,0.6857142857142857,0.6428571428571429,0.3515625
16859,0,CF2,L1,0.05,bilinear,5,5,0.9605549573898315,1,False,0.64,0.36,0.140625
3601,0,CF2,L1,0.05,bilinear,1,1,0.992255449295044,1,False,0.6666666666666666,0.6666666666666666,0.328125
11679,0,CF2,L1,0.05,bilinear,6,0,0.5651193857192993,0,False,0.6428571428571429,0.7857142857142857,0.34375
12135,0,CF2,L1,0.05,bilinear,7,1,0.5196322202682495,0,False,0.7051282051282052,0.0,0.0
16329,0,CF2,L1,0.05,bilinear,1,1,0.5039618015289307,1,False,0.7552447552447552,0.38461538461538464,0.21484375
94,0,CF2,L1,0.05,bilinear,4,4,0.32328328490257263,1,False,0.7346938775510204,0.5510204081632653,0.421875
14517,0,CF2,L1,0.05,bilinear,9,3,0.46151432394981384,0,False,0.6857142857142857,0.5714285714285714,0.3125
16852,0,CF2,L1,0.05,bilinear,3,3,0.9849733114242554,1,False,0.6818181818181818,0.30303030303030304,0.15625
6852,0,CF2,L1,0.05,bilinear,6,6,0.6563916206359863,1,False,0.6818181818181818,0.5454545454545454,0.28125
24858,0,CF2,L1,0.05,bilinear,3,3,0.9057294726371765,1,False,0.6933333333333334,0.6666666666666666,0.390625
297,0,CF2,L1,0.05,bilinear,9,9,0.8279667496681213,1,False,0.6857142857142857,0.25,0.13671875
12339,0,CF2,L1,0.05,bilinear,2,2,0.9996544122695923,1,False,0.6428571428571429,0.32142857142857145,0.140625
20811,0,CF2,L1,0.05,bilinear,8,8,0.8813374042510986,1,False,0.6222222222222222,0.3,0.10546875
12439,0,CF2,L1,0.05,bilinear,5,5,0.7009561061859131,1,False,0.6704545454545454,0.36363636363636365,0.25
16632,0,CF2,L1,0.05,bilinear,9,0,0.969325840473175,0,False,0.5185185185185185,1.0,0.2109375
5798,0,CF2,L1,0.05,bilinear,4,9,0.6278932690620422,0,False,0.6140350877192983,0.5350877192982456,0.23828125
18458,0,CF2,L1,0.05,bilinear,3,3,0.8275787234306335,1,False,0.674074074074074,0.8,0.421875
6105,0,CF2,L1,0.05,bilinear,5,5,0.7677862048149109,1,False,0.6581196581196581,0.7692307692307693,0.3515625
10321,0,CF2,L1,0.05,bilinear,6,6,0.9182335734367371,1,False,0.6,0.5,0.15625
21771,0,CF2,L1,0.05,bilinear,7,7,0.9821696877479553,1,False,0.5833333333333334,0.3333333333333333,0.09375
22194,0,CF2,L1,0.05,bilinear,0,0,0.547799289226532,1,False,0.7511111111111111,0.56,0.4921875
6,0,CF2,L1,0.05,bilinear,9,9,0.6811108589172363,1,False,0.7142857142857143,0.3273809523809524,0.21484375
912,0,CF2,L1,0.05,bilinear,7,7,0.8932509422302246,1,False,0.6222222222222222,1.0,0.3515625
16910,0,CF2,L1,0.05,bilinear,5,5,0.9485165476799011,1,False,0.6136363636363636,0.7272727272727273,0.25
18738,0,CF2,L1,0.05,bilinear,7,7,0.9982218146324158,1,False,0.7878787878787878,0.2,0.12890625
18020,0,CF2,L1,0.05,bilinear,9,9,0.9078424572944641,1,False,0.6546762589928058,0.7122302158273381,0.38671875
3462,0,CF2,L1,0.05,bilinear,8,9,0.3398110866546631,0,False,0.5076923076923077,0.46153846153846156,0.1171875
5696,0,CF2,L1,0.05,bilinear,1,0,0.2882525324821472,0,False,0.7051282051282052,0.28846153846153844,0.17578125
15066,0,CF2,L1,0.05,bilinear,3,3,0.8727452158927917,1,False,0.6136363636363636,0.5113636363636364,0.17578125
10653,0,CF2,L1,0.05,bilinear,9,9,0.25310805439949036,1,False,0.6458333333333334,0.6510416666666666,0.48828125
13337,0,CF2,L1,0.05,bilinear,2,2,0.9999972581863403,1,False,0.7792207792207793,0.19480519480519481,0.1171875
12340,0,CF2,L1,0.05,bilinear,5,5,0.9943462014198303,1,False,0.5142857142857142,0.6857142857142857,0.1875
9536,0,CF2,L1,0.05,bilinear,0,6,0.6318953633308411,0,False,0.7142857142857143,0.5357142857142857,0.3515625
3566,0,CF2,L1,0.05,bilinear,4,4,0.8413102030754089,1,False,0.5952380952380952,0.75,0.24609375
20090,0,CF2,L1,0.05,bilinear,4,4,0.9346672892570496,1,False,0.42857142857142855,0.0,0.0
211,0,CF2,L1,0.05,bilinear,0,0,0.5888651013374329,1,False,0.7428571428571429,0.45714285714285713,0.375
55,0,CF2,L1,0.05,bilinear,8,6,0.5750380754470825,0,False,0.6545454545454545,0.36363636363636365,0.15625
1477,0,CF2,L1,0.05,bilinear,2,1,0.2299620658159256,0,False,0.6545454545454545,0.2545454545454545,0.109375
25898,0,CF2,L1,0.05,bilinear,0,6,0.8453059792518616,0,False,0.4230769230769231,0.5384615384615384,0.109375
25713,0,CF2,L1,0.05,bilinear,0,9,0.43550905585289,0,False,0.7142857142857143,0.6428571428571429,0.421875
18055,0,CF2,L1,0.05,bilinear,3,3,0.8333527445793152,1,False,0.725925925925926,0.4666666666666667,0.24609375
17461,0,CF2,L1,0.05,bilinear,3,3,0.9651486873626709,1,False,0.65,0.08333333333333333,0.0390625
14237,0,CF2,L1,0.05,bilinear,7,7,0.7446061968803406,1,False,0.43333333333333335,1.0,0.234375
13858,0,CF2,L1,0.05,bilinear,1,1,0.9986259937286377,1,False,0.5952380952380952,1.0,0.328125
12386,0,CF2,L1,0.05,bilinear,5,5,0.6954348683357239,1,False,0.7333333333333333,0.5333333333333333,0.40625
7223,0,CF2,L1,0.05,bilinear,9,9,0.9742611646652222,1,False,0.5849056603773585,0.33962264150943394,0.140625
3153,0,CF2,L1,0.05,bilinear,5,5,0.583125114440918,1,False,0.6818181818181818,0.4090909090909091,0.2109375
23265,0,CF2,L1,0.05,bilinear,8,8,0.680901050567627,1,False,0.6694214876033058,0.4049586776859504,0.19140625
9465,0,CF2,L1,0.05,bilinear,0,6,0.4578850567340851,0,False,0.6666666666666666,0.8,0.375
7419,0,CF2,L1,0.05,bilinear,0,0,0.9977558255195618,1,False,0.5952380952380952,0.47619047619047616,0.15625
4722,0,CF2,L1,0.05,bilinear,6,6,0.7970364689826965,1,False,0.5454545454545454,0.30303030303030304,0.078125
23448,0,CF2,L1,0.05,bilinear,6,0,0.9280847311019897,0,False,0.5,0.9166666666666666,0.21484375
8222,0,CF2,L1,0.05,bilinear,2,2,0.9555962681770325,1,False,0.6857142857142857,0.35714285714285715,0.1953125
20898,0,CF2,L1,0.05,bilinear,8,8,0.9807909727096558,1,False,0.6666666666666666,0.3888888888888889,0.19140625
23313,0,CF2,L1,0.05,bilinear,2,2,0.9974250793457031,1,False,0.5357142857142857,0.0,0.0
13426,0,CF2,L1,0.05,bilinear,2,2,0.9946383833885193,1,False,0.5976331360946746,0.514792899408284,0.33984375
25136,0,CF2,L1,0.05,bilinear,4,4,0.9998733997344971,1,False,0.5363636363636364,0.41818181818181815,0.1796875
9268,0,CF2,L1,0.05,bilinear,4,4,0.9967448711395264,1,False,0.46153846153846156,0.4423076923076923,0.08984375
3892,0,CF2,L1,0.05,bilinear,1,3,0.7928066849708557,0,False,0.5878787878787879,0.6727272727272727,0.43359375
4115,0,CF2,L1,0.05,bilinear,3,0,0.6395922303199768,0,False,0.6545454545454545,0.2545454545454545,0.109375
5166,0,CF2,L1,0.05,bilinear,7,7,0.9947025179862976,1,False,0.5952380952380952,0.7142857142857143,0.234375
14984,0,CF2,L1,0.05,bilinear,3,9,0.41473275423049927,0,False,0.4,0.2625,0.08203125
10520,0,CF2,L1,0.05,bilinear,1,1,0.9268584847450256,1,False,0.5333333333333333,0.4,0.09375
4379,0,CF2,L1,0.05,bilinear,2,2,0.9999434947967529,1,False,0.4796747967479675,0.0,0.0
8937,0,CF2,L1,0.05,bilinear,1,1,0.9864367842674255,1,False,0.674074074074074,0.8666666666666667,0.45703125
17550,0,CF2,L1,0.05,bilinear,9,9,0.7140404582023621,1,False,0.7738095238095238,0.42857142857142855,0.28125
19085,0,CF2,L1,0.05,bilinear,9,3,0.4595126211643219,0,False,0.6164383561643836,0.815068493150685,0.46484375
17902,0,CF2,L1,0.05,bilinear,6,6,0.7684550881385803,1,False,0.5142857142857142,0.0,0.0
14780,0,CF2,L1,0.05,bilinear,8,3,0.7086840867996216,0,False,0.6857142857142857,0.0,0.0
8401,0,CF2,L1,0.05,bilinear,0,0,0.8375670313835144,1,False,0.6222222222222222,0.8333333333333334,0.5859375
11230,0,CF2,L1,0.05,bilinear,2,2,0.9676074385643005,1,False,0.5625,0.75,0.1875
1772,0,CF2,L1,0.05,bilinear,3,3,0.8990819454193115,1,False,0.610062893081761,0.5911949685534591,0.3671875
13326,0,CF2,L1,0.05,bilinear,4,4,0.9982218146324158,1,False,0.5423728813559322,0.652542372881356,0.30078125
15230,0,CF2,L1,0.05,bilinear,5,0,0.4149969518184662,0,False,0.6666666666666666,0.7,0.328125
20557,0,CF2,L1,0.05,bilinear,0,6,0.887553334236145,0,False,0.6694214876033058,0.6363636363636364,0.30078125
9555,0,CF2,L1,0.05,bilinear,1,1,0.9996291399002075,1,False,0.52,0.48,0.140625
3667,0,CF2,L1,0.05,bilinear,6,5,0.4896329939365387,0,False,0.64,0.9,0.3515625
5316,0,CF2,L1,0.05,bilinear,5,5,0.6063440442085266,1,False,0.674074074074074,0.4074074074074074,0.21484375
3606,0,CF2,L1,0.05,bilinear,5,5,0.40158066153526306,1,False,0.5844155844155844,0.06493506493506493,0.01953125
25776,0,CF2,L1,0.05,bilinear,6,6,0.9747187495231628,1,False,0.4909090909090909,0.8,0.171875
22231,0,CF2,L1,0.05,bilinear,1,1,0.9949600696563721,1,False,0.664179104477612,0.8059701492537313,0.421875
10855,0,CF2,L1,0.05,bilinear,7,7,0.7888816595077515,1,False,0.8047619047619048,0.2571428571428571,0.2109375
130,0,CF2,L1,0.05,bilinear,6,6,0.9987452030181885,1,False,0.6043956043956044,0.3956043956043956,0.140625
434,0,CF2,L1,0.05,bilinear,8,8,0.460580050945282,1,False,0.6666666666666666,0.2222222222222222,0.109375
5308,0,CF2,L1,0.05,bilinear,5,3,0.9297219514846802,0,False,0.6816326530612244,0.2979591836734694,0.28515625
17682,0,CF2,L1,0.05,bilinear,4,4,0.44874247908592224,1,False,0.6857142857142857,0.4,0.21875
16682,0,CF2,L1,0.05,bilinear,8,8,0.9692687392234802,1,False,0.6481481481481481,0.3333333333333333,0.140625
12660,0,CF2,L1,0.05,bilinear,5,5,0.9657449126243591,1,False,0.5333333333333333,0.23333333333333334,0.0546875
21362,0,CF2,L1,0.05,bilinear,5,5,0.9912911653518677,1,False,0.5844155844155844,0.3116883116883117,0.09375
15483,0,CF2,L1,0.05,bilinear,4,2,0.6853285431861877,0,False,0.5857142857142857,0.5714285714285714,0.3125
5289,0,CF2,L1,0.05,bilinear,5,5,0.5042619705200195,1,False,0.6764705882352942,0.3161764705882353,0.16796875
19757,0,CF2,L1,0.05,bilinear,1,1,0.9955542683601379,1,False,0.6190476190476191,0.5714285714285714,0.234375
6799,0,CF2,L1,0.05,bilinear,2,2,0.9927116632461548,1,False,0.5357142857142857,0.17857142857142858,0.0390625
18871,0,CF2,L1,0.05,bilinear,2,2,0.9986830353736877,1,False,0.5433070866141733,0.30708661417322836,0.15234375
4740,0,CF2,L1,0.05,bilinear,3,3,0.7843131422996521,1,False,0.5555555555555556,0.6666666666666666,0.1640625
14926,0,CF2,L1,0.05,bilinear,5,5,0.9104710817337036,1,False,0.5076923076923077,0.6923076923076923,0.17578125
3549,0,CF2,L1,0.05,bilinear,4,4,0.6277364492416382,1,False,0.5142857142857142,0.0,0.0
13336,0,CF2,L1,0.05,bilinear,9,9,0.5437178611755371,1,False,0.6346153846153846,0.6923076923076923,0.28125
8302,0,CF2,L1,0.05,bilinear,3,2,0.44506776332855225,0,False,0.42857142857142855,1.0,0.21875
19884,0,CF2,L1,0.05,bilinear,8,8,0.7029945254325867,1,False,0.52,0.0,0.0
6927,0,CF2,L1,0.05,bilinear,1,1,0.9769647121429443,1,False,0.5076923076923077,0.9230769230769231,0.234375
15277,0,CF2,L1,0.05,bilinear,6,6,0.9350234866142273,1,False,0.5714285714285714,0.7857142857142857,0.2578125
20278,0,CF2,L1,0.05,bilinear,3,3,0.9615345001220703,1,False,0.5185185185185185,0.0,0.0
654,0,CF2,L1,0.05,bilinear,8,8,0.4963738024234772,1,False,0.5666666666666667,0.575,0.26953125
19020,0,CF2,L1,0.05,bilinear,0,0,0.8882579803466797,1,False,0.6666666666666666,0.6428571428571429,0.31640625
25403,0,CF2,L1,0.05,bilinear,3,3,0.9424722194671631,1,False,0.6875,0.25,0.09375
1745,0,CF2,L1,0.05,bilinear,8,8,0.5226441025733948,1,False,0.6481481481481481,0.9166666666666666,0.38671875
10726,0,CF2,L1,0.05,bilinear,4,4,0.9759141802787781,1,False,0.7333333333333333,0.6153846153846154,0.46875
23431,0,CF2,L1,0.05,bilinear,4,4,0.9995926022529602,1,False,0.5873015873015873,0.6666666666666666,0.328125
231,0,CF2,L1,0.05,bilinear,5,3,0.5971807837486267,0,False,0.7511111111111111,0.6933333333333334,0.609375
20678,0,CF2,L1,0.05,bilinear,7,7,0.49516311287879944,1,False,0.8047619047619048,0.4,0.328125
15851,0,CF2,L1,0.05,bilinear,1,1,0.9387199282646179,1,False,0.6850393700787402,0.33070866141732286,0.328125
24015,0,CF2,L1,0.05,bilinear,0,0,0.9997497200965881,1,False,0.5694444444444444,0.0763888888888889,0.04296875
1082,0,CF2,L1,0.05,bilinear,6,6,0.5088701844215393,1,False,0.7428571428571429,0.0,0.0
5573,0,CF2,L1,0.05,bilinear,8,8,0.7282336354255676,1,False,0.6818181818181818,0.75,0.38671875
11289,0,CF2,L1,0.05,bilinear,1,1,0.9997690320014954,1,False,0.4444444444444444,0.20833333333333334,0.05859375
1751,0,CF2,L1,0.05,bilinear,0,0,0.9335836172103882,1,False,0.6857142857142857,1.0,0.546875
4594,0,CF2,L1,0.05,bilinear,6,6,0.9978417158126831,1,False,0.8181818181818182,0.05454545454545454,0.0234375
21127,0,CF2,L1,0.05,bilinear,8,8,0.9666828513145447,1,False,0.5142857142857142,0.5714285714285714,0.15625
12370,0,CF2,L1,0.05,bilinear,4,4,0.9471796751022339,1,False,0.5844155844155844,0.36363636363636365,0.109375
4125,0,CF2,L1,0.05,bilinear,6,6,0.9959313273429871,1,False,0.7090909090909091,0.38181818181818183,0.24609375
11008,0,CF2,L1,0.05,bilinear,1,1,0.5092833638191223,1,False,0.5476190476190477,0.9047619047619048,0.296875
23395,0,CF2,L1,0.05,bilinear,7,7,0.9929202198982239,1,False,0.5777777777777777,0.0,0.0
3080,0,CF2,L1,0.05,bilinear,3,3,0.9881709814071655,1,False,0.6136363636363636,0.625,0.21484375
22400,0,CF2,L1,0.05,bilinear,0,0,0.9999097585678101,1,False,0.6410256410256411,0.46153846153846156,0.3515625
22514,0,CF2,L1,0.05,bilinear,1,1,0.8585253357887268,1,False,0.7159763313609467,0.7159763313609467,0.47265625
15137,0,CF2,L1,0.05,bilinear,0,0,0.9948126077651978,1,False,0.5714285714285714,0.09523809523809523,0.03125
6681,0,CF2,L1,0.05,bilinear,0,0,0.9080826640129089,1,False,0.6756756756756757,0.20270270270270271,0.17578125
5219,0,CF2,L1,0.05,bilinear,5,5,0.2311365157365799,1,False,0.6122448979591837,0.7142857142857143,0.2734375
2355,0,CF2,L1,0.05,bilinear,2,2,0.8430153727531433,1,False,0.7857142857142857,0.26373626373626374,0.1875
4674,0,CF2,L1,0.05,bilinear,5,3,0.6518630981445312,0,False,0.6122448979591837,0.8571428571428571,0.328125
14575,0,CF2,L1,0.05,bilinear,1,1,0.9999984502792358,1,False,0.7597402597402597,0.19480519480519481,0.1171875
6563,0,CF2,L1,0.05,bilinear,5,5,0.9218360781669617,1,False,0.4230769230769231,0.46153846153846156,0.09375
17492,0,CF2,L1,0.05,bilinear,9,5,0.48145973682403564,0,False,0.5777777777777777,0.6,0.2109375
15770,0,CF2,L1,0.05,bilinear,7,7,0.9864128828048706,1,False,0.5076923076923077,0.6923076923076923,0.17578125
20830,0,CF2,L1,0.05,bilinear,1,1,0.9917736649513245,1,False,0.7012987012987013,0.4675324675324675,0.28125
1777,0,CF2,L1,0.05,bilinear,2,2,0.9969270825386047,1,False,0.6581196581196581,0.41025641025641024,0.1875
21617,0,CF2,L1,0.05,bilinear,7,7,0.9989701509475708,1,False,0.5555555555555556,0.6666666666666666,0.1640625
21293,0,CF2,L1,0.05,bilinear,4,6,0.3338525593280792,0,False,0.5,0.8333333333333334,0.1953125
14504,0,CF2,L1,0.05,bilinear,0,6,0.6366484761238098,0,False,0.6545454545454545,1.0,0.4296875
21236,0,CF2,L1,0.05,bilinear,7,7,0.8643658757209778,1,False,0.7051282051282052,0.7692307692307693,0.46875
18558,0,CF2,L1,0.05,bilinear,4,4,0.9881705045700073,1,False,0.42857142857142855,0.4642857142857143,0.1015625
22916,0,CF2,L1,0.05,bilinear,8,6,0.48498600721359253,0,False,0.6688741721854304,0.8344370860927153,0.4921875
18760,0,CF2,L1,0.05,bilinear,6,2,0.48144128918647766,0,False,0.6557377049180327,1.0,0.4765625
17389,0,CF2,L1,0.05,bilinear,8,0,0.6246346831321716,0,False,0.7090909090909091,0.4909090909090909,0.31640625
13155,0,CF2,L1,0.05,bilinear,8,6,0.47496744990348816,0,False,0.5076923076923077,1.0,0.25390625
13999,0,CF2,L1,0.05,bilinear,5,5,0.9676550030708313,1,False,0.5844155844155844,0.7272727272727273,0.21875
10265,0,CF2,L1,0.05,bilinear,8,8,0.9829036593437195,1,False,0.625,0.9166666666666666,0.34375
17239,0,CF2,L1,0.05,bilinear,2,2,0.9996743202209473,1,False,0.674074074074074,0.5185185185185185,0.2734375
6288,0,CF2,L1,0.05,bilinear,3,3,0.4233197867870331,1,False,0.5357142857142857,1.0,0.21875
11514,0,CF2,L1,0.05,bilinear,6,6,0.6793825626373291,1,False,0.6545454545454545,0.16363636363636364,0.0703125
23652,0,CF2,L1,0.05,bilinear,1,1,0.9980752468109131,1,False,0.6666666666666666,0.1111111111111111,0.03125
11939,0,CF2,L1,0.05,bilinear,6,6,0.9966033697128296,1,False,0.52,0.5866666666666667,0.171875
2174,0,CF2,L1,0.05,bilinear,7,7,0.8988553285598755,1,False,0.6481481481481481,0.46296296296296297,0.1953125
15441,0,CF2,L1,0.05,bilinear,4,4,0.9448962211608887,1,False,0.6482412060301508,0.6532663316582915,0.5078125
12260,0,CF2,L1,0.05,bilinear,1,1,0.30601924657821655,1,False,0.6694214876033058,0.7272727272727273,0.34375
25046,0,CF2,L1,0.05,bilinear,6,6,0.8529926538467407,1,False,0.375,0.421875,0.10546875
13958,0,CF2,L1,0.05,bilinear,9,9,0.5093761682510376,1,False,0.6346153846153846,0.0,0.0
20974,0,CF2,L1,0.05,bilinear,8,8,0.7090999484062195,1,False,0.5333333333333333,0.16666666666666666,0.0390625
10626,0,CF2,L1,0.05,bilinear,6,6,0.8978172540664673,1,False,0.6043956043956044,0.0,0.0
22545,0,CF2,L1,0.05,bilinear,5,5,0.9493435025215149,1,False,0.8125,0.0,0.0
20288,0,CF2,L1,0.05,bilinear,5,5,0.6162130236625671,1,False,0.7090909090909091,0.7272727272727273,0.46875
13790,0,CF2,L1,0.05,bilinear,7,7,0.9980779886245728,1,False,0.42857142857142855,0.5,0.109375
2817,0,CF2,L1,0.05,bilinear,4,4,0.9709279537200928,1,False,0.7051282051282052,0.6346153846153846,0.38671875
8344,0,CF2,L1,0.05,bilinear,4,4,0.9976003766059875,1,False,0.6666666666666666,0.47619047619047616,0.234375
11708,0,CF2,L1,0.05,bilinear,1,1,0.6642168164253235,1,False,0.5952380952380952,0.4166666666666667,0.2734375
2379,0,CF2,L1,0.05,bilinear,1,1,0.9583357572555542,1,False,0.5625,0.0625,0.015625
23602,0,CF2,L1,0.05,bilinear,2,2,0.9929726123809814,1,False,0.7944444444444444,0.3333333333333333,0.234375
24357,0,CF2,L1,0.05,bilinear,8,6,0.4460386633872986,0,False,0.8571428571428571,0.16483516483516483,0.1171875
16783,0,CF2,L1,0.05,bilinear,4,4,0.9913904666900635,1,False,0.5844155844155844,1.0,0.30078125
11723,0,CF2,L1,0.05,bilinear,9,9,0.9967505931854248,1,False,0.4909090909090909,0.5454545454545454,0.1171875
5140,0,CF2,L1,0.05,bilinear,5,5,0.8575491309165955,1,False,0.5076923076923077,1.0,0.25390625
14563,0,CF2,L1,0.05,bilinear,1,1,0.5301721692085266,1,False,0.7222222222222222,0.7222222222222222,0.5078125
11905,0,CF2,L1,0.05,bilinear,7,1,0.6009993553161621,0,False,0.5641025641025641,0.0,0.0
4657,0,CF2,L1,0.05,bilinear,5,5,0.9549283385276794,1,False,0.6547619047619048,0.3333333333333333,0.109375
9888,0,CF2,L1,0.05,bilinear,7,7,0.9940197467803955,1,False,0.5076923076923077,0.0,0.0
22827,0,CF2,L1,0.05,bilinear,6,6,0.7900219559669495,1,False,0.4909090909090909,1.0,0.21484375
23911,0,CF2,L1,0.05,bilinear,7,7,0.9987227320671082,1,False,0.78,0.10666666666666667,0.0625
968,0,CF2,L1,0.05,bilinear,3,3,0.8220399022102356,1,False,0.4358974358974359,0.0,0.0
18416,0,CF2,L1,0.05,bilinear,2,2,0.7552515268325806,1,False,0.676923076923077,0.5923076923076923,0.30078125
15166,0,CF2,L1,0.05,bilinear,7,7,0.9847474098205566,1,False,0.42857142857142855,0.16071428571428573,0.03515625
15537,0,CF2,L1,0.05,bilinear,6,8,0.33928894996643066,0,False,0.6581196581196581,0.5641025641025641,0.2578125
112,0,CF2,L1,0.05,bilinear,6,6,0.9646573066711426,1,False,0.6933333333333334,0.56,0.328125
9754,0,CF2,L1,0.05,bilinear,8,3,0.911001443862915,0,False,0.5972222222222222,0.6111111111111112,0.34375
3827,0,CF2,L1,0.05,bilinear,1,1,0.9981518387794495,1,False,0.5857142857142857,0.17142857142857143,0.09375
16427,0,CF2,L1,0.05,bilinear,8,8,0.9396665096282959,1,False,0.5833333333333334,0.3333333333333333,0.09375
4853,0,CF2,L1,0.05,bilinear,8,1,0.3550744950771332,0,False,0.64,0.56,0.21875
5025,0,CF2,L1,0.05,bilinear,8,2,0.5451807379722595,0,False,0.6222222222222222,1.0,0.3515625
5497,0,CF2,L1,0.05,bilinear,5,5,0.8210954666137695,1,False,0.5454545454545454,0.0,0.0
415,0,CF2,L1,0.05,bilinear,5,5,0.8603059649467468,1,False,0.46153846153846156,0.19230769230769232,0.0390625
6055,0,CF2,L1,0.05,bilinear,2,2,0.9999878406524658,1,False,0.4690265486725664,0.39823008849557523,0.17578125
4242,0,CF2,L1,0.05,bilinear,6,5,0.7214387059211731,0,False,0.7142857142857143,0.0,0.0
16007,0,CF2,L1,0.05,bilinear,3,3,0.9951867461204529,1,False,0.4888888888888889,0.0,0.0
16184,0,CF2,L1,0.05,bilinear,6,6,0.9025129675865173,1,False,0.5454545454545454,1.0,0.2578125
15180,0,CF2,L1,0.05,bilinear,2,7,0.37112072110176086,0,False,0.5339805825242718,0.7961165048543689,0.3203125
16402,0,CF2,L1,0.05,bilinear,3,3,0.9722101092338562,1,False,0.65,0.8,0.375
12883,0,CF2,L1,0.05,bilinear,7,7,0.9788275361061096,1,False,0.578125,0.875,0.4375
12596,0,CF2,L1,0.05,bilinear,2,2,0.9978176355361938,1,False,0.6930232558139535,0.40930232558139534,0.34375
13383,0,CF2,L1,0.05,bilinear,0,0,0.9973719120025635,1,False,0.6933333333333334,0.22,0.12890625
17140,0,CF2,L1,0.05,bilinear,0,0,0.9815710186958313,1,False,0.5204081632653061,0.5306122448979592,0.203125
11249,0,CF2,L1,0.05,bilinear,7,7,0.9842909574508667,1,False,0.5333333333333333,0.26666666666666666,0.0625
2927,0,CF2,L1,0.05,bilinear,3,3,0.9881327748298645,1,False,0.6384180790960452,0.7231638418079096,0.5
13380,0,CF2,L1,0.05,bilinear,3,3,0.9170985817909241,1,False,0.5185185185185185,0.6666666666666666,0.140625
24593,0,CF2,L1,0.05,bilinear,5,5,0.9835757613182068,1,False,0.6122448979591837,0.16326530612244897,0.0625
14507,0,CF2,L1,0.05,bilinear,8,3,0.5192722082138062,0,False,0.7090909090909091,0.6666666666666666,0.4296875
9355,0,CF2,L1,0.05,bilinear,8,8,0.4596311151981354,1,False,0.6428571428571429,1.0,0.4375
3943,0,CF2,L1,0.05,bilinear,3,3,0.8777992725372314,1,False,0.7128712871287128,0.4158415841584158,0.328125
4913,0,CF2,L1,0.05,bilinear,4,4,0.9857093095779419,1,False,0.36666666666666664,0.6333333333333333,0.1484375
23440,0,CF2,L1,0.05,bilinear,4,1,0.6445963978767395,0,False,0.7012987012987013,0.6493506493506493,0.390625
19289,0,CF2,L1,0.05,bilinear,7,7,0.9807522296905518,1,False,0.4666666666666667,0.23333333333333334,0.0546875
17841,0,CF2,L1,0.05,bilinear,6,6,0.9950299263000488,1,False,0.6171875,0.234375,0.1171875
18139,0,CF2,L1,0.05,bilinear,0,0,0.9487098455429077,1,False,0.42857142857142855,0.5,0.109375
18549,0,CF2,L1,0.05,bilinear,7,7,0.9992076754570007,1,False,0.43820224719101125,0.8426966292134831,0.29296875
7215,0,CF2,L1,0.05,bilinear,7,7,0.9773594737052917,1,False,0.7012987012987013,0.45454545454545453,0.2734375
10574,0,CF2,L1,0.05,bilinear,7,7,0.6546314358711243,1,False,0.7142857142857143,0.3869047619047619,0.25390625
10329,0,CF2,L1,0.05,bilinear,7,7,0.5430842638015747,1,False,0.4230769230769231,0.0,0.0
21502,0,CF2,L1,0.05,bilinear,4,4,0.8987107276916504,1,False,0.7345132743362832,0.4247787610619469,0.375
1209,0,CF2,L1,0.05,bilinear,8,8,0.543279230594635,1,False,0.6857142857142857,0.55,0.30078125
22202,0,CF2,L1,0.05,bilinear,6,6,0.975212037563324,1,False,0.6,0.8,0.25
12914,0,CF2,L1,0.05,bilinear,2,2,0.9640288352966309,1,False,0.7428571428571429,0.4714285714285714,0.38671875
23477,0,CF2,L1,0.05,bilinear,6,6,0.9647647142410278,1,False,0.5454545454545454,0.6818181818181818,0.17578125
13286,0,CF2,L1,0.05,bilinear,5,5,0.8519755005836487,1,False,0.5076923076923077,0.16923076923076924,0.04296875
24957,0,CF2,L1,0.05,bilinear,2,2,0.9995711445808411,1,False,0.4727272727272727,0.05454545454545454,0.0234375
23215,0,CF2,L1,0.05,bilinear,9,9,0.9074845910072327,1,False,0.7721518987341772,0.14556962025316456,0.08984375
8171,0,CF2,L1,0.05,bilinear,3,3,0.8392180800437927,1,False,0.6818181818181818,0.8333333333333334,0.4296875
13427,0,CF2,L1,0.05,bilinear,4,4,0.9719744324684143,1,False,0.6363636363636364,0.42424242424242425,0.1640625
1985,0,CF2,L1,0.05,bilinear,9,9,0.6388640999794006,1,False,0.7428571428571429,0.6857142857142857,0.5625
19607,0,CF2,L1,0.05,bilinear,1,1,0.8221052885055542,1,False,0.6346153846153846,0.21153846153846154,0.0859375
15138,0,CF2,L1,0.05,bilinear,4,4,0.8793238401412964,1,False,0.5,0.5,0.1171875
18496,0,CF2,L1,0.05,bilinear,3,3,0.8892911672592163,1,False,0.65,0.4,0.1875
11341,0,CF2,L1,0.05,bilinear,5,5,0.6922800540924072,1,False,0.7142857142857143,0.0,0.0
3210,0,CF2,L1,0.05,bilinear,6,5,0.48114195466041565,0,False,0.625,0.125,0.046875
9044,0,CF2,L1,0.05,bilinear,3,3,0.9788883328437805,1,False,0.631578947368421,0.37894736842105264,0.28125
1784,0,CF2,L1,0.05,bilinear,1,1,0.5741567611694336,1,False,0.7252747252747253,0.4945054945054945,0.3515625
20687,0,CF2,L1,0.05,bilinear,7,7,0.6866254806518555,1,False,0.8622448979591837,0.1836734693877551,0.140625
21479,0,CF2,L1,0.05,bilinear,1,1,0.9998979568481445,1,False,0.6341463414634146,0.3170731707317073,0.203125
4465,0,CF2,L1,0.05,bilinear,7,7,0.9221857190132141,1,False,0.6442307692307693,0.38461538461538464,0.15625
8098,0,CF2,L1,0.05,bilinear,3,3,0.9999935626983643,1,False,0.7051282051282052,0.40384615384615385,0.24609375
1105,0,CF2,L1,0.05,bilinear,1,1,0.9944438338279724,1,False,0.5357142857142857,0.0,0.0
24036,0,CF2,L1,0.05,bilinear,0,0,0.9928770661354065,1,False,0.65,0.8166666666666667,0.3828125
24825,0,CF2,L1,0.05,bilinear,1,1,0.9992268085479736,1,False,0.7051282051282052,0.34615384615384615,0.2109375
20081,0,CF2,L1,0.05,bilinear,4,4,0.4689732491970062,1,False,0.42857142857142855,0.5714285714285714,0.15625
11780,0,CF2,L1,0.05,bilinear,5,5,0.8030921816825867,1,False,0.7090909090909091,0.24242424242424243,0.15625
18228,0,CF2,L1,0.05,bilinear,2,2,0.6737239360809326,1,False,0.6825396825396826,0.3412698412698413,0.16796875
4363,0,CF2,L1,0.05,bilinear,4,4,0.9974578022956848,1,False,0.65,1.0,0.46875
10210,0,CF2,L1,0.05,bilinear,7,1,0.9653482437133789,0,False,0.5488721804511278,0.6165413533834586,0.3203125
7005,0,CF2,L1,0.05,bilinear,2,2,0.9983476400375366,1,False,0.7090909090909091,0.3333333333333333,0.21484375
7071,0,CF2,L1,0.05,bilinear,3,3,0.6752110719680786,1,False,0.4230769230769231,0.46153846153846156,0.09375
25299,0,CF2,L1,0.05,bilinear,4,4,0.9266592860221863,1,False,0.7428571428571429,0.6190476190476191,0.5078125
3393,0,CF2,L1,0.05,bilinear,0,9,0.996891438961029,0,False,0.5833333333333334,0.5,0.140625
10532,0,CF2,L1,0.05,bilinear,8,9,0.4259171187877655,0,False,0.6666666666666666,0.15873015873015872,0.078125
14271,0,CF2,L1,0.05,bilinear,3,3,0.7631486058235168,1,False,0.6190476190476191,0.17142857142857143,0.0703125
12814,0,CF2,L1,0.05,bilinear,4,4,0.9986851811408997,1,False,0.6136363636363636,0.11363636363636363,0.0390625
1763,0,CF2,L1,0.05,bilinear,1,5,0.17084886133670807,0,False,0.6933333333333334,1.0,0.5859375
2795,0,CF2,L1,0.05,bilinear,4,4,0.9692822694778442,1,False,0.676923076923077,0.3,0.15234375
5329,0,CF2,L1,0.05,bilinear,2,2,0.9569281339645386,1,False,0.3898305084745763,0.1016949152542373,0.0234375
11024,0,CF2,L1,0.05,bilinear,8,6,0.4552184045314789,0,False,0.7051282051282052,0.3076923076923077,0.1875
23383,0,CF2,L1,0.05,bilinear,6,6,0.8380945920944214,1,False,0.6923076923076923,0.4195804195804196,0.234375
582,0,CF2,L1,0.05,bilinear,2,2,0.9721618890762329,1,False,0.3888888888888889,0.3333333333333333,0.09375
20037,0,CF2,L1,0.05,bilinear,5,5,0.8378952145576477,1,False,0.509090909090909,0.36363636363636365,0.15625
4876,0,CF2,L1,0.05,bilinear,3,3,0.5737997889518738,1,False,0.5952380952380952,0.5,0.1640625
16157,0,CF2,L1,0.05,bilinear,1,1,0.999629020690918,1,False,0.42857142857142855,0.0,0.0
24155,0,CF2,L1,0.05,bilinear,7,7,0.999942421913147,1,False,0.625,0.25,0.09375
21035,0,CF2,L1,0.05,bilinear,1,3,0.4243434965610504,0,False,0.7051282051282052,0.9166666666666666,0.55859375
2530,0,CF2,L1,0.05,bilinear,2,2,0.666698694229126,1,False,0.5952380952380952,0.14285714285714285,0.046875
20951,0,CF2,L1,0.05,bilinear,4,4,0.9919118881225586,1,False,0.6049382716049383,0.2222222222222222,0.0703125
9752,0,CF2,L1,0.05,bilinear,9,9,0.6453399062156677,1,False,0.676923076923077,0.8461538461538461,0.4296875
20362,0,CF2,L1,0.05,bilinear,9,9,0.9535034894943237,1,False,0.5076923076923077,0.24615384615384617,0.0625
5669,0,CF2,L1,0.05,bilinear,2,2,0.6304296255111694,1,False,0.674074074074074,0.11851851851851852,0.0625
9395,0,CF2,L1,0.05,bilinear,6,6,0.847761332988739,1,False,0.5,0.06896551724137931,0.03125
22115,0,CF2,L1,0.05,bilinear,2,2,0.427096426486969,1,False,0.6818181818181818,0.6363636363636364,0.328125
3784,0,CF2,L1,0.05,bilinear,5,5,0.9773163199424744,1,False,0.65,0.875,0.41015625
15518,0,CF2,L1,0.05,bilinear,1,1,0.8801899552345276,1,False,0.5641025641025641,0.46153846153846156,0.140625
22913,0,CF2,L1,0.05,bilinear,1,1,0.6459157466888428,1,False,0.6190476190476191,0.24761904761904763,0.1015625
22485,0,CF2,L1,0.05,bilinear,8,8,0.977424144744873,1,False,0.5223880597014925,0.34328358208955223,0.1796875
14166,0,CF2,L1,0.05,bilinear,9,9,0.5138257741928101,1,False,0.42857142857142855,0.5714285714285714,0.125
4606,0,CF2,L1,0.05,bilinear,8,8,0.8032673001289368,1,False,0.6933333333333334,0.22,0.12890625
12043,0,CF2,L1,0.05,bilinear,8,0,0.28252291679382324,0,False,0.5703703703703704,0.7777777777777778,0.41015625
20255,0,CF2,L1,0.05,bilinear,9,9,0.8797973990440369,1,False,0.6,0.5,0.15625
21390,0,CF2,L1,0.05,bilinear,8,6,0.5019161701202393,0,False,0.4642857142857143,0.42857142857142855,0.09375
13388,0,CF2,L1,0.05,bilinear,6,6,0.7619701027870178,1,False,0.43333333333333335,0.0,0.0
9382,0,CF2,L1,0.05,bilinear,0,0,0.9949524402618408,1,False,0.5777777777777777,0.5,0.17578125
11878,0,CF2,L1,0.05,bilinear,4,4,0.9931435585021973,1,False,0.5641025641025641,0.16666666666666666,0.05078125
10774,0,CF2,L1,0.05,bilinear,1,1,0.9999992847442627,1,False,0.47058823529411764,0.12745098039215685,0.05078125
2211,0,CF2,L1,0.05,bilinear,4,4,0.9845821261405945,1,False,0.6846473029045643,0.7012448132780082,0.66015625
22804,0,CF2,L1,0.05,bilinear,1,1,0.7564975023269653,1,False,0.7511111111111111,0.4622222222222222,0.40625
17903,0,CF2,L1,0.05,bilinear,3,0,0.46288901567459106,0,False,0.6545454545454545,0.9,0.38671875
16889,0,CF2,L1,0.05,bilinear,1,1,0.5497808456420898,1,False,0.5833333333333334,0.1111111111111111,0.03125
3013,0,CF2,L1,0.05,bilinear,8,8,0.8014714121818542,1,False,0.5,0.8333333333333334,0.234375
19919,0,CF2,L1,0.05,bilinear,8,8,0.5320579409599304,1,False,0.46153846153846156,0.0,0.0
7911,0,CF2,L1,0.05,bilinear,0,3,0.3340466022491455,0,False,0.6545454545454545,0.9,0.38671875
6473,0,CF2,L1,0.05,bilinear,5,5,0.9320310950279236,1,False,0.6122448979591837,1.0,0.3828125
14963,0,CF2,L1,0.05,bilinear,2,2,0.9846109747886658,1,False,0.7346938775510204,0.4489795918367347,0.34375
3189,0,CF2,L1,0.05,bilinear,3,3,0.8631619811058044,1,False,0.52,0.6,0.17578125
21433,0,CF2,L1,0.05,bilinear,6,0,0.8268766403198242,0,False,0.7252747252747253,0.7252747252747253,0.515625
21534,0,CF2,L1,0.05,bilinear,9,9,0.9994223117828369,1,False,0.6428571428571429,0.02857142857142857,0.0078125
4378,0,CF2,L1,0.05,bilinear,4,4,0.7200573086738586,1,False,0.6857142857142857,0.8571428571428571,0.46875
4179,0,CF2,L1,0.05,bilinear,3,3,0.9999833106994629,1,False,0.5844155844155844,0.36363636363636365,0.109375
20275,0,CF2,L1,0.05,bilinear,7,7,0.8946875333786011,1,False,0.625,0.5104166666666666,0.19140625
724,0,CF2,L1,0.05,bilinear,4,4,0.9049919843673706,1,False,0.6363636363636364,0.48484848484848486,0.1875
15532,0,CF2,L1,0.05,bilinear,5,5,0.9694375395774841,1,False,0.6545454545454545,1.0,0.4296875
7808,0,CF2,L1,0.05,bilinear,4,3,0.44948041439056396,0,False,0.5882352941176471,0.17647058823529413,0.09375
3185,0,CF2,L1,0.05,bilinear,7,7,0.9942260384559631,1,False,0.6923076923076923,0.3356643356643357,0.1875
8217,0,CF2,L1,0.05,bilinear,5,5,0.9530285596847534,1,False,0.6428571428571429,0.625,0.2734375
15284,0,CF2,L1,0.05,bilinear,2,2,0.9112790822982788,1,False,0.6363636363636364,0.8888888888888888,0.34375
2195,0,CF2,L1,0.05,bilinear,1,1,0.9331867694854736,1,False,0.6666666666666666,0.2619047619047619,0.12890625
21296,0,CF2,L1,0.05,bilinear,0,0,0.6497087478637695,1,False,0.7252747252747253,0.8461538461538461,0.6015625
14286,0,CF2,L1,0.05,bilinear,3,3,0.9876454472541809,1,False,0.6857142857142857,0.0,0.0
4261,0,CF2,L1,0.05,bilinear,0,0,0.9410891532897949,1,False,0.6024844720496895,0.5590062111801242,0.3515625
24480,0,CF2,L1,0.05,bilinear,2,2,0.9997696280479431,1,False,0.6222222222222222,0.4,0.140625
23581,0,CF2,L1,0.05,bilinear,7,7,0.7680990695953369,1,False,0.5357142857142857,0.14285714285714285,0.03125
24364,0,CF2,L1,0.05,bilinear,7,7,0.9983921647071838,1,False,0.6222222222222222,0.3111111111111111,0.109375
4259,0,CF2,L1,0.05,bilinear,4,4,0.8650758862495422,1,False,0.5142857142857142,0.0,0.0
4323,0,CF2,L1,0.05,bilinear,8,3,0.5250415802001953,0,False,0.5142857142857142,0.0,0.0
26017,0,CF2,L1,0.05,bilinear,2,2,0.9999653100967407,1,False,0.4,0.35,0.08203125
4055,0,CF2,L1,0.05,bilinear,9,9,0.42617106437683105,1,False,0.4909090909090909,0.45454545454545453,0.09765625
23968,0,CF2,L1,0.05,bilinear,6,6,0.9772747755050659,1,False,0.48,0.10666666666666667,0.03125
4914,0,CF2,L1,0.05,bilinear,2,2,0.9991463422775269,1,False,0.6857142857142857,0.21428571428571427,0.1171875
17310,0,CF2,L1,0.05,bilinear,7,7,0.6725220084190369,1,False,0.6222222222222222,0.2,0.0703125
14981,0,CF2,L1,0.05,bilinear,2,2,0.6690654158592224,1,False,0.5357142857142857,1.0,0.21875
7511,0,CF2,L1,0.05,bilinear,6,6,0.9123076796531677,1,False,0.4888888888888889,0.26666666666666666,0.09375
4136,0,CF2,L1,0.05,bilinear,9,9,0.987030565738678,1,False,0.6222222222222222,0.07777777777777778,0.02734375
8043,0,CF2,L1,0.05,bilinear,2,2,0.7541733384132385,1,False,0.7252747252747253,0.6043956043956044,0.4296875
14360,0,CF2,L1,0.05,bilinear,4,4,0.9870139360427856,1,False,0.42857142857142855,0.0,0.0
6364,0,CF2,L1,0.05,bilinear,0,0,0.9972285628318787,1,False,0.6147540983606558,0.06557377049180328,0.03125
8827,0,CF2,L1,0.05,bilinear,4,1,0.48044514656066895,0,False,0.6346153846153846,0.8461538461538461,0.34375
24886,0,CF2,L1,0.05,bilinear,9,2,0.91795814037323,0,False,0.6933333333333334,0.32,0.1875
21392,0,CF2,L1,0.05,bilinear,2,2,0.997808039188385,1,False,0.5909090909090909,0.13636363636363635,0.0703125
18654,0,CF2,L1,0.05,bilinear,6,6,0.9128121137619019,1,False,0.6944444444444444,0.6666666666666666,0.375
21766,0,CF2,L1,0.05,bilinear,1,1,0.5013331174850464,1,False,0.5138888888888888,0.5555555555555556,0.15625
25433,0,CF2,L1,0.05,bilinear,8,2,0.42219623923301697,0,False,0.674074074074074,0.6,0.31640625
10927,0,CF2,L1,0.05,bilinear,8,1,0.7735536694526672,0,False,0.7363636363636363,0.12727272727272726,0.0546875
14092,0,CF2,L1,0.05,bilinear,6,6,0.9800292253494263,1,False,0.7222222222222222,0.5,0.3515625
20936,0,CF2,L1,0.05,bilinear,9,5,0.4519321322441101,0,False,0.6285714285714286,0.8214285714285714,0.44921875
23711,0,CF2,L1,0.05,bilinear,4,4,0.9738633036613464,1,False,0.42857142857142855,0.5714285714285714,0.125
19260,0,CF2,L1,0.05,bilinear,7,7,0.9424819946289062,1,False,0.5555555555555556,0.25,0.0703125
17360,0,CF2,L1,0.05,bilinear,3,9,0.4854740500450134,0,False,0.7383177570093458,0.7289719626168224,0.609375
965,0,CF2,L1,0.05,bilinear,0,0,0.750899612903595,1,False,0.7012987012987013,0.2597402597402597,0.15625
463,0,CF2,L1,0.05,bilinear,6,9,0.4173438549041748,0,False,0.5656565656565656,0.5454545454545454,0.2109375
8945,0,CF2,L1,0.05,bilinear,6,0,0.6313812732696533,0,False,0.6923076923076923,0.6923076923076923,0.38671875
14090,0,CF2,L1,0.05,bilinear,2,2,0.9985383749008179,1,False,0.4810126582278481,0.25316455696202533,0.078125
8479,0,CF2,L1,0.05,bilinear,9,9,0.9915764927864075,1,False,0.6545454545454545,0.5,0.21484375
24477,0,CF2,L1,0.05,bilinear,2,2,0.9961326122283936,1,False,0.625,0.4166666666666667,0.15625
8195,0,CF2,L1,0.05,bilinear,0,0,0.9995546936988831,1,False,0.5185185185185185,0.3333333333333333,0.0703125
1773,0,CF2,L1,0.05,bilinear,0,0,0.9132675528526306,1,False,0.6933333333333334,0.4,0.234375
11776,0,CF2,L1,0.05,bilinear,2,3,0.49672386050224304,0,False,0.6923076923076923,0.7692307692307693,0.4296875
3313,0,CF2,L1,0.05,bilinear,6,6,0.8573579788208008,1,False,0.7142857142857143,0.6547619047619048,0.4296875
5424,0,CF2,L1,0.05,bilinear,9,8,0.3732615113258362,0,False,0.7252747252747253,0.9285714285714286,0.66015625
19606,0,CF2,L1,0.05,bilinear,2,2,0.886347234249115,1,False,0.6818181818181818,0.10227272727272728,0.03515625
10110,0,CF2,L1,0.05,bilinear,9,9,0.6643068194389343,1,False,0.53125,0.609375,0.3046875
22872,0,CF2,L1,0.05,bilinear,6,7,0.9069927334785461,0,False,0.7252747252747253,0.38461538461538464,0.2734375
7573,0,CF2,L1,0.05,bilinear,1,1,0.9879129528999329,1,False,0.65,0.5333333333333333,0.25
7105,0,CF2,L1,0.05,bilinear,3,3,0.9952890872955322,1,False,0.6122448979591837,0.3673469387755102,0.140625
18854,0,CF2,L1,0.05,bilinear,1,1,0.8603994250297546,1,False,0.5952380952380952,0.75,0.24609375
14576,0,CF2,L1,0.05,bilinear,9,9,0.9998770952224731,1,False,0.5423728813559322,0.1694915254237288,0.078125
9376,0,CF2,L1,0.05,bilinear,0,0,0.9881315231323242,1,False,0.4666666666666667,0.7714285714285715,0.31640625
20128,0,CF2,L1,0.05,bilinear,8,8,0.9743544459342957,1,False,0.6545454545454545,0.14545454545454545,0.0625
24854,0,CF2,L1,0.05,bilinear,9,9,0.9998003840446472,1,False,0.6122448979591837,0.5612244897959183,0.21484375
4937,0,CF2,L1,0.05,bilinear,2,2,0.8726183772087097,1,False,0.7142857142857143,0.10526315789473684,0.0546875
338,0,CF2,L1,0.05,bilinear,3,3,0.9571260809898376,1,False,0.6923076923076923,0.7272727272727273,0.40625
9981,0,CF2,L1,0.05,bilinear,3,3,0.5470946431159973,1,False,0.6666666666666666,0.4666666666666667,0.21875
6665,0,CF2,L1,0.05,bilinear,8,8,0.8121471405029297,1,False,0.5555555555555556,0.4166666666666667,0.1171875
6704,0,CF2,L1,0.05,bilinear,0,0,0.8639650344848633,1,False,0.6428571428571429,1.0,0.4375
23255,0,CF2,L1,0.05,bilinear,2,2,0.999745786190033,1,False,0.7878787878787878,0.23636363636363636,0.15234375
5355,0,CF2,L1,0.05,bilinear,5,5,0.9634129405021667,1,False,0.5454545454545454,0.45454545454545453,0.1171875
22422,0,CF2,L1,0.05,bilinear,1,1,0.6144447922706604,1,False,0.6,0.6,0.1875
7367,0,CF2,L1,0.05,bilinear,9,9,0.8202826380729675,1,False,0.5777777777777777,0.4666666666666667,0.1640625
13489,0,CF2,L1,0.05,bilinear,7,3,0.43321558833122253,0,False,0.5844155844155844,0.8181818181818182,0.24609375
20955,0,CF2,L1,0.05,bilinear,7,7,0.9323621988296509,1,False,0.6428571428571429,0.4897959183673469,0.375
25439,0,CF2,L1,0.05,bilinear,9,9,0.9979752898216248,1,False,0.6,0.47692307692307695,0.2421875
12711,0,CF2,L1,0.05,bilinear,8,0,0.9967288970947266,0,False,0.65,0.9333333333333333,0.4375
7671,0,CF2,L1,0.05,bilinear,6,6,0.40822070837020874,1,False,0.5882352941176471,0.9509803921568627,0.37890625
20420,0,CF2,L1,0.05,bilinear,8,9,0.9754776358604431,0,False,0.5714285714285714,0.7142857142857143,0.234375
12630,0,CF2,L1,0.05,bilinear,2,7,0.585669755935669,0,False,0.5614035087719298,0.6578947368421053,0.29296875
21394,0,CF2,L1,0.05,bilinear,1,1,0.9508777260780334,1,False,0.5357142857142857,0.42857142857142855,0.09375
7095,0,CF2,L1,0.05,bilinear,1,1,0.931905210018158,1,False,0.47540983606557374,0.5901639344262295,0.140625
11532,0,CF2,L1,0.05,bilinear,9,9,0.9415821433067322,1,False,0.5333333333333333,0.9,0.2109375
2853,0,CF2,L1,0.05,bilinear,3,3,0.8690395951271057,1,False,0.4230769230769231,1.0,0.203125
13487,0,CF2,L1,0.05,bilinear,0,0,0.9823212623596191,1,False,0.6029411764705882,0.11764705882352941,0.0625
9350,0,CF2,L1,0.05,bilinear,9,9,0.9878111481666565,1,False,0.46153846153846156,0.38461538461538464,0.078125
24164,0,CF2,L1,0.05,bilinear,4,4,0.930448055267334,1,False,0.4772727272727273,0.1590909090909091,0.0546875
23155,0,CF2,L1,0.05,bilinear,7,7,0.9818140268325806,1,False,0.725925925925926,0.2074074074074074,0.109375
1588,0,CF2,L1,0.05,bilinear,8,3,0.6026126742362976,0,False,0.7070707070707071,0.21212121212121213,0.08203125
5400,0,CF2,L1,0.05,bilinear,5,5,0.46066421270370483,1,False,0.625,0.4375,0.1640625
8913,0,CF2,L1,0.05,bilinear,6,6,0.961764395236969,1,False,0.5555555555555556,0.42857142857142855,0.2109375
4990,0,CF2,L1,0.05,bilinear,8,2,0.4990590810775757,0,False,0.43333333333333335,0.5333333333333333,0.125
13364,0,CF2,L1,0.05,bilinear,7,7,0.9997972846031189,1,False,0.691358024691358,0.1111111111111111,0.03515625
1157,0,CF2,L1,0.05,bilinear,1,1,0.581291675567627,1,False,0.6,0.6,0.1875
19432,0,CF2,L1,0.05,bilinear,6,6,0.9515856504440308,1,False,0.7428571428571429,0.6285714285714286,0.515625
24861,0,CF2,L1,0.05,bilinear,1,1,0.9498766660690308,1,False,0.5357142857142857,0.5,0.109375
16303,0,CF2,L1,0.05,bilinear,0,0,0.7123897671699524,1,False,0.39473684210526316,0.631578947368421,0.1875
23675,0,CF2,L1,0.05,bilinear,1,1,0.991188645362854,1,False,0.6363636363636364,0.2828282828282828,0.109375
10816,0,CF2,L1,0.05,bilinear,5,5,0.9447519183158875,1,False,0.7583333333333333,0.0,0.0
25683,0,CF2,L1,0.05,bilinear,7,7,0.9942506551742554,1,False,0.7346938775510204,0.45918367346938777,0.3515625
6680,0,CF2,L1,0.05,bilinear,7,7,0.2866920530796051,1,False,0.6467065868263473,0.5508982035928144,0.359375
15541,0,CF2,L1,0.05,bilinear,1,1,0.9714533090591431,1,False,0.5714285714285714,0.21428571428571427,0.0703125
129,0,CF2,L1,0.05,bilinear,9,9,0.8609028458595276,1,False,0.65,0.5833333333333334,0.2734375
10977,0,CF2,L1,0.05,bilinear,5,5,0.9817443490028381,1,False,0.674074074074074,0.32592592592592595,0.171875
7518,0,CF2,L1,0.05,bilinear,5,5,0.7245303988456726,1,False,0.5952380952380952,1.0,0.328125
15350,0,CF2,L1,0.05,bilinear,0,8,0.548498809337616,0,False,0.7012987012987013,1.0,0.6015625
4712,0,CF2,L1,0.05,bilinear,2,2,0.9971829652786255,1,False,0.52,0.0,0.0
3234,0,CF2,L1,0.05,bilinear,1,1,0.9778072237968445,1,False,0.6818181818181818,0.4772727272727273,0.24609375
21292,0,CF2,L1,0.05,bilinear,8,8,0.564989447593689,1,False,0.5194805194805194,0.7922077922077922,0.23828125
6439,0,CF2,L1,0.05,bilinear,6,8,0.6961316466331482,0,False,0.5777777777777777,0.5333333333333333,0.1875
16930,0,CF2,L1,0.05,bilinear,4,4,0.7518162727355957,1,False,0.5833333333333334,0.1111111111111111,0.03125
25255,0,CF2,L1,0.05,bilinear,6,2,0.49696481227874756,0,False,0.6363636363636364,0.36363636363636365,0.140625
5562,0,CF2,L1,0.05,bilinear,6,6,0.9908975958824158,1,False,0.48,0.65,0.25390625
20888,0,CF2,L1,0.05,bilinear,6,6,0.833026111125946,1,False,0.6,0.7,0.21875
17907,0,CF2,L1,0.05,bilinear,0,0,0.9902856945991516,1,False,0.5602836879432624,0.7446808510638298,0.41015625
15282,0,CF2,L1,0.05,bilinear,5,8,0.32419121265411377,0,False,0.6357615894039735,0.7152317880794702,0.421875
9564,0,CF2,L1,0.05,bilinear,5,5,0.5212891697883606,1,False,0.6024096385542169,0.3373493975903614,0.109375
2105,0,CF2,L1,0.05,bilinear,5,5,0.8146426677703857,1,False,0.676923076923077,0.5,0.25390625
2188,0,CF2,L1,0.05,bilinear,5,5,0.9747098088264465,1,False,0.5357142857142857,0.8392857142857143,0.3671875
10587,0,CF2,L1,0.05,bilinear,9,9,0.9880837798118591,1,False,0.7428571428571429,0.0,0.0
20421,0,CF2,L1,0.05,bilinear,8,1,0.36696624755859375,0,False,0.6285714285714286,0.6357142857142857,0.34765625
23070,0,CF2,L1,0.05,bilinear,0,0,0.9995521903038025,1,False,0.5555555555555556,0.09523809523809523,0.0234375
19127,0,CF2,L1,0.05,bilinear,6,6,0.6414424777030945,1,False,0.6172839506172839,0.5493827160493827,0.34765625
7302,0,CF2,L1,0.05,bilinear,3,3,0.995392918586731,1,False,0.5641025641025641,0.7692307692307693,0.234375
8409,0,CF2,L1,0.05,bilinear,4,4,0.9999922513961792,1,False,0.52,0.0,0.0
11086,0,CF2,L1,0.05,bilinear,7,7,0.9083220958709717,1,False,0.5925925925925926,0.5617283950617284,0.35546875
17122,0,CF2,L1,0.05,bilinear,5,5,0.9889922142028809,1,False,0.5528455284552846,0.3821138211382114,0.18359375
3555,0,CF2,L1,0.05,bilinear,2,2,0.9999704360961914,1,False,0.5076923076923077,0.0,0.0
19437,0,CF2,L1,0.05,bilinear,4,4,0.6447080373764038,1,False,0.41333333333333333,0.0,0.0
594,0,CF2,L1,0.05,bilinear,9,9,0.9824803471565247,1,False,0.64,0.64,0.25
21863,0,CF2,L1,0.05,bilinear,3,3,0.989270031452179,1,False,0.6078431372549019,0.23529411764705882,0.140625
19765,0,CF2,L1,0.05,bilinear,5,5,0.9935305714607239,1,False,0.5076923076923077,0.18461538461538463,0.046875
16909,0,CF2,L1,0.05,bilinear,2,2,0.9442140460014343,1,False,0.7142857142857143,0.375,0.24609375
21154,0,CF2,L1,0.05,bilinear,7,7,0.9990400671958923,1,False,0.6136363636363636,0.125,0.04296875
18615,0,CF2,L1,0.05,bilinear,7,7,0.9697005748748779,1,False,0.5952380952380952,0.4166666666666667,0.13671875
18171,0,CF2,L1,0.05,bilinear,7,7,0.9999403953552246,1,False,0.6545454545454545,0.6363636363636364,0.2734375
24434,0,CF2,L1,0.05,bilinear,5,5,0.6873626112937927,1,False,0.6857142857142857,0.22857142857142856,0.125
9664,0,CF2,L1,0.05,bilinear,0,0,0.983315646648407,1,False,0.5555555555555556,0.9166666666666666,0.2578125
2013,0,CF2,L1,0.05,bilinear,5,5,0.9865607619285583,1,False,0.6666666666666666,0.027777777777777776,0.0078125
13537,0,CF2,L1,0.05,bilinear,4,6,0.8977277874946594,0,False,0.7055555555555556,0.8,0.5625
23942,0,CF2,L1,0.05,bilinear,9,6,0.36563390493392944,0,False,0.5185185185185185,0.4444444444444444,0.09375
12415,0,CF2,L1,0.05,bilinear,4,4,0.6144937872886658,1,False,0.6589147286821705,0.9224806201550387,0.46484375
13735,0,CF2,L1,0.05,bilinear,0,0,0.999924898147583,1,False,0.5,0.16666666666666666,0.0625
6873,0,CF2,L1,0.05,bilinear,1,1,0.9996404647827148,1,False,0.7272727272727273,0.1111111111111111,0.04296875
16233,0,CF2,L1,0.05,bilinear,2,2,0.9813618063926697,1,False,0.47368421052631576,0.08421052631578947,0.03125
13108,0,CF2,L1,0.05,bilinear,5,3,0.2669077217578888,0,False,0.6831683168316832,0.5742574257425742,0.453125
18114,0,CF2,L1,0.05,bilinear,7,7,0.9974130988121033,1,False,0.65,0.5,0.234375
25318,0,CF2,L1,0.05,bilinear,0,5,0.5059235095977783,0,False,0.7142857142857143,0.9285714285714286,0.609375
22387,0,CF2,L1,0.05,bilinear,7,7,0.9329655766487122,1,False,0.6547619047619048,0.23809523809523808,0.078125
19911,0,CF2,L1,0.05,bilinear,7,1,0.4453929662704468,0,False,0.4838709677419355,0.5161290322580645,0.1875
9953,0,CF2,L1,0.05,bilinear,2,2,0.9285884499549866,1,False,0.6666666666666666,1.0,0.46875
18500,0,CF2,L1,0.05,bilinear,1,1,0.8158519864082336,1,False,0.6545454545454545,0.6363636363636364,0.2734375
12463,0,CF2,L1,0.05,bilinear,2,5,0.34507986903190613,0,False,0.46835443037974683,0.26582278481012656,0.08203125
12143,0,CF2,L1,0.05,bilinear,8,8,0.9612521529197693,1,False,0.4666666666666667,0.4666666666666667,0.109375
14588,0,CF2,L1,0.05,bilinear,8,8,0.676880419254303,1,False,0.7252747252747253,0.5934065934065934,0.421875
22152,0,CF2,L1,0.05,bilinear,2,2,0.8161294460296631,1,False,0.6805555555555556,0.0,0.0
16563,0,CF2,L1,0.05,bilinear,4,4,0.38679179549217224,1,False,0.7333333333333333,0.9230769230769231,0.703125
25225,0,CF2,L1,0.05,bilinear,9,9,0.8551559448242188,1,False,0.5897435897435898,0.5641025641025641,0.34375
1161,0,CF2,L1,0.05,bilinear,2,4,0.5390405058860779,0,False,0.7333333333333333,0.6205128205128205,0.47265625
9891,0,CF2,L1,0.05,bilinear,5,5,0.6748842597007751,1,False,0.5670103092783505,0.7525773195876289,0.28515625
18833,0,CF2,L1,0.05,bilinear,2,2,0.9690806269645691,1,False,0.6136363636363636,0.2727272727272727,0.09375
6162,0,CF2,L1,0.05,bilinear,2,2,0.9400161504745483,1,False,0.5714285714285714,0.0,0.0
22638,0,CF2,L1,0.05,bilinear,0,9,0.5264731049537659,0,False,0.6857142857142857,0.5785714285714286,0.31640625
6112,0,CF2,L1,0.05,bilinear,6,6,0.8130008578300476,1,False,0.4909090909090909,0.5454545454545454,0.1171875
24259,0,CF2,L1,0.05,bilinear,9,9,0.5096301436424255,1,False,0.7428571428571429,0.5238095238095238,0.4296875
18029,0,CF2,L1,0.05,bilinear,2,2,0.9866800904273987,1,False,0.6439393939393939,0.20454545454545456,0.10546875
13233,0,CF2,L1,0.05,bilinear,0,0,0.9618619680404663,1,False,0.5142857142857142,0.0,0.0
22560,0,CF2,L1,0.05,bilinear,3,8,0.3910152018070221,0,False,0.5571428571428572,0.34285714285714286,0.09375
17100,0,CF2,L1,0.05,bilinear,7,7,0.9651009440422058,1,False,0.6481481481481481,0.3333333333333333,0.140625
13394,0,CF2,L1,0.05,bilinear,7,7,0.9206398725509644,1,False,0.5185185185185185,0.46296296296296297,0.09765625
25173,0,CF2,L1,0.05,bilinear,3,7,0.4730713963508606,0,False,0.6,0.075,0.0234375
17342,0,CF2,L1,0.05,bilinear,4,4,0.8743361234664917,1,False,0.7347826086956522,0.7478260869565218,0.671875
5881,0,CF2,L1,0.05,bilinear,1,1,0.8832331895828247,1,False,0.6122448979591837,0.5,0.19140625
16982,0,CF2,L1,0.05,bilinear,3,9,0.6324735283851624,0,False,0.58,0.72,0.28125
12959,0,CF2,L1,0.05,bilinear,2,2,0.9471034407615662,1,False,0.52,0.6666666666666666,0.1953125
3410,0,CF2,L1,0.05,bilinear,2,2,0.9970308542251587,1,False,0.5614035087719298,0.3157894736842105,0.140625
1939,0,CF2,L1,0.05,bilinear,2,2,0.9998946189880371,1,False,0.5555555555555556,0.19047619047619047,0.046875
13563,0,CF2,L1,0.05,bilinear,4,2,0.46483492851257324,0,False,0.42857142857142855,0.5714285714285714,0.125
9659,0,CF2,L1,0.05,bilinear,4,1,0.7447028756141663,0,False,0.7346938775510204,0.32653061224489793,0.25
23588,0,CF2,L1,0.05,bilinear,9,9,0.9779902696609497,1,False,0.6363636363636364,0.45454545454545453,0.17578125
12156,0,CF2,L1,0.05,bilinear,9,9,0.42961814999580383,1,False,0.6,0.8235294117647058,0.2734375
24790,0,CF2,L1,0.05,bilinear,4,4,0.4746772348880768,1,False,0.52,0.7333333333333333,0.21484375
894,0,CF2,L1,0.05,bilinear,8,6,0.858043909072876,0,False,0.52,0.8666666666666667,0.25390625
13738,0,CF2,L1,0.05,bilinear,7,7,0.9871726036071777,1,False,0.4883720930232558,0.6744186046511628,0.2265625
20555,0,CF2,L1,0.05,bilinear,5,5,0.9675168395042419,1,False,0.5714285714285714,0.6428571428571429,0.2109375
20457,0,CF2,L1,0.05,bilinear,3,1,0.42862385511398315,0,False,0.5882352941176471,0.11029411764705882,0.05859375
24842,0,CF2,L1,0.05,bilinear,3,5,0.49412801861763,0,False,0.7714285714285715,0.17142857142857143,0.09375
11390,0,CF2,L1,0.05,bilinear,9,9,0.7934001684188843,1,False,0.40625,0.546875,0.13671875
2665,0,CF2,L1,0.05,bilinear,9,9,0.746485710144043,1,False,0.6363636363636364,1.0,0.38671875
24741,0,CF2,L1,0.05,bilinear,8,8,0.7310882806777954,1,False,0.4230769230769231,0.0,0.0
17634,0,CF2,L1,0.05,bilinear,8,3,0.36614444851875305,0,False,0.39473684210526316,0.3684210526315789,0.109375
16599,0,CF2,L1,0.05,bilinear,1,1,0.9013519883155823,1,False,0.7012987012987013,0.3116883116883117,0.1875
19330,0,CF2,L1,0.05,bilinear,7,7,0.895417332649231,1,False,0.6,0.35,0.109375
3257,0,CF2,L1,0.05,bilinear,1,1,0.9939821362495422,1,False,0.4482758620689655,0.09195402298850575,0.03125
1114,0,CF2,L1,0.05,bilinear,9,3,0.6937307119369507,0,False,0.6694214876033058,0.5785123966942148,0.2734375
11738,0,CF2,L1,0.05,bilinear,8,8,0.8564128279685974,1,False,0.5076923076923077,0.27692307692307694,0.0703125
13077,0,CF2,L1,0.05,bilinear,8,8,0.9978087544441223,1,False,0.42857142857142855,1.0,0.21875
5168,0,CF2,L1,0.05,bilinear,3,3,0.5287384390830994,1,False,0.6666666666666666,0.4444444444444444,0.21875
26013,0,CF2,L1,0.05,bilinear,8,8,0.9241963028907776,1,False,0.5714285714285714,0.7857142857142857,0.34375
5611,0,CF2,L1,0.05,bilinear,7,5,0.45058631896972656,0,False,0.6792452830188679,0.7924528301886793,0.65625
9389,0,CF2,L1,0.05,bilinear,6,6,0.9116827249526978,1,False,0.6190476190476191,0.6857142857142857,0.28125
25070,0,CF2,L1,0.05,bilinear,2,2,0.9974924325942993,1,False,0.5921052631578947,0.5789473684210527,0.34375
11322,0,CF2,L1,0.05,bilinear,8,8,0.9266108274459839,1,False,0.5975609756097561,0.6341463414634146,0.203125
3051,0,CF2,L1,0.05,bilinear,0,0,0.7625361680984497,1,False,0.5357142857142857,0.0,0.0
18770,0,CF2,L1,0.05,bilinear,4,5,0.2381998747587204,0,False,0.5176470588235295,0.5882352941176471,0.1953125
14692,0,CF2,L1,0.05,bilinear,2,2,0.6140375137329102,1,False,0.7346938775510204,0.9285714285714286,0.7109375
4561,0,CF2,L1,0.05,bilinear,5,5,0.863922655582428,1,False,0.6153846153846154,0.27564102564102566,0.16796875
16994,0,CF2,L1,0.05,bilinear,0,0,0.9996209144592285,1,False,0.6222222222222222,0.6,0.2109375
4156,0,CF2,L1,0.05,bilinear,5,5,0.3332119286060333,1,False,0.6818181818181818,0.5833333333333334,0.30078125
5884,0,CF2,L1,0.05,bilinear,1,2,0.7607230544090271,0,False,0.7012987012987013,0.9090909090909091,0.546875
18233,0,CF2,L1,0.05,bilinear,0,0,0.974819004535675,1,False,0.52,0.0,0.0
17044,0,CF2,L1,0.05,bilinear,6,6,0.8105753064155579,1,False,0.7450980392156863,0.3215686274509804,0.3203125
18857,0,CF2,L1,0.05,bilinear,6,6,0.7996900677680969,1,False,0.42857142857142855,0.0,0.0
21917,0,CF2,L1,0.05,bilinear,9,9,0.4543960392475128,1,False,0.6857142857142857,0.21428571428571427,0.1171875
5054,0,CF2,L1,0.05,bilinear,3,9,0.708240270614624,0,False,0.6136363636363636,0.45454545454545453,0.15625
7882,0,CF2,L1,0.05,bilinear,4,4,0.8754335045814514,1,False,0.6271186440677966,0.6892655367231638,0.4765625
15688,0,CF2,L1,0.05,bilinear,4,4,0.9999666213989258,1,False,0.6666666666666666,0.19047619047619047,0.09375
5612,0,CF2,L1,0.05,bilinear,8,8,0.8843359351158142,1,False,0.7583333333333333,0.0,0.0
13934,0,CF2,L1,0.05,bilinear,9,9,0.9755083322525024,1,False,0.6666666666666666,0.2,0.09375
16689,0,CF2,L1,0.05,bilinear,2,2,0.9954283237457275,1,False,0.4166666666666667,0.5,0.1875
23844,0,CF2,L1,0.05,bilinear,6,6,0.9699116945266724,1,False,0.5714285714285714,0.14285714285714285,0.0390625
7944,0,CF2,L1,0.05,bilinear,7,7,0.9526947736740112,1,False,0.5,0.0,0.0
11370,0,CF2,L1,0.05,bilinear,8,8,0.991726279258728,1,False,0.5454545454545454,0.0,0.0
24569,0,CF2,L1,0.05,bilinear,1,1,0.9999390840530396,1,False,0.6136363636363636,0.18181818181818182,0.0625
7529,0,CF2,L1,0.05,bilinear,5,5,0.9363530278205872,1,False,0.43333333333333335,0.43333333333333335,0.1015625
5092,0,CF2,L1,0.05,bilinear,2,2,0.9919746518135071,1,False,0.4925373134328358,0.11940298507462686,0.03125
20673,0,CF2,L1,0.05,bilinear,2,2,0.9996715784072876,1,False,0.5833333333333334,0.3472222222222222,0.09765625
10096,0,CF2,L1,0.05,bilinear,7,7,0.9490601420402527,1,False,0.5185185185185185,0.0,0.0
2059,0,CF2,L1,0.05,bilinear,3,3,0.9027218818664551,1,False,0.5641025641025641,0.9230769230769231,0.28125
19318,0,CF2,L1,0.05,bilinear,0,0,0.8751475811004639,1,False,0.5714285714285714,0.5,0.1640625
12977,0,CF2,L1,0.05,bilinear,8,0,0.8666288256645203,0,False,0.515625,0.34375,0.171875
17673,0,CF2,L1,0.05,bilinear,0,0,0.8537313342094421,1,False,0.543859649122807,0.19298245614035087,0.0859375
18750,0,CF2,L1,0.05,bilinear,0,0,0.9420766830444336,1,False,0.6363636363636364,0.16161616161616163,0.0625
16728,0,CF2,L1,0.05,bilinear,3,3,0.5569819808006287,1,False,0.7738693467336684,0.3869346733668342,0.30078125
14776,0,CF2,L1,0.05,bilinear,8,6,0.828046977519989,0,False,0.6136363636363636,0.8181818181818182,0.28125
6941,0,CF2,L1,0.05,bilinear,9,9,0.5095092058181763,1,False,0.6666666666666666,1.0,0.46875
16787,0,CF2,L1,0.05,bilinear,6,2,0.5155009031295776,0,False,0.6164383561643836,0.4931506849315068,0.28125
25932,0,CF2,L1,0.05,bilinear,5,5,0.9772038459777832,1,False,0.6136363636363636,0.13636363636363635,0.046875
614,0,CF2,L1,0.05,bilinear,0,0,0.7118450403213501,1,False,0.65,0.0,0.0
25690,0,CF2,L1,0.05,bilinear,5,5,0.506147027015686,1,False,0.7142857142857143,0.75,0.4921875
25968,0,CF2,L1,0.05,bilinear,5,5,0.9834951758384705,1,False,0.5185185185185185,0.0,0.0
20123,0,CF2,L1,0.05,bilinear,3,3,0.8313001990318298,1,False,0.6933333333333334,0.52,0.3046875
13341,0,CF2,L1,0.05,bilinear,5,5,0.7588783502578735,1,False,0.6547619047619048,0.8095238095238095,0.53125
24697,0,CF2,L1,0.05,bilinear,4,4,0.998683512210846,1,False,0.5068493150684932,0.0,0.0
15157,0,CF2,L1,0.05,bilinear,6,4,0.6451821327209473,0,False,0.6,0.6787878787878788,0.4375
23115,0,CF2,L1,0.05,bilinear,1,1,0.4450088441371918,1,False,0.5833333333333334,0.8888888888888888,0.25
6396,0,CF2,L1,0.05,bilinear,0,0,0.9986674785614014,1,False,0.5641025641025641,0.0,0.0
19142,0,CF2,L1,0.05,bilinear,4,4,0.8275811076164246,1,False,0.5135135135135135,0.5675675675675675,0.1640625
13157,0,CF2,L1,0.05,bilinear,3,8,0.6855252981185913,0,False,0.7252747252747253,0.3626373626373626,0.2578125
19866,0,CF2,L1,0.05,bilinear,1,2,0.7573358416557312,0,False,0.6356589147286822,0.32558139534883723,0.1640625
25996,0,CF2,L1,0.05,bilinear,8,8,0.9731320142745972,1,False,0.6964285714285714,0.42857142857142855,0.1875
25515,0,CF2,L1,0.05,bilinear,7,1,0.9344179034233093,0,False,0.5,0.0,0.0
12876,0,CF2,L1,0.05,bilinear,0,0,0.9947049021720886,1,False,0.42857142857142855,0.35714285714285715,0.1171875
17565,0,CF2,L1,0.05,bilinear,6,6,0.9583950042724609,1,False,0.5838926174496645,0.42953020134228187,0.25
17511,0,CF2,L1,0.05,bilinear,4,4,0.30250611901283264,1,False,0.7511111111111111,0.6844444444444444,0.6015625
19996,0,CF2,L1,0.05,bilinear,0,0,0.9983989596366882,1,False,0.5555555555555556,0.3472222222222222,0.09765625
12807,0,CF2,L1,0.05,bilinear,1,1,0.9817253947257996,1,False,0.6923076923076923,0.38461538461538464,0.15625
11001,0,CF2,L1,0.05,bilinear,9,9,0.9670112729072571,1,False,0.5357142857142857,0.16071428571428573,0.03515625
13107,0,CF2,L1,0.05,bilinear,0,0,0.9997977614402771,1,False,0.5641025641025641,0.8461538461538461,0.2578125
12641,0,CF2,L1,0.05,bilinear,6,6,0.999201238155365,1,False,0.5714285714285714,0.4,0.109375
22667,0,CF2,L1,0.05,bilinear,5,5,0.9938122034072876,1,False,0.4838709677419355,0.03225806451612903,0.0078125
7310,0,CF2,L1,0.05,bilinear,7,7,0.950486421585083,1,False,0.7012987012987013,0.35064935064935066,0.2109375
764,0,CF2,L1,0.05,bilinear,1,1,0.956058144569397,1,False,0.6818181818181818,0.1893939393939394,0.09765625
14813,0,CF2,L1,0.05,bilinear,4,4,0.929981529712677,1,False,0.64,0.4,0.15625
7132,0,CF2,L1,0.05,bilinear,2,2,0.9989063739776611,1,False,0.5213675213675214,0.10256410256410256,0.046875
23884,0,CF2,L1,0.05,bilinear,1,8,0.45410677790641785,0,False,0.5952380952380952,0.5,0.1640625
22735,0,CF2,L1,0.05,bilinear,8,8,0.9154409170150757,1,False,0.6818181818181818,0.5454545454545454,0.28125
12483,0,CF2,L1,0.05,bilinear,2,2,0.9768019318580627,1,False,0.65,0.8666666666666667,0.40625
10442,0,CF2,L1,0.05,bilinear,6,6,0.8781204223632812,1,False,0.6363636363636364,0.2727272727272727,0.10546875
3733,0,CF2,L1,0.05,bilinear,8,8,0.8472861051559448,1,False,0.7333333333333333,0.676923076923077,0.515625
20089,0,CF2,L1,0.05,bilinear,4,4,0.9690708518028259,1,False,0.5833333333333334,1.0,0.28125
20411,0,CF2,L1,0.05,bilinear,4,4,0.6240545511245728,1,False,0.7089201877934272,0.43661971830985913,0.36328125
10695,0,CF2,L1,0.05,bilinear,4,1,0.4882890582084656,0,False,0.5076923076923077,0.0,0.0
11992,0,CF2,L1,0.05,bilinear,2,2,0.9998531341552734,1,False,0.6581196581196581,0.11965811965811966,0.0546875
20712,0,CF2,L1,0.05,bilinear,7,7,0.9340874552726746,1,False,0.5,1.0,0.234375
6518,0,CF2,L1,0.05,bilinear,8,8,0.91475909948349,1,False,0.5833333333333334,0.4166666666666667,0.1171875
6015,0,CF2,L1,0.05,bilinear,9,9,0.8358616232872009,1,False,0.6804733727810651,0.47928994082840237,0.31640625
8396,0,CF2,L1,0.05,bilinear,5,2,0.9281753301620483,0,False,0.6363636363636364,0.494949494949495,0.19140625
12097,0,CF2,L1,0.05,bilinear,9,9,0.9989288449287415,1,False,0.5555555555555556,0.8571428571428571,0.2109375
12565,0,CF2,L1,0.05,bilinear,2,2,0.9873905181884766,1,False,0.47619047619047616,0.21428571428571427,0.0703125
22474,0,CF2,L1,0.05,bilinear,4,4,0.5449590682983398,1,False,0.5423728813559322,0.2033898305084746,0.09375
25110,0,CF2,L1,0.05,bilinear,9,9,0.9903035759925842,1,False,0.5641025641025641,0.1794871794871795,0.0546875
8275,0,CF2,L1,0.05,bilinear,8,0,0.6782506108283997,0,False,0.6428571428571429,1.0,0.4375
3871,0,CF2,L1,0.05,bilinear,1,1,0.5841545462608337,1,False,0.52,1.0,0.29296875
24639,0,CF2,L1,0.05,bilinear,2,2,0.997162401676178,1,False,0.5324675324675324,0.16883116883116883,0.05078125
15979,0,CF2,L1,0.05,bilinear,3,3,0.6774783730506897,1,False,0.4166666666666667,0.625,0.234375
24513,0,CF2,L1,0.05,bilinear,6,6,0.9956113696098328,1,False,0.5357142857142857,0.10714285714285714,0.0234375
10926,0,CF2,L1,0.05,bilinear,7,7,0.7216513156890869,1,False,0.6080402010050251,0.6231155778894473,0.484375
25564,0,CF2,L1,0.05,bilinear,0,0,0.8299135565757751,1,False,0.6481481481481481,0.18518518518518517,0.078125
2118,0,CF2,L1,0.05,bilinear,0,0,0.5448514223098755,1,False,0.3888888888888889,0.7222222222222222,0.203125
4358,0,CF2,L1,0.05,bilinear,9,2,0.6523219347000122,0,False,0.5714285714285714,0.42857142857142855,0.1171875
5674,0,CF2,L1,0.05,bilinear,8,3,0.30503135919570923,0,False,0.7428571428571429,1.0,0.8203125
3397,0,CF2,L1,0.05,bilinear,7,7,0.9804213643074036,1,False,0.7042801556420234,0.311284046692607,0.3125
5183,0,CF2,L1,0.05,bilinear,7,7,0.867613673210144,1,False,0.5714285714285714,0.8571428571428571,0.28125
7505,0,CF2,L1,0.05,bilinear,9,9,0.9998146891593933,1,False,0.4230769230769231,0.6923076923076923,0.140625
17539,0,CF2,L1,0.05,bilinear,0,9,0.3074953258037567,0,False,0.7333333333333333,0.4512820512820513,0.34375
23918,0,CF2,L1,0.05,bilinear,6,5,0.5794393420219421,0,False,0.65,0.225,0.10546875
19449,0,CF2,L1,0.05,bilinear,2,2,0.996387243270874,1,False,0.45454545454545453,0.7272727272727273,0.21875
18599,0,CF2,L1,0.05,bilinear,3,1,0.41105207800865173,0,False,0.6257309941520468,0.7368421052631579,0.4921875
8175,0,CF2,L1,0.05,bilinear,8,6,0.4748644232749939,0,False,0.7252747252747253,0.6593406593406593,0.46875
18412,0,CF2,L1,0.05,bilinear,7,7,0.9814568758010864,1,False,0.52,0.0,0.0
20667,0,CF2,L1,0.05,bilinear,1,1,0.9784361720085144,1,False,0.625,0.15625,0.05859375
8672,0,CF2,L1,0.05,bilinear,9,9,0.8328382968902588,1,False,0.5714285714285714,0.32142857142857145,0.10546875
22087,0,CF2,L1,0.05,bilinear,1,1,0.9999687671661377,1,False,0.5357142857142857,1.0,0.21875
6910,0,CF2,L1,0.05,bilinear,2,2,0.9993900060653687,1,False,0.5925925925925926,0.4722222222222222,0.19921875
19205,0,CF2,L1,0.05,bilinear,3,5,0.5186141133308411,0,False,0.6346153846153846,0.6153846153846154,0.25
10581,0,CF2,L1,0.05,bilinear,3,3,0.9747490882873535,1,False,0.5555555555555556,0.12698412698412698,0.03125
14516,0,CF2,L1,0.05,bilinear,4,4,0.4551355540752411,1,False,0.6428571428571429,0.5,0.21875
22602,0,CF2,L1,0.05,bilinear,4,4,0.947449266910553,1,False,0.4909090909090909,0.2,0.04296875
1944,0,CF2,L1,0.05,bilinear,0,0,0.8977959156036377,1,False,0.6,0.375,0.1171875
19718,0,CF2,L1,0.05,bilinear,0,9,0.32459762692451477,0,False,0.6923076923076923,0.24475524475524477,0.13671875
15599,0,CF2,L1,0.05,bilinear,7,7,0.9915859699249268,1,False,0.5641025641025641,0.0,0.0
16766,0,CF2,L1,0.05,bilinear,9,9,0.9793182611465454,1,False,0.5714285714285714,0.7714285714285715,0.2109375
12317,0,CF2,L1,0.05,bilinear,5,5,0.5333066582679749,1,False,0.64,0.5,0.1953125
6275,0,CF2,L1,0.05,bilinear,6,6,0.7717410326004028,1,False,0.6428571428571429,0.0,0.0
14332,0,CF2,L1,0.05,bilinear,3,3,0.8269681930541992,1,False,0.47619047619047616,0.9166666666666666,0.30078125
25615,0,CF2,L1,0.05,bilinear,8,8,0.9899933934211731,1,False,0.5625,0.75,0.1875
7680,0,CF2,L1,0.05,bilinear,7,7,0.9999337196350098,1,False,0.5333333333333333,0.6666666666666666,0.15625
22105,0,CF2,L1,0.05,bilinear,7,7,0.9908629655838013,1,False,0.6481481481481481,0.6666666666666666,0.28125
19179,0,CF2,L1,0.05,bilinear,5,5,0.6626859903335571,1,False,0.46153846153846156,0.8461538461538461,0.2578125
22379,0,CF2,L1,0.05,bilinear,5,5,0.5218409299850464,1,False,0.6666666666666666,0.5714285714285714,0.28125
11796,0,CF2,L1,0.05,bilinear,0,0,0.9955862760543823,1,False,0.5844155844155844,0.3116883116883117,0.09375
16929,0,CF2,L1,0.05,bilinear,0,0,0.9943186640739441,1,False,0.6923076923076923,0.3916083916083916,0.21875
20580,0,CF2,L1,0.05,bilinear,2,1,0.4954390823841095,0,False,0.6857142857142857,0.3,0.1640625
21272,0,CF2,L1,0.05,bilinear,7,0,0.6728222370147705,0,False,0.6545454545454545,0.19090909090909092,0.08203125
12963,0,CF2,L1,0.05,bilinear,4,4,0.9928359389305115,1,False,0.5555555555555556,1.0,0.24609375
15648,0,CF2,L1,0.05,bilinear,9,9,0.9274306297302246,1,False,0.5782312925170068,0.22448979591836735,0.12890625
10831,0,CF2,L1,0.05,bilinear,6,6,0.9985467791557312,1,False,0.45454545454545453,0.5454545454545454,0.1875
12228,0,CF2,L1,0.05,bilinear,3,3,0.598470151424408,1,False,0.5777777777777777,0.4888888888888889,0.171875
2242,0,CF2,L1,0.05,bilinear,7,9,0.9217029213905334,0,False,0.625,0.5833333333333334,0.21875
25443,0,CF2,L1,0.05,bilinear,3,3,0.9936985969543457,1,False,0.6,1.0,0.3125
23913,0,CF2,L1,0.05,bilinear,1,1,0.9818307757377625,1,False,0.5303030303030303,0.3333333333333333,0.171875
18452,0,CF2,L1,0.05,bilinear,1,1,0.9848441481590271,1,False,0.6428571428571429,0.0,0.0
12210,0,CF2,L1,0.05,bilinear,0,0,0.9990849494934082,1,False,0.4230769230769231,0.4230769230769231,0.0859375
3532,0,CF2,L1,0.05,bilinear,6,8,0.778253972530365,0,False,0.7159763313609467,0.6923076923076923,0.45703125
13678,0,CF2,L1,0.05,bilinear,9,9,0.6355612874031067,1,False,0.7428571428571429,0.34285714285714286,0.28125
21370,0,CF2,L1,0.05,bilinear,5,8,0.8088897466659546,0,False,0.6581196581196581,0.3333333333333333,0.15234375
23728,0,CF2,L1,0.05,bilinear,9,9,0.9999349117279053,1,False,0.7428571428571429,0.0,0.0
7460,0,CF2,L1,0.05,bilinear,0,0,0.9980881810188293,1,False,0.7636363636363637,0.296969696969697,0.19140625
25354,0,CF2,L1,0.05,bilinear,2,2,0.9683065414428711,1,False,0.6857142857142857,0.42857142857142855,0.234375
18984,0,CF2,L1,0.05,bilinear,8,8,0.9969608187675476,1,False,0.6122448979591837,0.7857142857142857,0.30078125
12422,0,CF2,L1,0.05,bilinear,6,5,0.9913193583488464,0,False,0.7012987012987013,0.7792207792207793,0.46875
7413,0,CF2,L1,0.05,bilinear,4,4,0.310800164937973,1,False,0.6428571428571429,1.0,0.4375
