patch_id,seed,family,level,frac,method,true_label,prediction,confidence,correct,bounded_unknown,isolated_missing_frac,mask_overlap_centre,centre_erased_frac
17222,0,CF2,L1,0.05,dictlearn,8,8,0.6156174540519714,1,False,0.7012987012987013,0.7272727272727273,0.4375
7987,0,CF2,L1,0.05,dictlearn,4,3,0.7874543070793152,0,False,0.5566037735849056,0.39622641509433965,0.1640625
14403,0,CF2,L1,0.05,dictlearn,1,4,0.3659367859363556,0,False,0.6545454545454545,0.24545454545454545,0.10546875
12904,0,CF2,L1,0.05,dictlearn,1,1,0.774197518825531,1,False,0.6545454545454545,0.4,0.171875
1024,0,CF2,L1,0.05,dictlearn,2,2,0.8130040168762207,1,False,0.6593406593406593,0.38461538461538464,0.13671875
15700,0,CF2,L1,0.05,dictlearn,3,0,0.999785840511322,0,False,0.6964285714285714,0.42857142857142855,0.1875
12639,0,CF2,L1,0.05,dictlearn,7,3,0.39484840631484985,0,False,0.7051282051282052,0.358974358974359,0.21875
20658,0,CF2,L1,0.05,dictlearn,4,2,0.27145951986312866,0,False,0.6857142857142857,0.0,0.0
2642,0,CF2,L1,0.05,dictlearn,7,7,0.4267483353614807,1,False,0.4,0.4666666666666667,0.109375
9392,0,CF2,L1,0.05,dictlearn,9,9,0.9693666100502014,1,False,0.52,0.824,0.40234375
23357,0,CF2,L1,0.05,dictlearn,5,5,0.5204218626022339,1,False,0.674074074074074,0.35555555555555557,0.1875
15977,0,CF2,L1,0.05,dictlearn,0,0,0.7479366064071655,1,False,0.625,0.22916666666666666,0.0859375
10440,0,CF2,L1,0.05,dictlearn,0,9,0.8729045987129211,0,False,0.7142857142857143,0.7857142857142857,0.515625
14216,0,CF2,L1,0.05,dictlearn,3,3,0.8919493556022644,1,False,0.5142857142857142,1.0,0.2734375
18353,0,CF2,L1,0.05,dictlearn,7,7,0.6286957263946533,1,False,0.6857142857142857,0.6857142857142857,0.375
17404,0,CF2,L1,0.05,dictlearn,3,3,0.6622363924980164,1,False,0.6049382716049383,0.3950617283950617,0.125
8424,0,CF2,L1,0.05,dictlearn,8,8,0.7586207389831543,1,False,0.43333333333333335,0.8666666666666667,0.203125
4744,0,CF2,L1,0.05,dictlearn,8,8,0.9716389775276184,1,False,0.6666666666666666,0.675,0.31640625
18797,0,CF2,L1,0.05,dictlearn,7,7,0.9972086548805237,1,False,0.6818181818181818,0.9090909090909091,0.46875
3156,0,CF2,L1,0.05,dictlearn,7,7,0.9705764651298523,1,False,0.6346153846153846,0.3173076923076923,0.12890625
17024,0,CF2,L1,0.05,dictlearn,2,2,0.923920214176178,1,False,0.41935483870967744,0.8064516129032258,0.1953125
7807,0,CF2,L1,0.05,dictlearn,8,8,0.9923250675201416,1,False,0.6346153846153846,0.6057692307692307,0.24609375
138,0,CF2,L1,0.05,dictlearn,0,0,0.9915186762809753,1,False,0.7252747252747253,0.23076923076923078,0.1640625
20222,0,CF2,L1,0.05,dictlearn,2,2,0.9999488592147827,1,False,0.625,0.375,0.140625
24734,0,CF2,L1,0.05,dictlearn,9,0,0.5550420880317688,0,False,0.6666666666666666,0.38095238095238093,0.1875
8909,0,CF2,L1,0.05,dictlearn,0,0,0.9678124189376831,1,False,0.5555555555555556,0.0,0.0
4684,0,CF2,L1,0.05,dictlearn,1,1,0.9990359544754028,1,False,0.6,0.15,0.046875
15978,0,CF2,L1,0.05,dictlearn,6,6,0.4017133116722107,1,False,0.52,0.9333333333333333,0.2734375
21495,0,CF2,L1,0.05,dictlearn,7,2,0.606182336807251,0,False,0.6122448979591837,0.5714285714285714,0.21875
5107,0,CF2,L1,0.05,dictlearn,6,1,0.6231650710105896,0,False,0.5714285714285714,0.0,0.0
1914,0,CF2,L1,0.05,dictlearn,2,2,0.927721381187439,1,False,0.5915492957746479,0.3380281690140845,0.1875
21307,0,CF2,L1,0.05,dictlearn,1,1,0.9999353885650635,1,False,0.5833333333333334,0.3333333333333333,0.09375
7178,0,CF2,L1,0.05,dictlearn,4,4,0.66846764087677,1,False,0.5185185185185185,0.0,0.0
13264,0,CF2,L1,0.05,dictlearn,4,1,0.4296364188194275,0,False,0.7090909090909091,0.2909090909090909,0.1875
21507,0,CF2,L1,0.05,dictlearn,1,1,0.9456343650817871,1,False,0.7878787878787878,0.2545454545454545,0.1640625
8399,0,CF2,L1,0.05,dictlearn,9,0,0.4303910732269287,0,False,0.7252747252747253,0.9285714285714286,0.66015625
4384,0,CF2,L1,0.05,dictlearn,0,0,0.9988237023353577,1,False,0.6222222222222222,0.4666666666666667,0.1640625
5820,0,CF2,L1,0.05,dictlearn,0,1,0.8829046487808228,0,False,0.6363636363636364,0.32386363636363635,0.22265625
22865,0,CF2,L1,0.05,dictlearn,0,0,0.7357475757598877,1,False,0.7098039215686275,0.42745098039215684,0.42578125
65,0,CF2,L1,0.05,dictlearn,0,0,0.5173925757408142,1,False,0.42857142857142855,0.0,0.0
15494,0,CF2,L1,0.05,dictlearn,6,6,0.724064826965332,1,False,0.43333333333333335,0.13333333333333333,0.03125
2327,0,CF2,L1,0.05,dictlearn,5,5,0.7562034726142883,1,False,0.647887323943662,0.5633802816901409,0.3125
24596,0,CF2,L1,0.05,dictlearn,7,6,0.6624455451965332,0,False,0.5185185185185185,0.6666666666666666,0.140625
3825,0,CF2,L1,0.05,dictlearn,5,5,0.5172328948974609,1,False,0.7252747252747253,0.3076923076923077,0.21875
17168,0,CF2,L1,0.05,dictlearn,7,2,0.9023357033729553,0,False,0.6190476190476191,0.9333333333333333,0.3828125
4357,0,CF2,L1,0.05,dictlearn,3,3,0.6639305353164673,1,False,0.6363636363636364,0.18181818181818182,0.0703125
2364,0,CF2,L1,0.05,dictlearn,9,9,0.7010828852653503,1,False,0.5263157894736842,0.43859649122807015,0.1953125
8703,0,CF2,L1,0.05,dictlearn,9,9,0.7755525708198547,1,False,0.7944444444444444,0.26666666666666666,0.1875
19390,0,CF2,L1,0.05,dictlearn,9,9,0.8308900594711304,1,False,0.5076923076923077,0.2,0.05078125
17853,0,CF2,L1,0.05,dictlearn,6,2,0.4781397879123688,0,False,0.7428571428571429,0.38095238095238093,0.3125
4930,0,CF2,L1,0.05,dictlearn,4,4,0.9130663275718689,1,False,0.6666666666666666,0.5,0.24609375
5314,0,CF2,L1,0.05,dictlearn,8,8,0.8496811389923096,1,False,0.6136363636363636,0.6363636363636364,0.21875
4478,0,CF2,L1,0.05,dictlearn,8,8,0.4659141004085541,1,False,0.7428571428571429,0.5714285714285714,0.46875
23679,0,CF2,L1,0.05,dictlearn,4,1,0.7316906452178955,0,False,0.6043956043956044,0.5494505494505495,0.1953125
5449,0,CF2,L1,0.05,dictlearn,1,1,0.9400556087493896,1,False,0.5714285714285714,0.35714285714285715,0.1171875
24183,0,CF2,L1,0.05,dictlearn,0,6,0.698846161365509,0,False,0.6932515337423313,0.5950920245398773,0.37890625
20842,0,CF2,L1,0.05,dictlearn,3,5,0.5143579840660095,0,False,0.7159763313609467,0.46153846153846156,0.3046875
18825,0,CF2,L1,0.05,dictlearn,9,9,0.7270275950431824,1,False,0.5555555555555556,1.0,0.24609375
6265,0,CF2,L1,0.05,dictlearn,1,1,0.42165297269821167,1,False,0.6581196581196581,0.6666666666666666,0.3046875
24932,0,CF2,L1,0.05,dictlearn,4,2,0.7495540380477905,0,False,0.7222222222222222,0.8666666666666667,0.609375
14427,0,CF2,L1,0.05,dictlearn,8,9,0.48890817165374756,0,False,0.4166666666666667,0.20833333333333334,0.078125
3740,0,CF2,L1,0.05,dictlearn,7,7,0.9946042895317078,1,False,0.6923076923076923,0.14423076923076922,0.05859375
16809,0,CF2,L1,0.05,dictlearn,9,2,0.3740638494491577,0,False,0.43333333333333335,0.23333333333333334,0.0546875
1136,0,CF2,L1,0.05,dictlearn,1,1,0.9719441533088684,1,False,0.6346153846153846,0.38461538461538464,0.15625
25757,0,CF2,L1,0.05,dictlearn,5,5,0.8871989250183105,1,False,0.4727272727272727,0.36363636363636365,0.15625
7356,0,CF2,L1,0.05,dictlearn,4,4,0.4026351571083069,1,False,0.7090909090909091,0.43636363636363634,0.28125
12298,0,CF2,L1,0.05,dictlearn,0,0,0.8976254463195801,1,False,0.42857142857142855,0.5,0.109375
5700,0,CF2,L1,0.05,dictlearn,3,2,0.707669734954834,0,False,0.5833333333333334,1.0,0.28125
22753,0,CF2,L1,0.05,dictlearn,6,6,0.8520020842552185,1,False,0.5555555555555556,0.2222222222222222,0.0546875
16813,0,CF2,L1,0.05,dictlearn,6,6,0.6978845000267029,1,False,0.7756410256410257,0.2564102564102564,0.15625
7373,0,CF2,L1,0.05,dictlearn,8,8,0.7280568480491638,1,False,0.6190476190476191,0.42857142857142855,0.17578125
20149,0,CF2,L1,0.05,dictlearn,2,2,0.7992514967918396,1,False,0.7012987012987013,0.5454545454545454,0.328125
15874,0,CF2,L1,0.05,dictlearn,9,9,0.9838808178901672,1,False,0.6136363636363636,0.125,0.04296875
26011,0,CF2,L1,0.05,dictlearn,0,0,0.9508674740791321,1,False,0.5952380952380952,0.17857142857142858,0.05859375
4196,0,CF2,L1,0.05,dictlearn,9,9,0.619767427444458,1,False,0.6122448979591837,0.5102040816326531,0.1953125
11227,0,CF2,L1,0.05,dictlearn,3,3,0.6842608451843262,1,False,0.5952380952380952,0.4166666666666667,0.13671875
15736,0,CF2,L1,0.05,dictlearn,3,3,0.9622285962104797,1,False,0.6933333333333334,0.24,0.140625
6339,0,CF2,L1,0.05,dictlearn,6,6,0.6632188558578491,1,False,0.7012987012987013,0.2597402597402597,0.15625
25704,0,CF2,L1,0.05,dictlearn,2,2,0.8650063872337341,1,False,0.4489795918367347,0.3469387755102041,0.1328125
3190,0,CF2,L1,0.05,dictlearn,7,7,0.9226083755493164,1,False,0.625,0.21875,0.08203125
737,0,CF2,L1,0.05,dictlearn,4,4,0.5880002975463867,1,False,0.64,0.9,0.3515625
22875,0,CF2,L1,0.05,dictlearn,9,9,0.7578516006469727,1,False,0.5555555555555556,0.75,0.2109375
22749,0,CF2,L1,0.05,dictlearn,3,3,0.8156347870826721,1,False,0.676923076923077,0.23076923076923078,0.1171875
22998,0,CF2,L1,0.05,dictlearn,3,3,0.9986817240715027,1,False,0.78,0.2,0.1171875
24210,0,CF2,L1,0.05,dictlearn,5,5,0.4464802145957947,1,False,0.7222222222222222,0.9333333333333333,0.65625
6800,0,CF2,L1,0.05,dictlearn,4,4,0.9540465474128723,1,False,0.6190476190476191,0.3142857142857143,0.12890625
16602,0,CF2,L1,0.05,dictlearn,9,0,0.40296471118927,0,False,0.625,0.5833333333333334,0.21875
10822,0,CF2,L1,0.05,dictlearn,6,6,0.9147291779518127,1,False,0.6545454545454545,0.45454545454545453,0.1953125
12822,0,CF2,L1,0.05,dictlearn,1,1,0.9921517372131348,1,False,0.7428571428571429,0.26666666666666666,0.21875
12758,0,CF2,L1,0.05,dictlearn,5,5,0.9454059600830078,1,False,0.6222222222222222,0.7777777777777778,0.2734375
21144,0,CF2,L1,0.05,dictlearn,4,4,0.8807014226913452,1,False,0.45098039215686275,0.8823529411764706,0.3515625
4900,0,CF2,L1,0.05,dictlearn,6,5,0.39520183205604553,0,False,0.7428571428571429,0.6666666666666666,0.546875
22888,0,CF2,L1,0.05,dictlearn,9,9,0.9415990710258484,1,False,0.7012987012987013,0.35714285714285715,0.21484375
19935,0,CF2,L1,0.05,dictlearn,9,3,0.616780161857605,0,False,0.7428571428571429,0.41904761904761906,0.34375
21896,0,CF2,L1,0.05,dictlearn,7,7,0.9891008734703064,1,False,0.515625,0.609375,0.3046875
3475,0,CF2,L1,0.05,dictlearn,3,5,0.6218830347061157,0,False,0.725925925925926,0.2074074074074074,0.109375
16171,0,CF2,L1,0.05,dictlearn,0,0,0.9880627393722534,1,False,0.5952380952380952,0.8333333333333334,0.2734375
4672,0,CF2,L1,0.05,dictlearn,4,7,0.9337090253829956,0,False,0.6666666666666666,0.0,0.0
10146,0,CF2,L1,0.05,dictlearn,2,2,0.9871031641960144,1,False,0.6666666666666666,0.6416666666666667,0.30078125
9207,0,CF2,L1,0.05,dictlearn,7,7,0.6686558127403259,1,False,0.4444444444444444,0.25,0.0703125
17745,0,CF2,L1,0.05,dictlearn,9,2,0.9994342923164368,0,False,0.674074074074074,0.2222222222222222,0.1171875
432,0,CF2,L1,0.05,dictlearn,7,7,0.906083881855011,1,False,0.5333333333333333,0.0,0.0
6608,0,CF2,L1,0.05,dictlearn,4,4,0.9627156257629395,1,False,0.4230769230769231,1.0,0.203125
25769,0,CF2,L1,0.05,dictlearn,9,5,0.4453181326389313,0,False,0.7252747252747253,0.9285714285714286,0.66015625
14774,0,CF2,L1,0.05,dictlearn,3,3,0.7865868210792542,1,False,0.6923076923076923,0.45454545454545453,0.25390625
21627,0,CF2,L1,0.05,dictlearn,4,4,0.8538508415222168,1,False,0.42857142857142855,0.25,0.0546875
8133,0,CF2,L1,0.05,dictlearn,2,2,0.9869511127471924,1,False,0.7142857142857143,0.6952380952380952,0.5703125
12554,0,CF2,L1,0.05,dictlearn,4,4,0.9994242191314697,1,False,0.5148514851485149,0.0,0.0
10856,0,CF2,L1,0.05,dictlearn,1,8,0.49594223499298096,0,False,0.7051282051282052,0.5769230769230769,0.3515625
15931,0,CF2,L1,0.05,dictlearn,3,7,0.918747067451477,0,False,0.7333333333333333,0.7333333333333333,0.55859375
2367,0,CF2,L1,0.05,dictlearn,2,2,0.613787829875946,1,False,0.6923076923076923,0.5664335664335665,0.31640625
25563,0,CF2,L1,0.05,dictlearn,7,3,0.5787045359611511,0,False,0.5625,1.0,0.25
6748,0,CF2,L1,0.05,dictlearn,2,2,0.9853926301002502,1,False,0.6222222222222222,0.4,0.140625
5368,0,CF2,L1,0.05,dictlearn,8,8,0.9821927547454834,1,False,0.7583333333333333,0.0,0.0
25951,0,CF2,L1,0.05,dictlearn,6,6,0.5701863765716553,1,False,0.6481481481481481,0.4537037037037037,0.19140625
22082,0,CF2,L1,0.05,dictlearn,7,7,0.998803973197937,1,False,0.6446280991735537,0.24793388429752067,0.1171875
19301,0,CF2,L1,0.05,dictlearn,4,4,0.9922534823417664,1,False,0.6428571428571429,0.0,0.0
13302,0,CF2,L1,0.05,dictlearn,4,4,0.9870153665542603,1,False,0.6190476190476191,0.5333333333333333,0.21875
15358,0,CF2,L1,0.05,dictlearn,0,0,0.679845929145813,1,False,0.6,0.8,0.25
23572,0,CF2,L1,0.05,dictlearn,2,2,0.7021657824516296,1,False,0.6857142857142857,0.6,0.328125
14736,0,CF2,L1,0.05,dictlearn,4,4,0.9255985617637634,1,False,0.5714285714285714,0.14285714285714285,0.046875
16685,0,CF2,L1,0.05,dictlearn,2,2,0.9433236122131348,1,False,0.6122448979591837,0.5612244897959183,0.21484375
21902,0,CF2,L1,0.05,dictlearn,7,7,0.6254107356071472,1,False,0.6545454545454545,0.21818181818181817,0.09375
6713,0,CF2,L1,0.05,dictlearn,5,6,0.4729059934616089,0,False,0.5357142857142857,0.03571428571428571,0.0078125
8771,0,CF2,L1,0.05,dictlearn,4,4,0.9361667037010193,1,False,0.691358024691358,0.1111111111111111,0.03515625
20264,0,CF2,L1,0.05,dictlearn,3,6,0.7531944513320923,0,False,0.6363636363636364,0.8181818181818182,0.31640625
24489,0,CF2,L1,0.05,dictlearn,1,1,0.9999971389770508,1,False,0.52,0.0,0.0
24852,0,CF2,L1,0.05,dictlearn,1,8,0.5609354972839355,0,False,0.5952380952380952,0.6666666666666666,0.21875
6746,0,CF2,L1,0.05,dictlearn,1,2,0.8892356157302856,0,False,0.7012987012987013,1.0,0.6015625
5951,0,CF2,L1,0.05,dictlearn,5,5,0.6167284250259399,1,False,0.6545454545454545,0.2727272727272727,0.1171875
6438,0,CF2,L1,0.05,dictlearn,4,4,0.9987782835960388,1,False,0.676923076923077,0.4846153846153846,0.24609375
11126,0,CF2,L1,0.05,dictlearn,9,8,0.5363630652427673,0,False,0.6933333333333334,0.64,0.375
24241,0,CF2,L1,0.05,dictlearn,3,3,0.7557771801948547,1,False,0.5641025641025641,0.8461538461538461,0.2578125
23621,0,CF2,L1,0.05,dictlearn,6,8,0.5084270238876343,0,False,0.7051282051282052,0.75,0.45703125
14358,0,CF2,L1,0.05,dictlearn,6,6,0.2874484956264496,1,False,0.6694214876033058,0.3305785123966942,0.15625
19003,0,CF2,L1,0.05,dictlearn,6,5,0.5128243565559387,0,False,0.5952380952380952,0.42857142857142855,0.140625
3760,0,CF2,L1,0.05,dictlearn,9,9,0.7242155075073242,1,False,0.5777777777777777,0.17777777777777778,0.0625
1155,0,CF2,L1,0.05,dictlearn,5,5,0.9882457256317139,1,False,0.6470588235294118,0.4166666666666667,0.33203125
22044,0,CF2,L1,0.05,dictlearn,8,7,0.5076270699501038,0,False,0.5555555555555556,0.4166666666666667,0.1171875
17521,0,CF2,L1,0.05,dictlearn,4,4,0.918926477432251,1,False,0.5454545454545454,0.36363636363636365,0.09375
15177,0,CF2,L1,0.05,dictlearn,9,2,0.6836850643157959,0,False,0.7258883248730964,0.649746192893401,0.5
21080,0,CF2,L1,0.05,dictlearn,0,0,0.9979719519615173,1,False,0.6428571428571429,0.2,0.0546875
4507,0,CF2,L1,0.05,dictlearn,5,5,0.8544017672538757,1,False,0.4909090909090909,0.2,0.04296875
10600,0,CF2,L1,0.05,dictlearn,7,7,0.9835266470909119,1,False,0.7051282051282052,0.0,0.0
11754,0,CF2,L1,0.05,dictlearn,1,1,0.9031517505645752,1,False,0.5555555555555556,0.75,0.2109375
22934,0,CF2,L1,0.05,dictlearn,4,4,0.9980474710464478,1,False,0.5606060606060606,0.21212121212121213,0.109375
19094,0,CF2,L1,0.05,dictlearn,3,3,0.867437481880188,1,False,0.6818181818181818,0.30303030303030304,0.15625
25246,0,CF2,L1,0.05,dictlearn,7,7,0.9388110637664795,1,False,0.5454545454545454,0.45454545454545453,0.1171875
14745,0,CF2,L1,0.05,dictlearn,2,2,0.9999778270721436,1,False,0.6136363636363636,0.125,0.04296875
3177,0,CF2,L1,0.05,dictlearn,8,9,0.5490898489952087,0,False,0.7333333333333333,0.27692307692307694,0.2109375
13870,0,CF2,L1,0.05,dictlearn,5,1,0.7868919968605042,0,False,0.6136363636363636,0.9090909090909091,0.3125
5605,0,CF2,L1,0.05,dictlearn,6,5,0.3222735822200775,0,False,0.5142857142857142,0.6428571428571429,0.17578125
5202,0,CF2,L1,0.05,dictlearn,8,8,0.9923909306526184,1,False,0.5555555555555556,0.5,0.140625
8800,0,CF2,L1,0.05,dictlearn,5,5,0.989024817943573,1,False,0.5357142857142857,0.5357142857142857,0.1171875
645,0,CF2,L1,0.05,dictlearn,3,3,0.9214521050453186,1,False,0.7252747252747253,0.7857142857142857,0.55859375
16077,0,CF2,L1,0.05,dictlearn,5,6,0.6017399430274963,0,False,0.6666666666666666,0.38095238095238093,0.1875
15336,0,CF2,L1,0.05,dictlearn,5,5,0.7905838489532471,1,False,0.5238095238095238,0.42857142857142855,0.140625
20933,0,CF2,L1,0.05,dictlearn,0,0,0.4478687345981598,1,False,0.6933333333333334,0.16,0.09375
10580,0,CF2,L1,0.05,dictlearn,8,0,0.6714597344398499,0,False,0.6581196581196581,1.0,0.45703125
25902,0,CF2,L1,0.05,dictlearn,6,6,0.9837251305580139,1,False,0.5714285714285714,0.8333333333333334,0.2734375
4666,0,CF2,L1,0.05,dictlearn,8,8,0.9999418258666992,1,False,0.6136363636363636,0.20454545454545456,0.0703125
14541,0,CF2,L1,0.05,dictlearn,4,4,0.9805731177330017,1,False,0.5942028985507246,0.6811594202898551,0.3671875
7374,0,CF2,L1,0.05,dictlearn,5,5,0.8132768273353577,1,False,0.42857142857142855,0.19642857142857142,0.04296875
4697,0,CF2,L1,0.05,dictlearn,5,9,0.3275075852870941,0,False,0.65,0.225,0.10546875
6317,0,CF2,L1,0.05,dictlearn,5,5,0.7743918299674988,1,False,0.75,0.0,0.0
16623,0,CF2,L1,0.05,dictlearn,6,6,0.8262698650360107,1,False,0.6923076923076923,0.38461538461538464,0.15625
16511,0,CF2,L1,0.05,dictlearn,6,5,0.3006751239299774,0,False,0.7051282051282052,0.5384615384615384,0.328125
16162,0,CF2,L1,0.05,dictlearn,3,9,0.6895361542701721,0,False,0.6857142857142857,0.7071428571428572,0.38671875
5989,0,CF2,L1,0.05,dictlearn,1,1,0.5588881969451904,1,False,0.7142857142857143,0.4642857142857143,0.3046875
18753,0,CF2,L1,0.05,dictlearn,5,5,0.9669131636619568,1,False,0.676923076923077,0.24615384615384617,0.125
20853,0,CF2,L1,0.05,dictlearn,4,4,0.843746542930603,1,False,0.6666666666666666,0.16666666666666666,0.078125
16556,0,CF2,L1,0.05,dictlearn,0,0,0.8880144357681274,1,False,0.6666666666666666,0.5,0.24609375
7019,0,CF2,L1,0.05,dictlearn,9,9,0.8842650651931763,1,False,0.5777777777777777,0.0,0.0
3090,0,CF2,L1,0.05,dictlearn,6,6,0.9955049157142639,1,False,0.6933333333333334,0.0,0.0
14680,0,CF2,L1,0.05,dictlearn,3,3,0.9133564233779907,1,False,0.6190476190476191,0.0,0.0
869,0,CF2,L1,0.05,dictlearn,3,3,0.3394474685192108,1,False,0.6122448979591837,0.4897959183673469,0.1875
7595,0,CF2,L1,0.05,dictlearn,6,6,0.9016122221946716,1,False,0.5185185185185185,0.3333333333333333,0.0703125
14417,0,CF2,L1,0.05,dictlearn,1,3,0.427396297454834,0,False,0.7333333333333333,0.8,0.609375
13624,0,CF2,L1,0.05,dictlearn,9,0,0.9034374356269836,0,False,0.7428571428571429,1.0,0.8203125
21083,0,CF2,L1,0.05,dictlearn,0,6,0.8561437129974365,0,False,0.7222222222222222,0.6666666666666666,0.46875
7556,0,CF2,L1,0.05,dictlearn,1,1,0.9896977543830872,1,False,0.6043956043956044,0.08791208791208792,0.03125
9289,0,CF2,L1,0.05,dictlearn,8,8,0.9142738580703735,1,False,0.6136363636363636,0.3409090909090909,0.1171875
19944,0,CF2,L1,0.05,dictlearn,3,3,0.7941634654998779,1,False,0.5602836879432624,0.1702127659574468,0.09375
6057,0,CF2,L1,0.05,dictlearn,1,1,0.822266161441803,1,False,0.5333333333333333,1.0,0.234375
23029,0,CF2,L1,0.05,dictlearn,8,6,0.2793181836605072,0,False,0.5483870967741935,0.7096774193548387,0.2578125
23668,0,CF2,L1,0.05,dictlearn,5,5,0.9653847217559814,1,False,0.6944444444444444,0.8333333333333334,0.46875
13115,0,CF2,L1,0.05,dictlearn,8,8,0.8582063913345337,1,False,0.7051282051282052,0.7692307692307693,0.46875
20635,0,CF2,L1,0.05,dictlearn,3,5,0.29917341470718384,0,False,0.6222222222222222,0.7777777777777778,0.2734375
4281,0,CF2,L1,0.05,dictlearn,4,4,0.9973589777946472,1,False,0.5185185185185185,1.0,0.2109375
4139,0,CF2,L1,0.05,dictlearn,9,2,0.5693904161453247,0,False,0.7051282051282052,0.358974358974359,0.21875
10652,0,CF2,L1,0.05,dictlearn,1,1,0.8812364935874939,1,False,0.7583333333333333,0.0,0.0
700,0,CF2,L1,0.05,dictlearn,1,1,0.996906578540802,1,False,0.5714285714285714,0.08571428571428572,0.0234375
5772,0,CF2,L1,0.05,dictlearn,3,8,0.4010365903377533,0,False,0.6666666666666666,0.7142857142857143,0.3515625
8114,0,CF2,L1,0.05,dictlearn,9,9,0.8618370294570923,1,False,0.5952380952380952,0.23809523809523808,0.078125
5964,0,CF2,L1,0.05,dictlearn,6,6,0.61299729347229,1,False,0.6481481481481481,0.5185185185185185,0.21875
17278,0,CF2,L1,0.05,dictlearn,7,7,0.5188367366790771,1,False,0.5555555555555556,0.7638888888888888,0.21484375
9961,0,CF2,L1,0.05,dictlearn,0,0,0.3157113492488861,1,False,0.6,1.0,0.3125
25974,0,CF2,L1,0.05,dictlearn,7,7,0.9998817443847656,1,False,0.43333333333333335,0.21666666666666667,0.05078125
14317,0,CF2,L1,0.05,dictlearn,3,3,0.9714847803115845,1,False,0.7923076923076923,0.2,0.203125
6485,0,CF2,L1,0.05,dictlearn,0,0,0.9959090948104858,1,False,0.5555555555555556,0.5833333333333334,0.1640625
18287,0,CF2,L1,0.05,dictlearn,0,0,0.9839513301849365,1,False,0.4230769230769231,0.25,0.05078125
11840,0,CF2,L1,0.05,dictlearn,4,4,0.8871104717254639,1,False,0.5454545454545454,0.16666666666666666,0.04296875
864,0,CF2,L1,0.05,dictlearn,0,0,0.9848214983940125,1,False,0.6933333333333334,0.42,0.24609375
20612,0,CF2,L1,0.05,dictlearn,1,1,0.8008884191513062,1,False,0.5555555555555556,0.0,0.0
21079,0,CF2,L1,0.05,dictlearn,1,1,0.9990636706352234,1,False,0.64,0.18,0.0703125
11286,0,CF2,L1,0.05,dictlearn,5,5,0.9927369356155396,1,False,0.6458333333333334,0.609375,0.45703125
788,0,CF2,L1,0.05,dictlearn,0,0,0.9901134967803955,1,False,0.5555555555555556,0.31746031746031744,0.078125
15932,0,CF2,L1,0.05,dictlearn,3,3,0.9346316456794739,1,False,0.625,0.4166666666666667,0.15625
18511,0,CF2,L1,0.05,dictlearn,3,3,0.9981170892715454,1,False,0.6545454545454545,0.6545454545454545,0.28125
21576,0,CF2,L1,0.05,dictlearn,5,1,0.6208070516586304,0,False,0.6694214876033058,0.49586776859504134,0.234375
17237,0,CF2,L1,0.05,dictlearn,2,2,0.9984084963798523,1,False,0.6545454545454545,0.36363636363636365,0.15625
2966,0,CF2,L1,0.05,dictlearn,2,2,0.999956488609314,1,False,0.5844155844155844,0.8571428571428571,0.2578125
16416,0,CF2,L1,0.05,dictlearn,5,5,0.8760183453559875,1,False,0.5833333333333334,0.875,0.24609375
1280,0,CF2,L1,0.05,dictlearn,5,5,0.8967629075050354,1,False,0.5333333333333333,0.0,0.0
24928,0,CF2,L1,0.05,dictlearn,0,3,0.2996665835380554,0,False,0.6694214876033058,0.5454545454545454,0.2578125
23837,0,CF2,L1,0.05,dictlearn,1,1,0.8808748126029968,1,False,0.6222222222222222,0.3,0.10546875
20230,0,CF2,L1,0.05,dictlearn,1,1,0.9978019595146179,1,False,0.5185185185185185,0.2777777777777778,0.05859375
23434,0,CF2,L1,0.05,dictlearn,5,5,0.9360820055007935,1,False,0.6114285714285714,0.18857142857142858,0.12890625
20522,0,CF2,L1,0.05,dictlearn,6,2,0.35598716139793396,0,False,0.42105263157894735,0.5263157894736842,0.15625
7789,0,CF2,L1,0.05,dictlearn,3,3,0.32335057854652405,1,False,0.6857142857142857,0.5,0.2734375
22086,0,CF2,L1,0.05,dictlearn,6,6,0.9759116768836975,1,False,0.7307692307692307,0.5192307692307693,0.421875
21339,0,CF2,L1,0.05,dictlearn,0,0,0.9911174774169922,1,False,0.6567164179104478,0.417910447761194,0.21875
6830,0,CF2,L1,0.05,dictlearn,9,9,0.9999862909317017,1,False,0.6545454545454545,0.6,0.2578125
20902,0,CF2,L1,0.05,dictlearn,2,2,0.9737628698348999,1,False,0.6122448979591837,1.0,0.3828125
17481,0,CF2,L1,0.05,dictlearn,5,5,0.9449720978736877,1,False,0.6124031007751938,0.43410852713178294,0.21875
3050,0,CF2,L1,0.05,dictlearn,6,6,0.2565997838973999,1,False,0.5844155844155844,0.4675324675324675,0.140625
409,0,CF2,L1,0.05,dictlearn,1,4,0.6452838182449341,0,False,0.6818181818181818,1.0,0.515625
14823,0,CF2,L1,0.05,dictlearn,7,7,0.902640163898468,1,False,0.6190476190476191,0.20952380952380953,0.0859375
22892,0,CF2,L1,0.05,dictlearn,9,9,0.5764581561088562,1,False,0.6043956043956044,0.6923076923076923,0.24609375
9470,0,CF2,L1,0.05,dictlearn,8,8,0.4531521201133728,1,False,0.5076923076923077,0.4,0.1015625
9543,0,CF2,L1,0.05,dictlearn,6,8,0.5437517166137695,0,False,0.36666666666666664,0.6,0.140625
22090,0,CF2,L1,0.05,dictlearn,5,5,0.9849751591682434,1,False,0.42857142857142855,0.19642857142857142,0.04296875
6045,0,CF2,L1,0.05,dictlearn,6,6,0.9500826001167297,1,False,0.6,1.0,0.3125
317,0,CF2,L1,0.05,dictlearn,8,8,0.9527879357337952,1,False,0.625,0.0625,0.0234375
15812,0,CF2,L1,0.05,dictlearn,0,0,0.995541512966156,1,False,0.6129032258064516,0.23870967741935484,0.14453125
18170,0,CF2,L1,0.05,dictlearn,9,9,0.6971145868301392,1,False,0.674074074074074,1.0,0.52734375
14781,0,CF2,L1,0.05,dictlearn,0,0,0.6792712211608887,1,False,0.5979381443298969,0.6185567010309279,0.234375
17886,0,CF2,L1,0.05,dictlearn,9,9,0.9591612815856934,1,False,0.6122448979591837,0.0,0.0
20049,0,CF2,L1,0.05,dictlearn,3,6,0.3700031638145447,0,False,0.6666666666666666,1.0,0.46875
13283,0,CF2,L1,0.05,dictlearn,0,0,0.6678565740585327,1,False,0.6923076923076923,0.5454545454545454,0.3046875
25830,0,CF2,L1,0.05,dictlearn,5,5,0.9994730353355408,1,False,0.5641025641025641,0.07692307692307693,0.0234375
14277,0,CF2,L1,0.05,dictlearn,9,9,0.8492628931999207,1,False,0.52,0.0,0.0
5908,0,CF2,L1,0.05,dictlearn,1,1,0.9887112379074097,1,False,0.6857142857142857,0.5,0.2734375
9731,0,CF2,L1,0.05,dictlearn,8,8,0.8849160075187683,1,False,0.5538461538461539,0.23076923076923078,0.05859375
14180,0,CF2,L1,0.05,dictlearn,9,9,0.9869018793106079,1,False,0.5833333333333334,1.0,0.28125
9246,0,CF2,L1,0.05,dictlearn,2,2,0.9807420969009399,1,False,0.46153846153846156,0.6153846153846154,0.1875
1656,0,CF2,L1,0.05,dictlearn,2,2,0.48673442006111145,1,False,0.674074074074074,0.2074074074074074,0.109375
17712,0,CF2,L1,0.05,dictlearn,1,1,0.6546861529350281,1,False,0.5625,1.0,0.25
25544,0,CF2,L1,0.05,dictlearn,9,0,0.7298482060432434,0,False,0.6694214876033058,0.7272727272727273,0.34375
1120,0,CF2,L1,0.05,dictlearn,5,5,0.831932783126831,1,False,0.7142857142857143,0.5892857142857143,0.38671875
1298,0,CF2,L1,0.05,dictlearn,6,5,0.7308535575866699,0,False,0.6694214876033058,0.2892561983471074,0.13671875
25570,0,CF2,L1,0.05,dictlearn,2,2,0.8614851236343384,1,False,0.7333333333333333,0.6153846153846154,0.46875
5370,0,CF2,L1,0.05,dictlearn,7,7,0.5614603161811829,1,False,0.7012987012987013,0.45454545454545453,0.2734375
19075,0,CF2,L1,0.05,dictlearn,2,2,0.9856686592102051,1,False,0.6043956043956044,0.0,0.0
8583,0,CF2,L1,0.05,dictlearn,0,7,0.2628709077835083,0,False,0.6481481481481481,0.5555555555555556,0.234375
2133,0,CF2,L1,0.05,dictlearn,0,3,0.24930527806282043,0,False,0.5142857142857142,0.7142857142857143,0.1953125
1982,0,CF2,L1,0.05,dictlearn,2,8,0.9524281620979309,0,False,0.7282608695652174,0.5597826086956522,0.40234375
950,0,CF2,L1,0.05,dictlearn,8,5,0.3831620514392853,0,False,0.6944444444444444,0.5,0.28125
19563,0,CF2,L1,0.05,dictlearn,4,4,0.9784464836120605,1,False,0.4375,0.1875,0.0703125
21023,0,CF2,L1,0.05,dictlearn,6,5,0.7902231812477112,0,False,0.6666666666666666,0.9285714285714286,0.45703125
15687,0,CF2,L1,0.05,dictlearn,0,0,0.29786553978919983,1,False,0.52,0.6,0.17578125
6444,0,CF2,L1,0.05,dictlearn,6,5,0.5598944425582886,0,False,0.6694214876033058,0.49586776859504134,0.234375
15735,0,CF2,L1,0.05,dictlearn,4,4,0.8315855264663696,1,False,0.7222222222222222,0.6666666666666666,0.46875
10651,0,CF2,L1,0.05,dictlearn,0,0,0.8538831472396851,1,False,0.5,0.3333333333333333,0.078125
13256,0,CF2,L1,0.05,dictlearn,1,1,0.999277651309967,1,False,0.5555555555555556,1.0,0.28125
16855,0,CF2,L1,0.05,dictlearn,6,3,0.49070391058921814,0,False,0.574468085106383,0.3829787234042553,0.2109375
14884,0,CF2,L1,0.05,dictlearn,9,9,0.8586019277572632,1,False,0.5555555555555556,0.6111111111111112,0.171875
21884,0,CF2,L1,0.05,dictlearn,6,6,0.83201003074646,1,False,0.7346938775510204,0.4489795918367347,0.34375
5078,0,CF2,L1,0.05,dictlearn,3,3,0.5784794688224792,1,False,0.35714285714285715,0.19642857142857142,0.04296875
20419,0,CF2,L1,0.05,dictlearn,9,2,0.46405357122421265,0,False,0.5714285714285714,0.47619047619047616,0.15625
20521,0,CF2,L1,0.05,dictlearn,5,5,0.9577615261077881,1,False,0.5333333333333333,0.0,0.0
23257,0,CF2,L1,0.05,dictlearn,5,5,0.3466402590274811,1,False,0.49019607843137253,0.696078431372549,0.27734375
17190,0,CF2,L1,0.05,dictlearn,2,2,0.9370655417442322,1,False,0.6346153846153846,0.625,0.25390625
15631,0,CF2,L1,0.05,dictlearn,8,8,0.9925330877304077,1,False,0.5714285714285714,0.3333333333333333,0.109375
504,0,CF2,L1,0.05,dictlearn,0,9,0.5615884065628052,0,False,0.6581196581196581,0.6153846153846154,0.28125
14990,0,CF2,L1,0.05,dictlearn,3,3,0.998083233833313,1,False,0.6190476190476191,0.8666666666666667,0.35546875
24512,0,CF2,L1,0.05,dictlearn,8,9,0.6608760952949524,0,False,0.674074074074074,1.0,0.52734375
23120,0,CF2,L1,0.05,dictlearn,7,1,0.530470609664917,0,False,0.7252747252747253,0.6153846153846154,0.4375
3357,0,CF2,L1,0.05,dictlearn,2,2,0.9888750314712524,1,False,0.6428571428571429,0.07142857142857142,0.03125
8088,0,CF2,L1,0.05,dictlearn,1,1,0.9551106691360474,1,False,0.65,0.0,0.0
21849,0,CF2,L1,0.05,dictlearn,9,9,0.8263019323348999,1,False,0.5945945945945946,0.24324324324324326,0.140625
13683,0,CF2,L1,0.05,dictlearn,0,0,0.40135708451271057,1,False,0.6346153846153846,1.0,0.40625
22718,0,CF2,L1,0.05,dictlearn,9,3,0.5764580965042114,0,False,0.5789473684210527,0.43859649122807015,0.1953125
9927,0,CF2,L1,0.05,dictlearn,4,4,0.9870010614395142,1,False,0.5952380952380952,0.4166666666666667,0.13671875
11425,0,CF2,L1,0.05,dictlearn,0,0,0.9803900122642517,1,False,0.65,0.4666666666666667,0.21875
14578,0,CF2,L1,0.05,dictlearn,0,0,0.6300126314163208,1,False,0.7897435897435897,0.2512820512820513,0.19140625
25481,0,CF2,L1,0.05,dictlearn,8,8,0.6769853830337524,1,False,0.5897435897435898,0.1794871794871795,0.08203125
11269,0,CF2,L1,0.05,dictlearn,5,5,0.9940950870513916,1,False,0.6,0.525,0.1640625
12877,0,CF2,L1,0.05,dictlearn,5,5,0.8802980780601501,1,False,0.6190476190476191,0.7142857142857143,0.29296875
22531,0,CF2,L1,0.05,dictlearn,9,9,0.6048882007598877,1,False,0.4489795918367347,0.4897959183673469,0.1875
13150,0,CF2,L1,0.05,dictlearn,3,6,0.32276445627212524,0,False,0.7087378640776699,0.5631067961165048,0.453125
5654,0,CF2,L1,0.05,dictlearn,8,5,0.4744846522808075,0,False,0.52,0.4,0.1171875
1286,0,CF2,L1,0.05,dictlearn,7,7,0.9936181306838989,1,False,0.5555555555555556,0.5555555555555556,0.13671875
1652,0,CF2,L1,0.05,dictlearn,1,1,0.998445451259613,1,False,0.7012987012987013,0.7272727272727273,0.4375
22335,0,CF2,L1,0.05,dictlearn,2,2,0.7646005153656006,1,False,0.6043956043956044,1.0,0.35546875
23848,0,CF2,L1,0.05,dictlearn,3,3,0.9057737588882446,1,False,0.6190476190476191,0.9333333333333333,0.3828125
2892,0,CF2,L1,0.05,dictlearn,6,6,0.7535028457641602,1,False,0.7959183673469388,0.24489795918367346,0.1875
16530,0,CF2,L1,0.05,dictlearn,8,3,0.6238728165626526,0,False,0.7142857142857143,0.5238095238095238,0.34375
12848,0,CF2,L1,0.05,dictlearn,8,8,0.9770976305007935,1,False,0.5185185185185185,0.18518518518518517,0.0390625
7330,0,CF2,L1,0.05,dictlearn,7,7,0.9121412038803101,1,False,0.7222222222222222,0.5,0.3515625
3676,0,CF2,L1,0.05,dictlearn,1,2,0.44878819584846497,0,False,0.6857142857142857,0.8571428571428571,0.46875
19966,0,CF2,L1,0.05,dictlearn,8,8,0.5788251161575317,1,False,0.7142857142857143,0.4166666666666667,0.2734375
8382,0,CF2,L1,0.05,dictlearn,5,6,0.9393512606620789,0,False,0.7159763313609467,0.6923076923076923,0.45703125
19660,0,CF2,L1,0.05,dictlearn,7,2,0.9096760749816895,0,False,0.6190476190476191,0.11428571428571428,0.046875
2508,0,CF2,L1,0.05,dictlearn,9,9,0.4336133301258087,1,False,0.6666666666666666,0.5079365079365079,0.25
2360,0,CF2,L1,0.05,dictlearn,4,4,0.9293738007545471,1,False,0.7051282051282052,0.44871794871794873,0.2734375
16796,0,CF2,L1,0.05,dictlearn,1,1,0.9948413968086243,1,False,0.5692307692307692,0.8076923076923077,0.41015625
23426,0,CF2,L1,0.05,dictlearn,9,2,0.43999508023262024,0,False,0.5555555555555556,0.625,0.17578125
15590,0,CF2,L1,0.05,dictlearn,2,9,0.7257816195487976,0,False,0.7012987012987013,0.2077922077922078,0.125
6302,0,CF2,L1,0.05,dictlearn,3,3,0.5343169569969177,1,False,0.676923076923077,0.6923076923076923,0.3515625
24519,0,CF2,L1,0.05,dictlearn,7,7,0.7063305974006653,1,False,0.4230769230769231,0.0,0.0
23276,0,CF2,L1,0.05,dictlearn,2,2,0.7369799613952637,1,False,0.7638888888888888,0.3333333333333333,0.1875
24566,0,CF2,L1,0.05,dictlearn,8,8,0.6856999397277832,1,False,0.52,0.9333333333333333,0.2734375
20978,0,CF2,L1,0.05,dictlearn,1,4,0.9893390536308289,0,False,0.65,0.8166666666666667,0.3828125
8990,0,CF2,L1,0.05,dictlearn,3,2,0.6088338494300842,0,False,0.5555555555555556,0.6111111111111112,0.171875
11061,0,CF2,L1,0.05,dictlearn,7,7,0.6323207020759583,1,False,0.6043956043956044,1.0,0.35546875
7075,0,CF2,L1,0.05,dictlearn,9,2,0.5756282210350037,0,False,0.7012987012987013,0.6363636363636364,0.3828125
17641,0,CF2,L1,0.05,dictlearn,2,2,0.9991759657859802,1,False,0.6312849162011173,0.4301675977653631,0.30078125
12077,0,CF2,L1,0.05,dictlearn,9,9,0.9950242638587952,1,False,0.6428571428571429,0.7142857142857143,0.3125
1779,0,CF2,L1,0.05,dictlearn,7,7,0.995241641998291,1,False,0.5641025641025641,0.46153846153846156,0.140625
11519,0,CF2,L1,0.05,dictlearn,4,4,0.522879958152771,1,False,0.6043956043956044,0.0,0.0
8549,0,CF2,L1,0.05,dictlearn,3,3,0.7845033407211304,1,False,0.5076923076923077,0.8,0.203125
14623,0,CF2,L1,0.05,dictlearn,6,5,0.6262078881263733,0,False,0.6666666666666666,0.5714285714285714,0.28125
10846,0,CF2,L1,0.05,dictlearn,3,3,0.9950475692749023,1,False,0.6481481481481481,0.2962962962962963,0.125
16289,0,CF2,L1,0.05,dictlearn,3,3,0.9558866620063782,1,False,0.6190476190476191,0.17142857142857143,0.0703125
12311,0,CF2,L1,0.05,dictlearn,8,8,0.7699700593948364,1,False,0.5777777777777777,0.6,0.2109375
6068,0,CF2,L1,0.05,dictlearn,8,8,0.7564463019371033,1,False,0.5555555555555556,0.38095238095238093,0.09375
9629,0,CF2,L1,0.05,dictlearn,6,6,0.4195784628391266,1,False,0.5145631067961165,0.46601941747572817,0.1875
19560,0,CF2,L1,0.05,dictlearn,3,5,0.3401949405670166,0,False,0.5952380952380952,1.0,0.328125
10379,0,CF2,L1,0.05,dictlearn,8,2,0.740825891494751,0,False,0.5263157894736842,0.3684210526315789,0.1640625
6499,0,CF2,L1,0.05,dictlearn,9,6,0.6998905539512634,0,False,0.7878787878787878,0.16363636363636364,0.10546875
1159,0,CF2,L1,0.05,dictlearn,0,0,0.9982181191444397,1,False,0.5979381443298969,0.05154639175257732,0.01953125
4366,0,CF2,L1,0.05,dictlearn,7,7,0.9874879121780396,1,False,0.674074074074074,0.4074074074074074,0.21484375
8397,0,CF2,L1,0.05,dictlearn,1,0,0.7074304223060608,0,False,0.5833333333333334,0.375,0.140625
20905,0,CF2,L1,0.05,dictlearn,9,9,0.4769144654273987,1,False,0.7070707070707071,0.21212121212121213,0.08203125
15746,0,CF2,L1,0.05,dictlearn,5,5,0.9617184996604919,1,False,0.674074074074074,0.8666666666666667,0.45703125
9402,0,CF2,L1,0.05,dictlearn,3,8,0.9567110538482666,0,False,0.6305732484076433,0.5796178343949044,0.35546875
8164,0,CF2,L1,0.05,dictlearn,2,2,0.4426097869873047,1,False,0.5333333333333333,1.0,0.234375
510,0,CF2,L1,0.05,dictlearn,5,5,0.5739675164222717,1,False,0.6666666666666666,0.15873015873015872,0.078125
24070,0,CF2,L1,0.05,dictlearn,9,7,0.383594810962677,0,False,0.7428571428571429,0.9285714285714286,0.76171875
2401,0,CF2,L1,0.05,dictlearn,4,4,0.9851474165916443,1,False,0.6078431372549019,0.3137254901960784,0.1875
12147,0,CF2,L1,0.05,dictlearn,3,3,0.9628307223320007,1,False,0.6,0.6125,0.19140625
14499,0,CF2,L1,0.05,dictlearn,6,6,0.8454453945159912,1,False,0.5333333333333333,1.0,0.234375
3530,0,CF2,L1,0.05,dictlearn,6,6,0.9648545980453491,1,False,0.8428571428571429,0.23809523809523808,0.1953125
14723,0,CF2,L1,0.05,dictlearn,7,7,0.7995375990867615,1,False,0.6346153846153846,0.5384615384615384,0.21875
4435,0,CF2,L1,0.05,dictlearn,3,3,0.9170014262199402,1,False,0.6346153846153846,0.23076923076923078,0.09375
22852,0,CF2,L1,0.05,dictlearn,2,2,0.5874204039573669,1,False,0.5185185185185185,0.2962962962962963,0.0625
8461,0,CF2,L1,0.05,dictlearn,3,3,0.8232321739196777,1,False,0.6,0.125,0.0390625
21972,0,CF2,L1,0.05,dictlearn,7,7,0.9993316531181335,1,False,0.6530612244897959,0.5204081632653061,0.3984375
5410,0,CF2,L1,0.05,dictlearn,4,4,0.39544686675071716,1,False,0.5652173913043478,0.5652173913043478,0.25390625
17754,0,CF2,L1,0.05,dictlearn,6,6,0.9667375683784485,1,False,0.6581196581196581,0.5384615384615384,0.24609375
15311,0,CF2,L1,0.05,dictlearn,2,2,0.999723494052887,1,False,0.5,0.24242424242424243,0.0625
15185,0,CF2,L1,0.05,dictlearn,1,1,0.9123147130012512,1,False,0.35714285714285715,0.5714285714285714,0.125
5663,0,CF2,L1,0.05,dictlearn,4,4,0.6405096054077148,1,False,0.6363636363636364,0.6363636363636364,0.24609375
6247,0,CF2,L1,0.05,dictlearn,6,5,0.5522411465644836,0,False,0.6043956043956044,1.0,0.35546875
15287,0,CF2,L1,0.05,dictlearn,0,4,0.8009148240089417,0,False,0.5,0.6818181818181818,0.234375
19902,0,CF2,L1,0.05,dictlearn,0,0,0.9954261183738708,1,False,0.5555555555555556,0.47619047619047616,0.1171875
25188,0,CF2,L1,0.05,dictlearn,4,4,0.8030981421470642,1,False,0.5757575757575758,0.7272727272727273,0.375
11195,0,CF2,L1,0.05,dictlearn,8,8,0.610003650188446,1,False,0.6632653061224489,0.42857142857142855,0.1640625
4828,0,CF2,L1,0.05,dictlearn,7,1,0.41550883650779724,0,False,0.5844155844155844,0.8181818181818182,0.24609375
23751,0,CF2,L1,0.05,dictlearn,5,5,0.5055361986160278,1,False,0.7012987012987013,0.6233766233766234,0.375
9464,0,CF2,L1,0.05,dictlearn,3,3,0.7975842952728271,1,False,0.6121212121212121,0.6848484848484848,0.44140625
25723,0,CF2,L1,0.05,dictlearn,0,0,0.9263677000999451,1,False,0.6857142857142857,0.6428571428571429,0.3515625
16859,0,CF2,L1,0.05,dictlearn,5,5,0.7505336403846741,1,False,0.64,0.36,0.140625
3601,0,CF2,L1,0.05,dictlearn,1,3,0.7126380801200867,0,False,0.6666666666666666,0.6666666666666666,0.328125
11679,0,CF2,L1,0.05,dictlearn,6,6,0.9600654244422913,1,False,0.6428571428571429,0.7857142857142857,0.34375
12135,0,CF2,L1,0.05,dictlearn,7,1,0.5308881402015686,0,False,0.7051282051282052,0.0,0.0
16329,0,CF2,L1,0.05,dictlearn,1,1,0.7962754964828491,1,False,0.7552447552447552,0.38461538461538464,0.21484375
94,0,CF2,L1,0.05,dictlearn,4,4,0.6844328045845032,1,False,0.7346938775510204,0.5510204081632653,0.421875
14517,0,CF2,L1,0.05,dictlearn,9,5,0.47544747591018677,0,False,0.6857142857142857,0.5714285714285714,0.3125
16852,0,CF2,L1,0.05,dictlearn,3,3,0.9928587675094604,1,False,0.6818181818181818,0.30303030303030304,0.15625
6852,0,CF2,L1,0.05,dictlearn,6,6,0.7056103944778442,1,False,0.6818181818181818,0.5454545454545454,0.28125
24858,0,CF2,L1,0.05,dictlearn,3,3,0.8113434314727783,1,False,0.6933333333333334,0.6666666666666666,0.390625
297,0,CF2,L1,0.05,dictlearn,9,9,0.8182955384254456,1,False,0.6857142857142857,0.25,0.13671875
12339,0,CF2,L1,0.05,dictlearn,2,2,0.9996640682220459,1,False,0.6428571428571429,0.32142857142857145,0.140625
20811,0,CF2,L1,0.05,dictlearn,8,6,0.5901404619216919,0,False,0.6222222222222222,0.3,0.10546875
12439,0,CF2,L1,0.05,dictlearn,5,5,0.9531470537185669,1,False,0.6704545454545454,0.36363636363636365,0.25
16632,0,CF2,L1,0.05,dictlearn,9,0,0.841925859451294,0,False,0.5185185185185185,1.0,0.2109375
5798,0,CF2,L1,0.05,dictlearn,4,9,0.4622311592102051,0,False,0.6140350877192983,0.5350877192982456,0.23828125
18458,0,CF2,L1,0.05,dictlearn,3,9,0.4653002619743347,0,False,0.674074074074074,0.8,0.421875
6105,0,CF2,L1,0.05,dictlearn,5,5,0.46311506628990173,1,False,0.6581196581196581,0.7692307692307693,0.3515625
10321,0,CF2,L1,0.05,dictlearn,6,6,0.6218287944793701,1,False,0.6,0.5,0.15625
21771,0,CF2,L1,0.05,dictlearn,7,7,0.994071900844574,1,False,0.5833333333333334,0.3333333333333333,0.09375
22194,0,CF2,L1,0.05,dictlearn,0,6,0.5269368886947632,0,False,0.7511111111111111,0.56,0.4921875
6,0,CF2,L1,0.05,dictlearn,9,9,0.6650186777114868,1,False,0.7142857142857143,0.3273809523809524,0.21484375
912,0,CF2,L1,0.05,dictlearn,7,7,0.7120810747146606,1,False,0.6222222222222222,1.0,0.3515625
16910,0,CF2,L1,0.05,dictlearn,5,5,0.9197186231613159,1,False,0.6136363636363636,0.7272727272727273,0.25
18738,0,CF2,L1,0.05,dictlearn,7,7,0.998688280582428,1,False,0.7878787878787878,0.2,0.12890625
18020,0,CF2,L1,0.05,dictlearn,9,9,0.9420045614242554,1,False,0.6546762589928058,0.7122302158273381,0.38671875
3462,0,CF2,L1,0.05,dictlearn,8,5,0.24494880437850952,0,False,0.5076923076923077,0.46153846153846156,0.1171875
5696,0,CF2,L1,0.05,dictlearn,1,1,0.27994921803474426,1,False,0.7051282051282052,0.28846153846153844,0.17578125
15066,0,CF2,L1,0.05,dictlearn,3,3,0.8894972801208496,1,False,0.6136363636363636,0.5113636363636364,0.17578125
10653,0,CF2,L1,0.05,dictlearn,9,5,0.5926269888877869,0,False,0.6458333333333334,0.6510416666666666,0.48828125
13337,0,CF2,L1,0.05,dictlearn,2,2,0.999982476234436,1,False,0.7792207792207793,0.19480519480519481,0.1171875
12340,0,CF2,L1,0.05,dictlearn,5,5,0.9818026423454285,1,False,0.5142857142857142,0.6857142857142857,0.1875
9536,0,CF2,L1,0.05,dictlearn,0,0,0.6073580980300903,1,False,0.7142857142857143,0.5357142857142857,0.3515625
3566,0,CF2,L1,0.05,dictlearn,4,4,0.9418290853500366,1,False,0.5952380952380952,0.75,0.24609375
20090,0,CF2,L1,0.05,dictlearn,4,4,0.9417594075202942,1,False,0.42857142857142855,0.0,0.0
211,0,CF2,L1,0.05,dictlearn,0,0,0.5255476832389832,1,False,0.7428571428571429,0.45714285714285713,0.375
55,0,CF2,L1,0.05,dictlearn,8,6,0.385318398475647,0,False,0.6545454545454545,0.36363636363636365,0.15625
1477,0,CF2,L1,0.05,dictlearn,2,1,0.3367087244987488,0,False,0.6545454545454545,0.2545454545454545,0.109375
25898,0,CF2,L1,0.05,dictlearn,0,6,0.8422864675521851,0,False,0.4230769230769231,0.5384615384615384,0.109375
25713,0,CF2,L1,0.05,dictlearn,0,9,0.569987416267395,0,False,0.7142857142857143,0.6428571428571429,0.421875
18055,0,CF2,L1,0.05,dictlearn,3,9,0.967639684677124,0,False,0.725925925925926,0.4666666666666667,0.24609375
17461,0,CF2,L1,0.05,dictlearn,3,3,0.9488128423690796,1,False,0.65,0.08333333333333333,0.0390625
14237,0,CF2,L1,0.05,dictlearn,7,7,0.466096431016922,1,False,0.43333333333333335,1.0,0.234375
13858,0,CF2,L1,0.05,dictlearn,1,1,0.9950160384178162,1,False,0.5952380952380952,1.0,0.328125
12386,0,CF2,L1,0.05,dictlearn,5,5,0.7925740480422974,1,False,0.7333333333333333,0.5333333333333333,0.40625
7223,0,CF2,L1,0.05,dictlearn,9,9,0.9763001203536987,1,False,0.5849056603773585,0.33962264150943394,0.140625
3153,0,CF2,L1,0.05,dictlearn,5,9,0.4378916621208191,0,False,0.6818181818181818,0.4090909090909091,0.2109375
23265,0,CF2,L1,0.05,dictlearn,8,4,0.8335964679718018,0,False,0.6694214876033058,0.4049586776859504,0.19140625
9465,0,CF2,L1,0.05,dictlearn,0,6,0.6911165118217468,0,False,0.6666666666666666,0.8,0.375
7419,0,CF2,L1,0.05,dictlearn,0,0,0.9965608716011047,1,False,0.5952380952380952,0.47619047619047616,0.15625
4722,0,CF2,L1,0.05,dictlearn,6,6,0.7863669395446777,1,False,0.5454545454545454,0.30303030303030304,0.078125
23448,0,CF2,L1,0.05,dictlearn,6,6,0.7063192129135132,1,False,0.5,0.9166666666666666,0.21484375
8222,0,CF2,L1,0.05,dictlearn,2,2,0.7732987999916077,1,False,0.6857142857142857,0.35714285714285715,0.1953125
20898,0,CF2,L1,0.05,dictlearn,8,8,0.7878614068031311,1,False,0.6666666666666666,0.3888888888888889,0.19140625
23313,0,CF2,L1,0.05,dictlearn,2,2,0.7891052961349487,1,False,0.5357142857142857,0.0,0.0
13426,0,CF2,L1,0.05,dictlearn,2,2,0.999705970287323,1,False,0.5976331360946746,0.514792899408284,0.33984375
25136,0,CF2,L1,0.05,dictlearn,4,4,0.9999271631240845,1,False,0.5363636363636364,0.41818181818181815,0.1796875
9268,0,CF2,L1,0.05,dictlearn,4,4,0.9752453565597534,1,False,0.46153846153846156,0.4423076923076923,0.08984375
3892,0,CF2,L1,0.05,dictlearn,1,3,0.4917244017124176,0,False,0.5878787878787879,0.6727272727272727,0.43359375
4115,0,CF2,L1,0.05,dictlearn,3,0,0.6213397979736328,0,False,0.6545454545454545,0.2545454545454545,0.109375
5166,0,CF2,L1,0.05,dictlearn,7,7,0.9946866035461426,1,False,0.5952380952380952,0.7142857142857143,0.234375
14984,0,CF2,L1,0.05,dictlearn,3,3,0.4683929681777954,1,False,0.4,0.2625,0.08203125
10520,0,CF2,L1,0.05,dictlearn,1,1,0.9862966537475586,1,False,0.5333333333333333,0.4,0.09375
4379,0,CF2,L1,0.05,dictlearn,2,2,0.9999297857284546,1,False,0.4796747967479675,0.0,0.0
8937,0,CF2,L1,0.05,dictlearn,1,8,0.47118905186653137,0,False,0.674074074074074,0.8666666666666667,0.45703125
17550,0,CF2,L1,0.05,dictlearn,9,9,0.6524300575256348,1,False,0.7738095238095238,0.42857142857142855,0.28125
19085,0,CF2,L1,0.05,dictlearn,9,0,0.44367286562919617,0,False,0.6164383561643836,0.815068493150685,0.46484375
17902,0,CF2,L1,0.05,dictlearn,6,6,0.7068964838981628,1,False,0.5142857142857142,0.0,0.0
14780,0,CF2,L1,0.05,dictlearn,8,3,0.6831486821174622,0,False,0.6857142857142857,0.0,0.0
8401,0,CF2,L1,0.05,dictlearn,0,3,0.3727831244468689,0,False,0.6222222222222222,0.8333333333333334,0.5859375
11230,0,CF2,L1,0.05,dictlearn,2,2,0.7598215937614441,1,False,0.5625,0.75,0.1875
1772,0,CF2,L1,0.05,dictlearn,3,3,0.91358482837677,1,False,0.610062893081761,0.5911949685534591,0.3671875
13326,0,CF2,L1,0.05,dictlearn,4,4,0.9988466501235962,1,False,0.5423728813559322,0.652542372881356,0.30078125
15230,0,CF2,L1,0.05,dictlearn,5,3,0.9209486246109009,0,False,0.6666666666666666,0.7,0.328125
20557,0,CF2,L1,0.05,dictlearn,0,0,0.9772469997406006,1,False,0.6694214876033058,0.6363636363636364,0.30078125
9555,0,CF2,L1,0.05,dictlearn,1,1,0.9977426528930664,1,False,0.52,0.48,0.140625
3667,0,CF2,L1,0.05,dictlearn,6,6,0.8690782785415649,1,False,0.64,0.9,0.3515625
5316,0,CF2,L1,0.05,dictlearn,5,5,0.6798124313354492,1,False,0.674074074074074,0.4074074074074074,0.21484375
3606,0,CF2,L1,0.05,dictlearn,5,5,0.40000101923942566,1,False,0.5844155844155844,0.06493506493506493,0.01953125
25776,0,CF2,L1,0.05,dictlearn,6,6,0.9923405647277832,1,False,0.4909090909090909,0.8,0.171875
22231,0,CF2,L1,0.05,dictlearn,1,1,0.7776268720626831,1,False,0.664179104477612,0.8059701492537313,0.421875
10855,0,CF2,L1,0.05,dictlearn,7,7,0.9910962581634521,1,False,0.8047619047619048,0.2571428571428571,0.2109375
130,0,CF2,L1,0.05,dictlearn,6,6,0.9885770082473755,1,False,0.6043956043956044,0.3956043956043956,0.140625
434,0,CF2,L1,0.05,dictlearn,8,8,0.4464716613292694,1,False,0.6666666666666666,0.2222222222222222,0.109375
5308,0,CF2,L1,0.05,dictlearn,5,3,0.7728137373924255,0,False,0.6816326530612244,0.2979591836734694,0.28515625
17682,0,CF2,L1,0.05,dictlearn,4,2,0.453294575214386,0,False,0.6857142857142857,0.4,0.21875
16682,0,CF2,L1,0.05,dictlearn,8,8,0.9248519539833069,1,False,0.6481481481481481,0.3333333333333333,0.140625
12660,0,CF2,L1,0.05,dictlearn,5,5,0.9434042572975159,1,False,0.5333333333333333,0.23333333333333334,0.0546875
21362,0,CF2,L1,0.05,dictlearn,5,5,0.976459801197052,1,False,0.5844155844155844,0.3116883116883117,0.09375
15483,0,CF2,L1,0.05,dictlearn,4,2,0.6958852410316467,0,False,0.5857142857142857,0.5714285714285714,0.3125
5289,0,CF2,L1,0.05,dictlearn,5,5,0.6797757148742676,1,False,0.6764705882352942,0.3161764705882353,0.16796875
19757,0,CF2,L1,0.05,dictlearn,1,1,0.9982596039772034,1,False,0.6190476190476191,0.5714285714285714,0.234375
6799,0,CF2,L1,0.05,dictlearn,2,2,0.9912731051445007,1,False,0.5357142857142857,0.17857142857142858,0.0390625
18871,0,CF2,L1,0.05,dictlearn,2,2,0.9987338185310364,1,False,0.5433070866141733,0.30708661417322836,0.15234375
4740,0,CF2,L1,0.05,dictlearn,3,3,0.7713254690170288,1,False,0.5555555555555556,0.6666666666666666,0.1640625
14926,0,CF2,L1,0.05,dictlearn,5,5,0.8743972778320312,1,False,0.5076923076923077,0.6923076923076923,0.17578125
3549,0,CF2,L1,0.05,dictlearn,4,4,0.6376304626464844,1,False,0.5142857142857142,0.0,0.0
13336,0,CF2,L1,0.05,dictlearn,9,9,0.4839519262313843,1,False,0.6346153846153846,0.6923076923076923,0.28125
8302,0,CF2,L1,0.05,dictlearn,3,2,0.512455940246582,0,False,0.42857142857142855,1.0,0.21875
19884,0,CF2,L1,0.05,dictlearn,8,8,0.6780613660812378,1,False,0.52,0.0,0.0
6927,0,CF2,L1,0.05,dictlearn,1,1,0.6496549248695374,1,False,0.5076923076923077,0.9230769230769231,0.234375
15277,0,CF2,L1,0.05,dictlearn,6,6,0.9836327433586121,1,False,0.5714285714285714,0.7857142857142857,0.2578125
20278,0,CF2,L1,0.05,dictlearn,3,3,0.9647703766822815,1,False,0.5185185185185185,0.0,0.0
654,0,CF2,L1,0.05,dictlearn,8,8,0.8686434626579285,1,False,0.5666666666666667,0.575,0.26953125
19020,0,CF2,L1,0.05,dictlearn,0,0,0.5345748662948608,1,False,0.6666666666666666,0.6428571428571429,0.31640625
25403,0,CF2,L1,0.05,dictlearn,3,3,0.9652878046035767,1,False,0.6875,0.25,0.09375
1745,0,CF2,L1,0.05,dictlearn,8,6,0.7770822644233704,0,False,0.6481481481481481,0.9166666666666666,0.38671875
10726,0,CF2,L1,0.05,dictlearn,4,3,0.8333471417427063,0,False,0.7333333333333333,0.6153846153846154,0.46875
23431,0,CF2,L1,0.05,dictlearn,4,4,0.9924858808517456,1,False,0.5873015873015873,0.6666666666666666,0.328125
231,0,CF2,L1,0.05,dictlearn,5,0,0.533201277256012,0,False,0.7511111111111111,0.6933333333333334,0.609375
20678,0,CF2,L1,0.05,dictlearn,7,8,0.42366188764572144,0,False,0.8047619047619048,0.4,0.328125
15851,0,CF2,L1,0.05,dictlearn,1,1,0.5021868348121643,1,False,0.6850393700787402,0.33070866141732286,0.328125
24015,0,CF2,L1,0.05,dictlearn,0,0,0.9999419450759888,1,False,0.5694444444444444,0.0763888888888889,0.04296875
1082,0,CF2,L1,0.05,dictlearn,6,8,0.4628773629665375,0,False,0.7428571428571429,0.0,0.0
5573,0,CF2,L1,0.05,dictlearn,8,8,0.37592804431915283,1,False,0.6818181818181818,0.75,0.38671875
11289,0,CF2,L1,0.05,dictlearn,1,1,0.9997532963752747,1,False,0.4444444444444444,0.20833333333333334,0.05859375
1751,0,CF2,L1,0.05,dictlearn,0,5,0.5219927430152893,0,False,0.6857142857142857,1.0,0.546875
4594,0,CF2,L1,0.05,dictlearn,6,6,0.972854733467102,1,False,0.8181818181818182,0.05454545454545454,0.0234375
21127,0,CF2,L1,0.05,dictlearn,8,8,0.9734217524528503,1,False,0.5142857142857142,0.5714285714285714,0.15625
12370,0,CF2,L1,0.05,dictlearn,4,4,0.8983279466629028,1,False,0.5844155844155844,0.36363636363636365,0.109375
4125,0,CF2,L1,0.05,dictlearn,6,6,0.997107207775116,1,False,0.7090909090909091,0.38181818181818183,0.24609375
11008,0,CF2,L1,0.05,dictlearn,1,1,0.35340386629104614,1,False,0.5476190476190477,0.9047619047619048,0.296875
23395,0,CF2,L1,0.05,dictlearn,7,7,0.9924159049987793,1,False,0.5777777777777777,0.0,0.0
3080,0,CF2,L1,0.05,dictlearn,3,3,0.9796282052993774,1,False,0.6136363636363636,0.625,0.21484375
22400,0,CF2,L1,0.05,dictlearn,0,0,0.7545333504676819,1,False,0.6410256410256411,0.46153846153846156,0.3515625
22514,0,CF2,L1,0.05,dictlearn,1,1,0.5437019467353821,1,False,0.7159763313609467,0.7159763313609467,0.47265625
15137,0,CF2,L1,0.05,dictlearn,0,0,0.982092022895813,1,False,0.5714285714285714,0.09523809523809523,0.03125
6681,0,CF2,L1,0.05,dictlearn,0,0,0.8356072902679443,1,False,0.6756756756756757,0.20270270270270271,0.17578125
5219,0,CF2,L1,0.05,dictlearn,5,5,0.4728923439979553,1,False,0.6122448979591837,0.7142857142857143,0.2734375
2355,0,CF2,L1,0.05,dictlearn,2,2,0.567371129989624,1,False,0.7857142857142857,0.26373626373626374,0.1875
4674,0,CF2,L1,0.05,dictlearn,5,3,0.5996330380439758,0,False,0.6122448979591837,0.8571428571428571,0.328125
14575,0,CF2,L1,0.05,dictlearn,1,1,0.9999964237213135,1,False,0.7597402597402597,0.19480519480519481,0.1171875
6563,0,CF2,L1,0.05,dictlearn,5,5,0.9161177277565002,1,False,0.4230769230769231,0.46153846153846156,0.09375
17492,0,CF2,L1,0.05,dictlearn,9,5,0.34347692131996155,0,False,0.5777777777777777,0.6,0.2109375
15770,0,CF2,L1,0.05,dictlearn,7,7,0.9844925403594971,1,False,0.5076923076923077,0.6923076923076923,0.17578125
20830,0,CF2,L1,0.05,dictlearn,1,1,0.8028018474578857,1,False,0.7012987012987013,0.4675324675324675,0.28125
1777,0,CF2,L1,0.05,dictlearn,2,2,0.9353060126304626,1,False,0.6581196581196581,0.41025641025641024,0.1875
21617,0,CF2,L1,0.05,dictlearn,7,7,0.9990967512130737,1,False,0.5555555555555556,0.6666666666666666,0.1640625
21293,0,CF2,L1,0.05,dictlearn,4,4,0.3261856734752655,1,False,0.5,0.8333333333333334,0.1953125
14504,0,CF2,L1,0.05,dictlearn,0,6,0.42535310983657837,0,False,0.6545454545454545,1.0,0.4296875
21236,0,CF2,L1,0.05,dictlearn,7,9,0.8552178740501404,0,False,0.7051282051282052,0.7692307692307693,0.46875
18558,0,CF2,L1,0.05,dictlearn,4,4,0.9879748821258545,1,False,0.42857142857142855,0.4642857142857143,0.1015625
22916,0,CF2,L1,0.05,dictlearn,8,6,0.5255512595176697,0,False,0.6688741721854304,0.8344370860927153,0.4921875
18760,0,CF2,L1,0.05,dictlearn,6,7,0.48835060000419617,0,False,0.6557377049180327,1.0,0.4765625
17389,0,CF2,L1,0.05,dictlearn,8,3,0.9506465792655945,0,False,0.7090909090909091,0.4909090909090909,0.31640625
13155,0,CF2,L1,0.05,dictlearn,8,8,0.2791370451450348,1,False,0.5076923076923077,1.0,0.25390625
13999,0,CF2,L1,0.05,dictlearn,5,5,0.9717997908592224,1,False,0.5844155844155844,0.7272727272727273,0.21875
10265,0,CF2,L1,0.05,dictlearn,8,8,0.9563371539115906,1,False,0.625,0.9166666666666666,0.34375
17239,0,CF2,L1,0.05,dictlearn,2,2,0.9988225102424622,1,False,0.674074074074074,0.5185185185185185,0.2734375
6288,0,CF2,L1,0.05,dictlearn,3,3,0.46213164925575256,1,False,0.5357142857142857,1.0,0.21875
11514,0,CF2,L1,0.05,dictlearn,6,6,0.45583680272102356,1,False,0.6545454545454545,0.16363636363636364,0.0703125
23652,0,CF2,L1,0.05,dictlearn,1,1,0.9991618394851685,1,False,0.6666666666666666,0.1111111111111111,0.03125
11939,0,CF2,L1,0.05,dictlearn,6,6,0.9961207509040833,1,False,0.52,0.5866666666666667,0.171875
2174,0,CF2,L1,0.05,dictlearn,7,7,0.9179574251174927,1,False,0.6481481481481481,0.46296296296296297,0.1953125
15441,0,CF2,L1,0.05,dictlearn,4,4,0.8967414498329163,1,False,0.6482412060301508,0.6532663316582915,0.5078125
12260,0,CF2,L1,0.05,dictlearn,1,8,0.27301833033561707,0,False,0.6694214876033058,0.7272727272727273,0.34375
25046,0,CF2,L1,0.05,dictlearn,6,6,0.8668302297592163,1,False,0.375,0.421875,0.10546875
13958,0,CF2,L1,0.05,dictlearn,9,9,0.48742806911468506,1,False,0.6346153846153846,0.0,0.0
20974,0,CF2,L1,0.05,dictlearn,8,8,0.765968382358551,1,False,0.5333333333333333,0.16666666666666666,0.0390625
10626,0,CF2,L1,0.05,dictlearn,6,6,0.8775159120559692,1,False,0.6043956043956044,0.0,0.0
22545,0,CF2,L1,0.05,dictlearn,5,5,0.9688555598258972,1,False,0.8125,0.0,0.0
20288,0,CF2,L1,0.05,dictlearn,5,3,0.5891937017440796,0,False,0.7090909090909091,0.7272727272727273,0.46875
13790,0,CF2,L1,0.05,dictlearn,7,7,0.9988853335380554,1,False,0.42857142857142855,0.5,0.109375
2817,0,CF2,L1,0.05,dictlearn,4,4,0.6444712281227112,1,False,0.7051282051282052,0.6346153846153846,0.38671875
8344,0,CF2,L1,0.05,dictlearn,4,4,0.9942063093185425,1,False,0.6666666666666666,0.47619047619047616,0.234375
11708,0,CF2,L1,0.05,dictlearn,1,1,0.974597692489624,1,False,0.5952380952380952,0.4166666666666667,0.2734375
2379,0,CF2,L1,0.05,dictlearn,1,1,0.9490382671356201,1,False,0.5625,0.0625,0.015625
23602,0,CF2,L1,0.05,dictlearn,2,2,0.9833743572235107,1,False,0.7944444444444444,0.3333333333333333,0.234375
24357,0,CF2,L1,0.05,dictlearn,8,6,0.5829218626022339,0,False,0.8571428571428571,0.16483516483516483,0.1171875
16783,0,CF2,L1,0.05,dictlearn,4,4,0.9866039752960205,1,False,0.5844155844155844,1.0,0.30078125
11723,0,CF2,L1,0.05,dictlearn,9,9,0.9973341226577759,1,False,0.4909090909090909,0.5454545454545454,0.1171875
5140,0,CF2,L1,0.05,dictlearn,5,5,0.8632726669311523,1,False,0.5076923076923077,1.0,0.25390625
14563,0,CF2,L1,0.05,dictlearn,1,1,0.6417703628540039,1,False,0.7222222222222222,0.7222222222222222,0.5078125
11905,0,CF2,L1,0.05,dictlearn,7,7,0.5368072390556335,1,False,0.5641025641025641,0.0,0.0
4657,0,CF2,L1,0.05,dictlearn,5,5,0.8901534676551819,1,False,0.6547619047619048,0.3333333333333333,0.109375
9888,0,CF2,L1,0.05,dictlearn,7,7,0.9930890202522278,1,False,0.5076923076923077,0.0,0.0
22827,0,CF2,L1,0.05,dictlearn,6,6,0.5211654901504517,1,False,0.4909090909090909,1.0,0.21484375
23911,0,CF2,L1,0.05,dictlearn,7,7,0.9984831213951111,1,False,0.78,0.10666666666666667,0.0625
968,0,CF2,L1,0.05,dictlearn,3,3,0.8399767279624939,1,False,0.4358974358974359,0.0,0.0
18416,0,CF2,L1,0.05,dictlearn,2,3,0.4245108664035797,0,False,0.676923076923077,0.5923076923076923,0.30078125
15166,0,CF2,L1,0.05,dictlearn,7,7,0.9899964332580566,1,False,0.42857142857142855,0.16071428571428573,0.03515625
15537,0,CF2,L1,0.05,dictlearn,6,3,0.3281094431877136,0,False,0.6581196581196581,0.5641025641025641,0.2578125
112,0,CF2,L1,0.05,dictlearn,6,6,0.9292042851448059,1,False,0.6933333333333334,0.56,0.328125
9754,0,CF2,L1,0.05,dictlearn,8,3,0.42138004302978516,0,False,0.5972222222222222,0.6111111111111112,0.34375
3827,0,CF2,L1,0.05,dictlearn,1,1,0.9944934844970703,1,False,0.5857142857142857,0.17142857142857143,0.09375
16427,0,CF2,L1,0.05,dictlearn,8,8,0.8571566343307495,1,False,0.5833333333333334,0.3333333333333333,0.09375
4853,0,CF2,L1,0.05,dictlearn,8,7,0.22188393771648407,0,False,0.64,0.56,0.21875
5025,0,CF2,L1,0.05,dictlearn,8,9,0.5228649973869324,0,False,0.6222222222222222,1.0,0.3515625
5497,0,CF2,L1,0.05,dictlearn,5,5,0.6141147017478943,1,False,0.5454545454545454,0.0,0.0
415,0,CF2,L1,0.05,dictlearn,5,5,0.853670597076416,1,False,0.46153846153846156,0.19230769230769232,0.0390625
6055,0,CF2,L1,0.05,dictlearn,2,2,0.9999494552612305,1,False,0.4690265486725664,0.39823008849557523,0.17578125
4242,0,CF2,L1,0.05,dictlearn,6,5,0.47725313901901245,0,False,0.7142857142857143,0.0,0.0
16007,0,CF2,L1,0.05,dictlearn,3,3,0.9937064051628113,1,False,0.4888888888888889,0.0,0.0
16184,0,CF2,L1,0.05,dictlearn,6,6,0.8629968166351318,1,False,0.5454545454545454,1.0,0.2578125
15180,0,CF2,L1,0.05,dictlearn,2,2,0.6086482405662537,1,False,0.5339805825242718,0.7961165048543689,0.3203125
16402,0,CF2,L1,0.05,dictlearn,3,3,0.9975066781044006,1,False,0.65,0.8,0.375
12883,0,CF2,L1,0.05,dictlearn,7,7,0.7423025369644165,1,False,0.578125,0.875,0.4375
12596,0,CF2,L1,0.05,dictlearn,2,2,0.9955880641937256,1,False,0.6930232558139535,0.40930232558139534,0.34375
13383,0,CF2,L1,0.05,dictlearn,0,0,0.9984171390533447,1,False,0.6933333333333334,0.22,0.12890625
17140,0,CF2,L1,0.05,dictlearn,0,0,0.5619246363639832,1,False,0.5204081632653061,0.5306122448979592,0.203125
11249,0,CF2,L1,0.05,dictlearn,7,7,0.9818698763847351,1,False,0.5333333333333333,0.26666666666666666,0.0625
2927,0,CF2,L1,0.05,dictlearn,3,3,0.952079176902771,1,False,0.6384180790960452,0.7231638418079096,0.5
13380,0,CF2,L1,0.05,dictlearn,3,3,0.931333065032959,1,False,0.5185185185185185,0.6666666666666666,0.140625
24593,0,CF2,L1,0.05,dictlearn,5,5,0.9826316833496094,1,False,0.6122448979591837,0.16326530612244897,0.0625
14507,0,CF2,L1,0.05,dictlearn,8,8,0.47078514099121094,1,False,0.7090909090909091,0.6666666666666666,0.4296875
9355,0,CF2,L1,0.05,dictlearn,8,8,0.5121269226074219,1,False,0.6428571428571429,1.0,0.4375
3943,0,CF2,L1,0.05,dictlearn,3,3,0.5651217103004456,1,False,0.7128712871287128,0.4158415841584158,0.328125
4913,0,CF2,L1,0.05,dictlearn,4,4,0.9959092140197754,1,False,0.36666666666666664,0.6333333333333333,0.1484375
23440,0,CF2,L1,0.05,dictlearn,4,1,0.7069226503372192,0,False,0.7012987012987013,0.6493506493506493,0.390625
19289,0,CF2,L1,0.05,dictlearn,7,7,0.9792709350585938,1,False,0.4666666666666667,0.23333333333333334,0.0546875
17841,0,CF2,L1,0.05,dictlearn,6,6,0.9849156141281128,1,False,0.6171875,0.234375,0.1171875
18139,0,CF2,L1,0.05,dictlearn,0,0,0.7847738862037659,1,False,0.42857142857142855,0.5,0.109375
18549,0,CF2,L1,0.05,dictlearn,7,7,0.997791051864624,1,False,0.43820224719101125,0.8426966292134831,0.29296875
7215,0,CF2,L1,0.05,dictlearn,7,7,0.9998434782028198,1,False,0.7012987012987013,0.45454545454545453,0.2734375
10574,0,CF2,L1,0.05,dictlearn,7,7,0.4993271231651306,1,False,0.7142857142857143,0.3869047619047619,0.25390625
10329,0,CF2,L1,0.05,dictlearn,7,7,0.6592709422111511,1,False,0.4230769230769231,0.0,0.0
21502,0,CF2,L1,0.05,dictlearn,4,6,0.6790115833282471,0,False,0.7345132743362832,0.4247787610619469,0.375
1209,0,CF2,L1,0.05,dictlearn,8,5,0.4531027674674988,0,False,0.6857142857142857,0.55,0.30078125
22202,0,CF2,L1,0.05,dictlearn,6,6,0.9442262649536133,1,False,0.6,0.8,0.25
12914,0,CF2,L1,0.05,dictlearn,2,2,0.906352698802948,1,False,0.7428571428571429,0.4714285714285714,0.38671875
23477,0,CF2,L1,0.05,dictlearn,6,6,0.949600100517273,1,False,0.5454545454545454,0.6818181818181818,0.17578125
13286,0,CF2,L1,0.05,dictlearn,5,5,0.8397442698478699,1,False,0.5076923076923077,0.16923076923076924,0.04296875
24957,0,CF2,L1,0.05,dictlearn,2,2,0.9992225170135498,1,False,0.4727272727272727,0.05454545454545454,0.0234375
23215,0,CF2,L1,0.05,dictlearn,9,9,0.8947279453277588,1,False,0.7721518987341772,0.14556962025316456,0.08984375
8171,0,CF2,L1,0.05,dictlearn,3,3,0.8835421204566956,1,False,0.6818181818181818,0.8333333333333334,0.4296875
13427,0,CF2,L1,0.05,dictlearn,4,4,0.9743652939796448,1,False,0.6363636363636364,0.42424242424242425,0.1640625
1985,0,CF2,L1,0.05,dictlearn,9,9,0.29794278740882874,1,False,0.7428571428571429,0.6857142857142857,0.5625
19607,0,CF2,L1,0.05,dictlearn,1,1,0.8764181137084961,1,False,0.6346153846153846,0.21153846153846154,0.0859375
15138,0,CF2,L1,0.05,dictlearn,4,4,0.9203663468360901,1,False,0.5,0.5,0.1171875
18496,0,CF2,L1,0.05,dictlearn,3,3,0.9197502732276917,1,False,0.65,0.4,0.1875
11341,0,CF2,L1,0.05,dictlearn,5,5,0.5909390449523926,1,False,0.7142857142857143,0.0,0.0
3210,0,CF2,L1,0.05,dictlearn,6,5,0.9184214472770691,0,False,0.625,0.125,0.046875
9044,0,CF2,L1,0.05,dictlearn,3,3,0.9834678173065186,1,False,0.631578947368421,0.37894736842105264,0.28125
1784,0,CF2,L1,0.05,dictlearn,1,1,0.6839129328727722,1,False,0.7252747252747253,0.4945054945054945,0.3515625
20687,0,CF2,L1,0.05,dictlearn,7,7,0.8997699022293091,1,False,0.8622448979591837,0.1836734693877551,0.140625
21479,0,CF2,L1,0.05,dictlearn,1,1,0.9997536540031433,1,False,0.6341463414634146,0.3170731707317073,0.203125
4465,0,CF2,L1,0.05,dictlearn,7,7,0.9844701290130615,1,False,0.6442307692307693,0.38461538461538464,0.15625
8098,0,CF2,L1,0.05,dictlearn,3,3,0.9989606142044067,1,False,0.7051282051282052,0.40384615384615385,0.24609375
1105,0,CF2,L1,0.05,dictlearn,1,1,0.9859308004379272,1,False,0.5357142857142857,0.0,0.0
24036,0,CF2,L1,0.05,dictlearn,0,0,0.9882022738456726,1,False,0.65,0.8166666666666667,0.3828125
24825,0,CF2,L1,0.05,dictlearn,1,1,0.9999785423278809,1,False,0.7051282051282052,0.34615384615384615,0.2109375
20081,0,CF2,L1,0.05,dictlearn,4,4,0.4215702414512634,1,False,0.42857142857142855,0.5714285714285714,0.15625
11780,0,CF2,L1,0.05,dictlearn,5,3,0.9889772534370422,0,False,0.7090909090909091,0.24242424242424243,0.15625
18228,0,CF2,L1,0.05,dictlearn,2,2,0.7790735363960266,1,False,0.6825396825396826,0.3412698412698413,0.16796875
4363,0,CF2,L1,0.05,dictlearn,4,4,0.9683488011360168,1,False,0.65,1.0,0.46875
10210,0,CF2,L1,0.05,dictlearn,7,1,0.9801915884017944,0,False,0.5488721804511278,0.6165413533834586,0.3203125
7005,0,CF2,L1,0.05,dictlearn,2,2,0.9918984174728394,1,False,0.7090909090909091,0.3333333333333333,0.21484375
7071,0,CF2,L1,0.05,dictlearn,3,3,0.7538341283798218,1,False,0.4230769230769231,0.46153846153846156,0.09375
25299,0,CF2,L1,0.05,dictlearn,4,5,0.4949030578136444,0,False,0.7428571428571429,0.6190476190476191,0.5078125
3393,0,CF2,L1,0.05,dictlearn,0,9,0.9714170694351196,0,False,0.5833333333333334,0.5,0.140625
10532,0,CF2,L1,0.05,dictlearn,8,8,0.37738269567489624,1,False,0.6666666666666666,0.15873015873015872,0.078125
14271,0,CF2,L1,0.05,dictlearn,3,3,0.7643845081329346,1,False,0.6190476190476191,0.17142857142857143,0.0703125
12814,0,CF2,L1,0.05,dictlearn,4,4,0.9981575608253479,1,False,0.6136363636363636,0.11363636363636363,0.0390625
1763,0,CF2,L1,0.05,dictlearn,1,5,0.20166553556919098,0,False,0.6933333333333334,1.0,0.5859375
2795,0,CF2,L1,0.05,dictlearn,4,4,0.93625408411026,1,False,0.676923076923077,0.3,0.15234375
5329,0,CF2,L1,0.05,dictlearn,2,2,0.9332584142684937,1,False,0.3898305084745763,0.1016949152542373,0.0234375
11024,0,CF2,L1,0.05,dictlearn,8,6,0.5204098224639893,0,False,0.7051282051282052,0.3076923076923077,0.1875
23383,0,CF2,L1,0.05,dictlearn,6,8,0.5407711267471313,0,False,0.6923076923076923,0.4195804195804196,0.234375
582,0,CF2,L1,0.05,dictlearn,2,2,0.9785563945770264,1,False,0.3888888888888889,0.3333333333333333,0.09375
20037,0,CF2,L1,0.05,dictlearn,5,5,0.8548932075500488,1,False,0.509090909090909,0.36363636363636365,0.15625
4876,0,CF2,L1,0.05,dictlearn,3,3,0.5620879530906677,1,False,0.5952380952380952,0.5,0.1640625
16157,0,CF2,L1,0.05,dictlearn,1,1,0.9994372725486755,1,False,0.42857142857142855,0.0,0.0
24155,0,CF2,L1,0.05,dictlearn,7,7,0.9998990297317505,1,False,0.625,0.25,0.09375
21035,0,CF2,L1,0.05,dictlearn,1,1,0.42456573247909546,1,False,0.7051282051282052,0.9166666666666666,0.55859375
2530,0,CF2,L1,0.05,dictlearn,2,2,0.697479784488678,1,False,0.5952380952380952,0.14285714285714285,0.046875
20951,0,CF2,L1,0.05,dictlearn,4,4,0.9952072501182556,1,False,0.6049382716049383,0.2222222222222222,0.0703125
9752,0,CF2,L1,0.05,dictlearn,9,2,0.4228284955024719,0,False,0.676923076923077,0.8461538461538461,0.4296875
20362,0,CF2,L1,0.05,dictlearn,9,9,0.7995217442512512,1,False,0.5076923076923077,0.24615384615384617,0.0625
5669,0,CF2,L1,0.05,dictlearn,2,2,0.8518679738044739,1,False,0.674074074074074,0.11851851851851852,0.0625
9395,0,CF2,L1,0.05,dictlearn,6,6,0.84616619348526,1,False,0.5,0.06896551724137931,0.03125
22115,0,CF2,L1,0.05,dictlearn,2,4,0.4029335081577301,0,False,0.6818181818181818,0.6363636363636364,0.328125
3784,0,CF2,L1,0.05,dictlearn,5,5,0.970720112323761,1,False,0.65,0.875,0.41015625
15518,0,CF2,L1,0.05,dictlearn,1,1,0.6802710890769958,1,False,0.5641025641025641,0.46153846153846156,0.140625
22913,0,CF2,L1,0.05,dictlearn,1,1,0.8056197762489319,1,False,0.6190476190476191,0.24761904761904763,0.1015625
22485,0,CF2,L1,0.05,dictlearn,8,8,0.9936317801475525,1,False,0.5223880597014925,0.34328358208955223,0.1796875
14166,0,CF2,L1,0.05,dictlearn,9,9,0.5329369902610779,1,False,0.42857142857142855,0.5714285714285714,0.125
4606,0,CF2,L1,0.05,dictlearn,8,8,0.318332314491272,1,False,0.6933333333333334,0.22,0.12890625
12043,0,CF2,L1,0.05,dictlearn,8,5,0.3651786744594574,0,False,0.5703703703703704,0.7777777777777778,0.41015625
20255,0,CF2,L1,0.05,dictlearn,9,9,0.9162586331367493,1,False,0.6,0.5,0.15625
21390,0,CF2,L1,0.05,dictlearn,8,8,0.4514128267765045,1,False,0.4642857142857143,0.42857142857142855,0.09375
13388,0,CF2,L1,0.05,dictlearn,6,6,0.7464249730110168,1,False,0.43333333333333335,0.0,0.0
9382,0,CF2,L1,0.05,dictlearn,0,0,0.9798740744590759,1,False,0.5777777777777777,0.5,0.17578125
11878,0,CF2,L1,0.05,dictlearn,4,4,0.9970570802688599,1,False,0.5641025641025641,0.16666666666666666,0.05078125
10774,0,CF2,L1,0.05,dictlearn,1,1,0.9999971389770508,1,False,0.47058823529411764,0.12745098039215685,0.05078125
2211,0,CF2,L1,0.05,dictlearn,4,4,0.5531281232833862,1,False,0.6846473029045643,0.7012448132780082,0.66015625
22804,0,CF2,L1,0.05,dictlearn,1,3,0.41673871874809265,0,False,0.7511111111111111,0.4622222222222222,0.40625
17903,0,CF2,L1,0.05,dictlearn,3,8,0.6969559192657471,0,False,0.6545454545454545,0.9,0.38671875
16889,0,CF2,L1,0.05,dictlearn,1,1,0.6086590886116028,1,False,0.5833333333333334,0.1111111111111111,0.03125
3013,0,CF2,L1,0.05,dictlearn,8,8,0.7801726460456848,1,False,0.5,0.8333333333333334,0.234375
19919,0,CF2,L1,0.05,dictlearn,8,8,0.5293335318565369,1,False,0.46153846153846156,0.0,0.0
7911,0,CF2,L1,0.05,dictlearn,0,6,0.45652323961257935,0,False,0.6545454545454545,0.9,0.38671875
6473,0,CF2,L1,0.05,dictlearn,5,5,0.9656670689582825,1,False,0.6122448979591837,1.0,0.3828125
14963,0,CF2,L1,0.05,dictlearn,2,2,0.9809132218360901,1,False,0.7346938775510204,0.4489795918367347,0.34375
3189,0,CF2,L1,0.05,dictlearn,3,3,0.5150446891784668,1,False,0.52,0.6,0.17578125
21433,0,CF2,L1,0.05,dictlearn,6,6,0.4711538553237915,1,False,0.7252747252747253,0.7252747252747253,0.515625
21534,0,CF2,L1,0.05,dictlearn,9,9,0.999333918094635,1,False,0.6428571428571429,0.02857142857142857,0.0078125
4378,0,CF2,L1,0.05,dictlearn,4,9,0.41572752594947815,0,False,0.6857142857142857,0.8571428571428571,0.46875
4179,0,CF2,L1,0.05,dictlearn,3,3,0.9999798536300659,1,False,0.5844155844155844,0.36363636363636365,0.109375
20275,0,CF2,L1,0.05,dictlearn,7,7,0.9393807649612427,1,False,0.625,0.5104166666666666,0.19140625
724,0,CF2,L1,0.05,dictlearn,4,4,0.980730414390564,1,False,0.6363636363636364,0.48484848484848486,0.1875
15532,0,CF2,L1,0.05,dictlearn,5,3,0.6321443319320679,0,False,0.6545454545454545,1.0,0.4296875
7808,0,CF2,L1,0.05,dictlearn,4,3,0.3346489667892456,0,False,0.5882352941176471,0.17647058823529413,0.09375
3185,0,CF2,L1,0.05,dictlearn,7,7,0.984571099281311,1,False,0.6923076923076923,0.3356643356643357,0.1875
8217,0,CF2,L1,0.05,dictlearn,5,5,0.791620135307312,1,False,0.6428571428571429,0.625,0.2734375
15284,0,CF2,L1,0.05,dictlearn,2,2,0.5197942852973938,1,False,0.6363636363636364,0.8888888888888888,0.34375
2195,0,CF2,L1,0.05,dictlearn,1,1,0.836114764213562,1,False,0.6666666666666666,0.2619047619047619,0.12890625
21296,0,CF2,L1,0.05,dictlearn,0,5,0.9248514771461487,0,False,0.7252747252747253,0.8461538461538461,0.6015625
14286,0,CF2,L1,0.05,dictlearn,3,3,0.9868082404136658,1,False,0.6857142857142857,0.0,0.0
4261,0,CF2,L1,0.05,dictlearn,0,0,0.9828101396560669,1,False,0.6024844720496895,0.5590062111801242,0.3515625
24480,0,CF2,L1,0.05,dictlearn,2,2,0.9998619556427002,1,False,0.6222222222222222,0.4,0.140625
23581,0,CF2,L1,0.05,dictlearn,7,7,0.6046903729438782,1,False,0.5357142857142857,0.14285714285714285,0.03125
24364,0,CF2,L1,0.05,dictlearn,7,7,0.9965956807136536,1,False,0.6222222222222222,0.3111111111111111,0.109375
4259,0,CF2,L1,0.05,dictlearn,4,4,0.6677200794219971,1,False,0.5142857142857142,0.0,0.0
4323,0,CF2,L1,0.05,dictlearn,8,3,0.6368212103843689,0,False,0.5142857142857142,0.0,0.0
26017,0,CF2,L1,0.05,dictlearn,2,2,0.9999055862426758,1,False,0.4,0.35,0.08203125
4055,0,CF2,L1,0.05,dictlearn,9,9,0.5121821165084839,1,False,0.4909090909090909,0.45454545454545453,0.09765625
23968,0,CF2,L1,0.05,dictlearn,6,6,0.9757153987884521,1,False,0.48,0.10666666666666667,0.03125
4914,0,CF2,L1,0.05,dictlearn,2,2,0.9981537461280823,1,False,0.6857142857142857,0.21428571428571427,0.1171875
17310,0,CF2,L1,0.05,dictlearn,7,7,0.6441043615341187,1,False,0.6222222222222222,0.2,0.0703125
14981,0,CF2,L1,0.05,dictlearn,2,2,0.6911441683769226,1,False,0.5357142857142857,1.0,0.21875
7511,0,CF2,L1,0.05,dictlearn,6,6,0.9179700016975403,1,False,0.4888888888888889,0.26666666666666666,0.09375
4136,0,CF2,L1,0.05,dictlearn,9,9,0.9895687699317932,1,False,0.6222222222222222,0.07777777777777778,0.02734375
8043,0,CF2,L1,0.05,dictlearn,2,3,0.3425004184246063,0,False,0.7252747252747253,0.6043956043956044,0.4296875
14360,0,CF2,L1,0.05,dictlearn,4,4,0.9934820532798767,1,False,0.42857142857142855,0.0,0.0
6364,0,CF2,L1,0.05,dictlearn,0,0,0.9981548190116882,1,False,0.6147540983606558,0.06557377049180328,0.03125
8827,0,CF2,L1,0.05,dictlearn,4,4,0.5760830044746399,1,False,0.6346153846153846,0.8461538461538461,0.34375
24886,0,CF2,L1,0.05,dictlearn,9,2,0.9011803269386292,0,False,0.6933333333333334,0.32,0.1875
21392,0,CF2,L1,0.05,dictlearn,2,2,0.9971501231193542,1,False,0.5909090909090909,0.13636363636363635,0.0703125
18654,0,CF2,L1,0.05,dictlearn,6,6,0.958836019039154,1,False,0.6944444444444444,0.6666666666666666,0.375
21766,0,CF2,L1,0.05,dictlearn,1,3,0.4114944040775299,0,False,0.5138888888888888,0.5555555555555556,0.15625
25433,0,CF2,L1,0.05,dictlearn,8,2,0.3978661000728607,0,False,0.674074074074074,0.6,0.31640625
10927,0,CF2,L1,0.05,dictlearn,8,1,0.6252149939537048,0,False,0.7363636363636363,0.12727272727272726,0.0546875
14092,0,CF2,L1,0.05,dictlearn,6,5,0.9327843189239502,0,False,0.7222222222222222,0.5,0.3515625
20936,0,CF2,L1,0.05,dictlearn,9,5,0.6534322500228882,0,False,0.6285714285714286,0.8214285714285714,0.44921875
23711,0,CF2,L1,0.05,dictlearn,4,4,0.9704090356826782,1,False,0.42857142857142855,0.5714285714285714,0.125
19260,0,CF2,L1,0.05,dictlearn,7,7,0.9551622271537781,1,False,0.5555555555555556,0.25,0.0703125
17360,0,CF2,L1,0.05,dictlearn,3,3,0.6441572904586792,1,False,0.7383177570093458,0.7289719626168224,0.609375
965,0,CF2,L1,0.05,dictlearn,0,0,0.6029050350189209,1,False,0.7012987012987013,0.2597402597402597,0.15625
463,0,CF2,L1,0.05,dictlearn,6,9,0.4849115312099457,0,False,0.5656565656565656,0.5454545454545454,0.2109375
8945,0,CF2,L1,0.05,dictlearn,6,3,0.34020885825157166,0,False,0.6923076923076923,0.6923076923076923,0.38671875
14090,0,CF2,L1,0.05,dictlearn,2,2,0.9941312670707703,1,False,0.4810126582278481,0.25316455696202533,0.078125
8479,0,CF2,L1,0.05,dictlearn,9,9,0.9715821146965027,1,False,0.6545454545454545,0.5,0.21484375
24477,0,CF2,L1,0.05,dictlearn,2,2,0.9650937914848328,1,False,0.625,0.4166666666666667,0.15625
8195,0,CF2,L1,0.05,dictlearn,0,0,0.9996415376663208,1,False,0.5185185185185185,0.3333333333333333,0.0703125
1773,0,CF2,L1,0.05,dictlearn,0,0,0.9275044202804565,1,False,0.6933333333333334,0.4,0.234375
11776,0,CF2,L1,0.05,dictlearn,2,2,0.6070078611373901,1,False,0.6923076923076923,0.7692307692307693,0.4296875
3313,0,CF2,L1,0.05,dictlearn,6,6,0.9615042209625244,1,False,0.7142857142857143,0.6547619047619048,0.4296875
5424,0,CF2,L1,0.05,dictlearn,9,2,0.5582516193389893,0,False,0.7252747252747253,0.9285714285714286,0.66015625
19606,0,CF2,L1,0.05,dictlearn,2,2,0.6892213225364685,1,False,0.6818181818181818,0.10227272727272728,0.03515625
10110,0,CF2,L1,0.05,dictlearn,9,7,0.47132572531700134,0,False,0.53125,0.609375,0.3046875
22872,0,CF2,L1,0.05,dictlearn,6,7,0.9503867626190186,0,False,0.7252747252747253,0.38461538461538464,0.2734375
7573,0,CF2,L1,0.05,dictlearn,1,1,0.9785953164100647,1,False,0.65,0.5333333333333333,0.25
7105,0,CF2,L1,0.05,dictlearn,3,3,0.9946850538253784,1,False,0.6122448979591837,0.3673469387755102,0.140625
18854,0,CF2,L1,0.05,dictlearn,1,1,0.9945052266120911,1,False,0.5952380952380952,0.75,0.24609375
14576,0,CF2,L1,0.05,dictlearn,9,9,0.9996192455291748,1,False,0.5423728813559322,0.1694915254237288,0.078125
9376,0,CF2,L1,0.05,dictlearn,0,0,0.9069926142692566,1,False,0.4666666666666667,0.7714285714285715,0.31640625
20128,0,CF2,L1,0.05,dictlearn,8,8,0.9834778904914856,1,False,0.6545454545454545,0.14545454545454545,0.0625
24854,0,CF2,L1,0.05,dictlearn,9,9,0.9966410398483276,1,False,0.6122448979591837,0.5612244897959183,0.21484375
4937,0,CF2,L1,0.05,dictlearn,2,2,0.78190678358078,1,False,0.7142857142857143,0.10526315789473684,0.0546875
338,0,CF2,L1,0.05,dictlearn,3,3,0.841546356678009,1,False,0.6923076923076923,0.7272727272727273,0.40625
9981,0,CF2,L1,0.05,dictlearn,3,3,0.9532723426818848,1,False,0.6666666666666666,0.4666666666666667,0.21875
6665,0,CF2,L1,0.05,dictlearn,8,8,0.5767735838890076,1,False,0.5555555555555556,0.4166666666666667,0.1171875
6704,0,CF2,L1,0.05,dictlearn,0,0,0.8659343123435974,1,False,0.6428571428571429,1.0,0.4375
23255,0,CF2,L1,0.05,dictlearn,2,2,0.9994649291038513,1,False,0.7878787878787878,0.23636363636363636,0.15234375
5355,0,CF2,L1,0.05,dictlearn,5,5,0.9347214102745056,1,False,0.5454545454545454,0.45454545454545453,0.1171875
22422,0,CF2,L1,0.05,dictlearn,1,1,0.9012666940689087,1,False,0.6,0.6,0.1875
7367,0,CF2,L1,0.05,dictlearn,9,9,0.6275739669799805,1,False,0.5777777777777777,0.4666666666666667,0.1640625
13489,0,CF2,L1,0.05,dictlearn,7,3,0.46032917499542236,0,False,0.5844155844155844,0.8181818181818182,0.24609375
20955,0,CF2,L1,0.05,dictlearn,7,7,0.8210737109184265,1,False,0.6428571428571429,0.4897959183673469,0.375
25439,0,CF2,L1,0.05,dictlearn,9,9,0.9997631907463074,1,False,0.6,0.47692307692307695,0.2421875
12711,0,CF2,L1,0.05,dictlearn,8,8,0.8268997669219971,1,False,0.65,0.9333333333333333,0.4375
7671,0,CF2,L1,0.05,dictlearn,6,4,0.5325978994369507,0,False,0.5882352941176471,0.9509803921568627,0.37890625
20420,0,CF2,L1,0.05,dictlearn,8,9,0.9125228524208069,0,False,0.5714285714285714,0.7142857142857143,0.234375
12630,0,CF2,L1,0.05,dictlearn,2,5,0.26668015122413635,0,False,0.5614035087719298,0.6578947368421053,0.29296875
21394,0,CF2,L1,0.05,dictlearn,1,1,0.951834499835968,1,False,0.5357142857142857,0.42857142857142855,0.09375
7095,0,CF2,L1,0.05,dictlearn,1,3,0.8210046291351318,0,False,0.47540983606557374,0.5901639344262295,0.140625
11532,0,CF2,L1,0.05,dictlearn,9,9,0.9052726626396179,1,False,0.5333333333333333,0.9,0.2109375
2853,0,CF2,L1,0.05,dictlearn,3,9,0.5451107621192932,0,False,0.4230769230769231,1.0,0.203125
13487,0,CF2,L1,0.05,dictlearn,0,0,0.9698754549026489,1,False,0.6029411764705882,0.11764705882352941,0.0625
9350,0,CF2,L1,0.05,dictlearn,9,9,0.9732827544212341,1,False,0.46153846153846156,0.38461538461538464,0.078125
24164,0,CF2,L1,0.05,dictlearn,4,4,0.9442363381385803,1,False,0.4772727272727273,0.1590909090909091,0.0546875
23155,0,CF2,L1,0.05,dictlearn,7,7,0.9755934476852417,1,False,0.725925925925926,0.2074074074074074,0.109375
1588,0,CF2,L1,0.05,dictlearn,8,8,0.26898419857025146,1,False,0.7070707070707071,0.21212121212121213,0.08203125
5400,0,CF2,L1,0.05,dictlearn,5,6,0.41172149777412415,0,False,0.625,0.4375,0.1640625
8913,0,CF2,L1,0.05,dictlearn,6,6,0.9793749451637268,1,False,0.5555555555555556,0.42857142857142855,0.2109375
4990,0,CF2,L1,0.05,dictlearn,8,2,0.6598502397537231,0,False,0.43333333333333335,0.5333333333333333,0.125
13364,0,CF2,L1,0.05,dictlearn,7,7,0.9994418025016785,1,False,0.691358024691358,0.1111111111111111,0.03515625
1157,0,CF2,L1,0.05,dictlearn,1,4,0.46657758951187134,0,False,0.6,0.6,0.1875
19432,0,CF2,L1,0.05,dictlearn,6,6,0.9520286321640015,1,False,0.7428571428571429,0.6285714285714286,0.515625
24861,0,CF2,L1,0.05,dictlearn,1,1,0.970630943775177,1,False,0.5357142857142857,0.5,0.109375
16303,0,CF2,L1,0.05,dictlearn,0,0,0.5547428131103516,1,False,0.39473684210526316,0.631578947368421,0.1875
23675,0,CF2,L1,0.05,dictlearn,1,1,0.9919525980949402,1,False,0.6363636363636364,0.2828282828282828,0.109375
10816,0,CF2,L1,0.05,dictlearn,5,5,0.8616021275520325,1,False,0.7583333333333333,0.0,0.0
25683,0,CF2,L1,0.05,dictlearn,7,7,0.9421001076698303,1,False,0.7346938775510204,0.45918367346938777,0.3515625
6680,0,CF2,L1,0.05,dictlearn,7,3,0.41666316986083984,0,False,0.6467065868263473,0.5508982035928144,0.359375
15541,0,CF2,L1,0.05,dictlearn,1,1,0.9519616365432739,1,False,0.5714285714285714,0.21428571428571427,0.0703125
129,0,CF2,L1,0.05,dictlearn,9,9,0.9061775803565979,1,False,0.65,0.5833333333333334,0.2734375
10977,0,CF2,L1,0.05,dictlearn,5,5,0.9499730467796326,1,False,0.674074074074074,0.32592592592592595,0.171875
7518,0,CF2,L1,0.05,dictlearn,5,5,0.6582156419754028,1,False,0.5952380952380952,1.0,0.328125
15350,0,CF2,L1,0.05,dictlearn,0,6,0.4838321805000305,0,False,0.7012987012987013,1.0,0.6015625
4712,0,CF2,L1,0.05,dictlearn,2,2,0.9974205493927002,1,False,0.52,0.0,0.0
3234,0,CF2,L1,0.05,dictlearn,1,1,0.88157057762146,1,False,0.6818181818181818,0.4772727272727273,0.24609375
21292,0,CF2,L1,0.05,dictlearn,8,6,0.6272817850112915,0,False,0.5194805194805194,0.7922077922077922,0.23828125
6439,0,CF2,L1,0.05,dictlearn,6,8,0.5662097930908203,0,False,0.5777777777777777,0.5333333333333333,0.1875
16930,0,CF2,L1,0.05,dictlearn,4,4,0.7807101607322693,1,False,0.5833333333333334,0.1111111111111111,0.03125
25255,0,CF2,L1,0.05,dictlearn,6,2,0.5615891814231873,0,False,0.6363636363636364,0.36363636363636365,0.140625
5562,0,CF2,L1,0.05,dictlearn,6,6,0.9982365369796753,1,False,0.48,0.65,0.25390625
20888,0,CF2,L1,0.05,dictlearn,6,5,0.385076105594635,0,False,0.6,0.7,0.21875
17907,0,CF2,L1,0.05,dictlearn,0,6,0.7709548473358154,0,False,0.5602836879432624,0.7446808510638298,0.41015625
15282,0,CF2,L1,0.05,dictlearn,5,8,0.5364587306976318,0,False,0.6357615894039735,0.7152317880794702,0.421875
9564,0,CF2,L1,0.05,dictlearn,5,5,0.9857727885246277,1,False,0.6024096385542169,0.3373493975903614,0.109375
2105,0,CF2,L1,0.05,dictlearn,5,5,0.9160501956939697,1,False,0.676923076923077,0.5,0.25390625
2188,0,CF2,L1,0.05,dictlearn,5,5,0.821600079536438,1,False,0.5357142857142857,0.8392857142857143,0.3671875
10587,0,CF2,L1,0.05,dictlearn,9,9,0.9861560463905334,1,False,0.7428571428571429,0.0,0.0
20421,0,CF2,L1,0.05,dictlearn,8,7,0.45276015996932983,0,False,0.6285714285714286,0.6357142857142857,0.34765625
23070,0,CF2,L1,0.05,dictlearn,0,0,0.9995891451835632,1,False,0.5555555555555556,0.09523809523809523,0.0234375
19127,0,CF2,L1,0.05,dictlearn,6,5,0.5866591930389404,0,False,0.6172839506172839,0.5493827160493827,0.34765625
7302,0,CF2,L1,0.05,dictlearn,3,3,0.9485148191452026,1,False,0.5641025641025641,0.7692307692307693,0.234375
8409,0,CF2,L1,0.05,dictlearn,4,4,0.9999959468841553,1,False,0.52,0.0,0.0
11086,0,CF2,L1,0.05,dictlearn,7,3,0.47682279348373413,0,False,0.5925925925925926,0.5617283950617284,0.35546875
17122,0,CF2,L1,0.05,dictlearn,5,5,0.99817955493927,1,False,0.5528455284552846,0.3821138211382114,0.18359375
3555,0,CF2,L1,0.05,dictlearn,2,2,0.9999202489852905,1,False,0.5076923076923077,0.0,0.0
19437,0,CF2,L1,0.05,dictlearn,4,4,0.48772650957107544,1,False,0.41333333333333333,0.0,0.0
594,0,CF2,L1,0.05,dictlearn,9,9,0.669411301612854,1,False,0.64,0.64,0.25
21863,0,CF2,L1,0.05,dictlearn,3,3,0.9728394746780396,1,False,0.6078431372549019,0.23529411764705882,0.140625
19765,0,CF2,L1,0.05,dictlearn,5,5,0.9901177287101746,1,False,0.5076923076923077,0.18461538461538463,0.046875
16909,0,CF2,L1,0.05,dictlearn,2,3,0.6079052090644836,0,False,0.7142857142857143,0.375,0.24609375
21154,0,CF2,L1,0.05,dictlearn,7,7,0.999144434928894,1,False,0.6136363636363636,0.125,0.04296875
18615,0,CF2,L1,0.05,dictlearn,7,7,0.9639235138893127,1,False,0.5952380952380952,0.4166666666666667,0.13671875
18171,0,CF2,L1,0.05,dictlearn,7,7,0.9997745156288147,1,False,0.6545454545454545,0.6363636363636364,0.2734375
24434,0,CF2,L1,0.05,dictlearn,5,3,0.5418732762336731,0,False,0.6857142857142857,0.22857142857142856,0.125
9664,0,CF2,L1,0.05,dictlearn,0,6,0.4971884787082672,0,False,0.5555555555555556,0.9166666666666666,0.2578125
2013,0,CF2,L1,0.05,dictlearn,5,5,0.9811459183692932,1,False,0.6666666666666666,0.027777777777777776,0.0078125
13537,0,CF2,L1,0.05,dictlearn,4,6,0.6243755221366882,0,False,0.7055555555555556,0.8,0.5625
23942,0,CF2,L1,0.05,dictlearn,9,9,0.43945544958114624,1,False,0.5185185185185185,0.4444444444444444,0.09375
12415,0,CF2,L1,0.05,dictlearn,4,4,0.2939092814922333,1,False,0.6589147286821705,0.9224806201550387,0.46484375
13735,0,CF2,L1,0.05,dictlearn,0,0,0.9998737573623657,1,False,0.5,0.16666666666666666,0.0625
6873,0,CF2,L1,0.05,dictlearn,1,1,0.9992498755455017,1,False,0.7272727272727273,0.1111111111111111,0.04296875
16233,0,CF2,L1,0.05,dictlearn,2,2,0.9764288663864136,1,False,0.47368421052631576,0.08421052631578947,0.03125
13108,0,CF2,L1,0.05,dictlearn,5,2,0.42468151450157166,0,False,0.6831683168316832,0.5742574257425742,0.453125
18114,0,CF2,L1,0.05,dictlearn,7,7,0.9846853017807007,1,False,0.65,0.5,0.234375
25318,0,CF2,L1,0.05,dictlearn,0,5,0.29776260256767273,0,False,0.7142857142857143,0.9285714285714286,0.609375
22387,0,CF2,L1,0.05,dictlearn,7,7,0.9687395095825195,1,False,0.6547619047619048,0.23809523809523808,0.078125
19911,0,CF2,L1,0.05,dictlearn,7,7,0.8336032032966614,1,False,0.4838709677419355,0.5161290322580645,0.1875
9953,0,CF2,L1,0.05,dictlearn,2,2,0.9655747413635254,1,False,0.6666666666666666,1.0,0.46875
18500,0,CF2,L1,0.05,dictlearn,1,1,0.9972182512283325,1,False,0.6545454545454545,0.6363636363636364,0.2734375
12463,0,CF2,L1,0.05,dictlearn,2,5,0.43926316499710083,0,False,0.46835443037974683,0.26582278481012656,0.08203125
12143,0,CF2,L1,0.05,dictlearn,8,8,0.9702098369598389,1,False,0.4666666666666667,0.4666666666666667,0.109375
14588,0,CF2,L1,0.05,dictlearn,8,3,0.9752178192138672,0,False,0.7252747252747253,0.5934065934065934,0.421875
22152,0,CF2,L1,0.05,dictlearn,2,2,0.8068085312843323,1,False,0.6805555555555556,0.0,0.0
16563,0,CF2,L1,0.05,dictlearn,4,5,0.3445625901222229,0,False,0.7333333333333333,0.9230769230769231,0.703125
25225,0,CF2,L1,0.05,dictlearn,9,9,0.9144245386123657,1,False,0.5897435897435898,0.5641025641025641,0.34375
1161,0,CF2,L1,0.05,dictlearn,2,8,0.5957897901535034,0,False,0.7333333333333333,0.6205128205128205,0.47265625
9891,0,CF2,L1,0.05,dictlearn,5,5,0.7057413458824158,1,False,0.5670103092783505,0.7525773195876289,0.28515625
18833,0,CF2,L1,0.05,dictlearn,2,2,0.9625102281570435,1,False,0.6136363636363636,0.2727272727272727,0.09375
6162,0,CF2,L1,0.05,dictlearn,2,2,0.9491685032844543,1,False,0.5714285714285714,0.0,0.0
22638,0,CF2,L1,0.05,dictlearn,0,0,0.7620936632156372,1,False,0.6857142857142857,0.5785714285714286,0.31640625
6112,0,CF2,L1,0.05,dictlearn,6,6,0.7027588486671448,1,False,0.4909090909090909,0.5454545454545454,0.1171875
24259,0,CF2,L1,0.05,dictlearn,9,9,0.8341438174247742,1,False,0.7428571428571429,0.5238095238095238,0.4296875
18029,0,CF2,L1,0.05,dictlearn,2,2,0.9588220119476318,1,False,0.6439393939393939,0.20454545454545456,0.10546875
13233,0,CF2,L1,0.05,dictlearn,0,0,0.9592929482460022,1,False,0.5142857142857142,0.0,0.0
22560,0,CF2,L1,0.05,dictlearn,3,8,0.3636866807937622,0,False,0.5571428571428572,0.34285714285714286,0.09375
17100,0,CF2,L1,0.05,dictlearn,7,7,0.9727005958557129,1,False,0.6481481481481481,0.3333333333333333,0.140625
13394,0,CF2,L1,0.05,dictlearn,7,7,0.9632945656776428,1,False,0.5185185185185185,0.46296296296296297,0.09765625
25173,0,CF2,L1,0.05,dictlearn,3,7,0.478251576423645,0,False,0.6,0.075,0.0234375
17342,0,CF2,L1,0.05,dictlearn,4,2,0.43723922967910767,0,False,0.7347826086956522,0.7478260869565218,0.671875
5881,0,CF2,L1,0.05,dictlearn,1,1,0.9284149408340454,1,False,0.6122448979591837,0.5,0.19140625
16982,0,CF2,L1,0.05,dictlearn,3,9,0.494440495967865,0,False,0.58,0.72,0.28125
12959,0,CF2,L1,0.05,dictlearn,2,2,0.9319151639938354,1,False,0.52,0.6666666666666666,0.1953125
3410,0,CF2,L1,0.05,dictlearn,2,2,0.9960207343101501,1,False,0.5614035087719298,0.3157894736842105,0.140625
1939,0,CF2,L1,0.05,dictlearn,2,2,0.9999099969863892,1,False,0.5555555555555556,0.19047619047619047,0.046875
13563,0,CF2,L1,0.05,dictlearn,4,2,0.5211576819419861,0,False,0.42857142857142855,0.5714285714285714,0.125
9659,0,CF2,L1,0.05,dictlearn,4,1,0.908388078212738,0,False,0.7346938775510204,0.32653061224489793,0.25
23588,0,CF2,L1,0.05,dictlearn,9,9,0.9706177711486816,1,False,0.6363636363636364,0.45454545454545453,0.17578125
12156,0,CF2,L1,0.05,dictlearn,9,7,0.6633888483047485,0,False,0.6,0.8235294117647058,0.2734375
24790,0,CF2,L1,0.05,dictlearn,4,2,0.34171777963638306,0,False,0.52,0.7333333333333333,0.21484375
894,0,CF2,L1,0.05,dictlearn,8,6,0.8953817486763,0,False,0.52,0.8666666666666667,0.25390625
13738,0,CF2,L1,0.05,dictlearn,7,7,0.972068727016449,1,False,0.4883720930232558,0.6744186046511628,0.2265625
20555,0,CF2,L1,0.05,dictlearn,5,3,0.42912185192108154,0,False,0.5714285714285714,0.6428571428571429,0.2109375
20457,0,CF2,L1,0.05,dictlearn,3,1,0.4061807692050934,0,False,0.5882352941176471,0.11029411764705882,0.05859375
24842,0,CF2,L1,0.05,dictlearn,3,5,0.7205284833908081,0,False,0.7714285714285715,0.17142857142857143,0.09375
11390,0,CF2,L1,0.05,dictlearn,9,9,0.6454965472221375,1,False,0.40625,0.546875,0.13671875
2665,0,CF2,L1,0.05,dictlearn,9,9,0.4425850212574005,1,False,0.6363636363636364,1.0,0.38671875
24741,0,CF2,L1,0.05,dictlearn,8,8,0.692608118057251,1,False,0.4230769230769231,0.0,0.0
17634,0,CF2,L1,0.05,dictlearn,8,3,0.4223476052284241,0,False,0.39473684210526316,0.3684210526315789,0.109375
16599,0,CF2,L1,0.05,dictlearn,1,1,0.6275264620780945,1,False,0.7012987012987013,0.3116883116883117,0.1875
19330,0,CF2,L1,0.05,dictlearn,7,7,0.879755437374115,1,False,0.6,0.35,0.109375
3257,0,CF2,L1,0.05,dictlearn,1,1,0.9956974983215332,1,False,0.4482758620689655,0.09195402298850575,0.03125
1114,0,CF2,L1,0.05,dictlearn,9,9,0.9710065126419067,1,False,0.6694214876033058,0.5785123966942148,0.2734375
11738,0,CF2,L1,0.05,dictlearn,8,8,0.867615818977356,1,False,0.5076923076923077,0.27692307692307694,0.0703125
13077,0,CF2,L1,0.05,dictlearn,8,8,0.9965831637382507,1,False,0.42857142857142855,1.0,0.21875
5168,0,CF2,L1,0.05,dictlearn,3,4,0.49933841824531555,0,False,0.6666666666666666,0.4444444444444444,0.21875
26013,0,CF2,L1,0.05,dictlearn,8,8,0.5006252527236938,1,False,0.5714285714285714,0.7857142857142857,0.34375
5611,0,CF2,L1,0.05,dictlearn,7,7,0.5050188302993774,1,False,0.6792452830188679,0.7924528301886793,0.65625
9389,0,CF2,L1,0.05,dictlearn,6,6,0.8885324001312256,1,False,0.6190476190476191,0.6857142857142857,0.28125
25070,0,CF2,L1,0.05,dictlearn,2,8,0.46238523721694946,0,False,0.5921052631578947,0.5789473684210527,0.34375
11322,0,CF2,L1,0.05,dictlearn,8,8,0.9095547795295715,1,False,0.5975609756097561,0.6341463414634146,0.203125
3051,0,CF2,L1,0.05,dictlearn,0,0,0.7258151769638062,1,False,0.5357142857142857,0.0,0.0
18770,0,CF2,L1,0.05,dictlearn,4,4,0.3566146492958069,1,False,0.5176470588235295,0.5882352941176471,0.1953125
14692,0,CF2,L1,0.05,dictlearn,2,0,0.3095306158065796,0,False,0.7346938775510204,0.9285714285714286,0.7109375
4561,0,CF2,L1,0.05,dictlearn,5,5,0.6954965591430664,1,False,0.6153846153846154,0.27564102564102566,0.16796875
16994,0,CF2,L1,0.05,dictlearn,0,0,0.9998980760574341,1,False,0.6222222222222222,0.6,0.2109375
4156,0,CF2,L1,0.05,dictlearn,5,5,0.5075070261955261,1,False,0.6818181818181818,0.5833333333333334,0.30078125
5884,0,CF2,L1,0.05,dictlearn,1,2,0.4720747172832489,0,False,0.7012987012987013,0.9090909090909091,0.546875
18233,0,CF2,L1,0.05,dictlearn,0,0,0.9729722738265991,1,False,0.52,0.0,0.0
17044,0,CF2,L1,0.05,dictlearn,6,6,0.6955904960632324,1,False,0.7450980392156863,0.3215686274509804,0.3203125
18857,0,CF2,L1,0.05,dictlearn,6,6,0.7924442291259766,1,False,0.42857142857142855,0.0,0.0
21917,0,CF2,L1,0.05,dictlearn,9,2,0.46158307790756226,0,False,0.6857142857142857,0.21428571428571427,0.1171875
5054,0,CF2,L1,0.05,dictlearn,3,9,0.48656418919563293,0,False,0.6136363636363636,0.45454545454545453,0.15625
7882,0,CF2,L1,0.05,dictlearn,4,1,0.3268878161907196,0,False,0.6271186440677966,0.6892655367231638,0.4765625
15688,0,CF2,L1,0.05,dictlearn,4,4,0.9401940703392029,1,False,0.6666666666666666,0.19047619047619047,0.09375
5612,0,CF2,L1,0.05,dictlearn,8,8,0.8589434027671814,1,False,0.7583333333333333,0.0,0.0
13934,0,CF2,L1,0.05,dictlearn,9,9,0.9534656405448914,1,False,0.6666666666666666,0.2,0.09375
16689,0,CF2,L1,0.05,dictlearn,2,2,0.9867864847183228,1,False,0.4166666666666667,0.5,0.1875
23844,0,CF2,L1,0.05,dictlearn,6,6,0.9605843424797058,1,False,0.5714285714285714,0.14285714285714285,0.0390625
7944,0,CF2,L1,0.05,dictlearn,7,7,0.868392825126648,1,False,0.5,0.0,0.0
11370,0,CF2,L1,0.05,dictlearn,8,8,0.9938858151435852,1,False,0.5454545454545454,0.0,0.0
24569,0,CF2,L1,0.05,dictlearn,1,1,0.9979633092880249,1,False,0.6136363636363636,0.18181818181818182,0.0625
7529,0,CF2,L1,0.05,dictlearn,5,5,0.926047146320343,1,False,0.43333333333333335,0.43333333333333335,0.1015625
5092,0,CF2,L1,0.05,dictlearn,2,2,0.9893386960029602,1,False,0.4925373134328358,0.11940298507462686,0.03125
20673,0,CF2,L1,0.05,dictlearn,2,2,0.99977046251297,1,False,0.5833333333333334,0.3472222222222222,0.09765625
10096,0,CF2,L1,0.05,dictlearn,7,7,0.8828731775283813,1,False,0.5185185185185185,0.0,0.0
2059,0,CF2,L1,0.05,dictlearn,3,3,0.7624823451042175,1,False,0.5641025641025641,0.9230769230769231,0.28125
19318,0,CF2,L1,0.05,dictlearn,0,0,0.9967784285545349,1,False,0.5714285714285714,0.5,0.1640625
12977,0,CF2,L1,0.05,dictlearn,8,8,0.4383329749107361,1,False,0.515625,0.34375,0.171875
17673,0,CF2,L1,0.05,dictlearn,0,0,0.8875073194503784,1,False,0.543859649122807,0.19298245614035087,0.0859375
18750,0,CF2,L1,0.05,dictlearn,0,0,0.9564226269721985,1,False,0.6363636363636364,0.16161616161616163,0.0625
16728,0,CF2,L1,0.05,dictlearn,3,5,0.7949509620666504,0,False,0.7738693467336684,0.3869346733668342,0.30078125
14776,0,CF2,L1,0.05,dictlearn,8,6,0.8067145943641663,0,False,0.6136363636363636,0.8181818181818182,0.28125
6941,0,CF2,L1,0.05,dictlearn,9,9,0.7013822793960571,1,False,0.6666666666666666,1.0,0.46875
16787,0,CF2,L1,0.05,dictlearn,6,8,0.443733274936676,0,False,0.6164383561643836,0.4931506849315068,0.28125
25932,0,CF2,L1,0.05,dictlearn,5,5,0.9345057606697083,1,False,0.6136363636363636,0.13636363636363635,0.046875
614,0,CF2,L1,0.05,dictlearn,0,0,0.7639553546905518,1,False,0.65,0.0,0.0
25690,0,CF2,L1,0.05,dictlearn,5,5,0.6168639659881592,1,False,0.7142857142857143,0.75,0.4921875
25968,0,CF2,L1,0.05,dictlearn,5,5,0.9836693406105042,1,False,0.5185185185185185,0.0,0.0
20123,0,CF2,L1,0.05,dictlearn,3,8,0.851300835609436,0,False,0.6933333333333334,0.52,0.3046875
13341,0,CF2,L1,0.05,dictlearn,5,3,0.5267089009284973,0,False,0.6547619047619048,0.8095238095238095,0.53125
24697,0,CF2,L1,0.05,dictlearn,4,4,0.9871964454650879,1,False,0.5068493150684932,0.0,0.0
15157,0,CF2,L1,0.05,dictlearn,6,4,0.27830424904823303,0,False,0.6,0.6787878787878788,0.4375
23115,0,CF2,L1,0.05,dictlearn,1,1,0.6172912120819092,1,False,0.5833333333333334,0.8888888888888888,0.25
6396,0,CF2,L1,0.05,dictlearn,0,0,0.9899101853370667,1,False,0.5641025641025641,0.0,0.0
19142,0,CF2,L1,0.05,dictlearn,4,4,0.9196266531944275,1,False,0.5135135135135135,0.5675675675675675,0.1640625
13157,0,CF2,L1,0.05,dictlearn,3,3,0.8230684995651245,1,False,0.7252747252747253,0.3626373626373626,0.2578125
19866,0,CF2,L1,0.05,dictlearn,1,1,0.7716761827468872,1,False,0.6356589147286822,0.32558139534883723,0.1640625
25996,0,CF2,L1,0.05,dictlearn,8,8,0.9755513668060303,1,False,0.6964285714285714,0.42857142857142855,0.1875
25515,0,CF2,L1,0.05,dictlearn,7,1,0.9343133568763733,0,False,0.5,0.0,0.0
12876,0,CF2,L1,0.05,dictlearn,0,0,0.9880537390708923,1,False,0.42857142857142855,0.35714285714285715,0.1171875
17565,0,CF2,L1,0.05,dictlearn,6,6,0.6823780536651611,1,False,0.5838926174496645,0.42953020134228187,0.25
17511,0,CF2,L1,0.05,dictlearn,4,4,0.6950623393058777,1,False,0.7511111111111111,0.6844444444444444,0.6015625
19996,0,CF2,L1,0.05,dictlearn,0,0,0.9992910623550415,1,False,0.5555555555555556,0.3472222222222222,0.09765625
12807,0,CF2,L1,0.05,dictlearn,1,1,0.9948377013206482,1,False,0.6923076923076923,0.38461538461538464,0.15625
11001,0,CF2,L1,0.05,dictlearn,9,9,0.9596564173698425,1,False,0.5357142857142857,0.16071428571428573,0.03515625
13107,0,CF2,L1,0.05,dictlearn,0,0,0.9995412826538086,1,False,0.5641025641025641,0.8461538461538461,0.2578125
12641,0,CF2,L1,0.05,dictlearn,6,6,0.9981427192687988,1,False,0.5714285714285714,0.4,0.109375
22667,0,CF2,L1,0.05,dictlearn,5,5,0.9903936982154846,1,False,0.4838709677419355,0.03225806451612903,0.0078125
7310,0,CF2,L1,0.05,dictlearn,7,7,0.7746039032936096,1,False,0.7012987012987013,0.35064935064935066,0.2109375
764,0,CF2,L1,0.05,dictlearn,1,1,0.9729858040809631,1,False,0.6818181818181818,0.1893939393939394,0.09765625
14813,0,CF2,L1,0.05,dictlearn,4,4,0.6773168444633484,1,False,0.64,0.4,0.15625
7132,0,CF2,L1,0.05,dictlearn,2,2,0.9924392700195312,1,False,0.5213675213675214,0.10256410256410256,0.046875
23884,0,CF2,L1,0.05,dictlearn,1,1,0.5895721912384033,1,False,0.5952380952380952,0.5,0.1640625
22735,0,CF2,L1,0.05,dictlearn,8,9,0.4409896433353424,0,False,0.6818181818181818,0.5454545454545454,0.28125
12483,0,CF2,L1,0.05,dictlearn,2,2,0.8187175393104553,1,False,0.65,0.8666666666666667,0.40625
10442,0,CF2,L1,0.05,dictlearn,6,6,0.7102166414260864,1,False,0.6363636363636364,0.2727272727272727,0.10546875
3733,0,CF2,L1,0.05,dictlearn,8,8,0.5820250511169434,1,False,0.7333333333333333,0.676923076923077,0.515625
20089,0,CF2,L1,0.05,dictlearn,4,4,0.9541842937469482,1,False,0.5833333333333334,1.0,0.28125
20411,0,CF2,L1,0.05,dictlearn,4,4,0.7534206509590149,1,False,0.7089201877934272,0.43661971830985913,0.36328125
10695,0,CF2,L1,0.05,dictlearn,4,1,0.4926019310951233,0,False,0.5076923076923077,0.0,0.0
11992,0,CF2,L1,0.05,dictlearn,2,2,0.9998202919960022,1,False,0.6581196581196581,0.11965811965811966,0.0546875
20712,0,CF2,L1,0.05,dictlearn,7,7,0.9903171062469482,1,False,0.5,1.0,0.234375
6518,0,CF2,L1,0.05,dictlearn,8,8,0.8686867356300354,1,False,0.5833333333333334,0.4166666666666667,0.1171875
6015,0,CF2,L1,0.05,dictlearn,9,9,0.859976589679718,1,False,0.6804733727810651,0.47928994082840237,0.31640625
8396,0,CF2,L1,0.05,dictlearn,5,2,0.8291112184524536,0,False,0.6363636363636364,0.494949494949495,0.19140625
12097,0,CF2,L1,0.05,dictlearn,9,9,0.9906994700431824,1,False,0.5555555555555556,0.8571428571428571,0.2109375
12565,0,CF2,L1,0.05,dictlearn,2,2,0.9727387428283691,1,False,0.47619047619047616,0.21428571428571427,0.0703125
22474,0,CF2,L1,0.05,dictlearn,4,5,0.5468921661376953,0,False,0.5423728813559322,0.2033898305084746,0.09375
25110,0,CF2,L1,0.05,dictlearn,9,9,0.987337589263916,1,False,0.5641025641025641,0.1794871794871795,0.0546875
8275,0,CF2,L1,0.05,dictlearn,8,8,0.30938753485679626,1,False,0.6428571428571429,1.0,0.4375
3871,0,CF2,L1,0.05,dictlearn,1,1,0.9585370421409607,1,False,0.52,1.0,0.29296875
24639,0,CF2,L1,0.05,dictlearn,2,2,0.9982143640518188,1,False,0.5324675324675324,0.16883116883116883,0.05078125
15979,0,CF2,L1,0.05,dictlearn,3,3,0.5392000675201416,1,False,0.4166666666666667,0.625,0.234375
24513,0,CF2,L1,0.05,dictlearn,6,6,0.9873179793357849,1,False,0.5357142857142857,0.10714285714285714,0.0234375
10926,0,CF2,L1,0.05,dictlearn,7,7,0.4934846758842468,1,False,0.6080402010050251,0.6231155778894473,0.484375
25564,0,CF2,L1,0.05,dictlearn,0,0,0.742453396320343,1,False,0.6481481481481481,0.18518518518518517,0.078125
2118,0,CF2,L1,0.05,dictlearn,0,6,0.5981962084770203,0,False,0.3888888888888889,0.7222222222222222,0.203125
4358,0,CF2,L1,0.05,dictlearn,9,3,0.7289601564407349,0,False,0.5714285714285714,0.42857142857142855,0.1171875
5674,0,CF2,L1,0.05,dictlearn,8,0,0.5958568453788757,0,False,0.7428571428571429,1.0,0.8203125
3397,0,CF2,L1,0.05,dictlearn,7,7,0.5673570036888123,1,False,0.7042801556420234,0.311284046692607,0.3125
5183,0,CF2,L1,0.05,dictlearn,7,7,0.8746997117996216,1,False,0.5714285714285714,0.8571428571428571,0.28125
7505,0,CF2,L1,0.05,dictlearn,9,9,0.9993395209312439,1,False,0.4230769230769231,0.6923076923076923,0.140625
17539,0,CF2,L1,0.05,dictlearn,0,9,0.4380984902381897,0,False,0.7333333333333333,0.4512820512820513,0.34375
23918,0,CF2,L1,0.05,dictlearn,6,5,0.5152631402015686,0,False,0.65,0.225,0.10546875
19449,0,CF2,L1,0.05,dictlearn,2,2,0.9925833940505981,1,False,0.45454545454545453,0.7272727272727273,0.21875
18599,0,CF2,L1,0.05,dictlearn,3,9,0.2770960330963135,0,False,0.6257309941520468,0.7368421052631579,0.4921875
8175,0,CF2,L1,0.05,dictlearn,8,8,0.29169514775276184,1,False,0.7252747252747253,0.6593406593406593,0.46875
18412,0,CF2,L1,0.05,dictlearn,7,7,0.9683378338813782,1,False,0.52,0.0,0.0
20667,0,CF2,L1,0.05,dictlearn,1,1,0.9823458790779114,1,False,0.625,0.15625,0.05859375
8672,0,CF2,L1,0.05,dictlearn,9,9,0.6939574480056763,1,False,0.5714285714285714,0.32142857142857145,0.10546875
22087,0,CF2,L1,0.05,dictlearn,1,1,0.9645650386810303,1,False,0.5357142857142857,1.0,0.21875
6910,0,CF2,L1,0.05,dictlearn,2,2,0.9999616146087646,1,False,0.5925925925925926,0.4722222222222222,0.19921875
19205,0,CF2,L1,0.05,dictlearn,3,3,0.2883715033531189,1,False,0.6346153846153846,0.6153846153846154,0.25
10581,0,CF2,L1,0.05,dictlearn,3,3,0.9677758812904358,1,False,0.5555555555555556,0.12698412698412698,0.03125
14516,0,CF2,L1,0.05,dictlearn,4,4,0.742821216583252,1,False,0.6428571428571429,0.5,0.21875
22602,0,CF2,L1,0.05,dictlearn,4,4,0.7771362662315369,1,False,0.4909090909090909,0.2,0.04296875
1944,0,CF2,L1,0.05,dictlearn,0,0,0.9290169477462769,1,False,0.6,0.375,0.1171875
19718,0,CF2,L1,0.05,dictlearn,0,9,0.4861449897289276,0,False,0.6923076923076923,0.24475524475524477,0.13671875
15599,0,CF2,L1,0.05,dictlearn,7,7,0.9922685027122498,1,False,0.5641025641025641,0.0,0.0
16766,0,CF2,L1,0.05,dictlearn,9,9,0.9519256949424744,1,False,0.5714285714285714,0.7714285714285715,0.2109375
12317,0,CF2,L1,0.05,dictlearn,5,5,0.669297456741333,1,False,0.64,0.5,0.1953125
6275,0,CF2,L1,0.05,dictlearn,6,6,0.732723593711853,1,False,0.6428571428571429,0.0,0.0
14332,0,CF2,L1,0.05,dictlearn,3,3,0.7162023782730103,1,False,0.47619047619047616,0.9166666666666666,0.30078125
25615,0,CF2,L1,0.05,dictlearn,8,8,0.9415786266326904,1,False,0.5625,0.75,0.1875
7680,0,CF2,L1,0.05,dictlearn,7,7,0.999976396560669,1,False,0.5333333333333333,0.6666666666666666,0.15625
22105,0,CF2,L1,0.05,dictlearn,7,7,0.9077387452125549,1,False,0.6481481481481481,0.6666666666666666,0.28125
19179,0,CF2,L1,0.05,dictlearn,5,5,0.5871525406837463,1,False,0.46153846153846156,0.8461538461538461,0.2578125
22379,0,CF2,L1,0.05,dictlearn,5,5,0.9170441031455994,1,False,0.6666666666666666,0.5714285714285714,0.28125
11796,0,CF2,L1,0.05,dictlearn,0,0,0.995524525642395,1,False,0.5844155844155844,0.3116883116883117,0.09375
16929,0,CF2,L1,0.05,dictlearn,0,0,0.9995315074920654,1,False,0.6923076923076923,0.3916083916083916,0.21875
20580,0,CF2,L1,0.05,dictlearn,2,5,0.3912828862667084,0,False,0.6857142857142857,0.3,0.1640625
21272,0,CF2,L1,0.05,dictlearn,7,0,0.9130761027336121,0,False,0.6545454545454545,0.19090909090909092,0.08203125
12963,0,CF2,L1,0.05,dictlearn,4,4,0.8791275024414062,1,False,0.5555555555555556,1.0,0.24609375
15648,0,CF2,L1,0.05,dictlearn,9,9,0.7016347646713257,1,False,0.5782312925170068,0.22448979591836735,0.12890625
10831,0,CF2,L1,0.05,dictlearn,6,6,0.9986439347267151,1,False,0.45454545454545453,0.5454545454545454,0.1875
12228,0,CF2,L1,0.05,dictlearn,3,3,0.589850664138794,1,False,0.5777777777777777,0.4888888888888889,0.171875
2242,0,CF2,L1,0.05,dictlearn,7,5,0.8589141964912415,0,False,0.625,0.5833333333333334,0.21875
25443,0,CF2,L1,0.05,dictlearn,3,3,0.9986642599105835,1,False,0.6,1.0,0.3125
23913,0,CF2,L1,0.05,dictlearn,1,1,0.7524147629737854,1,False,0.5303030303030303,0.3333333333333333,0.171875
18452,0,CF2,L1,0.05,dictlearn,1,1,0.992331862449646,1,False,0.6428571428571429,0.0,0.0
12210,0,CF2,L1,0.05,dictlearn,0,0,0.9990683197975159,1,False,0.4230769230769231,0.4230769230769231,0.0859375
3532,0,CF2,L1,0.05,dictlearn,6,6,0.4837765395641327,1,False,0.7159763313609467,0.6923076923076923,0.45703125
13678,0,CF2,L1,0.05,dictlearn,9,9,0.6349153518676758,1,False,0.7428571428571429,0.34285714285714286,0.28125
21370,0,CF2,L1,0.05,dictlearn,5,8,0.8611357808113098,0,False,0.6581196581196581,0.3333333333333333,0.15234375
23728,0,CF2,L1,0.05,dictlearn,9,9,0.9998165965080261,1,False,0.7428571428571429,0.0,0.0
7460,0,CF2,L1,0.05,dictlearn,0,0,0.998925507068634,1,False,0.7636363636363637,0.296969696969697,0.19140625
25354,0,CF2,L1,0.05,dictlearn,2,2,0.9924355149269104,1,False,0.6857142857142857,0.42857142857142855,0.234375
18984,0,CF2,L1,0.05,dictlearn,8,8,0.9851605892181396,1,False,0.6122448979591837,0.7857142857142857,0.30078125
12422,0,CF2,L1,0.05,dictlearn,6,3,0.8839771151542664,0,False,0.7012987012987013,0.7792207792207793,0.46875
7413,0,CF2,L1,0.05,dictlearn,4,4,0.32105833292007446,1,False,0.6428571428571429,1.0,0.4375
