patch_id,seed,family,level,frac,method,true_label,prediction,confidence,correct,bounded_unknown,isolated_missing_frac,mask_overlap_centre,centre_erased_frac
17222,0,CF2,L1,0.05,zero_fill,8,3,0.5296764373779297,0,False,0.7012987012987013,0.7272727272727273,0.4375
7987,0,CF2,L1,0.05,zero_fill,4,3,0.3159216046333313,0,False,0.5566037735849056,0.39622641509433965,0.1640625
14403,0,CF2,L1,0.05,zero_fill,1,4,0.4930537939071655,0,False,0.6545454545454545,0.24545454545454545,0.10546875
12904,0,CF2,L1,0.05,zero_fill,1,1,0.6329076290130615,1,False,0.6545454545454545,0.4,0.171875
1024,0,CF2,L1,0.05,zero_fill,2,2,0.8520587682723999,1,False,0.6593406593406593,0.38461538461538464,0.13671875
15700,0,CF2,L1,0.05,zero_fill,3,0,0.5732280015945435,0,False,0.6964285714285714,0.42857142857142855,0.1875
12639,0,CF2,L1,0.05,zero_fill,7,1,0.6591335535049438,0,False,0.7051282051282052,0.358974358974359,0.21875
20658,0,CF2,L1,0.05,zero_fill,4,7,0.7040839195251465,0,False,0.6857142857142857,0.0,0.0
2642,0,CF2,L1,0.05,zero_fill,7,9,0.39572566747665405,0,False,0.4,0.4666666666666667,0.109375
9392,0,CF2,L1,0.05,zero_fill,9,9,0.6675530076026917,1,False,0.52,0.824,0.40234375
23357,0,CF2,L1,0.05,zero_fill,5,6,0.9090256690979004,0,False,0.674074074074074,0.35555555555555557,0.1875
15977,0,CF2,L1,0.05,zero_fill,0,2,0.9997848868370056,0,False,0.625,0.22916666666666666,0.0859375
10440,0,CF2,L1,0.05,zero_fill,0,6,0.5585801601409912,0,False,0.7142857142857143,0.7857142857142857,0.515625
14216,0,CF2,L1,0.05,zero_fill,3,3,0.4427421987056732,1,False,0.5142857142857142,1.0,0.2734375
18353,0,CF2,L1,0.05,zero_fill,7,3,0.5442710518836975,0,False,0.6857142857142857,0.6857142857142857,0.375
17404,0,CF2,L1,0.05,zero_fill,3,3,0.8419713973999023,1,False,0.6049382716049383,0.3950617283950617,0.125
8424,0,CF2,L1,0.05,zero_fill,8,9,0.7402025461196899,0,False,0.43333333333333335,0.8666666666666667,0.203125
4744,0,CF2,L1,0.05,zero_fill,8,8,0.5884338617324829,1,False,0.6666666666666666,0.675,0.31640625
18797,0,CF2,L1,0.05,zero_fill,7,7,0.8390856981277466,1,False,0.6818181818181818,0.9090909090909091,0.46875
3156,0,CF2,L1,0.05,zero_fill,7,7,0.9687965512275696,1,False,0.6346153846153846,0.3173076923076923,0.12890625
17024,0,CF2,L1,0.05,zero_fill,2,3,0.4398844540119171,0,False,0.41935483870967744,0.8064516129032258,0.1953125
7807,0,CF2,L1,0.05,zero_fill,8,3,0.8723426461219788,0,False,0.6346153846153846,0.6057692307692307,0.24609375
138,0,CF2,L1,0.05,zero_fill,0,0,0.9583205580711365,1,False,0.7252747252747253,0.23076923076923078,0.1640625
20222,0,CF2,L1,0.05,zero_fill,2,2,0.9999079704284668,1,False,0.625,0.375,0.140625
24734,0,CF2,L1,0.05,zero_fill,9,4,0.43404361605644226,0,False,0.6666666666666666,0.38095238095238093,0.1875
8909,0,CF2,L1,0.05,zero_fill,0,0,0.8524044156074524,1,False,0.5555555555555556,0.0,0.0
4684,0,CF2,L1,0.05,zero_fill,1,1,0.9964836835861206,1,False,0.6,0.15,0.046875
15978,0,CF2,L1,0.05,zero_fill,6,0,0.731959879398346,0,False,0.52,0.9333333333333333,0.2734375
21495,0,CF2,L1,0.05,zero_fill,7,7,0.2873814105987549,1,False,0.6122448979591837,0.5714285714285714,0.21875
5107,0,CF2,L1,0.05,zero_fill,6,7,0.4589327573776245,0,False,0.5714285714285714,0.0,0.0
1914,0,CF2,L1,0.05,zero_fill,2,2,0.6732602715492249,1,False,0.5915492957746479,0.3380281690140845,0.1875
21307,0,CF2,L1,0.05,zero_fill,1,1,0.999876856803894,1,False,0.5833333333333334,0.3333333333333333,0.09375
7178,0,CF2,L1,0.05,zero_fill,4,7,0.8305694460868835,0,False,0.5185185185185185,0.0,0.0
13264,0,CF2,L1,0.05,zero_fill,4,1,0.26133501529693604,0,False,0.7090909090909091,0.2909090909090909,0.1875
21507,0,CF2,L1,0.05,zero_fill,1,1,0.7639594078063965,1,False,0.7878787878787878,0.2545454545454545,0.1640625
8399,0,CF2,L1,0.05,zero_fill,9,7,0.6490415930747986,0,False,0.7252747252747253,0.9285714285714286,0.66015625
4384,0,CF2,L1,0.05,zero_fill,0,0,0.9605072140693665,1,False,0.6222222222222222,0.4666666666666667,0.1640625
5820,0,CF2,L1,0.05,zero_fill,0,7,0.3695559501647949,0,False,0.6363636363636364,0.32386363636363635,0.22265625
22865,0,CF2,L1,0.05,zero_fill,0,6,0.590436577796936,0,False,0.7098039215686275,0.42745098039215684,0.42578125
65,0,CF2,L1,0.05,zero_fill,0,0,0.3903484046459198,1,False,0.42857142857142855,0.0,0.0
15494,0,CF2,L1,0.05,zero_fill,6,2,0.6487164497375488,0,False,0.43333333333333335,0.13333333333333333,0.03125
2327,0,CF2,L1,0.05,zero_fill,5,5,0.9497547149658203,1,False,0.647887323943662,0.5633802816901409,0.3125
24596,0,CF2,L1,0.05,zero_fill,7,7,0.5645245313644409,1,False,0.5185185185185185,0.6666666666666666,0.140625
3825,0,CF2,L1,0.05,zero_fill,5,9,0.324815034866333,0,False,0.7252747252747253,0.3076923076923077,0.21875
17168,0,CF2,L1,0.05,zero_fill,7,1,0.6439988017082214,0,False,0.6190476190476191,0.9333333333333333,0.3828125
4357,0,CF2,L1,0.05,zero_fill,3,3,0.516903817653656,1,False,0.6363636363636364,0.18181818181818182,0.0703125
2364,0,CF2,L1,0.05,zero_fill,9,9,0.47375285625457764,1,False,0.5263157894736842,0.43859649122807015,0.1953125
8703,0,CF2,L1,0.05,zero_fill,9,9,0.958160936832428,1,False,0.7944444444444444,0.26666666666666666,0.1875
19390,0,CF2,L1,0.05,zero_fill,9,3,0.7600321173667908,0,False,0.5076923076923077,0.2,0.05078125
17853,0,CF2,L1,0.05,zero_fill,6,4,0.6536825895309448,0,False,0.7428571428571429,0.38095238095238093,0.3125
4930,0,CF2,L1,0.05,zero_fill,4,1,0.3993265926837921,0,False,0.6666666666666666,0.5,0.24609375
5314,0,CF2,L1,0.05,zero_fill,8,8,0.9820336699485779,1,False,0.6136363636363636,0.6363636363636364,0.21875
4478,0,CF2,L1,0.05,zero_fill,8,6,0.5127912163734436,0,False,0.7428571428571429,0.5714285714285714,0.46875
23679,0,CF2,L1,0.05,zero_fill,4,1,0.8279154896736145,0,False,0.6043956043956044,0.5494505494505495,0.1953125
5449,0,CF2,L1,0.05,zero_fill,1,1,0.6675787568092346,1,False,0.5714285714285714,0.35714285714285715,0.1171875
24183,0,CF2,L1,0.05,zero_fill,0,5,0.748261570930481,0,False,0.6932515337423313,0.5950920245398773,0.37890625
20842,0,CF2,L1,0.05,zero_fill,3,5,0.4460251033306122,0,False,0.7159763313609467,0.46153846153846156,0.3046875
18825,0,CF2,L1,0.05,zero_fill,9,2,0.4948756694793701,0,False,0.5555555555555556,1.0,0.24609375
6265,0,CF2,L1,0.05,zero_fill,1,6,0.6545700430870056,0,False,0.6581196581196581,0.6666666666666666,0.3046875
24932,0,CF2,L1,0.05,zero_fill,4,7,0.6106926798820496,0,False,0.7222222222222222,0.8666666666666667,0.609375
14427,0,CF2,L1,0.05,zero_fill,8,7,0.8031753301620483,0,False,0.4166666666666667,0.20833333333333334,0.078125
3740,0,CF2,L1,0.05,zero_fill,7,7,0.9766950011253357,1,False,0.6923076923076923,0.14423076923076922,0.05859375
16809,0,CF2,L1,0.05,zero_fill,9,2,0.8985476493835449,0,False,0.43333333333333335,0.23333333333333334,0.0546875
1136,0,CF2,L1,0.05,zero_fill,1,4,0.4834967255592346,0,False,0.6346153846153846,0.38461538461538464,0.15625
25757,0,CF2,L1,0.05,zero_fill,5,6,0.3855913281440735,0,False,0.4727272727272727,0.36363636363636365,0.15625
7356,0,CF2,L1,0.05,zero_fill,4,5,0.46353814005851746,0,False,0.7090909090909091,0.43636363636363634,0.28125
12298,0,CF2,L1,0.05,zero_fill,0,9,0.39460983872413635,0,False,0.42857142857142855,0.5,0.109375
5700,0,CF2,L1,0.05,zero_fill,3,2,0.7722468376159668,0,False,0.5833333333333334,1.0,0.28125
22753,0,CF2,L1,0.05,zero_fill,6,6,0.7196523547172546,1,False,0.5555555555555556,0.2222222222222222,0.0546875
16813,0,CF2,L1,0.05,zero_fill,6,8,0.49210992455482483,0,False,0.7756410256410257,0.2564102564102564,0.15625
7373,0,CF2,L1,0.05,zero_fill,8,2,0.3277381956577301,0,False,0.6190476190476191,0.42857142857142855,0.17578125
20149,0,CF2,L1,0.05,zero_fill,2,7,0.9936144351959229,0,False,0.7012987012987013,0.5454545454545454,0.328125
15874,0,CF2,L1,0.05,zero_fill,9,9,0.9702032208442688,1,False,0.6136363636363636,0.125,0.04296875
26011,0,CF2,L1,0.05,zero_fill,0,0,0.8745912909507751,1,False,0.5952380952380952,0.17857142857142858,0.05859375
4196,0,CF2,L1,0.05,zero_fill,9,8,0.5889694690704346,0,False,0.6122448979591837,0.5102040816326531,0.1953125
11227,0,CF2,L1,0.05,zero_fill,3,2,0.6301339864730835,0,False,0.5952380952380952,0.4166666666666667,0.13671875
15736,0,CF2,L1,0.05,zero_fill,3,3,0.8656694293022156,1,False,0.6933333333333334,0.24,0.140625
6339,0,CF2,L1,0.05,zero_fill,6,6,0.677918553352356,1,False,0.7012987012987013,0.2597402597402597,0.15625
25704,0,CF2,L1,0.05,zero_fill,2,7,0.33369407057762146,0,False,0.4489795918367347,0.3469387755102041,0.1328125
3190,0,CF2,L1,0.05,zero_fill,7,7,0.48803216218948364,1,False,0.625,0.21875,0.08203125
737,0,CF2,L1,0.05,zero_fill,4,4,0.566918671131134,1,False,0.64,0.9,0.3515625
22875,0,CF2,L1,0.05,zero_fill,9,9,0.7041500806808472,1,False,0.5555555555555556,0.75,0.2109375
22749,0,CF2,L1,0.05,zero_fill,3,5,0.3403480052947998,0,False,0.676923076923077,0.23076923076923078,0.1171875
22998,0,CF2,L1,0.05,zero_fill,3,3,0.9995253086090088,1,False,0.78,0.2,0.1171875
24210,0,CF2,L1,0.05,zero_fill,5,5,0.3154374957084656,1,False,0.7222222222222222,0.9333333333333333,0.65625
6800,0,CF2,L1,0.05,zero_fill,4,1,0.7542656064033508,0,False,0.6190476190476191,0.3142857142857143,0.12890625
16602,0,CF2,L1,0.05,zero_fill,9,3,0.6828612685203552,0,False,0.625,0.5833333333333334,0.21875
10822,0,CF2,L1,0.05,zero_fill,6,6,0.5114898681640625,1,False,0.6545454545454545,0.45454545454545453,0.1953125
12822,0,CF2,L1,0.05,zero_fill,1,1,0.9929410219192505,1,False,0.7428571428571429,0.26666666666666666,0.21875
12758,0,CF2,L1,0.05,zero_fill,5,5,0.5499258041381836,1,False,0.6222222222222222,0.7777777777777778,0.2734375
21144,0,CF2,L1,0.05,zero_fill,4,5,0.6413425803184509,0,False,0.45098039215686275,0.8823529411764706,0.3515625
4900,0,CF2,L1,0.05,zero_fill,6,3,0.5143524408340454,0,False,0.7428571428571429,0.6666666666666666,0.546875
22888,0,CF2,L1,0.05,zero_fill,9,5,0.6572943925857544,0,False,0.7012987012987013,0.35714285714285715,0.21484375
19935,0,CF2,L1,0.05,zero_fill,9,3,0.73478102684021,0,False,0.7428571428571429,0.41904761904761906,0.34375
21896,0,CF2,L1,0.05,zero_fill,7,2,0.3437441289424896,0,False,0.515625,0.609375,0.3046875
3475,0,CF2,L1,0.05,zero_fill,3,5,0.9630240797996521,0,False,0.725925925925926,0.2074074074074074,0.109375
16171,0,CF2,L1,0.05,zero_fill,0,0,0.9994532465934753,1,False,0.5952380952380952,0.8333333333333334,0.2734375
4672,0,CF2,L1,0.05,zero_fill,4,7,0.9801347851753235,0,False,0.6666666666666666,0.0,0.0
10146,0,CF2,L1,0.05,zero_fill,2,3,0.7954878807067871,0,False,0.6666666666666666,0.6416666666666667,0.30078125
9207,0,CF2,L1,0.05,zero_fill,7,7,0.6825149059295654,1,False,0.4444444444444444,0.25,0.0703125
17745,0,CF2,L1,0.05,zero_fill,9,2,0.9916418790817261,0,False,0.674074074074074,0.2222222222222222,0.1171875
432,0,CF2,L1,0.05,zero_fill,7,7,0.6724998354911804,1,False,0.5333333333333333,0.0,0.0
6608,0,CF2,L1,0.05,zero_fill,4,4,0.9818374514579773,1,False,0.4230769230769231,1.0,0.203125
25769,0,CF2,L1,0.05,zero_fill,9,5,0.8977885842323303,0,False,0.7252747252747253,0.9285714285714286,0.66015625
14774,0,CF2,L1,0.05,zero_fill,3,3,0.4693489074707031,1,False,0.6923076923076923,0.45454545454545453,0.25390625
21627,0,CF2,L1,0.05,zero_fill,4,4,0.854826033115387,1,False,0.42857142857142855,0.25,0.0546875
8133,0,CF2,L1,0.05,zero_fill,2,2,0.622982382774353,1,False,0.7142857142857143,0.6952380952380952,0.5703125
12554,0,CF2,L1,0.05,zero_fill,4,7,0.3858744502067566,0,False,0.5148514851485149,0.0,0.0
10856,0,CF2,L1,0.05,zero_fill,1,1,0.4987485110759735,1,False,0.7051282051282052,0.5769230769230769,0.3515625
15931,0,CF2,L1,0.05,zero_fill,3,3,0.5164026618003845,1,False,0.7333333333333333,0.7333333333333333,0.55859375
2367,0,CF2,L1,0.05,zero_fill,2,3,0.5986148715019226,0,False,0.6923076923076923,0.5664335664335665,0.31640625
25563,0,CF2,L1,0.05,zero_fill,7,9,0.45466768741607666,0,False,0.5625,1.0,0.25
6748,0,CF2,L1,0.05,zero_fill,2,2,0.9653006196022034,1,False,0.6222222222222222,0.4,0.140625
5368,0,CF2,L1,0.05,zero_fill,8,8,0.9965453743934631,1,False,0.7583333333333333,0.0,0.0
25951,0,CF2,L1,0.05,zero_fill,6,6,0.9850022196769714,1,False,0.6481481481481481,0.4537037037037037,0.19140625
22082,0,CF2,L1,0.05,zero_fill,7,7,0.9497938752174377,1,False,0.6446280991735537,0.24793388429752067,0.1171875
19301,0,CF2,L1,0.05,zero_fill,4,4,0.8791964054107666,1,False,0.6428571428571429,0.0,0.0
13302,0,CF2,L1,0.05,zero_fill,4,4,0.8900431990623474,1,False,0.6190476190476191,0.5333333333333333,0.21875
15358,0,CF2,L1,0.05,zero_fill,0,9,0.3084960877895355,0,False,0.6,0.8,0.25
23572,0,CF2,L1,0.05,zero_fill,2,2,0.3903239667415619,1,False,0.6857142857142857,0.6,0.328125
14736,0,CF2,L1,0.05,zero_fill,4,4,0.4064459800720215,1,False,0.5714285714285714,0.14285714285714285,0.046875
16685,0,CF2,L1,0.05,zero_fill,2,2,0.8863540291786194,1,False,0.6122448979591837,0.5612244897959183,0.21484375
21902,0,CF2,L1,0.05,zero_fill,7,1,0.728535532951355,0,False,0.6545454545454545,0.21818181818181817,0.09375
6713,0,CF2,L1,0.05,zero_fill,5,6,0.6528722047805786,0,False,0.5357142857142857,0.03571428571428571,0.0078125
8771,0,CF2,L1,0.05,zero_fill,4,4,0.9631783366203308,1,False,0.691358024691358,0.1111111111111111,0.03515625
20264,0,CF2,L1,0.05,zero_fill,3,8,0.3193071484565735,0,False,0.6363636363636364,0.8181818181818182,0.31640625
24489,0,CF2,L1,0.05,zero_fill,1,1,0.9999943971633911,1,False,0.52,0.0,0.0
24852,0,CF2,L1,0.05,zero_fill,1,6,0.4615463316440582,0,False,0.5952380952380952,0.6666666666666666,0.21875
6746,0,CF2,L1,0.05,zero_fill,1,6,0.3051420748233795,0,False,0.7012987012987013,1.0,0.6015625
5951,0,CF2,L1,0.05,zero_fill,5,1,0.4546070396900177,0,False,0.6545454545454545,0.2727272727272727,0.1171875
6438,0,CF2,L1,0.05,zero_fill,4,4,0.9993125200271606,1,False,0.676923076923077,0.4846153846153846,0.24609375
11126,0,CF2,L1,0.05,zero_fill,9,7,0.8456147313117981,0,False,0.6933333333333334,0.64,0.375
24241,0,CF2,L1,0.05,zero_fill,3,3,0.6731473803520203,1,False,0.5641025641025641,0.8461538461538461,0.2578125
23621,0,CF2,L1,0.05,zero_fill,6,6,0.5673190355300903,1,False,0.7051282051282052,0.75,0.45703125
14358,0,CF2,L1,0.05,zero_fill,6,6,0.341558039188385,1,False,0.6694214876033058,0.3305785123966942,0.15625
19003,0,CF2,L1,0.05,zero_fill,6,3,0.7484711408615112,0,False,0.5952380952380952,0.42857142857142855,0.140625
3760,0,CF2,L1,0.05,zero_fill,9,9,0.38458481431007385,1,False,0.5777777777777777,0.17777777777777778,0.0625
1155,0,CF2,L1,0.05,zero_fill,5,5,0.6392110586166382,1,False,0.6470588235294118,0.4166666666666667,0.33203125
22044,0,CF2,L1,0.05,zero_fill,8,7,0.9173687696456909,0,False,0.5555555555555556,0.4166666666666667,0.1171875
17521,0,CF2,L1,0.05,zero_fill,4,4,0.8873155117034912,1,False,0.5454545454545454,0.36363636363636365,0.09375
15177,0,CF2,L1,0.05,zero_fill,9,7,0.5921251177787781,0,False,0.7258883248730964,0.649746192893401,0.5
21080,0,CF2,L1,0.05,zero_fill,0,0,0.9904769659042358,1,False,0.6428571428571429,0.2,0.0546875
4507,0,CF2,L1,0.05,zero_fill,5,5,0.8514949679374695,1,False,0.4909090909090909,0.2,0.04296875
10600,0,CF2,L1,0.05,zero_fill,7,7,0.9994091987609863,1,False,0.7051282051282052,0.0,0.0
11754,0,CF2,L1,0.05,zero_fill,1,1,0.8177803158760071,1,False,0.5555555555555556,0.75,0.2109375
22934,0,CF2,L1,0.05,zero_fill,4,4,0.9430030584335327,1,False,0.5606060606060606,0.21212121212121213,0.109375
19094,0,CF2,L1,0.05,zero_fill,3,3,0.8792774677276611,1,False,0.6818181818181818,0.30303030303030304,0.15625
25246,0,CF2,L1,0.05,zero_fill,7,7,0.9117711186408997,1,False,0.5454545454545454,0.45454545454545453,0.1171875
14745,0,CF2,L1,0.05,zero_fill,2,2,0.9994080066680908,1,False,0.6136363636363636,0.125,0.04296875
3177,0,CF2,L1,0.05,zero_fill,8,8,0.5020198225975037,1,False,0.7333333333333333,0.27692307692307694,0.2109375
13870,0,CF2,L1,0.05,zero_fill,5,2,0.5952029824256897,0,False,0.6136363636363636,0.9090909090909091,0.3125
5605,0,CF2,L1,0.05,zero_fill,6,5,0.3258143663406372,0,False,0.5142857142857142,0.6428571428571429,0.17578125
5202,0,CF2,L1,0.05,zero_fill,8,8,0.8607546091079712,1,False,0.5555555555555556,0.5,0.140625
8800,0,CF2,L1,0.05,zero_fill,5,3,0.9912115931510925,0,False,0.5357142857142857,0.5357142857142857,0.1171875
645,0,CF2,L1,0.05,zero_fill,3,9,0.9482200741767883,0,False,0.7252747252747253,0.7857142857142857,0.55859375
16077,0,CF2,L1,0.05,zero_fill,5,5,0.8406897783279419,1,False,0.6666666666666666,0.38095238095238093,0.1875
15336,0,CF2,L1,0.05,zero_fill,5,3,0.7742001414299011,0,False,0.5238095238095238,0.42857142857142855,0.140625
20933,0,CF2,L1,0.05,zero_fill,0,0,0.5839763879776001,1,False,0.6933333333333334,0.16,0.09375
10580,0,CF2,L1,0.05,zero_fill,8,8,0.8274461627006531,1,False,0.6581196581196581,1.0,0.45703125
25902,0,CF2,L1,0.05,zero_fill,6,6,0.9565236568450928,1,False,0.5714285714285714,0.8333333333333334,0.2734375
4666,0,CF2,L1,0.05,zero_fill,8,8,0.9984498023986816,1,False,0.6136363636363636,0.20454545454545456,0.0703125
14541,0,CF2,L1,0.05,zero_fill,4,3,0.5929024815559387,0,False,0.5942028985507246,0.6811594202898551,0.3671875
7374,0,CF2,L1,0.05,zero_fill,5,5,0.786616325378418,1,False,0.42857142857142855,0.19642857142857142,0.04296875
4697,0,CF2,L1,0.05,zero_fill,5,3,0.5376147627830505,0,False,0.65,0.225,0.10546875
6317,0,CF2,L1,0.05,zero_fill,5,5,0.8457022905349731,1,False,0.75,0.0,0.0
16623,0,CF2,L1,0.05,zero_fill,6,8,0.408605694770813,0,False,0.6923076923076923,0.38461538461538464,0.15625
16511,0,CF2,L1,0.05,zero_fill,6,5,0.519498348236084,0,False,0.7051282051282052,0.5384615384615384,0.328125
16162,0,CF2,L1,0.05,zero_fill,3,2,0.8098854422569275,0,False,0.6857142857142857,0.7071428571428572,0.38671875
5989,0,CF2,L1,0.05,zero_fill,1,1,0.6373220682144165,1,False,0.7142857142857143,0.4642857142857143,0.3046875
18753,0,CF2,L1,0.05,zero_fill,5,3,0.9806640148162842,0,False,0.676923076923077,0.24615384615384617,0.125
20853,0,CF2,L1,0.05,zero_fill,4,4,0.768479585647583,1,False,0.6666666666666666,0.16666666666666666,0.078125
16556,0,CF2,L1,0.05,zero_fill,0,2,0.5257574319839478,0,False,0.6666666666666666,0.5,0.24609375
7019,0,CF2,L1,0.05,zero_fill,9,9,0.7364569902420044,1,False,0.5777777777777777,0.0,0.0
3090,0,CF2,L1,0.05,zero_fill,6,6,0.9978967905044556,1,False,0.6933333333333334,0.0,0.0
14680,0,CF2,L1,0.05,zero_fill,3,1,0.5415995121002197,0,False,0.6190476190476191,0.0,0.0
869,0,CF2,L1,0.05,zero_fill,3,3,0.3451448976993561,1,False,0.6122448979591837,0.4897959183673469,0.1875
7595,0,CF2,L1,0.05,zero_fill,6,6,0.8701616525650024,1,False,0.5185185185185185,0.3333333333333333,0.0703125
14417,0,CF2,L1,0.05,zero_fill,1,2,0.6960225701332092,0,False,0.7333333333333333,0.8,0.609375
13624,0,CF2,L1,0.05,zero_fill,9,2,0.6779212951660156,0,False,0.7428571428571429,1.0,0.8203125
21083,0,CF2,L1,0.05,zero_fill,0,9,0.3268411159515381,0,False,0.7222222222222222,0.6666666666666666,0.46875
7556,0,CF2,L1,0.05,zero_fill,1,1,0.9815062284469604,1,False,0.6043956043956044,0.08791208791208792,0.03125
9289,0,CF2,L1,0.05,zero_fill,8,8,0.6791290044784546,1,False,0.6136363636363636,0.3409090909090909,0.1171875
19944,0,CF2,L1,0.05,zero_fill,3,7,0.26247021555900574,0,False,0.5602836879432624,0.1702127659574468,0.09375
6057,0,CF2,L1,0.05,zero_fill,1,9,0.573430597782135,0,False,0.5333333333333333,1.0,0.234375
23029,0,CF2,L1,0.05,zero_fill,8,7,0.20535309612751007,0,False,0.5483870967741935,0.7096774193548387,0.2578125
23668,0,CF2,L1,0.05,zero_fill,5,9,0.6206531524658203,0,False,0.6944444444444444,0.8333333333333334,0.46875
13115,0,CF2,L1,0.05,zero_fill,8,6,0.9324541091918945,0,False,0.7051282051282052,0.7692307692307693,0.46875
20635,0,CF2,L1,0.05,zero_fill,3,3,0.8130447864532471,1,False,0.6222222222222222,0.7777777777777778,0.2734375
4281,0,CF2,L1,0.05,zero_fill,4,4,0.9601354002952576,1,False,0.5185185185185185,1.0,0.2109375
4139,0,CF2,L1,0.05,zero_fill,9,2,0.48258620500564575,0,False,0.7051282051282052,0.358974358974359,0.21875
10652,0,CF2,L1,0.05,zero_fill,1,1,0.8993942737579346,1,False,0.7583333333333333,0.0,0.0
700,0,CF2,L1,0.05,zero_fill,1,1,0.9867256879806519,1,False,0.5714285714285714,0.08571428571428572,0.0234375
5772,0,CF2,L1,0.05,zero_fill,3,7,0.3373934328556061,0,False,0.6666666666666666,0.7142857142857143,0.3515625
8114,0,CF2,L1,0.05,zero_fill,9,9,0.8654887080192566,1,False,0.5952380952380952,0.23809523809523808,0.078125
5964,0,CF2,L1,0.05,zero_fill,6,6,0.7820976376533508,1,False,0.6481481481481481,0.5185185185185185,0.21875
17278,0,CF2,L1,0.05,zero_fill,7,7,0.9782455563545227,1,False,0.5555555555555556,0.7638888888888888,0.21484375
9961,0,CF2,L1,0.05,zero_fill,0,6,0.5733888745307922,0,False,0.6,1.0,0.3125
25974,0,CF2,L1,0.05,zero_fill,7,2,0.8545013070106506,0,False,0.43333333333333335,0.21666666666666667,0.05078125
14317,0,CF2,L1,0.05,zero_fill,3,3,0.9878522157669067,1,False,0.7923076923076923,0.2,0.203125
6485,0,CF2,L1,0.05,zero_fill,0,0,0.8847147822380066,1,False,0.5555555555555556,0.5833333333333334,0.1640625
18287,0,CF2,L1,0.05,zero_fill,0,7,0.516825258731842,0,False,0.4230769230769231,0.25,0.05078125
11840,0,CF2,L1,0.05,zero_fill,4,4,0.9354658126831055,1,False,0.5454545454545454,0.16666666666666666,0.04296875
864,0,CF2,L1,0.05,zero_fill,0,0,0.7771084904670715,1,False,0.6933333333333334,0.42,0.24609375
20612,0,CF2,L1,0.05,zero_fill,1,1,0.8207579851150513,1,False,0.5555555555555556,0.0,0.0
21079,0,CF2,L1,0.05,zero_fill,1,1,0.9943608641624451,1,False,0.64,0.18,0.0703125
11286,0,CF2,L1,0.05,zero_fill,5,5,0.9391279220581055,1,False,0.6458333333333334,0.609375,0.45703125
788,0,CF2,L1,0.05,zero_fill,0,0,0.7706741094589233,1,False,0.5555555555555556,0.31746031746031744,0.078125
15932,0,CF2,L1,0.05,zero_fill,3,4,0.5392158627510071,0,False,0.625,0.4166666666666667,0.15625
18511,0,CF2,L1,0.05,zero_fill,3,7,0.3149022161960602,0,False,0.6545454545454545,0.6545454545454545,0.28125
21576,0,CF2,L1,0.05,zero_fill,5,4,0.4537537395954132,0,False,0.6694214876033058,0.49586776859504134,0.234375
17237,0,CF2,L1,0.05,zero_fill,2,2,0.9826199412345886,1,False,0.6545454545454545,0.36363636363636365,0.15625
2966,0,CF2,L1,0.05,zero_fill,2,2,0.9975322484970093,1,False,0.5844155844155844,0.8571428571428571,0.2578125
16416,0,CF2,L1,0.05,zero_fill,5,5,0.9127287864685059,1,False,0.5833333333333334,0.875,0.24609375
1280,0,CF2,L1,0.05,zero_fill,5,5,0.7775872945785522,1,False,0.5333333333333333,0.0,0.0
24928,0,CF2,L1,0.05,zero_fill,0,9,0.5360812544822693,0,False,0.6694214876033058,0.5454545454545454,0.2578125
23837,0,CF2,L1,0.05,zero_fill,1,1,0.9789505004882812,1,False,0.6222222222222222,0.3,0.10546875
20230,0,CF2,L1,0.05,zero_fill,1,1,0.9980140924453735,1,False,0.5185185185185185,0.2777777777777778,0.05859375
23434,0,CF2,L1,0.05,zero_fill,5,3,0.9678098559379578,0,False,0.6114285714285714,0.18857142857142858,0.12890625
20522,0,CF2,L1,0.05,zero_fill,6,1,0.6602775454521179,0,False,0.42105263157894735,0.5263157894736842,0.15625
7789,0,CF2,L1,0.05,zero_fill,3,1,0.9913882613182068,0,False,0.6857142857142857,0.5,0.2734375
22086,0,CF2,L1,0.05,zero_fill,6,8,0.8632829189300537,0,False,0.7307692307692307,0.5192307692307693,0.421875
21339,0,CF2,L1,0.05,zero_fill,0,0,0.9903969764709473,1,False,0.6567164179104478,0.417910447761194,0.21875
6830,0,CF2,L1,0.05,zero_fill,9,9,0.9956824779510498,1,False,0.6545454545454545,0.6,0.2578125
20902,0,CF2,L1,0.05,zero_fill,2,2,0.9433953166007996,1,False,0.6122448979591837,1.0,0.3828125
17481,0,CF2,L1,0.05,zero_fill,5,5,0.7123942971229553,1,False,0.6124031007751938,0.43410852713178294,0.21875
3050,0,CF2,L1,0.05,zero_fill,6,2,0.5664376020431519,0,False,0.5844155844155844,0.4675324675324675,0.140625
409,0,CF2,L1,0.05,zero_fill,1,7,0.263934463262558,0,False,0.6818181818181818,1.0,0.515625
14823,0,CF2,L1,0.05,zero_fill,7,7,0.4457640051841736,1,False,0.6190476190476191,0.20952380952380953,0.0859375
22892,0,CF2,L1,0.05,zero_fill,9,9,0.683540940284729,1,False,0.6043956043956044,0.6923076923076923,0.24609375
9470,0,CF2,L1,0.05,zero_fill,8,3,0.5075685381889343,0,False,0.5076923076923077,0.4,0.1015625
9543,0,CF2,L1,0.05,zero_fill,6,9,0.3056187629699707,0,False,0.36666666666666664,0.6,0.140625
22090,0,CF2,L1,0.05,zero_fill,5,5,0.96073317527771,1,False,0.42857142857142855,0.19642857142857142,0.04296875
6045,0,CF2,L1,0.05,zero_fill,6,6,0.5234629511833191,1,False,0.6,1.0,0.3125
317,0,CF2,L1,0.05,zero_fill,8,8,0.5468960404396057,1,False,0.625,0.0625,0.0234375
15812,0,CF2,L1,0.05,zero_fill,0,7,0.4186822175979614,0,False,0.6129032258064516,0.23870967741935484,0.14453125
18170,0,CF2,L1,0.05,zero_fill,9,7,0.3437551259994507,0,False,0.674074074074074,1.0,0.52734375
14781,0,CF2,L1,0.05,zero_fill,0,9,0.29819178581237793,0,False,0.5979381443298969,0.6185567010309279,0.234375
17886,0,CF2,L1,0.05,zero_fill,9,7,0.7520960569381714,0,False,0.6122448979591837,0.0,0.0
20049,0,CF2,L1,0.05,zero_fill,3,6,0.540109395980835,0,False,0.6666666666666666,1.0,0.46875
13283,0,CF2,L1,0.05,zero_fill,0,0,0.6751876473426819,1,False,0.6923076923076923,0.5454545454545454,0.3046875
25830,0,CF2,L1,0.05,zero_fill,5,5,0.9997730851173401,1,False,0.5641025641025641,0.07692307692307693,0.0234375
14277,0,CF2,L1,0.05,zero_fill,9,9,0.9570618867874146,1,False,0.52,0.0,0.0
5908,0,CF2,L1,0.05,zero_fill,1,1,0.9998823404312134,1,False,0.6857142857142857,0.5,0.2734375
9731,0,CF2,L1,0.05,zero_fill,8,3,0.7287458181381226,0,False,0.5538461538461539,0.23076923076923078,0.05859375
14180,0,CF2,L1,0.05,zero_fill,9,9,0.9712798595428467,1,False,0.5833333333333334,1.0,0.28125
9246,0,CF2,L1,0.05,zero_fill,2,2,0.9964558482170105,1,False,0.46153846153846156,0.6153846153846154,0.1875
1656,0,CF2,L1,0.05,zero_fill,2,2,0.8233628869056702,1,False,0.674074074074074,0.2074074074074074,0.109375
17712,0,CF2,L1,0.05,zero_fill,1,6,0.27804601192474365,0,False,0.5625,1.0,0.25
25544,0,CF2,L1,0.05,zero_fill,9,9,0.8127557635307312,1,False,0.6694214876033058,0.7272727272727273,0.34375
1120,0,CF2,L1,0.05,zero_fill,5,9,0.7083320617675781,0,False,0.7142857142857143,0.5892857142857143,0.38671875
1298,0,CF2,L1,0.05,zero_fill,6,5,0.6408897042274475,0,False,0.6694214876033058,0.2892561983471074,0.13671875
25570,0,CF2,L1,0.05,zero_fill,2,2,0.8568588495254517,1,False,0.7333333333333333,0.6153846153846154,0.46875
5370,0,CF2,L1,0.05,zero_fill,7,7,0.988969087600708,1,False,0.7012987012987013,0.45454545454545453,0.2734375
19075,0,CF2,L1,0.05,zero_fill,2,2,0.9993359446525574,1,False,0.6043956043956044,0.0,0.0
8583,0,CF2,L1,0.05,zero_fill,0,7,0.9858701229095459,0,False,0.6481481481481481,0.5555555555555556,0.234375
2133,0,CF2,L1,0.05,zero_fill,0,9,0.3287750780582428,0,False,0.5142857142857142,0.7142857142857143,0.1953125
1982,0,CF2,L1,0.05,zero_fill,2,8,0.6526663899421692,0,False,0.7282608695652174,0.5597826086956522,0.40234375
950,0,CF2,L1,0.05,zero_fill,8,5,0.5196163058280945,0,False,0.6944444444444444,0.5,0.28125
19563,0,CF2,L1,0.05,zero_fill,4,4,0.9596579074859619,1,False,0.4375,0.1875,0.0703125
21023,0,CF2,L1,0.05,zero_fill,6,6,0.8011511564254761,1,False,0.6666666666666666,0.9285714285714286,0.45703125
15687,0,CF2,L1,0.05,zero_fill,0,9,0.3370950520038605,0,False,0.52,0.6,0.17578125
6444,0,CF2,L1,0.05,zero_fill,6,6,0.5397807359695435,1,False,0.6694214876033058,0.49586776859504134,0.234375
15735,0,CF2,L1,0.05,zero_fill,4,7,0.6830757260322571,0,False,0.7222222222222222,0.6666666666666666,0.46875
10651,0,CF2,L1,0.05,zero_fill,0,6,0.4078662097454071,0,False,0.5,0.3333333333333333,0.078125
13256,0,CF2,L1,0.05,zero_fill,1,4,0.9273238778114319,0,False,0.5555555555555556,1.0,0.28125
16855,0,CF2,L1,0.05,zero_fill,6,4,0.32612067461013794,0,False,0.574468085106383,0.3829787234042553,0.2109375
14884,0,CF2,L1,0.05,zero_fill,9,7,0.974115788936615,0,False,0.5555555555555556,0.6111111111111112,0.171875
21884,0,CF2,L1,0.05,zero_fill,6,6,0.9652418494224548,1,False,0.7346938775510204,0.4489795918367347,0.34375
5078,0,CF2,L1,0.05,zero_fill,3,3,0.7891435027122498,1,False,0.35714285714285715,0.19642857142857142,0.04296875
20419,0,CF2,L1,0.05,zero_fill,9,2,0.7110884785652161,0,False,0.5714285714285714,0.47619047619047616,0.15625
20521,0,CF2,L1,0.05,zero_fill,5,5,0.9167361855506897,1,False,0.5333333333333333,0.0,0.0
23257,0,CF2,L1,0.05,zero_fill,5,2,0.550376296043396,0,False,0.49019607843137253,0.696078431372549,0.27734375
17190,0,CF2,L1,0.05,zero_fill,2,2,0.8615952134132385,1,False,0.6346153846153846,0.625,0.25390625
15631,0,CF2,L1,0.05,zero_fill,8,2,0.9619883894920349,0,False,0.5714285714285714,0.3333333333333333,0.109375
504,0,CF2,L1,0.05,zero_fill,0,3,0.939102053642273,0,False,0.6581196581196581,0.6153846153846154,0.28125
14990,0,CF2,L1,0.05,zero_fill,3,6,0.5857875943183899,0,False,0.6190476190476191,0.8666666666666667,0.35546875
24512,0,CF2,L1,0.05,zero_fill,8,3,0.4852102994918823,0,False,0.674074074074074,1.0,0.52734375
23120,0,CF2,L1,0.05,zero_fill,7,7,0.6391124129295349,1,False,0.7252747252747253,0.6153846153846154,0.4375
3357,0,CF2,L1,0.05,zero_fill,2,2,0.9859622120857239,1,False,0.6428571428571429,0.07142857142857142,0.03125
8088,0,CF2,L1,0.05,zero_fill,1,1,0.9444634318351746,1,False,0.65,0.0,0.0
21849,0,CF2,L1,0.05,zero_fill,9,9,0.8595568537712097,1,False,0.5945945945945946,0.24324324324324326,0.140625
13683,0,CF2,L1,0.05,zero_fill,0,6,0.3669547140598297,0,False,0.6346153846153846,1.0,0.40625
22718,0,CF2,L1,0.05,zero_fill,9,3,0.9089387059211731,0,False,0.5789473684210527,0.43859649122807015,0.1953125
9927,0,CF2,L1,0.05,zero_fill,4,4,0.4871138036251068,1,False,0.5952380952380952,0.4166666666666667,0.13671875
11425,0,CF2,L1,0.05,zero_fill,0,7,0.9149945974349976,0,False,0.65,0.4666666666666667,0.21875
14578,0,CF2,L1,0.05,zero_fill,0,1,0.857948362827301,0,False,0.7897435897435897,0.2512820512820513,0.19140625
25481,0,CF2,L1,0.05,zero_fill,8,6,0.310272216796875,0,False,0.5897435897435898,0.1794871794871795,0.08203125
11269,0,CF2,L1,0.05,zero_fill,5,5,0.9975587129592896,1,False,0.6,0.525,0.1640625
12877,0,CF2,L1,0.05,zero_fill,5,3,0.958296537399292,0,False,0.6190476190476191,0.7142857142857143,0.29296875
22531,0,CF2,L1,0.05,zero_fill,9,5,0.2185574620962143,0,False,0.4489795918367347,0.4897959183673469,0.1875
13150,0,CF2,L1,0.05,zero_fill,3,5,0.6424149870872498,0,False,0.7087378640776699,0.5631067961165048,0.453125
5654,0,CF2,L1,0.05,zero_fill,8,9,0.523026704788208,0,False,0.52,0.4,0.1171875
1286,0,CF2,L1,0.05,zero_fill,7,7,0.8507644534111023,1,False,0.5555555555555556,0.5555555555555556,0.13671875
1652,0,CF2,L1,0.05,zero_fill,1,1,0.7224304676055908,1,False,0.7012987012987013,0.7272727272727273,0.4375
22335,0,CF2,L1,0.05,zero_fill,2,7,0.5796221494674683,0,False,0.6043956043956044,1.0,0.35546875
23848,0,CF2,L1,0.05,zero_fill,3,5,0.360236793756485,0,False,0.6190476190476191,0.9333333333333333,0.3828125
2892,0,CF2,L1,0.05,zero_fill,6,6,0.9460193514823914,1,False,0.7959183673469388,0.24489795918367346,0.1875
16530,0,CF2,L1,0.05,zero_fill,8,5,0.4166295528411865,0,False,0.7142857142857143,0.5238095238095238,0.34375
12848,0,CF2,L1,0.05,zero_fill,8,8,0.8949697613716125,1,False,0.5185185185185185,0.18518518518518517,0.0390625
7330,0,CF2,L1,0.05,zero_fill,7,8,0.41787266731262207,0,False,0.7222222222222222,0.5,0.3515625
3676,0,CF2,L1,0.05,zero_fill,1,2,0.5290874242782593,0,False,0.6857142857142857,0.8571428571428571,0.46875
19966,0,CF2,L1,0.05,zero_fill,8,3,0.5951046347618103,0,False,0.7142857142857143,0.4166666666666667,0.2734375
8382,0,CF2,L1,0.05,zero_fill,5,6,0.9205910563468933,0,False,0.7159763313609467,0.6923076923076923,0.45703125
19660,0,CF2,L1,0.05,zero_fill,7,2,0.9370050430297852,0,False,0.6190476190476191,0.11428571428571428,0.046875
2508,0,CF2,L1,0.05,zero_fill,9,9,0.7193073034286499,1,False,0.6666666666666666,0.5079365079365079,0.25
2360,0,CF2,L1,0.05,zero_fill,4,4,0.5928010940551758,1,False,0.7051282051282052,0.44871794871794873,0.2734375
16796,0,CF2,L1,0.05,zero_fill,1,3,0.43496206402778625,0,False,0.5692307692307692,0.8076923076923077,0.41015625
23426,0,CF2,L1,0.05,zero_fill,9,7,0.19990576803684235,0,False,0.5555555555555556,0.625,0.17578125
15590,0,CF2,L1,0.05,zero_fill,2,9,0.9402064085006714,0,False,0.7012987012987013,0.2077922077922078,0.125
6302,0,CF2,L1,0.05,zero_fill,3,5,0.34109145402908325,0,False,0.676923076923077,0.6923076923076923,0.3515625
24519,0,CF2,L1,0.05,zero_fill,7,7,0.9921236634254456,1,False,0.4230769230769231,0.0,0.0
23276,0,CF2,L1,0.05,zero_fill,2,7,0.49398255348205566,0,False,0.7638888888888888,0.3333333333333333,0.1875
24566,0,CF2,L1,0.05,zero_fill,8,8,0.4932442605495453,1,False,0.52,0.9333333333333333,0.2734375
20978,0,CF2,L1,0.05,zero_fill,1,4,0.9862762689590454,0,False,0.65,0.8166666666666667,0.3828125
8990,0,CF2,L1,0.05,zero_fill,3,2,0.6241990327835083,0,False,0.5555555555555556,0.6111111111111112,0.171875
11061,0,CF2,L1,0.05,zero_fill,7,7,0.31991490721702576,1,False,0.6043956043956044,1.0,0.35546875
7075,0,CF2,L1,0.05,zero_fill,9,3,0.4807865619659424,0,False,0.7012987012987013,0.6363636363636364,0.3828125
17641,0,CF2,L1,0.05,zero_fill,2,2,0.9953209757804871,1,False,0.6312849162011173,0.4301675977653631,0.30078125
12077,0,CF2,L1,0.05,zero_fill,9,9,0.9851513504981995,1,False,0.6428571428571429,0.7142857142857143,0.3125
1779,0,CF2,L1,0.05,zero_fill,7,7,0.984870970249176,1,False,0.5641025641025641,0.46153846153846156,0.140625
11519,0,CF2,L1,0.05,zero_fill,4,4,0.3215189576148987,1,False,0.6043956043956044,0.0,0.0
8549,0,CF2,L1,0.05,zero_fill,3,3,0.5349004864692688,1,False,0.5076923076923077,0.8,0.203125
14623,0,CF2,L1,0.05,zero_fill,6,3,0.7055307030677795,0,False,0.6666666666666666,0.5714285714285714,0.28125
10846,0,CF2,L1,0.05,zero_fill,3,3,0.9978019595146179,1,False,0.6481481481481481,0.2962962962962963,0.125
16289,0,CF2,L1,0.05,zero_fill,3,3,0.8775801658630371,1,False,0.6190476190476191,0.17142857142857143,0.0703125
12311,0,CF2,L1,0.05,zero_fill,8,6,0.5011180639266968,0,False,0.5777777777777777,0.6,0.2109375
6068,0,CF2,L1,0.05,zero_fill,8,8,0.7863056063652039,1,False,0.5555555555555556,0.38095238095238093,0.09375
9629,0,CF2,L1,0.05,zero_fill,6,5,0.975193977355957,0,False,0.5145631067961165,0.46601941747572817,0.1875
19560,0,CF2,L1,0.05,zero_fill,3,9,0.47671982645988464,0,False,0.5952380952380952,1.0,0.328125
10379,0,CF2,L1,0.05,zero_fill,8,8,0.6603007912635803,1,False,0.5263157894736842,0.3684210526315789,0.1640625
6499,0,CF2,L1,0.05,zero_fill,9,6,0.5743837952613831,0,False,0.7878787878787878,0.16363636363636364,0.10546875
1159,0,CF2,L1,0.05,zero_fill,0,0,0.9927974343299866,1,False,0.5979381443298969,0.05154639175257732,0.01953125
4366,0,CF2,L1,0.05,zero_fill,7,3,0.382075697183609,0,False,0.674074074074074,0.4074074074074074,0.21484375
8397,0,CF2,L1,0.05,zero_fill,1,2,0.961444616317749,0,False,0.5833333333333334,0.375,0.140625
20905,0,CF2,L1,0.05,zero_fill,9,2,0.7263367176055908,0,False,0.7070707070707071,0.21212121212121213,0.08203125
15746,0,CF2,L1,0.05,zero_fill,5,5,0.7734036445617676,1,False,0.674074074074074,0.8666666666666667,0.45703125
9402,0,CF2,L1,0.05,zero_fill,3,8,0.5552948117256165,0,False,0.6305732484076433,0.5796178343949044,0.35546875
8164,0,CF2,L1,0.05,zero_fill,2,2,0.8320396542549133,1,False,0.5333333333333333,1.0,0.234375
510,0,CF2,L1,0.05,zero_fill,5,9,0.4849405288696289,0,False,0.6666666666666666,0.15873015873015872,0.078125
24070,0,CF2,L1,0.05,zero_fill,9,7,0.6412126421928406,0,False,0.7428571428571429,0.9285714285714286,0.76171875
2401,0,CF2,L1,0.05,zero_fill,4,4,0.499549925327301,1,False,0.6078431372549019,0.3137254901960784,0.1875
12147,0,CF2,L1,0.05,zero_fill,3,3,0.8722343444824219,1,False,0.6,0.6125,0.19140625
14499,0,CF2,L1,0.05,zero_fill,6,6,0.8247865438461304,1,False,0.5333333333333333,1.0,0.234375
3530,0,CF2,L1,0.05,zero_fill,6,8,0.9400089383125305,0,False,0.8428571428571429,0.23809523809523808,0.1953125
14723,0,CF2,L1,0.05,zero_fill,7,2,0.40992558002471924,0,False,0.6346153846153846,0.5384615384615384,0.21875
4435,0,CF2,L1,0.05,zero_fill,3,3,0.4619072377681732,1,False,0.6346153846153846,0.23076923076923078,0.09375
22852,0,CF2,L1,0.05,zero_fill,2,6,0.7319315671920776,0,False,0.5185185185185185,0.2962962962962963,0.0625
8461,0,CF2,L1,0.05,zero_fill,3,3,0.9998642206192017,1,False,0.6,0.125,0.0390625
21972,0,CF2,L1,0.05,zero_fill,7,7,0.9815785884857178,1,False,0.6530612244897959,0.5204081632653061,0.3984375
5410,0,CF2,L1,0.05,zero_fill,4,9,0.3984980881214142,0,False,0.5652173913043478,0.5652173913043478,0.25390625
17754,0,CF2,L1,0.05,zero_fill,6,6,0.8914602398872375,1,False,0.6581196581196581,0.5384615384615384,0.24609375
15311,0,CF2,L1,0.05,zero_fill,2,2,0.9915227890014648,1,False,0.5,0.24242424242424243,0.0625
15185,0,CF2,L1,0.05,zero_fill,1,8,0.34432390332221985,0,False,0.35714285714285715,0.5714285714285714,0.125
5663,0,CF2,L1,0.05,zero_fill,4,9,0.4382529854774475,0,False,0.6363636363636364,0.6363636363636364,0.24609375
6247,0,CF2,L1,0.05,zero_fill,6,3,0.9988608360290527,0,False,0.6043956043956044,1.0,0.35546875
15287,0,CF2,L1,0.05,zero_fill,0,9,0.4491732716560364,0,False,0.5,0.6818181818181818,0.234375
19902,0,CF2,L1,0.05,zero_fill,0,0,0.9581648707389832,1,False,0.5555555555555556,0.47619047619047616,0.1171875
25188,0,CF2,L1,0.05,zero_fill,4,4,0.8557912707328796,1,False,0.5757575757575758,0.7272727272727273,0.375
11195,0,CF2,L1,0.05,zero_fill,8,5,0.4803781807422638,0,False,0.6632653061224489,0.42857142857142855,0.1640625
4828,0,CF2,L1,0.05,zero_fill,7,5,0.543402373790741,0,False,0.5844155844155844,0.8181818181818182,0.24609375
23751,0,CF2,L1,0.05,zero_fill,5,3,0.5839166045188904,0,False,0.7012987012987013,0.6233766233766234,0.375
9464,0,CF2,L1,0.05,zero_fill,3,3,0.8616649508476257,1,False,0.6121212121212121,0.6848484848484848,0.44140625
25723,0,CF2,L1,0.05,zero_fill,0,0,0.7752295136451721,1,False,0.6857142857142857,0.6428571428571429,0.3515625
16859,0,CF2,L1,0.05,zero_fill,5,5,0.4217590093612671,1,False,0.64,0.36,0.140625
3601,0,CF2,L1,0.05,zero_fill,1,1,0.9995200634002686,1,False,0.6666666666666666,0.6666666666666666,0.328125
11679,0,CF2,L1,0.05,zero_fill,6,6,0.8931952714920044,1,False,0.6428571428571429,0.7857142857142857,0.34375
12135,0,CF2,L1,0.05,zero_fill,7,1,0.5999459624290466,0,False,0.7051282051282052,0.0,0.0
16329,0,CF2,L1,0.05,zero_fill,1,6,0.5951904058456421,0,False,0.7552447552447552,0.38461538461538464,0.21484375
94,0,CF2,L1,0.05,zero_fill,4,7,0.39051079750061035,0,False,0.7346938775510204,0.5510204081632653,0.421875
14517,0,CF2,L1,0.05,zero_fill,9,3,0.5627515316009521,0,False,0.6857142857142857,0.5714285714285714,0.3125
16852,0,CF2,L1,0.05,zero_fill,3,3,0.9177367687225342,1,False,0.6818181818181818,0.30303030303030304,0.15625
6852,0,CF2,L1,0.05,zero_fill,6,6,0.9393311142921448,1,False,0.6818181818181818,0.5454545454545454,0.28125
24858,0,CF2,L1,0.05,zero_fill,3,9,0.7076877951622009,0,False,0.6933333333333334,0.6666666666666666,0.390625
297,0,CF2,L1,0.05,zero_fill,9,9,0.5065902471542358,1,False,0.6857142857142857,0.25,0.13671875
12339,0,CF2,L1,0.05,zero_fill,2,3,0.781410276889801,0,False,0.6428571428571429,0.32142857142857145,0.140625
20811,0,CF2,L1,0.05,zero_fill,8,8,0.3346545100212097,1,False,0.6222222222222222,0.3,0.10546875
12439,0,CF2,L1,0.05,zero_fill,5,5,0.9828206300735474,1,False,0.6704545454545454,0.36363636363636365,0.25
16632,0,CF2,L1,0.05,zero_fill,9,9,0.4331494867801666,1,False,0.5185185185185185,1.0,0.2109375
5798,0,CF2,L1,0.05,zero_fill,4,4,0.5776212215423584,1,False,0.6140350877192983,0.5350877192982456,0.23828125
18458,0,CF2,L1,0.05,zero_fill,3,3,0.35592183470726013,1,False,0.674074074074074,0.8,0.421875
6105,0,CF2,L1,0.05,zero_fill,5,5,0.5680862665176392,1,False,0.6581196581196581,0.7692307692307693,0.3515625
10321,0,CF2,L1,0.05,zero_fill,6,3,0.5425800085067749,0,False,0.6,0.5,0.15625
21771,0,CF2,L1,0.05,zero_fill,7,9,0.33136871457099915,0,False,0.5833333333333334,0.3333333333333333,0.09375
22194,0,CF2,L1,0.05,zero_fill,0,5,0.6254149079322815,0,False,0.7511111111111111,0.56,0.4921875
6,0,CF2,L1,0.05,zero_fill,9,9,0.4723733365535736,1,False,0.7142857142857143,0.3273809523809524,0.21484375
912,0,CF2,L1,0.05,zero_fill,7,9,0.3613058626651764,0,False,0.6222222222222222,1.0,0.3515625
16910,0,CF2,L1,0.05,zero_fill,5,9,0.2631753385066986,0,False,0.6136363636363636,0.7272727272727273,0.25
18738,0,CF2,L1,0.05,zero_fill,7,7,0.9974063038825989,1,False,0.7878787878787878,0.2,0.12890625
18020,0,CF2,L1,0.05,zero_fill,9,8,0.460658460855484,0,False,0.6546762589928058,0.7122302158273381,0.38671875
3462,0,CF2,L1,0.05,zero_fill,8,2,0.39260125160217285,0,False,0.5076923076923077,0.46153846153846156,0.1171875
5696,0,CF2,L1,0.05,zero_fill,1,1,0.34252938628196716,1,False,0.7051282051282052,0.28846153846153844,0.17578125
15066,0,CF2,L1,0.05,zero_fill,3,3,0.9883173108100891,1,False,0.6136363636363636,0.5113636363636364,0.17578125
10653,0,CF2,L1,0.05,zero_fill,9,6,0.4977833926677704,0,False,0.6458333333333334,0.6510416666666666,0.48828125
13337,0,CF2,L1,0.05,zero_fill,2,2,0.9996740818023682,1,False,0.7792207792207793,0.19480519480519481,0.1171875
12340,0,CF2,L1,0.05,zero_fill,5,5,0.9725091457366943,1,False,0.5142857142857142,0.6857142857142857,0.1875
9536,0,CF2,L1,0.05,zero_fill,0,6,0.8929924964904785,0,False,0.7142857142857143,0.5357142857142857,0.3515625
3566,0,CF2,L1,0.05,zero_fill,4,4,0.8142616152763367,1,False,0.5952380952380952,0.75,0.24609375
20090,0,CF2,L1,0.05,zero_fill,4,4,0.9353898763656616,1,False,0.42857142857142855,0.0,0.0
211,0,CF2,L1,0.05,zero_fill,0,9,0.7275750041007996,0,False,0.7428571428571429,0.45714285714285713,0.375
55,0,CF2,L1,0.05,zero_fill,8,2,0.6167094111442566,0,False,0.6545454545454545,0.36363636363636365,0.15625
1477,0,CF2,L1,0.05,zero_fill,2,2,0.3387181758880615,1,False,0.6545454545454545,0.2545454545454545,0.109375
25898,0,CF2,L1,0.05,zero_fill,0,9,0.5157722234725952,0,False,0.4230769230769231,0.5384615384615384,0.109375
25713,0,CF2,L1,0.05,zero_fill,0,9,0.5920842885971069,0,False,0.7142857142857143,0.6428571428571429,0.421875
18055,0,CF2,L1,0.05,zero_fill,3,3,0.6918506622314453,1,False,0.725925925925926,0.4666666666666667,0.24609375
17461,0,CF2,L1,0.05,zero_fill,3,3,0.6607008576393127,1,False,0.65,0.08333333333333333,0.0390625
14237,0,CF2,L1,0.05,zero_fill,7,7,0.9989012479782104,1,False,0.43333333333333335,1.0,0.234375
13858,0,CF2,L1,0.05,zero_fill,1,7,0.9697883129119873,0,False,0.5952380952380952,1.0,0.328125
12386,0,CF2,L1,0.05,zero_fill,5,5,0.7836081385612488,1,False,0.7333333333333333,0.5333333333333333,0.40625
7223,0,CF2,L1,0.05,zero_fill,9,9,0.685393214225769,1,False,0.5849056603773585,0.33962264150943394,0.140625
3153,0,CF2,L1,0.05,zero_fill,5,9,0.34970104694366455,0,False,0.6818181818181818,0.4090909090909091,0.2109375
23265,0,CF2,L1,0.05,zero_fill,8,4,0.40536683797836304,0,False,0.6694214876033058,0.4049586776859504,0.19140625
9465,0,CF2,L1,0.05,zero_fill,0,0,0.5190533995628357,1,False,0.6666666666666666,0.8,0.375
7419,0,CF2,L1,0.05,zero_fill,0,4,0.5152968168258667,0,False,0.5952380952380952,0.47619047619047616,0.15625
4722,0,CF2,L1,0.05,zero_fill,6,6,0.8382618427276611,1,False,0.5454545454545454,0.30303030303030304,0.078125
23448,0,CF2,L1,0.05,zero_fill,6,9,0.8270630240440369,0,False,0.5,0.9166666666666666,0.21484375
8222,0,CF2,L1,0.05,zero_fill,2,3,0.5435052514076233,0,False,0.6857142857142857,0.35714285714285715,0.1953125
20898,0,CF2,L1,0.05,zero_fill,8,5,0.5412850379943848,0,False,0.6666666666666666,0.3888888888888889,0.19140625
23313,0,CF2,L1,0.05,zero_fill,2,7,0.9155484437942505,0,False,0.5357142857142857,0.0,0.0
13426,0,CF2,L1,0.05,zero_fill,2,2,0.9929428100585938,1,False,0.5976331360946746,0.514792899408284,0.33984375
25136,0,CF2,L1,0.05,zero_fill,4,4,0.8648492693901062,1,False,0.5363636363636364,0.41818181818181815,0.1796875
9268,0,CF2,L1,0.05,zero_fill,4,1,0.426796555519104,0,False,0.46153846153846156,0.4423076923076923,0.08984375
3892,0,CF2,L1,0.05,zero_fill,1,3,0.8427872657775879,0,False,0.5878787878787879,0.6727272727272727,0.43359375
4115,0,CF2,L1,0.05,zero_fill,3,6,0.385277658700943,0,False,0.6545454545454545,0.2545454545454545,0.109375
5166,0,CF2,L1,0.05,zero_fill,7,7,0.9839745163917542,1,False,0.5952380952380952,0.7142857142857143,0.234375
14984,0,CF2,L1,0.05,zero_fill,3,2,0.536525309085846,0,False,0.4,0.2625,0.08203125
10520,0,CF2,L1,0.05,zero_fill,1,1,0.43760961294174194,1,False,0.5333333333333333,0.4,0.09375
4379,0,CF2,L1,0.05,zero_fill,2,2,0.9992256164550781,1,False,0.4796747967479675,0.0,0.0
8937,0,CF2,L1,0.05,zero_fill,1,5,0.4422103464603424,0,False,0.674074074074074,0.8666666666666667,0.45703125
17550,0,CF2,L1,0.05,zero_fill,9,5,0.8385964035987854,0,False,0.7738095238095238,0.42857142857142855,0.28125
19085,0,CF2,L1,0.05,zero_fill,9,2,0.4552069306373596,0,False,0.6164383561643836,0.815068493150685,0.46484375
17902,0,CF2,L1,0.05,zero_fill,6,6,0.4650789201259613,1,False,0.5142857142857142,0.0,0.0
14780,0,CF2,L1,0.05,zero_fill,8,3,0.9150203466415405,0,False,0.6857142857142857,0.0,0.0
8401,0,CF2,L1,0.05,zero_fill,0,5,0.6160575747489929,0,False,0.6222222222222222,0.8333333333333334,0.5859375
11230,0,CF2,L1,0.05,zero_fill,2,2,0.9923555850982666,1,False,0.5625,0.75,0.1875
1772,0,CF2,L1,0.05,zero_fill,3,3,0.4567880928516388,1,False,0.610062893081761,0.5911949685534591,0.3671875
13326,0,CF2,L1,0.05,zero_fill,4,3,0.35613876581192017,0,False,0.5423728813559322,0.652542372881356,0.30078125
15230,0,CF2,L1,0.05,zero_fill,5,2,0.7542923092842102,0,False,0.6666666666666666,0.7,0.328125
20557,0,CF2,L1,0.05,zero_fill,0,6,0.8713830709457397,0,False,0.6694214876033058,0.6363636363636364,0.30078125
9555,0,CF2,L1,0.05,zero_fill,1,1,0.996224045753479,1,False,0.52,0.48,0.140625
3667,0,CF2,L1,0.05,zero_fill,6,6,0.9378552436828613,1,False,0.64,0.9,0.3515625
5316,0,CF2,L1,0.05,zero_fill,5,7,0.6130901575088501,0,False,0.674074074074074,0.4074074074074074,0.21484375
3606,0,CF2,L1,0.05,zero_fill,5,1,0.33320218324661255,0,False,0.5844155844155844,0.06493506493506493,0.01953125
25776,0,CF2,L1,0.05,zero_fill,6,6,0.993058443069458,1,False,0.4909090909090909,0.8,0.171875
22231,0,CF2,L1,0.05,zero_fill,1,2,0.38109090924263,0,False,0.664179104477612,0.8059701492537313,0.421875
10855,0,CF2,L1,0.05,zero_fill,7,1,0.6750138998031616,0,False,0.8047619047619048,0.2571428571428571,0.2109375
130,0,CF2,L1,0.05,zero_fill,6,3,0.895424485206604,0,False,0.6043956043956044,0.3956043956043956,0.140625
434,0,CF2,L1,0.05,zero_fill,8,4,0.578944742679596,0,False,0.6666666666666666,0.2222222222222222,0.109375
5308,0,CF2,L1,0.05,zero_fill,5,3,0.6038128137588501,0,False,0.6816326530612244,0.2979591836734694,0.28515625
17682,0,CF2,L1,0.05,zero_fill,4,2,0.9545674324035645,0,False,0.6857142857142857,0.4,0.21875
16682,0,CF2,L1,0.05,zero_fill,8,4,0.7422992587089539,0,False,0.6481481481481481,0.3333333333333333,0.140625
12660,0,CF2,L1,0.05,zero_fill,5,5,0.9701036810874939,1,False,0.5333333333333333,0.23333333333333334,0.0546875
21362,0,CF2,L1,0.05,zero_fill,5,5,0.774766743183136,1,False,0.5844155844155844,0.3116883116883117,0.09375
15483,0,CF2,L1,0.05,zero_fill,4,3,0.46852755546569824,0,False,0.5857142857142857,0.5714285714285714,0.3125
5289,0,CF2,L1,0.05,zero_fill,5,3,0.9081481695175171,0,False,0.6764705882352942,0.3161764705882353,0.16796875
19757,0,CF2,L1,0.05,zero_fill,1,1,0.9787226319313049,1,False,0.6190476190476191,0.5714285714285714,0.234375
6799,0,CF2,L1,0.05,zero_fill,2,2,0.9957581162452698,1,False,0.5357142857142857,0.17857142857142858,0.0390625
18871,0,CF2,L1,0.05,zero_fill,2,2,0.9168121814727783,1,False,0.5433070866141733,0.30708661417322836,0.15234375
4740,0,CF2,L1,0.05,zero_fill,3,3,0.9954147338867188,1,False,0.5555555555555556,0.6666666666666666,0.1640625
14926,0,CF2,L1,0.05,zero_fill,5,6,0.552647590637207,0,False,0.5076923076923077,0.6923076923076923,0.17578125
3549,0,CF2,L1,0.05,zero_fill,4,4,0.569760799407959,1,False,0.5142857142857142,0.0,0.0
13336,0,CF2,L1,0.05,zero_fill,9,2,0.8986822962760925,0,False,0.6346153846153846,0.6923076923076923,0.28125
8302,0,CF2,L1,0.05,zero_fill,3,1,0.9218560457229614,0,False,0.42857142857142855,1.0,0.21875
19884,0,CF2,L1,0.05,zero_fill,8,8,0.7295289635658264,1,False,0.52,0.0,0.0
6927,0,CF2,L1,0.05,zero_fill,1,2,0.7665417790412903,0,False,0.5076923076923077,0.9230769230769231,0.234375
15277,0,CF2,L1,0.05,zero_fill,6,6,0.9865052103996277,1,False,0.5714285714285714,0.7857142857142857,0.2578125
20278,0,CF2,L1,0.05,zero_fill,3,3,0.622640073299408,1,False,0.5185185185185185,0.0,0.0
654,0,CF2,L1,0.05,zero_fill,8,9,0.961581826210022,0,False,0.5666666666666667,0.575,0.26953125
19020,0,CF2,L1,0.05,zero_fill,0,6,0.8522163033485413,0,False,0.6666666666666666,0.6428571428571429,0.31640625
25403,0,CF2,L1,0.05,zero_fill,3,3,0.7284767031669617,1,False,0.6875,0.25,0.09375
1745,0,CF2,L1,0.05,zero_fill,8,6,0.7240350246429443,0,False,0.6481481481481481,0.9166666666666666,0.38671875
10726,0,CF2,L1,0.05,zero_fill,4,5,0.6094635128974915,0,False,0.7333333333333333,0.6153846153846154,0.46875
23431,0,CF2,L1,0.05,zero_fill,4,4,0.9921625256538391,1,False,0.5873015873015873,0.6666666666666666,0.328125
231,0,CF2,L1,0.05,zero_fill,5,3,0.40913209319114685,0,False,0.7511111111111111,0.6933333333333334,0.609375
20678,0,CF2,L1,0.05,zero_fill,7,7,0.5435148477554321,1,False,0.8047619047619048,0.4,0.328125
15851,0,CF2,L1,0.05,zero_fill,1,8,0.6289117336273193,0,False,0.6850393700787402,0.33070866141732286,0.328125
24015,0,CF2,L1,0.05,zero_fill,0,0,0.9992473125457764,1,False,0.5694444444444444,0.0763888888888889,0.04296875
1082,0,CF2,L1,0.05,zero_fill,6,7,0.49406901001930237,0,False,0.7428571428571429,0.0,0.0
5573,0,CF2,L1,0.05,zero_fill,8,8,0.6925021409988403,1,False,0.6818181818181818,0.75,0.38671875
11289,0,CF2,L1,0.05,zero_fill,1,1,0.9936203360557556,1,False,0.4444444444444444,0.20833333333333334,0.05859375
1751,0,CF2,L1,0.05,zero_fill,0,0,0.42135968804359436,1,False,0.6857142857142857,1.0,0.546875
4594,0,CF2,L1,0.05,zero_fill,6,6,0.7049741744995117,1,False,0.8181818181818182,0.05454545454545454,0.0234375
21127,0,CF2,L1,0.05,zero_fill,8,9,0.6206563711166382,0,False,0.5142857142857142,0.5714285714285714,0.15625
12370,0,CF2,L1,0.05,zero_fill,4,4,0.27617281675338745,1,False,0.5844155844155844,0.36363636363636365,0.109375
4125,0,CF2,L1,0.05,zero_fill,6,6,0.9982808828353882,1,False,0.7090909090909091,0.38181818181818183,0.24609375
11008,0,CF2,L1,0.05,zero_fill,1,2,0.41631561517715454,0,False,0.5476190476190477,0.9047619047619048,0.296875
23395,0,CF2,L1,0.05,zero_fill,7,7,0.9621513485908508,1,False,0.5777777777777777,0.0,0.0
3080,0,CF2,L1,0.05,zero_fill,3,3,0.9742434024810791,1,False,0.6136363636363636,0.625,0.21484375
22400,0,CF2,L1,0.05,zero_fill,0,6,0.9907999634742737,0,False,0.6410256410256411,0.46153846153846156,0.3515625
22514,0,CF2,L1,0.05,zero_fill,1,3,0.7745808959007263,0,False,0.7159763313609467,0.7159763313609467,0.47265625
15137,0,CF2,L1,0.05,zero_fill,0,0,0.9813271164894104,1,False,0.5714285714285714,0.09523809523809523,0.03125
6681,0,CF2,L1,0.05,zero_fill,0,9,0.5885019898414612,0,False,0.6756756756756757,0.20270270270270271,0.17578125
5219,0,CF2,L1,0.05,zero_fill,5,1,0.8294733166694641,0,False,0.6122448979591837,0.7142857142857143,0.2734375
2355,0,CF2,L1,0.05,zero_fill,2,2,0.260659396648407,1,False,0.7857142857142857,0.26373626373626374,0.1875
4674,0,CF2,L1,0.05,zero_fill,5,2,0.3762982189655304,0,False,0.6122448979591837,0.8571428571428571,0.328125
14575,0,CF2,L1,0.05,zero_fill,1,1,0.9953653812408447,1,False,0.7597402597402597,0.19480519480519481,0.1171875
6563,0,CF2,L1,0.05,zero_fill,5,5,0.548660933971405,1,False,0.4230769230769231,0.46153846153846156,0.09375
17492,0,CF2,L1,0.05,zero_fill,9,3,0.697601318359375,0,False,0.5777777777777777,0.6,0.2109375
15770,0,CF2,L1,0.05,zero_fill,7,7,0.9947460889816284,1,False,0.5076923076923077,0.6923076923076923,0.17578125
20830,0,CF2,L1,0.05,zero_fill,1,1,0.9862639904022217,1,False,0.7012987012987013,0.4675324675324675,0.28125
1777,0,CF2,L1,0.05,zero_fill,2,2,0.9757236242294312,1,False,0.6581196581196581,0.41025641025641024,0.1875
21617,0,CF2,L1,0.05,zero_fill,7,7,0.9959264993667603,1,False,0.5555555555555556,0.6666666666666666,0.1640625
21293,0,CF2,L1,0.05,zero_fill,4,4,0.3956800103187561,1,False,0.5,0.8333333333333334,0.1953125
14504,0,CF2,L1,0.05,zero_fill,0,6,0.6206991076469421,0,False,0.6545454545454545,1.0,0.4296875
21236,0,CF2,L1,0.05,zero_fill,7,7,0.5168895721435547,1,False,0.7051282051282052,0.7692307692307693,0.46875
18558,0,CF2,L1,0.05,zero_fill,4,4,0.8064385652542114,1,False,0.42857142857142855,0.4642857142857143,0.1015625
22916,0,CF2,L1,0.05,zero_fill,8,6,0.7028144598007202,0,False,0.6688741721854304,0.8344370860927153,0.4921875
18760,0,CF2,L1,0.05,zero_fill,6,7,0.29148396849632263,0,False,0.6557377049180327,1.0,0.4765625
17389,0,CF2,L1,0.05,zero_fill,8,3,0.5561093688011169,0,False,0.7090909090909091,0.4909090909090909,0.31640625
13155,0,CF2,L1,0.05,zero_fill,8,3,0.25423404574394226,0,False,0.5076923076923077,1.0,0.25390625
13999,0,CF2,L1,0.05,zero_fill,5,3,0.8167837262153625,0,False,0.5844155844155844,0.7272727272727273,0.21875
10265,0,CF2,L1,0.05,zero_fill,8,8,0.8214616775512695,1,False,0.625,0.9166666666666666,0.34375
17239,0,CF2,L1,0.05,zero_fill,2,3,0.32532399892807007,0,False,0.674074074074074,0.5185185185185185,0.2734375
6288,0,CF2,L1,0.05,zero_fill,3,5,0.48324236273765564,0,False,0.5357142857142857,1.0,0.21875
11514,0,CF2,L1,0.05,zero_fill,6,6,0.6375173330307007,1,False,0.6545454545454545,0.16363636363636364,0.0703125
23652,0,CF2,L1,0.05,zero_fill,1,1,0.8780196905136108,1,False,0.6666666666666666,0.1111111111111111,0.03125
11939,0,CF2,L1,0.05,zero_fill,6,6,0.9905762672424316,1,False,0.52,0.5866666666666667,0.171875
2174,0,CF2,L1,0.05,zero_fill,7,2,0.812924861907959,0,False,0.6481481481481481,0.46296296296296297,0.1953125
15441,0,CF2,L1,0.05,zero_fill,4,7,0.9269686341285706,0,False,0.6482412060301508,0.6532663316582915,0.5078125
12260,0,CF2,L1,0.05,zero_fill,1,2,0.6236958503723145,0,False,0.6694214876033058,0.7272727272727273,0.34375
25046,0,CF2,L1,0.05,zero_fill,6,5,0.7259035706520081,0,False,0.375,0.421875,0.10546875
13958,0,CF2,L1,0.05,zero_fill,9,9,0.5823630094528198,1,False,0.6346153846153846,0.0,0.0
20974,0,CF2,L1,0.05,zero_fill,8,8,0.3460637032985687,1,False,0.5333333333333333,0.16666666666666666,0.0390625
10626,0,CF2,L1,0.05,zero_fill,6,6,0.9477846622467041,1,False,0.6043956043956044,0.0,0.0
22545,0,CF2,L1,0.05,zero_fill,5,5,0.948542594909668,1,False,0.8125,0.0,0.0
20288,0,CF2,L1,0.05,zero_fill,5,3,0.6804345846176147,0,False,0.7090909090909091,0.7272727272727273,0.46875
13790,0,CF2,L1,0.05,zero_fill,7,7,0.9495609998703003,1,False,0.42857142857142855,0.5,0.109375
2817,0,CF2,L1,0.05,zero_fill,4,4,0.9075640439987183,1,False,0.7051282051282052,0.6346153846153846,0.38671875
8344,0,CF2,L1,0.05,zero_fill,4,4,0.8927634358406067,1,False,0.6666666666666666,0.47619047619047616,0.234375
11708,0,CF2,L1,0.05,zero_fill,1,1,0.9708879590034485,1,False,0.5952380952380952,0.4166666666666667,0.2734375
2379,0,CF2,L1,0.05,zero_fill,1,1,0.8620882034301758,1,False,0.5625,0.0625,0.015625
23602,0,CF2,L1,0.05,zero_fill,2,2,0.9323337078094482,1,False,0.7944444444444444,0.3333333333333333,0.234375
24357,0,CF2,L1,0.05,zero_fill,8,8,0.5071310997009277,1,False,0.8571428571428571,0.16483516483516483,0.1171875
16783,0,CF2,L1,0.05,zero_fill,4,5,0.41429033875465393,0,False,0.5844155844155844,1.0,0.30078125
11723,0,CF2,L1,0.05,zero_fill,9,9,0.899077296257019,1,False,0.4909090909090909,0.5454545454545454,0.1171875
5140,0,CF2,L1,0.05,zero_fill,5,9,0.9784975051879883,0,False,0.5076923076923077,1.0,0.25390625
14563,0,CF2,L1,0.05,zero_fill,1,1,0.9371070265769958,1,False,0.7222222222222222,0.7222222222222222,0.5078125
11905,0,CF2,L1,0.05,zero_fill,7,1,0.9645936489105225,0,False,0.5641025641025641,0.0,0.0
4657,0,CF2,L1,0.05,zero_fill,5,5,0.5711032152175903,1,False,0.6547619047619048,0.3333333333333333,0.109375
9888,0,CF2,L1,0.05,zero_fill,7,7,0.9517105221748352,1,False,0.5076923076923077,0.0,0.0
22827,0,CF2,L1,0.05,zero_fill,6,5,0.7705158591270447,0,False,0.4909090909090909,1.0,0.21484375
23911,0,CF2,L1,0.05,zero_fill,7,7,0.9913773536682129,1,False,0.78,0.10666666666666667,0.0625
968,0,CF2,L1,0.05,zero_fill,3,3,0.5540101528167725,1,False,0.4358974358974359,0.0,0.0
18416,0,CF2,L1,0.05,zero_fill,2,3,0.4300556480884552,0,False,0.676923076923077,0.5923076923076923,0.30078125
15166,0,CF2,L1,0.05,zero_fill,7,7,0.9984982013702393,1,False,0.42857142857142855,0.16071428571428573,0.03515625
15537,0,CF2,L1,0.05,zero_fill,6,3,0.4073810875415802,0,False,0.6581196581196581,0.5641025641025641,0.2578125
112,0,CF2,L1,0.05,zero_fill,6,6,0.6314080953598022,1,False,0.6933333333333334,0.56,0.328125
9754,0,CF2,L1,0.05,zero_fill,8,3,0.8003727793693542,0,False,0.5972222222222222,0.6111111111111112,0.34375
3827,0,CF2,L1,0.05,zero_fill,1,1,0.7959883809089661,1,False,0.5857142857142857,0.17142857142857143,0.09375
16427,0,CF2,L1,0.05,zero_fill,8,6,0.7932488918304443,0,False,0.5833333333333334,0.3333333333333333,0.09375
4853,0,CF2,L1,0.05,zero_fill,8,4,0.541461169719696,0,False,0.64,0.56,0.21875
5025,0,CF2,L1,0.05,zero_fill,8,2,0.5230127573013306,0,False,0.6222222222222222,1.0,0.3515625
5497,0,CF2,L1,0.05,zero_fill,5,5,0.4606558680534363,1,False,0.5454545454545454,0.0,0.0
415,0,CF2,L1,0.05,zero_fill,5,5,0.9155247211456299,1,False,0.46153846153846156,0.19230769230769232,0.0390625
6055,0,CF2,L1,0.05,zero_fill,2,2,0.9999607801437378,1,False,0.4690265486725664,0.39823008849557523,0.17578125
4242,0,CF2,L1,0.05,zero_fill,6,5,0.49634161591529846,0,False,0.7142857142857143,0.0,0.0
16007,0,CF2,L1,0.05,zero_fill,3,3,0.9822746515274048,1,False,0.4888888888888889,0.0,0.0
16184,0,CF2,L1,0.05,zero_fill,6,6,0.5596571564674377,1,False,0.5454545454545454,1.0,0.2578125
15180,0,CF2,L1,0.05,zero_fill,2,5,0.7505677342414856,0,False,0.5339805825242718,0.7961165048543689,0.3203125
16402,0,CF2,L1,0.05,zero_fill,3,3,0.8889420032501221,1,False,0.65,0.8,0.375
12883,0,CF2,L1,0.05,zero_fill,7,1,0.4203342795372009,0,False,0.578125,0.875,0.4375
12596,0,CF2,L1,0.05,zero_fill,2,2,0.9999552965164185,1,False,0.6930232558139535,0.40930232558139534,0.34375
13383,0,CF2,L1,0.05,zero_fill,0,0,0.8901629447937012,1,False,0.6933333333333334,0.22,0.12890625
17140,0,CF2,L1,0.05,zero_fill,0,0,0.6535614728927612,1,False,0.5204081632653061,0.5306122448979592,0.203125
11249,0,CF2,L1,0.05,zero_fill,7,7,0.9235218167304993,1,False,0.5333333333333333,0.26666666666666666,0.0625
2927,0,CF2,L1,0.05,zero_fill,3,6,0.23894451558589935,0,False,0.6384180790960452,0.7231638418079096,0.5
13380,0,CF2,L1,0.05,zero_fill,3,3,0.8412063121795654,1,False,0.5185185185185185,0.6666666666666666,0.140625
24593,0,CF2,L1,0.05,zero_fill,5,5,0.8989385962486267,1,False,0.6122448979591837,0.16326530612244897,0.0625
14507,0,CF2,L1,0.05,zero_fill,8,2,0.2130109965801239,0,False,0.7090909090909091,0.6666666666666666,0.4296875
9355,0,CF2,L1,0.05,zero_fill,8,2,0.5772814154624939,0,False,0.6428571428571429,1.0,0.4375
3943,0,CF2,L1,0.05,zero_fill,3,3,0.8222576379776001,1,False,0.7128712871287128,0.4158415841584158,0.328125
4913,0,CF2,L1,0.05,zero_fill,4,4,0.675119936466217,1,False,0.36666666666666664,0.6333333333333333,0.1484375
23440,0,CF2,L1,0.05,zero_fill,4,5,0.3933323919773102,0,False,0.7012987012987013,0.6493506493506493,0.390625
19289,0,CF2,L1,0.05,zero_fill,7,7,0.8451497554779053,1,False,0.4666666666666667,0.23333333333333334,0.0546875
17841,0,CF2,L1,0.05,zero_fill,6,6,0.9788812398910522,1,False,0.6171875,0.234375,0.1171875
18139,0,CF2,L1,0.05,zero_fill,0,6,0.9378197193145752,0,False,0.42857142857142855,0.5,0.109375
18549,0,CF2,L1,0.05,zero_fill,7,3,0.5075521469116211,0,False,0.43820224719101125,0.8426966292134831,0.29296875
7215,0,CF2,L1,0.05,zero_fill,7,7,0.999804675579071,1,False,0.7012987012987013,0.45454545454545453,0.2734375
10574,0,CF2,L1,0.05,zero_fill,7,7,0.49844664335250854,1,False,0.7142857142857143,0.3869047619047619,0.25390625
10329,0,CF2,L1,0.05,zero_fill,7,7,0.7096506953239441,1,False,0.4230769230769231,0.0,0.0
21502,0,CF2,L1,0.05,zero_fill,4,1,0.8462767004966736,0,False,0.7345132743362832,0.4247787610619469,0.375
1209,0,CF2,L1,0.05,zero_fill,8,9,0.49182242155075073,0,False,0.6857142857142857,0.55,0.30078125
22202,0,CF2,L1,0.05,zero_fill,6,6,0.458933025598526,1,False,0.6,0.8,0.25
12914,0,CF2,L1,0.05,zero_fill,2,4,0.5433352589607239,0,False,0.7428571428571429,0.4714285714285714,0.38671875
23477,0,CF2,L1,0.05,zero_fill,6,6,0.8303317427635193,1,False,0.5454545454545454,0.6818181818181818,0.17578125
13286,0,CF2,L1,0.05,zero_fill,5,5,0.8552645444869995,1,False,0.5076923076923077,0.16923076923076924,0.04296875
24957,0,CF2,L1,0.05,zero_fill,2,2,0.9886300563812256,1,False,0.4727272727272727,0.05454545454545454,0.0234375
23215,0,CF2,L1,0.05,zero_fill,9,9,0.9039890766143799,1,False,0.7721518987341772,0.14556962025316456,0.08984375
8171,0,CF2,L1,0.05,zero_fill,3,3,0.7124731540679932,1,False,0.6818181818181818,0.8333333333333334,0.4296875
13427,0,CF2,L1,0.05,zero_fill,4,4,0.9589552879333496,1,False,0.6363636363636364,0.42424242424242425,0.1640625
1985,0,CF2,L1,0.05,zero_fill,9,2,0.5695972442626953,0,False,0.7428571428571429,0.6857142857142857,0.5625
19607,0,CF2,L1,0.05,zero_fill,1,1,0.7765229344367981,1,False,0.6346153846153846,0.21153846153846154,0.0859375
15138,0,CF2,L1,0.05,zero_fill,4,4,0.9955517649650574,1,False,0.5,0.5,0.1171875
18496,0,CF2,L1,0.05,zero_fill,3,3,0.9981756210327148,1,False,0.65,0.4,0.1875
11341,0,CF2,L1,0.05,zero_fill,5,5,0.2937311828136444,1,False,0.7142857142857143,0.0,0.0
3210,0,CF2,L1,0.05,zero_fill,6,5,0.748117208480835,0,False,0.625,0.125,0.046875
9044,0,CF2,L1,0.05,zero_fill,3,3,0.6234515905380249,1,False,0.631578947368421,0.37894736842105264,0.28125
1784,0,CF2,L1,0.05,zero_fill,1,4,0.34682899713516235,0,False,0.7252747252747253,0.4945054945054945,0.3515625
20687,0,CF2,L1,0.05,zero_fill,7,7,0.8397465944290161,1,False,0.8622448979591837,0.1836734693877551,0.140625
21479,0,CF2,L1,0.05,zero_fill,1,1,0.9575914144515991,1,False,0.6341463414634146,0.3170731707317073,0.203125
4465,0,CF2,L1,0.05,zero_fill,7,2,0.4048813283443451,0,False,0.6442307692307693,0.38461538461538464,0.15625
8098,0,CF2,L1,0.05,zero_fill,3,3,0.8958714604377747,1,False,0.7051282051282052,0.40384615384615385,0.24609375
1105,0,CF2,L1,0.05,zero_fill,1,1,0.9923498034477234,1,False,0.5357142857142857,0.0,0.0
24036,0,CF2,L1,0.05,zero_fill,0,2,0.4840083420276642,0,False,0.65,0.8166666666666667,0.3828125
24825,0,CF2,L1,0.05,zero_fill,1,1,0.9974063038825989,1,False,0.7051282051282052,0.34615384615384615,0.2109375
20081,0,CF2,L1,0.05,zero_fill,4,3,0.6823629140853882,0,False,0.42857142857142855,0.5714285714285714,0.15625
11780,0,CF2,L1,0.05,zero_fill,5,3,0.965196430683136,0,False,0.7090909090909091,0.24242424242424243,0.15625
18228,0,CF2,L1,0.05,zero_fill,2,3,0.4018448293209076,0,False,0.6825396825396826,0.3412698412698413,0.16796875
4363,0,CF2,L1,0.05,zero_fill,4,3,0.6713818311691284,0,False,0.65,1.0,0.46875
10210,0,CF2,L1,0.05,zero_fill,7,3,0.49630144238471985,0,False,0.5488721804511278,0.6165413533834586,0.3203125
7005,0,CF2,L1,0.05,zero_fill,2,3,0.4207598865032196,0,False,0.7090909090909091,0.3333333333333333,0.21484375
7071,0,CF2,L1,0.05,zero_fill,3,9,0.6368937492370605,0,False,0.4230769230769231,0.46153846153846156,0.09375
25299,0,CF2,L1,0.05,zero_fill,4,6,0.7581282258033752,0,False,0.7428571428571429,0.6190476190476191,0.5078125
3393,0,CF2,L1,0.05,zero_fill,0,9,0.9008206129074097,0,False,0.5833333333333334,0.5,0.140625
10532,0,CF2,L1,0.05,zero_fill,8,9,0.4552958309650421,0,False,0.6666666666666666,0.15873015873015872,0.078125
14271,0,CF2,L1,0.05,zero_fill,3,3,0.43118998408317566,1,False,0.6190476190476191,0.17142857142857143,0.0703125
12814,0,CF2,L1,0.05,zero_fill,4,4,0.9349693655967712,1,False,0.6136363636363636,0.11363636363636363,0.0390625
1763,0,CF2,L1,0.05,zero_fill,1,7,0.4680478274822235,0,False,0.6933333333333334,1.0,0.5859375
2795,0,CF2,L1,0.05,zero_fill,4,4,0.6284404993057251,1,False,0.676923076923077,0.3,0.15234375
5329,0,CF2,L1,0.05,zero_fill,2,2,0.6866030097007751,1,False,0.3898305084745763,0.1016949152542373,0.0234375
11024,0,CF2,L1,0.05,zero_fill,8,6,0.8949564099311829,0,False,0.7051282051282052,0.3076923076923077,0.1875
23383,0,CF2,L1,0.05,zero_fill,6,8,0.7722019553184509,0,False,0.6923076923076923,0.4195804195804196,0.234375
582,0,CF2,L1,0.05,zero_fill,2,2,0.9262576699256897,1,False,0.3888888888888889,0.3333333333333333,0.09375
20037,0,CF2,L1,0.05,zero_fill,5,5,0.7046564817428589,1,False,0.509090909090909,0.36363636363636365,0.15625
4876,0,CF2,L1,0.05,zero_fill,3,3,0.8995771408081055,1,False,0.5952380952380952,0.5,0.1640625
16157,0,CF2,L1,0.05,zero_fill,1,7,0.839968204498291,0,False,0.42857142857142855,0.0,0.0
24155,0,CF2,L1,0.05,zero_fill,7,7,0.999846339225769,1,False,0.625,0.25,0.09375
21035,0,CF2,L1,0.05,zero_fill,1,6,0.5698453187942505,0,False,0.7051282051282052,0.9166666666666666,0.55859375
2530,0,CF2,L1,0.05,zero_fill,2,7,0.7266044616699219,0,False,0.5952380952380952,0.14285714285714285,0.046875
20951,0,CF2,L1,0.05,zero_fill,4,4,0.8401387333869934,1,False,0.6049382716049383,0.2222222222222222,0.0703125
9752,0,CF2,L1,0.05,zero_fill,9,3,0.6745741963386536,0,False,0.676923076923077,0.8461538461538461,0.4296875
20362,0,CF2,L1,0.05,zero_fill,9,9,0.499601811170578,1,False,0.5076923076923077,0.24615384615384617,0.0625
5669,0,CF2,L1,0.05,zero_fill,2,2,0.7763329148292542,1,False,0.674074074074074,0.11851851851851852,0.0625
9395,0,CF2,L1,0.05,zero_fill,6,6,0.747870922088623,1,False,0.5,0.06896551724137931,0.03125
22115,0,CF2,L1,0.05,zero_fill,2,1,0.5325213074684143,0,False,0.6818181818181818,0.6363636363636364,0.328125
3784,0,CF2,L1,0.05,zero_fill,5,3,0.9400783777236938,0,False,0.65,0.875,0.41015625
15518,0,CF2,L1,0.05,zero_fill,1,1,0.42644619941711426,1,False,0.5641025641025641,0.46153846153846156,0.140625
22913,0,CF2,L1,0.05,zero_fill,1,1,0.9173716902732849,1,False,0.6190476190476191,0.24761904761904763,0.1015625
22485,0,CF2,L1,0.05,zero_fill,8,8,0.3763127028942108,1,False,0.5223880597014925,0.34328358208955223,0.1796875
14166,0,CF2,L1,0.05,zero_fill,9,9,0.6169793009757996,1,False,0.42857142857142855,0.5714285714285714,0.125
4606,0,CF2,L1,0.05,zero_fill,8,8,0.42610135674476624,1,False,0.6933333333333334,0.22,0.12890625
12043,0,CF2,L1,0.05,zero_fill,8,5,0.5468971729278564,0,False,0.5703703703703704,0.7777777777777778,0.41015625
20255,0,CF2,L1,0.05,zero_fill,9,2,0.8614698052406311,0,False,0.6,0.5,0.15625
21390,0,CF2,L1,0.05,zero_fill,8,5,0.5974588394165039,0,False,0.4642857142857143,0.42857142857142855,0.09375
13388,0,CF2,L1,0.05,zero_fill,6,6,0.5307998657226562,1,False,0.43333333333333335,0.0,0.0
9382,0,CF2,L1,0.05,zero_fill,0,0,0.9776042699813843,1,False,0.5777777777777777,0.5,0.17578125
11878,0,CF2,L1,0.05,zero_fill,4,4,0.994061291217804,1,False,0.5641025641025641,0.16666666666666666,0.05078125
10774,0,CF2,L1,0.05,zero_fill,1,1,0.9999580383300781,1,False,0.47058823529411764,0.12745098039215685,0.05078125
2211,0,CF2,L1,0.05,zero_fill,4,3,0.5192357897758484,0,False,0.6846473029045643,0.7012448132780082,0.66015625
22804,0,CF2,L1,0.05,zero_fill,1,1,0.43004393577575684,1,False,0.7511111111111111,0.4622222222222222,0.40625
17903,0,CF2,L1,0.05,zero_fill,3,7,0.37308835983276367,0,False,0.6545454545454545,0.9,0.38671875
16889,0,CF2,L1,0.05,zero_fill,1,7,0.7390281558036804,0,False,0.5833333333333334,0.1111111111111111,0.03125
3013,0,CF2,L1,0.05,zero_fill,8,2,0.40181341767311096,0,False,0.5,0.8333333333333334,0.234375
19919,0,CF2,L1,0.05,zero_fill,8,8,0.36277419328689575,1,False,0.46153846153846156,0.0,0.0
7911,0,CF2,L1,0.05,zero_fill,0,3,0.377315878868103,0,False,0.6545454545454545,0.9,0.38671875
6473,0,CF2,L1,0.05,zero_fill,5,5,0.8254156112670898,1,False,0.6122448979591837,1.0,0.3828125
14963,0,CF2,L1,0.05,zero_fill,2,9,0.7535247802734375,0,False,0.7346938775510204,0.4489795918367347,0.34375
3189,0,CF2,L1,0.05,zero_fill,3,3,0.4017753005027771,1,False,0.52,0.6,0.17578125
21433,0,CF2,L1,0.05,zero_fill,6,6,0.9798238277435303,1,False,0.7252747252747253,0.7252747252747253,0.515625
21534,0,CF2,L1,0.05,zero_fill,9,9,0.9990776777267456,1,False,0.6428571428571429,0.02857142857142857,0.0078125
4378,0,CF2,L1,0.05,zero_fill,4,7,0.7132139205932617,0,False,0.6857142857142857,0.8571428571428571,0.46875
4179,0,CF2,L1,0.05,zero_fill,3,3,0.9999016523361206,1,False,0.5844155844155844,0.36363636363636365,0.109375
20275,0,CF2,L1,0.05,zero_fill,7,7,0.907392144203186,1,False,0.625,0.5104166666666666,0.19140625
724,0,CF2,L1,0.05,zero_fill,4,4,0.8882298469543457,1,False,0.6363636363636364,0.48484848484848486,0.1875
15532,0,CF2,L1,0.05,zero_fill,5,3,0.45643603801727295,0,False,0.6545454545454545,1.0,0.4296875
7808,0,CF2,L1,0.05,zero_fill,4,3,0.9503297209739685,0,False,0.5882352941176471,0.17647058823529413,0.09375
3185,0,CF2,L1,0.05,zero_fill,7,7,0.7317669987678528,1,False,0.6923076923076923,0.3356643356643357,0.1875
8217,0,CF2,L1,0.05,zero_fill,5,5,0.7046896815299988,1,False,0.6428571428571429,0.625,0.2734375
15284,0,CF2,L1,0.05,zero_fill,2,2,0.49587932229042053,1,False,0.6363636363636364,0.8888888888888888,0.34375
2195,0,CF2,L1,0.05,zero_fill,1,1,0.9993264675140381,1,False,0.6666666666666666,0.2619047619047619,0.12890625
21296,0,CF2,L1,0.05,zero_fill,0,5,0.6881921291351318,0,False,0.7252747252747253,0.8461538461538461,0.6015625
14286,0,CF2,L1,0.05,zero_fill,3,3,0.930733323097229,1,False,0.6857142857142857,0.0,0.0
4261,0,CF2,L1,0.05,zero_fill,0,5,0.6186402440071106,0,False,0.6024844720496895,0.5590062111801242,0.3515625
24480,0,CF2,L1,0.05,zero_fill,2,2,0.9999741315841675,1,False,0.6222222222222222,0.4,0.140625
23581,0,CF2,L1,0.05,zero_fill,7,7,0.9997121691703796,1,False,0.5357142857142857,0.14285714285714285,0.03125
24364,0,CF2,L1,0.05,zero_fill,7,7,0.9987093210220337,1,False,0.6222222222222222,0.3111111111111111,0.109375
4259,0,CF2,L1,0.05,zero_fill,4,7,0.9867913722991943,0,False,0.5142857142857142,0.0,0.0
4323,0,CF2,L1,0.05,zero_fill,8,8,0.922876238822937,1,False,0.5142857142857142,0.0,0.0
26017,0,CF2,L1,0.05,zero_fill,2,2,0.9998812675476074,1,False,0.4,0.35,0.08203125
4055,0,CF2,L1,0.05,zero_fill,9,9,0.5375493168830872,1,False,0.4909090909090909,0.45454545454545453,0.09765625
23968,0,CF2,L1,0.05,zero_fill,6,8,0.6884192228317261,0,False,0.48,0.10666666666666667,0.03125
4914,0,CF2,L1,0.05,zero_fill,2,2,0.9355666637420654,1,False,0.6857142857142857,0.21428571428571427,0.1171875
17310,0,CF2,L1,0.05,zero_fill,7,7,0.4042292833328247,1,False,0.6222222222222222,0.2,0.0703125
14981,0,CF2,L1,0.05,zero_fill,2,2,0.4032764434814453,1,False,0.5357142857142857,1.0,0.21875
7511,0,CF2,L1,0.05,zero_fill,6,6,0.605453610420227,1,False,0.4888888888888889,0.26666666666666666,0.09375
4136,0,CF2,L1,0.05,zero_fill,9,9,0.9853430986404419,1,False,0.6222222222222222,0.07777777777777778,0.02734375
8043,0,CF2,L1,0.05,zero_fill,2,9,0.4256870746612549,0,False,0.7252747252747253,0.6043956043956044,0.4296875
14360,0,CF2,L1,0.05,zero_fill,4,4,0.9914702773094177,1,False,0.42857142857142855,0.0,0.0
6364,0,CF2,L1,0.05,zero_fill,0,0,0.9986748695373535,1,False,0.6147540983606558,0.06557377049180328,0.03125
8827,0,CF2,L1,0.05,zero_fill,4,4,0.9893976449966431,1,False,0.6346153846153846,0.8461538461538461,0.34375
24886,0,CF2,L1,0.05,zero_fill,9,2,0.9074028134346008,0,False,0.6933333333333334,0.32,0.1875
21392,0,CF2,L1,0.05,zero_fill,2,2,0.9954144954681396,1,False,0.5909090909090909,0.13636363636363635,0.0703125
18654,0,CF2,L1,0.05,zero_fill,6,8,0.48801466822624207,0,False,0.6944444444444444,0.6666666666666666,0.375
21766,0,CF2,L1,0.05,zero_fill,1,3,0.282711386680603,0,False,0.5138888888888888,0.5555555555555556,0.15625
25433,0,CF2,L1,0.05,zero_fill,8,2,0.5272833108901978,0,False,0.674074074074074,0.6,0.31640625
10927,0,CF2,L1,0.05,zero_fill,8,1,0.737012505531311,0,False,0.7363636363636363,0.12727272727272726,0.0546875
14092,0,CF2,L1,0.05,zero_fill,6,5,0.6502660512924194,0,False,0.7222222222222222,0.5,0.3515625
20936,0,CF2,L1,0.05,zero_fill,9,3,0.907200276851654,0,False,0.6285714285714286,0.8214285714285714,0.44921875
23711,0,CF2,L1,0.05,zero_fill,4,4,0.7998877167701721,1,False,0.42857142857142855,0.5714285714285714,0.125
19260,0,CF2,L1,0.05,zero_fill,7,7,0.979526937007904,1,False,0.5555555555555556,0.25,0.0703125
17360,0,CF2,L1,0.05,zero_fill,3,9,0.6772297024726868,0,False,0.7383177570093458,0.7289719626168224,0.609375
965,0,CF2,L1,0.05,zero_fill,0,7,0.3960650861263275,0,False,0.7012987012987013,0.2597402597402597,0.15625
463,0,CF2,L1,0.05,zero_fill,6,9,0.6744557619094849,0,False,0.5656565656565656,0.5454545454545454,0.2109375
8945,0,CF2,L1,0.05,zero_fill,6,6,0.716599702835083,1,False,0.6923076923076923,0.6923076923076923,0.38671875
14090,0,CF2,L1,0.05,zero_fill,2,2,0.7417367100715637,1,False,0.4810126582278481,0.25316455696202533,0.078125
8479,0,CF2,L1,0.05,zero_fill,9,9,0.8871339559555054,1,False,0.6545454545454545,0.5,0.21484375
24477,0,CF2,L1,0.05,zero_fill,2,2,0.8700771927833557,1,False,0.625,0.4166666666666667,0.15625
8195,0,CF2,L1,0.05,zero_fill,0,0,0.9978479146957397,1,False,0.5185185185185185,0.3333333333333333,0.0703125
1773,0,CF2,L1,0.05,zero_fill,0,9,0.494851678609848,0,False,0.6933333333333334,0.4,0.234375
11776,0,CF2,L1,0.05,zero_fill,2,5,0.6926155090332031,0,False,0.6923076923076923,0.7692307692307693,0.4296875
3313,0,CF2,L1,0.05,zero_fill,6,6,0.9904700517654419,1,False,0.7142857142857143,0.6547619047619048,0.4296875
5424,0,CF2,L1,0.05,zero_fill,9,2,0.8287827372550964,0,False,0.7252747252747253,0.9285714285714286,0.66015625
19606,0,CF2,L1,0.05,zero_fill,2,2,0.7730855345726013,1,False,0.6818181818181818,0.10227272727272728,0.03515625
10110,0,CF2,L1,0.05,zero_fill,9,3,0.9205795526504517,0,False,0.53125,0.609375,0.3046875
22872,0,CF2,L1,0.05,zero_fill,6,1,0.6252501606941223,0,False,0.7252747252747253,0.38461538461538464,0.2734375
7573,0,CF2,L1,0.05,zero_fill,1,1,0.8789340257644653,1,False,0.65,0.5333333333333333,0.25
7105,0,CF2,L1,0.05,zero_fill,3,3,0.985592246055603,1,False,0.6122448979591837,0.3673469387755102,0.140625
18854,0,CF2,L1,0.05,zero_fill,1,3,0.35246652364730835,0,False,0.5952380952380952,0.75,0.24609375
14576,0,CF2,L1,0.05,zero_fill,9,9,0.6432768702507019,1,False,0.5423728813559322,0.1694915254237288,0.078125
9376,0,CF2,L1,0.05,zero_fill,0,2,0.9896644949913025,0,False,0.4666666666666667,0.7714285714285715,0.31640625
20128,0,CF2,L1,0.05,zero_fill,8,8,0.9140624403953552,1,False,0.6545454545454545,0.14545454545454545,0.0625
24854,0,CF2,L1,0.05,zero_fill,9,9,0.9952776432037354,1,False,0.6122448979591837,0.5612244897959183,0.21484375
4937,0,CF2,L1,0.05,zero_fill,2,2,0.35259801149368286,1,False,0.7142857142857143,0.10526315789473684,0.0546875
338,0,CF2,L1,0.05,zero_fill,3,3,0.469594806432724,1,False,0.6923076923076923,0.7272727272727273,0.40625
9981,0,CF2,L1,0.05,zero_fill,3,3,0.9086199998855591,1,False,0.6666666666666666,0.4666666666666667,0.21875
6665,0,CF2,L1,0.05,zero_fill,8,8,0.8720515966415405,1,False,0.5555555555555556,0.4166666666666667,0.1171875
6704,0,CF2,L1,0.05,zero_fill,0,3,0.934898853302002,0,False,0.6428571428571429,1.0,0.4375
23255,0,CF2,L1,0.05,zero_fill,2,2,0.9690984487533569,1,False,0.7878787878787878,0.23636363636363636,0.15234375
5355,0,CF2,L1,0.05,zero_fill,5,5,0.9383791089057922,1,False,0.5454545454545454,0.45454545454545453,0.1171875
22422,0,CF2,L1,0.05,zero_fill,1,4,0.9199703335762024,0,False,0.6,0.6,0.1875
7367,0,CF2,L1,0.05,zero_fill,9,9,0.8556948900222778,1,False,0.5777777777777777,0.4666666666666667,0.1640625
13489,0,CF2,L1,0.05,zero_fill,7,5,0.2501727044582367,0,False,0.5844155844155844,0.8181818181818182,0.24609375
20955,0,CF2,L1,0.05,zero_fill,7,7,0.5235235095024109,1,False,0.6428571428571429,0.4897959183673469,0.375
25439,0,CF2,L1,0.05,zero_fill,9,9,0.9997767806053162,1,False,0.6,0.47692307692307695,0.2421875
12711,0,CF2,L1,0.05,zero_fill,8,2,0.5403104424476624,0,False,0.65,0.9333333333333333,0.4375
7671,0,CF2,L1,0.05,zero_fill,6,2,0.3009223937988281,0,False,0.5882352941176471,0.9509803921568627,0.37890625
20420,0,CF2,L1,0.05,zero_fill,8,9,0.36067962646484375,0,False,0.5714285714285714,0.7142857142857143,0.234375
12630,0,CF2,L1,0.05,zero_fill,2,4,0.9660785794258118,0,False,0.5614035087719298,0.6578947368421053,0.29296875
21394,0,CF2,L1,0.05,zero_fill,1,1,0.9097470045089722,1,False,0.5357142857142857,0.42857142857142855,0.09375
7095,0,CF2,L1,0.05,zero_fill,1,3,0.9937679767608643,0,False,0.47540983606557374,0.5901639344262295,0.140625
11532,0,CF2,L1,0.05,zero_fill,9,9,0.4323635697364807,1,False,0.5333333333333333,0.9,0.2109375
2853,0,CF2,L1,0.05,zero_fill,3,3,0.91649329662323,1,False,0.4230769230769231,1.0,0.203125
13487,0,CF2,L1,0.05,zero_fill,0,0,0.525381326675415,1,False,0.6029411764705882,0.11764705882352941,0.0625
9350,0,CF2,L1,0.05,zero_fill,9,9,0.9368655681610107,1,False,0.46153846153846156,0.38461538461538464,0.078125
24164,0,CF2,L1,0.05,zero_fill,4,4,0.9925265312194824,1,False,0.4772727272727273,0.1590909090909091,0.0546875
23155,0,CF2,L1,0.05,zero_fill,7,7,0.5091196298599243,1,False,0.725925925925926,0.2074074074074074,0.109375
1588,0,CF2,L1,0.05,zero_fill,8,8,0.36340799927711487,1,False,0.7070707070707071,0.21212121212121213,0.08203125
5400,0,CF2,L1,0.05,zero_fill,5,3,0.8343534469604492,0,False,0.625,0.4375,0.1640625
8913,0,CF2,L1,0.05,zero_fill,6,5,0.8748645186424255,0,False,0.5555555555555556,0.42857142857142855,0.2109375
4990,0,CF2,L1,0.05,zero_fill,8,2,0.3605804145336151,0,False,0.43333333333333335,0.5333333333333333,0.125
13364,0,CF2,L1,0.05,zero_fill,7,7,0.997198224067688,1,False,0.691358024691358,0.1111111111111111,0.03515625
1157,0,CF2,L1,0.05,zero_fill,1,4,0.6853576302528381,0,False,0.6,0.6,0.1875
19432,0,CF2,L1,0.05,zero_fill,6,6,0.893273115158081,1,False,0.7428571428571429,0.6285714285714286,0.515625
24861,0,CF2,L1,0.05,zero_fill,1,1,0.8134098052978516,1,False,0.5357142857142857,0.5,0.109375
16303,0,CF2,L1,0.05,zero_fill,0,0,0.6519132256507874,1,False,0.39473684210526316,0.631578947368421,0.1875
23675,0,CF2,L1,0.05,zero_fill,1,1,0.5054264664649963,1,False,0.6363636363636364,0.2828282828282828,0.109375
10816,0,CF2,L1,0.05,zero_fill,5,5,0.844822347164154,1,False,0.7583333333333333,0.0,0.0
25683,0,CF2,L1,0.05,zero_fill,7,7,0.4013354778289795,1,False,0.7346938775510204,0.45918367346938777,0.3515625
6680,0,CF2,L1,0.05,zero_fill,7,1,0.7987291812896729,0,False,0.6467065868263473,0.5508982035928144,0.359375
15541,0,CF2,L1,0.05,zero_fill,1,1,0.742390513420105,1,False,0.5714285714285714,0.21428571428571427,0.0703125
129,0,CF2,L1,0.05,zero_fill,9,9,0.9754440188407898,1,False,0.65,0.5833333333333334,0.2734375
10977,0,CF2,L1,0.05,zero_fill,5,3,0.5533430576324463,0,False,0.674074074074074,0.32592592592592595,0.171875
7518,0,CF2,L1,0.05,zero_fill,5,5,0.2672435939311981,1,False,0.5952380952380952,1.0,0.328125
15350,0,CF2,L1,0.05,zero_fill,0,6,0.693166196346283,0,False,0.7012987012987013,1.0,0.6015625
4712,0,CF2,L1,0.05,zero_fill,2,2,0.9997898936271667,1,False,0.52,0.0,0.0
3234,0,CF2,L1,0.05,zero_fill,1,1,0.8260008096694946,1,False,0.6818181818181818,0.4772727272727273,0.24609375
21292,0,CF2,L1,0.05,zero_fill,8,3,0.4954087734222412,0,False,0.5194805194805194,0.7922077922077922,0.23828125
6439,0,CF2,L1,0.05,zero_fill,6,2,0.5112454891204834,0,False,0.5777777777777777,0.5333333333333333,0.1875
16930,0,CF2,L1,0.05,zero_fill,4,4,0.43253272771835327,1,False,0.5833333333333334,0.1111111111111111,0.03125
25255,0,CF2,L1,0.05,zero_fill,6,4,0.780571699142456,0,False,0.6363636363636364,0.36363636363636365,0.140625
5562,0,CF2,L1,0.05,zero_fill,6,6,0.9198890328407288,1,False,0.48,0.65,0.25390625
20888,0,CF2,L1,0.05,zero_fill,6,3,0.9969825148582458,0,False,0.6,0.7,0.21875
17907,0,CF2,L1,0.05,zero_fill,0,6,0.5006998777389526,0,False,0.5602836879432624,0.7446808510638298,0.41015625
15282,0,CF2,L1,0.05,zero_fill,5,9,0.525726854801178,0,False,0.6357615894039735,0.7152317880794702,0.421875
9564,0,CF2,L1,0.05,zero_fill,5,3,0.9987377524375916,0,False,0.6024096385542169,0.3373493975903614,0.109375
2105,0,CF2,L1,0.05,zero_fill,5,5,0.9634042978286743,1,False,0.676923076923077,0.5,0.25390625
2188,0,CF2,L1,0.05,zero_fill,5,3,0.41221895813941956,0,False,0.5357142857142857,0.8392857142857143,0.3671875
10587,0,CF2,L1,0.05,zero_fill,9,9,0.9854975342750549,1,False,0.7428571428571429,0.0,0.0
20421,0,CF2,L1,0.05,zero_fill,8,7,0.2183128446340561,0,False,0.6285714285714286,0.6357142857142857,0.34765625
23070,0,CF2,L1,0.05,zero_fill,0,0,0.9993327260017395,1,False,0.5555555555555556,0.09523809523809523,0.0234375
19127,0,CF2,L1,0.05,zero_fill,6,3,0.9994304776191711,0,False,0.6172839506172839,0.5493827160493827,0.34765625
7302,0,CF2,L1,0.05,zero_fill,3,3,0.8822883367538452,1,False,0.5641025641025641,0.7692307692307693,0.234375
8409,0,CF2,L1,0.05,zero_fill,4,4,0.9999116659164429,1,False,0.52,0.0,0.0
11086,0,CF2,L1,0.05,zero_fill,7,5,0.4169330596923828,0,False,0.5925925925925926,0.5617283950617284,0.35546875
17122,0,CF2,L1,0.05,zero_fill,5,5,0.9873859882354736,1,False,0.5528455284552846,0.3821138211382114,0.18359375
3555,0,CF2,L1,0.05,zero_fill,2,2,0.9999428987503052,1,False,0.5076923076923077,0.0,0.0
19437,0,CF2,L1,0.05,zero_fill,4,7,0.8320951461791992,0,False,0.41333333333333333,0.0,0.0
594,0,CF2,L1,0.05,zero_fill,9,9,0.5532168745994568,1,False,0.64,0.64,0.25
21863,0,CF2,L1,0.05,zero_fill,3,3,0.6434565782546997,1,False,0.6078431372549019,0.23529411764705882,0.140625
19765,0,CF2,L1,0.05,zero_fill,5,5,0.9880190491676331,1,False,0.5076923076923077,0.18461538461538463,0.046875
16909,0,CF2,L1,0.05,zero_fill,2,7,0.8164308071136475,0,False,0.7142857142857143,0.375,0.24609375
21154,0,CF2,L1,0.05,zero_fill,7,7,0.9984754920005798,1,False,0.6136363636363636,0.125,0.04296875
18615,0,CF2,L1,0.05,zero_fill,7,7,0.9687650203704834,1,False,0.5952380952380952,0.4166666666666667,0.13671875
18171,0,CF2,L1,0.05,zero_fill,7,7,0.527492344379425,1,False,0.6545454545454545,0.6363636363636364,0.2734375
24434,0,CF2,L1,0.05,zero_fill,5,3,0.6885232329368591,0,False,0.6857142857142857,0.22857142857142856,0.125
9664,0,CF2,L1,0.05,zero_fill,0,6,0.9132537245750427,0,False,0.5555555555555556,0.9166666666666666,0.2578125
2013,0,CF2,L1,0.05,zero_fill,5,5,0.9574999213218689,1,False,0.6666666666666666,0.027777777777777776,0.0078125
13537,0,CF2,L1,0.05,zero_fill,4,8,0.34612980484962463,0,False,0.7055555555555556,0.8,0.5625
23942,0,CF2,L1,0.05,zero_fill,9,8,0.3047412633895874,0,False,0.5185185185185185,0.4444444444444444,0.09375
12415,0,CF2,L1,0.05,zero_fill,4,2,0.2587352395057678,0,False,0.6589147286821705,0.9224806201550387,0.46484375
13735,0,CF2,L1,0.05,zero_fill,0,0,0.9968917965888977,1,False,0.5,0.16666666666666666,0.0625
6873,0,CF2,L1,0.05,zero_fill,1,1,0.9960671067237854,1,False,0.7272727272727273,0.1111111111111111,0.04296875
16233,0,CF2,L1,0.05,zero_fill,2,3,0.7379519939422607,0,False,0.47368421052631576,0.08421052631578947,0.03125
13108,0,CF2,L1,0.05,zero_fill,5,3,0.34832268953323364,0,False,0.6831683168316832,0.5742574257425742,0.453125
18114,0,CF2,L1,0.05,zero_fill,7,7,0.9909569621086121,1,False,0.65,0.5,0.234375
25318,0,CF2,L1,0.05,zero_fill,0,6,0.30619797110557556,0,False,0.7142857142857143,0.9285714285714286,0.609375
22387,0,CF2,L1,0.05,zero_fill,7,7,0.8446508646011353,1,False,0.6547619047619048,0.23809523809523808,0.078125
19911,0,CF2,L1,0.05,zero_fill,7,7,0.8265889286994934,1,False,0.4838709677419355,0.5161290322580645,0.1875
9953,0,CF2,L1,0.05,zero_fill,2,2,0.4897264838218689,1,False,0.6666666666666666,1.0,0.46875
18500,0,CF2,L1,0.05,zero_fill,1,6,0.2715635895729065,0,False,0.6545454545454545,0.6363636363636364,0.2734375
12463,0,CF2,L1,0.05,zero_fill,2,3,0.32811686396598816,0,False,0.46835443037974683,0.26582278481012656,0.08203125
12143,0,CF2,L1,0.05,zero_fill,8,8,0.699554979801178,1,False,0.4666666666666667,0.4666666666666667,0.109375
14588,0,CF2,L1,0.05,zero_fill,8,3,0.7088400721549988,0,False,0.7252747252747253,0.5934065934065934,0.421875
22152,0,CF2,L1,0.05,zero_fill,2,2,0.8722649812698364,1,False,0.6805555555555556,0.0,0.0
16563,0,CF2,L1,0.05,zero_fill,4,5,0.5630361437797546,0,False,0.7333333333333333,0.9230769230769231,0.703125
25225,0,CF2,L1,0.05,zero_fill,9,9,0.5783189535140991,1,False,0.5897435897435898,0.5641025641025641,0.34375
1161,0,CF2,L1,0.05,zero_fill,2,4,0.37341228127479553,0,False,0.7333333333333333,0.6205128205128205,0.47265625
9891,0,CF2,L1,0.05,zero_fill,5,6,0.5316451787948608,0,False,0.5670103092783505,0.7525773195876289,0.28515625
18833,0,CF2,L1,0.05,zero_fill,2,2,0.9545719027519226,1,False,0.6136363636363636,0.2727272727272727,0.09375
6162,0,CF2,L1,0.05,zero_fill,2,2,0.9375478625297546,1,False,0.5714285714285714,0.0,0.0
22638,0,CF2,L1,0.05,zero_fill,0,9,0.660196840763092,0,False,0.6857142857142857,0.5785714285714286,0.31640625
6112,0,CF2,L1,0.05,zero_fill,6,6,0.7512725591659546,1,False,0.4909090909090909,0.5454545454545454,0.1171875
24259,0,CF2,L1,0.05,zero_fill,9,9,0.8512540459632874,1,False,0.7428571428571429,0.5238095238095238,0.4296875
18029,0,CF2,L1,0.05,zero_fill,2,2,0.4874609410762787,1,False,0.6439393939393939,0.20454545454545456,0.10546875
13233,0,CF2,L1,0.05,zero_fill,0,0,0.9804139733314514,1,False,0.5142857142857142,0.0,0.0
22560,0,CF2,L1,0.05,zero_fill,3,6,0.3104282021522522,0,False,0.5571428571428572,0.34285714285714286,0.09375
17100,0,CF2,L1,0.05,zero_fill,7,7,0.9261454939842224,1,False,0.6481481481481481,0.3333333333333333,0.140625
13394,0,CF2,L1,0.05,zero_fill,7,7,0.9735302329063416,1,False,0.5185185185185185,0.46296296296296297,0.09765625
25173,0,CF2,L1,0.05,zero_fill,3,6,0.41344961524009705,0,False,0.6,0.075,0.0234375
17342,0,CF2,L1,0.05,zero_fill,4,4,0.6977837681770325,1,False,0.7347826086956522,0.7478260869565218,0.671875
5881,0,CF2,L1,0.05,zero_fill,1,8,0.4600045084953308,0,False,0.6122448979591837,0.5,0.19140625
16982,0,CF2,L1,0.05,zero_fill,3,3,0.6341516971588135,1,False,0.58,0.72,0.28125
12959,0,CF2,L1,0.05,zero_fill,2,2,0.7761915326118469,1,False,0.52,0.6666666666666666,0.1953125
3410,0,CF2,L1,0.05,zero_fill,2,2,0.9957393407821655,1,False,0.5614035087719298,0.3157894736842105,0.140625
1939,0,CF2,L1,0.05,zero_fill,2,2,0.991204559803009,1,False,0.5555555555555556,0.19047619047619047,0.046875
13563,0,CF2,L1,0.05,zero_fill,4,4,0.9575640559196472,1,False,0.42857142857142855,0.5714285714285714,0.125
9659,0,CF2,L1,0.05,zero_fill,4,1,0.2126784473657608,0,False,0.7346938775510204,0.32653061224489793,0.25
23588,0,CF2,L1,0.05,zero_fill,9,9,0.8709434866905212,1,False,0.6363636363636364,0.45454545454545453,0.17578125
12156,0,CF2,L1,0.05,zero_fill,9,7,0.8063284158706665,0,False,0.6,0.8235294117647058,0.2734375
24790,0,CF2,L1,0.05,zero_fill,4,9,0.43006205558776855,0,False,0.52,0.7333333333333333,0.21484375
894,0,CF2,L1,0.05,zero_fill,8,6,0.8748683929443359,0,False,0.52,0.8666666666666667,0.25390625
13738,0,CF2,L1,0.05,zero_fill,7,3,0.8551110625267029,0,False,0.4883720930232558,0.6744186046511628,0.2265625
20555,0,CF2,L1,0.05,zero_fill,5,8,0.28938809037208557,0,False,0.5714285714285714,0.6428571428571429,0.2109375
20457,0,CF2,L1,0.05,zero_fill,3,2,0.9160703420639038,0,False,0.5882352941176471,0.11029411764705882,0.05859375
24842,0,CF2,L1,0.05,zero_fill,3,5,0.4783073663711548,0,False,0.7714285714285715,0.17142857142857143,0.09375
11390,0,CF2,L1,0.05,zero_fill,9,3,0.6369860172271729,0,False,0.40625,0.546875,0.13671875
2665,0,CF2,L1,0.05,zero_fill,9,6,0.6977503299713135,0,False,0.6363636363636364,1.0,0.38671875
24741,0,CF2,L1,0.05,zero_fill,8,8,0.5468393564224243,1,False,0.4230769230769231,0.0,0.0
17634,0,CF2,L1,0.05,zero_fill,8,8,0.5660430192947388,1,False,0.39473684210526316,0.3684210526315789,0.109375
16599,0,CF2,L1,0.05,zero_fill,1,4,0.9804539084434509,0,False,0.7012987012987013,0.3116883116883117,0.1875
19330,0,CF2,L1,0.05,zero_fill,7,7,0.8834198117256165,1,False,0.6,0.35,0.109375
3257,0,CF2,L1,0.05,zero_fill,1,1,0.99751877784729,1,False,0.4482758620689655,0.09195402298850575,0.03125
1114,0,CF2,L1,0.05,zero_fill,9,9,0.8260138630867004,1,False,0.6694214876033058,0.5785123966942148,0.2734375
11738,0,CF2,L1,0.05,zero_fill,8,2,0.3249145746231079,0,False,0.5076923076923077,0.27692307692307694,0.0703125
13077,0,CF2,L1,0.05,zero_fill,8,8,0.8778682351112366,1,False,0.42857142857142855,1.0,0.21875
5168,0,CF2,L1,0.05,zero_fill,3,4,0.5794844627380371,0,False,0.6666666666666666,0.4444444444444444,0.21875
26013,0,CF2,L1,0.05,zero_fill,8,8,0.711588442325592,1,False,0.5714285714285714,0.7857142857142857,0.34375
5611,0,CF2,L1,0.05,zero_fill,7,7,0.6207388639450073,1,False,0.6792452830188679,0.7924528301886793,0.65625
9389,0,CF2,L1,0.05,zero_fill,6,6,0.5769893527030945,1,False,0.6190476190476191,0.6857142857142857,0.28125
25070,0,CF2,L1,0.05,zero_fill,2,2,0.6363368034362793,1,False,0.5921052631578947,0.5789473684210527,0.34375
11322,0,CF2,L1,0.05,zero_fill,8,4,0.5358535647392273,0,False,0.5975609756097561,0.6341463414634146,0.203125
3051,0,CF2,L1,0.05,zero_fill,0,0,0.5785005688667297,1,False,0.5357142857142857,0.0,0.0
18770,0,CF2,L1,0.05,zero_fill,4,7,0.5158374905586243,0,False,0.5176470588235295,0.5882352941176471,0.1953125
14692,0,CF2,L1,0.05,zero_fill,2,2,0.8538787364959717,1,False,0.7346938775510204,0.9285714285714286,0.7109375
4561,0,CF2,L1,0.05,zero_fill,5,5,0.5222561955451965,1,False,0.6153846153846154,0.27564102564102566,0.16796875
16994,0,CF2,L1,0.05,zero_fill,0,0,0.3404020071029663,1,False,0.6222222222222222,0.6,0.2109375
4156,0,CF2,L1,0.05,zero_fill,5,5,0.2785355746746063,1,False,0.6818181818181818,0.5833333333333334,0.30078125
5884,0,CF2,L1,0.05,zero_fill,1,7,0.3084571063518524,0,False,0.7012987012987013,0.9090909090909091,0.546875
18233,0,CF2,L1,0.05,zero_fill,0,0,0.8459263443946838,1,False,0.52,0.0,0.0
17044,0,CF2,L1,0.05,zero_fill,6,3,0.7645123600959778,0,False,0.7450980392156863,0.3215686274509804,0.3203125
18857,0,CF2,L1,0.05,zero_fill,6,6,0.4757958948612213,1,False,0.42857142857142855,0.0,0.0
21917,0,CF2,L1,0.05,zero_fill,9,0,0.33274346590042114,0,False,0.6857142857142857,0.21428571428571427,0.1171875
5054,0,CF2,L1,0.05,zero_fill,3,3,0.9904374480247498,1,False,0.6136363636363636,0.45454545454545453,0.15625
7882,0,CF2,L1,0.05,zero_fill,4,1,0.5348455905914307,0,False,0.6271186440677966,0.6892655367231638,0.4765625
15688,0,CF2,L1,0.05,zero_fill,4,4,0.6471400856971741,1,False,0.6666666666666666,0.19047619047619047,0.09375
5612,0,CF2,L1,0.05,zero_fill,8,8,0.8770609498023987,1,False,0.7583333333333333,0.0,0.0
13934,0,CF2,L1,0.05,zero_fill,9,9,0.8977895379066467,1,False,0.6666666666666666,0.2,0.09375
16689,0,CF2,L1,0.05,zero_fill,2,2,0.4204202890396118,1,False,0.4166666666666667,0.5,0.1875
23844,0,CF2,L1,0.05,zero_fill,6,5,0.565838098526001,0,False,0.5714285714285714,0.14285714285714285,0.0390625
7944,0,CF2,L1,0.05,zero_fill,7,2,0.9723199605941772,0,False,0.5,0.0,0.0
11370,0,CF2,L1,0.05,zero_fill,8,8,0.9012222290039062,1,False,0.5454545454545454,0.0,0.0
24569,0,CF2,L1,0.05,zero_fill,1,4,0.7274001836776733,0,False,0.6136363636363636,0.18181818181818182,0.0625
7529,0,CF2,L1,0.05,zero_fill,5,5,0.7467049360275269,1,False,0.43333333333333335,0.43333333333333335,0.1015625
5092,0,CF2,L1,0.05,zero_fill,2,2,0.9308809638023376,1,False,0.4925373134328358,0.11940298507462686,0.03125
20673,0,CF2,L1,0.05,zero_fill,2,2,0.9681015014648438,1,False,0.5833333333333334,0.3472222222222222,0.09765625
10096,0,CF2,L1,0.05,zero_fill,7,7,0.852756917476654,1,False,0.5185185185185185,0.0,0.0
2059,0,CF2,L1,0.05,zero_fill,3,9,0.2851615250110626,0,False,0.5641025641025641,0.9230769230769231,0.28125
19318,0,CF2,L1,0.05,zero_fill,0,9,0.8608731627464294,0,False,0.5714285714285714,0.5,0.1640625
12977,0,CF2,L1,0.05,zero_fill,8,5,0.7138875126838684,0,False,0.515625,0.34375,0.171875
17673,0,CF2,L1,0.05,zero_fill,0,0,0.6200408339500427,1,False,0.543859649122807,0.19298245614035087,0.0859375
18750,0,CF2,L1,0.05,zero_fill,0,0,0.8455455899238586,1,False,0.6363636363636364,0.16161616161616163,0.0625
16728,0,CF2,L1,0.05,zero_fill,3,3,0.9755750894546509,1,False,0.7738693467336684,0.3869346733668342,0.30078125
14776,0,CF2,L1,0.05,zero_fill,8,6,0.5782681107521057,0,False,0.6136363636363636,0.8181818181818182,0.28125
6941,0,CF2,L1,0.05,zero_fill,9,2,0.3101820945739746,0,False,0.6666666666666666,1.0,0.46875
16787,0,CF2,L1,0.05,zero_fill,6,6,0.882236659526825,1,False,0.6164383561643836,0.4931506849315068,0.28125
25932,0,CF2,L1,0.05,zero_fill,5,5,0.9624059200286865,1,False,0.6136363636363636,0.13636363636363635,0.046875
614,0,CF2,L1,0.05,zero_fill,0,7,0.46572986245155334,0,False,0.65,0.0,0.0
25690,0,CF2,L1,0.05,zero_fill,5,3,0.46358978748321533,0,False,0.7142857142857143,0.75,0.4921875
25968,0,CF2,L1,0.05,zero_fill,5,5,0.9894894957542419,1,False,0.5185185185185185,0.0,0.0
20123,0,CF2,L1,0.05,zero_fill,3,8,0.8026507496833801,0,False,0.6933333333333334,0.52,0.3046875
13341,0,CF2,L1,0.05,zero_fill,5,3,0.8398603796958923,0,False,0.6547619047619048,0.8095238095238095,0.53125
24697,0,CF2,L1,0.05,zero_fill,4,4,0.6680085062980652,1,False,0.5068493150684932,0.0,0.0
15157,0,CF2,L1,0.05,zero_fill,6,7,0.9671385884284973,0,False,0.6,0.6787878787878788,0.4375
23115,0,CF2,L1,0.05,zero_fill,1,9,0.3718291223049164,0,False,0.5833333333333334,0.8888888888888888,0.25
6396,0,CF2,L1,0.05,zero_fill,0,0,0.9857631921768188,1,False,0.5641025641025641,0.0,0.0
19142,0,CF2,L1,0.05,zero_fill,4,6,0.6686834692955017,0,False,0.5135135135135135,0.5675675675675675,0.1640625
13157,0,CF2,L1,0.05,zero_fill,3,3,0.6495323181152344,1,False,0.7252747252747253,0.3626373626373626,0.2578125
19866,0,CF2,L1,0.05,zero_fill,1,2,0.8276848196983337,0,False,0.6356589147286822,0.32558139534883723,0.1640625
25996,0,CF2,L1,0.05,zero_fill,8,8,0.9611044526100159,1,False,0.6964285714285714,0.42857142857142855,0.1875
25515,0,CF2,L1,0.05,zero_fill,7,1,0.8650579452514648,0,False,0.5,0.0,0.0
12876,0,CF2,L1,0.05,zero_fill,0,0,0.6640269756317139,1,False,0.42857142857142855,0.35714285714285715,0.1171875
17565,0,CF2,L1,0.05,zero_fill,6,6,0.8337478637695312,1,False,0.5838926174496645,0.42953020134228187,0.25
17511,0,CF2,L1,0.05,zero_fill,4,7,0.8366570472717285,0,False,0.7511111111111111,0.6844444444444444,0.6015625
19996,0,CF2,L1,0.05,zero_fill,0,0,0.9492434859275818,1,False,0.5555555555555556,0.3472222222222222,0.09765625
12807,0,CF2,L1,0.05,zero_fill,1,6,0.43494686484336853,0,False,0.6923076923076923,0.38461538461538464,0.15625
11001,0,CF2,L1,0.05,zero_fill,9,9,0.942484974861145,1,False,0.5357142857142857,0.16071428571428573,0.03515625
13107,0,CF2,L1,0.05,zero_fill,0,2,0.9798176884651184,0,False,0.5641025641025641,0.8461538461538461,0.2578125
12641,0,CF2,L1,0.05,zero_fill,6,6,0.9953829646110535,1,False,0.5714285714285714,0.4,0.109375
22667,0,CF2,L1,0.05,zero_fill,5,5,0.9907483458518982,1,False,0.4838709677419355,0.03225806451612903,0.0078125
7310,0,CF2,L1,0.05,zero_fill,7,9,0.3649175465106964,0,False,0.7012987012987013,0.35064935064935066,0.2109375
764,0,CF2,L1,0.05,zero_fill,1,1,0.9646012187004089,1,False,0.6818181818181818,0.1893939393939394,0.09765625
14813,0,CF2,L1,0.05,zero_fill,4,4,0.541267991065979,1,False,0.64,0.4,0.15625
7132,0,CF2,L1,0.05,zero_fill,2,2,0.849727213382721,1,False,0.5213675213675214,0.10256410256410256,0.046875
23884,0,CF2,L1,0.05,zero_fill,1,4,0.5998697876930237,0,False,0.5952380952380952,0.5,0.1640625
22735,0,CF2,L1,0.05,zero_fill,8,9,0.4604400396347046,0,False,0.6818181818181818,0.5454545454545454,0.28125
12483,0,CF2,L1,0.05,zero_fill,2,2,0.8881053328514099,1,False,0.65,0.8666666666666667,0.40625
10442,0,CF2,L1,0.05,zero_fill,6,6,0.5681250095367432,1,False,0.6363636363636364,0.2727272727272727,0.10546875
3733,0,CF2,L1,0.05,zero_fill,8,3,0.9848524928092957,0,False,0.7333333333333333,0.676923076923077,0.515625
20089,0,CF2,L1,0.05,zero_fill,4,4,0.925544023513794,1,False,0.5833333333333334,1.0,0.28125
20411,0,CF2,L1,0.05,zero_fill,4,5,0.5945672392845154,0,False,0.7089201877934272,0.43661971830985913,0.36328125
10695,0,CF2,L1,0.05,zero_fill,4,1,0.33731961250305176,0,False,0.5076923076923077,0.0,0.0
11992,0,CF2,L1,0.05,zero_fill,2,2,0.9996001124382019,1,False,0.6581196581196581,0.11965811965811966,0.0546875
20712,0,CF2,L1,0.05,zero_fill,7,7,0.9933419823646545,1,False,0.5,1.0,0.234375
6518,0,CF2,L1,0.05,zero_fill,8,8,0.6830458641052246,1,False,0.5833333333333334,0.4166666666666667,0.1171875
6015,0,CF2,L1,0.05,zero_fill,9,4,0.5901087522506714,0,False,0.6804733727810651,0.47928994082840237,0.31640625
8396,0,CF2,L1,0.05,zero_fill,5,2,0.7819151878356934,0,False,0.6363636363636364,0.494949494949495,0.19140625
12097,0,CF2,L1,0.05,zero_fill,9,9,0.9193589687347412,1,False,0.5555555555555556,0.8571428571428571,0.2109375
12565,0,CF2,L1,0.05,zero_fill,2,9,0.47011131048202515,0,False,0.47619047619047616,0.21428571428571427,0.0703125
22474,0,CF2,L1,0.05,zero_fill,4,5,0.6617718935012817,0,False,0.5423728813559322,0.2033898305084746,0.09375
25110,0,CF2,L1,0.05,zero_fill,9,9,0.9214975833892822,1,False,0.5641025641025641,0.1794871794871795,0.0546875
8275,0,CF2,L1,0.05,zero_fill,8,2,0.4300459921360016,0,False,0.6428571428571429,1.0,0.4375
3871,0,CF2,L1,0.05,zero_fill,1,1,0.5377863049507141,1,False,0.52,1.0,0.29296875
24639,0,CF2,L1,0.05,zero_fill,2,2,0.9723177552223206,1,False,0.5324675324675324,0.16883116883116883,0.05078125
15979,0,CF2,L1,0.05,zero_fill,3,9,0.866061270236969,0,False,0.4166666666666667,0.625,0.234375
24513,0,CF2,L1,0.05,zero_fill,6,6,0.9891592860221863,1,False,0.5357142857142857,0.10714285714285714,0.0234375
10926,0,CF2,L1,0.05,zero_fill,7,2,0.4848175346851349,0,False,0.6080402010050251,0.6231155778894473,0.484375
25564,0,CF2,L1,0.05,zero_fill,0,0,0.7908971309661865,1,False,0.6481481481481481,0.18518518518518517,0.078125
2118,0,CF2,L1,0.05,zero_fill,0,0,0.471858412027359,1,False,0.3888888888888889,0.7222222222222222,0.203125
4358,0,CF2,L1,0.05,zero_fill,9,3,0.45215678215026855,0,False,0.5714285714285714,0.42857142857142855,0.1171875
5674,0,CF2,L1,0.05,zero_fill,8,7,0.4755282700061798,0,False,0.7428571428571429,1.0,0.8203125
3397,0,CF2,L1,0.05,zero_fill,7,7,0.9357343912124634,1,False,0.7042801556420234,0.311284046692607,0.3125
5183,0,CF2,L1,0.05,zero_fill,7,3,0.5819810032844543,0,False,0.5714285714285714,0.8571428571428571,0.28125
7505,0,CF2,L1,0.05,zero_fill,9,9,0.9946176409721375,1,False,0.4230769230769231,0.6923076923076923,0.140625
17539,0,CF2,L1,0.05,zero_fill,0,9,0.4338237941265106,0,False,0.7333333333333333,0.4512820512820513,0.34375
23918,0,CF2,L1,0.05,zero_fill,6,5,0.6732786297798157,0,False,0.65,0.225,0.10546875
19449,0,CF2,L1,0.05,zero_fill,2,2,0.851405918598175,1,False,0.45454545454545453,0.7272727272727273,0.21875
18599,0,CF2,L1,0.05,zero_fill,3,7,0.9551970362663269,0,False,0.6257309941520468,0.7368421052631579,0.4921875
8175,0,CF2,L1,0.05,zero_fill,8,9,0.32339417934417725,0,False,0.7252747252747253,0.6593406593406593,0.46875
18412,0,CF2,L1,0.05,zero_fill,7,7,0.9824962615966797,1,False,0.52,0.0,0.0
20667,0,CF2,L1,0.05,zero_fill,1,1,0.9757594466209412,1,False,0.625,0.15625,0.05859375
8672,0,CF2,L1,0.05,zero_fill,9,5,0.509169340133667,0,False,0.5714285714285714,0.32142857142857145,0.10546875
22087,0,CF2,L1,0.05,zero_fill,1,4,0.9065784215927124,0,False,0.5357142857142857,1.0,0.21875
6910,0,CF2,L1,0.05,zero_fill,2,2,0.9999475479125977,1,False,0.5925925925925926,0.4722222222222222,0.19921875
19205,0,CF2,L1,0.05,zero_fill,3,9,0.31228572130203247,0,False,0.6346153846153846,0.6153846153846154,0.25
10581,0,CF2,L1,0.05,zero_fill,3,3,0.9074075222015381,1,False,0.5555555555555556,0.12698412698412698,0.03125
14516,0,CF2,L1,0.05,zero_fill,4,4,0.5610336065292358,1,False,0.6428571428571429,0.5,0.21875
22602,0,CF2,L1,0.05,zero_fill,4,4,0.9371528625488281,1,False,0.4909090909090909,0.2,0.04296875
1944,0,CF2,L1,0.05,zero_fill,0,2,0.32204046845436096,0,False,0.6,0.375,0.1171875
19718,0,CF2,L1,0.05,zero_fill,0,2,0.4118344485759735,0,False,0.6923076923076923,0.24475524475524477,0.13671875
15599,0,CF2,L1,0.05,zero_fill,7,7,0.9862108826637268,1,False,0.5641025641025641,0.0,0.0
16766,0,CF2,L1,0.05,zero_fill,9,5,0.7378029227256775,0,False,0.5714285714285714,0.7714285714285715,0.2109375
12317,0,CF2,L1,0.05,zero_fill,5,3,0.8511576652526855,0,False,0.64,0.5,0.1953125
6275,0,CF2,L1,0.05,zero_fill,6,6,0.5542705655097961,1,False,0.6428571428571429,0.0,0.0
14332,0,CF2,L1,0.05,zero_fill,3,3,0.33212146162986755,1,False,0.47619047619047616,0.9166666666666666,0.30078125
25615,0,CF2,L1,0.05,zero_fill,8,8,0.9582576751708984,1,False,0.5625,0.75,0.1875
7680,0,CF2,L1,0.05,zero_fill,7,7,0.9999608993530273,1,False,0.5333333333333333,0.6666666666666666,0.15625
22105,0,CF2,L1,0.05,zero_fill,7,2,0.5192036628723145,0,False,0.6481481481481481,0.6666666666666666,0.28125
19179,0,CF2,L1,0.05,zero_fill,5,5,0.5027987360954285,1,False,0.46153846153846156,0.8461538461538461,0.2578125
22379,0,CF2,L1,0.05,zero_fill,5,5,0.9790311455726624,1,False,0.6666666666666666,0.5714285714285714,0.28125
11796,0,CF2,L1,0.05,zero_fill,0,0,0.9790038466453552,1,False,0.5844155844155844,0.3116883116883117,0.09375
16929,0,CF2,L1,0.05,zero_fill,0,0,0.9904326796531677,1,False,0.6923076923076923,0.3916083916083916,0.21875
20580,0,CF2,L1,0.05,zero_fill,2,3,0.7380463480949402,0,False,0.6857142857142857,0.3,0.1640625
21272,0,CF2,L1,0.05,zero_fill,7,7,0.6583736538887024,1,False,0.6545454545454545,0.19090909090909092,0.08203125
12963,0,CF2,L1,0.05,zero_fill,4,5,0.9590759873390198,0,False,0.5555555555555556,1.0,0.24609375
15648,0,CF2,L1,0.05,zero_fill,9,2,0.9905632734298706,0,False,0.5782312925170068,0.22448979591836735,0.12890625
10831,0,CF2,L1,0.05,zero_fill,6,6,0.9999699592590332,1,False,0.45454545454545453,0.5454545454545454,0.1875
12228,0,CF2,L1,0.05,zero_fill,3,3,0.9145376682281494,1,False,0.5777777777777777,0.4888888888888889,0.171875
2242,0,CF2,L1,0.05,zero_fill,7,9,0.6034063100814819,0,False,0.625,0.5833333333333334,0.21875
25443,0,CF2,L1,0.05,zero_fill,3,3,0.9999990463256836,1,False,0.6,1.0,0.3125
23913,0,CF2,L1,0.05,zero_fill,1,2,0.5529412627220154,0,False,0.5303030303030303,0.3333333333333333,0.171875
18452,0,CF2,L1,0.05,zero_fill,1,1,0.6449689269065857,1,False,0.6428571428571429,0.0,0.0
12210,0,CF2,L1,0.05,zero_fill,0,0,0.5468428730964661,1,False,0.4230769230769231,0.4230769230769231,0.0859375
3532,0,CF2,L1,0.05,zero_fill,6,5,0.31801196932792664,0,False,0.7159763313609467,0.6923076923076923,0.45703125
13678,0,CF2,L1,0.05,zero_fill,9,2,0.4421886205673218,0,False,0.7428571428571429,0.34285714285714286,0.28125
21370,0,CF2,L1,0.05,zero_fill,5,3,0.9705814123153687,0,False,0.6581196581196581,0.3333333333333333,0.15234375
23728,0,CF2,L1,0.05,zero_fill,9,9,0.9995219707489014,1,False,0.7428571428571429,0.0,0.0
7460,0,CF2,L1,0.05,zero_fill,0,0,0.7021848559379578,1,False,0.7636363636363637,0.296969696969697,0.19140625
25354,0,CF2,L1,0.05,zero_fill,2,2,0.94415283203125,1,False,0.6857142857142857,0.42857142857142855,0.234375
18984,0,CF2,L1,0.05,zero_fill,8,8,0.984138548374176,1,False,0.6122448979591837,0.7857142857142857,0.30078125
12422,0,CF2,L1,0.05,zero_fill,6,6,0.5125815272331238,1,False,0.7012987012987013,0.7792207792207793,0.46875
7413,0,CF2,L1,0.05,zero_fill,4,7,0.281640887260437,0,False,0.6428571428571429,1.0,0.4375
