patch_id,seed,family,level,frac,method,true_label,prediction,confidence,correct,bounded_unknown,isolated_missing_frac,mask_overlap_centre,centre_erased_frac
17222,0,CF2,L2,0.15,zero_fill,8,3,0.5296764373779297,0,False,0.7012987012987013,0.7272727272727273,0.4375
7987,0,CF2,L2,0.15,zero_fill,4,7,0.4766823351383209,0,False,0.6763285024154589,0.2995169082125604,0.2421875
14403,0,CF2,L2,0.15,zero_fill,1,5,0.33024534583091736,0,False,0.6567164179104478,0.39303482587064675,0.30859375
12904,0,CF2,L2,0.15,zero_fill,1,1,0.9446688294410706,1,False,0.7652582159624414,0.3474178403755869,0.2890625
1024,0,CF2,L2,0.15,zero_fill,2,6,0.570252001285553,0,False,0.558282208588957,0.37423312883435583,0.23828125
15700,0,CF2,L2,0.15,zero_fill,3,2,0.797241747379303,0,False,0.6963350785340314,0.4607329842931937,0.34375
12639,0,CF2,L2,0.15,zero_fill,7,3,0.6844921708106995,0,False,0.725,0.5916666666666667,0.5546875
20658,0,CF2,L2,0.15,zero_fill,4,1,0.3994976878166199,0,False,0.6285714285714286,0.7904761904761904,0.6484375
2642,0,CF2,L2,0.15,zero_fill,7,5,0.4645313322544098,0,False,0.6593886462882096,0.5938864628820961,0.53125
9392,0,CF2,L2,0.15,zero_fill,9,3,0.35024935007095337,0,False,0.6610169491525424,0.6483050847457628,0.59765625
23357,0,CF2,L2,0.15,zero_fill,5,3,0.9995137453079224,0,False,0.5542168674698795,0.6807228915662651,0.44140625
15977,0,CF2,L2,0.15,zero_fill,0,1,0.7135389447212219,0,False,0.7252747252747253,0.23076923076923078,0.1640625
10440,0,CF2,L2,0.15,zero_fill,0,0,0.7593412399291992,1,False,0.6486486486486487,0.3783783783783784,0.328125
14216,0,CF2,L2,0.15,zero_fill,3,4,0.44771745800971985,0,False,0.5980861244019139,0.3923444976076555,0.3203125
18353,0,CF2,L2,0.15,zero_fill,7,3,0.9701603651046753,0,False,0.5934065934065934,0.3076923076923077,0.21875
17404,0,CF2,L2,0.15,zero_fill,3,2,0.5267676115036011,0,False,0.6417112299465241,0.33689839572192515,0.24609375
8424,0,CF2,L2,0.15,zero_fill,8,1,0.23199506103992462,0,False,0.6621004566210046,0.2191780821917808,0.1875
4744,0,CF2,L2,0.15,zero_fill,8,8,0.8221579194068909,1,False,0.7878787878787878,0.2545454545454545,0.1640625
18797,0,CF2,L2,0.15,zero_fill,7,9,0.6906067132949829,0,False,0.7252747252747253,0.9285714285714286,0.66015625
3156,0,CF2,L2,0.15,zero_fill,7,7,0.5794515609741211,1,False,0.6666666666666666,0.3333333333333333,0.3046875
17024,0,CF2,L2,0.15,zero_fill,2,2,0.462365061044693,1,False,0.7098039215686275,0.42745098039215684,0.42578125
7807,0,CF2,L2,0.15,zero_fill,8,6,0.48080092668533325,0,False,0.5782608695652174,0.3826086956521739,0.34375
138,0,CF2,L2,0.15,zero_fill,0,0,0.28434357047080994,1,False,0.6779661016949152,0.3898305084745763,0.359375
20222,0,CF2,L2,0.15,zero_fill,2,2,0.2740400731563568,1,False,0.6274509803921569,0.5686274509803921,0.453125
24734,0,CF2,L2,0.15,zero_fill,9,4,0.5360017418861389,0,False,0.7149122807017544,0.3508771929824561,0.3125
8909,0,CF2,L2,0.15,zero_fill,0,5,0.40241748094558716,0,False,0.7291666666666666,0.35833333333333334,0.3359375
4684,0,CF2,L2,0.15,zero_fill,1,1,0.46853119134902954,1,False,0.6842105263157895,0.5454545454545454,0.4453125
15978,0,CF2,L2,0.15,zero_fill,6,8,0.35317909717559814,0,False,0.7428571428571429,0.5714285714285714,0.46875
21495,0,CF2,L2,0.15,zero_fill,7,5,0.3162708878517151,0,False,0.5949367088607594,0.4873417721518987,0.30078125
5107,0,CF2,L2,0.15,zero_fill,6,5,0.7860031127929688,0,False,0.7051282051282052,0.532051282051282,0.6484375
1914,0,CF2,L2,0.15,zero_fill,2,2,0.7924584746360779,1,False,0.6781609195402298,0.7758620689655172,0.52734375
21307,0,CF2,L2,0.15,zero_fill,1,4,0.6999202966690063,0,False,0.7222222222222222,0.8666666666666667,0.609375
7178,0,CF2,L2,0.15,zero_fill,4,6,0.4486750364303589,0,False,0.59375,0.16145833333333334,0.12109375
13264,0,CF2,L2,0.15,zero_fill,4,3,0.8349670171737671,0,False,0.5416666666666666,0.34523809523809523,0.2265625
21507,0,CF2,L2,0.15,zero_fill,1,1,0.7460723519325256,1,False,0.7191489361702128,0.425531914893617,0.390625
8399,0,CF2,L2,0.15,zero_fill,9,2,0.5611759424209595,0,False,0.5672514619883041,0.5497076023391813,0.3671875
4384,0,CF2,L2,0.15,zero_fill,0,0,0.8758984208106995,1,False,0.7756410256410257,0.2564102564102564,0.15625
5820,0,CF2,L2,0.15,zero_fill,0,7,0.8058924078941345,0,False,0.708502024291498,0.47368421052631576,0.45703125
22865,0,CF2,L2,0.15,zero_fill,0,1,0.4040641486644745,0,False,0.6046511627906976,0.1511627906976744,0.1015625
65,0,CF2,L2,0.15,zero_fill,0,7,0.27876201272010803,0,False,0.6923076923076923,0.46703296703296704,0.33203125
15494,0,CF2,L2,0.15,zero_fill,6,4,0.953769326210022,0,False,0.7418032786885246,0.23770491803278687,0.2265625
2327,0,CF2,L2,0.15,zero_fill,5,5,0.978768527507782,1,False,0.5360824742268041,0.28350515463917525,0.21484375
24596,0,CF2,L2,0.15,zero_fill,7,6,0.8473023176193237,0,False,0.6694214876033058,0.49586776859504134,0.46875
3825,0,CF2,L2,0.15,zero_fill,5,3,0.40334856510162354,0,False,0.7043010752688172,0.3064516129032258,0.22265625
17168,0,CF2,L2,0.15,zero_fill,7,2,0.7614337205886841,0,False,0.7222222222222222,0.9333333333333333,0.65625
4357,0,CF2,L2,0.15,zero_fill,3,3,0.7737656235694885,1,False,0.6812749003984063,0.44223107569721115,0.43359375
2364,0,CF2,L2,0.15,zero_fill,9,9,0.5751122236251831,1,False,0.7428571428571429,0.26666666666666666,0.21875
8703,0,CF2,L2,0.15,zero_fill,9,3,0.47753074765205383,0,False,0.5508021390374331,0.8021390374331551,0.5859375
19390,0,CF2,L2,0.15,zero_fill,9,6,0.40271055698394775,0,False,0.7428571428571429,0.6666666666666666,0.546875
17853,0,CF2,L2,0.15,zero_fill,6,7,0.9736402630805969,0,False,0.7012987012987013,0.35714285714285715,0.21484375
4930,0,CF2,L2,0.15,zero_fill,4,4,0.940210223197937,1,False,0.7428571428571429,0.41904761904761906,0.34375
5314,0,CF2,L2,0.15,zero_fill,8,2,0.6848060488700867,0,False,0.6887966804979253,0.43983402489626555,0.4140625
4478,0,CF2,L2,0.15,zero_fill,8,7,0.5719676613807678,0,False,0.6564885496183206,0.5534351145038168,0.56640625
23679,0,CF2,L2,0.15,zero_fill,4,1,0.9393458366394043,0,False,0.6373626373626373,0.2087912087912088,0.1484375
5449,0,CF2,L2,0.15,zero_fill,1,2,0.7493186593055725,0,False,0.685823754789272,0.7203065134099617,0.734375
24183,0,CF2,L2,0.15,zero_fill,0,0,0.5669548511505127,1,False,0.6470588235294118,0.5401069518716578,0.39453125
20842,0,CF2,L2,0.15,zero_fill,3,3,0.6748403906822205,1,False,0.7222222222222222,0.6722222222222223,0.47265625
18825,0,CF2,L2,0.15,zero_fill,9,9,0.33743277192115784,1,False,0.6459143968871596,0.35019455252918286,0.3515625
6265,0,CF2,L2,0.15,zero_fill,1,3,0.7051003575325012,0,False,0.7333333333333333,0.7333333333333333,0.55859375
24932,0,CF2,L2,0.15,zero_fill,4,5,0.8909322023391724,0,False,0.7297297297297297,0.5243243243243243,0.37890625
14427,0,CF2,L2,0.15,zero_fill,8,1,0.321595698595047,0,False,0.706140350877193,0.2149122807017544,0.19140625
3740,0,CF2,L2,0.15,zero_fill,7,7,0.9895499348640442,1,False,0.6787878787878788,0.18181818181818182,0.1171875
16809,0,CF2,L2,0.15,zero_fill,9,7,0.735308051109314,0,False,0.717948717948718,0.5860805860805861,0.625
1136,0,CF2,L2,0.15,zero_fill,1,7,0.9990202188491821,0,False,0.6428571428571429,0.4025974025974026,0.2421875
25757,0,CF2,L2,0.15,zero_fill,5,5,0.9508336186408997,1,False,0.6767676767676768,0.16666666666666666,0.12890625
7356,0,CF2,L2,0.15,zero_fill,4,7,0.8023081421852112,0,False,0.5862068965517241,0.46551724137931033,0.31640625
12298,0,CF2,L2,0.15,zero_fill,0,2,0.6426253914833069,0,False,0.7207207207207207,0.8738738738738738,0.7578125
5700,0,CF2,L2,0.15,zero_fill,3,4,0.5141085386276245,0,False,0.710691823899371,0.39622641509433965,0.24609375
22753,0,CF2,L2,0.15,zero_fill,6,7,0.512499213218689,0,False,0.7023809523809523,0.6785714285714286,0.4453125
16813,0,CF2,L2,0.15,zero_fill,6,9,0.8992624878883362,0,False,0.7051282051282052,0.75,0.45703125
7373,0,CF2,L2,0.15,zero_fill,8,7,0.6043605804443359,0,False,0.6390243902439025,0.37073170731707317,0.296875
20149,0,CF2,L2,0.15,zero_fill,2,7,0.9978197813034058,0,False,0.6258503401360545,0.3435374149659864,0.39453125
15874,0,CF2,L2,0.15,zero_fill,9,3,0.5507049560546875,0,False,0.5376344086021505,0.5161290322580645,0.375
26011,0,CF2,L2,0.15,zero_fill,0,8,0.2582976222038269,0,False,0.7090909090909091,0.6060606060606061,0.390625
4196,0,CF2,L2,0.15,zero_fill,9,3,0.7741085290908813,0,False,0.625615763546798,0.12315270935960591,0.09765625
11227,0,CF2,L2,0.15,zero_fill,3,3,0.6688989996910095,1,False,0.6,0.4222222222222222,0.296875
15736,0,CF2,L2,0.15,zero_fill,3,8,0.6305715441703796,0,False,0.6363636363636364,0.35353535353535354,0.2734375
6339,0,CF2,L2,0.15,zero_fill,6,8,0.5927528142929077,0,False,0.696113074204947,0.22968197879858657,0.25390625
25704,0,CF2,L2,0.15,zero_fill,2,4,0.4301833510398865,0,False,0.569620253164557,0.7911392405063291,0.48828125
3190,0,CF2,L2,0.15,zero_fill,7,7,0.5819841027259827,1,False,0.7307692307692307,0.6192307692307693,0.62890625
737,0,CF2,L2,0.15,zero_fill,4,1,0.6013333201408386,0,False,0.6766169154228856,0.3880597014925373,0.3046875
22875,0,CF2,L2,0.15,zero_fill,9,7,0.6218692064285278,0,False,0.7228464419475655,0.5280898876404494,0.55078125
22749,0,CF2,L2,0.15,zero_fill,3,3,0.9465027451515198,1,False,0.6511627906976745,0.5116279069767442,0.34375
22998,0,CF2,L2,0.15,zero_fill,3,2,0.996460497379303,0,False,0.6185567010309279,0.5412371134020618,0.41015625
24210,0,CF2,L2,0.15,zero_fill,5,3,0.4710390269756317,0,False,0.7419354838709677,0.12442396313364056,0.10546875
6800,0,CF2,L2,0.15,zero_fill,4,5,0.5457781553268433,0,False,0.7578947368421053,0.46842105263157896,0.34765625
16602,0,CF2,L2,0.15,zero_fill,9,2,0.32822754979133606,0,False,0.7480314960629921,0.5551181102362205,0.55078125
10822,0,CF2,L2,0.15,zero_fill,6,4,0.7196128964424133,0,False,0.672,0.208,0.203125
12822,0,CF2,L2,0.15,zero_fill,1,4,0.8559241890907288,0,False,0.6296296296296297,0.2916666666666667,0.24609375
12758,0,CF2,L2,0.15,zero_fill,5,5,0.8757115006446838,1,False,0.65,0.0,0.0
21144,0,CF2,L2,0.15,zero_fill,4,6,0.48815006017684937,0,False,0.7330827067669173,0.631578947368421,0.65625
4900,0,CF2,L2,0.15,zero_fill,6,0,0.32872217893600464,0,False,0.7428571428571429,1.0,0.8203125
22888,0,CF2,L2,0.15,zero_fill,9,9,0.49625086784362793,1,False,0.7222222222222222,0.6666666666666666,0.46875
19935,0,CF2,L2,0.15,zero_fill,9,3,0.5831942558288574,0,False,0.6646706586826348,0.2155688622754491,0.140625
21896,0,CF2,L2,0.15,zero_fill,7,3,0.4899953007698059,0,False,0.5522388059701493,0.417910447761194,0.328125
3475,0,CF2,L2,0.15,zero_fill,3,8,0.39206886291503906,0,False,0.696969696969697,0.7515151515151515,0.484375
16171,0,CF2,L2,0.15,zero_fill,0,0,0.9994063377380371,1,False,0.7051282051282052,0.7692307692307693,0.46875
4672,0,CF2,L2,0.15,zero_fill,4,1,0.30224183201789856,0,False,0.6886446886446886,0.5824175824175825,0.62109375
10146,0,CF2,L2,0.15,zero_fill,2,7,0.9466066956520081,0,False,0.7201492537313433,0.3582089552238806,0.375
9207,0,CF2,L2,0.15,zero_fill,7,7,0.8983884453773499,1,False,0.625,0.3958333333333333,0.296875
17745,0,CF2,L2,0.15,zero_fill,9,2,0.8486761450767517,0,False,0.5377358490566038,0.6981132075471698,0.578125
432,0,CF2,L2,0.15,zero_fill,7,7,0.548758327960968,1,False,0.7923076923076923,0.2,0.203125
6608,0,CF2,L2,0.15,zero_fill,4,3,0.49025431275367737,0,False,0.5662650602409639,0.3614457831325301,0.234375
25769,0,CF2,L2,0.15,zero_fill,9,8,0.4063337445259094,0,False,0.6486486486486487,0.28378378378378377,0.24609375
14774,0,CF2,L2,0.15,zero_fill,3,2,0.9289186000823975,0,False,0.6438356164383562,0.4623287671232877,0.52734375
21627,0,CF2,L2,0.15,zero_fill,4,4,0.8366539478302002,1,False,0.5974842767295597,0.37735849056603776,0.234375
8133,0,CF2,L2,0.15,zero_fill,2,2,0.8470681309700012,1,False,0.7254901960784313,0.5588235294117647,0.4453125
12554,0,CF2,L2,0.15,zero_fill,4,7,0.9040341377258301,0,False,0.6815286624203821,0.5222929936305732,0.3203125
10856,0,CF2,L2,0.15,zero_fill,1,2,0.6502487659454346,0,False,0.7023255813953488,0.5348837209302325,0.44921875
15931,0,CF2,L2,0.15,zero_fill,3,3,0.8637871146202087,1,False,0.6829268292682927,0.2613240418118467,0.29296875
2367,0,CF2,L2,0.15,zero_fill,2,6,0.5828979015350342,0,False,0.6574074074074074,0.5092592592592593,0.4296875
25563,0,CF2,L2,0.15,zero_fill,7,9,0.436265766620636,0,False,0.7307692307692307,0.5192307692307693,0.421875
6748,0,CF2,L2,0.15,zero_fill,2,2,0.6488246321678162,1,False,0.6557377049180327,0.5,0.4765625
5368,0,CF2,L2,0.15,zero_fill,8,8,0.8844200372695923,1,False,0.6615384615384615,0.6256410256410256,0.4765625
25951,0,CF2,L2,0.15,zero_fill,6,3,0.9502924680709839,0,False,0.645933014354067,0.8038277511961722,0.65625
22082,0,CF2,L2,0.15,zero_fill,7,2,0.9124583005905151,0,False,0.6122448979591837,0.4336734693877551,0.33203125
19301,0,CF2,L2,0.15,zero_fill,4,3,0.48632362484931946,0,False,0.43646408839779005,0.40331491712707185,0.28515625
13302,0,CF2,L2,0.15,zero_fill,4,5,0.6286559700965881,0,False,0.6136363636363636,0.48863636363636365,0.3359375
15358,0,CF2,L2,0.15,zero_fill,0,7,0.42021334171295166,0,False,0.6129032258064516,0.23870967741935484,0.14453125
23572,0,CF2,L2,0.15,zero_fill,2,2,0.5138893127441406,1,False,0.6867469879518072,0.8493975903614458,0.55078125
14736,0,CF2,L2,0.15,zero_fill,4,4,0.5026919841766357,1,False,0.6451612903225806,0.5443548387096774,0.52734375
16685,0,CF2,L2,0.15,zero_fill,2,7,0.4774154722690582,0,False,0.6470588235294118,0.38009049773755654,0.328125
21902,0,CF2,L2,0.15,zero_fill,7,7,0.7998718619346619,1,False,0.6830601092896175,0.3825136612021858,0.2734375
6713,0,CF2,L2,0.15,zero_fill,5,8,0.2958533763885498,0,False,0.6062176165803109,0.6062176165803109,0.45703125
8771,0,CF2,L2,0.15,zero_fill,4,5,0.7142921090126038,0,False,0.6381909547738693,0.4623115577889447,0.359375
20264,0,CF2,L2,0.15,zero_fill,3,1,0.7441110014915466,0,False,0.7480916030534351,0.6106870229007634,0.625
24489,0,CF2,L2,0.15,zero_fill,1,1,0.46008822321891785,1,False,0.7624521072796935,0.45977011494252873,0.46875
24852,0,CF2,L2,0.15,zero_fill,1,7,0.9151467084884644,0,False,0.7012987012987013,0.45454545454545453,0.2734375
6746,0,CF2,L2,0.15,zero_fill,1,2,0.7089595794677734,0,False,0.628140703517588,0.3015075376884422,0.234375
5951,0,CF2,L2,0.15,zero_fill,5,8,0.33154726028442383,0,False,0.7094017094017094,0.5683760683760684,0.51953125
6438,0,CF2,L2,0.15,zero_fill,4,5,0.362293004989624,0,False,0.6413043478260869,0.41847826086956524,0.30078125
11126,0,CF2,L2,0.15,zero_fill,9,7,0.46245989203453064,0,False,0.686046511627907,0.6976744186046512,0.46875
24241,0,CF2,L2,0.15,zero_fill,3,4,0.3713197410106659,0,False,0.6122448979591837,0.5357142857142857,0.41015625
23621,0,CF2,L2,0.15,zero_fill,6,3,0.4009193181991577,0,False,0.7222222222222222,0.6666666666666666,0.46875
14358,0,CF2,L2,0.15,zero_fill,6,6,0.4877224564552307,1,False,0.5974842767295597,0.7295597484276729,0.453125
19003,0,CF2,L2,0.15,zero_fill,6,3,0.46567288041114807,0,False,0.5952380952380952,0.34523809523809523,0.2265625
3760,0,CF2,L2,0.15,zero_fill,9,9,0.35500627756118774,1,False,0.7346938775510204,0.4489795918367347,0.34375
1155,0,CF2,L2,0.15,zero_fill,5,8,0.8585631847381592,0,False,0.5,0.255,0.19921875
22044,0,CF2,L2,0.15,zero_fill,8,2,0.8917293548583984,0,False,0.6082474226804123,0.6391752577319587,0.484375
17521,0,CF2,L2,0.15,zero_fill,4,4,0.8317866921424866,1,False,0.6218905472636815,0.4975124378109453,0.390625
15177,0,CF2,L2,0.15,zero_fill,9,7,0.5173828601837158,0,False,0.7037037037037037,0.9135802469135802,0.578125
21080,0,CF2,L2,0.15,zero_fill,0,0,0.34538790583610535,1,False,0.7252747252747253,0.6153846153846154,0.4375
4507,0,CF2,L2,0.15,zero_fill,5,5,0.8325456976890564,1,False,0.6453488372093024,0.046511627906976744,0.03125
10600,0,CF2,L2,0.15,zero_fill,7,3,0.8258278369903564,0,False,0.6587301587301587,0.5555555555555556,0.546875
11754,0,CF2,L2,0.15,zero_fill,1,1,0.7037056088447571,1,False,0.6161616161616161,0.4292929292929293,0.33203125
22934,0,CF2,L2,0.15,zero_fill,4,7,0.5118854641914368,0,False,0.7365079365079366,0.3333333333333333,0.41015625
19094,0,CF2,L2,0.15,zero_fill,3,3,0.9896875023841858,1,False,0.5939086294416244,0.3197969543147208,0.24609375
25246,0,CF2,L2,0.15,zero_fill,7,7,0.4884534776210785,1,False,0.651685393258427,0.601123595505618,0.41796875
14745,0,CF2,L2,0.15,zero_fill,2,2,0.6582850217819214,1,False,0.7087378640776699,0.5631067961165048,0.453125
3177,0,CF2,L2,0.15,zero_fill,8,3,0.5459973812103271,0,False,0.6587301587301587,0.6071428571428571,0.59765625
13870,0,CF2,L2,0.15,zero_fill,5,2,0.9420514106750488,0,False,0.793233082706767,0.4398496240601504,0.45703125
5605,0,CF2,L2,0.15,zero_fill,6,6,0.40147319436073303,1,False,0.7142857142857143,0.5238095238095238,0.34375
5202,0,CF2,L2,0.15,zero_fill,8,8,0.3550848662853241,1,False,0.7354497354497355,0.47619047619047616,0.3515625
8800,0,CF2,L2,0.15,zero_fill,5,2,0.9741887450218201,0,False,0.7525083612040134,0.6053511705685619,0.70703125
645,0,CF2,L2,0.15,zero_fill,3,2,0.4678317606449127,0,False,0.7159763313609467,0.6923076923076923,0.45703125
16077,0,CF2,L2,0.15,zero_fill,5,5,0.3407100737094879,1,False,0.645021645021645,0.329004329004329,0.296875
15336,0,CF2,L2,0.15,zero_fill,5,5,0.8945794105529785,1,False,0.7051282051282052,0.44871794871794873,0.2734375
20933,0,CF2,L2,0.15,zero_fill,0,0,0.6949791312217712,1,False,0.5858585858585859,0.7575757575757576,0.5859375
10580,0,CF2,L2,0.15,zero_fill,8,0,0.34991833567619324,0,False,0.7012987012987013,0.2077922077922078,0.125
25902,0,CF2,L2,0.15,zero_fill,6,5,0.7429317235946655,0,False,0.6043956043956044,0.4945054945054945,0.3515625
4666,0,CF2,L2,0.15,zero_fill,8,5,0.6524223685264587,0,False,0.680365296803653,0.5388127853881278,0.4609375
14541,0,CF2,L2,0.15,zero_fill,4,4,0.5928745269775391,1,False,0.6382978723404256,0.7340425531914894,0.5390625
7374,0,CF2,L2,0.15,zero_fill,5,7,0.8205450773239136,0,False,0.7543103448275862,0.7586206896551724,0.6875
4697,0,CF2,L2,0.15,zero_fill,5,3,0.8749488592147827,0,False,0.6312849162011173,0.4301675977653631,0.30078125
6317,0,CF2,L2,0.15,zero_fill,5,5,0.8798905611038208,1,False,0.6105263157894737,0.6105263157894737,0.453125
16623,0,CF2,L2,0.15,zero_fill,6,0,0.46619343757629395,0,False,0.5641025641025641,0.3333333333333333,0.203125
16511,0,CF2,L2,0.15,zero_fill,6,5,0.6789971590042114,0,False,0.7222222222222222,0.4444444444444444,0.40625
16162,0,CF2,L2,0.15,zero_fill,3,2,0.7441427111625671,0,False,0.6,0.36923076923076925,0.28125
5989,0,CF2,L2,0.15,zero_fill,1,5,0.42968490719795227,0,False,0.5301204819277109,0.43373493975903615,0.28125
18753,0,CF2,L2,0.15,zero_fill,5,3,0.9189593195915222,0,False,0.5934065934065934,0.6043956043956044,0.4296875
20853,0,CF2,L2,0.15,zero_fill,4,6,0.33750075101852417,0,False,0.7878787878787878,0.16363636363636364,0.10546875
16556,0,CF2,L2,0.15,zero_fill,0,2,0.9571409225463867,0,False,0.6839622641509434,0.2830188679245283,0.234375
7019,0,CF2,L2,0.15,zero_fill,9,2,0.453745037317276,0,False,0.6461538461538462,0.2923076923076923,0.22265625
3090,0,CF2,L2,0.15,zero_fill,6,4,0.9221909642219543,0,False,0.75,0.6625,0.62109375
14680,0,CF2,L2,0.15,zero_fill,3,1,0.42196765542030334,0,False,0.6236559139784946,0.43010752688172044,0.3125
869,0,CF2,L2,0.15,zero_fill,3,2,0.4036918580532074,0,False,0.7428571428571429,0.9285714285714286,0.76171875
7595,0,CF2,L2,0.15,zero_fill,6,4,0.2364359349012375,0,False,0.6384180790960452,0.3785310734463277,0.26171875
14417,0,CF2,L2,0.15,zero_fill,1,2,0.6826785206794739,0,False,0.810077519379845,0.3798449612403101,0.3828125
13624,0,CF2,L2,0.15,zero_fill,9,6,0.5657801628112793,0,False,0.6346153846153846,0.38461538461538464,0.3125
21083,0,CF2,L2,0.15,zero_fill,0,6,0.5701748132705688,0,False,0.5935483870967742,0.16774193548387098,0.1015625
7556,0,CF2,L2,0.15,zero_fill,1,1,0.957027018070221,1,False,0.7012987012987013,0.6363636363636364,0.3828125
9289,0,CF2,L2,0.15,zero_fill,8,2,0.34517356753349304,0,False,0.6509433962264151,0.5094339622641509,0.421875
19944,0,CF2,L2,0.15,zero_fill,3,3,0.42942312359809875,1,False,0.5906735751295337,0.43005181347150256,0.32421875
6057,0,CF2,L2,0.15,zero_fill,1,3,0.8074402809143066,0,False,0.5974842767295597,0.8238993710691824,0.51171875
23029,0,CF2,L2,0.15,zero_fill,8,0,0.5112133622169495,0,False,0.6338797814207651,0.6229508196721312,0.4453125
23668,0,CF2,L2,0.15,zero_fill,5,7,0.40297484397888184,0,False,0.7542372881355932,0.5550847457627118,0.51171875
13115,0,CF2,L2,0.15,zero_fill,8,3,0.9246283173561096,0,False,0.6121212121212121,0.6848484848484848,0.44140625
20635,0,CF2,L2,0.15,zero_fill,3,6,0.32895880937576294,0,False,0.6666666666666666,0.525,0.4921875
4281,0,CF2,L2,0.15,zero_fill,4,5,0.7814946174621582,0,False,0.7010869565217391,0.7391304347826086,0.53125
4139,0,CF2,L2,0.15,zero_fill,9,2,0.635342001914978,0,False,0.7375565610859729,0.248868778280543,0.21484375
10652,0,CF2,L2,0.15,zero_fill,1,4,0.6122528314590454,0,False,0.7346938775510204,0.5510204081632653,0.421875
700,0,CF2,L2,0.15,zero_fill,1,4,0.45905280113220215,0,False,0.6838235294117647,0.4411764705882353,0.46875
5772,0,CF2,L2,0.15,zero_fill,3,8,0.43876737356185913,0,False,0.7228464419475655,0.5880149812734082,0.61328125
8114,0,CF2,L2,0.15,zero_fill,9,9,0.736558735370636,1,False,0.7051282051282052,0.27564102564102566,0.16796875
5964,0,CF2,L2,0.15,zero_fill,6,5,0.9017393589019775,0,False,0.6910569105691057,0.32113821138211385,0.30859375
17278,0,CF2,L2,0.15,zero_fill,7,2,0.6181274056434631,0,False,0.6518987341772152,0.6645569620253164,0.41015625
9961,0,CF2,L2,0.15,zero_fill,0,2,0.4680621027946472,0,False,0.7129629629629629,0.75,0.6328125
25974,0,CF2,L2,0.15,zero_fill,7,7,0.757509708404541,1,False,0.7223796033994334,0.4702549575070821,0.6484375
14317,0,CF2,L2,0.15,zero_fill,3,2,0.5303454399108887,0,False,0.7142857142857143,0.3273809523809524,0.21484375
6485,0,CF2,L2,0.15,zero_fill,0,8,0.5782248973846436,0,False,0.7492063492063492,0.5047619047619047,0.62109375
18287,0,CF2,L2,0.15,zero_fill,0,9,0.6088495850563049,0,False,0.6078431372549019,0.6323529411764706,0.50390625
11840,0,CF2,L2,0.15,zero_fill,4,4,0.7215349078178406,1,False,0.7051282051282052,0.28846153846153844,0.17578125
864,0,CF2,L2,0.15,zero_fill,0,9,0.49097809195518494,0,False,0.68,0.58,0.56640625
20612,0,CF2,L2,0.15,zero_fill,1,1,0.7393565773963928,1,False,0.7792207792207793,0.19480519480519481,0.1171875
21079,0,CF2,L2,0.15,zero_fill,1,7,0.8522350192070007,0,False,0.6554621848739496,0.5798319327731093,0.5390625
11286,0,CF2,L2,0.15,zero_fill,5,5,0.8867892026901245,1,False,0.7333333333333333,0.4212121212121212,0.54296875
788,0,CF2,L2,0.15,zero_fill,0,0,0.6997588276863098,1,False,0.7089201877934272,0.3004694835680751,0.25
15932,0,CF2,L2,0.15,zero_fill,3,4,0.7470356225967407,0,False,0.6454545454545455,0.6181818181818182,0.53125
18511,0,CF2,L2,0.15,zero_fill,3,8,0.4219305217266083,0,False,0.6901960784313725,0.28627450980392155,0.28515625
21576,0,CF2,L2,0.15,zero_fill,5,7,0.9417728185653687,0,False,0.7628865979381443,0.6872852233676976,0.78125
17237,0,CF2,L2,0.15,zero_fill,2,2,0.9838751554489136,1,False,0.6987951807228916,0.3433734939759036,0.22265625
2966,0,CF2,L2,0.15,zero_fill,2,2,0.8088786005973816,1,False,0.6680497925311203,0.6016597510373444,0.56640625
16416,0,CF2,L2,0.15,zero_fill,5,5,0.9784864187240601,1,False,0.5523809523809524,0.5476190476190477,0.44921875
1280,0,CF2,L2,0.15,zero_fill,5,5,0.7501517534255981,1,False,0.6766917293233082,0.37218045112781956,0.38671875
24928,0,CF2,L2,0.15,zero_fill,0,2,0.3883458375930786,0,False,0.5,0.16875,0.10546875
23837,0,CF2,L2,0.15,zero_fill,1,7,0.6767037510871887,0,False,0.631578947368421,0.4093567251461988,0.2734375
20230,0,CF2,L2,0.15,zero_fill,1,2,0.5697194933891296,0,False,0.6527777777777778,0.6296296296296297,0.53125
23434,0,CF2,L2,0.15,zero_fill,5,5,0.3846668004989624,1,False,0.6288659793814433,0.4536082474226804,0.34375
20522,0,CF2,L2,0.15,zero_fill,6,7,0.49410194158554077,0,False,0.5316455696202531,0.2088607594936709,0.12890625
7789,0,CF2,L2,0.15,zero_fill,3,6,0.32166820764541626,0,False,0.6190476190476191,0.5571428571428572,0.45703125
22086,0,CF2,L2,0.15,zero_fill,6,6,0.82297283411026,1,False,0.7738095238095238,0.42857142857142855,0.28125
21339,0,CF2,L2,0.15,zero_fill,0,3,0.4466340243816376,0,False,0.5833333333333334,0.5509259259259259,0.46484375
6830,0,CF2,L2,0.15,zero_fill,9,5,0.9446344375610352,0,False,0.6982758620689655,0.646551724137931,0.5859375
20902,0,CF2,L2,0.15,zero_fill,2,3,0.24534714221954346,0,False,0.6322869955156951,0.6367713004484304,0.5546875
17481,0,CF2,L2,0.15,zero_fill,5,3,0.4339243471622467,0,False,0.6497695852534562,0.6451612903225806,0.546875
3050,0,CF2,L2,0.15,zero_fill,6,2,0.38663530349731445,0,False,0.6932515337423313,0.5644171779141104,0.359375
409,0,CF2,L2,0.15,zero_fill,1,5,0.3227996826171875,0,False,0.7333333333333333,0.6044444444444445,0.53125
14823,0,CF2,L2,0.15,zero_fill,7,7,0.5414096713066101,1,False,0.5569620253164557,0.3670886075949367,0.2265625
22892,0,CF2,L2,0.15,zero_fill,9,3,0.49334242939949036,0,False,0.7941176470588235,0.43137254901960786,0.515625
9470,0,CF2,L2,0.15,zero_fill,8,2,0.8742706775665283,0,False,0.6405529953917051,0.29493087557603687,0.25
9543,0,CF2,L2,0.15,zero_fill,6,6,0.9344391822814941,1,False,0.6816326530612244,0.2979591836734694,0.28515625
22090,0,CF2,L2,0.15,zero_fill,5,5,0.9769829511642456,1,False,0.7102272727272727,0.3409090909090909,0.234375
6045,0,CF2,L2,0.15,zero_fill,6,1,0.5912989377975464,0,False,0.5266272189349113,0.31952662721893493,0.2109375
317,0,CF2,L2,0.15,zero_fill,8,3,0.9866442084312439,0,False,0.6639344262295082,0.4385245901639344,0.41796875
15812,0,CF2,L2,0.15,zero_fill,0,6,0.7233784794807434,0,False,0.5900621118012422,0.43478260869565216,0.2734375
18170,0,CF2,L2,0.15,zero_fill,9,3,0.6459370255470276,0,False,0.5473684210526316,0.4263157894736842,0.31640625
14781,0,CF2,L2,0.15,zero_fill,0,9,0.25768226385116577,0,False,0.6398104265402843,0.4976303317535545,0.41015625
17886,0,CF2,L2,0.15,zero_fill,9,9,0.7157449722290039,1,False,0.5227272727272727,0.5454545454545454,0.375
20049,0,CF2,L2,0.15,zero_fill,3,6,0.8976432085037231,0,False,0.5668789808917197,0.5414012738853503,0.33203125
13283,0,CF2,L2,0.15,zero_fill,0,6,0.4155271053314209,0,False,0.6697247706422018,0.5596330275229358,0.4765625
25830,0,CF2,L2,0.15,zero_fill,5,2,0.8627204298973083,0,False,0.7272727272727273,0.5625,0.38671875
14277,0,CF2,L2,0.15,zero_fill,9,9,0.9670015573501587,1,False,0.7333333333333333,0.6153846153846154,0.46875
5908,0,CF2,L2,0.15,zero_fill,1,7,0.4671262204647064,0,False,0.7386759581881533,0.6132404181184669,0.6875
9731,0,CF2,L2,0.15,zero_fill,8,3,0.9982048273086548,0,False,0.8047619047619048,0.4,0.328125
14180,0,CF2,L2,0.15,zero_fill,9,9,0.8030735850334167,1,False,0.6850393700787402,0.33070866141732286,0.328125
9246,0,CF2,L2,0.15,zero_fill,2,2,0.9863583445549011,1,False,0.642570281124498,0.04417670682730924,0.04296875
1656,0,CF2,L2,0.15,zero_fill,2,2,0.44853177666664124,1,False,0.6282051282051282,0.7307692307692307,0.4453125
17712,0,CF2,L2,0.15,zero_fill,1,1,0.7730884552001953,1,False,0.6382978723404256,0.7446808510638298,0.546875
25544,0,CF2,L2,0.15,zero_fill,9,9,0.865089476108551,1,False,0.7,0.25555555555555554,0.1796875
1120,0,CF2,L2,0.15,zero_fill,5,7,0.5289596319198608,0,False,0.6694214876033058,0.3760330578512397,0.35546875
1298,0,CF2,L2,0.15,zero_fill,6,5,0.7047635912895203,0,False,0.5906432748538012,0.4444444444444444,0.296875
25570,0,CF2,L2,0.15,zero_fill,2,5,0.5589243769645691,0,False,0.6651982378854625,0.4845814977973568,0.4296875
5370,0,CF2,L2,0.15,zero_fill,7,7,0.3059307038784027,1,False,0.7159763313609467,0.7159763313609467,0.47265625
19075,0,CF2,L2,0.15,zero_fill,2,4,0.41546738147735596,0,False,0.6470588235294118,0.17320261437908496,0.20703125
8583,0,CF2,L2,0.15,zero_fill,0,1,0.9757806658744812,0,False,0.7954545454545454,0.35454545454545455,0.3046875
2133,0,CF2,L2,0.15,zero_fill,0,2,0.7412300705909729,0,False,0.7023809523809523,0.4523809523809524,0.4453125
1982,0,CF2,L2,0.15,zero_fill,2,7,0.9585822820663452,0,False,0.5169082125603864,0.5942028985507246,0.48046875
950,0,CF2,L2,0.15,zero_fill,8,2,0.6431019902229309,0,False,0.7012987012987013,0.4675324675324675,0.28125
19563,0,CF2,L2,0.15,zero_fill,4,4,0.5010102391242981,1,False,0.6551724137931034,0.4827586206896552,0.328125
21023,0,CF2,L2,0.15,zero_fill,6,6,0.4710991382598877,1,False,0.7432432432432432,0.8378378378378378,0.7265625
15687,0,CF2,L2,0.15,zero_fill,0,0,0.25658366084098816,1,False,0.6038647342995169,0.7342995169082126,0.59375
6444,0,CF2,L2,0.15,zero_fill,6,6,0.20377273857593536,1,False,0.7309417040358744,0.6233183856502242,0.54296875
15735,0,CF2,L2,0.15,zero_fill,4,7,0.9850196838378906,0,False,0.6918918918918919,0.8432432432432433,0.609375
10651,0,CF2,L2,0.15,zero_fill,0,7,0.5206395387649536,0,False,0.6946107784431138,0.6107784431137725,0.3984375
13256,0,CF2,L2,0.15,zero_fill,1,1,0.9372692108154297,1,False,0.6593406593406593,0.14285714285714285,0.1015625
16855,0,CF2,L2,0.15,zero_fill,6,2,0.7077858448028564,0,False,0.5956284153005464,0.5136612021857924,0.3671875
14884,0,CF2,L2,0.15,zero_fill,9,7,0.7828161716461182,0,False,0.6482412060301508,0.6532663316582915,0.5078125
21884,0,CF2,L2,0.15,zero_fill,6,4,0.7067325711250305,0,False,0.6149068322981367,0.6024844720496895,0.37890625
5078,0,CF2,L2,0.15,zero_fill,3,3,0.3358076512813568,1,False,0.6847826086956522,0.05434782608695652,0.0390625
20419,0,CF2,L2,0.15,zero_fill,9,9,0.32627156376838684,1,False,0.80078125,0.46875,0.46875
20521,0,CF2,L2,0.15,zero_fill,5,5,0.6958387494087219,1,False,0.6556603773584906,0.5990566037735849,0.49609375
23257,0,CF2,L2,0.15,zero_fill,5,1,0.6672487854957581,0,False,0.5977011494252874,0.3448275862068966,0.234375
17190,0,CF2,L2,0.15,zero_fill,2,3,0.3713313937187195,0,False,0.6304347826086957,0.40217391304347827,0.2890625
15631,0,CF2,L2,0.15,zero_fill,8,3,0.6206366419792175,0,False,0.7944444444444444,0.3333333333333333,0.234375
504,0,CF2,L2,0.15,zero_fill,0,0,0.5822993516921997,1,False,0.8571428571428571,0.16483516483516483,0.1171875
14990,0,CF2,L2,0.15,zero_fill,3,2,0.8195826411247253,0,False,0.5914634146341463,0.8475609756097561,0.54296875
24512,0,CF2,L2,0.15,zero_fill,8,6,0.84284508228302,0,False,0.7222222222222222,0.7222222222222222,0.5078125
23120,0,CF2,L2,0.15,zero_fill,7,7,0.9434539675712585,1,False,0.6111111111111112,0.1728395061728395,0.109375
3357,0,CF2,L2,0.15,zero_fill,2,2,0.8644400238990784,1,False,0.6741573033707865,0.2546816479400749,0.265625
8088,0,CF2,L2,0.15,zero_fill,1,1,0.5326738953590393,1,False,0.5961538461538461,0.3701923076923077,0.30078125
21849,0,CF2,L2,0.15,zero_fill,9,7,0.9539215564727783,0,False,0.6242038216560509,0.45222929936305734,0.27734375
13683,0,CF2,L2,0.15,zero_fill,0,0,0.9995678067207336,1,False,0.6410256410256411,0.4307692307692308,0.328125
22718,0,CF2,L2,0.15,zero_fill,9,3,0.39049145579338074,0,False,0.606694560669456,0.4686192468619247,0.4375
9927,0,CF2,L2,0.15,zero_fill,4,4,0.6747854948043823,1,False,0.6746987951807228,0.463855421686747,0.30078125
11425,0,CF2,L2,0.15,zero_fill,0,9,0.5416619181632996,0,False,0.6410256410256411,0.5769230769230769,0.3515625
14578,0,CF2,L2,0.15,zero_fill,0,4,0.4161124527454376,0,False,0.5636363636363636,0.3333333333333333,0.21484375
25481,0,CF2,L2,0.15,zero_fill,8,9,0.5664970874786377,0,False,0.6162162162162163,0.3567567567567568,0.2578125
11269,0,CF2,L2,0.15,zero_fill,5,4,0.7519915103912354,0,False,0.6482412060301508,0.7738693467336684,0.6015625
12877,0,CF2,L2,0.15,zero_fill,5,4,0.704017698764801,0,False,0.7087378640776699,0.5631067961165048,0.6796875
22531,0,CF2,L2,0.15,zero_fill,9,9,0.30750346183776855,1,False,0.655,0.185,0.14453125
13150,0,CF2,L2,0.15,zero_fill,3,7,0.9079338908195496,0,False,0.6770428015564203,0.6381322957198443,0.640625
5654,0,CF2,L2,0.15,zero_fill,8,6,0.3470383286476135,0,False,0.6730038022813688,0.4790874524714829,0.4921875
1286,0,CF2,L2,0.15,zero_fill,7,6,0.3685734272003174,0,False,0.5769230769230769,0.8717948717948718,0.53125
1652,0,CF2,L2,0.15,zero_fill,1,1,0.999470055103302,1,False,0.7252747252747253,0.46153846153846156,0.328125
22335,0,CF2,L2,0.15,zero_fill,2,3,0.5905377864837646,0,False,0.6346153846153846,0.6346153846153846,0.515625
23848,0,CF2,L2,0.15,zero_fill,3,3,0.9599988460540771,1,False,0.5691489361702128,0.23404255319148937,0.171875
2892,0,CF2,L2,0.15,zero_fill,6,2,0.8214212656021118,0,False,0.6283783783783784,0.5743243243243243,0.6640625
16530,0,CF2,L2,0.15,zero_fill,8,5,0.4598247706890106,0,False,0.7142857142857143,0.3869047619047619,0.25390625
12848,0,CF2,L2,0.15,zero_fill,8,8,0.8654084205627441,1,False,0.7478991596638656,0.40336134453781514,0.375
7330,0,CF2,L2,0.15,zero_fill,7,8,0.3712306320667267,0,False,0.6545454545454545,0.6409090909090909,0.55078125
3676,0,CF2,L2,0.15,zero_fill,1,4,0.5034188628196716,0,False,0.7428571428571429,0.4714285714285714,0.38671875
19966,0,CF2,L2,0.15,zero_fill,8,8,0.7008631825447083,1,False,0.5641025641025641,0.358974358974359,0.21875
8382,0,CF2,L2,0.15,zero_fill,5,6,0.9296808838844299,0,False,0.7721518987341772,0.14556962025316456,0.08984375
19660,0,CF2,L2,0.15,zero_fill,7,3,0.8304755091667175,0,False,0.7142857142857143,0.6451612903225806,0.546875
2508,0,CF2,L2,0.15,zero_fill,9,2,0.44075310230255127,0,False,0.7428571428571429,0.6857142857142857,0.5625
2360,0,CF2,L2,0.15,zero_fill,4,4,0.9836087822914124,1,False,0.5853658536585366,0.3170731707317073,0.203125
16796,0,CF2,L2,0.15,zero_fill,1,7,0.9993384480476379,0,False,0.6764705882352942,0.23529411764705882,0.1875
23426,0,CF2,L2,0.15,zero_fill,9,5,0.744795560836792,0,False,0.6635514018691588,0.3364485981308411,0.28125
15590,0,CF2,L2,0.15,zero_fill,2,4,0.8131512999534607,0,False,0.7252747252747253,0.4945054945054945,0.3515625
6302,0,CF2,L2,0.15,zero_fill,3,3,0.6389380693435669,1,False,0.8622448979591837,0.1836734693877551,0.140625
24519,0,CF2,L2,0.15,zero_fill,7,7,0.5357068777084351,1,False,0.6341463414634146,0.3170731707317073,0.203125
23276,0,CF2,L2,0.15,zero_fill,2,2,0.5716127157211304,1,False,0.7324561403508771,0.3815789473684211,0.33984375
24566,0,CF2,L2,0.15,zero_fill,8,9,0.5668542385101318,0,False,0.6136363636363636,0.5568181818181818,0.3828125
20978,0,CF2,L2,0.15,zero_fill,1,1,0.7411001324653625,1,False,0.7051282051282052,0.34615384615384615,0.2109375
8990,0,CF2,L2,0.15,zero_fill,3,9,0.3763057589530945,0,False,0.6666666666666666,0.3333333333333333,0.2734375
11061,0,CF2,L2,0.15,zero_fill,7,7,0.6794599294662476,1,False,0.6666666666666666,0.6626016260162602,0.63671875
7075,0,CF2,L2,0.15,zero_fill,9,3,0.7307676672935486,0,False,0.6730038022813688,0.5057034220532319,0.51953125
17641,0,CF2,L2,0.15,zero_fill,2,2,0.6943265199661255,1,False,0.7022900763358778,0.5877862595419847,0.6015625
12077,0,CF2,L2,0.15,zero_fill,9,2,0.9914705157279968,0,False,0.6363636363636364,0.2828282828282828,0.21875
1779,0,CF2,L2,0.15,zero_fill,7,7,0.9960387945175171,1,False,0.616580310880829,0.14507772020725387,0.109375
11519,0,CF2,L2,0.15,zero_fill,4,5,0.7977621555328369,0,False,0.7461538461538462,0.65,0.66015625
8549,0,CF2,L2,0.15,zero_fill,3,7,0.7482271194458008,0,False,0.6615384615384615,0.27692307692307694,0.2109375
14623,0,CF2,L2,0.15,zero_fill,6,5,0.30385029315948486,0,False,0.6606060606060606,0.49696969696969695,0.3203125
10846,0,CF2,L2,0.15,zero_fill,3,5,0.5127190947532654,0,False,0.5427350427350427,0.3504273504273504,0.3203125
16289,0,CF2,L2,0.15,zero_fill,3,5,0.9490189552307129,0,False,0.6762589928057554,0.5287769784172662,0.57421875
12311,0,CF2,L2,0.15,zero_fill,8,7,0.7891783714294434,0,False,0.6,0.18181818181818182,0.1171875
6068,0,CF2,L2,0.15,zero_fill,8,3,0.835612416267395,0,False,0.6507936507936508,0.6349206349206349,0.46875
9629,0,CF2,L2,0.15,zero_fill,6,6,0.8200666904449463,1,False,0.6089385474860335,0.0893854748603352,0.0625
19560,0,CF2,L2,0.15,zero_fill,3,1,0.2412727326154709,0,False,0.7253886010362695,0.44041450777202074,0.33203125
10379,0,CF2,L2,0.15,zero_fill,8,3,0.582994282245636,0,False,0.6161616161616161,0.7121212121212122,0.55078125
6499,0,CF2,L2,0.15,zero_fill,9,3,0.6254687309265137,0,False,0.5906976744186047,0.31627906976744186,0.265625
1159,0,CF2,L2,0.15,zero_fill,0,9,0.3934645354747772,0,False,0.6213592233009708,0.3155339805825243,0.25390625
4366,0,CF2,L2,0.15,zero_fill,7,7,0.5255963206291199,1,False,0.5813953488372093,0.6744186046511628,0.56640625
8397,0,CF2,L2,0.15,zero_fill,1,4,0.781791627407074,0,False,0.5048543689320388,0.33495145631067963,0.26953125
20905,0,CF2,L2,0.15,zero_fill,9,2,0.919426679611206,0,False,0.5632183908045977,0.14367816091954022,0.09765625
15746,0,CF2,L2,0.15,zero_fill,5,5,0.3856029808521271,1,False,0.6846473029045643,0.7012448132780082,0.66015625
9402,0,CF2,L2,0.15,zero_fill,3,6,0.8106977939605713,0,False,0.7511111111111111,0.4622222222222222,0.40625
8164,0,CF2,L2,0.15,zero_fill,2,3,0.3753056824207306,0,False,0.6904761904761905,0.5952380952380952,0.390625
510,0,CF2,L2,0.15,zero_fill,5,5,0.2739509642124176,1,False,0.6210526315789474,0.6263157894736842,0.46484375
24070,0,CF2,L2,0.15,zero_fill,9,7,0.5837352871894836,0,False,0.7394957983193278,0.5462184873949579,0.5078125
2401,0,CF2,L2,0.15,zero_fill,4,5,0.4003804922103882,0,False,0.6653696498054474,0.688715953307393,0.69140625
12147,0,CF2,L2,0.15,zero_fill,3,3,0.5018884539604187,1,False,0.6714285714285714,0.580952380952381,0.4765625
14499,0,CF2,L2,0.15,zero_fill,6,3,0.9731631278991699,0,False,0.6069364161849711,0.44508670520231214,0.30078125
3530,0,CF2,L2,0.15,zero_fill,6,3,0.7600000500679016,0,False,0.681592039800995,0.746268656716418,0.5859375
14723,0,CF2,L2,0.15,zero_fill,7,2,0.9483370184898376,0,False,0.6415770609318996,0.25806451612903225,0.28125
4435,0,CF2,L2,0.15,zero_fill,3,6,0.6893736124038696,0,False,0.6788321167883211,0.4927007299270073,0.52734375
22852,0,CF2,L2,0.15,zero_fill,2,7,0.31825587153434753,0,False,0.7252747252747253,0.8461538461538461,0.6015625
8461,0,CF2,L2,0.15,zero_fill,3,3,0.5253751873970032,1,False,0.6277056277056277,0.38961038961038963,0.3515625
21972,0,CF2,L2,0.15,zero_fill,7,7,0.9976547956466675,1,False,0.6158536585365854,0.2682926829268293,0.171875
5410,0,CF2,L2,0.15,zero_fill,4,3,0.6077090501785278,0,False,0.5324675324675324,0.03896103896103896,0.0234375
17754,0,CF2,L2,0.15,zero_fill,6,3,0.6643316745758057,0,False,0.46875,0.3,0.1875
15311,0,CF2,L2,0.15,zero_fill,2,2,0.9951049089431763,1,False,0.7087378640776699,0.20388349514563106,0.1640625
15185,0,CF2,L2,0.15,zero_fill,1,5,0.7577024698257446,0,False,0.5508474576271186,0.3686440677966102,0.33984375
5663,0,CF2,L2,0.15,zero_fill,4,5,0.3790275454521179,0,False,0.7252747252747253,0.6043956043956044,0.4296875
6247,0,CF2,L2,0.15,zero_fill,6,6,0.9954833984375,1,False,0.6011904761904762,0.047619047619047616,0.03125
15287,0,CF2,L2,0.15,zero_fill,0,2,0.9000033140182495,0,False,0.7071129707112971,0.5062761506276151,0.47265625
19902,0,CF2,L2,0.15,zero_fill,0,8,0.34767892956733704,0,False,0.6862745098039216,0.4117647058823529,0.41015625
25188,0,CF2,L2,0.15,zero_fill,4,4,0.9778714776039124,1,False,0.7797356828193832,0.3568281938325991,0.31640625
11195,0,CF2,L2,0.15,zero_fill,8,5,0.5976035594940186,0,False,0.7222222222222222,0.5,0.3515625
4828,0,CF2,L2,0.15,zero_fill,7,3,0.31150081753730774,0,False,0.6282051282051282,0.7371794871794872,0.44921875
23751,0,CF2,L2,0.15,zero_fill,5,4,0.31797856092453003,0,False,0.704225352112676,0.6056338028169014,0.671875
9464,0,CF2,L2,0.15,zero_fill,3,1,0.42142853140830994,0,False,0.7012987012987013,0.2597402597402597,0.15625
25723,0,CF2,L2,0.15,zero_fill,0,9,0.5151023864746094,0,False,0.6739130434782609,0.6130434782608696,0.55078125
16859,0,CF2,L2,0.15,zero_fill,5,5,0.9244135022163391,1,False,0.582010582010582,0.3968253968253968,0.29296875
3601,0,CF2,L2,0.15,zero_fill,1,1,0.9999539852142334,1,False,0.6807692307692308,0.3769230769230769,0.3828125
11679,0,CF2,L2,0.15,zero_fill,6,6,0.9894708395004272,1,False,0.7412935323383084,0.5970149253731343,0.46875
12135,0,CF2,L2,0.15,zero_fill,7,2,0.5334362983703613,0,False,0.7252747252747253,0.9285714285714286,0.66015625
16329,0,CF2,L2,0.15,zero_fill,1,1,0.7238556742668152,1,False,0.6410256410256411,0.4461538461538462,0.33984375
94,0,CF2,L2,0.15,zero_fill,4,1,0.5562160015106201,0,False,0.7252747252747253,0.38461538461538464,0.2734375
14517,0,CF2,L2,0.15,zero_fill,9,3,0.6042017340660095,0,False,0.6666666666666666,0.4380952380952381,0.359375
16852,0,CF2,L2,0.15,zero_fill,3,6,0.9122998714447021,0,False,0.5643564356435643,0.41089108910891087,0.32421875
6852,0,CF2,L2,0.15,zero_fill,6,2,0.9807692766189575,0,False,0.5627906976744186,0.4511627906976744,0.37890625
24858,0,CF2,L2,0.15,zero_fill,3,7,0.5643859505653381,0,False,0.7077625570776256,0.2876712328767123,0.24609375
297,0,CF2,L2,0.15,zero_fill,9,3,0.5269618630409241,0,False,0.6806083650190115,0.6083650190114068,0.625
12339,0,CF2,L2,0.15,zero_fill,2,2,0.8960087895393372,1,False,0.6585365853658537,0.7439024390243902,0.4765625
20811,0,CF2,L2,0.15,zero_fill,8,8,0.5707007050514221,1,False,0.7878787878787878,0.23636363636363636,0.15234375
12439,0,CF2,L2,0.15,zero_fill,5,6,0.5953807830810547,0,False,0.6646706586826348,0.4311377245508982,0.28125
16632,0,CF2,L2,0.15,zero_fill,9,6,0.7892645001411438,0,False,0.6619718309859155,0.5211267605633803,0.43359375
5798,0,CF2,L2,0.15,zero_fill,4,2,0.8532352447509766,0,False,0.668141592920354,0.6637168141592921,0.5859375
18458,0,CF2,L2,0.15,zero_fill,3,2,0.5891752243041992,0,False,0.6467065868263473,0.8263473053892215,0.5390625
6105,0,CF2,L2,0.15,zero_fill,5,4,0.8088690638542175,0,False,0.5764705882352941,0.4588235294117647,0.3046875
10321,0,CF2,L2,0.15,zero_fill,6,4,0.42659714818000793,0,False,0.6083333333333333,0.475,0.4453125
21771,0,CF2,L2,0.15,zero_fill,7,4,0.6755864024162292,0,False,0.5963636363636363,0.22545454545454546,0.2421875
22194,0,CF2,L2,0.15,zero_fill,0,0,0.7836596369743347,1,False,0.7361963190184049,0.27607361963190186,0.17578125
6,0,CF2,L2,0.15,zero_fill,9,3,0.4696367681026459,0,False,0.5161290322580645,0.46236559139784944,0.3359375
912,0,CF2,L2,0.15,zero_fill,7,8,0.4994191825389862,0,False,0.6459627329192547,0.35403726708074534,0.22265625
16910,0,CF2,L2,0.15,zero_fill,5,9,0.3924417793750763,0,False,0.7428571428571429,0.6285714285714286,0.515625
18738,0,CF2,L2,0.15,zero_fill,7,7,0.9043136835098267,1,False,0.6436781609195402,0.3850574712643678,0.26171875
18020,0,CF2,L2,0.15,zero_fill,9,1,0.4460645616054535,0,False,0.7436708860759493,0.2848101265822785,0.3515625
3462,0,CF2,L2,0.15,zero_fill,8,3,0.8153053522109985,0,False,0.6467065868263473,0.5508982035928144,0.359375
5696,0,CF2,L2,0.15,zero_fill,1,2,0.5593411922454834,0,False,0.6666666666666666,0.43137254901960786,0.34375
15066,0,CF2,L2,0.15,zero_fill,3,3,0.998879611492157,1,False,0.7049180327868853,0.5027322404371585,0.359375
10653,0,CF2,L2,0.15,zero_fill,9,7,0.5879567861557007,0,False,0.7012987012987013,1.0,0.6015625
13337,0,CF2,L2,0.15,zero_fill,2,2,0.9999963045120239,1,False,0.6231884057971014,0.30434782608695654,0.24609375
12340,0,CF2,L2,0.15,zero_fill,5,0,0.3195166289806366,0,False,0.6107784431137725,0.6526946107784432,0.42578125
9536,0,CF2,L2,0.15,zero_fill,0,0,0.9902002215385437,1,False,0.6140350877192983,0.2573099415204678,0.171875
3566,0,CF2,L2,0.15,zero_fill,4,7,0.6912010908126831,0,False,0.592814371257485,0.5149700598802395,0.3359375
20090,0,CF2,L2,0.15,zero_fill,4,2,0.3386732041835785,0,False,0.6735751295336787,0.7772020725388601,0.5859375
211,0,CF2,L2,0.15,zero_fill,0,2,0.8905931115150452,0,False,0.647887323943662,0.43661971830985913,0.36328125
55,0,CF2,L2,0.15,zero_fill,8,6,0.8822751641273499,0,False,0.6435185185185185,0.4351851851851852,0.3671875
1477,0,CF2,L2,0.15,zero_fill,2,7,0.7770845890045166,0,False,0.6138613861386139,0.46534653465346537,0.3671875
25898,0,CF2,L2,0.15,zero_fill,0,3,0.998456597328186,0,False,0.6172839506172839,0.5493827160493827,0.34765625
25713,0,CF2,L2,0.15,zero_fill,0,5,0.8798392415046692,0,False,0.5532994923857868,0.30456852791878175,0.234375
18055,0,CF2,L2,0.15,zero_fill,3,2,0.3836291432380676,0,False,0.6114649681528662,0.6114649681528662,0.375
17461,0,CF2,L2,0.15,zero_fill,3,3,0.9603047966957092,1,False,0.521978021978022,0.23076923076923078,0.1640625
14237,0,CF2,L2,0.15,zero_fill,7,5,0.5795140862464905,0,False,0.659919028340081,0.4048582995951417,0.390625
13858,0,CF2,L2,0.15,zero_fill,1,1,0.9090821146965027,1,False,0.7114427860696517,0.3383084577114428,0.265625
12386,0,CF2,L2,0.15,zero_fill,5,5,0.6297295689582825,1,False,0.6046511627906976,0.26744186046511625,0.1796875
7223,0,CF2,L2,0.15,zero_fill,9,3,0.8202865719795227,0,False,0.7204301075268817,0.3763440860215054,0.2734375
3153,0,CF2,L2,0.15,zero_fill,5,6,0.9679099917411804,0,False,0.6071428571428571,0.5476190476190477,0.359375
23265,0,CF2,L2,0.15,zero_fill,8,9,0.8805332779884338,0,False,0.7142857142857143,0.7857142857142857,0.515625
9465,0,CF2,L2,0.15,zero_fill,0,2,0.7970853447914124,0,False,0.6174863387978142,0.7814207650273224,0.55859375
7419,0,CF2,L2,0.15,zero_fill,0,7,0.6208245754241943,0,False,0.6545454545454545,0.16363636363636364,0.10546875
4722,0,CF2,L2,0.15,zero_fill,6,3,0.30496031045913696,0,False,0.6453900709219859,0.41843971631205673,0.4609375
23448,0,CF2,L2,0.15,zero_fill,6,2,0.33986902236938477,0,False,0.7633587786259542,0.7251908396946565,0.7421875
8222,0,CF2,L2,0.15,zero_fill,2,7,0.9480779767036438,0,False,0.6035502958579881,0.35502958579881655,0.234375
20898,0,CF2,L2,0.15,zero_fill,8,9,0.6037269830703735,0,False,0.7142857142857143,0.7802197802197802,0.5546875
23313,0,CF2,L2,0.15,zero_fill,2,1,0.7247850894927979,0,False,0.6904761904761905,0.4523809523809524,0.4453125
13426,0,CF2,L2,0.15,zero_fill,2,5,0.5330352783203125,0,False,0.7191011235955056,0.6741573033707865,0.703125
25136,0,CF2,L2,0.15,zero_fill,4,4,0.5595458745956421,1,False,0.5897435897435898,0.5641025641025641,0.34375
9268,0,CF2,L2,0.15,zero_fill,4,4,0.3862411379814148,1,False,0.7333333333333333,0.6205128205128205,0.47265625
3892,0,CF2,L2,0.15,zero_fill,1,4,0.7103872299194336,0,False,0.5891891891891892,0.5243243243243243,0.37890625
4115,0,CF2,L2,0.15,zero_fill,3,2,0.3842115104198456,0,False,0.6878048780487804,0.3951219512195122,0.31640625
5166,0,CF2,L2,0.15,zero_fill,7,7,0.5551781058311462,1,False,0.7230769230769231,0.5192307692307693,0.52734375
14984,0,CF2,L2,0.15,zero_fill,3,1,0.735916793346405,0,False,0.6519337016574586,0.14917127071823205,0.10546875
10520,0,CF2,L2,0.15,zero_fill,1,6,0.7202470302581787,0,False,0.6123595505617978,0.33707865168539325,0.234375
4379,0,CF2,L2,0.15,zero_fill,2,2,0.945557713508606,1,False,0.5418994413407822,0.3743016759776536,0.26171875
8937,0,CF2,L2,0.15,zero_fill,1,9,0.817047655582428,0,False,0.7428571428571429,0.7428571428571429,0.609375
17550,0,CF2,L2,0.15,zero_fill,9,3,0.5282227993011475,0,False,0.625,0.5989583333333334,0.44921875
19085,0,CF2,L2,0.15,zero_fill,9,3,0.5761207938194275,0,False,0.6089743589743589,0.4358974358974359,0.265625
17902,0,CF2,L2,0.15,zero_fill,6,1,0.6013755798339844,0,False,0.7142857142857143,0.34285714285714286,0.421875
14780,0,CF2,L2,0.15,zero_fill,8,3,0.5307950973510742,0,False,0.7068062827225131,0.6596858638743456,0.4921875
8401,0,CF2,L2,0.15,zero_fill,0,8,0.441277414560318,0,False,0.5294117647058824,0.6588235294117647,0.4375
11230,0,CF2,L2,0.15,zero_fill,2,2,0.9622181057929993,1,False,0.6811594202898551,0.14130434782608695,0.15234375
1772,0,CF2,L2,0.15,zero_fill,3,3,0.5424581170082092,1,False,0.558974358974359,0.5846153846153846,0.4453125
13326,0,CF2,L2,0.15,zero_fill,4,4,0.9982576966285706,1,False,0.6435643564356436,0.297029702970297,0.234375
15230,0,CF2,L2,0.15,zero_fill,5,3,0.9831085801124573,0,False,0.6781115879828327,0.43776824034334766,0.3984375
20557,0,CF2,L2,0.15,zero_fill,0,3,0.670518159866333,0,False,0.6325581395348837,0.4558139534883721,0.3828125
9555,0,CF2,L2,0.15,zero_fill,1,5,0.2225436419248581,0,False,0.6587301587301587,0.7301587301587301,0.71875
3667,0,CF2,L2,0.15,zero_fill,6,0,0.5846609473228455,0,False,0.6747967479674797,0.6178861788617886,0.59375
5316,0,CF2,L2,0.15,zero_fill,5,5,0.8498057126998901,1,False,0.558282208588957,0.31901840490797545,0.203125
3606,0,CF2,L2,0.15,zero_fill,5,2,0.4628647565841675,0,False,0.75,0.8888888888888888,0.75
25776,0,CF2,L2,0.15,zero_fill,6,2,0.7620521783828735,0,False,0.6153846153846154,0.27564102564102566,0.16796875
22231,0,CF2,L2,0.15,zero_fill,1,2,0.5098695158958435,0,False,0.734375,0.73046875,0.73046875
10855,0,CF2,L2,0.15,zero_fill,7,1,0.35127702355384827,0,False,0.721875,0.25625,0.3203125
130,0,CF2,L2,0.15,zero_fill,6,5,0.9672445058822632,0,False,0.6122448979591837,0.15306122448979592,0.1171875
434,0,CF2,L2,0.15,zero_fill,8,1,0.5328325629234314,0,False,0.659919028340081,0.582995951417004,0.5625
5308,0,CF2,L2,0.15,zero_fill,5,3,0.80303955078125,0,False,0.7810650887573964,0.14201183431952663,0.09375
17682,0,CF2,L2,0.15,zero_fill,4,4,0.44414854049682617,1,False,0.6666666666666666,0.42857142857142855,0.28125
16682,0,CF2,L2,0.15,zero_fill,8,2,0.9874824285507202,0,False,0.5989010989010989,0.054945054945054944,0.0390625
12660,0,CF2,L2,0.15,zero_fill,5,5,0.9492295980453491,1,False,0.5515463917525774,0.24742268041237114,0.1875
21362,0,CF2,L2,0.15,zero_fill,5,5,0.9087204337120056,1,False,0.5677083333333334,0.5052083333333334,0.37890625
15483,0,CF2,L2,0.15,zero_fill,4,7,0.8202657103538513,0,False,0.5377358490566038,0.4056603773584906,0.3359375
5289,0,CF2,L2,0.15,zero_fill,5,1,0.8123809695243835,0,False,0.6243654822335025,0.18274111675126903,0.140625
19757,0,CF2,L2,0.15,zero_fill,1,7,0.764682948589325,0,False,0.7738693467336684,0.3869346733668342,0.30078125
6799,0,CF2,L2,0.15,zero_fill,2,2,0.23642274737358093,1,False,0.7,0.9,0.5625
18871,0,CF2,L2,0.15,zero_fill,2,4,0.4824047088623047,0,False,0.6153846153846154,0.358974358974359,0.328125
4740,0,CF2,L2,0.15,zero_fill,3,7,0.9103034138679504,0,False,0.6973684210526315,0.5526315789473685,0.4921875
14926,0,CF2,L2,0.15,zero_fill,5,3,0.9039413928985596,0,False,0.6764705882352942,0.38235294117647056,0.3046875
3549,0,CF2,L2,0.15,zero_fill,4,3,0.46016135811805725,0,False,0.6547619047619048,0.8095238095238095,0.53125
13336,0,CF2,L2,0.15,zero_fill,9,7,0.970219075679779,0,False,0.6322869955156951,0.5022421524663677,0.4375
8302,0,CF2,L2,0.15,zero_fill,3,3,0.3254205286502838,1,False,0.6233766233766234,0.44155844155844154,0.265625
19884,0,CF2,L2,0.15,zero_fill,8,8,0.5168033242225647,1,False,0.6792452830188679,0.39622641509433965,0.328125
6927,0,CF2,L2,0.15,zero_fill,1,6,0.18710191547870636,0,False,0.7259615384615384,0.3894230769230769,0.31640625
15277,0,CF2,L2,0.15,zero_fill,6,1,0.7436460852622986,0,False,0.49162011173184356,0.24581005586592178,0.171875
20278,0,CF2,L2,0.15,zero_fill,3,7,0.6926698088645935,0,False,0.7523809523809524,0.5968253968253968,0.734375
654,0,CF2,L2,0.15,zero_fill,8,4,0.3024512529373169,0,False,0.6363636363636364,0.3693181818181818,0.25390625
19020,0,CF2,L2,0.15,zero_fill,0,4,0.4013897478580475,0,False,0.5965909090909091,0.42613636363636365,0.29296875
25403,0,CF2,L2,0.15,zero_fill,3,5,0.4690130054950714,0,False,0.6388888888888888,0.25925925925925924,0.21875
1745,0,CF2,L2,0.15,zero_fill,8,8,0.5128080248832703,1,False,0.6637931034482759,0.2801724137931034,0.25390625
10726,0,CF2,L2,0.15,zero_fill,4,6,0.348712682723999,0,False,0.5522388059701493,0.26865671641791045,0.2109375
23431,0,CF2,L2,0.15,zero_fill,4,4,0.816556453704834,1,False,0.7244444444444444,0.6622222222222223,0.58203125
231,0,CF2,L2,0.15,zero_fill,5,3,0.6767980456352234,0,False,0.76,0.528,0.515625
20678,0,CF2,L2,0.15,zero_fill,7,5,0.3644249141216278,0,False,0.7408906882591093,0.5141700404858299,0.49609375
15851,0,CF2,L2,0.15,zero_fill,1,1,0.999184787273407,1,False,0.6043956043956044,0.07692307692307693,0.0546875
24015,0,CF2,L2,0.15,zero_fill,0,2,0.6506780385971069,0,False,0.6643109540636042,0.5512367491166078,0.609375
1082,0,CF2,L2,0.15,zero_fill,6,4,0.6021680235862732,0,False,0.6790123456790124,0.6358024691358025,0.40234375
5573,0,CF2,L2,0.15,zero_fill,8,5,0.2871737480163574,0,False,0.5543478260869565,0.1793478260869565,0.12890625
11289,0,CF2,L2,0.15,zero_fill,1,4,0.5605511665344238,0,False,0.6344086021505376,0.6559139784946236,0.4765625
1751,0,CF2,L2,0.15,zero_fill,0,9,0.45615875720977783,0,False,0.5290697674418605,0.5813953488372093,0.390625
4594,0,CF2,L2,0.15,zero_fill,6,4,0.42963024973869324,0,False,0.6161971830985915,0.5070422535211268,0.5625
21127,0,CF2,L2,0.15,zero_fill,8,8,0.838151216506958,1,False,0.5833333333333334,0.35714285714285715,0.234375
12370,0,CF2,L2,0.15,zero_fill,4,7,0.45679107308387756,0,False,0.7576923076923077,0.8461538461538461,0.859375
4125,0,CF2,L2,0.15,zero_fill,6,7,0.8514137268066406,0,False,0.7042801556420234,0.311284046692607,0.3125
11008,0,CF2,L2,0.15,zero_fill,1,4,0.4317499101161957,0,False,0.7010309278350515,0.5360824742268041,0.609375
23395,0,CF2,L2,0.15,zero_fill,7,7,0.9975326061248779,1,False,0.6172839506172839,0.38271604938271603,0.2421875
3080,0,CF2,L2,0.15,zero_fill,3,7,0.7349629998207092,0,False,0.6257309941520468,0.7368421052631579,0.4921875
22400,0,CF2,L2,0.15,zero_fill,0,6,0.489088773727417,0,False,0.7252747252747253,0.6593406593406593,0.46875
22514,0,CF2,L2,0.15,zero_fill,1,1,0.9596536755561829,1,False,0.5789473684210527,0.08771929824561403,0.05859375
15137,0,CF2,L2,0.15,zero_fill,0,5,0.46354761719703674,0,False,0.5307262569832403,0.659217877094972,0.4609375
6681,0,CF2,L2,0.15,zero_fill,0,0,0.2940733730792999,1,False,0.6195652173913043,0.4782608695652174,0.34375
5219,0,CF2,L2,0.15,zero_fill,5,1,0.451287180185318,0,False,0.7027027027027027,0.32972972972972975,0.23828125
2355,0,CF2,L2,0.15,zero_fill,2,1,0.5348390936851501,0,False,0.6591928251121076,0.2914798206278027,0.25390625
4674,0,CF2,L2,0.15,zero_fill,5,3,0.7682889103889465,0,False,0.6296296296296297,0.4279835390946502,0.40625
14575,0,CF2,L2,0.15,zero_fill,1,9,0.2981002926826477,0,False,0.5959595959595959,0.601010101010101,0.46484375
6563,0,CF2,L2,0.15,zero_fill,5,4,0.6793004870414734,0,False,0.6071428571428571,0.6666666666666666,0.4375
17492,0,CF2,L2,0.15,zero_fill,9,5,0.5077570080757141,0,False,0.6312849162011173,0.6312849162011173,0.44140625
15770,0,CF2,L2,0.15,zero_fill,7,7,0.7116453647613525,1,False,0.6545454545454545,0.36363636363636365,0.3125
20830,0,CF2,L2,0.15,zero_fill,1,1,0.9484536647796631,1,False,0.672,0.252,0.24609375
1777,0,CF2,L2,0.15,zero_fill,2,3,0.49308809638023376,0,False,0.6571428571428571,0.45714285714285713,0.375
21617,0,CF2,L2,0.15,zero_fill,7,7,0.961819052696228,1,False,0.6011904761904762,0.5119047619047619,0.3359375
21293,0,CF2,L2,0.15,zero_fill,4,2,0.302419513463974,0,False,0.6136363636363636,0.7727272727272727,0.53125
14504,0,CF2,L2,0.15,zero_fill,0,0,0.314726322889328,1,False,0.6167664670658682,0.2634730538922156,0.171875
21236,0,CF2,L2,0.15,zero_fill,7,4,0.7364537119865417,0,False,0.6470588235294118,0.6289592760180995,0.54296875
18558,0,CF2,L2,0.15,zero_fill,4,4,0.7817072868347168,1,False,0.7428571428571429,0.34285714285714286,0.28125
22916,0,CF2,L2,0.15,zero_fill,8,3,0.899976909160614,0,False,0.6981981981981982,0.17567567567567569,0.15234375
18760,0,CF2,L2,0.15,zero_fill,6,2,0.46742671728134155,0,False,0.7636363636363637,0.296969696969697,0.19140625
17389,0,CF2,L2,0.15,zero_fill,8,3,0.35915303230285645,0,False,0.6554621848739496,0.5756302521008403,0.53515625
13155,0,CF2,L2,0.15,zero_fill,8,3,0.8703444004058838,0,False,0.7012987012987013,0.7792207792207793,0.46875
13999,0,CF2,L2,0.15,zero_fill,5,5,0.961862325668335,1,False,0.7117903930131004,0.7336244541484717,0.65625
10265,0,CF2,L2,0.15,zero_fill,8,2,0.4391366243362427,0,False,0.5534883720930233,0.15348837209302327,0.12890625
17239,0,CF2,L2,0.15,zero_fill,2,7,0.46845370531082153,0,False,0.6243386243386243,0.37566137566137564,0.27734375
6288,0,CF2,L2,0.15,zero_fill,3,3,0.5853478312492371,1,False,0.7480314960629921,0.33070866141732286,0.328125
11514,0,CF2,L2,0.15,zero_fill,6,3,0.45828133821487427,0,False,0.6171428571428571,0.2571428571428571,0.17578125
23652,0,CF2,L2,0.15,zero_fill,1,1,0.9998053908348083,1,False,0.5225806451612903,0.10967741935483871,0.06640625
11939,0,CF2,L2,0.15,zero_fill,6,7,0.7613416314125061,0,False,0.6680161943319838,0.6072874493927125,0.5859375
2174,0,CF2,L2,0.15,zero_fill,7,9,0.46343058347702026,0,False,0.7421875,0.671875,0.671875
15441,0,CF2,L2,0.15,zero_fill,4,4,0.6957876086235046,1,False,0.684981684981685,0.2967032967032967,0.31640625
12260,0,CF2,L2,0.15,zero_fill,1,2,0.9232027530670166,0,False,0.6222222222222222,0.2222222222222222,0.15625
25046,0,CF2,L2,0.15,zero_fill,6,7,0.5853460431098938,0,False,0.6184971098265896,0.3583815028901734,0.2421875
13958,0,CF2,L2,0.15,zero_fill,9,2,0.98028963804245,0,False,0.5792349726775956,0.6174863387978142,0.44140625
20974,0,CF2,L2,0.15,zero_fill,8,3,0.4299190938472748,0,False,0.6,0.3611111111111111,0.25390625
10626,0,CF2,L2,0.15,zero_fill,6,5,0.41915303468704224,0,False,0.7012987012987013,0.6493506493506493,0.390625
22545,0,CF2,L2,0.15,zero_fill,5,7,0.3539597988128662,0,False,0.6544502617801047,0.3769633507853403,0.28125
20288,0,CF2,L2,0.15,zero_fill,5,3,0.5842268466949463,0,False,0.6184971098265896,0.6242774566473989,0.421875
13790,0,CF2,L2,0.15,zero_fill,7,7,0.987608015537262,1,False,0.5965909090909091,0.13636363636363635,0.09375
2817,0,CF2,L2,0.15,zero_fill,4,7,0.4015145003795624,0,False,0.6751269035532995,0.4467005076142132,0.34375
8344,0,CF2,L2,0.15,zero_fill,4,4,0.9513877034187317,1,False,0.6506024096385542,0.8132530120481928,0.52734375
11708,0,CF2,L2,0.15,zero_fill,1,1,0.9966313242912292,1,False,0.5605095541401274,0.21019108280254778,0.12890625
2379,0,CF2,L2,0.15,zero_fill,1,6,0.5081132054328918,0,False,0.7333333333333333,0.7047619047619048,0.578125
23602,0,CF2,L2,0.15,zero_fill,2,2,0.7451514601707458,1,False,0.6346153846153846,0.32051282051282054,0.1953125
24357,0,CF2,L2,0.15,zero_fill,8,6,0.9095760583877563,0,False,0.659919028340081,0.5141700404858299,0.49609375
16783,0,CF2,L2,0.15,zero_fill,4,4,0.2902560532093048,1,False,0.7260869565217392,0.6956521739130435,0.625
11723,0,CF2,L2,0.15,zero_fill,9,9,0.9220977425575256,1,False,0.6755555555555556,0.2088888888888889,0.18359375
5140,0,CF2,L2,0.15,zero_fill,5,2,0.48488548398017883,0,False,0.6181818181818182,0.6318181818181818,0.54296875
14563,0,CF2,L2,0.15,zero_fill,1,2,0.635840117931366,0,False,0.6224489795918368,0.7959183673469388,0.609375
11905,0,CF2,L2,0.15,zero_fill,7,6,0.4937008321285248,0,False,0.5828220858895705,0.38650306748466257,0.24609375
4657,0,CF2,L2,0.15,zero_fill,5,7,0.5737290382385254,0,False,0.6989966555183946,0.431438127090301,0.50390625
9888,0,CF2,L2,0.15,zero_fill,7,7,0.7329365611076355,1,False,0.7314487632508834,0.607773851590106,0.671875
22827,0,CF2,L2,0.15,zero_fill,6,2,0.34888947010040283,0,False,0.6094674556213018,0.3727810650887574,0.24609375
23911,0,CF2,L2,0.15,zero_fill,7,7,0.9488368630409241,1,False,0.5974842767295597,0.4339622641509434,0.26953125
968,0,CF2,L2,0.15,zero_fill,3,3,0.8875277638435364,1,False,0.5748792270531401,0.42995169082125606,0.34765625
18416,0,CF2,L2,0.15,zero_fill,2,3,0.6670857667922974,0,False,0.6585365853658537,0.4146341463414634,0.265625
15166,0,CF2,L2,0.15,zero_fill,7,9,0.7010893821716309,0,False,0.7251184834123223,0.6018957345971564,0.49609375
15537,0,CF2,L2,0.15,zero_fill,6,6,0.3638094365596771,1,False,0.7396226415094339,0.4490566037735849,0.46484375
112,0,CF2,L2,0.15,zero_fill,6,3,0.5467551350593567,0,False,0.7456896551724138,0.6896551724137931,0.625
9754,0,CF2,L2,0.15,zero_fill,8,8,0.5812808871269226,1,False,0.7209302325581395,0.5193798449612403,0.5234375
3827,0,CF2,L2,0.15,zero_fill,1,3,0.32243403792381287,0,False,0.5741935483870968,0.43870967741935485,0.265625
16427,0,CF2,L2,0.15,zero_fill,8,3,0.5773352384567261,0,False,0.7089201877934272,0.460093896713615,0.3828125
4853,0,CF2,L2,0.15,zero_fill,8,1,0.8700003623962402,0,False,0.5823529411764706,0.29411764705882354,0.1953125
5025,0,CF2,L2,0.15,zero_fill,8,7,0.41835373640060425,0,False,0.6210526315789474,0.6684210526315789,0.49609375
5497,0,CF2,L2,0.15,zero_fill,5,5,0.9759069085121155,1,False,0.6097560975609756,0.4146341463414634,0.265625
415,0,CF2,L2,0.15,zero_fill,5,5,0.8473973870277405,1,False,0.6381322957198443,0.25680933852140075,0.2578125
6055,0,CF2,L2,0.15,zero_fill,2,3,0.6558915972709656,0,False,0.6270270270270271,0.31351351351351353,0.2265625
4242,0,CF2,L2,0.15,zero_fill,6,5,0.572433590888977,0,False,0.7346938775510204,0.5714285714285714,0.4375
16007,0,CF2,L2,0.15,zero_fill,3,3,0.9951149225234985,1,False,0.7738095238095238,0.25,0.1640625
16184,0,CF2,L2,0.15,zero_fill,6,3,0.727772057056427,0,False,0.6384976525821596,0.4694835680751174,0.390625
15180,0,CF2,L2,0.15,zero_fill,2,6,0.30266985297203064,0,False,0.6514285714285715,0.4,0.2734375
16402,0,CF2,L2,0.15,zero_fill,3,6,0.8064588308334351,0,False,0.7470588235294118,0.5294117647058824,0.703125
12883,0,CF2,L2,0.15,zero_fill,7,2,0.9223850965499878,0,False,0.5319148936170213,0.5,0.3671875
12596,0,CF2,L2,0.15,zero_fill,2,2,0.9504155516624451,1,False,0.6046511627906976,0.1744186046511628,0.1171875
13383,0,CF2,L2,0.15,zero_fill,0,9,0.8522943258285522,0,False,0.7542372881355932,0.5084745762711864,0.46875
17140,0,CF2,L2,0.15,zero_fill,0,6,0.43632009625434875,0,False,0.5874439461883408,0.3632286995515695,0.31640625
11249,0,CF2,L2,0.15,zero_fill,7,7,0.4623480439186096,1,False,0.6510638297872341,0.5361702127659574,0.4921875
2927,0,CF2,L2,0.15,zero_fill,3,3,0.5811031460762024,1,False,0.569620253164557,0.2848101265822785,0.17578125
13380,0,CF2,L2,0.15,zero_fill,3,3,0.495821475982666,1,False,0.50625,0.26875,0.16796875
24593,0,CF2,L2,0.15,zero_fill,5,9,0.8499875664710999,0,False,0.7636363636363637,0.4666666666666667,0.30078125
14507,0,CF2,L2,0.15,zero_fill,8,2,0.3110213875770569,0,False,0.632183908045977,0.7528735632183908,0.51171875
9355,0,CF2,L2,0.15,zero_fill,8,8,0.5772743821144104,1,False,0.5906432748538012,0.47953216374269003,0.3203125
3943,0,CF2,L2,0.15,zero_fill,3,3,0.3808453679084778,1,False,0.7037037037037037,0.7098765432098766,0.44921875
4913,0,CF2,L2,0.15,zero_fill,4,4,0.9982640147209167,1,False,0.6195652173913043,0.21739130434782608,0.15625
23440,0,CF2,L2,0.15,zero_fill,4,3,0.6196231842041016,0,False,0.7162162162162162,0.24324324324324326,0.2109375
19289,0,CF2,L2,0.15,zero_fill,7,1,0.569262683391571,0,False,0.6814814814814815,0.4666666666666667,0.4921875
17841,0,CF2,L2,0.15,zero_fill,6,5,0.7658287882804871,0,False,0.518918918918919,0.23783783783783785,0.171875
18139,0,CF2,L2,0.15,zero_fill,0,2,0.32781967520713806,0,False,0.7552742616033755,0.7088607594936709,0.65625
18549,0,CF2,L2,0.15,zero_fill,7,7,0.6514989733695984,1,False,0.7142857142857143,0.5,0.328125
7215,0,CF2,L2,0.15,zero_fill,7,7,0.9993177652359009,1,False,0.6857142857142857,0.16666666666666666,0.13671875
10574,0,CF2,L2,0.15,zero_fill,7,1,0.9807398319244385,0,False,0.7185185185185186,0.2074074074074074,0.21875
10329,0,CF2,L2,0.15,zero_fill,7,5,0.2847123146057129,0,False,0.63,0.61,0.4765625
21502,0,CF2,L2,0.15,zero_fill,4,4,0.5276881456375122,1,False,0.696969696969697,0.6242424242424243,0.40234375
1209,0,CF2,L2,0.15,zero_fill,8,9,0.3541724681854248,0,False,0.7090909090909091,0.5818181818181818,0.375
22202,0,CF2,L2,0.15,zero_fill,6,6,0.507961630821228,1,False,0.5666666666666667,0.5166666666666667,0.36328125
12914,0,CF2,L2,0.15,zero_fill,2,5,0.6787679195404053,0,False,0.6285714285714286,0.4238095238095238,0.34765625
23477,0,CF2,L2,0.15,zero_fill,6,6,0.7547980546951294,1,False,0.5116279069767442,0.19767441860465115,0.1328125
13286,0,CF2,L2,0.15,zero_fill,5,3,0.6874727606773376,0,False,0.7159763313609467,0.4970414201183432,0.328125
24957,0,CF2,L2,0.15,zero_fill,2,9,0.2642947733402252,0,False,0.5825242718446602,0.5242718446601942,0.421875
23215,0,CF2,L2,0.15,zero_fill,9,2,0.9207912683486938,0,False,0.6836158192090396,0.2655367231638418,0.18359375
8171,0,CF2,L2,0.15,zero_fill,3,3,0.8855875134468079,1,False,0.6335078534031413,0.36649214659685864,0.2734375
13427,0,CF2,L2,0.15,zero_fill,4,4,0.8853982090950012,1,False,0.7560975609756098,0.47560975609756095,0.45703125
1985,0,CF2,L2,0.15,zero_fill,9,9,0.4526296555995941,1,False,0.5769230769230769,0.4358974358974359,0.265625
19607,0,CF2,L2,0.15,zero_fill,1,5,0.6789665818214417,0,False,0.5705128205128205,0.6794871794871795,0.4140625
15138,0,CF2,L2,0.15,zero_fill,4,4,0.48812171816825867,1,False,0.7276995305164319,0.41784037558685444,0.34765625
18496,0,CF2,L2,0.15,zero_fill,3,2,0.8540793657302856,0,False,0.6814516129032258,0.6088709677419355,0.58984375
11341,0,CF2,L2,0.15,zero_fill,5,4,0.8748122453689575,0,False,0.5977011494252874,0.45977011494252873,0.3125
3210,0,CF2,L2,0.15,zero_fill,6,6,0.3164517283439636,1,False,0.7252747252747253,0.38461538461538464,0.2734375
9044,0,CF2,L2,0.15,zero_fill,3,3,0.35566022992134094,1,False,0.6560509554140127,0.6560509554140127,0.40234375
1784,0,CF2,L2,0.15,zero_fill,1,6,0.3497591018676758,0,False,0.606425702811245,0.2289156626506024,0.22265625
20687,0,CF2,L2,0.15,zero_fill,7,3,0.5562551617622375,0,False,0.6533333333333333,0.5466666666666666,0.48046875
21479,0,CF2,L2,0.15,zero_fill,1,4,0.7212299108505249,0,False,0.7252747252747253,0.8571428571428571,0.609375
4465,0,CF2,L2,0.15,zero_fill,7,7,0.7619929909706116,1,False,0.7222222222222222,0.3,0.2109375
8098,0,CF2,L2,0.15,zero_fill,3,2,0.525098979473114,0,False,0.7333333333333333,0.6666666666666666,0.5078125
1105,0,CF2,L2,0.15,zero_fill,1,7,0.6411150097846985,0,False,0.6130653266331658,0.32663316582914576,0.25390625
24036,0,CF2,L2,0.15,zero_fill,0,3,0.4699346423149109,0,False,0.6927710843373494,0.5180722891566265,0.3359375
24825,0,CF2,L2,0.15,zero_fill,1,1,0.7601358294487,1,False,0.6353591160220995,0.27071823204419887,0.19140625
20081,0,CF2,L2,0.15,zero_fill,4,1,0.9837856888771057,0,False,0.6848739495798319,0.46638655462184875,0.43359375
11780,0,CF2,L2,0.15,zero_fill,5,7,0.6450595259666443,0,False,0.6050420168067226,0.4117647058823529,0.3828125
18228,0,CF2,L2,0.15,zero_fill,2,4,0.45039603114128113,0,False,0.5921787709497207,0.441340782122905,0.30859375
4363,0,CF2,L2,0.15,zero_fill,4,4,0.6047465205192566,1,False,0.6533333333333333,0.4088888888888889,0.359375
10210,0,CF2,L2,0.15,zero_fill,7,7,0.6430405378341675,1,False,0.7245762711864406,0.6016949152542372,0.5546875
7005,0,CF2,L2,0.15,zero_fill,2,2,0.7481426000595093,1,False,0.654485049833887,0.26578073089701,0.3125
7071,0,CF2,L2,0.15,zero_fill,3,8,0.2078697383403778,0,False,0.752,0.536,0.5234375
25299,0,CF2,L2,0.15,zero_fill,4,1,0.9492806792259216,0,False,0.7222222222222222,0.45,0.31640625
3393,0,CF2,L2,0.15,zero_fill,0,0,0.8366559743881226,1,False,0.5714285714285714,0.5378151260504201,0.5
10532,0,CF2,L2,0.15,zero_fill,8,4,0.34046605229377747,0,False,0.680952380952381,0.2571428571428571,0.2109375
14271,0,CF2,L2,0.15,zero_fill,3,3,0.5531961917877197,1,False,0.6742857142857143,0.10285714285714286,0.0703125
12814,0,CF2,L2,0.15,zero_fill,4,7,0.47354039549827576,0,False,0.6858638743455497,0.29842931937172773,0.22265625
1763,0,CF2,L2,0.15,zero_fill,1,2,0.3643516004085541,0,False,0.6645161290322581,0.6193548387096774,0.375
2795,0,CF2,L2,0.15,zero_fill,4,3,0.4227418303489685,0,False,0.5572916666666666,0.17708333333333334,0.1328125
5329,0,CF2,L2,0.15,zero_fill,2,2,0.6450796723365784,1,False,0.7142857142857143,0.7202380952380952,0.47265625
11024,0,CF2,L2,0.15,zero_fill,8,1,0.3363281488418579,0,False,0.660377358490566,0.660377358490566,0.41015625
23383,0,CF2,L2,0.15,zero_fill,6,3,0.8603167533874512,0,False,0.5860215053763441,0.43010752688172044,0.3125
582,0,CF2,L2,0.15,zero_fill,2,5,0.6174502968788147,0,False,0.6704545454545454,0.48484848484848486,0.5
20037,0,CF2,L2,0.15,zero_fill,5,8,0.23241026699543,0,False,0.7572463768115942,0.6884057971014492,0.7421875
4876,0,CF2,L2,0.15,zero_fill,3,3,0.8434895277023315,1,False,0.7159763313609467,0.7100591715976331,0.46875
16157,0,CF2,L2,0.15,zero_fill,1,2,0.4229470491409302,0,False,0.6292134831460674,0.6910112359550562,0.48046875
24155,0,CF2,L2,0.15,zero_fill,7,3,0.5108547806739807,0,False,0.6046511627906976,0.28294573643410853,0.28515625
21035,0,CF2,L2,0.15,zero_fill,1,1,0.796586275100708,1,False,0.7333333333333333,0.5641025641025641,0.4296875
2530,0,CF2,L2,0.15,zero_fill,2,7,0.32473328709602356,0,False,0.6404494382022472,0.6573033707865169,0.45703125
20951,0,CF2,L2,0.15,zero_fill,4,2,0.26889514923095703,0,False,0.7006369426751592,0.7133757961783439,0.4375
9752,0,CF2,L2,0.15,zero_fill,9,8,0.37137413024902344,0,False,0.6752577319587629,0.5824742268041238,0.44140625
20362,0,CF2,L2,0.15,zero_fill,9,8,0.894320547580719,0,False,0.6140350877192983,0.4619883040935672,0.30859375
5669,0,CF2,L2,0.15,zero_fill,2,2,0.6976996064186096,1,False,0.6896551724137931,0.25862068965517243,0.234375
9395,0,CF2,L2,0.15,zero_fill,6,6,0.704001247882843,1,False,0.7510729613733905,0.7081545064377682,0.64453125
22115,0,CF2,L2,0.15,zero_fill,2,5,0.26318517327308655,0,False,0.6746031746031746,0.39285714285714285,0.38671875
3784,0,CF2,L2,0.15,zero_fill,5,5,0.6487804651260376,1,False,0.7252747252747253,0.5934065934065934,0.421875
15518,0,CF2,L2,0.15,zero_fill,1,2,0.6943486332893372,0,False,0.6975308641975309,1.0,0.6328125
22913,0,CF2,L2,0.15,zero_fill,1,4,0.8110138177871704,0,False,0.5849056603773585,0.1509433962264151,0.09375
22485,0,CF2,L2,0.15,zero_fill,8,9,0.8020889759063721,0,False,0.6696035242290749,0.15859030837004406,0.140625
14166,0,CF2,L2,0.15,zero_fill,9,5,0.2981967031955719,0,False,0.7428571428571429,0.6,0.4921875
4606,0,CF2,L2,0.15,zero_fill,8,4,0.8040176630020142,0,False,0.5543478260869565,0.22282608695652173,0.16015625
12043,0,CF2,L2,0.15,zero_fill,8,5,0.47099852561950684,0,False,0.6352941176470588,0.6705882352941176,0.4453125
20255,0,CF2,L2,0.15,zero_fill,9,9,0.5722634792327881,1,False,0.7052631578947368,0.4842105263157895,0.359375
21390,0,CF2,L2,0.15,zero_fill,8,5,0.5872167348861694,0,False,0.7285714285714285,0.34285714285714286,0.28125
13388,0,CF2,L2,0.15,zero_fill,6,3,0.8943555355072021,0,False,0.669260700389105,0.48638132295719844,0.48828125
9382,0,CF2,L2,0.15,zero_fill,0,6,0.5222862362861633,0,False,0.7472924187725631,0.4404332129963899,0.4765625
11878,0,CF2,L2,0.15,zero_fill,4,3,0.531731128692627,0,False,0.7252747252747253,0.6648351648351648,0.47265625
10774,0,CF2,L2,0.15,zero_fill,1,1,0.9960113763809204,1,False,0.6547619047619048,0.35119047619047616,0.23046875
2211,0,CF2,L2,0.15,zero_fill,4,4,0.8689778447151184,1,False,0.6,0.21025641025641026,0.16015625
22804,0,CF2,L2,0.15,zero_fill,1,2,0.6617010235786438,0,False,0.7051282051282052,1.0,0.609375
17903,0,CF2,L2,0.15,zero_fill,3,5,0.6920960545539856,0,False,0.6666666666666666,0.8553459119496856,0.53125
16889,0,CF2,L2,0.15,zero_fill,1,2,0.9896100759506226,0,False,0.580952380952381,0.35714285714285715,0.29296875
3013,0,CF2,L2,0.15,zero_fill,8,2,0.5033785700798035,0,False,0.5542168674698795,0.5783132530120482,0.375
19919,0,CF2,L2,0.15,zero_fill,8,7,0.8609642386436462,0,False,0.6387096774193548,0.3419354838709677,0.20703125
7911,0,CF2,L2,0.15,zero_fill,0,3,0.31753095984458923,0,False,0.49504950495049505,0.26732673267326734,0.2109375
6473,0,CF2,L2,0.15,zero_fill,5,5,0.7771861553192139,1,False,0.5882352941176471,0.19411764705882353,0.12890625
14963,0,CF2,L2,0.15,zero_fill,2,7,0.686705470085144,0,False,0.5976331360946746,0.23668639053254437,0.15625
3189,0,CF2,L2,0.15,zero_fill,3,2,0.5782989263534546,0,False,0.7090909090909091,0.8666666666666667,0.55859375
21433,0,CF2,L2,0.15,zero_fill,6,9,0.8609619736671448,0,False,0.7142857142857143,0.6857142857142857,0.5625
21534,0,CF2,L2,0.15,zero_fill,9,9,0.9125407934188843,1,False,0.45569620253164556,0.3037974683544304,0.1875
4378,0,CF2,L2,0.15,zero_fill,4,1,0.9931858777999878,0,False,0.7142857142857143,0.4924812030075188,0.51171875
4179,0,CF2,L2,0.15,zero_fill,3,8,0.7761384844779968,0,False,0.6951219512195121,0.5365853658536586,0.34375
20275,0,CF2,L2,0.15,zero_fill,7,2,0.5813132524490356,0,False,0.6533333333333333,0.6844444444444444,0.6015625
724,0,CF2,L2,0.15,zero_fill,4,1,0.4381455183029175,0,False,0.6052631578947368,0.32456140350877194,0.2890625
15532,0,CF2,L2,0.15,zero_fill,5,5,0.657943844795227,1,False,0.7302325581395349,0.7953488372093023,0.66796875
7808,0,CF2,L2,0.15,zero_fill,4,4,0.28177088499069214,1,False,0.6049382716049383,0.25925925925925924,0.1640625
3185,0,CF2,L2,0.15,zero_fill,7,7,0.5507290363311768,1,False,0.625,0.8214285714285714,0.5390625
8217,0,CF2,L2,0.15,zero_fill,5,5,0.9110120534896851,1,False,0.7088607594936709,0.24050632911392406,0.1484375
15284,0,CF2,L2,0.15,zero_fill,2,2,0.34353676438331604,1,False,0.6538461538461539,0.6634615384615384,0.5390625
2195,0,CF2,L2,0.15,zero_fill,1,2,0.6635985970497131,0,False,0.654320987654321,0.3168724279835391,0.30078125
21296,0,CF2,L2,0.15,zero_fill,0,8,0.3795837461948395,0,False,0.7252747252747253,0.32967032967032966,0.234375
14286,0,CF2,L2,0.15,zero_fill,3,3,0.9823450446128845,1,False,0.7652173913043478,0.2,0.1796875
4261,0,CF2,L2,0.15,zero_fill,0,7,0.5414541363716125,0,False,0.5106382978723404,0.2553191489361702,0.1875
24480,0,CF2,L2,0.15,zero_fill,2,2,0.9993788003921509,1,False,0.5961538461538461,0.46153846153846156,0.375
23581,0,CF2,L2,0.15,zero_fill,7,2,0.9996078610420227,0,False,0.6648648648648648,0.31891891891891894,0.23046875
24364,0,CF2,L2,0.15,zero_fill,7,5,0.4054582417011261,0,False,0.6524064171122995,0.6898395721925134,0.50390625
4259,0,CF2,L2,0.15,zero_fill,4,3,0.9431467056274414,0,False,0.689119170984456,0.38860103626943004,0.29296875
4323,0,CF2,L2,0.15,zero_fill,8,2,0.7730745077133179,0,False,0.6530612244897959,0.5663265306122449,0.43359375
26017,0,CF2,L2,0.15,zero_fill,2,2,0.9306899309158325,1,False,0.7213930348258707,0.572139303482587,0.44921875
4055,0,CF2,L2,0.15,zero_fill,9,9,0.47504645586013794,1,False,0.6363636363636364,0.38961038961038963,0.3515625
23968,0,CF2,L2,0.15,zero_fill,6,6,0.5153022408485413,1,False,0.509090909090909,0.6545454545454545,0.421875
4914,0,CF2,L2,0.15,zero_fill,2,7,0.6944442987442017,0,False,0.7333333333333333,1.0,0.76171875
17310,0,CF2,L2,0.15,zero_fill,7,7,0.559990644454956,1,False,0.6916299559471366,0.3964757709251101,0.3515625
14981,0,CF2,L2,0.15,zero_fill,2,6,0.7255694270133972,0,False,0.7455357142857143,0.4732142857142857,0.4140625
7511,0,CF2,L2,0.15,zero_fill,6,5,0.7910537719726562,0,False,0.6832579185520362,0.36199095022624433,0.3125
4136,0,CF2,L2,0.15,zero_fill,9,9,0.6325092315673828,1,False,0.6628571428571428,0.36,0.24609375
8043,0,CF2,L2,0.15,zero_fill,2,2,0.6992248296737671,1,False,0.6555555555555556,0.0,0.0
14360,0,CF2,L2,0.15,zero_fill,4,4,0.5322109460830688,1,False,0.5181818181818182,0.5136363636363637,0.44140625
6364,0,CF2,L2,0.15,zero_fill,0,9,0.3227269947528839,0,False,0.5771428571428572,0.30857142857142855,0.2109375
8827,0,CF2,L2,0.15,zero_fill,4,7,0.5575336813926697,0,False,0.6666666666666666,0.3782051282051282,0.23046875
24886,0,CF2,L2,0.15,zero_fill,9,9,0.37945786118507385,1,False,0.7159763313609467,0.6153846153846154,0.40625
21392,0,CF2,L2,0.15,zero_fill,2,2,0.9751119017601013,1,False,0.7268292682926829,0.5756097560975609,0.4609375
18654,0,CF2,L2,0.15,zero_fill,6,6,0.8102782964706421,1,False,0.5029239766081871,0.27485380116959063,0.18359375
21766,0,CF2,L2,0.15,zero_fill,1,5,0.44135934114456177,0,False,0.6024844720496895,0.5652173913043478,0.35546875
25433,0,CF2,L2,0.15,zero_fill,8,4,0.5012423396110535,0,False,0.7233201581027668,0.6719367588932806,0.6640625
10927,0,CF2,L2,0.15,zero_fill,8,8,0.5389906167984009,1,False,0.7083333333333334,0.23333333333333334,0.21875
14092,0,CF2,L2,0.15,zero_fill,6,6,0.8033985495567322,1,False,0.6326530612244898,0.34183673469387754,0.26171875
20936,0,CF2,L2,0.15,zero_fill,9,7,0.6484191417694092,0,False,0.6140350877192983,0.672514619883041,0.44921875
23711,0,CF2,L2,0.15,zero_fill,4,4,0.3508339524269104,1,False,0.6243654822335025,0.17766497461928935,0.13671875
19260,0,CF2,L2,0.15,zero_fill,7,8,0.38722604513168335,0,False,0.7921146953405018,0.27598566308243727,0.30078125
17360,0,CF2,L2,0.15,zero_fill,3,5,0.8838262557983398,0,False,0.6763485477178424,0.4730290456431535,0.4453125
965,0,CF2,L2,0.15,zero_fill,0,6,0.5706995129585266,0,False,0.7042801556420234,0.7003891050583657,0.703125
463,0,CF2,L2,0.15,zero_fill,6,3,0.3561514616012573,0,False,0.697508896797153,0.36298932384341637,0.3984375
8945,0,CF2,L2,0.15,zero_fill,6,6,0.8598095178604126,1,False,0.6354166666666666,0.2552083333333333,0.19140625
14090,0,CF2,L2,0.15,zero_fill,2,2,0.8001278042793274,1,False,0.6242424242424243,0.45454545454545453,0.29296875
8479,0,CF2,L2,0.15,zero_fill,9,3,0.9893637895584106,0,False,0.7090909090909091,0.8181818181818182,0.52734375
24477,0,CF2,L2,0.15,zero_fill,2,2,0.9634018540382385,1,False,0.5406698564593302,0.1674641148325359,0.13671875
8195,0,CF2,L2,0.15,zero_fill,0,0,0.6403031945228577,1,False,0.6698113207547169,0.30660377358490565,0.25390625
1773,0,CF2,L2,0.15,zero_fill,0,6,0.7958720326423645,0,False,0.7248677248677249,0.4973544973544973,0.3671875
11776,0,CF2,L2,0.15,zero_fill,2,9,0.31194132566452026,0,False,0.6638655462184874,0.542016806722689,0.50390625
3313,0,CF2,L2,0.15,zero_fill,6,6,0.9480268359184265,1,False,0.7222222222222222,0.2777777777777778,0.1953125
5424,0,CF2,L2,0.15,zero_fill,9,5,0.9821293950080872,0,False,0.7959183673469388,0.3979591836734694,0.3046875
19606,0,CF2,L2,0.15,zero_fill,2,1,0.40806254744529724,0,False,0.5477707006369427,0.12738853503184713,0.078125
10110,0,CF2,L2,0.15,zero_fill,9,7,0.4610184133052826,0,False,0.5671641791044776,0.5422885572139303,0.42578125
22872,0,CF2,L2,0.15,zero_fill,6,7,0.5226874947547913,0,False,0.7252747252747253,0.8571428571428571,0.609375
7573,0,CF2,L2,0.15,zero_fill,1,7,0.8721700310707092,0,False,0.6928838951310862,0.6067415730337079,0.6328125
7105,0,CF2,L2,0.15,zero_fill,3,3,0.307780921459198,1,False,0.7379912663755459,0.8034934497816594,0.71875
18854,0,CF2,L2,0.15,zero_fill,1,7,0.5486438274383545,0,False,0.5741935483870968,0.3870967741935484,0.234375
14576,0,CF2,L2,0.15,zero_fill,9,9,0.5379194021224976,1,False,0.6962025316455697,0.4430379746835443,0.546875
9376,0,CF2,L2,0.15,zero_fill,0,2,0.7218514084815979,0,False,0.6157635467980296,0.5665024630541872,0.44921875
20128,0,CF2,L2,0.15,zero_fill,8,5,0.5289729237556458,0,False,0.6450511945392492,0.46075085324232085,0.52734375
24854,0,CF2,L2,0.15,zero_fill,9,9,0.9936267137527466,1,False,0.7100591715976331,0.5207100591715976,0.34375
4937,0,CF2,L2,0.15,zero_fill,2,2,0.7147059440612793,1,False,0.6233766233766234,0.7792207792207793,0.46875
338,0,CF2,L2,0.15,zero_fill,3,2,0.5098938941955566,0,False,0.7065217391304348,0.6521739130434783,0.46875
9981,0,CF2,L2,0.15,zero_fill,3,3,0.6553533673286438,1,False,0.6781609195402298,0.13793103448275862,0.09375
6665,0,CF2,L2,0.15,zero_fill,8,8,0.721756100654602,1,False,0.5529411764705883,0.4117647058823529,0.2734375
6704,0,CF2,L2,0.15,zero_fill,0,7,0.8652941584587097,0,False,0.7857142857142857,0.3956043956043956,0.28125
23255,0,CF2,L2,0.15,zero_fill,2,2,0.8677133917808533,1,False,0.7740585774058577,0.4811715481171548,0.44921875
5355,0,CF2,L2,0.15,zero_fill,5,5,0.9552997946739197,1,False,0.6222222222222222,0.38333333333333336,0.26953125
22422,0,CF2,L2,0.15,zero_fill,1,7,0.24510608613491058,0,False,0.6338028169014085,0.5774647887323944,0.48046875
7367,0,CF2,L2,0.15,zero_fill,9,2,0.47909218072891235,0,False,0.7393162393162394,0.7692307692307693,0.703125
13489,0,CF2,L2,0.15,zero_fill,7,5,0.32669681310653687,0,False,0.7338129496402878,0.5755395683453237,0.625
20955,0,CF2,L2,0.15,zero_fill,7,7,0.7212940454483032,1,False,0.5974025974025974,0.2987012987012987,0.1796875
25439,0,CF2,L2,0.15,zero_fill,9,9,0.994523286819458,1,False,0.6140350877192983,0.05263157894736842,0.03515625
12711,0,CF2,L2,0.15,zero_fill,8,4,0.4658619165420532,0,False,0.5811965811965812,0.5470085470085471,0.5
7671,0,CF2,L2,0.15,zero_fill,6,4,0.9508647918701172,0,False,0.6049382716049383,0.30864197530864196,0.1953125
20420,0,CF2,L2,0.15,zero_fill,8,1,0.7175918817520142,0,False,0.7012987012987013,0.45454545454545453,0.2734375
12630,0,CF2,L2,0.15,zero_fill,2,7,0.7025547623634338,0,False,0.8,0.38461538461538464,0.29296875
21394,0,CF2,L2,0.15,zero_fill,1,2,0.23432889580726624,0,False,0.6838709677419355,0.5806451612903226,0.3515625
7095,0,CF2,L2,0.15,zero_fill,1,1,0.7685097455978394,1,False,0.6043956043956044,0.4065934065934066,0.2890625
11532,0,CF2,L2,0.15,zero_fill,9,2,0.534146785736084,0,False,0.6949152542372882,0.5706214689265536,0.39453125
2853,0,CF2,L2,0.15,zero_fill,3,4,0.5618525743484497,0,False,0.7003257328990228,0.44299674267100975,0.53125
13487,0,CF2,L2,0.15,zero_fill,0,6,0.9866325855255127,0,False,0.7333333333333333,0.6666666666666666,0.5078125
9350,0,CF2,L2,0.15,zero_fill,9,2,0.46309247612953186,0,False,0.6963350785340314,0.4607329842931937,0.34375
24164,0,CF2,L2,0.15,zero_fill,4,4,0.9445512890815735,1,False,0.45549738219895286,0.2931937172774869,0.21875
23155,0,CF2,L2,0.15,zero_fill,7,7,0.8613221645355225,1,False,0.7222222222222222,0.5,0.3515625
1588,0,CF2,L2,0.15,zero_fill,8,7,0.38096919655799866,0,False,0.5340909090909091,0.6818181818181818,0.46875
5400,0,CF2,L2,0.15,zero_fill,5,3,0.31326380372047424,0,False,0.6129032258064516,0.49032258064516127,0.296875
8913,0,CF2,L2,0.15,zero_fill,6,5,0.4961780309677124,0,False,0.7619047619047619,0.2857142857142857,0.1875
4990,0,CF2,L2,0.15,zero_fill,8,2,0.2993561029434204,0,False,0.6918604651162791,0.4069767441860465,0.2734375
13364,0,CF2,L2,0.15,zero_fill,7,7,0.8050863146781921,1,False,0.6574585635359116,0.6850828729281768,0.484375
1157,0,CF2,L2,0.15,zero_fill,1,7,0.8167470693588257,0,False,0.6575342465753424,0.4885844748858447,0.41796875
19432,0,CF2,L2,0.15,zero_fill,6,5,0.658044695854187,0,False,0.6451612903225806,0.5161290322580645,0.3125
24861,0,CF2,L2,0.15,zero_fill,1,7,0.42683345079421997,0,False,0.6684782608695652,0.717391304347826,0.515625
16303,0,CF2,L2,0.15,zero_fill,0,2,0.3918609917163849,0,False,0.7029702970297029,0.38943894389438943,0.4609375
23675,0,CF2,L2,0.15,zero_fill,1,1,0.9998643398284912,1,False,0.7142857142857143,0.2916666666666667,0.19140625
10816,0,CF2,L2,0.15,zero_fill,5,5,0.25101548433303833,1,False,0.6,0.5454545454545454,0.3515625
25683,0,CF2,L2,0.15,zero_fill,7,4,0.6195468306541443,0,False,0.5858585858585859,0.6212121212121212,0.48046875
6680,0,CF2,L2,0.15,zero_fill,7,3,0.6034570932388306,0,False,0.6448598130841121,0.2616822429906542,0.21875
15541,0,CF2,L2,0.15,zero_fill,1,1,0.7560369968414307,1,False,0.6555555555555556,0.26666666666666666,0.1875
129,0,CF2,L2,0.15,zero_fill,9,7,0.5222373604774475,0,False,0.6460176991150443,0.6902654867256637,0.609375
10977,0,CF2,L2,0.15,zero_fill,5,7,0.5100796818733215,0,False,0.7413793103448276,0.7672413793103449,0.6953125
7518,0,CF2,L2,0.15,zero_fill,5,5,0.41335490345954895,1,False,0.7222222222222222,0.6666666666666666,0.46875
15350,0,CF2,L2,0.15,zero_fill,0,0,0.5923265814781189,1,False,0.5301204819277109,0.25903614457831325,0.16796875
4712,0,CF2,L2,0.15,zero_fill,2,2,0.9757852554321289,1,False,0.6790123456790124,0.5308641975308642,0.3359375
3234,0,CF2,L2,0.15,zero_fill,1,4,0.42391422390937805,0,False,0.5865921787709497,0.6424581005586593,0.44921875
21292,0,CF2,L2,0.15,zero_fill,8,7,0.9959502220153809,0,False,0.7545787545787546,0.7289377289377289,0.77734375
6439,0,CF2,L2,0.15,zero_fill,6,3,0.9556218385696411,0,False,0.6081871345029239,0.49122807017543857,0.328125
16930,0,CF2,L2,0.15,zero_fill,4,3,0.4955237805843353,0,False,0.5454545454545454,0.564935064935065,0.33984375
25255,0,CF2,L2,0.15,zero_fill,6,7,0.6523492932319641,0,False,0.7596153846153846,0.21153846153846154,0.171875
5562,0,CF2,L2,0.15,zero_fill,6,6,0.6024659276008606,1,False,0.7012987012987013,0.525974025974026,0.31640625
20888,0,CF2,L2,0.15,zero_fill,6,7,0.552367627620697,0,False,0.6549019607843137,0.7176470588235294,0.71484375
17907,0,CF2,L2,0.15,zero_fill,0,9,0.30073097348213196,0,False,0.6354679802955665,0.625615763546798,0.49609375
15282,0,CF2,L2,0.15,zero_fill,5,3,0.5950206518173218,0,False,0.6036866359447005,0.17972350230414746,0.15234375
9564,0,CF2,L2,0.15,zero_fill,5,2,0.9906298518180847,0,False,0.6338028169014085,0.5446009389671361,0.453125
2105,0,CF2,L2,0.15,zero_fill,5,8,0.6989702582359314,0,False,0.7326732673267327,0.4900990099009901,0.38671875
2188,0,CF2,L2,0.15,zero_fill,5,5,0.6923691034317017,1,False,0.5508982035928144,0.41916167664670656,0.2734375
10587,0,CF2,L2,0.15,zero_fill,9,9,0.5905252695083618,1,False,0.6417112299465241,0.44385026737967914,0.32421875
20421,0,CF2,L2,0.15,zero_fill,8,9,0.30178025364875793,0,False,0.719626168224299,0.7897196261682243,0.66015625
23070,0,CF2,L2,0.15,zero_fill,0,9,0.534476637840271,0,False,0.7051282051282052,0.5128205128205128,0.3125
19127,0,CF2,L2,0.15,zero_fill,6,6,0.9742130041122437,1,False,0.5757575757575758,0.509090909090909,0.328125
7302,0,CF2,L2,0.15,zero_fill,3,3,0.9754729866981506,1,False,0.6633663366336634,0.37623762376237624,0.296875
8409,0,CF2,L2,0.15,zero_fill,4,4,0.912635326385498,1,False,0.5851063829787234,0.7021276595744681,0.515625
11086,0,CF2,L2,0.15,zero_fill,7,5,0.9531732201576233,0,False,0.5900621118012422,0.5527950310559007,0.34765625
17122,0,CF2,L2,0.15,zero_fill,5,5,0.9149636030197144,1,False,0.634703196347032,0.5570776255707762,0.4765625
3555,0,CF2,L2,0.15,zero_fill,2,2,0.9298492670059204,1,False,0.7017543859649122,0.9122807017543859,0.609375
19437,0,CF2,L2,0.15,zero_fill,4,9,0.4863308370113373,0,False,0.6729559748427673,0.8427672955974843,0.5234375
594,0,CF2,L2,0.15,zero_fill,9,6,0.7419740557670593,0,False,0.6125,0.7875,0.4921875
21863,0,CF2,L2,0.15,zero_fill,3,5,0.5945904850959778,0,False,0.7432950191570882,0.6206896551724138,0.6328125
19765,0,CF2,L2,0.15,zero_fill,5,5,0.3941497504711151,1,False,0.7387387387387387,0.7657657657657657,0.6640625
16909,0,CF2,L2,0.15,zero_fill,2,2,0.8955428600311279,1,False,0.5555555555555556,0.047619047619047616,0.03515625
21154,0,CF2,L2,0.15,zero_fill,7,3,0.34631407260894775,0,False,0.6666666666666666,0.3163841807909605,0.21875
18615,0,CF2,L2,0.15,zero_fill,7,1,0.38291099667549133,0,False,0.6654545454545454,0.31636363636363635,0.33984375
18171,0,CF2,L2,0.15,zero_fill,7,3,0.661122739315033,0,False,0.7358490566037735,0.4981132075471698,0.515625
24434,0,CF2,L2,0.15,zero_fill,5,6,0.6776793003082275,0,False,0.7222222222222222,0.5055555555555555,0.35546875
9664,0,CF2,L2,0.15,zero_fill,0,0,0.6109035611152649,1,False,0.7055555555555556,0.48333333333333334,0.33984375
2013,0,CF2,L2,0.15,zero_fill,5,5,0.9561133980751038,1,False,0.6256684491978609,0.16042780748663102,0.1171875
13537,0,CF2,L2,0.15,zero_fill,4,4,0.9194988012313843,1,False,0.6747967479674797,0.24796747967479674,0.23828125
23942,0,CF2,L2,0.15,zero_fill,9,9,0.468794047832489,1,False,0.6038961038961039,0.42857142857142855,0.2578125
12415,0,CF2,L2,0.15,zero_fill,4,4,0.8182476162910461,1,False,0.6771300448430493,0.6188340807174888,0.5390625
13735,0,CF2,L2,0.15,zero_fill,0,9,0.46138399839401245,0,False,0.7333333333333333,0.36923076923076925,0.28125
6873,0,CF2,L2,0.15,zero_fill,1,4,0.9215897917747498,0,False,0.625,0.31451612903225806,0.3046875
16233,0,CF2,L2,0.15,zero_fill,2,2,0.5864547491073608,1,False,0.7333333333333333,0.9333333333333333,0.7109375
13108,0,CF2,L2,0.15,zero_fill,5,7,0.3170989155769348,0,False,0.7222222222222222,0.9333333333333333,0.65625
18114,0,CF2,L2,0.15,zero_fill,7,3,0.4398316740989685,0,False,0.59375,0.671875,0.50390625
25318,0,CF2,L2,0.15,zero_fill,0,1,0.4160386919975281,0,False,0.6228571428571429,0.48,0.328125
22387,0,CF2,L2,0.15,zero_fill,7,2,0.22274065017700195,0,False,0.6872037914691943,0.6729857819905213,0.5546875
19911,0,CF2,L2,0.15,zero_fill,7,7,0.9711583852767944,1,False,0.7247191011235955,0.9157303370786517,0.63671875
9953,0,CF2,L2,0.15,zero_fill,2,2,0.8919294476509094,1,False,0.6476190476190476,0.3238095238095238,0.265625
18500,0,CF2,L2,0.15,zero_fill,1,3,0.6133463978767395,0,False,0.6126126126126126,0.3783783783783784,0.328125
12463,0,CF2,L2,0.15,zero_fill,2,4,0.7961405515670776,0,False,0.753125,0.4,0.5
12143,0,CF2,L2,0.15,zero_fill,8,9,0.5908616185188293,0,False,0.7605633802816901,0.5070422535211268,0.5625
14588,0,CF2,L2,0.15,zero_fill,8,2,0.5834068059921265,0,False,0.6273291925465838,0.8509316770186336,0.53515625
22152,0,CF2,L2,0.15,zero_fill,2,8,0.47087398171424866,0,False,0.7095588235294118,0.41911764705882354,0.4453125
16563,0,CF2,L2,0.15,zero_fill,4,7,0.23840220272541046,0,False,0.6692913385826772,0.5787401574803149,0.57421875
25225,0,CF2,L2,0.15,zero_fill,9,9,0.7826462388038635,1,False,0.6831683168316832,0.4504950495049505,0.35546875
1161,0,CF2,L2,0.15,zero_fill,2,8,0.532092809677124,0,False,0.6208791208791209,0.2802197802197802,0.19921875
9891,0,CF2,L2,0.15,zero_fill,5,3,0.8443289995193481,0,False,0.5568181818181818,0.3352272727272727,0.23046875
18833,0,CF2,L2,0.15,zero_fill,2,3,0.4641503691673279,0,False,0.5444444444444444,0.5333333333333333,0.375
6162,0,CF2,L2,0.15,zero_fill,2,2,0.9913966059684753,1,False,0.6666666666666666,0.8679245283018868,0.5390625
22638,0,CF2,L2,0.15,zero_fill,0,0,0.34040191769599915,1,False,0.7428571428571429,0.7142857142857143,0.5859375
6112,0,CF2,L2,0.15,zero_fill,6,7,0.9846550226211548,0,False,0.7239057239057239,0.4444444444444444,0.515625
24259,0,CF2,L2,0.15,zero_fill,9,2,0.9611599445343018,0,False,0.5721153846153846,0.15865384615384615,0.12890625
18029,0,CF2,L2,0.15,zero_fill,2,2,0.3411622643470764,1,False,0.6149732620320856,0.8021390374331551,0.5859375
13233,0,CF2,L2,0.15,zero_fill,0,3,0.8131539225578308,0,False,0.6255144032921811,0.205761316872428,0.1953125
22560,0,CF2,L2,0.15,zero_fill,3,2,0.7387326955795288,0,False,0.5638297872340425,0.3776595744680851,0.27734375
17100,0,CF2,L2,0.15,zero_fill,7,7,0.829060971736908,1,False,0.5862068965517241,0.1206896551724138,0.08203125
13394,0,CF2,L2,0.15,zero_fill,7,7,0.9141652584075928,1,False,0.6645569620253164,0.6835443037974683,0.421875
25173,0,CF2,L2,0.15,zero_fill,3,7,0.5683954954147339,0,False,0.8,0.43333333333333335,0.35546875
17342,0,CF2,L2,0.15,zero_fill,4,4,0.6561347246170044,1,False,0.5934065934065934,0.21978021978021978,0.15625
5881,0,CF2,L2,0.15,zero_fill,1,7,0.7294129133224487,0,False,0.6391752577319587,0.44329896907216493,0.3359375
16982,0,CF2,L2,0.15,zero_fill,3,6,0.5449227690696716,0,False,0.544973544973545,0.49206349206349204,0.36328125
12959,0,CF2,L2,0.15,zero_fill,2,2,0.6870945692062378,1,False,0.7142857142857143,0.5714285714285714,0.375
3410,0,CF2,L2,0.15,zero_fill,2,2,0.9960237741470337,1,False,0.6976744186046512,0.8546511627906976,0.57421875
1939,0,CF2,L2,0.15,zero_fill,2,2,0.6410481333732605,1,False,0.6260869565217392,0.4956521739130435,0.4453125
13563,0,CF2,L2,0.15,zero_fill,4,3,0.9402197003364563,0,False,0.7127659574468085,0.7553191489361702,0.5546875
9659,0,CF2,L2,0.15,zero_fill,4,1,0.9809440970420837,0,False,0.6071428571428571,0.31547619047619047,0.20703125
23588,0,CF2,L2,0.15,zero_fill,9,9,0.3094448149204254,1,False,0.7142857142857143,0.5892857142857143,0.515625
12156,0,CF2,L2,0.15,zero_fill,9,2,0.9380917549133301,0,False,0.6,0.30303030303030304,0.1953125
24790,0,CF2,L2,0.15,zero_fill,4,7,0.7962307929992676,0,False,0.6123595505617978,0.4101123595505618,0.28515625
894,0,CF2,L2,0.15,zero_fill,8,6,0.8770986795425415,0,False,0.6551724137931034,0.6551724137931034,0.4453125
13738,0,CF2,L2,0.15,zero_fill,7,7,0.9972705245018005,1,False,0.7421383647798742,0.11320754716981132,0.0703125
20555,0,CF2,L2,0.15,zero_fill,5,7,0.4446512460708618,0,False,0.6486486486486487,0.5225225225225225,0.453125
20457,0,CF2,L2,0.15,zero_fill,3,5,0.4341868460178375,0,False,0.693950177935943,0.6797153024911032,0.74609375
24842,0,CF2,L2,0.15,zero_fill,3,5,0.7504392266273499,0,False,0.6294117647058823,0.5235294117647059,0.34765625
11390,0,CF2,L2,0.15,zero_fill,9,5,0.8921847343444824,0,False,0.6842105263157895,0.4449760765550239,0.36328125
2665,0,CF2,L2,0.15,zero_fill,9,3,0.690994918346405,0,False,0.5652173913043478,0.08695652173913043,0.0625
24741,0,CF2,L2,0.15,zero_fill,8,7,0.6225504279136658,0,False,0.6325757575757576,0.4393939393939394,0.453125
17634,0,CF2,L2,0.15,zero_fill,8,3,0.4331549108028412,0,False,0.5515151515151515,0.13333333333333333,0.0859375
16599,0,CF2,L2,0.15,zero_fill,1,2,0.43144363164901733,0,False,0.6067415730337079,0.6853932584269663,0.4765625
19330,0,CF2,L2,0.15,zero_fill,7,7,0.879872739315033,1,False,0.6927374301675978,0.11731843575418995,0.08203125
3257,0,CF2,L2,0.15,zero_fill,1,2,0.9534334540367126,0,False,0.6180904522613065,0.6381909547738693,0.49609375
1114,0,CF2,L2,0.15,zero_fill,9,2,0.9547356367111206,0,False,0.5914634146341463,0.5426829268292683,0.34765625
11738,0,CF2,L2,0.15,zero_fill,8,1,0.2927756607532501,0,False,0.7051282051282052,0.3076923076923077,0.1875
13077,0,CF2,L2,0.15,zero_fill,8,8,0.9904497265815735,1,False,0.7346938775510204,0.5510204081632653,0.421875
5168,0,CF2,L2,0.15,zero_fill,3,6,0.28248828649520874,0,False,0.7252747252747253,0.43956043956043955,0.3125
26013,0,CF2,L2,0.15,zero_fill,8,8,0.6749151349067688,1,False,0.7218934911242604,0.28402366863905326,0.1875
5611,0,CF2,L2,0.15,zero_fill,7,3,0.6899669766426086,0,False,0.6816326530612244,0.39591836734693875,0.37890625
9389,0,CF2,L2,0.15,zero_fill,6,7,0.3315143585205078,0,False,0.7051282051282052,0.6282051282051282,0.765625
25070,0,CF2,L2,0.15,zero_fill,2,3,0.9120393991470337,0,False,0.7387755102040816,0.49387755102040815,0.47265625
11322,0,CF2,L2,0.15,zero_fill,8,8,0.2808169722557068,1,False,0.6600790513833992,0.6324110671936759,0.625
3051,0,CF2,L2,0.15,zero_fill,0,5,0.2654569447040558,0,False,0.5974842767295597,0.24528301886792453,0.15234375
18770,0,CF2,L2,0.15,zero_fill,4,7,0.8184462189674377,0,False,0.6255707762557078,0.3424657534246575,0.29296875
14692,0,CF2,L2,0.15,zero_fill,2,1,0.9100587964057922,0,False,0.5443037974683544,0.2911392405063291,0.1796875
4561,0,CF2,L2,0.15,zero_fill,5,9,0.8053410053253174,0,False,0.7252747252747253,0.6043956043956044,0.4296875
16994,0,CF2,L2,0.15,zero_fill,0,0,0.7691449522972107,1,False,0.8047619047619048,0.2857142857142857,0.234375
4156,0,CF2,L2,0.15,zero_fill,5,2,0.47785723209381104,0,False,0.6809338521400778,0.4046692607003891,0.40625
5884,0,CF2,L2,0.15,zero_fill,1,2,0.8840867877006531,0,False,0.7428571428571429,0.34285714285714286,0.28125
18233,0,CF2,L2,0.15,zero_fill,0,6,0.7923757433891296,0,False,0.7142857142857143,0.42857142857142855,0.28125
17044,0,CF2,L2,0.15,zero_fill,6,6,0.8242847323417664,1,False,0.5828877005347594,0.29411764705882354,0.21484375
18857,0,CF2,L2,0.15,zero_fill,6,6,0.6215735673904419,1,False,0.5373831775700935,0.3177570093457944,0.265625
21917,0,CF2,L2,0.15,zero_fill,9,1,0.3742358982563019,0,False,0.6408163265306123,0.22040816326530613,0.2109375
5054,0,CF2,L2,0.15,zero_fill,3,9,0.7240216732025146,0,False,0.6795580110497238,0.8011049723756906,0.56640625
7882,0,CF2,L2,0.15,zero_fill,4,1,0.7557657361030579,0,False,0.7142857142857143,0.42857142857142855,0.28125
15688,0,CF2,L2,0.15,zero_fill,4,3,0.6448925137519836,0,False,0.6335078534031413,0.2670157068062827,0.19921875
5612,0,CF2,L2,0.15,zero_fill,8,8,0.8345850706100464,1,False,0.5471698113207547,0.3836477987421384,0.23828125
13934,0,CF2,L2,0.15,zero_fill,9,9,0.7701120376586914,1,False,0.6288659793814433,0.37628865979381443,0.28515625
16689,0,CF2,L2,0.15,zero_fill,2,8,0.5292033553123474,0,False,0.7222222222222222,0.36666666666666664,0.2578125
23844,0,CF2,L2,0.15,zero_fill,6,8,0.731636106967926,0,False,0.7428571428571429,0.41904761904761906,0.34375
7944,0,CF2,L2,0.15,zero_fill,7,7,0.6639586687088013,1,False,0.7751004016064257,0.321285140562249,0.3125
11370,0,CF2,L2,0.15,zero_fill,8,1,0.4282642602920532,0,False,0.7125382262996942,0.581039755351682,0.7421875
24569,0,CF2,L2,0.15,zero_fill,1,3,0.7269928455352783,0,False,0.6419213973799127,0.26200873362445415,0.234375
7529,0,CF2,L2,0.15,zero_fill,5,5,0.32501089572906494,1,False,0.7333333333333333,0.5641025641025641,0.4296875
5092,0,CF2,L2,0.15,zero_fill,2,2,0.9645660519599915,1,False,0.620253164556962,0.6012658227848101,0.37109375
20673,0,CF2,L2,0.15,zero_fill,2,2,0.9970927238464355,1,False,0.6310679611650486,0.39805825242718446,0.3203125
10096,0,CF2,L2,0.15,zero_fill,7,1,0.4691794216632843,0,False,0.663768115942029,0.34492753623188405,0.46484375
2059,0,CF2,L2,0.15,zero_fill,3,3,0.48414331674575806,1,False,0.7068965517241379,0.7198275862068966,0.65234375
19318,0,CF2,L2,0.15,zero_fill,0,7,0.9319018721580505,0,False,0.5742574257425742,0.297029702970297,0.234375
12977,0,CF2,L2,0.15,zero_fill,8,2,0.6843104958534241,0,False,0.76,0.528,0.515625
17673,0,CF2,L2,0.15,zero_fill,0,1,0.34574973583221436,0,False,0.6820809248554913,0.44508670520231214,0.6015625
18750,0,CF2,L2,0.15,zero_fill,0,3,0.5618190765380859,0,False,0.6790123456790124,0.3333333333333333,0.2109375
16728,0,CF2,L2,0.15,zero_fill,3,2,0.7247614860534668,0,False,0.7333333333333333,0.6,0.45703125
14776,0,CF2,L2,0.15,zero_fill,8,6,0.9139865636825562,0,False,0.7246963562753036,0.291497975708502,0.28125
6941,0,CF2,L2,0.15,zero_fill,9,8,0.413081556558609,0,False,0.6363636363636364,0.3434343434343434,0.265625
16787,0,CF2,L2,0.15,zero_fill,6,6,0.9651525616645813,1,False,0.7252747252747253,0.7692307692307693,0.546875
25932,0,CF2,L2,0.15,zero_fill,5,3,0.8425142765045166,0,False,0.5310734463276836,0.3785310734463277,0.26171875
614,0,CF2,L2,0.15,zero_fill,0,6,0.8173313140869141,0,False,0.6349809885931559,0.38022813688212925,0.390625
25690,0,CF2,L2,0.15,zero_fill,5,5,0.5045349597930908,1,False,0.5846994535519126,0.13114754098360656,0.09375
25968,0,CF2,L2,0.15,zero_fill,5,5,0.8925555944442749,1,False,0.544973544973545,0.0,0.0
20123,0,CF2,L2,0.15,zero_fill,3,8,0.936860978603363,0,False,0.6084656084656085,0.4708994708994709,0.34765625
13341,0,CF2,L2,0.15,zero_fill,5,6,0.5229833722114563,0,False,0.7222222222222222,0.6,0.421875
24697,0,CF2,L2,0.15,zero_fill,4,7,0.9195500016212463,0,False,0.7149321266968326,0.6108597285067874,0.52734375
15157,0,CF2,L2,0.15,zero_fill,6,6,0.6097312569618225,1,False,0.7012987012987013,0.4090909090909091,0.24609375
23115,0,CF2,L2,0.15,zero_fill,1,3,0.7110172510147095,0,False,0.8502415458937198,0.23671497584541062,0.19140625
6396,0,CF2,L2,0.15,zero_fill,0,9,0.5444682240486145,0,False,0.5340909090909091,0.48863636363636365,0.3359375
19142,0,CF2,L2,0.15,zero_fill,4,6,0.4098780155181885,0,False,0.6324324324324324,0.43783783783783786,0.31640625
13157,0,CF2,L2,0.15,zero_fill,3,6,0.667963981628418,0,False,0.6536964980544747,0.5486381322957199,0.55078125
19866,0,CF2,L2,0.15,zero_fill,1,1,0.9495556354522705,1,False,0.7346938775510204,0.5,0.3828125
25996,0,CF2,L2,0.15,zero_fill,8,3,0.34207409620285034,0,False,0.7075471698113207,0.7264150943396226,0.6015625
25515,0,CF2,L2,0.15,zero_fill,7,3,0.864111602306366,0,False,0.7383966244725738,0.7172995780590717,0.6640625
12876,0,CF2,L2,0.15,zero_fill,0,1,0.7569078207015991,0,False,0.625,0.3068181818181818,0.2109375
17565,0,CF2,L2,0.15,zero_fill,6,6,0.9361847043037415,1,False,0.656441717791411,0.5398773006134969,0.34375
17511,0,CF2,L2,0.15,zero_fill,4,1,0.3690938651561737,0,False,0.7222222222222222,0.5,0.3515625
19996,0,CF2,L2,0.15,zero_fill,0,9,0.672101616859436,0,False,0.6463414634146342,0.36585365853658536,0.3515625
12807,0,CF2,L2,0.15,zero_fill,1,1,0.2386619597673416,1,False,0.616580310880829,0.5544041450777202,0.41796875
11001,0,CF2,L2,0.15,zero_fill,9,7,0.6149576902389526,0,False,0.7410714285714286,0.3125,0.2734375
13107,0,CF2,L2,0.15,zero_fill,0,8,0.5891239047050476,0,False,0.7018633540372671,0.4472049689440994,0.28125
12641,0,CF2,L2,0.15,zero_fill,6,6,0.9257175326347351,1,False,0.7012987012987013,0.6428571428571429,0.38671875
22667,0,CF2,L2,0.15,zero_fill,5,5,0.9969984292984009,1,False,0.6859903381642513,0.14492753623188406,0.1171875
7310,0,CF2,L2,0.15,zero_fill,7,2,0.9432178735733032,0,False,0.628140703517588,0.592964824120603,0.4609375
764,0,CF2,L2,0.15,zero_fill,1,7,0.8278711438179016,0,False,0.5460122699386503,0.588957055214724,0.375
14813,0,CF2,L2,0.15,zero_fill,4,6,0.4101184904575348,0,False,0.6917562724014337,0.4731182795698925,0.515625
7132,0,CF2,L2,0.15,zero_fill,2,2,0.9831517934799194,1,False,0.7222222222222222,0.43333333333333335,0.3046875
23884,0,CF2,L2,0.15,zero_fill,1,5,0.4186706840991974,0,False,0.7428571428571429,0.8,0.65625
22735,0,CF2,L2,0.15,zero_fill,8,2,0.4378644526004791,0,False,0.6094674556213018,0.5029585798816568,0.33203125
12483,0,CF2,L2,0.15,zero_fill,2,2,0.4886932373046875,1,False,0.6666666666666666,0.7047619047619048,0.578125
10442,0,CF2,L2,0.15,zero_fill,6,3,0.2540629506111145,0,False,0.7959183673469388,0.3673469387755102,0.28125
3733,0,CF2,L2,0.15,zero_fill,8,8,0.8424822688102722,1,False,0.6792452830188679,0.4811320754716981,0.3984375
20089,0,CF2,L2,0.15,zero_fill,4,7,0.35390186309814453,0,False,0.7431192660550459,0.5229357798165137,0.4453125
20411,0,CF2,L2,0.15,zero_fill,4,2,0.9673773646354675,0,False,0.5531914893617021,0.3404255319148936,0.25
10695,0,CF2,L2,0.15,zero_fill,4,1,0.5120168328285217,0,False,0.7252747252747253,0.43956043956043955,0.3125
11992,0,CF2,L2,0.15,zero_fill,2,2,0.9945539236068726,1,False,0.6991869918699187,0.3008130081300813,0.2890625
20712,0,CF2,L2,0.15,zero_fill,7,1,0.34611669182777405,0,False,0.6228571428571429,0.19428571428571428,0.1328125
6518,0,CF2,L2,0.15,zero_fill,8,3,0.9989615678787231,0,False,0.66,0.49,0.3828125
6015,0,CF2,L2,0.15,zero_fill,9,3,0.7031073570251465,0,False,0.6728971962616822,0.780373831775701,0.65234375
8396,0,CF2,L2,0.15,zero_fill,5,6,0.4895247519016266,0,False,0.5943396226415094,0.33962264150943394,0.28125
12097,0,CF2,L2,0.15,zero_fill,9,2,0.9679526686668396,0,False,0.631336405529954,0.3225806451612903,0.2734375
12565,0,CF2,L2,0.15,zero_fill,2,7,0.434563547372818,0,False,0.7583333333333333,0.5,0.46875
22474,0,CF2,L2,0.15,zero_fill,4,1,0.9422105550765991,0,False,0.5953757225433526,0.44508670520231214,0.30078125
25110,0,CF2,L2,0.15,zero_fill,9,9,0.8826454877853394,1,False,0.6230769230769231,0.2153846153846154,0.21875
8275,0,CF2,L2,0.15,zero_fill,8,8,0.35732439160346985,1,False,0.6035502958579881,0.5207100591715976,0.34375
3871,0,CF2,L2,0.15,zero_fill,1,7,0.5055204629898071,0,False,0.6476190476190476,0.6571428571428571,0.5390625
24639,0,CF2,L2,0.15,zero_fill,2,2,0.6026371717453003,1,False,0.7428571428571429,0.8666666666666667,0.7109375
15979,0,CF2,L2,0.15,zero_fill,3,5,0.30999326705932617,0,False,0.5857988165680473,0.591715976331361,0.390625
24513,0,CF2,L2,0.15,zero_fill,6,6,0.9696862101554871,1,False,0.7428571428571429,0.5,0.41015625
10926,0,CF2,L2,0.15,zero_fill,7,5,0.3630135953426361,0,False,0.5104166666666666,0.3802083333333333,0.28515625
25564,0,CF2,L2,0.15,zero_fill,0,2,0.5468806028366089,0,False,0.7052631578947368,0.6157894736842106,0.45703125
2118,0,CF2,L2,0.15,zero_fill,0,6,0.8530722856521606,0,False,0.525,0.18125,0.11328125
4358,0,CF2,L2,0.15,zero_fill,9,7,0.437027245759964,0,False,0.6145833333333334,0.65625,0.4921875
5674,0,CF2,L2,0.15,zero_fill,8,3,0.5220685005187988,0,False,0.6481481481481481,0.2716049382716049,0.171875
3397,0,CF2,L2,0.15,zero_fill,7,5,0.29807740449905396,0,False,0.6582278481012658,0.759493670886076,0.46875
5183,0,CF2,L2,0.15,zero_fill,7,3,0.34460097551345825,0,False,0.7037037037037037,0.8888888888888888,0.5625
7505,0,CF2,L2,0.15,zero_fill,9,7,0.538977861404419,0,False,0.7316017316017316,0.8181818181818182,0.73828125
17539,0,CF2,L2,0.15,zero_fill,0,5,0.736490786075592,0,False,0.6114285714285714,0.7085714285714285,0.484375
23918,0,CF2,L2,0.15,zero_fill,6,5,0.7193852663040161,0,False,0.5632183908045977,0.3563218390804598,0.2421875
19449,0,CF2,L2,0.15,zero_fill,2,2,0.9993451237678528,1,False,0.6149068322981367,0.2236024844720497,0.140625
18599,0,CF2,L2,0.15,zero_fill,3,3,0.4789297580718994,1,False,0.7090909090909091,0.4909090909090909,0.31640625
8175,0,CF2,L2,0.15,zero_fill,8,3,0.640213668346405,0,False,0.5952380952380952,0.5714285714285714,0.375
18412,0,CF2,L2,0.15,zero_fill,7,7,0.6777022480964661,1,False,0.7636363636363637,0.4666666666666667,0.30078125
20667,0,CF2,L2,0.15,zero_fill,1,3,0.5383654236793518,0,False,0.6,0.611764705882353,0.40625
8672,0,CF2,L2,0.15,zero_fill,9,4,0.8855994343757629,0,False,0.6444444444444445,0.26666666666666666,0.1875
22087,0,CF2,L2,0.15,zero_fill,1,1,0.9804393649101257,1,False,0.68,0.56,0.3828125
6910,0,CF2,L2,0.15,zero_fill,2,2,0.9912524819374084,1,False,0.7012987012987013,0.5,0.30078125
19205,0,CF2,L2,0.15,zero_fill,3,3,0.9597395062446594,1,False,0.6446700507614214,0.38578680203045684,0.296875
10581,0,CF2,L2,0.15,zero_fill,3,1,0.27276498079299927,0,False,0.7156862745098039,0.7254901960784313,0.578125
14516,0,CF2,L2,0.15,zero_fill,4,3,0.32077571749687195,0,False,0.7491525423728813,0.559322033898305,0.64453125
22602,0,CF2,L2,0.15,zero_fill,4,4,0.7324098348617554,1,False,0.6170212765957447,0.526595744680851,0.38671875
1944,0,CF2,L2,0.15,zero_fill,0,7,0.9662743210792542,0,False,0.6121212121212121,0.45454545454545453,0.29296875
19718,0,CF2,L2,0.15,zero_fill,0,7,0.22654706239700317,0,False,0.6354679802955665,0.35467980295566504,0.28125
15599,0,CF2,L2,0.15,zero_fill,7,1,0.3717609643936157,0,False,0.792,0.396,0.38671875
16766,0,CF2,L2,0.15,zero_fill,9,5,0.4513598680496216,0,False,0.6954314720812182,0.9137055837563451,0.703125
12317,0,CF2,L2,0.15,zero_fill,5,5,0.865662693977356,1,False,0.7643097643097643,0.5723905723905723,0.6640625
6275,0,CF2,L2,0.15,zero_fill,6,8,0.4602300822734833,0,False,0.7395348837209302,0.42790697674418604,0.359375
14332,0,CF2,L2,0.15,zero_fill,3,3,0.43912410736083984,1,False,0.7071428571428572,0.5071428571428571,0.5546875
25615,0,CF2,L2,0.15,zero_fill,8,8,0.598896861076355,1,False,0.7142857142857143,0.7202380952380952,0.47265625
7680,0,CF2,L2,0.15,zero_fill,7,7,0.995925784111023,1,False,0.7428571428571429,0.3333333333333333,0.2734375
22105,0,CF2,L2,0.15,zero_fill,7,7,0.8683025240898132,1,False,0.6976744186046512,0.38870431893687707,0.45703125
19179,0,CF2,L2,0.15,zero_fill,5,3,0.5757194757461548,0,False,0.5471698113207547,0.5660377358490566,0.3515625
22379,0,CF2,L2,0.15,zero_fill,5,5,0.9830580353736877,1,False,0.6518218623481782,0.44534412955465585,0.4296875
11796,0,CF2,L2,0.15,zero_fill,0,3,0.664864182472229,0,False,0.6550218340611353,0.38427947598253276,0.34375
16929,0,CF2,L2,0.15,zero_fill,0,9,0.8687736988067627,0,False,0.7399103139013453,0.4304932735426009,0.375
20580,0,CF2,L2,0.15,zero_fill,2,1,0.31776976585388184,0,False,0.7368421052631579,0.6271929824561403,0.55859375
21272,0,CF2,L2,0.15,zero_fill,7,9,0.26596423983573914,0,False,0.7252747252747253,0.7912087912087912,0.5625
12963,0,CF2,L2,0.15,zero_fill,4,4,0.40875184535980225,1,False,0.5054945054945055,0.4725274725274725,0.3359375
15648,0,CF2,L2,0.15,zero_fill,9,3,0.5971617102622986,0,False,0.7142857142857143,0.6261398176291794,0.8046875
10831,0,CF2,L2,0.15,zero_fill,6,6,0.9242212176322937,1,False,0.7222222222222222,0.65,0.45703125
12228,0,CF2,L2,0.15,zero_fill,3,8,0.4290211796760559,0,False,0.7252747252747253,0.6043956043956044,0.4296875
2242,0,CF2,L2,0.15,zero_fill,7,9,0.4701308012008667,0,False,0.7040816326530612,0.025510204081632654,0.01953125
25443,0,CF2,L2,0.15,zero_fill,3,5,0.914261519908905,0,False,0.6289308176100629,0.49056603773584906,0.3046875
23913,0,CF2,L2,0.15,zero_fill,1,1,0.6758952140808105,1,False,0.6549707602339181,0.21637426900584794,0.14453125
18452,0,CF2,L2,0.15,zero_fill,1,5,0.5238416194915771,0,False,0.6979166666666666,0.5260416666666666,0.39453125
12210,0,CF2,L2,0.15,zero_fill,0,8,0.6030395030975342,0,False,0.6574585635359116,0.7845303867403315,0.5546875
3532,0,CF2,L2,0.15,zero_fill,6,8,0.4251074194908142,0,False,0.6519337016574586,0.6187845303867403,0.4375
13678,0,CF2,L2,0.15,zero_fill,9,9,0.8051878213882446,1,False,0.7868020304568528,0.27918781725888325,0.21484375
21370,0,CF2,L2,0.15,zero_fill,5,6,0.6018130779266357,0,False,0.7225433526011561,0.5549132947976878,0.375
23728,0,CF2,L2,0.15,zero_fill,9,9,0.6546688079833984,1,False,0.7222222222222222,1.0,0.703125
7460,0,CF2,L2,0.15,zero_fill,0,3,0.6052130460739136,0,False,0.6489795918367347,0.5591836734693878,0.53515625
25354,0,CF2,L2,0.15,zero_fill,2,7,0.5913597941398621,0,False,0.644808743169399,0.2459016393442623,0.17578125
18984,0,CF2,L2,0.15,zero_fill,8,2,0.5877881050109863,0,False,0.7588652482269503,0.7021276595744681,0.7734375
12422,0,CF2,L2,0.15,zero_fill,6,3,0.5554562211036682,0,False,0.7383966244725738,0.759493670886076,0.703125
7413,0,CF2,L2,0.15,zero_fill,4,2,0.3908654749393463,0,False,0.65,0.375,0.234375
