patch_id,seed,family,level,frac,method,true_label,prediction,confidence,correct,bounded_unknown,isolated_missing_frac,mask_overlap_centre,centre_erased_frac
17222,0,CF2,L5,0.7,bilinear,8,0,0.42338481545448303,0,False,0.8406593406593407,0.3269230769230769,0.9296875
7987,0,CF2,L5,0.7,bilinear,4,5,0.37317100167274475,0,False,0.8183023872679045,0.32360742705570295,0.953125
14403,0,CF2,L5,0.7,bilinear,1,1,0.4455724060535431,1,False,0.8865153538050734,0.32977303070761016,0.96484375
12904,0,CF2,L5,0.7,bilinear,1,1,0.21297867596149445,1,False,0.8523035230352304,0.34688346883468835,1.0
1024,0,CF2,L5,0.7,bilinear,2,2,0.371966689825058,1,False,0.8227513227513228,0.3134920634920635,0.92578125
15700,0,CF2,L5,0.7,bilinear,3,3,0.23890145123004913,1,False,0.8751660026560425,0.3399734395750332,1.0
12639,0,CF2,L5,0.7,bilinear,7,1,0.34885337948799133,0,False,0.8224932249322493,0.3224932249322493,0.9296875
20658,0,CF2,L5,0.7,bilinear,4,1,0.39804068207740784,0,False,0.8518005540166205,0.3545706371191136,1.0
2642,0,CF2,L5,0.7,bilinear,7,7,0.612030565738678,1,False,0.8399452804377565,0.30506155950752395,0.87109375
9392,0,CF2,L5,0.7,bilinear,9,9,0.3271692395210266,1,False,0.850415512465374,0.3545706371191136,1.0
23357,0,CF2,L5,0.7,bilinear,5,9,0.2958398461341858,0,False,0.8386666666666667,0.33066666666666666,0.96875
15977,0,CF2,L5,0.7,bilinear,0,7,0.492585688829422,0,False,0.8921161825726142,0.35408022130013833,1.0
10440,0,CF2,L5,0.7,bilinear,0,9,0.4535023868083954,0,False,0.8314917127071824,0.35220994475138123,0.99609375
14216,0,CF2,L5,0.7,bilinear,3,1,0.6106662750244141,0,False,0.840599455040872,0.3474114441416894,0.99609375
18353,0,CF2,L5,0.7,bilinear,7,2,0.4588794410228729,0,False,0.8555555555555555,0.35555555555555557,1.0
17404,0,CF2,L5,0.7,bilinear,3,0,0.31565940380096436,0,False,0.8563685636856369,0.34688346883468835,1.0
8424,0,CF2,L5,0.7,bilinear,8,1,0.25553733110427856,0,False,0.8956884561891516,0.3532684283727399,0.9921875
4744,0,CF2,L5,0.7,bilinear,8,7,0.431988000869751,0,False,0.8481182795698925,0.34408602150537637,1.0
18797,0,CF2,L5,0.7,bilinear,7,0,0.6305367350578308,0,False,0.8556005398110661,0.34547908232118757,1.0
3156,0,CF2,L5,0.7,bilinear,7,4,0.3690916895866394,0,False,0.8666666666666667,0.3541666666666667,0.99609375
17024,0,CF2,L5,0.7,bilinear,2,0,0.5158244371414185,0,False,0.8856749311294766,0.3526170798898072,1.0
7807,0,CF2,L5,0.7,bilinear,8,0,0.3051926791667938,0,False,0.8593314763231198,0.3565459610027855,1.0
138,0,CF2,L5,0.7,bilinear,0,6,0.33282995223999023,0,False,0.8555858310626703,0.34877384196185285,1.0
20222,0,CF2,L5,0.7,bilinear,2,9,0.2604885697364807,0,False,0.8569444444444444,0.3527777777777778,0.9921875
24734,0,CF2,L5,0.7,bilinear,9,8,0.22591881453990936,0,False,0.8553888130968622,0.3451568894952251,0.98828125
8909,0,CF2,L5,0.7,bilinear,0,0,0.4259797930717468,1,False,0.8755129958960328,0.35020519835841313,1.0
4684,0,CF2,L5,0.7,bilinear,1,1,0.4509575068950653,1,False,0.850974930362117,0.3565459610027855,1.0
15978,0,CF2,L5,0.7,bilinear,6,1,0.27474910020828247,0,False,0.830393487109905,0.33649932157394846,0.96875
21495,0,CF2,L5,0.7,bilinear,7,0,0.5860081911087036,0,False,0.8200836820083682,0.3305439330543933,0.92578125
5107,0,CF2,L5,0.7,bilinear,6,1,0.40975937247276306,0,False,0.8333333333333334,0.3098958333333333,0.9296875
1914,0,CF2,L5,0.7,bilinear,2,0,0.5359175205230713,0,False,0.8523489932885906,0.3436241610738255,1.0
21307,0,CF2,L5,0.7,bilinear,1,0,0.7467929720878601,0,False,0.8556149732620321,0.3422459893048128,1.0
7178,0,CF2,L5,0.7,bilinear,4,2,0.37927883863449097,0,False,0.8050139275766016,0.32172701949860727,0.90234375
13264,0,CF2,L5,0.7,bilinear,4,0,0.2776205539703369,0,False,0.8706536856745479,0.3560500695410292,1.0
21507,0,CF2,L5,0.7,bilinear,1,4,0.35723909735679626,0,False,0.8735019973368842,0.340878828229028,1.0
8399,0,CF2,L5,0.7,bilinear,9,1,0.7161321640014648,0,False,0.9017735334242838,0.34924965893587995,1.0
4384,0,CF2,L5,0.7,bilinear,0,7,0.2989865839481354,0,False,0.821236559139785,0.33064516129032256,0.9609375
5820,0,CF2,L5,0.7,bilinear,0,6,0.5740951895713806,0,False,0.8150134048257373,0.3190348525469169,0.9296875
22865,0,CF2,L5,0.7,bilinear,0,0,0.8369784355163574,1,False,0.8111111111111111,0.3416666666666667,0.9609375
65,0,CF2,L5,0.7,bilinear,0,7,0.2994990050792694,0,False,0.8252427184466019,0.34812760055478503,0.98046875
15494,0,CF2,L5,0.7,bilinear,6,1,0.4319356679916382,0,False,0.8550913838120104,0.3342036553524804,1.0
2327,0,CF2,L5,0.7,bilinear,5,3,0.5040507912635803,0,False,0.8074792243767313,0.31994459833795014,0.90234375
24596,0,CF2,L5,0.7,bilinear,7,2,0.2781141400337219,0,False,0.8208333333333333,0.3416666666666667,0.9609375
3825,0,CF2,L5,0.7,bilinear,5,1,0.33339816331863403,0,False,0.8349514563106796,0.34951456310679613,0.984375
17168,0,CF2,L5,0.7,bilinear,7,2,0.990958571434021,0,False,0.8513513513513513,0.34594594594594597,1.0
4357,0,CF2,L5,0.7,bilinear,3,0,0.7979171276092529,0,False,0.8767123287671232,0.3506849315068493,1.0
2364,0,CF2,L5,0.7,bilinear,9,0,0.83354252576828,0,False,0.8785425101214575,0.34547908232118757,1.0
8703,0,CF2,L5,0.7,bilinear,9,1,0.2808660864830017,0,False,0.8354253835425384,0.35564853556485354,0.99609375
19390,0,CF2,L5,0.7,bilinear,9,4,0.45132631063461304,0,False,0.8442622950819673,0.34153005464480873,0.9765625
17853,0,CF2,L5,0.7,bilinear,6,2,0.6232080459594727,0,False,0.8344827586206897,0.3393103448275862,0.9609375
4930,0,CF2,L5,0.7,bilinear,4,9,0.41641542315483093,0,False,0.86,0.3413333333333333,1.0
5314,0,CF2,L5,0.7,bilinear,8,5,0.27880385518074036,0,False,0.8579387186629527,0.35376044568245124,0.9921875
4478,0,CF2,L5,0.7,bilinear,8,0,0.480800986289978,0,False,0.8019390581717452,0.3518005540166205,0.9921875
23679,0,CF2,L5,0.7,bilinear,4,2,0.5441488027572632,0,False,0.8494055482166446,0.3381770145310436,1.0
5449,0,CF2,L5,0.7,bilinear,1,1,0.8032320141792297,1,False,0.7819650067294751,0.30955585464333785,0.8984375
24183,0,CF2,L5,0.7,bilinear,0,1,0.3679506778717041,0,False,0.8623087621696801,0.3560500695410292,1.0
20842,0,CF2,L5,0.7,bilinear,3,5,0.39488837122917175,0,False,0.8524137931034482,0.35310344827586204,1.0
18825,0,CF2,L5,0.7,bilinear,9,0,0.8114610314369202,0,False,0.8408163265306122,0.34829931972789113,1.0
6265,0,CF2,L5,0.7,bilinear,1,6,0.33260586857795715,0,False,0.8038674033149171,0.3453038674033149,0.9765625
24932,0,CF2,L5,0.7,bilinear,4,1,0.3799060881137848,0,False,0.8337950138504155,0.35318559556786705,0.99609375
14427,0,CF2,L5,0.7,bilinear,8,0,0.47390010952949524,0,False,0.8569553805774278,0.3359580052493438,1.0
3740,0,CF2,L5,0.7,bilinear,7,1,0.7662250995635986,0,False,0.86,0.33866666666666667,0.9921875
16809,0,CF2,L5,0.7,bilinear,9,0,0.5454219579696655,0,False,0.8391699092088197,0.32814526588845655,0.98828125
1136,0,CF2,L5,0.7,bilinear,1,7,0.6154217720031738,0,False,0.8036211699164345,0.30779944289693595,0.86328125
25757,0,CF2,L5,0.7,bilinear,5,1,0.4085734188556671,0,False,0.8205479452054795,0.3219178082191781,0.91796875
7356,0,CF2,L5,0.7,bilinear,4,1,0.6822593808174133,0,False,0.8563899868247694,0.3359683794466403,0.99609375
12298,0,CF2,L5,0.7,bilinear,0,0,0.5672882199287415,1,False,0.8647140864714087,0.3514644351464435,0.984375
5700,0,CF2,L5,0.7,bilinear,3,5,0.22702673077583313,0,False,0.8604972375690608,0.3425414364640884,0.96875
22753,0,CF2,L5,0.7,bilinear,6,0,0.19891349971294403,0,False,0.8402203856749312,0.3443526170798898,0.9765625
16813,0,CF2,L5,0.7,bilinear,6,0,0.876736581325531,0,False,0.8438761776581427,0.33781965006729475,0.98046875
7373,0,CF2,L5,0.7,bilinear,8,0,0.517860472202301,0,False,0.8540245566166439,0.3451568894952251,0.98828125
20149,0,CF2,L5,0.7,bilinear,2,1,0.5393538475036621,0,False,0.8263888888888888,0.3472222222222222,0.9765625
15874,0,CF2,L5,0.7,bilinear,9,6,0.3933987617492676,0,False,0.837874659400545,0.3460490463215259,0.9921875
26011,0,CF2,L5,0.7,bilinear,0,0,0.26061347126960754,1,False,0.8221614227086184,0.34610123119015046,0.98828125
4196,0,CF2,L5,0.7,bilinear,9,9,0.4030611217021942,1,False,0.8333333333333334,0.35555555555555557,1.0
11227,0,CF2,L5,0.7,bilinear,3,0,0.25417083501815796,0,False,0.8628808864265928,0.3545706371191136,1.0
15736,0,CF2,L5,0.7,bilinear,3,3,0.37540289759635925,1,False,0.7861799217731421,0.3089960886571056,0.92578125
6339,0,CF2,L5,0.7,bilinear,6,0,0.8189921379089355,0,False,0.8284518828451883,0.3528591352859135,0.98828125
25704,0,CF2,L5,0.7,bilinear,2,2,0.2357248216867447,1,False,0.8461538461538461,0.3516483516483517,1.0
3190,0,CF2,L5,0.7,bilinear,7,1,0.303245484828949,0,False,0.869281045751634,0.32679738562091504,0.9765625
737,0,CF2,L5,0.7,bilinear,4,1,0.29926982522010803,0,False,0.8619246861924686,0.35704323570432356,1.0
22875,0,CF2,L5,0.7,bilinear,9,2,0.8454989790916443,0,False,0.8642951251646904,0.33201581027667987,0.984375
22749,0,CF2,L5,0.7,bilinear,3,4,0.7308080792427063,0,False,0.8909574468085106,0.3404255319148936,1.0
22998,0,CF2,L5,0.7,bilinear,3,0,0.2705855667591095,0,False,0.8648275862068966,0.35310344827586204,1.0
24210,0,CF2,L5,0.7,bilinear,5,2,0.5190728306770325,0,False,0.8503401360544217,0.33877551020408164,0.97265625
6800,0,CF2,L5,0.7,bilinear,4,0,0.501567006111145,0,False,0.7986301369863014,0.34657534246575344,0.98828125
16602,0,CF2,L5,0.7,bilinear,9,0,0.4140792489051819,0,False,0.883495145631068,0.3550624133148405,1.0
10822,0,CF2,L5,0.7,bilinear,6,1,0.4558694064617157,0,False,0.8496551724137931,0.3448275862068966,0.9765625
12822,0,CF2,L5,0.7,bilinear,1,2,0.7247154712677002,0,False,0.869625520110957,0.3550624133148405,1.0
12758,0,CF2,L5,0.7,bilinear,5,1,0.41743019223213196,0,False,0.8433734939759037,0.3333333333333333,0.97265625
21144,0,CF2,L5,0.7,bilinear,4,2,0.38190171122550964,0,False,0.871866295264624,0.3565459610027855,1.0
4900,0,CF2,L5,0.7,bilinear,6,0,0.9884118437767029,0,False,0.8326359832635983,0.3472803347280335,0.97265625
22888,0,CF2,L5,0.7,bilinear,9,6,0.3928346037864685,0,False,0.8466850828729282,0.3494475138121547,0.98828125
19935,0,CF2,L5,0.7,bilinear,9,2,0.2437540590763092,0,False,0.8562176165803109,0.3316062176165803,1.0
21896,0,CF2,L5,0.7,bilinear,7,0,0.7796587944030762,0,False,0.8691460055096418,0.3526170798898072,1.0
3475,0,CF2,L5,0.7,bilinear,3,2,0.5080134272575378,0,False,0.8535564853556485,0.35704323570432356,1.0
16171,0,CF2,L5,0.7,bilinear,0,6,0.5309107303619385,0,False,0.7927321668909825,0.2812920592193809,0.81640625
4672,0,CF2,L5,0.7,bilinear,4,0,0.4397556483745575,0,False,0.8508891928864569,0.35020519835841313,1.0
10146,0,CF2,L5,0.7,bilinear,2,6,0.7271881699562073,0,False,0.8281461434370772,0.3423545331529093,0.98828125
9207,0,CF2,L5,0.7,bilinear,7,8,0.2750466763973236,0,False,0.8407202216066482,0.34210526315789475,0.96484375
17745,0,CF2,L5,0.7,bilinear,9,0,0.36746490001678467,0,False,0.8627717391304348,0.34782608695652173,1.0
432,0,CF2,L5,0.7,bilinear,7,1,0.24264754354953766,0,False,0.842032967032967,0.33516483516483514,0.953125
6608,0,CF2,L5,0.7,bilinear,4,0,0.8538867235183716,0,False,0.7988904299583911,0.32038834951456313,0.90234375
25769,0,CF2,L5,0.7,bilinear,9,0,0.5168168544769287,0,False,0.8518005540166205,0.32409972299168976,0.9140625
14774,0,CF2,L5,0.7,bilinear,3,6,0.3505009710788727,0,False,0.8638239339752407,0.35213204951856947,1.0
21627,0,CF2,L5,0.7,bilinear,4,1,0.2882574498653412,0,False,0.8326474622770919,0.33058984910836764,0.94140625
8133,0,CF2,L5,0.7,bilinear,2,6,0.27834561467170715,0,False,0.845360824742268,0.3118556701030928,0.9453125
12554,0,CF2,L5,0.7,bilinear,4,0,0.3589998781681061,0,False,0.8519515477792732,0.34185733512786004,0.9921875
10856,0,CF2,L5,0.7,bilinear,1,0,0.5241608619689941,0,False,0.8843626806833115,0.3363994743758213,1.0
15931,0,CF2,L5,0.7,bilinear,3,4,0.7038435339927673,0,False,0.8283378746594006,0.32561307901907355,0.93359375
2367,0,CF2,L5,0.7,bilinear,2,2,0.5095290541648865,1,False,0.8399452804377565,0.3337893296853625,0.953125
25563,0,CF2,L5,0.7,bilinear,7,2,0.39162495732307434,0,False,0.8695054945054945,0.3516483516483517,1.0
6748,0,CF2,L5,0.7,bilinear,2,0,0.41710853576660156,0,False,0.8627717391304348,0.34782608695652173,1.0
5368,0,CF2,L5,0.7,bilinear,8,0,0.25429680943489075,0,False,0.8758526603001364,0.34924965893587995,1.0
25951,0,CF2,L5,0.7,bilinear,6,6,0.1932704895734787,1,False,0.845108695652174,0.34782608695652173,1.0
22082,0,CF2,L5,0.7,bilinear,7,1,0.395679235458374,0,False,0.8650137741046832,0.3526170798898072,1.0
19301,0,CF2,L5,0.7,bilinear,4,2,0.3700437545776367,0,False,0.8665749656121046,0.35213204951856947,1.0
13302,0,CF2,L5,0.7,bilinear,4,0,0.5919914841651917,0,False,0.8724559023066486,0.3473541383989145,1.0
15358,0,CF2,L5,0.7,bilinear,0,0,0.2541125416755676,1,False,0.7856154910096819,0.3333333333333333,0.94140625
23572,0,CF2,L5,0.7,bilinear,2,2,0.3174755871295929,1,False,0.8884297520661157,0.3526170798898072,1.0
14736,0,CF2,L5,0.7,bilinear,4,0,0.49401408433914185,0,False,0.8396739130434783,0.34646739130434784,0.99609375
16685,0,CF2,L5,0.7,bilinear,2,9,0.3485775291919708,0,False,0.8308724832214766,0.3409395973154362,0.9921875
21902,0,CF2,L5,0.7,bilinear,7,0,0.3862786293029785,0,False,0.8464619492656876,0.3417890520694259,1.0
6713,0,CF2,L5,0.7,bilinear,5,0,0.5103179216384888,0,False,0.8607764390896921,0.3427041499330656,1.0
8771,0,CF2,L5,0.7,bilinear,4,5,0.34402409195899963,0,False,0.8302139037433155,0.3422459893048128,1.0
20264,0,CF2,L5,0.7,bilinear,3,1,0.7753833532333374,0,False,0.8362892223738063,0.32332878581173263,0.92578125
24489,0,CF2,L5,0.7,bilinear,1,1,0.7376072406768799,1,False,0.8521617852161785,0.35704323570432356,1.0
24852,0,CF2,L5,0.7,bilinear,1,0,0.502754271030426,0,False,0.8595271210013908,0.3560500695410292,1.0
6746,0,CF2,L5,0.7,bilinear,1,5,0.18786965310573578,0,False,0.8200836820083682,0.3542538354253835,0.9921875
5951,0,CF2,L5,0.7,bilinear,5,0,0.5396118760108948,0,False,0.8243430152143845,0.35408022130013833,1.0
6438,0,CF2,L5,0.7,bilinear,4,6,0.48023420572280884,0,False,0.8263157894736842,0.31973684210526315,0.94921875
11126,0,CF2,L5,0.7,bilinear,9,3,0.4401733875274658,0,False,0.8667582417582418,0.34615384615384615,0.984375
24241,0,CF2,L5,0.7,bilinear,3,9,0.2442058026790619,0,False,0.8441734417344173,0.34688346883468835,1.0
23621,0,CF2,L5,0.7,bilinear,6,0,0.7013779878616333,0,False,0.8549931600547196,0.34610123119015046,0.98828125
14358,0,CF2,L5,0.7,bilinear,6,0,0.7443363666534424,0,False,0.8751677852348994,0.3436241610738255,1.0
19003,0,CF2,L5,0.7,bilinear,6,4,0.40854695439338684,0,False,0.8272980501392758,0.34818941504178275,0.9765625
3760,0,CF2,L5,0.7,bilinear,9,0,0.44570454955101013,0,False,0.8559556786703602,0.3545706371191136,1.0
1155,0,CF2,L5,0.7,bilinear,5,7,0.9878952503204346,0,False,0.8562176165803109,0.327720207253886,0.98828125
22044,0,CF2,L5,0.7,bilinear,8,1,0.3734166920185089,0,False,0.8662162162162163,0.34594594594594597,1.0
17521,0,CF2,L5,0.7,bilinear,4,6,0.5826674699783325,0,False,0.8655913978494624,0.34408602150537637,1.0
15177,0,CF2,L5,0.7,bilinear,9,6,0.37675875425338745,0,False,0.8661087866108786,0.35704323570432356,1.0
21080,0,CF2,L5,0.7,bilinear,0,7,0.525656521320343,0,False,0.8475935828877005,0.3114973262032086,0.91015625
4507,0,CF2,L5,0.7,bilinear,5,2,0.26635634899139404,0,False,0.8342465753424657,0.33835616438356164,0.96484375
10600,0,CF2,L5,0.7,bilinear,7,1,0.45123642683029175,0,False,0.8301404853128991,0.31928480204342274,0.9765625
11754,0,CF2,L5,0.7,bilinear,1,9,0.30231761932373047,0,False,0.8774373259052924,0.35097493036211697,0.984375
22934,0,CF2,L5,0.7,bilinear,4,0,0.3171294331550598,0,False,0.8434903047091413,0.3518005540166205,0.9921875
19094,0,CF2,L5,0.7,bilinear,3,0,0.7814213037490845,0,False,0.842896174863388,0.34972677595628415,1.0
25246,0,CF2,L5,0.7,bilinear,7,7,0.16962097585201263,1,False,0.8581363004172462,0.3560500695410292,1.0
14745,0,CF2,L5,0.7,bilinear,2,0,0.5366397500038147,0,False,0.8762169680111266,0.3560500695410292,1.0
3177,0,CF2,L5,0.7,bilinear,8,0,0.7087380290031433,0,False,0.8457300275482094,0.3415977961432507,0.96875
13870,0,CF2,L5,0.7,bilinear,5,2,0.9436959624290466,0,False,0.8622047244094488,0.32808398950131235,0.9765625
5605,0,CF2,L5,0.7,bilinear,6,0,0.4972539246082306,0,False,0.8565629228687416,0.3423545331529093,0.98828125
5202,0,CF2,L5,0.7,bilinear,8,2,0.5058464407920837,0,False,0.7970027247956403,0.30517711171662126,0.875
8800,0,CF2,L5,0.7,bilinear,5,0,0.4126690626144409,0,False,0.8510344827586207,0.35310344827586204,1.0
645,0,CF2,L5,0.7,bilinear,3,9,0.4981309473514557,0,False,0.8569482288828338,0.34877384196185285,1.0
16077,0,CF2,L5,0.7,bilinear,5,1,0.28831207752227783,0,False,0.869220607661823,0.3381770145310436,1.0
15336,0,CF2,L5,0.7,bilinear,5,1,0.4465791881084442,0,False,0.8453473132372215,0.32765399737876805,0.9765625
20933,0,CF2,L5,0.7,bilinear,0,6,0.5017892122268677,0,False,0.8464619492656876,0.3391188251001335,0.9921875
10580,0,CF2,L5,0.7,bilinear,8,8,0.29513368010520935,1,False,0.835635359116022,0.319060773480663,0.90234375
25902,0,CF2,L5,0.7,bilinear,6,4,0.2433973252773285,0,False,0.8602739726027397,0.34794520547945207,0.9921875
4666,0,CF2,L5,0.7,bilinear,8,1,0.5853533744812012,0,False,0.7893296853625171,0.29411764705882354,0.83984375
14541,0,CF2,L5,0.7,bilinear,4,1,0.5379768013954163,0,False,0.8271604938271605,0.3484224965706447,0.9921875
7374,0,CF2,L5,0.7,bilinear,5,0,0.6004176139831543,0,False,0.8422496570644719,0.3511659807956104,1.0
4697,0,CF2,L5,0.7,bilinear,5,0,0.787158727645874,0,False,0.8399452804377565,0.35020519835841313,1.0
6317,0,CF2,L5,0.7,bilinear,5,7,0.639409601688385,0,False,0.8402777777777778,0.35555555555555557,1.0
16623,0,CF2,L5,0.7,bilinear,6,6,0.2605459690093994,1,False,0.8222523744911805,0.3093622795115332,0.890625
16511,0,CF2,L5,0.7,bilinear,6,0,0.569158673286438,0,False,0.8672199170124482,0.35408022130013833,1.0
16162,0,CF2,L5,0.7,bilinear,3,1,0.4120446741580963,0,False,0.8270571827057183,0.3472803347280335,0.97265625
5989,0,CF2,L5,0.7,bilinear,1,2,0.7875308990478516,0,False,0.8457300275482094,0.3443526170798898,0.9765625
18753,0,CF2,L5,0.7,bilinear,5,2,0.265256404876709,0,False,0.88,0.3103030303030303,1.0
20853,0,CF2,L5,0.7,bilinear,4,4,0.3520752787590027,1,False,0.8425414364640884,0.35359116022099446,1.0
16556,0,CF2,L5,0.7,bilinear,0,0,0.2515151798725128,1,False,0.8382147838214784,0.3542538354253835,0.9921875
7019,0,CF2,L5,0.7,bilinear,9,6,0.23203031718730927,0,False,0.8557692307692307,0.3516483516483517,1.0
3090,0,CF2,L5,0.7,bilinear,6,1,0.4041869044303894,0,False,0.8734525447042641,0.35213204951856947,1.0
14680,0,CF2,L5,0.7,bilinear,3,0,0.4804977774620056,0,False,0.8132780082987552,0.34439834024896265,0.97265625
869,0,CF2,L5,0.7,bilinear,3,2,0.25787290930747986,0,False,0.8395573997233748,0.3457814661134163,0.9765625
7595,0,CF2,L5,0.7,bilinear,6,0,0.409368097782135,0,False,0.8557692307692307,0.35027472527472525,0.99609375
14417,0,CF2,L5,0.7,bilinear,1,2,0.6839871406555176,0,False,0.8218232044198895,0.3425414364640884,0.96875
13624,0,CF2,L5,0.7,bilinear,9,2,0.7108904123306274,0,False,0.8150208623087621,0.3101529902642559,0.87109375
21083,0,CF2,L5,0.7,bilinear,0,0,0.6788819432258606,1,False,0.8409090909090909,0.33689839572192515,0.984375
7556,0,CF2,L5,0.7,bilinear,1,2,0.9189738035202026,0,False,0.8546433378196501,0.3364737550471063,0.9765625
9289,0,CF2,L5,0.7,bilinear,8,1,0.2719706892967224,0,False,0.8746701846965699,0.33773087071240104,1.0
19944,0,CF2,L5,0.7,bilinear,3,2,0.3114614188671112,0,False,0.8490066225165563,0.3390728476821192,1.0
6057,0,CF2,L5,0.7,bilinear,1,0,0.6757656931877136,0,False,0.8335588633288228,0.34641407307171856,1.0
23029,0,CF2,L5,0.7,bilinear,8,2,0.40297162532806396,0,False,0.8744769874476988,0.35564853556485354,0.99609375
23668,0,CF2,L5,0.7,bilinear,5,2,0.390625923871994,0,False,0.8384401114206128,0.3426183844011142,0.9609375
13115,0,CF2,L5,0.7,bilinear,8,0,0.8743130564689636,0,False,0.8488529014844804,0.34547908232118757,1.0
20635,0,CF2,L5,0.7,bilinear,3,0,0.27031970024108887,0,False,0.8460471567267683,0.3550624133148405,1.0
4281,0,CF2,L5,0.7,bilinear,4,1,0.4232567250728607,0,False,0.8847682119205298,0.3390728476821192,1.0
4139,0,CF2,L5,0.7,bilinear,9,2,0.3683869242668152,0,False,0.8569444444444444,0.35555555555555557,1.0
10652,0,CF2,L5,0.7,bilinear,1,1,0.5463680028915405,1,False,0.8540829986613119,0.32262382864792505,0.94140625
700,0,CF2,L5,0.7,bilinear,1,0,0.7167887091636658,0,False,0.8681318681318682,0.3516483516483517,1.0
5772,0,CF2,L5,0.7,bilinear,3,3,0.7464708089828491,1,False,0.8390646492434664,0.31911966987620355,0.90625
8114,0,CF2,L5,0.7,bilinear,9,0,0.35103482007980347,0,False,0.8551532033426184,0.3565459610027855,1.0
5964,0,CF2,L5,0.7,bilinear,6,0,0.8550220131874084,0,False,0.8368200836820083,0.3458856345885635,0.96875
17278,0,CF2,L5,0.7,bilinear,7,0,0.2559921145439148,0,False,0.8326417704011065,0.35408022130013833,1.0
9961,0,CF2,L5,0.7,bilinear,0,6,0.3153492212295532,0,False,0.8337837837837838,0.3054054054054054,0.8828125
25974,0,CF2,L5,0.7,bilinear,7,3,0.3311329483985901,0,False,0.8314763231197771,0.3245125348189415,0.91015625
14317,0,CF2,L5,0.7,bilinear,3,1,0.5784655809402466,0,False,0.8117326057298773,0.30286493860845837,0.8671875
6485,0,CF2,L5,0.7,bilinear,0,8,0.35042697191238403,0,False,0.8453188602442334,0.3473541383989145,1.0
18287,0,CF2,L5,0.7,bilinear,0,1,0.37883123755455017,0,False,0.8396094839609484,0.34309623430962344,0.9609375
11840,0,CF2,L5,0.7,bilinear,4,1,0.8198145627975464,0,False,0.8440111420612814,0.3398328690807799,0.953125
864,0,CF2,L5,0.7,bilinear,0,7,0.22575311362743378,0,False,0.8579310344827586,0.35310344827586204,1.0
20612,0,CF2,L5,0.7,bilinear,1,7,0.5926899909973145,0,False,0.8548387096774194,0.34408602150537637,1.0
21079,0,CF2,L5,0.7,bilinear,1,2,0.33065056800842285,0,False,0.8855263157894737,0.3368421052631579,1.0
11286,0,CF2,L5,0.7,bilinear,5,5,0.19923041760921478,1,False,0.8200836820083682,0.35704323570432356,1.0
788,0,CF2,L5,0.7,bilinear,0,0,0.9544119238853455,1,False,0.8180555555555555,0.3416666666666667,0.9609375
15932,0,CF2,L5,0.7,bilinear,3,0,0.46380549669265747,0,False,0.8719346049046321,0.34877384196185285,1.0
18511,0,CF2,L5,0.7,bilinear,3,0,0.39296501874923706,0,False,0.8577348066298343,0.35359116022099446,1.0
21576,0,CF2,L5,0.7,bilinear,5,0,0.3340161442756653,0,False,0.8454172366621067,0.35020519835841313,1.0
17237,0,CF2,L5,0.7,bilinear,2,0,0.4904051125049591,0,False,0.8840381991814461,0.34924965893587995,1.0
2966,0,CF2,L5,0.7,bilinear,2,2,0.8495901823043823,1,False,0.8191632928475033,0.340080971659919,0.984375
16416,0,CF2,L5,0.7,bilinear,5,0,0.5461609363555908,0,False,0.8457374830852503,0.34641407307171856,1.0
1280,0,CF2,L5,0.7,bilinear,5,2,0.28099554777145386,0,False,0.8475274725274725,0.3489010989010989,0.9921875
24928,0,CF2,L5,0.7,bilinear,0,0,0.3967899680137634,1,False,0.8429752066115702,0.3526170798898072,1.0
23837,0,CF2,L5,0.7,bilinear,1,4,0.18719060719013214,0,False,0.8513513513513513,0.3418918918918919,0.98828125
20230,0,CF2,L5,0.7,bilinear,1,1,0.3815251588821411,1,False,0.8707940780619112,0.3445491251682369,1.0
23434,0,CF2,L5,0.7,bilinear,5,1,0.46401864290237427,0,False,0.7945205479452054,0.30684931506849317,0.875
20522,0,CF2,L5,0.7,bilinear,6,0,0.5181881189346313,0,False,0.853021978021978,0.3516483516483517,1.0
7789,0,CF2,L5,0.7,bilinear,3,6,0.5274883508682251,0,False,0.8517520215633423,0.3450134770889488,1.0
22086,0,CF2,L5,0.7,bilinear,6,5,0.3243775963783264,0,False,0.8607242339832869,0.3565459610027855,1.0
21339,0,CF2,L5,0.7,bilinear,0,3,0.29443949460983276,0,False,0.8379120879120879,0.3447802197802198,0.98046875
6830,0,CF2,L5,0.7,bilinear,9,7,0.4673444628715515,0,False,0.8559782608695652,0.34782608695652173,1.0
20902,0,CF2,L5,0.7,bilinear,2,1,0.6990036964416504,0,False,0.8479776847977685,0.35564853556485354,0.99609375
17481,0,CF2,L5,0.7,bilinear,5,7,0.3759029805660248,0,False,0.8521617852161785,0.35704323570432356,1.0
3050,0,CF2,L5,0.7,bilinear,6,1,0.5020140409469604,0,False,0.8741721854304636,0.3350993377483444,0.98828125
409,0,CF2,L5,0.7,bilinear,1,4,0.8537697792053223,0,False,0.8415977961432507,0.34710743801652894,0.984375
14823,0,CF2,L5,0.7,bilinear,7,0,0.717972457408905,0,False,0.86468200270636,0.34370771312584575,0.9921875
22892,0,CF2,L5,0.7,bilinear,9,0,0.855241060256958,0,False,0.8726287262872628,0.34688346883468835,1.0
9470,0,CF2,L5,0.7,bilinear,8,5,0.36096110939979553,0,False,0.8425925925925926,0.3333333333333333,0.984375
9543,0,CF2,L5,0.7,bilinear,6,0,0.43454790115356445,0,False,0.8584905660377359,0.33153638814016173,0.9609375
22090,0,CF2,L5,0.7,bilinear,5,6,0.550332248210907,0,False,0.8280166435506241,0.34674063800277394,0.9765625
6045,0,CF2,L5,0.7,bilinear,6,2,0.38103950023651123,0,False,0.8403247631935047,0.33288227334235454,0.9609375
317,0,CF2,L5,0.7,bilinear,8,0,0.2635815441608429,0,False,0.853494623655914,0.3387096774193548,0.984375
15812,0,CF2,L5,0.7,bilinear,0,1,0.48942068219184875,0,False,0.8697986577181208,0.3436241610738255,1.0
18170,0,CF2,L5,0.7,bilinear,9,5,0.17478275299072266,0,False,0.8755186721991701,0.35408022130013833,1.0
14781,0,CF2,L5,0.7,bilinear,0,0,0.31514525413513184,1,False,0.8883048620236531,0.3363994743758213,1.0
17886,0,CF2,L5,0.7,bilinear,9,6,0.4407663643360138,0,False,0.840499306518724,0.3550624133148405,1.0
20049,0,CF2,L5,0.7,bilinear,3,1,0.25885009765625,0,False,0.8314763231197771,0.34958217270194986,0.98046875
13283,0,CF2,L5,0.7,bilinear,0,9,0.4035223722457886,0,False,0.8845618915159944,0.3560500695410292,1.0
25830,0,CF2,L5,0.7,bilinear,5,5,0.32795250415802,1,False,0.8403141361256544,0.3285340314136126,0.98046875
14277,0,CF2,L5,0.7,bilinear,9,2,0.37736251950263977,0,False,0.8830645161290323,0.34408602150537637,1.0
5908,0,CF2,L5,0.7,bilinear,1,1,0.3956182301044464,1,False,0.8476454293628809,0.3545706371191136,1.0
9731,0,CF2,L5,0.7,bilinear,8,6,0.39956042170524597,0,False,0.8016304347826086,0.3423913043478261,0.984375
14180,0,CF2,L5,0.7,bilinear,9,9,0.591816246509552,1,False,0.8224687933425797,0.3259361997226075,0.91796875
9246,0,CF2,L5,0.7,bilinear,2,2,0.6840319037437439,1,False,0.8433242506811989,0.3419618528610354,0.98046875
1656,0,CF2,L5,0.7,bilinear,2,2,0.505449116230011,1,False,0.8486486486486486,0.34594594594594597,1.0
17712,0,CF2,L5,0.7,bilinear,1,6,0.3266284763813019,0,False,0.851261620185923,0.3386454183266932,0.99609375
25544,0,CF2,L5,0.7,bilinear,9,9,0.2335929274559021,1,False,0.8256624825662483,0.3389121338912134,0.94921875
1120,0,CF2,L5,0.7,bilinear,5,2,0.6036249399185181,0,False,0.8410041841004184,0.3403068340306834,0.953125
1298,0,CF2,L5,0.7,bilinear,6,0,0.3902677893638611,0,False,0.7947658402203857,0.33884297520661155,0.9609375
25570,0,CF2,L5,0.7,bilinear,2,6,0.6204092502593994,0,False,0.8619246861924686,0.35704323570432356,1.0
5370,0,CF2,L5,0.7,bilinear,7,0,0.388873428106308,0,False,0.8518005540166205,0.3462603878116344,0.9765625
19075,0,CF2,L5,0.7,bilinear,2,1,0.374704509973526,0,False,0.8369565217391305,0.32608695652173914,0.9375
8583,0,CF2,L5,0.7,bilinear,0,6,0.34907960891723633,0,False,0.8718291054739653,0.3417890520694259,1.0
2133,0,CF2,L5,0.7,bilinear,0,1,0.3733447790145874,0,False,0.8768606224627875,0.34641407307171856,1.0
1982,0,CF2,L5,0.7,bilinear,2,6,0.682401180267334,0,False,0.8486111111111111,0.35555555555555557,1.0
950,0,CF2,L5,0.7,bilinear,8,0,0.5824805498123169,0,False,0.8465753424657534,0.3506849315068493,1.0
19563,0,CF2,L5,0.7,bilinear,4,0,0.25645771622657776,0,False,0.8676880222841226,0.3565459610027855,1.0
21023,0,CF2,L5,0.7,bilinear,6,0,0.8294707536697388,0,False,0.8342618384401114,0.3426183844011142,0.9609375
15687,0,CF2,L5,0.7,bilinear,0,0,0.45209112763404846,1,False,0.844566712517194,0.32737276478679506,0.9296875
6444,0,CF2,L5,0.7,bilinear,6,0,0.5618210434913635,0,False,0.8681318681318682,0.3516483516483517,1.0
15735,0,CF2,L5,0.7,bilinear,4,4,0.8966972231864929,1,False,0.8803088803088803,0.32175032175032175,0.9765625
10651,0,CF2,L5,0.7,bilinear,0,9,0.27889662981033325,0,False,0.862116991643454,0.3064066852367688,0.859375
13256,0,CF2,L5,0.7,bilinear,1,8,0.3693557679653168,0,False,0.8784676354029062,0.33025099075297226,0.9765625
16855,0,CF2,L5,0.7,bilinear,6,0,0.2798340320587158,0,False,0.8408163265306122,0.34829931972789113,1.0
14884,0,CF2,L5,0.7,bilinear,9,2,0.34200382232666016,0,False,0.871900826446281,0.3526170798898072,1.0
21884,0,CF2,L5,0.7,bilinear,6,0,0.30424830317497253,0,False,0.8703448275862069,0.3503448275862069,0.9921875
5078,0,CF2,L5,0.7,bilinear,3,1,0.5871396660804749,0,False,0.8724279835390947,0.3511659807956104,1.0
20419,0,CF2,L5,0.7,bilinear,9,2,0.4637366831302643,0,False,0.8390646492434664,0.34800550206327374,0.98828125
20521,0,CF2,L5,0.7,bilinear,5,5,0.37967294454574585,1,False,0.8477366255144033,0.3511659807956104,1.0
23257,0,CF2,L5,0.7,bilinear,5,1,0.2901434600353241,0,False,0.850974930362117,0.3565459610027855,1.0
17190,0,CF2,L5,0.7,bilinear,2,2,0.4339628219604492,1,False,0.8769430051813472,0.3316062176165803,1.0
15631,0,CF2,L5,0.7,bilinear,8,0,0.6258912086486816,0,False,0.8268698060941828,0.3476454293628809,0.98046875
504,0,CF2,L5,0.7,bilinear,0,0,0.2838801145553589,1,False,0.8326474622770919,0.3319615912208505,0.9453125
14990,0,CF2,L5,0.7,bilinear,3,0,0.5516070127487183,0,False,0.8547717842323651,0.35408022130013833,1.0
24512,0,CF2,L5,0.7,bilinear,8,8,0.34230348467826843,1,False,0.8396094839609484,0.35704323570432356,1.0
23120,0,CF2,L5,0.7,bilinear,7,6,0.5289512872695923,0,False,0.8597402597402597,0.33246753246753247,1.0
3357,0,CF2,L5,0.7,bilinear,2,2,0.7142090797424316,1,False,0.8088033012379643,0.33700137551581844,0.95703125
8088,0,CF2,L5,0.7,bilinear,1,0,0.5206181406974792,0,False,0.8478561549100968,0.35408022130013833,1.0
21849,0,CF2,L5,0.7,bilinear,9,0,0.27050453424453735,0,False,0.8858321870701513,0.33837689133425036,0.9609375
13683,0,CF2,L5,0.7,bilinear,0,0,0.43237030506134033,1,False,0.868,0.3413333333333333,1.0
22718,0,CF2,L5,0.7,bilinear,9,2,0.6081563830375671,0,False,0.8472972972972973,0.34054054054054056,0.984375
9927,0,CF2,L5,0.7,bilinear,4,6,0.6371955275535583,0,False,0.8384512683578104,0.3204272363150868,0.9375
11425,0,CF2,L5,0.7,bilinear,0,0,0.478811115026474,1,False,0.8179310344827586,0.3406896551724138,0.96484375
14578,0,CF2,L5,0.7,bilinear,0,0,0.221864715218544,1,False,0.8592896174863388,0.34972677595628415,1.0
25481,0,CF2,L5,0.7,bilinear,8,7,0.4389687180519104,0,False,0.8423988842398884,0.3528591352859135,0.98828125
11269,0,CF2,L5,0.7,bilinear,5,0,0.5103017091751099,0,False,0.8481532147742818,0.3488372093023256,0.99609375
12877,0,CF2,L5,0.7,bilinear,5,0,0.9238631129264832,0,False,0.881578947368421,0.3368421052631579,1.0
22531,0,CF2,L5,0.7,bilinear,9,5,0.2018728107213974,0,False,0.8694481830417228,0.3445491251682369,1.0
13150,0,CF2,L5,0.7,bilinear,3,4,0.19446253776550293,0,False,0.8659147869674185,0.3208020050125313,1.0
5654,0,CF2,L5,0.7,bilinear,8,6,0.4353519082069397,0,False,0.8789115646258503,0.3442176870748299,0.98828125
1286,0,CF2,L5,0.7,bilinear,7,7,0.5528255105018616,1,False,0.8497970230040596,0.3382949932341001,0.9765625
1652,0,CF2,L5,0.7,bilinear,1,1,0.5344257354736328,1,False,0.8513513513513513,0.34459459459459457,0.99609375
22335,0,CF2,L5,0.7,bilinear,2,1,0.2315031886100769,0,False,0.8445945945945946,0.3027027027027027,0.875
23848,0,CF2,L5,0.7,bilinear,3,0,0.3634629547595978,0,False,0.8195592286501377,0.3168044077134986,0.8984375
2892,0,CF2,L5,0.7,bilinear,6,0,0.8443279266357422,0,False,0.8627187079407806,0.3445491251682369,1.0
16530,0,CF2,L5,0.7,bilinear,8,0,0.6009012460708618,0,False,0.8571428571428571,0.3516483516483517,1.0
12848,0,CF2,L5,0.7,bilinear,8,0,0.4570717215538025,0,False,0.8538251366120219,0.33879781420765026,0.96875
7330,0,CF2,L5,0.7,bilinear,7,6,0.4492837190628052,0,False,0.8708791208791209,0.3516483516483517,1.0
3676,0,CF2,L5,0.7,bilinear,1,1,0.30951255559921265,1,False,0.8575342465753425,0.33424657534246577,0.953125
19966,0,CF2,L5,0.7,bilinear,8,0,0.5180073380470276,0,False,0.8416779431664412,0.34100135317997293,0.984375
8382,0,CF2,L5,0.7,bilinear,5,6,0.3225012719631195,0,False,0.8466850828729282,0.3494475138121547,0.98828125
19660,0,CF2,L5,0.7,bilinear,7,8,0.18924683332443237,0,False,0.83399209486166,0.3372859025032938,1.0
2508,0,CF2,L5,0.7,bilinear,9,1,0.3330141007900238,0,False,0.8595578673602081,0.3328998699609883,1.0
2360,0,CF2,L5,0.7,bilinear,4,0,0.8624783754348755,0,False,0.8660220994475138,0.35359116022099446,1.0
16796,0,CF2,L5,0.7,bilinear,1,7,0.7520686984062195,0,False,0.854251012145749,0.3441295546558704,0.99609375
23426,0,CF2,L5,0.7,bilinear,9,7,0.2895221412181854,0,False,0.8552097428958051,0.3382949932341001,0.9765625
15590,0,CF2,L5,0.7,bilinear,2,0,0.5778582692146301,0,False,0.8604651162790697,0.3433652530779754,0.98046875
6302,0,CF2,L5,0.7,bilinear,3,2,0.31993454694747925,0,False,0.8834019204389575,0.3511659807956104,1.0
24519,0,CF2,L5,0.7,bilinear,7,3,0.4155084192752838,0,False,0.8052486187845304,0.34392265193370164,0.97265625
23276,0,CF2,L5,0.7,bilinear,2,7,0.3912394046783447,0,False,0.8469520103761349,0.32944228274967574,0.9921875
24566,0,CF2,L5,0.7,bilinear,8,9,0.31299129128456116,0,False,0.8511821974965229,0.3518776077885953,0.98828125
20978,0,CF2,L5,0.7,bilinear,1,1,0.4395846426486969,1,False,0.8490066225165563,0.3390728476821192,1.0
8990,0,CF2,L5,0.7,bilinear,3,7,0.814464271068573,0,False,0.8636995827538247,0.3560500695410292,1.0
11061,0,CF2,L5,0.7,bilinear,7,1,0.7385060787200928,0,False,0.7961432506887053,0.3085399449035813,0.875
7075,0,CF2,L5,0.7,bilinear,9,2,0.9073569178581238,0,False,0.8523489932885906,0.3395973154362416,0.98828125
17641,0,CF2,L5,0.7,bilinear,2,1,0.5107360482215881,0,False,0.8181818181818182,0.34710743801652894,0.984375
12077,0,CF2,L5,0.7,bilinear,9,0,0.42773544788360596,0,False,0.8553888130968622,0.34924965893587995,1.0
1779,0,CF2,L5,0.7,bilinear,7,2,0.6491666436195374,0,False,0.8450331125827815,0.3390728476821192,1.0
11519,0,CF2,L5,0.7,bilinear,4,2,0.26290932297706604,0,False,0.871261378413524,0.3328998699609883,1.0
8549,0,CF2,L5,0.7,bilinear,3,0,0.26720720529556274,0,False,0.8559670781893004,0.3511659807956104,1.0
14623,0,CF2,L5,0.7,bilinear,6,7,0.4683457314968109,0,False,0.8758085381630013,0.3298835705045278,0.99609375
10846,0,CF2,L5,0.7,bilinear,3,7,0.33544835448265076,0,False,0.8435828877005348,0.3422459893048128,1.0
16289,0,CF2,L5,0.7,bilinear,3,0,0.5309643745422363,0,False,0.8743455497382199,0.33507853403141363,1.0
12311,0,CF2,L5,0.7,bilinear,8,0,0.6089282035827637,0,False,0.8594594594594595,0.34594594594594597,1.0
6068,0,CF2,L5,0.7,bilinear,8,1,0.6649183034896851,0,False,0.8367626886145405,0.3388203017832647,0.96484375
9629,0,CF2,L5,0.7,bilinear,6,0,0.3461506962776184,0,False,0.855755894590846,0.3550624133148405,1.0
19560,0,CF2,L5,0.7,bilinear,3,0,0.5112993121147156,0,False,0.8,0.35310344827586204,1.0
10379,0,CF2,L5,0.7,bilinear,8,2,0.5006126761436462,0,False,0.8401639344262295,0.33879781420765026,0.96875
6499,0,CF2,L5,0.7,bilinear,9,1,0.2744215428829193,0,False,0.8573407202216067,0.3545706371191136,1.0
1159,0,CF2,L5,0.7,bilinear,0,0,0.6039263606071472,1,False,0.8744827586206897,0.35172413793103446,0.99609375
4366,0,CF2,L5,0.7,bilinear,7,2,0.4603208005428314,0,False,0.8858321870701513,0.35213204951856947,1.0
8397,0,CF2,L5,0.7,bilinear,1,0,0.5773409008979797,0,False,0.8481338481338482,0.3268983268983269,0.9921875
20905,0,CF2,L5,0.7,bilinear,9,4,0.3227318525314331,0,False,0.8468834688346883,0.34688346883468835,1.0
15746,0,CF2,L5,0.7,bilinear,5,1,0.44507673382759094,0,False,0.8269230769230769,0.3516483516483517,1.0
9402,0,CF2,L5,0.7,bilinear,3,6,0.33430102467536926,0,False,0.8452380952380952,0.33201058201058203,0.98046875
8164,0,CF2,L5,0.7,bilinear,2,0,0.4729903042316437,0,False,0.8385345997286295,0.3337856173677069,0.9609375
510,0,CF2,L5,0.7,bilinear,5,0,0.8278612494468689,0,False,0.8298755186721992,0.35408022130013833,1.0
24070,0,CF2,L5,0.7,bilinear,9,1,0.2940318286418915,0,False,0.8077455048409405,0.3457814661134163,0.9765625
2401,0,CF2,L5,0.7,bilinear,4,6,0.3025548756122589,0,False,0.8372093023255814,0.3488372093023256,0.99609375
12147,0,CF2,L5,0.7,bilinear,3,4,0.7277570962905884,0,False,0.8605299860529986,0.3277545327754533,0.91796875
14499,0,CF2,L5,0.7,bilinear,6,0,0.30709800124168396,0,False,0.8637566137566137,0.3373015873015873,0.99609375
3530,0,CF2,L5,0.7,bilinear,6,9,0.8964536190032959,0,False,0.8721088435374149,0.3346938775510204,0.9609375
14723,0,CF2,L5,0.7,bilinear,7,2,0.4193292558193207,0,False,0.8466850828729282,0.35359116022099446,1.0
4435,0,CF2,L5,0.7,bilinear,3,1,0.43492937088012695,0,False,0.8800557880055788,0.3514644351464435,0.984375
22852,0,CF2,L5,0.7,bilinear,2,1,0.6085314750671387,0,False,0.8372739916550765,0.34214186369958277,0.9609375
8461,0,CF2,L5,0.7,bilinear,3,1,0.6822584271430969,0,False,0.863013698630137,0.3506849315068493,1.0
21972,0,CF2,L5,0.7,bilinear,7,0,0.4937174916267395,0,False,0.8563685636856369,0.34688346883468835,1.0
5410,0,CF2,L5,0.7,bilinear,4,0,0.21603667736053467,0,False,0.8296398891966759,0.3518005540166205,0.9921875
17754,0,CF2,L5,0.7,bilinear,6,9,0.22113850712776184,0,False,0.8440111420612814,0.35236768802228413,0.98828125
15311,0,CF2,L5,0.7,bilinear,2,1,0.27757322788238525,0,False,0.8460508701472557,0.33065595716198126,0.96484375
15185,0,CF2,L5,0.7,bilinear,1,2,0.40472906827926636,0,False,0.8853904282115869,0.3224181360201511,1.0
5663,0,CF2,L5,0.7,bilinear,4,1,0.711823046207428,0,False,0.8389715832205683,0.34641407307171856,1.0
6247,0,CF2,L5,0.7,bilinear,6,1,0.48222386837005615,0,False,0.8722826086956522,0.3451086956521739,0.9921875
15287,0,CF2,L5,0.7,bilinear,0,4,0.41849154233932495,0,False,0.8628257887517147,0.34156378600823045,0.97265625
19902,0,CF2,L5,0.7,bilinear,0,6,0.6650446057319641,0,False,0.8333333333333334,0.3209366391184573,0.91015625
25188,0,CF2,L5,0.7,bilinear,4,4,0.6245297193527222,1,False,0.8693931398416886,0.32981530343007914,0.9765625
11195,0,CF2,L5,0.7,bilinear,8,0,0.496457576751709,0,False,0.8549931600547196,0.35020519835841313,1.0
4828,0,CF2,L5,0.7,bilinear,7,0,0.44240903854370117,0,False,0.8288770053475936,0.3422459893048128,1.0
23751,0,CF2,L5,0.7,bilinear,5,6,0.5839931964874268,0,False,0.8052126200274349,0.3511659807956104,1.0
9464,0,CF2,L5,0.7,bilinear,3,1,0.5734875202178955,0,False,0.8452054794520548,0.33835616438356164,0.96484375
25723,0,CF2,L5,0.7,bilinear,0,0,0.7352023720741272,1,False,0.8185595567867036,0.34349030470914127,0.96875
16859,0,CF2,L5,0.7,bilinear,5,3,0.43003880977630615,0,False,0.8191933240611962,0.3560500695410292,1.0
3601,0,CF2,L5,0.7,bilinear,1,4,0.30651041865348816,0,False,0.8479776847977685,0.3500697350069735,0.98046875
11679,0,CF2,L5,0.7,bilinear,6,7,0.2595018148422241,0,False,0.8695054945054945,0.3516483516483517,1.0
12135,0,CF2,L5,0.7,bilinear,7,6,0.691402018070221,0,False,0.8677685950413223,0.34710743801652894,0.984375
16329,0,CF2,L5,0.7,bilinear,1,4,0.6106637716293335,0,False,0.83399209486166,0.3241106719367589,0.9609375
94,0,CF2,L5,0.7,bilinear,4,1,0.36720964312553406,0,False,0.8476190476190476,0.34829931972789113,1.0
14517,0,CF2,L5,0.7,bilinear,9,1,0.15973763167858124,0,False,0.855755894590846,0.3550624133148405,1.0
16852,0,CF2,L5,0.7,bilinear,3,1,0.35403555631637573,0,False,0.854421768707483,0.34829931972789113,1.0
6852,0,CF2,L5,0.7,bilinear,6,2,0.7558510303497314,0,False,0.8423236514522822,0.35131396957123096,0.9921875
24858,0,CF2,L5,0.7,bilinear,3,7,0.34386947751045227,0,False,0.8760445682451253,0.3565459610027855,1.0
297,0,CF2,L5,0.7,bilinear,9,0,0.5154294371604919,0,False,0.839572192513369,0.3422459893048128,1.0
12339,0,CF2,L5,0.7,bilinear,2,1,0.7285616993904114,0,False,0.859697386519945,0.35213204951856947,1.0
20811,0,CF2,L5,0.7,bilinear,8,0,0.5564115643501282,0,False,0.783448275862069,0.31724137931034485,0.8984375
12439,0,CF2,L5,0.7,bilinear,5,5,0.8274737596511841,1,False,0.7966573816155988,0.33008356545961004,0.92578125
16632,0,CF2,L5,0.7,bilinear,9,0,0.3326396048069,0,False,0.8331090174966352,0.34185733512786004,0.9921875
5798,0,CF2,L5,0.7,bilinear,4,0,0.26772022247314453,0,False,0.83008356545961,0.35236768802228413,0.98828125
18458,0,CF2,L5,0.7,bilinear,3,4,0.3841651976108551,0,False,0.8524137931034482,0.34758620689655173,0.984375
6105,0,CF2,L5,0.7,bilinear,5,1,0.31094011664390564,0,False,0.8795669824086604,0.34641407307171856,1.0
10321,0,CF2,L5,0.7,bilinear,6,1,0.19622309505939484,0,False,0.8652777777777778,0.35555555555555557,1.0
21771,0,CF2,L5,0.7,bilinear,7,2,0.712416410446167,0,False,0.883008356545961,0.34540389972144847,0.96875
22194,0,CF2,L5,0.7,bilinear,0,0,0.7377105355262756,1,False,0.8602442333785617,0.34599728629579374,0.99609375
6,0,CF2,L5,0.7,bilinear,9,2,0.24602308869361877,0,False,0.8259668508287292,0.31629834254143646,0.89453125
912,0,CF2,L5,0.7,bilinear,7,0,0.6001198291778564,0,False,0.8625,0.35,0.984375
16910,0,CF2,L5,0.7,bilinear,5,1,0.5895166993141174,0,False,0.8579387186629527,0.3565459610027855,1.0
18738,0,CF2,L5,0.7,bilinear,7,7,0.8609364032745361,1,False,0.8084239130434783,0.30978260869565216,0.890625
18020,0,CF2,L5,0.7,bilinear,9,0,0.17546074092388153,0,False,0.8661202185792349,0.34972677595628415,1.0
3462,0,CF2,L5,0.7,bilinear,8,1,0.5294842720031738,0,False,0.8471849865951743,0.34316353887399464,1.0
5696,0,CF2,L5,0.7,bilinear,1,0,0.28905433416366577,0,False,0.8549931600547196,0.35020519835841313,1.0
15066,0,CF2,L5,0.7,bilinear,3,0,0.9792270064353943,0,False,0.8434065934065934,0.3516483516483517,1.0
10653,0,CF2,L5,0.7,bilinear,9,1,0.2773219347000122,0,False,0.8490304709141274,0.3545706371191136,1.0
13337,0,CF2,L5,0.7,bilinear,2,2,0.4069381058216095,1,False,0.8482384823848238,0.34688346883468835,1.0
12340,0,CF2,L5,0.7,bilinear,5,0,0.4317988157272339,0,False,0.7970627503337784,0.3204272363150868,0.9375
9536,0,CF2,L5,0.7,bilinear,0,7,0.4471881687641144,0,False,0.7675378266850069,0.31636863823933975,0.8984375
3566,0,CF2,L5,0.7,bilinear,4,0,0.34896978735923767,0,False,0.8602739726027397,0.3424657534246575,0.9765625
20090,0,CF2,L5,0.7,bilinear,4,1,0.5525729060173035,0,False,0.8502024291497976,0.33063427800269907,0.95703125
211,0,CF2,L5,0.7,bilinear,0,0,0.47446173429489136,1,False,0.8392857142857143,0.3516483516483517,1.0
55,0,CF2,L5,0.7,bilinear,8,1,0.39396876096725464,0,False,0.8577405857740585,0.35704323570432356,1.0
1477,0,CF2,L5,0.7,bilinear,2,0,0.46050140261650085,0,False,0.8554054054054054,0.34594594594594597,1.0
25898,0,CF2,L5,0.7,bilinear,0,1,0.35030031204223633,0,False,0.8847222222222222,0.35555555555555557,1.0
25713,0,CF2,L5,0.7,bilinear,0,2,0.22248707711696625,0,False,0.8573333333333333,0.332,0.97265625
18055,0,CF2,L5,0.7,bilinear,3,3,0.3834567964076996,1,False,0.8256624825662483,0.3417015341701534,0.95703125
17461,0,CF2,L5,0.7,bilinear,3,1,0.6828992366790771,0,False,0.8622908622908623,0.28314028314028317,0.859375
14237,0,CF2,L5,0.7,bilinear,7,1,0.6122971177101135,0,False,0.8673883626522327,0.34641407307171856,1.0
13858,0,CF2,L5,0.7,bilinear,1,1,0.6150299310684204,1,False,0.8772413793103448,0.35310344827586204,1.0
12386,0,CF2,L5,0.7,bilinear,5,1,0.3300447165966034,0,False,0.8485254691689008,0.34316353887399464,1.0
7223,0,CF2,L5,0.7,bilinear,9,0,0.36402684450149536,0,False,0.8534599728629579,0.3473541383989145,1.0
3153,0,CF2,L5,0.7,bilinear,5,6,0.2853582501411438,0,False,0.8204081632653061,0.33877551020408164,0.97265625
23265,0,CF2,L5,0.7,bilinear,8,3,0.3109750747680664,0,False,0.8579387186629527,0.35097493036211697,0.984375
9465,0,CF2,L5,0.7,bilinear,0,6,0.39361393451690674,0,False,0.8296398891966759,0.3545706371191136,1.0
7419,0,CF2,L5,0.7,bilinear,0,2,0.46422553062438965,0,False,0.8527777777777777,0.3472222222222222,0.9765625
4722,0,CF2,L5,0.7,bilinear,6,0,0.4885242283344269,0,False,0.8540245566166439,0.34924965893587995,1.0
23448,0,CF2,L5,0.7,bilinear,6,2,0.4864749610424042,0,False,0.859504132231405,0.3526170798898072,1.0
8222,0,CF2,L5,0.7,bilinear,2,0,0.454395592212677,0,False,0.8429530201342282,0.3436241610738255,1.0
20898,0,CF2,L5,0.7,bilinear,8,0,0.8032410740852356,0,False,0.8301369863013699,0.3493150684931507,0.99609375
23313,0,CF2,L5,0.7,bilinear,2,0,0.5495490431785583,0,False,0.8484438430311232,0.34641407307171856,1.0
13426,0,CF2,L5,0.7,bilinear,2,2,0.3810628652572632,1,False,0.8614958448753463,0.3545706371191136,1.0
25136,0,CF2,L5,0.7,bilinear,4,7,0.769702136516571,0,False,0.8269754768392371,0.279291553133515,0.80078125
9268,0,CF2,L5,0.7,bilinear,4,6,0.6862479448318481,0,False,0.8494475138121547,0.34806629834254144,0.984375
3892,0,CF2,L5,0.7,bilinear,1,2,0.5410170555114746,0,False,0.8488210818307905,0.3550624133148405,1.0
4115,0,CF2,L5,0.7,bilinear,3,0,0.48266229033470154,0,False,0.8626155878467635,0.3381770145310436,1.0
5166,0,CF2,L5,0.7,bilinear,7,1,0.2539650499820709,0,False,0.8845618915159944,0.3560500695410292,1.0
14984,0,CF2,L5,0.7,bilinear,3,9,0.3978705108165741,0,False,0.855755894590846,0.3550624133148405,1.0
10520,0,CF2,L5,0.7,bilinear,1,4,0.37071025371551514,0,False,0.8425414364640884,0.35082872928176795,0.9921875
4379,0,CF2,L5,0.7,bilinear,2,4,0.2594795525074005,0,False,0.8561827956989247,0.34408602150537637,1.0
8937,0,CF2,L5,0.7,bilinear,1,0,0.47197213768959045,0,False,0.8610354223433242,0.3446866485013624,0.98828125
17550,0,CF2,L5,0.7,bilinear,9,0,0.7099222540855408,0,False,0.8533685601056803,0.3381770145310436,1.0
19085,0,CF2,L5,0.7,bilinear,9,6,0.4460407793521881,0,False,0.8351800554016621,0.3518005540166205,0.9921875
17902,0,CF2,L5,0.7,bilinear,6,6,0.3874914050102234,1,False,0.8685636856368564,0.34688346883468835,1.0
14780,0,CF2,L5,0.7,bilinear,8,3,0.2625004053115845,0,False,0.8543689320388349,0.3550624133148405,1.0
8401,0,CF2,L5,0.7,bilinear,0,2,0.8504152297973633,0,False,0.8592896174863388,0.3483606557377049,0.99609375
11230,0,CF2,L5,0.7,bilinear,2,0,0.21810948848724365,0,False,0.8190104166666666,0.3046875,0.9140625
1772,0,CF2,L5,0.7,bilinear,3,5,0.40098461508750916,0,False,0.7621696801112656,0.3184979137691238,0.89453125
13326,0,CF2,L5,0.7,bilinear,4,4,0.8113283514976501,1,False,0.7799442896935933,0.3328690807799443,0.93359375
15230,0,CF2,L5,0.7,bilinear,5,0,0.7356845736503601,0,False,0.858887381275441,0.3473541383989145,1.0
20557,0,CF2,L5,0.7,bilinear,0,6,0.4792521893978119,0,False,0.8191780821917808,0.336986301369863,0.9609375
9555,0,CF2,L5,0.7,bilinear,1,1,0.36228951811790466,1,False,0.8601108033240997,0.3545706371191136,1.0
3667,0,CF2,L5,0.7,bilinear,6,0,0.7110817432403564,0,False,0.8431105047748977,0.34924965893587995,1.0
5316,0,CF2,L5,0.7,bilinear,5,1,0.3295462727546692,0,False,0.8328767123287671,0.34383561643835614,0.98046875
3606,0,CF2,L5,0.7,bilinear,5,1,0.550004243850708,0,False,0.8679504814305364,0.35213204951856947,1.0
25776,0,CF2,L5,0.7,bilinear,6,0,0.6210538148880005,0,False,0.8649025069637883,0.34401114206128136,0.96484375
22231,0,CF2,L5,0.7,bilinear,1,4,0.2534567415714264,0,False,0.8200836820083682,0.33751743375174337,0.9453125
10855,0,CF2,L5,0.7,bilinear,7,1,0.41298243403434753,0,False,0.8550135501355014,0.34688346883468835,1.0
130,0,CF2,L5,0.7,bilinear,6,6,0.32654768228530884,1,False,0.7994428969359332,0.35097493036211697,0.984375
434,0,CF2,L5,0.7,bilinear,8,3,0.3687528073787689,0,False,0.8647214854111406,0.3395225464190981,1.0
5308,0,CF2,L5,0.7,bilinear,5,1,0.3989841341972351,0,False,0.8610729023383769,0.35213204951856947,1.0
17682,0,CF2,L5,0.7,bilinear,4,9,0.4143446087837219,0,False,0.8650904033379694,0.3560500695410292,1.0
16682,0,CF2,L5,0.7,bilinear,8,2,0.35379844903945923,0,False,0.8614540466392319,0.3511659807956104,1.0
12660,0,CF2,L5,0.7,bilinear,5,0,0.4649745225906372,0,False,0.8434903047091413,0.3545706371191136,1.0
21362,0,CF2,L5,0.7,bilinear,5,2,0.33582860231399536,0,False,0.8331053351573188,0.34062927496580025,0.97265625
15483,0,CF2,L5,0.7,bilinear,4,4,0.5274044275283813,1,False,0.8537604456824512,0.3342618384401114,0.9375
5289,0,CF2,L5,0.7,bilinear,5,4,0.4817391037940979,0,False,0.8632596685082873,0.35359116022099446,1.0
19757,0,CF2,L5,0.7,bilinear,1,4,0.3888261318206787,0,False,0.8583333333333333,0.35555555555555557,1.0
6799,0,CF2,L5,0.7,bilinear,2,5,0.2447241097688675,0,False,0.863013698630137,0.3506849315068493,1.0
18871,0,CF2,L5,0.7,bilinear,2,7,0.412667453289032,0,False,0.8797886393659181,0.3381770145310436,1.0
4740,0,CF2,L5,0.7,bilinear,3,0,0.6296566724777222,0,False,0.8506056527590848,0.3391655450874832,0.984375
14926,0,CF2,L5,0.7,bilinear,5,7,0.3224269449710846,0,False,0.8224687933425797,0.3550624133148405,1.0
3549,0,CF2,L5,0.7,bilinear,4,0,0.5416987538337708,0,False,0.8603042876901799,0.35131396957123096,0.9921875
13336,0,CF2,L5,0.7,bilinear,9,7,0.3523707389831543,0,False,0.828,0.3413333333333333,1.0
8302,0,CF2,L5,0.7,bilinear,3,6,0.39191311597824097,0,False,0.8682385575589459,0.3550624133148405,1.0
19884,0,CF2,L5,0.7,bilinear,8,0,0.2524172365665436,0,False,0.8181818181818182,0.3422459893048128,1.0
6927,0,CF2,L5,0.7,bilinear,1,6,0.508655309677124,0,False,0.8138888888888889,0.35,0.984375
15277,0,CF2,L5,0.7,bilinear,6,2,0.1624569296836853,0,False,0.8509554140127389,0.32611464968152865,1.0
20278,0,CF2,L5,0.7,bilinear,3,0,0.48359477519989014,0,False,0.8539638386648123,0.3560500695410292,1.0
654,0,CF2,L5,0.7,bilinear,8,0,0.17159603536128998,0,False,0.8716577540106952,0.3422459893048128,1.0
19020,0,CF2,L5,0.7,bilinear,0,7,0.5627277493476868,0,False,0.8381962864721485,0.3395225464190981,1.0
25403,0,CF2,L5,0.7,bilinear,3,0,0.909084677696228,0,False,0.8619246861924686,0.35704323570432356,1.0
1745,0,CF2,L5,0.7,bilinear,8,6,0.5547688603401184,0,False,0.81353591160221,0.3314917127071823,0.9375
10726,0,CF2,L5,0.7,bilinear,4,1,0.9134658575057983,0,False,0.8346994535519126,0.33879781420765026,0.96875
23431,0,CF2,L5,0.7,bilinear,4,8,0.3439648449420929,0,False,0.8730822873082287,0.35704323570432356,1.0
231,0,CF2,L5,0.7,bilinear,5,0,0.7991015315055847,0,False,0.8593314763231198,0.3565459610027855,1.0
20678,0,CF2,L5,0.7,bilinear,7,0,0.6052475571632385,0,False,0.8444444444444444,0.3541666666666667,0.99609375
15851,0,CF2,L5,0.7,bilinear,1,5,0.2745608985424042,0,False,0.8743093922651933,0.3370165745856354,0.953125
24015,0,CF2,L5,0.7,bilinear,0,0,0.44483691453933716,1,False,0.8803763440860215,0.34408602150537637,1.0
1082,0,CF2,L5,0.7,bilinear,6,0,0.32523518800735474,0,False,0.8335625859697386,0.35213204951856947,1.0
5573,0,CF2,L5,0.7,bilinear,8,6,0.33589476346969604,0,False,0.8340080971659919,0.33738191632928477,0.9765625
11289,0,CF2,L5,0.7,bilinear,1,4,0.5016210079193115,0,False,0.8708333333333333,0.35555555555555557,1.0
1751,0,CF2,L5,0.7,bilinear,0,0,0.34278368949890137,1,False,0.8733252131546894,0.3118148599269184,1.0
4594,0,CF2,L5,0.7,bilinear,6,8,0.28831106424331665,0,False,0.8294360385144429,0.35213204951856947,1.0
21127,0,CF2,L5,0.7,bilinear,8,7,0.33372730016708374,0,False,0.81353591160221,0.3356353591160221,0.94921875
12370,0,CF2,L5,0.7,bilinear,4,2,0.45099547505378723,0,False,0.8224932249322493,0.31978319783197834,0.921875
4125,0,CF2,L5,0.7,bilinear,6,0,0.5638338327407837,0,False,0.8245125348189415,0.3342618384401114,0.9375
11008,0,CF2,L5,0.7,bilinear,1,1,0.2894335687160492,1,False,0.8556005398110661,0.3427800269905533,0.9921875
23395,0,CF2,L5,0.7,bilinear,7,4,0.3697817921638489,0,False,0.8821138211382114,0.34688346883468835,1.0
3080,0,CF2,L5,0.7,bilinear,3,7,0.5260085463523865,0,False,0.853185595567867,0.3545706371191136,1.0
22400,0,CF2,L5,0.7,bilinear,0,0,0.9882556200027466,1,False,0.8198074277854195,0.35213204951856947,1.0
22514,0,CF2,L5,0.7,bilinear,1,2,0.48924121260643005,0,False,0.8484005563282336,0.3560500695410292,1.0
15137,0,CF2,L5,0.7,bilinear,0,0,0.8780836462974548,1,False,0.8815426997245179,0.3526170798898072,1.0
6681,0,CF2,L5,0.7,bilinear,0,6,0.42235371470451355,0,False,0.8421052631578947,0.32793522267206476,0.94921875
5219,0,CF2,L5,0.7,bilinear,5,1,0.4844282269477844,0,False,0.8342465753424657,0.3493150684931507,0.99609375
2355,0,CF2,L5,0.7,bilinear,2,7,0.579883873462677,0,False,0.8333333333333334,0.3526170798898072,1.0
4674,0,CF2,L5,0.7,bilinear,5,0,0.4091811776161194,0,False,0.8280166435506241,0.3522884882108183,0.9921875
14575,0,CF2,L5,0.7,bilinear,1,2,0.4935920536518097,0,False,0.8831521739130435,0.34782608695652173,1.0
6563,0,CF2,L5,0.7,bilinear,5,0,0.8972538113594055,0,False,0.8597222222222223,0.35555555555555557,1.0
17492,0,CF2,L5,0.7,bilinear,9,0,0.2707156836986542,0,False,0.8360881542699724,0.3526170798898072,1.0
15770,0,CF2,L5,0.7,bilinear,7,2,0.18967261910438538,0,False,0.8655692729766804,0.3511659807956104,1.0
20830,0,CF2,L5,0.7,bilinear,1,6,0.2109581083059311,0,False,0.8222811671087533,0.3090185676392573,0.91015625
1777,0,CF2,L5,0.7,bilinear,2,2,0.27526921033859253,1,False,0.8347222222222223,0.3388888888888889,0.953125
21617,0,CF2,L5,0.7,bilinear,7,0,0.40640920400619507,0,False,0.8652575957727873,0.3381770145310436,1.0
21293,0,CF2,L5,0.7,bilinear,4,1,0.343974232673645,0,False,0.8399452804377565,0.32694938440492477,0.93359375
14504,0,CF2,L5,0.7,bilinear,0,2,0.3463401794433594,0,False,0.8514986376021798,0.33923705722070846,0.97265625
21236,0,CF2,L5,0.7,bilinear,7,8,0.31996530294418335,0,False,0.8476454293628809,0.3462603878116344,0.9765625
18558,0,CF2,L5,0.7,bilinear,4,6,0.33674049377441406,0,False,0.7814661134163209,0.33195020746887965,0.9375
22916,0,CF2,L5,0.7,bilinear,8,0,0.8594933748245239,0,False,0.8725761772853186,0.3545706371191136,1.0
18760,0,CF2,L5,0.7,bilinear,6,2,0.615327000617981,0,False,0.8826739427012278,0.34924965893587995,1.0
17389,0,CF2,L5,0.7,bilinear,8,0,0.7217150926589966,0,False,0.8247978436657682,0.33692722371967654,0.9765625
13155,0,CF2,L5,0.7,bilinear,8,0,0.2692553997039795,0,False,0.8737864077669902,0.3550624133148405,1.0
13999,0,CF2,L5,0.7,bilinear,5,0,0.7088886499404907,0,False,0.8519021739130435,0.34782608695652173,1.0
10265,0,CF2,L5,0.7,bilinear,8,2,0.8090161681175232,0,False,0.8746594005449592,0.3460490463215259,0.9921875
17239,0,CF2,L5,0.7,bilinear,2,1,0.3321216106414795,0,False,0.8806366047745358,0.3395225464190981,1.0
6288,0,CF2,L5,0.7,bilinear,3,1,0.3516867756843567,0,False,0.877914951989026,0.3511659807956104,1.0
11514,0,CF2,L5,0.7,bilinear,6,5,0.4363653063774109,0,False,0.8165517241379311,0.33379310344827584,0.9453125
23652,0,CF2,L5,0.7,bilinear,1,0,0.18994960188865662,0,False,0.8664850136239782,0.34332425068119893,0.984375
11939,0,CF2,L5,0.7,bilinear,6,1,0.5105677247047424,0,False,0.8239339752407153,0.343878954607978,0.9765625
2174,0,CF2,L5,0.7,bilinear,7,0,0.26858529448509216,0,False,0.8335588633288228,0.3423545331529093,0.98828125
15441,0,CF2,L5,0.7,bilinear,4,1,0.4358568787574768,0,False,0.8646408839779005,0.35359116022099446,1.0
12260,0,CF2,L5,0.7,bilinear,1,1,0.9406635761260986,1,False,0.7916666666666666,0.31527777777777777,0.88671875
25046,0,CF2,L5,0.7,bilinear,6,6,0.24669094383716583,1,False,0.8086253369272237,0.2991913746630728,0.8671875
13958,0,CF2,L5,0.7,bilinear,9,2,0.30902212858200073,0,False,0.8825910931174089,0.34547908232118757,1.0
20974,0,CF2,L5,0.7,bilinear,8,2,0.3782217800617218,0,False,0.8516042780748663,0.3422459893048128,1.0
10626,0,CF2,L5,0.7,bilinear,6,0,0.22054778039455414,0,False,0.853185595567867,0.3545706371191136,1.0
22545,0,CF2,L5,0.7,bilinear,5,0,0.6749104857444763,0,False,0.8827586206896552,0.35310344827586204,1.0
20288,0,CF2,L5,0.7,bilinear,5,6,0.3144669830799103,0,False,0.8677462887989204,0.34547908232118757,1.0
13790,0,CF2,L5,0.7,bilinear,7,0,0.6203975677490234,0,False,0.8602739726027397,0.3506849315068493,1.0
2817,0,CF2,L5,0.7,bilinear,4,1,0.35130587220191956,0,False,0.8423236514522822,0.330567081604426,0.93359375
8344,0,CF2,L5,0.7,bilinear,4,0,0.414295494556427,0,False,0.8707015130674003,0.35213204951856947,1.0
11708,0,CF2,L5,0.7,bilinear,1,0,0.8774191737174988,0,False,0.8814016172506739,0.3436657681940701,0.99609375
2379,0,CF2,L5,0.7,bilinear,1,1,0.6572859883308411,1,False,0.8161559888579387,0.34818941504178275,0.9765625
23602,0,CF2,L5,0.7,bilinear,2,0,0.42016342282295227,0,False,0.8822714681440443,0.3545706371191136,1.0
24357,0,CF2,L5,0.7,bilinear,8,0,0.3516448736190796,0,False,0.8940852819807428,0.34800550206327374,0.98828125
16783,0,CF2,L5,0.7,bilinear,4,1,0.5571945905685425,0,False,0.8537604456824512,0.35236768802228413,0.98828125
11723,0,CF2,L5,0.7,bilinear,9,2,0.8973832130432129,0,False,0.8633193863319386,0.35704323570432356,1.0
5140,0,CF2,L5,0.7,bilinear,5,0,0.835686206817627,0,False,0.8849557522123894,0.32364096080910243,1.0
14563,0,CF2,L5,0.7,bilinear,1,0,0.4406152665615082,0,False,0.8444444444444444,0.35555555555555557,1.0
11905,0,CF2,L5,0.7,bilinear,7,6,0.28257134556770325,0,False,0.8386648122392212,0.34492350486787204,0.96875
4657,0,CF2,L5,0.7,bilinear,5,0,0.46708837151527405,0,False,0.8476454293628809,0.3545706371191136,1.0
9888,0,CF2,L5,0.7,bilinear,7,1,0.5095614194869995,0,False,0.9012517385257302,0.325452016689847,0.9140625
22827,0,CF2,L5,0.7,bilinear,6,0,0.5496321320533752,0,False,0.8604972375690608,0.35359116022099446,1.0
23911,0,CF2,L5,0.7,bilinear,7,2,0.30813342332839966,0,False,0.8681022880215343,0.3445491251682369,1.0
968,0,CF2,L5,0.7,bilinear,3,6,0.6517701148986816,0,False,0.8424657534246576,0.3424657534246575,0.9765625
18416,0,CF2,L5,0.7,bilinear,2,4,0.23004236817359924,0,False,0.8703448275862069,0.35310344827586204,1.0
15166,0,CF2,L5,0.7,bilinear,7,0,0.29425516724586487,0,False,0.8461538461538461,0.3395225464190981,1.0
15537,0,CF2,L5,0.7,bilinear,6,1,0.6921473145484924,0,False,0.8490304709141274,0.3545706371191136,1.0
112,0,CF2,L5,0.7,bilinear,6,7,0.36533108353614807,0,False,0.8698060941828255,0.3545706371191136,1.0
9754,0,CF2,L5,0.7,bilinear,8,0,0.7530645132064819,0,False,0.8250336473755047,0.3405114401076716,0.98828125
3827,0,CF2,L5,0.7,bilinear,1,2,0.49112963676452637,0,False,0.8428372739916551,0.3560500695410292,1.0
16427,0,CF2,L5,0.7,bilinear,8,8,0.48523423075675964,1,False,0.819047619047619,0.2816326530612245,0.80859375
4853,0,CF2,L5,0.7,bilinear,8,4,0.3384036421775818,0,False,0.8496644295302014,0.3315436241610738,0.96484375
5025,0,CF2,L5,0.7,bilinear,8,0,0.49340811371803284,0,False,0.8368700265251989,0.3395225464190981,1.0
5497,0,CF2,L5,0.7,bilinear,5,5,0.6130912899971008,1,False,0.8194444444444444,0.33611111111111114,0.9453125
415,0,CF2,L5,0.7,bilinear,5,0,0.24788285791873932,0,False,0.8595800524934383,0.3346456692913386,0.99609375
6055,0,CF2,L5,0.7,bilinear,2,2,0.9438034296035767,1,False,0.8682385575589459,0.3550624133148405,1.0
4242,0,CF2,L5,0.7,bilinear,6,4,0.5837926864624023,0,False,0.8312586445366529,0.33748271092669435,0.953125
16007,0,CF2,L5,0.7,bilinear,3,2,0.30191770195961,0,False,0.8587105624142661,0.3511659807956104,1.0
16184,0,CF2,L5,0.7,bilinear,6,0,0.9664880633354187,0,False,0.8537931034482759,0.34758620689655173,0.984375
15180,0,CF2,L5,0.7,bilinear,2,0,0.8354282975196838,0,False,0.8281036834924966,0.339699863574352,0.97265625
16402,0,CF2,L5,0.7,bilinear,3,0,0.6430812478065491,0,False,0.8537931034482759,0.35310344827586204,1.0
12883,0,CF2,L5,0.7,bilinear,7,2,0.7451573610305786,0,False,0.8394557823129252,0.3442176870748299,0.98828125
12596,0,CF2,L5,0.7,bilinear,2,2,0.8621512055397034,1,False,0.8232044198895028,0.3494475138121547,0.98828125
13383,0,CF2,L5,0.7,bilinear,0,0,0.5278657674789429,1,False,0.7980769230769231,0.34065934065934067,0.96875
17140,0,CF2,L5,0.7,bilinear,0,0,0.4148239493370056,1,False,0.8474341192787794,0.3342579750346741,0.94140625
11249,0,CF2,L5,0.7,bilinear,7,7,0.8782378435134888,1,False,0.8324175824175825,0.3489010989010989,0.9921875
2927,0,CF2,L5,0.7,bilinear,3,6,0.2517625689506531,0,False,0.874826147426982,0.3560500695410292,1.0
13380,0,CF2,L5,0.7,bilinear,3,7,0.8503450751304626,0,False,0.8358620689655173,0.34206896551724136,0.96875
24593,0,CF2,L5,0.7,bilinear,5,1,0.22199606895446777,0,False,0.8257261410788381,0.3457814661134163,0.9765625
14507,0,CF2,L5,0.7,bilinear,8,1,0.3954857587814331,0,False,0.8879892037786775,0.34547908232118757,1.0
9355,0,CF2,L5,0.7,bilinear,8,1,0.4846944510936737,0,False,0.8489304812834224,0.339572192513369,0.9921875
3943,0,CF2,L5,0.7,bilinear,3,1,0.23082007467746735,0,False,0.8753315649867374,0.3395225464190981,1.0
4913,0,CF2,L5,0.7,bilinear,4,0,0.6112034320831299,0,False,0.8629032258064516,0.34408602150537637,1.0
23440,0,CF2,L5,0.7,bilinear,4,1,0.4580771327018738,0,False,0.8486932599724897,0.35213204951856947,1.0
19289,0,CF2,L5,0.7,bilinear,7,7,0.4703180193901062,1,False,0.8703956343792633,0.34924965893587995,1.0
17841,0,CF2,L5,0.7,bilinear,6,0,0.5522595047950745,0,False,0.8408163265306122,0.34829931972789113,1.0
18139,0,CF2,L5,0.7,bilinear,0,0,0.5079414248466492,1,False,0.8907103825136612,0.34972677595628415,1.0
18549,0,CF2,L5,0.7,bilinear,7,1,0.3755284547805786,0,False,0.8487738419618529,0.34877384196185285,1.0
7215,0,CF2,L5,0.7,bilinear,7,2,0.4732976257801056,0,False,0.8565683646112601,0.34316353887399464,1.0
10574,0,CF2,L5,0.7,bilinear,7,5,0.2631548047065735,0,False,0.8328767123287671,0.3452054794520548,0.984375
10329,0,CF2,L5,0.7,bilinear,7,1,0.3440595269203186,0,False,0.8259109311740891,0.34547908232118757,1.0
21502,0,CF2,L5,0.7,bilinear,4,0,0.24595782160758972,0,False,0.8579017264276229,0.3399734395750332,1.0
1209,0,CF2,L5,0.7,bilinear,8,6,0.7098793983459473,0,False,0.8141112618724559,0.2903663500678426,0.8359375
22202,0,CF2,L5,0.7,bilinear,6,7,0.38675859570503235,0,False,0.8397790055248618,0.35359116022099446,1.0
12914,0,CF2,L5,0.7,bilinear,2,0,0.5177873373031616,0,False,0.8284923928077456,0.35131396957123096,0.9921875
23477,0,CF2,L5,0.7,bilinear,6,0,0.4583815634250641,0,False,0.8478561549100968,0.35408022130013833,1.0
13286,0,CF2,L5,0.7,bilinear,5,2,0.659521758556366,0,False,0.819047619047619,0.34285714285714286,0.984375
24957,0,CF2,L5,0.7,bilinear,2,1,0.4278564751148224,0,False,0.8342541436464088,0.3453038674033149,0.9765625
23215,0,CF2,L5,0.7,bilinear,9,6,0.6176592707633972,0,False,0.8482849604221636,0.316622691292876,0.9375
8171,0,CF2,L5,0.7,bilinear,3,2,0.19691847264766693,0,False,0.856760374832664,0.3333333333333333,0.97265625
13427,0,CF2,L5,0.7,bilinear,4,4,0.3686036169528961,1,False,0.8834688346883469,0.34688346883468835,1.0
1985,0,CF2,L5,0.7,bilinear,9,1,0.351177453994751,0,False,0.8569482288828338,0.34877384196185285,1.0
19607,0,CF2,L5,0.7,bilinear,1,5,0.4011856019496918,0,False,0.8526170798898072,0.3526170798898072,1.0
15138,0,CF2,L5,0.7,bilinear,4,2,0.8994817137718201,0,False,0.8974008207934336,0.34746922024623805,0.9921875
18496,0,CF2,L5,0.7,bilinear,3,4,0.37130436301231384,0,False,0.8692098092643051,0.33923705722070846,0.97265625
11341,0,CF2,L5,0.7,bilinear,5,1,0.4191136658191681,0,False,0.8863636363636364,0.3422459893048128,1.0
3210,0,CF2,L5,0.7,bilinear,6,3,0.3601115047931671,0,False,0.8143053645116919,0.3425034387895461,0.97265625
9044,0,CF2,L5,0.7,bilinear,3,0,0.5208408832550049,0,False,0.8612945838837517,0.3381770145310436,1.0
1784,0,CF2,L5,0.7,bilinear,1,6,0.48452228307724,0,False,0.7997237569060773,0.3397790055248619,0.9609375
20687,0,CF2,L5,0.7,bilinear,7,1,0.26397356390953064,0,False,0.8362652232746955,0.30311231393775373,0.875
21479,0,CF2,L5,0.7,bilinear,1,0,0.7611600756645203,0,False,0.885952712100139,0.3518776077885953,0.98828125
4465,0,CF2,L5,0.7,bilinear,7,9,0.3912697732448578,0,False,0.8384401114206128,0.35376044568245124,0.9921875
8098,0,CF2,L5,0.7,bilinear,3,0,0.5079780220985413,0,False,0.8737864077669902,0.3550624133148405,1.0
1105,0,CF2,L5,0.7,bilinear,1,6,0.5874254107475281,0,False,0.878581173260573,0.34924965893587995,1.0
24036,0,CF2,L5,0.7,bilinear,0,0,0.30968672037124634,1,False,0.8573407202216067,0.3518005540166205,0.9921875
24825,0,CF2,L5,0.7,bilinear,1,9,0.5371654629707336,0,False,0.863102998696219,0.33376792698826596,1.0
20081,0,CF2,L5,0.7,bilinear,4,2,0.45991823077201843,0,False,0.819047619047619,0.3469387755102041,0.99609375
11780,0,CF2,L5,0.7,bilinear,5,2,0.9274387955665588,0,False,0.8410041841004184,0.3542538354253835,0.9921875
18228,0,CF2,L5,0.7,bilinear,2,1,0.5863938331604004,0,False,0.8317107093184979,0.35048678720445064,0.984375
4363,0,CF2,L5,0.7,bilinear,4,7,0.27337944507598877,0,False,0.8845618915159944,0.3560500695410292,1.0
10210,0,CF2,L5,0.7,bilinear,7,1,0.7746210098266602,0,False,0.8641975308641975,0.3511659807956104,1.0
7005,0,CF2,L5,0.7,bilinear,2,0,0.7510327696800232,0,False,0.8529819694868238,0.3550624133148405,1.0
7071,0,CF2,L5,0.7,bilinear,3,0,0.734268307685852,0,False,0.8304172274562585,0.34185733512786004,0.9921875
25299,0,CF2,L5,0.7,bilinear,4,2,0.809309720993042,0,False,0.8586956521739131,0.34782608695652173,1.0
3393,0,CF2,L5,0.7,bilinear,0,4,0.40040838718414307,0,False,0.8736702127659575,0.3377659574468085,0.9921875
10532,0,CF2,L5,0.7,bilinear,8,0,0.4887075126171112,0,False,0.8591916558018253,0.33376792698826596,1.0
14271,0,CF2,L5,0.7,bilinear,3,1,0.5098739266395569,0,False,0.8814504881450488,0.3514644351464435,0.984375
12814,0,CF2,L5,0.7,bilinear,4,1,0.21980564296245575,0,False,0.8581081081081081,0.34324324324324323,0.9921875
1763,0,CF2,L5,0.7,bilinear,1,3,0.20966863632202148,0,False,0.8707015130674003,0.35075653370013754,0.99609375
2795,0,CF2,L5,0.7,bilinear,4,0,0.2557756006717682,0,False,0.8607242339832869,0.35376044568245124,0.9921875
5329,0,CF2,L5,0.7,bilinear,2,4,0.27110862731933594,0,False,0.8537604456824512,0.3565459610027855,1.0
11024,0,CF2,L5,0.7,bilinear,8,1,0.38436874747276306,0,False,0.8415300546448088,0.34972677595628415,1.0
23383,0,CF2,L5,0.7,bilinear,6,0,0.5548340082168579,0,False,0.8421052631578947,0.3545706371191136,1.0
582,0,CF2,L5,0.7,bilinear,2,0,0.23279565572738647,0,False,0.8793565683646113,0.34316353887399464,1.0
20037,0,CF2,L5,0.7,bilinear,5,0,0.4177895188331604,0,False,0.8242677824267782,0.35704323570432356,1.0
4876,0,CF2,L5,0.7,bilinear,3,0,0.338979572057724,0,False,0.8361111111111111,0.3375,0.94921875
16157,0,CF2,L5,0.7,bilinear,1,1,0.5570693612098694,1,False,0.8495934959349594,0.34688346883468835,1.0
24155,0,CF2,L5,0.7,bilinear,7,7,0.7861539721488953,1,False,0.850828729281768,0.35359116022099446,1.0
21035,0,CF2,L5,0.7,bilinear,1,1,0.921784520149231,1,False,0.8521617852161785,0.34309623430962344,0.9609375
2530,0,CF2,L5,0.7,bilinear,2,1,0.5931423902511597,0,False,0.8456189151599444,0.34492350486787204,0.96875
20951,0,CF2,L5,0.7,bilinear,4,2,0.49669063091278076,0,False,0.8675675675675676,0.34459459459459457,0.99609375
9752,0,CF2,L5,0.7,bilinear,9,0,0.39199116826057434,0,False,0.8581081081081081,0.34594594594594597,1.0
20362,0,CF2,L5,0.7,bilinear,9,3,0.20499566197395325,0,False,0.8670360110803325,0.3490304709141274,0.984375
5669,0,CF2,L5,0.7,bilinear,2,4,0.4281059205532074,0,False,0.8495821727019499,0.3565459610027855,1.0
9395,0,CF2,L5,0.7,bilinear,6,3,0.286323606967926,0,False,0.8767313019390581,0.3490304709141274,0.984375
22115,0,CF2,L5,0.7,bilinear,2,6,0.3166612982749939,0,False,0.8308525033829499,0.3274695534506089,0.9453125
3784,0,CF2,L5,0.7,bilinear,5,8,0.3739761710166931,0,False,0.8395378690629012,0.31835686777920413,0.96875
15518,0,CF2,L5,0.7,bilinear,1,1,0.7396969795227051,1,False,0.8648275862068966,0.35310344827586204,1.0
22913,0,CF2,L5,0.7,bilinear,1,1,0.8009241223335266,1,False,0.8083333333333333,0.34305555555555556,0.96484375
22485,0,CF2,L5,0.7,bilinear,8,7,0.8265084624290466,0,False,0.8614958448753463,0.3545706371191136,1.0
14166,0,CF2,L5,0.7,bilinear,9,0,0.39113160967826843,0,False,0.8583333333333333,0.35555555555555557,1.0
4606,0,CF2,L5,0.7,bilinear,8,7,0.5495361685752869,0,False,0.8532608695652174,0.328804347826087,0.9453125
12043,0,CF2,L5,0.7,bilinear,8,0,0.5451643466949463,0,False,0.8526170798898072,0.3526170798898072,1.0
20255,0,CF2,L5,0.7,bilinear,9,1,0.3750060796737671,0,False,0.8711340206185567,0.32989690721649484,1.0
21390,0,CF2,L5,0.7,bilinear,8,0,0.3136157989501953,0,False,0.8551532033426184,0.3565459610027855,1.0
13388,0,CF2,L5,0.7,bilinear,6,0,0.2452307641506195,0,False,0.8552631578947368,0.3368421052631579,1.0
9382,0,CF2,L5,0.7,bilinear,0,0,0.9036079049110413,1,False,0.8184281842818428,0.34010840108401086,0.98046875
11878,0,CF2,L5,0.7,bilinear,4,9,0.420854777097702,0,False,0.8215767634854771,0.34854771784232363,0.984375
10774,0,CF2,L5,0.7,bilinear,1,6,0.33625784516334534,0,False,0.8326745718050066,0.3372859025032938,1.0
2211,0,CF2,L5,0.7,bilinear,4,0,0.2858591377735138,0,False,0.8981958762886598,0.32989690721649484,1.0
22804,0,CF2,L5,0.7,bilinear,1,1,0.8319191932678223,1,False,0.8625,0.35555555555555557,1.0
17903,0,CF2,L5,0.7,bilinear,3,1,0.23949293792247772,0,False,0.8542234332425068,0.34877384196185285,1.0
16889,0,CF2,L5,0.7,bilinear,1,1,0.4688357412815094,1,False,0.8589041095890411,0.3493150684931507,0.99609375
3013,0,CF2,L5,0.7,bilinear,8,8,0.2230457067489624,1,False,0.8367911479944675,0.35131396957123096,0.9921875
19919,0,CF2,L5,0.7,bilinear,8,1,0.3535480797290802,0,False,0.850132625994695,0.3395225464190981,1.0
7911,0,CF2,L5,0.7,bilinear,0,2,0.3791305720806122,0,False,0.8580814717477004,0.32982917214191854,0.98046875
6473,0,CF2,L5,0.7,bilinear,5,2,0.2473033219575882,0,False,0.8828451882845189,0.34309623430962344,0.9609375
14963,0,CF2,L5,0.7,bilinear,2,2,0.5048249959945679,1,False,0.859481582537517,0.3451568894952251,0.98828125
3189,0,CF2,L5,0.7,bilinear,3,0,0.5477393865585327,0,False,0.849931787175989,0.34924965893587995,1.0
21433,0,CF2,L5,0.7,bilinear,6,1,0.3704833984375,0,False,0.8250688705234159,0.3526170798898072,1.0
21534,0,CF2,L5,0.7,bilinear,9,1,0.527582049369812,0,False,0.8492392807745505,0.35408022130013833,1.0
4378,0,CF2,L5,0.7,bilinear,4,1,0.6055250763893127,0,False,0.8142076502732241,0.3251366120218579,0.9296875
4179,0,CF2,L5,0.7,bilinear,3,7,0.5740436315536499,0,False,0.8467966573816156,0.3565459610027855,1.0
20275,0,CF2,L5,0.7,bilinear,7,0,0.38731592893600464,0,False,0.8704735376044568,0.3565459610027855,1.0
724,0,CF2,L5,0.7,bilinear,4,0,0.30134376883506775,0,False,0.8527027027027027,0.34324324324324323,0.9921875
15532,0,CF2,L5,0.7,bilinear,5,2,0.8596799969673157,0,False,0.783068783068783,0.32671957671957674,0.96484375
7808,0,CF2,L5,0.7,bilinear,4,0,0.6753746271133423,0,False,0.8821954484605087,0.3427041499330656,1.0
3185,0,CF2,L5,0.7,bilinear,7,0,0.851379930973053,0,False,0.8495339547270306,0.340878828229028,1.0
8217,0,CF2,L5,0.7,bilinear,5,6,0.36567214131355286,0,False,0.8522571819425444,0.35020519835841313,1.0
15284,0,CF2,L5,0.7,bilinear,2,5,0.27939850091934204,0,False,0.8415977961432507,0.349862258953168,0.9921875
2195,0,CF2,L5,0.7,bilinear,1,2,0.4136570394039154,0,False,0.8611111111111112,0.3541666666666667,0.99609375
21296,0,CF2,L5,0.7,bilinear,0,0,0.3921884000301361,1,False,0.8487738419618529,0.34877384196185285,1.0
14286,0,CF2,L5,0.7,bilinear,3,3,0.7537829279899597,1,False,0.8292011019283747,0.34573002754820936,0.98046875
4261,0,CF2,L5,0.7,bilinear,0,0,0.3725828528404236,1,False,0.8800557880055788,0.35704323570432356,1.0
24480,0,CF2,L5,0.7,bilinear,2,7,0.4491066634654999,0,False,0.8775790921595599,0.35213204951856947,1.0
23581,0,CF2,L5,0.7,bilinear,7,6,0.4027114808559418,0,False,0.8365650969529086,0.3545706371191136,1.0
24364,0,CF2,L5,0.7,bilinear,7,9,0.33416205644607544,0,False,0.8164383561643835,0.3287671232876712,0.9375
4259,0,CF2,L5,0.7,bilinear,4,1,0.8988509178161621,0,False,0.8633193863319386,0.35704323570432356,1.0
4323,0,CF2,L5,0.7,bilinear,8,6,0.36633923649787903,0,False,0.8573407202216067,0.3545706371191136,1.0
26017,0,CF2,L5,0.7,bilinear,2,2,0.37478747963905334,1,False,0.8502080443828016,0.3536754507628294,0.99609375
4055,0,CF2,L5,0.7,bilinear,9,1,0.4693804681301117,0,False,0.8464730290456431,0.35269709543568467,0.99609375
23968,0,CF2,L5,0.7,bilinear,6,2,0.3121274709701538,0,False,0.853021978021978,0.3516483516483517,1.0
4914,0,CF2,L5,0.7,bilinear,2,6,0.6663030982017517,0,False,0.8539944903581267,0.3415977961432507,0.96875
17310,0,CF2,L5,0.7,bilinear,7,0,0.43701961636543274,0,False,0.8333333333333334,0.3307291666666667,0.9921875
14981,0,CF2,L5,0.7,bilinear,2,0,0.24345974624156952,0,False,0.8746594005449592,0.3460490463215259,0.9921875
7511,0,CF2,L5,0.7,bilinear,6,0,0.8522283434867859,0,False,0.8663967611336032,0.34547908232118757,1.0
4136,0,CF2,L5,0.7,bilinear,9,1,0.35102811455726624,0,False,0.8695652173913043,0.32608695652173914,0.99609375
8043,0,CF2,L5,0.7,bilinear,2,2,0.24396827816963196,1,False,0.8652291105121294,0.3423180592991914,0.9921875
14360,0,CF2,L5,0.7,bilinear,4,2,0.47419488430023193,0,False,0.8642659279778393,0.3545706371191136,1.0
6364,0,CF2,L5,0.7,bilinear,0,6,0.49307939410209656,0,False,0.8370473537604457,0.3426183844011142,0.9609375
8827,0,CF2,L5,0.7,bilinear,4,2,0.2318546026945114,0,False,0.8599735799207398,0.3381770145310436,1.0
24886,0,CF2,L5,0.7,bilinear,9,2,0.5724201798439026,0,False,0.8498659517426274,0.34316353887399464,1.0
21392,0,CF2,L5,0.7,bilinear,2,2,0.8948028683662415,1,False,0.8314917127071824,0.30939226519337015,0.875
18654,0,CF2,L5,0.7,bilinear,6,0,0.4293721616268158,0,False,0.8094575799721836,0.3463143254520167,0.97265625
21766,0,CF2,L5,0.7,bilinear,1,1,0.23133793473243713,1,False,0.8601108033240997,0.3545706371191136,1.0
25433,0,CF2,L5,0.7,bilinear,8,1,0.5241103768348694,0,False,0.8458333333333333,0.34444444444444444,0.96875
10927,0,CF2,L5,0.7,bilinear,8,9,0.21775178611278534,0,False,0.8590971272229823,0.3433652530779754,0.98046875
14092,0,CF2,L5,0.7,bilinear,6,6,0.7613820433616638,1,False,0.8457300275482094,0.34297520661157027,0.97265625
20936,0,CF2,L5,0.7,bilinear,9,0,0.5047101974487305,0,False,0.865047233468286,0.34547908232118757,1.0
23711,0,CF2,L5,0.7,bilinear,4,4,0.4746135175228119,1,False,0.8581363004172462,0.34909596662030595,0.98046875
19260,0,CF2,L5,0.7,bilinear,7,0,0.9125447869300842,0,False,0.8629242819843342,0.3289817232375979,0.984375
17360,0,CF2,L5,0.7,bilinear,3,1,0.32630306482315063,0,False,0.8259052924791086,0.32172701949860727,0.90234375
965,0,CF2,L5,0.7,bilinear,0,1,0.2030586153268814,0,False,0.8397260273972603,0.3506849315068493,1.0
463,0,CF2,L5,0.7,bilinear,6,3,0.44638004899024963,0,False,0.8191933240611962,0.33936022253129344,0.953125
8945,0,CF2,L5,0.7,bilinear,6,0,0.851952075958252,0,False,0.850974930362117,0.3565459610027855,1.0
14090,0,CF2,L5,0.7,bilinear,2,2,0.49444305896759033,1,False,0.807743658210948,0.3177570093457944,0.9296875
8479,0,CF2,L5,0.7,bilinear,9,0,0.9535022974014282,0,False,0.8553546592489569,0.3560500695410292,1.0
24477,0,CF2,L5,0.7,bilinear,2,6,0.36680203676223755,0,False,0.8363136176066025,0.34112792297111416,0.96875
8195,0,CF2,L5,0.7,bilinear,0,0,0.881199836730957,1,False,0.8624484181568088,0.35213204951856947,1.0
1773,0,CF2,L5,0.7,bilinear,0,0,0.40781450271606445,1,False,0.8262599469496021,0.32625994694960214,0.9609375
11776,0,CF2,L5,0.7,bilinear,2,0,0.22659288346767426,0,False,0.8704939919893191,0.3417890520694259,1.0
3313,0,CF2,L5,0.7,bilinear,6,1,0.33723098039627075,0,False,0.8253094910591472,0.3493810178817056,0.9921875
5424,0,CF2,L5,0.7,bilinear,9,5,0.882340669631958,0,False,0.8257261410788381,0.35408022130013833,1.0
19606,0,CF2,L5,0.7,bilinear,2,1,0.33693477511405945,0,False,0.8480325644504749,0.33921302578018997,0.9765625
10110,0,CF2,L5,0.7,bilinear,9,9,0.5605739951133728,1,False,0.8796791443850267,0.3422459893048128,1.0
22872,0,CF2,L5,0.7,bilinear,6,0,0.7315438389778137,0,False,0.8536585365853658,0.34688346883468835,1.0
7573,0,CF2,L5,0.7,bilinear,1,2,0.6390982866287231,0,False,0.8395573997233748,0.35408022130013833,1.0
7105,0,CF2,L5,0.7,bilinear,3,0,0.2871495485305786,0,False,0.8678720445062587,0.3560500695410292,1.0
18854,0,CF2,L5,0.7,bilinear,1,1,0.5178130865097046,1,False,0.8348993288590604,0.338255033557047,0.984375
14576,0,CF2,L5,0.7,bilinear,9,9,0.5835738778114319,1,False,0.8402684563758389,0.3208053691275168,0.93359375
9376,0,CF2,L5,0.7,bilinear,0,0,0.7209782004356384,1,False,0.8518518518518519,0.33607681755829905,0.95703125
20128,0,CF2,L5,0.7,bilinear,8,0,0.9405319094657898,0,False,0.8585298196948682,0.3550624133148405,1.0
24854,0,CF2,L5,0.7,bilinear,9,9,0.49658554792404175,1,False,0.8440366972477065,0.3211009174311927,0.95703125
4937,0,CF2,L5,0.7,bilinear,2,5,0.24223175644874573,0,False,0.8577405857740585,0.35704323570432356,1.0
338,0,CF2,L5,0.7,bilinear,3,2,0.2993333339691162,0,False,0.8629776021080369,0.3346508563899868,0.9921875
9981,0,CF2,L5,0.7,bilinear,3,7,0.4673638939857483,0,False,0.8773087071240105,0.3311345646437995,0.98046875
6665,0,CF2,L5,0.7,bilinear,8,6,0.37323838472366333,0,False,0.8732970027247956,0.34877384196185285,1.0
6704,0,CF2,L5,0.7,bilinear,0,0,0.7383595108985901,1,False,0.8594164456233422,0.32891246684350134,0.96875
23255,0,CF2,L5,0.7,bilinear,2,2,0.45383813977241516,1,False,0.8482849604221636,0.33773087071240104,1.0
5355,0,CF2,L5,0.7,bilinear,5,5,0.4623154401779175,1,False,0.8535564853556485,0.32217573221757323,0.90234375
22422,0,CF2,L5,0.7,bilinear,1,5,0.5818749070167542,0,False,0.8271092669432918,0.34024896265560167,0.9609375
7367,0,CF2,L5,0.7,bilinear,9,6,0.2812550365924835,0,False,0.8620689655172413,0.35310344827586204,1.0
13489,0,CF2,L5,0.7,bilinear,7,0,0.25237584114074707,0,False,0.8731155778894473,0.32160804020100503,1.0
20955,0,CF2,L5,0.7,bilinear,7,0,0.7430292963981628,0,False,0.8604972375690608,0.35359116022099446,1.0
25439,0,CF2,L5,0.7,bilinear,9,0,0.3479631543159485,0,False,0.8396094839609484,0.35704323570432356,1.0
12711,0,CF2,L5,0.7,bilinear,8,0,0.21524745225906372,0,False,0.8855263157894737,0.3368421052631579,1.0
7671,0,CF2,L5,0.7,bilinear,6,1,0.6978296637535095,0,False,0.8633879781420765,0.34972677595628415,1.0
20420,0,CF2,L5,0.7,bilinear,8,7,0.6383510231971741,0,False,0.8354253835425384,0.3110181311018131,0.87109375
12630,0,CF2,L5,0.7,bilinear,2,0,0.3569236695766449,0,False,0.8636995827538247,0.3560500695410292,1.0
21394,0,CF2,L5,0.7,bilinear,1,2,0.2998042702674866,0,False,0.8632596685082873,0.35220994475138123,0.99609375
7095,0,CF2,L5,0.7,bilinear,1,6,0.5472795367240906,0,False,0.8220689655172414,0.33655172413793105,0.953125
11532,0,CF2,L5,0.7,bilinear,9,0,0.6490821242332458,0,False,0.8286908077994429,0.3565459610027855,1.0
2853,0,CF2,L5,0.7,bilinear,3,0,0.3990723490715027,0,False,0.839142091152815,0.34316353887399464,1.0
13487,0,CF2,L5,0.7,bilinear,0,0,0.869634211063385,1,False,0.8505434782608695,0.34782608695652173,1.0
9350,0,CF2,L5,0.7,bilinear,9,0,0.5461840629577637,0,False,0.8567493112947658,0.3526170798898072,1.0
24164,0,CF2,L5,0.7,bilinear,4,1,0.3872146010398865,0,False,0.852054794520548,0.3506849315068493,1.0
23155,0,CF2,L5,0.7,bilinear,7,0,0.6802231669425964,0,False,0.837431693989071,0.3333333333333333,0.953125
1588,0,CF2,L5,0.7,bilinear,8,1,0.21129897236824036,0,False,0.8465679676985195,0.3445491251682369,1.0
5400,0,CF2,L5,0.7,bilinear,5,0,0.428941547870636,0,False,0.850415512465374,0.3545706371191136,1.0
8913,0,CF2,L5,0.7,bilinear,6,2,0.27104973793029785,0,False,0.887012987012987,0.33246753246753247,1.0
4990,0,CF2,L5,0.7,bilinear,8,2,0.3113041818141937,0,False,0.8758085381630013,0.3260025873221216,0.984375
13364,0,CF2,L5,0.7,bilinear,7,0,0.32588300108909607,0,False,0.8472032742155525,0.34652114597544337,0.9921875
1157,0,CF2,L5,0.7,bilinear,1,7,0.8943144679069519,0,False,0.8310626702997275,0.3419618528610354,0.98046875
19432,0,CF2,L5,0.7,bilinear,6,1,0.8379234075546265,0,False,0.8411458333333334,0.3333333333333333,1.0
24861,0,CF2,L5,0.7,bilinear,1,1,0.9468377232551575,1,False,0.8125854993160054,0.3036935704514364,0.8671875
16303,0,CF2,L5,0.7,bilinear,0,1,0.4444838762283325,0,False,0.8819444444444444,0.35555555555555557,1.0
23675,0,CF2,L5,0.7,bilinear,1,2,0.6683186888694763,0,False,0.8636959370904325,0.3302752293577982,0.984375
10816,0,CF2,L5,0.7,bilinear,5,2,0.21598023176193237,0,False,0.8432732316227461,0.3550624133148405,1.0
25683,0,CF2,L5,0.7,bilinear,7,1,0.7360352277755737,0,False,0.8385772913816689,0.3283173734610123,0.9375
6680,0,CF2,L5,0.7,bilinear,7,4,0.24675430357456207,0,False,0.8326359832635983,0.35564853556485354,0.99609375
15541,0,CF2,L5,0.7,bilinear,1,0,0.8471668362617493,0,False,0.8411602209944752,0.35359116022099446,1.0
129,0,CF2,L5,0.7,bilinear,9,2,0.5478153824806213,0,False,0.8527027027027027,0.34459459459459457,0.99609375
10977,0,CF2,L5,0.7,bilinear,5,0,0.5666256546974182,0,False,0.853021978021978,0.3516483516483517,1.0
7518,0,CF2,L5,0.7,bilinear,5,2,0.5022328495979309,0,False,0.8899328859060402,0.3409395973154362,0.9921875
15350,0,CF2,L5,0.7,bilinear,0,0,0.48239850997924805,1,False,0.8367346938775511,0.3360544217687075,0.96484375
4712,0,CF2,L5,0.7,bilinear,2,5,0.3478620946407318,0,False,0.8588709677419355,0.34408602150537637,1.0
3234,0,CF2,L5,0.7,bilinear,1,1,0.906859278678894,1,False,0.8830811554332875,0.35213204951856947,1.0
21292,0,CF2,L5,0.7,bilinear,8,0,0.8841440677642822,0,False,0.8671232876712329,0.3506849315068493,1.0
6439,0,CF2,L5,0.7,bilinear,6,1,0.32419371604919434,0,False,0.7967032967032966,0.3173076923076923,0.90234375
16930,0,CF2,L5,0.7,bilinear,4,0,0.3719983696937561,0,False,0.8299595141700404,0.34547908232118757,1.0
25255,0,CF2,L5,0.7,bilinear,6,7,0.5173805952072144,0,False,0.8628808864265928,0.3490304709141274,0.984375
5562,0,CF2,L5,0.7,bilinear,6,1,0.20007584989070892,0,False,0.8654104979811574,0.3445491251682369,1.0
20888,0,CF2,L5,0.7,bilinear,6,0,0.36985644698143005,0,False,0.8376891334250344,0.34112792297111416,0.96875
17907,0,CF2,L5,0.7,bilinear,0,0,0.8872813582420349,1,False,0.8435374149659864,0.34829931972789113,1.0
15282,0,CF2,L5,0.7,bilinear,5,0,0.2305837869644165,0,False,0.8073770491803278,0.33879781420765026,0.96875
9564,0,CF2,L5,0.7,bilinear,5,5,0.646385908126831,1,False,0.8693877551020408,0.3346938775510204,0.9609375
2105,0,CF2,L5,0.7,bilinear,5,0,0.3343755006790161,0,False,0.8605577689243028,0.33731739707835323,0.9921875
2188,0,CF2,L5,0.7,bilinear,5,7,0.49535343050956726,0,False,0.8016085790884718,0.3257372654155496,0.94921875
10587,0,CF2,L5,0.7,bilinear,9,0,0.775922954082489,0,False,0.8523676880222841,0.3565459610027855,1.0
20421,0,CF2,L5,0.7,bilinear,8,2,0.22578725218772888,0,False,0.8743243243243243,0.34459459459459457,0.99609375
23070,0,CF2,L5,0.7,bilinear,0,1,0.4684712886810303,0,False,0.8370165745856354,0.3314917127071823,0.9375
19127,0,CF2,L5,0.7,bilinear,6,1,0.7647286057472229,0,False,0.8575268817204301,0.34408602150537637,1.0
7302,0,CF2,L5,0.7,bilinear,3,0,0.5012169480323792,0,False,0.8493150684931506,0.3506849315068493,1.0
8409,0,CF2,L5,0.7,bilinear,4,7,0.7267839312553406,0,False,0.8597402597402597,0.32857142857142857,0.98828125
11086,0,CF2,L5,0.7,bilinear,7,7,0.6152588725090027,1,False,0.7938718662952646,0.3342618384401114,0.9375
17122,0,CF2,L5,0.7,bilinear,5,1,0.3963218331336975,0,False,0.8511821974965229,0.3560500695410292,1.0
3555,0,CF2,L5,0.7,bilinear,2,2,0.4217715561389923,1,False,0.8530997304582211,0.3450134770889488,1.0
19437,0,CF2,L5,0.7,bilinear,4,9,0.3209892809391022,0,False,0.8278688524590164,0.3401639344262295,0.97265625
594,0,CF2,L5,0.7,bilinear,9,1,0.26253125071525574,0,False,0.8107734806629834,0.3370165745856354,0.953125
21863,0,CF2,L5,0.7,bilinear,3,1,0.3523000478744507,0,False,0.8303448275862069,0.34344827586206894,0.97265625
19765,0,CF2,L5,0.7,bilinear,5,1,0.5361031293869019,0,False,0.8117154811715481,0.33612273361227335,0.94140625
16909,0,CF2,L5,0.7,bilinear,2,2,0.6309329271316528,1,False,0.7869986168741355,0.326417704011065,0.921875
21154,0,CF2,L5,0.7,bilinear,7,7,0.5723779201507568,1,False,0.8311345646437994,0.3337730870712401,0.98828125
18615,0,CF2,L5,0.7,bilinear,7,1,0.5001721978187561,0,False,0.8609179415855355,0.3518776077885953,0.98828125
18171,0,CF2,L5,0.7,bilinear,7,0,0.5352107882499695,0,False,0.8614540466392319,0.3497942386831276,0.99609375
24434,0,CF2,L5,0.7,bilinear,5,0,0.3688051104545593,0,False,0.8716875871687587,0.35704323570432356,1.0
9664,0,CF2,L5,0.7,bilinear,0,6,0.4546216130256653,0,False,0.8442280945757997,0.3560500695410292,1.0
2013,0,CF2,L5,0.7,bilinear,5,1,0.3426479995250702,0,False,0.8401585204755614,0.3381770145310436,1.0
13537,0,CF2,L5,0.7,bilinear,4,0,0.5093926787376404,0,False,0.8734353268428373,0.3560500695410292,1.0
23942,0,CF2,L5,0.7,bilinear,9,4,0.45086196064949036,0,False,0.871866295264624,0.34401114206128136,0.96484375
12415,0,CF2,L5,0.7,bilinear,4,0,0.797296941280365,0,False,0.8081632653061225,0.34829931972789113,1.0
13735,0,CF2,L5,0.7,bilinear,0,0,0.6340659856796265,1,False,0.8539638386648123,0.3560500695410292,1.0
6873,0,CF2,L5,0.7,bilinear,1,0,0.3993339240550995,0,False,0.8342541436464088,0.35082872928176795,0.9921875
16233,0,CF2,L5,0.7,bilinear,2,0,0.4194273352622986,0,False,0.873641304347826,0.34782608695652173,1.0
13108,0,CF2,L5,0.7,bilinear,5,1,0.45133140683174133,0,False,0.8577405857740585,0.35704323570432356,1.0
18114,0,CF2,L5,0.7,bilinear,7,9,0.24122919142246246,0,False,0.8486486486486486,0.33918918918918917,0.98046875
25318,0,CF2,L5,0.7,bilinear,0,0,0.48177164793014526,1,False,0.8607427055702918,0.3395225464190981,1.0
22387,0,CF2,L5,0.7,bilinear,7,7,0.3878788948059082,1,False,0.8630705394190872,0.35408022130013833,1.0
19911,0,CF2,L5,0.7,bilinear,7,8,0.26221808791160583,0,False,0.7950138504155124,0.3407202216066482,0.9609375
9953,0,CF2,L5,0.7,bilinear,2,5,0.4754487872123718,0,False,0.8984375,0.3333333333333333,1.0
18500,0,CF2,L5,0.7,bilinear,1,1,0.5667739510536194,1,False,0.8372739916550765,0.35048678720445064,0.984375
12463,0,CF2,L5,0.7,bilinear,2,2,0.43412572145462036,1,False,0.8353909465020576,0.3511659807956104,1.0
12143,0,CF2,L5,0.7,bilinear,8,4,0.4441441297531128,0,False,0.8481894150417827,0.33565459610027853,0.94140625
14588,0,CF2,L5,0.7,bilinear,8,1,0.3715834319591522,0,False,0.8545706371191135,0.3545706371191136,1.0
22152,0,CF2,L5,0.7,bilinear,2,0,0.5317460894584656,0,False,0.868421052631579,0.3545706371191136,1.0
16563,0,CF2,L5,0.7,bilinear,4,0,0.7356741428375244,0,False,0.8191933240611962,0.35465924895688455,0.99609375
25225,0,CF2,L5,0.7,bilinear,9,0,0.49579232931137085,0,False,0.8611111111111112,0.34305555555555556,0.96484375
1161,0,CF2,L5,0.7,bilinear,2,1,0.923760175704956,0,False,0.837465564738292,0.34297520661157027,0.97265625
9891,0,CF2,L5,0.7,bilinear,5,7,0.33948200941085815,0,False,0.8410041841004184,0.35704323570432356,1.0
18833,0,CF2,L5,0.7,bilinear,2,7,0.4470493197441101,0,False,0.797799174690509,0.3204951856946355,0.91015625
6162,0,CF2,L5,0.7,bilinear,2,1,0.38483884930610657,0,False,0.8702702702702703,0.34594594594594597,1.0
22638,0,CF2,L5,0.7,bilinear,0,0,0.5190537571907043,1,False,0.8744939271255061,0.34547908232118757,1.0
6112,0,CF2,L5,0.7,bilinear,6,6,0.6011316180229187,1,False,0.833112582781457,0.3271523178807947,0.96484375
24259,0,CF2,L5,0.7,bilinear,9,0,0.43789535760879517,0,False,0.8670284938941656,0.3473541383989145,1.0
18029,0,CF2,L5,0.7,bilinear,2,0,0.8427979350090027,0,False,0.8656126482213439,0.3372859025032938,1.0
13233,0,CF2,L5,0.7,bilinear,0,0,0.3773171007633209,1,False,0.8587105624142661,0.3511659807956104,1.0
22560,0,CF2,L5,0.7,bilinear,3,4,0.6291713118553162,0,False,0.811373092926491,0.34674063800277394,0.9765625
17100,0,CF2,L5,0.7,bilinear,7,2,0.64380943775177,0,False,0.8261474269819193,0.3337969401947149,0.9375
13394,0,CF2,L5,0.7,bilinear,7,0,0.824027419090271,0,False,0.8231292517006803,0.3346938775510204,0.9609375
25173,0,CF2,L5,0.7,bilinear,3,0,0.6781529784202576,0,False,0.8587257617728532,0.3545706371191136,1.0
17342,0,CF2,L5,0.7,bilinear,4,6,0.5977399349212646,0,False,0.8172942817294282,0.3263598326359833,0.9140625
5881,0,CF2,L5,0.7,bilinear,1,1,0.21169732511043549,1,False,0.8507670850767085,0.3542538354253835,0.9921875
16982,0,CF2,L5,0.7,bilinear,3,2,0.29203835129737854,0,False,0.8710990502035278,0.3473541383989145,1.0
12959,0,CF2,L5,0.7,bilinear,2,7,0.2260812222957611,0,False,0.8524137931034482,0.35172413793103446,0.99609375
3410,0,CF2,L5,0.7,bilinear,2,2,0.327110230922699,1,False,0.853625170998632,0.35020519835841313,1.0
1939,0,CF2,L5,0.7,bilinear,2,0,0.8989219069480896,0,False,0.8444148936170213,0.3390957446808511,0.99609375
13563,0,CF2,L5,0.7,bilinear,4,7,0.4771227538585663,0,False,0.8559556786703602,0.3545706371191136,1.0
9659,0,CF2,L5,0.7,bilinear,4,7,0.39974671602249146,0,False,0.8406593406593407,0.34615384615384615,0.984375
23588,0,CF2,L5,0.7,bilinear,9,2,0.8172770142555237,0,False,0.853185595567867,0.35041551246537395,0.98828125
12156,0,CF2,L5,0.7,bilinear,9,2,0.2774931490421295,0,False,0.841225626740947,0.35236768802228413,0.98828125
24790,0,CF2,L5,0.7,bilinear,4,7,0.5109820365905762,0,False,0.8496042216358839,0.33773087071240104,1.0
894,0,CF2,L5,0.7,bilinear,8,2,0.5792179703712463,0,False,0.8331053351573188,0.3488372093023256,0.99609375
13738,0,CF2,L5,0.7,bilinear,7,2,0.35631605982780457,0,False,0.8633288227334236,0.34641407307171856,1.0
20555,0,CF2,L5,0.7,bilinear,5,3,0.19498442113399506,0,False,0.8601747815230961,0.31585518102372034,0.98828125
20457,0,CF2,L5,0.7,bilinear,3,0,0.22963251173496246,0,False,0.8734353268428373,0.3560500695410292,1.0
24842,0,CF2,L5,0.7,bilinear,3,7,0.5729690194129944,0,False,0.8548168249660787,0.3473541383989145,1.0
11390,0,CF2,L5,0.7,bilinear,9,0,0.3578137755393982,0,False,0.8535911602209945,0.35359116022099446,1.0
2665,0,CF2,L5,0.7,bilinear,9,0,0.5120825171470642,0,False,0.8188105117565698,0.34024896265560167,0.9609375
24741,0,CF2,L5,0.7,bilinear,8,2,0.8860422968864441,0,False,0.837431693989071,0.34153005464480873,0.9765625
17634,0,CF2,L5,0.7,bilinear,8,0,0.656360924243927,0,False,0.8297587131367292,0.3351206434316354,0.9765625
16599,0,CF2,L5,0.7,bilinear,1,0,0.45111867785453796,0,False,0.8608815426997245,0.3526170798898072,1.0
19330,0,CF2,L5,0.7,bilinear,7,0,0.6842010617256165,0,False,0.832425068119891,0.34332425068119893,0.984375
3257,0,CF2,L5,0.7,bilinear,1,2,0.4998347759246826,0,False,0.8526603001364257,0.34924965893587995,1.0
1114,0,CF2,L5,0.7,bilinear,9,0,0.3475596308708191,0,False,0.8456189151599444,0.3560500695410292,1.0
11738,0,CF2,L5,0.7,bilinear,8,0,0.5853232145309448,0,False,0.854421768707483,0.34829931972789113,1.0
13077,0,CF2,L5,0.7,bilinear,8,1,0.44165802001953125,0,False,0.8593103448275862,0.35310344827586204,1.0
5168,0,CF2,L5,0.7,bilinear,3,2,0.19326874613761902,0,False,0.8520055325034578,0.34854771784232363,0.984375
26013,0,CF2,L5,0.7,bilinear,8,1,0.2685641050338745,0,False,0.8602739726027397,0.3506849315068493,1.0
5611,0,CF2,L5,0.7,bilinear,7,9,0.5630376935005188,0,False,0.82907133243607,0.32570659488559894,0.9453125
9389,0,CF2,L5,0.7,bilinear,6,0,0.33519038558006287,0,False,0.8488210818307905,0.3550624133148405,1.0
25070,0,CF2,L5,0.7,bilinear,2,0,0.818018913269043,0,False,0.8497913769123783,0.3477051460361613,0.9765625
11322,0,CF2,L5,0.7,bilinear,8,0,0.42686548829078674,0,False,0.8444444444444444,0.35,0.984375
3051,0,CF2,L5,0.7,bilinear,0,1,0.2572917640209198,0,False,0.8540829986613119,0.3427041499330656,1.0
18770,0,CF2,L5,0.7,bilinear,4,1,0.4332100749015808,0,False,0.8331053351573188,0.3378932968536252,0.96484375
14692,0,CF2,L5,0.7,bilinear,2,0,0.7832310795783997,0,False,0.8310249307479224,0.3490304709141274,0.984375
4561,0,CF2,L5,0.7,bilinear,5,3,0.5185855031013489,0,False,0.7877947295423023,0.29403606102635227,0.828125
16994,0,CF2,L5,0.7,bilinear,0,6,0.6072148084640503,0,False,0.8729281767955801,0.35359116022099446,1.0
4156,0,CF2,L5,0.7,bilinear,5,5,0.24266484379768372,1,False,0.8428372739916551,0.3560500695410292,1.0
5884,0,CF2,L5,0.7,bilinear,1,8,0.34482163190841675,0,False,0.8428184281842819,0.33062330623306235,0.953125
18233,0,CF2,L5,0.7,bilinear,0,1,0.43083909153938293,0,False,0.8430555555555556,0.35555555555555557,1.0
17044,0,CF2,L5,0.7,bilinear,6,6,0.694215714931488,1,False,0.8304405874499332,0.3417890520694259,1.0
18857,0,CF2,L5,0.7,bilinear,6,0,0.2251797616481781,0,False,0.8448753462603878,0.3545706371191136,1.0
21917,0,CF2,L5,0.7,bilinear,9,0,0.730232834815979,0,False,0.8335644937586685,0.34812760055478503,0.98046875
5054,0,CF2,L5,0.7,bilinear,3,6,0.40498071908950806,0,False,0.8400556328233658,0.3560500695410292,1.0
7882,0,CF2,L5,0.7,bilinear,4,0,0.7228373885154724,0,False,0.8644986449864499,0.34688346883468835,1.0
15688,0,CF2,L5,0.7,bilinear,4,2,0.7239574193954468,0,False,0.8370165745856354,0.3287292817679558,0.9296875
5612,0,CF2,L5,0.7,bilinear,8,4,0.3566838204860687,0,False,0.8672199170124482,0.32918395573997233,0.9296875
13934,0,CF2,L5,0.7,bilinear,9,0,0.9538558721542358,0,False,0.8247566063977747,0.3560500695410292,1.0
16689,0,CF2,L5,0.7,bilinear,2,0,0.920045018196106,0,False,0.8638814016172507,0.3436657681940701,0.99609375
23844,0,CF2,L5,0.7,bilinear,6,0,0.543858528137207,0,False,0.8295165394402035,0.32188295165394404,0.98828125
7944,0,CF2,L5,0.7,bilinear,7,0,0.3042539656162262,0,False,0.8532110091743119,0.33551769331585846,1.0
11370,0,CF2,L5,0.7,bilinear,8,7,0.7621946930885315,0,False,0.8534599728629579,0.3310719131614654,0.953125
24569,0,CF2,L5,0.7,bilinear,1,1,0.994564414024353,1,False,0.779291553133515,0.30926430517711173,0.88671875
7529,0,CF2,L5,0.7,bilinear,5,0,0.7267356514930725,0,False,0.8413793103448276,0.35310344827586204,1.0
5092,0,CF2,L5,0.7,bilinear,2,2,0.5285895466804504,1,False,0.8577405857740585,0.35704323570432356,1.0
20673,0,CF2,L5,0.7,bilinear,2,1,0.7871658802032471,0,False,0.8401639344262295,0.34972677595628415,1.0
10096,0,CF2,L5,0.7,bilinear,7,2,0.5758457779884338,0,False,0.8470744680851063,0.3324468085106383,0.9765625
2059,0,CF2,L5,0.7,bilinear,3,2,0.6077290177345276,0,False,0.8472222222222222,0.3277777777777778,0.921875
19318,0,CF2,L5,0.7,bilinear,0,2,0.3859559893608093,0,False,0.8328877005347594,0.339572192513369,0.9921875
12977,0,CF2,L5,0.7,bilinear,8,0,0.8964115977287292,0,False,0.8500669344042838,0.3373493975903614,0.984375
17673,0,CF2,L5,0.7,bilinear,0,5,0.3582229018211365,0,False,0.8482384823848238,0.34146341463414637,0.984375
18750,0,CF2,L5,0.7,bilinear,0,0,0.5378987789154053,1,False,0.8379501385041551,0.3490304709141274,0.984375
16728,0,CF2,L5,0.7,bilinear,3,1,0.6846961975097656,0,False,0.863448275862069,0.35310344827586204,1.0
14776,0,CF2,L5,0.7,bilinear,8,0,0.5665023922920227,0,False,0.8666666666666667,0.34829931972789113,1.0
6941,0,CF2,L5,0.7,bilinear,9,0,0.7601475715637207,0,False,0.8451882845188284,0.35704323570432356,1.0
16787,0,CF2,L5,0.7,bilinear,6,0,0.46298906207084656,0,False,0.835635359116022,0.35359116022099446,1.0
25932,0,CF2,L5,0.7,bilinear,5,1,0.3401363492012024,0,False,0.8285714285714286,0.34285714285714286,0.984375
614,0,CF2,L5,0.7,bilinear,0,0,0.29194656014442444,1,False,0.8377253814147018,0.3550624133148405,1.0
25690,0,CF2,L5,0.7,bilinear,5,1,0.3066698908805847,0,False,0.8743455497382199,0.33507853403141363,1.0
25968,0,CF2,L5,0.7,bilinear,5,0,0.5395262837409973,0,False,0.8324175824175825,0.3489010989010989,0.9921875
20123,0,CF2,L5,0.7,bilinear,3,2,0.6904376745223999,0,False,0.8592105263157894,0.3368421052631579,1.0
13341,0,CF2,L5,0.7,bilinear,5,6,0.36462438106536865,0,False,0.8647925033467202,0.30254350736278446,0.8828125
24697,0,CF2,L5,0.7,bilinear,4,6,0.45378240942955017,0,False,0.8407202216066482,0.3545706371191136,1.0
15157,0,CF2,L5,0.7,bilinear,6,0,0.4726680815219879,0,False,0.8510344827586207,0.35310344827586204,1.0
23115,0,CF2,L5,0.7,bilinear,1,1,0.4174058139324188,1,False,0.8702928870292888,0.3542538354253835,0.9921875
6396,0,CF2,L5,0.7,bilinear,0,0,0.7841869592666626,1,False,0.8482758620689655,0.35310344827586204,1.0
19142,0,CF2,L5,0.7,bilinear,4,0,0.5516045093536377,0,False,0.8339973439575034,0.3399734395750332,1.0
13157,0,CF2,L5,0.7,bilinear,3,6,0.6251345276832581,0,False,0.8527027027027027,0.34594594594594597,1.0
19866,0,CF2,L5,0.7,bilinear,1,0,0.5345660448074341,0,False,0.8694481830417228,0.3445491251682369,1.0
25996,0,CF2,L5,0.7,bilinear,8,2,0.6516320705413818,0,False,0.8201936376210235,0.3333333333333333,0.94140625
25515,0,CF2,L5,0.7,bilinear,7,0,0.4624421298503876,0,False,0.8437067773167358,0.35408022130013833,1.0
12876,0,CF2,L5,0.7,bilinear,0,1,0.4127104878425598,0,False,0.8555858310626703,0.33651226158038144,0.96484375
17565,0,CF2,L5,0.7,bilinear,6,2,0.6409963369369507,0,False,0.8684931506849315,0.3506849315068493,1.0
17511,0,CF2,L5,0.7,bilinear,4,0,0.6257296800613403,0,False,0.8521617852161785,0.35704323570432356,1.0
19996,0,CF2,L5,0.7,bilinear,0,1,0.4648626446723938,0,False,0.8407557354925776,0.340080971659919,0.984375
12807,0,CF2,L5,0.7,bilinear,1,2,0.5538607239723206,0,False,0.8740157480314961,0.3359580052493438,1.0
11001,0,CF2,L5,0.7,bilinear,9,0,0.6862178444862366,0,False,0.8335625859697386,0.35213204951856947,1.0
13107,0,CF2,L5,0.7,bilinear,0,0,0.35204577445983887,1,False,0.8427586206896551,0.34620689655172415,0.98046875
12641,0,CF2,L5,0.7,bilinear,6,1,0.9981371164321899,0,False,0.8555555555555555,0.3333333333333333,0.9375
22667,0,CF2,L5,0.7,bilinear,5,0,0.544151782989502,0,False,0.8199445983379502,0.35318559556786705,0.99609375
7310,0,CF2,L5,0.7,bilinear,7,1,0.27364155650138855,0,False,0.8166666666666667,0.3527777777777778,0.9921875
764,0,CF2,L5,0.7,bilinear,1,1,0.4261934161186218,1,False,0.8265027322404371,0.32650273224043713,0.93359375
14813,0,CF2,L5,0.7,bilinear,4,1,0.4030514061450958,0,False,0.862533692722372,0.3450134770889488,1.0
7132,0,CF2,L5,0.7,bilinear,2,0,0.4055253863334656,0,False,0.86593707250342,0.35020519835841313,1.0
23884,0,CF2,L5,0.7,bilinear,1,0,0.4470760226249695,0,False,0.84375,0.34782608695652173,1.0
22735,0,CF2,L5,0.7,bilinear,8,1,0.4013423025608063,0,False,0.8427586206896551,0.35310344827586204,1.0
12483,0,CF2,L5,0.7,bilinear,2,2,0.21202373504638672,1,False,0.8402203856749312,0.3526170798898072,1.0
10442,0,CF2,L5,0.7,bilinear,6,6,0.35284316539764404,1,False,0.8010610079575596,0.27718832891246686,0.81640625
3733,0,CF2,L5,0.7,bilinear,8,0,0.9639264941215515,0,False,0.8510928961748634,0.34972677595628415,1.0
20089,0,CF2,L5,0.7,bilinear,4,1,0.3599468469619751,0,False,0.8792650918635171,0.3359580052493438,1.0
20411,0,CF2,L5,0.7,bilinear,4,1,0.3813987970352173,0,False,0.8161559888579387,0.3551532033426184,0.99609375
10695,0,CF2,L5,0.7,bilinear,4,2,0.5655949711799622,0,False,0.826265389876881,0.33652530779753764,0.9609375
11992,0,CF2,L5,0.7,bilinear,2,1,0.2846081256866455,0,False,0.8539638386648123,0.3560500695410292,1.0
20712,0,CF2,L5,0.7,bilinear,7,1,0.7109309434890747,0,False,0.8472032742155525,0.34924965893587995,1.0
6518,0,CF2,L5,0.7,bilinear,8,0,0.6904802918434143,0,False,0.8836565096952909,0.3545706371191136,1.0
6015,0,CF2,L5,0.7,bilinear,9,0,0.9812777638435364,0,False,0.8839634941329857,0.33376792698826596,1.0
8396,0,CF2,L5,0.7,bilinear,5,5,0.4723258316516876,1,False,0.8468965517241379,0.3489655172413793,0.98828125
12097,0,CF2,L5,0.7,bilinear,9,0,0.5783426761627197,0,False,0.7922769640479361,0.3395472703062583,0.99609375
12565,0,CF2,L5,0.7,bilinear,2,7,0.4547936022281647,0,False,0.833103448275862,0.34344827586206894,0.97265625
22474,0,CF2,L5,0.7,bilinear,4,1,0.24390695989131927,0,False,0.8534599728629579,0.3473541383989145,1.0
25110,0,CF2,L5,0.7,bilinear,9,9,0.2938739061355591,1,False,0.8259705488621151,0.3360107095046854,0.98046875
8275,0,CF2,L5,0.7,bilinear,8,0,0.23790687322616577,0,False,0.8466850828729282,0.35359116022099446,1.0
3871,0,CF2,L5,0.7,bilinear,1,6,0.3869337737560272,0,False,0.8122392211404729,0.35465924895688455,0.99609375
24639,0,CF2,L5,0.7,bilinear,2,2,0.4731033742427826,1,False,0.8708333333333333,0.3527777777777778,0.9921875
15979,0,CF2,L5,0.7,bilinear,3,0,0.39420467615127563,0,False,0.8559670781893004,0.3511659807956104,1.0
24513,0,CF2,L5,0.7,bilinear,6,1,0.8698920011520386,0,False,0.8495212038303693,0.3392612859097127,0.96875
10926,0,CF2,L5,0.7,bilinear,7,0,0.30628833174705505,0,False,0.871313672922252,0.34316353887399464,1.0
25564,0,CF2,L5,0.7,bilinear,0,0,0.7014304399490356,1,False,0.8655913978494624,0.34408602150537637,1.0
2118,0,CF2,L5,0.7,bilinear,0,0,0.6737076044082642,1,False,0.8506224066390041,0.35408022130013833,1.0
4358,0,CF2,L5,0.7,bilinear,9,7,0.49432289600372314,0,False,0.8416666666666667,0.35555555555555557,1.0
5674,0,CF2,L5,0.7,bilinear,8,0,0.53961181640625,0,False,0.8350125944584383,0.3136020151133501,0.97265625
3397,0,CF2,L5,0.7,bilinear,7,0,0.47328293323516846,0,False,0.8523676880222841,0.3565459610027855,1.0
5183,0,CF2,L5,0.7,bilinear,7,0,0.7407059073448181,0,False,0.831989247311828,0.3387096774193548,0.984375
7505,0,CF2,L5,0.7,bilinear,9,0,0.5351324081420898,0,False,0.8256130790190735,0.3474114441416894,0.99609375
17539,0,CF2,L5,0.7,bilinear,0,0,0.24680195748806,1,False,0.8200836820083682,0.3528591352859135,0.98828125
23918,0,CF2,L5,0.7,bilinear,6,6,0.3443100154399872,1,False,0.8407202216066482,0.35041551246537395,0.98828125
19449,0,CF2,L5,0.7,bilinear,2,2,0.3192604184150696,1,False,0.8842975206611571,0.3526170798898072,1.0
18599,0,CF2,L5,0.7,bilinear,3,1,0.374668687582016,0,False,0.8676880222841226,0.3565459610027855,1.0
8175,0,CF2,L5,0.7,bilinear,8,1,0.30544790625572205,0,False,0.8581267217630854,0.3526170798898072,1.0
18412,0,CF2,L5,0.7,bilinear,7,0,0.28671494126319885,0,False,0.876358695652174,0.34646739130434784,0.99609375
20667,0,CF2,L5,0.7,bilinear,1,0,0.6804879903793335,0,False,0.8462566844919787,0.3422459893048128,1.0
8672,0,CF2,L5,0.7,bilinear,9,0,0.3802323639392853,0,False,0.8476454293628809,0.3518005540166205,0.9921875
22087,0,CF2,L5,0.7,bilinear,1,1,0.36122310161590576,1,False,0.8616874135546335,0.35408022130013833,1.0
6910,0,CF2,L5,0.7,bilinear,2,2,0.5301931500434875,1,False,0.8683853459972863,0.3473541383989145,1.0
19205,0,CF2,L5,0.7,bilinear,3,2,0.5812609195709229,0,False,0.8475935828877005,0.3114973262032086,0.91015625
10581,0,CF2,L5,0.7,bilinear,3,0,0.4969988465309143,0,False,0.848,0.3373333333333333,0.98828125
14516,0,CF2,L5,0.7,bilinear,4,4,0.3768637478351593,1,False,0.8428372739916551,0.3560500695410292,1.0
22602,0,CF2,L5,0.7,bilinear,4,4,0.7237288355827332,1,False,0.8361508452535761,0.33029908972691807,0.9921875
1944,0,CF2,L5,0.7,bilinear,0,0,0.2730609178543091,1,False,0.8699861687413555,0.35408022130013833,1.0
19718,0,CF2,L5,0.7,bilinear,0,2,0.37851935625076294,0,False,0.8108484005563282,0.3087621696801113,0.8671875
15599,0,CF2,L5,0.7,bilinear,7,0,0.9282500743865967,0,False,0.899171270718232,0.35359116022099446,1.0
16766,0,CF2,L5,0.7,bilinear,9,2,0.23425152897834778,0,False,0.8267195767195767,0.28835978835978837,0.8515625
12317,0,CF2,L5,0.7,bilinear,5,1,0.5877935886383057,0,False,0.8654592496765847,0.3311772315653299,1.0
6275,0,CF2,L5,0.7,bilinear,6,0,0.6349065899848938,0,False,0.8527777777777777,0.35555555555555557,1.0
14332,0,CF2,L5,0.7,bilinear,3,5,0.65617835521698,0,False,0.786472148541114,0.3183023872679045,0.9375
25615,0,CF2,L5,0.7,bilinear,8,0,0.5150908827781677,0,False,0.896032831737346,0.35020519835841313,1.0
7680,0,CF2,L5,0.7,bilinear,7,3,0.22008249163627625,0,False,0.8471023427866831,0.3156596794081381,1.0
22105,0,CF2,L5,0.7,bilinear,7,0,0.8844395279884338,0,False,0.8744769874476988,0.35704323570432356,1.0
19179,0,CF2,L5,0.7,bilinear,5,0,0.3696398437023163,0,False,0.8693259972489684,0.34800550206327374,0.98828125
22379,0,CF2,L5,0.7,bilinear,5,0,0.7094677090644836,0,False,0.8469387755102041,0.32653061224489793,1.0
11796,0,CF2,L5,0.7,bilinear,0,0,0.29437586665153503,1,False,0.8163265306122449,0.3292517006802721,0.9453125
16929,0,CF2,L5,0.7,bilinear,0,4,0.4297386705875397,0,False,0.8324324324324325,0.34459459459459457,0.99609375
20580,0,CF2,L5,0.7,bilinear,2,0,0.7425917387008667,0,False,0.8617157490396927,0.32778489116517284,1.0
21272,0,CF2,L5,0.7,bilinear,7,0,0.9062045812606812,0,False,0.8521505376344086,0.34408602150537637,1.0
12963,0,CF2,L5,0.7,bilinear,4,0,0.5353022813796997,0,False,0.8471074380165289,0.3333333333333333,0.9453125
15648,0,CF2,L5,0.7,bilinear,9,0,0.6070194244384766,0,False,0.841897233201581,0.3372859025032938,1.0
10831,0,CF2,L5,0.7,bilinear,6,7,0.8560956120491028,0,False,0.8605299860529986,0.35564853556485354,0.99609375
12228,0,CF2,L5,0.7,bilinear,3,0,0.5155572295188904,0,False,0.8271604938271605,0.3511659807956104,1.0
2242,0,CF2,L5,0.7,bilinear,7,6,0.42055946588516235,0,False,0.8528198074277854,0.35213204951856947,1.0
25443,0,CF2,L5,0.7,bilinear,3,2,0.4698388874530792,0,False,0.8451882845188284,0.35704323570432356,1.0
23913,0,CF2,L5,0.7,bilinear,1,2,0.25693219900131226,0,False,0.8306451612903226,0.34139784946236557,0.9921875
18452,0,CF2,L5,0.7,bilinear,1,1,0.6273659467697144,1,False,0.8549511854951185,0.3542538354253835,0.9921875
12210,0,CF2,L5,0.7,bilinear,0,0,0.8100375533103943,1,False,0.850415512465374,0.3545706371191136,1.0
3532,0,CF2,L5,0.7,bilinear,6,3,0.7187350988388062,0,False,0.8589041095890411,0.3506849315068493,1.0
13678,0,CF2,L5,0.7,bilinear,9,4,0.2527773678302765,0,False,0.8681757656458056,0.3382157123834887,0.9921875
21370,0,CF2,L5,0.7,bilinear,5,2,0.46993497014045715,0,False,0.8983957219251337,0.3422459893048128,1.0
23728,0,CF2,L5,0.7,bilinear,9,2,0.42679718136787415,0,False,0.8386648122392212,0.3560500695410292,1.0
7460,0,CF2,L5,0.7,bilinear,0,0,0.29497233033180237,1,False,0.8360215053763441,0.34408602150537637,1.0
25354,0,CF2,L5,0.7,bilinear,2,6,0.4330189824104309,0,False,0.8743386243386243,0.3386243386243386,1.0
18984,0,CF2,L5,0.7,bilinear,8,8,0.22465437650680542,1,False,0.8630872483221477,0.3436241610738255,1.0
12422,0,CF2,L5,0.7,bilinear,6,2,0.6200892925262451,0,False,0.8651226158038147,0.34877384196185285,1.0
7413,0,CF2,L5,0.7,bilinear,4,0,0.7026844024658203,0,False,0.8794233289646134,0.33551769331585846,1.0
