patch_id,seed,family,level,frac,method,true_label,prediction,confidence,correct,bounded_unknown,isolated_missing_frac,mask_overlap_centre,centre_erased_frac
17222,0,CF2,L5,0.7,dictlearn,8,0,0.6617859601974487,0,False,0.8406593406593407,0.3269230769230769,0.9296875
7987,0,CF2,L5,0.7,dictlearn,4,5,0.4747074842453003,0,False,0.8183023872679045,0.32360742705570295,0.953125
14403,0,CF2,L5,0.7,dictlearn,1,1,0.4416831433773041,1,False,0.8865153538050734,0.32977303070761016,0.96484375
12904,0,CF2,L5,0.7,dictlearn,1,0,0.4392894506454468,0,False,0.8523035230352304,0.34688346883468835,1.0
1024,0,CF2,L5,0.7,dictlearn,2,5,0.6394599676132202,0,False,0.8227513227513228,0.3134920634920635,0.92578125
15700,0,CF2,L5,0.7,dictlearn,3,8,0.3215576112270355,0,False,0.8751660026560425,0.3399734395750332,1.0
12639,0,CF2,L5,0.7,dictlearn,7,7,0.3642093241214752,1,False,0.8224932249322493,0.3224932249322493,0.9296875
20658,0,CF2,L5,0.7,dictlearn,4,1,0.4917227327823639,0,False,0.8518005540166205,0.3545706371191136,1.0
2642,0,CF2,L5,0.7,dictlearn,7,6,0.38271498680114746,0,False,0.8399452804377565,0.30506155950752395,0.87109375
9392,0,CF2,L5,0.7,dictlearn,9,2,0.25907012820243835,0,False,0.850415512465374,0.3545706371191136,1.0
23357,0,CF2,L5,0.7,dictlearn,5,0,0.6041815876960754,0,False,0.8386666666666667,0.33066666666666666,0.96875
15977,0,CF2,L5,0.7,dictlearn,0,1,0.526154100894928,0,False,0.8921161825726142,0.35408022130013833,1.0
10440,0,CF2,L5,0.7,dictlearn,0,1,0.4199853539466858,0,False,0.8314917127071824,0.35220994475138123,0.99609375
14216,0,CF2,L5,0.7,dictlearn,3,1,0.6377236247062683,0,False,0.840599455040872,0.3474114441416894,0.99609375
18353,0,CF2,L5,0.7,dictlearn,7,1,0.3645946681499481,0,False,0.8555555555555555,0.35555555555555557,1.0
17404,0,CF2,L5,0.7,dictlearn,3,0,0.861967921257019,0,False,0.8563685636856369,0.34688346883468835,1.0
8424,0,CF2,L5,0.7,dictlearn,8,1,0.41976845264434814,0,False,0.8956884561891516,0.3532684283727399,0.9921875
4744,0,CF2,L5,0.7,dictlearn,8,0,0.44470587372779846,0,False,0.8481182795698925,0.34408602150537637,1.0
18797,0,CF2,L5,0.7,dictlearn,7,1,0.2919578552246094,0,False,0.8556005398110661,0.34547908232118757,1.0
3156,0,CF2,L5,0.7,dictlearn,7,2,0.5306322574615479,0,False,0.8666666666666667,0.3541666666666667,0.99609375
17024,0,CF2,L5,0.7,dictlearn,2,4,0.6034377813339233,0,False,0.8856749311294766,0.3526170798898072,1.0
7807,0,CF2,L5,0.7,dictlearn,8,0,0.36375901103019714,0,False,0.8593314763231198,0.3565459610027855,1.0
138,0,CF2,L5,0.7,dictlearn,0,1,0.2667439877986908,0,False,0.8555858310626703,0.34877384196185285,1.0
20222,0,CF2,L5,0.7,dictlearn,2,0,0.7964302897453308,0,False,0.8569444444444444,0.3527777777777778,0.9921875
24734,0,CF2,L5,0.7,dictlearn,9,2,0.4616534411907196,0,False,0.8553888130968622,0.3451568894952251,0.98828125
8909,0,CF2,L5,0.7,dictlearn,0,0,0.5651944279670715,1,False,0.8755129958960328,0.35020519835841313,1.0
4684,0,CF2,L5,0.7,dictlearn,1,1,0.35170525312423706,1,False,0.850974930362117,0.3565459610027855,1.0
15978,0,CF2,L5,0.7,dictlearn,6,1,0.4907796084880829,0,False,0.830393487109905,0.33649932157394846,0.96875
21495,0,CF2,L5,0.7,dictlearn,7,1,0.5764240026473999,0,False,0.8200836820083682,0.3305439330543933,0.92578125
5107,0,CF2,L5,0.7,dictlearn,6,2,0.31255903840065,0,False,0.8333333333333334,0.3098958333333333,0.9296875
1914,0,CF2,L5,0.7,dictlearn,2,1,0.5455495119094849,0,False,0.8523489932885906,0.3436241610738255,1.0
21307,0,CF2,L5,0.7,dictlearn,1,2,0.5503690838813782,0,False,0.8556149732620321,0.3422459893048128,1.0
7178,0,CF2,L5,0.7,dictlearn,4,3,0.32600125670433044,0,False,0.8050139275766016,0.32172701949860727,0.90234375
13264,0,CF2,L5,0.7,dictlearn,4,0,0.3184316158294678,0,False,0.8706536856745479,0.3560500695410292,1.0
21507,0,CF2,L5,0.7,dictlearn,1,1,0.5087964534759521,1,False,0.8735019973368842,0.340878828229028,1.0
8399,0,CF2,L5,0.7,dictlearn,9,2,0.5717108845710754,0,False,0.9017735334242838,0.34924965893587995,1.0
4384,0,CF2,L5,0.7,dictlearn,0,1,0.7909932136535645,0,False,0.821236559139785,0.33064516129032256,0.9609375
5820,0,CF2,L5,0.7,dictlearn,0,5,0.26509907841682434,0,False,0.8150134048257373,0.3190348525469169,0.9296875
22865,0,CF2,L5,0.7,dictlearn,0,1,0.3837760388851166,0,False,0.8111111111111111,0.3416666666666667,0.9609375
65,0,CF2,L5,0.7,dictlearn,0,1,0.37317904829978943,0,False,0.8252427184466019,0.34812760055478503,0.98046875
15494,0,CF2,L5,0.7,dictlearn,6,1,0.4173578917980194,0,False,0.8550913838120104,0.3342036553524804,1.0
2327,0,CF2,L5,0.7,dictlearn,5,2,0.6692483425140381,0,False,0.8074792243767313,0.31994459833795014,0.90234375
24596,0,CF2,L5,0.7,dictlearn,7,0,0.2371462881565094,0,False,0.8208333333333333,0.3416666666666667,0.9609375
3825,0,CF2,L5,0.7,dictlearn,5,2,0.2849242091178894,0,False,0.8349514563106796,0.34951456310679613,0.984375
17168,0,CF2,L5,0.7,dictlearn,7,2,0.8684923648834229,0,False,0.8513513513513513,0.34594594594594597,1.0
4357,0,CF2,L5,0.7,dictlearn,3,0,0.8492511510848999,0,False,0.8767123287671232,0.3506849315068493,1.0
2364,0,CF2,L5,0.7,dictlearn,9,0,0.43336597084999084,0,False,0.8785425101214575,0.34547908232118757,1.0
8703,0,CF2,L5,0.7,dictlearn,9,1,0.8176342844963074,0,False,0.8354253835425384,0.35564853556485354,0.99609375
19390,0,CF2,L5,0.7,dictlearn,9,0,0.6678144335746765,0,False,0.8442622950819673,0.34153005464480873,0.9765625
17853,0,CF2,L5,0.7,dictlearn,6,1,0.4095737338066101,0,False,0.8344827586206897,0.3393103448275862,0.9609375
4930,0,CF2,L5,0.7,dictlearn,4,0,0.32699522376060486,0,False,0.86,0.3413333333333333,1.0
5314,0,CF2,L5,0.7,dictlearn,8,1,0.4185367822647095,0,False,0.8579387186629527,0.35376044568245124,0.9921875
4478,0,CF2,L5,0.7,dictlearn,8,7,0.28147760033607483,0,False,0.8019390581717452,0.3518005540166205,0.9921875
23679,0,CF2,L5,0.7,dictlearn,4,1,0.458739310503006,0,False,0.8494055482166446,0.3381770145310436,1.0
5449,0,CF2,L5,0.7,dictlearn,1,2,0.6593295335769653,0,False,0.7819650067294751,0.30955585464333785,0.8984375
24183,0,CF2,L5,0.7,dictlearn,0,1,0.7472145557403564,0,False,0.8623087621696801,0.3560500695410292,1.0
20842,0,CF2,L5,0.7,dictlearn,3,1,0.510367214679718,0,False,0.8524137931034482,0.35310344827586204,1.0
18825,0,CF2,L5,0.7,dictlearn,9,0,0.9331454634666443,0,False,0.8408163265306122,0.34829931972789113,1.0
6265,0,CF2,L5,0.7,dictlearn,1,0,0.33770260214805603,0,False,0.8038674033149171,0.3453038674033149,0.9765625
24932,0,CF2,L5,0.7,dictlearn,4,0,0.4417027235031128,0,False,0.8337950138504155,0.35318559556786705,0.99609375
14427,0,CF2,L5,0.7,dictlearn,8,0,0.5152761340141296,0,False,0.8569553805774278,0.3359580052493438,1.0
3740,0,CF2,L5,0.7,dictlearn,7,1,0.9410650730133057,0,False,0.86,0.33866666666666667,0.9921875
16809,0,CF2,L5,0.7,dictlearn,9,2,0.6529126167297363,0,False,0.8391699092088197,0.32814526588845655,0.98828125
1136,0,CF2,L5,0.7,dictlearn,1,1,0.4999474287033081,1,False,0.8036211699164345,0.30779944289693595,0.86328125
25757,0,CF2,L5,0.7,dictlearn,5,0,0.6061954498291016,0,False,0.8205479452054795,0.3219178082191781,0.91796875
7356,0,CF2,L5,0.7,dictlearn,4,0,0.36465075612068176,0,False,0.8563899868247694,0.3359683794466403,0.99609375
12298,0,CF2,L5,0.7,dictlearn,0,0,0.6650679111480713,1,False,0.8647140864714087,0.3514644351464435,0.984375
5700,0,CF2,L5,0.7,dictlearn,3,1,0.5123128294944763,0,False,0.8604972375690608,0.3425414364640884,0.96875
22753,0,CF2,L5,0.7,dictlearn,6,1,0.48409169912338257,0,False,0.8402203856749312,0.3443526170798898,0.9765625
16813,0,CF2,L5,0.7,dictlearn,6,1,0.41354039311408997,0,False,0.8438761776581427,0.33781965006729475,0.98046875
7373,0,CF2,L5,0.7,dictlearn,8,1,0.5568570494651794,0,False,0.8540245566166439,0.3451568894952251,0.98828125
20149,0,CF2,L5,0.7,dictlearn,2,1,0.7810260057449341,0,False,0.8263888888888888,0.3472222222222222,0.9765625
15874,0,CF2,L5,0.7,dictlearn,9,7,0.5129851698875427,0,False,0.837874659400545,0.3460490463215259,0.9921875
26011,0,CF2,L5,0.7,dictlearn,0,0,0.6478375792503357,1,False,0.8221614227086184,0.34610123119015046,0.98828125
4196,0,CF2,L5,0.7,dictlearn,9,0,0.6113824248313904,0,False,0.8333333333333334,0.35555555555555557,1.0
11227,0,CF2,L5,0.7,dictlearn,3,1,0.3687726855278015,0,False,0.8628808864265928,0.3545706371191136,1.0
15736,0,CF2,L5,0.7,dictlearn,3,1,0.5700157284736633,0,False,0.7861799217731421,0.3089960886571056,0.92578125
6339,0,CF2,L5,0.7,dictlearn,6,0,0.801609992980957,0,False,0.8284518828451883,0.3528591352859135,0.98828125
25704,0,CF2,L5,0.7,dictlearn,2,1,0.4152011275291443,0,False,0.8461538461538461,0.3516483516483517,1.0
3190,0,CF2,L5,0.7,dictlearn,7,1,0.6216796040534973,0,False,0.869281045751634,0.32679738562091504,0.9765625
737,0,CF2,L5,0.7,dictlearn,4,1,0.502901554107666,0,False,0.8619246861924686,0.35704323570432356,1.0
22875,0,CF2,L5,0.7,dictlearn,9,0,0.2459983229637146,0,False,0.8642951251646904,0.33201581027667987,0.984375
22749,0,CF2,L5,0.7,dictlearn,3,2,0.7547816038131714,0,False,0.8909574468085106,0.3404255319148936,1.0
22998,0,CF2,L5,0.7,dictlearn,3,0,0.22396767139434814,0,False,0.8648275862068966,0.35310344827586204,1.0
24210,0,CF2,L5,0.7,dictlearn,5,0,0.3486954867839813,0,False,0.8503401360544217,0.33877551020408164,0.97265625
6800,0,CF2,L5,0.7,dictlearn,4,1,0.5202711224555969,0,False,0.7986301369863014,0.34657534246575344,0.98828125
16602,0,CF2,L5,0.7,dictlearn,9,1,0.24620017409324646,0,False,0.883495145631068,0.3550624133148405,1.0
10822,0,CF2,L5,0.7,dictlearn,6,1,0.6350715756416321,0,False,0.8496551724137931,0.3448275862068966,0.9765625
12822,0,CF2,L5,0.7,dictlearn,1,0,0.5921518802642822,0,False,0.869625520110957,0.3550624133148405,1.0
12758,0,CF2,L5,0.7,dictlearn,5,6,0.3180672526359558,0,False,0.8433734939759037,0.3333333333333333,0.97265625
21144,0,CF2,L5,0.7,dictlearn,4,0,0.5469202995300293,0,False,0.871866295264624,0.3565459610027855,1.0
4900,0,CF2,L5,0.7,dictlearn,6,0,0.8904026746749878,0,False,0.8326359832635983,0.3472803347280335,0.97265625
22888,0,CF2,L5,0.7,dictlearn,9,7,0.5935419797897339,0,False,0.8466850828729282,0.3494475138121547,0.98828125
19935,0,CF2,L5,0.7,dictlearn,9,1,0.2729295492172241,0,False,0.8562176165803109,0.3316062176165803,1.0
21896,0,CF2,L5,0.7,dictlearn,7,0,0.3578634560108185,0,False,0.8691460055096418,0.3526170798898072,1.0
3475,0,CF2,L5,0.7,dictlearn,3,0,0.48174214363098145,0,False,0.8535564853556485,0.35704323570432356,1.0
16171,0,CF2,L5,0.7,dictlearn,0,3,0.3057711720466614,0,False,0.7927321668909825,0.2812920592193809,0.81640625
4672,0,CF2,L5,0.7,dictlearn,4,0,0.34169572591781616,0,False,0.8508891928864569,0.35020519835841313,1.0
10146,0,CF2,L5,0.7,dictlearn,2,1,0.540017306804657,0,False,0.8281461434370772,0.3423545331529093,0.98828125
9207,0,CF2,L5,0.7,dictlearn,7,0,0.505744218826294,0,False,0.8407202216066482,0.34210526315789475,0.96484375
17745,0,CF2,L5,0.7,dictlearn,9,0,0.4283677339553833,0,False,0.8627717391304348,0.34782608695652173,1.0
432,0,CF2,L5,0.7,dictlearn,7,1,0.4482276737689972,0,False,0.842032967032967,0.33516483516483514,0.953125
6608,0,CF2,L5,0.7,dictlearn,4,0,0.6974804401397705,0,False,0.7988904299583911,0.32038834951456313,0.90234375
25769,0,CF2,L5,0.7,dictlearn,9,8,0.40150758624076843,0,False,0.8518005540166205,0.32409972299168976,0.9140625
14774,0,CF2,L5,0.7,dictlearn,3,4,0.6468192934989929,0,False,0.8638239339752407,0.35213204951856947,1.0
21627,0,CF2,L5,0.7,dictlearn,4,1,0.33003756403923035,0,False,0.8326474622770919,0.33058984910836764,0.94140625
8133,0,CF2,L5,0.7,dictlearn,2,3,0.5844039916992188,0,False,0.845360824742268,0.3118556701030928,0.9453125
12554,0,CF2,L5,0.7,dictlearn,4,1,0.37201592326164246,0,False,0.8519515477792732,0.34185733512786004,0.9921875
10856,0,CF2,L5,0.7,dictlearn,1,1,0.4406319260597229,1,False,0.8843626806833115,0.3363994743758213,1.0
15931,0,CF2,L5,0.7,dictlearn,3,4,0.35176974534988403,0,False,0.8283378746594006,0.32561307901907355,0.93359375
2367,0,CF2,L5,0.7,dictlearn,2,7,0.3829968273639679,0,False,0.8399452804377565,0.3337893296853625,0.953125
25563,0,CF2,L5,0.7,dictlearn,7,1,0.5657315254211426,0,False,0.8695054945054945,0.3516483516483517,1.0
6748,0,CF2,L5,0.7,dictlearn,2,1,0.36096832156181335,0,False,0.8627717391304348,0.34782608695652173,1.0
5368,0,CF2,L5,0.7,dictlearn,8,1,0.4451937675476074,0,False,0.8758526603001364,0.34924965893587995,1.0
25951,0,CF2,L5,0.7,dictlearn,6,1,0.2877604365348816,0,False,0.845108695652174,0.34782608695652173,1.0
22082,0,CF2,L5,0.7,dictlearn,7,1,0.42600008845329285,0,False,0.8650137741046832,0.3526170798898072,1.0
19301,0,CF2,L5,0.7,dictlearn,4,1,0.7834586501121521,0,False,0.8665749656121046,0.35213204951856947,1.0
13302,0,CF2,L5,0.7,dictlearn,4,1,0.3483172357082367,0,False,0.8724559023066486,0.3473541383989145,1.0
15358,0,CF2,L5,0.7,dictlearn,0,1,0.3422296643257141,0,False,0.7856154910096819,0.3333333333333333,0.94140625
23572,0,CF2,L5,0.7,dictlearn,2,1,0.3885996341705322,0,False,0.8884297520661157,0.3526170798898072,1.0
14736,0,CF2,L5,0.7,dictlearn,4,0,0.42882612347602844,0,False,0.8396739130434783,0.34646739130434784,0.99609375
16685,0,CF2,L5,0.7,dictlearn,2,1,0.38246557116508484,0,False,0.8308724832214766,0.3409395973154362,0.9921875
21902,0,CF2,L5,0.7,dictlearn,7,0,0.5430180430412292,0,False,0.8464619492656876,0.3417890520694259,1.0
6713,0,CF2,L5,0.7,dictlearn,5,1,0.4577607810497284,0,False,0.8607764390896921,0.3427041499330656,1.0
8771,0,CF2,L5,0.7,dictlearn,4,1,0.708387017250061,0,False,0.8302139037433155,0.3422459893048128,1.0
20264,0,CF2,L5,0.7,dictlearn,3,8,0.3231542706489563,0,False,0.8362892223738063,0.32332878581173263,0.92578125
24489,0,CF2,L5,0.7,dictlearn,1,0,0.48242130875587463,0,False,0.8521617852161785,0.35704323570432356,1.0
24852,0,CF2,L5,0.7,dictlearn,1,0,0.41789746284484863,0,False,0.8595271210013908,0.3560500695410292,1.0
6746,0,CF2,L5,0.7,dictlearn,1,1,0.5853736400604248,1,False,0.8200836820083682,0.3542538354253835,0.9921875
5951,0,CF2,L5,0.7,dictlearn,5,0,0.7979716062545776,0,False,0.8243430152143845,0.35408022130013833,1.0
6438,0,CF2,L5,0.7,dictlearn,4,1,0.4465958774089813,0,False,0.8263157894736842,0.31973684210526315,0.94921875
11126,0,CF2,L5,0.7,dictlearn,9,2,0.4091276228427887,0,False,0.8667582417582418,0.34615384615384615,0.984375
24241,0,CF2,L5,0.7,dictlearn,3,2,0.4304257929325104,0,False,0.8441734417344173,0.34688346883468835,1.0
23621,0,CF2,L5,0.7,dictlearn,6,1,0.5546486377716064,0,False,0.8549931600547196,0.34610123119015046,0.98828125
14358,0,CF2,L5,0.7,dictlearn,6,1,0.692970335483551,0,False,0.8751677852348994,0.3436241610738255,1.0
19003,0,CF2,L5,0.7,dictlearn,6,4,0.22049148380756378,0,False,0.8272980501392758,0.34818941504178275,0.9765625
3760,0,CF2,L5,0.7,dictlearn,9,1,0.3870169520378113,0,False,0.8559556786703602,0.3545706371191136,1.0
1155,0,CF2,L5,0.7,dictlearn,5,7,0.4151211380958557,0,False,0.8562176165803109,0.327720207253886,0.98828125
22044,0,CF2,L5,0.7,dictlearn,8,1,0.4224981665611267,0,False,0.8662162162162163,0.34594594594594597,1.0
17521,0,CF2,L5,0.7,dictlearn,4,0,0.49303528666496277,0,False,0.8655913978494624,0.34408602150537637,1.0
15177,0,CF2,L5,0.7,dictlearn,9,0,0.4716896414756775,0,False,0.8661087866108786,0.35704323570432356,1.0
21080,0,CF2,L5,0.7,dictlearn,0,4,0.4255134165287018,0,False,0.8475935828877005,0.3114973262032086,0.91015625
4507,0,CF2,L5,0.7,dictlearn,5,1,0.4580383598804474,0,False,0.8342465753424657,0.33835616438356164,0.96484375
10600,0,CF2,L5,0.7,dictlearn,7,1,0.4520951807498932,0,False,0.8301404853128991,0.31928480204342274,0.9765625
11754,0,CF2,L5,0.7,dictlearn,1,1,0.6238974332809448,1,False,0.8774373259052924,0.35097493036211697,0.984375
22934,0,CF2,L5,0.7,dictlearn,4,1,0.6036421060562134,0,False,0.8434903047091413,0.3518005540166205,0.9921875
19094,0,CF2,L5,0.7,dictlearn,3,1,0.83686763048172,0,False,0.842896174863388,0.34972677595628415,1.0
25246,0,CF2,L5,0.7,dictlearn,7,1,0.2770991325378418,0,False,0.8581363004172462,0.3560500695410292,1.0
14745,0,CF2,L5,0.7,dictlearn,2,0,0.6624122262001038,0,False,0.8762169680111266,0.3560500695410292,1.0
3177,0,CF2,L5,0.7,dictlearn,8,0,0.6270902156829834,0,False,0.8457300275482094,0.3415977961432507,0.96875
13870,0,CF2,L5,0.7,dictlearn,5,6,0.22739973664283752,0,False,0.8622047244094488,0.32808398950131235,0.9765625
5605,0,CF2,L5,0.7,dictlearn,6,1,0.32611969113349915,0,False,0.8565629228687416,0.3423545331529093,0.98828125
5202,0,CF2,L5,0.7,dictlearn,8,2,0.7509956359863281,0,False,0.7970027247956403,0.30517711171662126,0.875
8800,0,CF2,L5,0.7,dictlearn,5,0,0.7609317898750305,0,False,0.8510344827586207,0.35310344827586204,1.0
645,0,CF2,L5,0.7,dictlearn,3,0,0.7008119225502014,0,False,0.8569482288828338,0.34877384196185285,1.0
16077,0,CF2,L5,0.7,dictlearn,5,1,0.4472762644290924,0,False,0.869220607661823,0.3381770145310436,1.0
15336,0,CF2,L5,0.7,dictlearn,5,1,0.7429869771003723,0,False,0.8453473132372215,0.32765399737876805,0.9765625
20933,0,CF2,L5,0.7,dictlearn,0,1,0.5354501008987427,0,False,0.8464619492656876,0.3391188251001335,0.9921875
10580,0,CF2,L5,0.7,dictlearn,8,3,0.31204351782798767,0,False,0.835635359116022,0.319060773480663,0.90234375
25902,0,CF2,L5,0.7,dictlearn,6,2,0.7989482879638672,0,False,0.8602739726027397,0.34794520547945207,0.9921875
4666,0,CF2,L5,0.7,dictlearn,8,4,0.7159549593925476,0,False,0.7893296853625171,0.29411764705882354,0.83984375
14541,0,CF2,L5,0.7,dictlearn,4,1,0.40108877420425415,0,False,0.8271604938271605,0.3484224965706447,0.9921875
7374,0,CF2,L5,0.7,dictlearn,5,1,0.48435866832733154,0,False,0.8422496570644719,0.3511659807956104,1.0
4697,0,CF2,L5,0.7,dictlearn,5,1,0.39859360456466675,0,False,0.8399452804377565,0.35020519835841313,1.0
6317,0,CF2,L5,0.7,dictlearn,5,7,0.32187598943710327,0,False,0.8402777777777778,0.35555555555555557,1.0
16623,0,CF2,L5,0.7,dictlearn,6,1,0.4619874358177185,0,False,0.8222523744911805,0.3093622795115332,0.890625
16511,0,CF2,L5,0.7,dictlearn,6,1,0.2856746017932892,0,False,0.8672199170124482,0.35408022130013833,1.0
16162,0,CF2,L5,0.7,dictlearn,3,6,0.5390288829803467,0,False,0.8270571827057183,0.3472803347280335,0.97265625
5989,0,CF2,L5,0.7,dictlearn,1,0,0.48125484585762024,0,False,0.8457300275482094,0.3443526170798898,0.9765625
18753,0,CF2,L5,0.7,dictlearn,5,1,0.41624191403388977,0,False,0.88,0.3103030303030303,1.0
20853,0,CF2,L5,0.7,dictlearn,4,0,0.48199355602264404,0,False,0.8425414364640884,0.35359116022099446,1.0
16556,0,CF2,L5,0.7,dictlearn,0,2,0.4207165241241455,0,False,0.8382147838214784,0.3542538354253835,0.9921875
7019,0,CF2,L5,0.7,dictlearn,9,2,0.44347673654556274,0,False,0.8557692307692307,0.3516483516483517,1.0
3090,0,CF2,L5,0.7,dictlearn,6,1,0.4749855697154999,0,False,0.8734525447042641,0.35213204951856947,1.0
14680,0,CF2,L5,0.7,dictlearn,3,0,0.5629329085350037,0,False,0.8132780082987552,0.34439834024896265,0.97265625
869,0,CF2,L5,0.7,dictlearn,3,0,0.4098524749279022,0,False,0.8395573997233748,0.3457814661134163,0.9765625
7595,0,CF2,L5,0.7,dictlearn,6,0,0.5798729658126831,0,False,0.8557692307692307,0.35027472527472525,0.99609375
14417,0,CF2,L5,0.7,dictlearn,1,2,0.4971468150615692,0,False,0.8218232044198895,0.3425414364640884,0.96875
13624,0,CF2,L5,0.7,dictlearn,9,2,0.6811262965202332,0,False,0.8150208623087621,0.3101529902642559,0.87109375
21083,0,CF2,L5,0.7,dictlearn,0,0,0.5763726234436035,1,False,0.8409090909090909,0.33689839572192515,0.984375
7556,0,CF2,L5,0.7,dictlearn,1,4,0.40610551834106445,0,False,0.8546433378196501,0.3364737550471063,0.9765625
9289,0,CF2,L5,0.7,dictlearn,8,1,0.5797367095947266,0,False,0.8746701846965699,0.33773087071240104,1.0
19944,0,CF2,L5,0.7,dictlearn,3,1,0.6319099068641663,0,False,0.8490066225165563,0.3390728476821192,1.0
6057,0,CF2,L5,0.7,dictlearn,1,0,0.7061158418655396,0,False,0.8335588633288228,0.34641407307171856,1.0
23029,0,CF2,L5,0.7,dictlearn,8,0,0.5101266503334045,0,False,0.8744769874476988,0.35564853556485354,0.99609375
23668,0,CF2,L5,0.7,dictlearn,5,1,0.4244215488433838,0,False,0.8384401114206128,0.3426183844011142,0.9609375
13115,0,CF2,L5,0.7,dictlearn,8,1,0.45118069648742676,0,False,0.8488529014844804,0.34547908232118757,1.0
20635,0,CF2,L5,0.7,dictlearn,3,2,0.3836067020893097,0,False,0.8460471567267683,0.3550624133148405,1.0
4281,0,CF2,L5,0.7,dictlearn,4,1,0.43451204895973206,0,False,0.8847682119205298,0.3390728476821192,1.0
4139,0,CF2,L5,0.7,dictlearn,9,0,0.6489788889884949,0,False,0.8569444444444444,0.35555555555555557,1.0
10652,0,CF2,L5,0.7,dictlearn,1,2,0.7245228886604309,0,False,0.8540829986613119,0.32262382864792505,0.94140625
700,0,CF2,L5,0.7,dictlearn,1,0,0.7307546138763428,0,False,0.8681318681318682,0.3516483516483517,1.0
5772,0,CF2,L5,0.7,dictlearn,3,1,0.5130845904350281,0,False,0.8390646492434664,0.31911966987620355,0.90625
8114,0,CF2,L5,0.7,dictlearn,9,7,0.45987221598625183,0,False,0.8551532033426184,0.3565459610027855,1.0
5964,0,CF2,L5,0.7,dictlearn,6,0,0.8500205278396606,0,False,0.8368200836820083,0.3458856345885635,0.96875
17278,0,CF2,L5,0.7,dictlearn,7,0,0.41084325313568115,0,False,0.8326417704011065,0.35408022130013833,1.0
9961,0,CF2,L5,0.7,dictlearn,0,2,0.33232760429382324,0,False,0.8337837837837838,0.3054054054054054,0.8828125
25974,0,CF2,L5,0.7,dictlearn,7,2,0.5656983256340027,0,False,0.8314763231197771,0.3245125348189415,0.91015625
14317,0,CF2,L5,0.7,dictlearn,3,2,0.42667850852012634,0,False,0.8117326057298773,0.30286493860845837,0.8671875
6485,0,CF2,L5,0.7,dictlearn,0,0,0.5146575570106506,1,False,0.8453188602442334,0.3473541383989145,1.0
18287,0,CF2,L5,0.7,dictlearn,0,1,0.34933754801750183,0,False,0.8396094839609484,0.34309623430962344,0.9609375
11840,0,CF2,L5,0.7,dictlearn,4,1,0.8309362530708313,0,False,0.8440111420612814,0.3398328690807799,0.953125
864,0,CF2,L5,0.7,dictlearn,0,1,0.3706248700618744,0,False,0.8579310344827586,0.35310344827586204,1.0
20612,0,CF2,L5,0.7,dictlearn,1,2,0.5740804076194763,0,False,0.8548387096774194,0.34408602150537637,1.0
21079,0,CF2,L5,0.7,dictlearn,1,1,0.6496404409408569,1,False,0.8855263157894737,0.3368421052631579,1.0
11286,0,CF2,L5,0.7,dictlearn,5,0,0.4242004156112671,0,False,0.8200836820083682,0.35704323570432356,1.0
788,0,CF2,L5,0.7,dictlearn,0,0,0.6525253653526306,1,False,0.8180555555555555,0.3416666666666667,0.9609375
15932,0,CF2,L5,0.7,dictlearn,3,0,0.5041868090629578,0,False,0.8719346049046321,0.34877384196185285,1.0
18511,0,CF2,L5,0.7,dictlearn,3,2,0.4340972304344177,0,False,0.8577348066298343,0.35359116022099446,1.0
21576,0,CF2,L5,0.7,dictlearn,5,1,0.7297778129577637,0,False,0.8454172366621067,0.35020519835841313,1.0
17237,0,CF2,L5,0.7,dictlearn,2,2,0.3650687336921692,1,False,0.8840381991814461,0.34924965893587995,1.0
2966,0,CF2,L5,0.7,dictlearn,2,0,0.2538817524909973,0,False,0.8191632928475033,0.340080971659919,0.984375
16416,0,CF2,L5,0.7,dictlearn,5,7,0.5807821154594421,0,False,0.8457374830852503,0.34641407307171856,1.0
1280,0,CF2,L5,0.7,dictlearn,5,1,0.24661244451999664,0,False,0.8475274725274725,0.3489010989010989,0.9921875
24928,0,CF2,L5,0.7,dictlearn,0,2,0.5549197196960449,0,False,0.8429752066115702,0.3526170798898072,1.0
23837,0,CF2,L5,0.7,dictlearn,1,1,0.3808019757270813,1,False,0.8513513513513513,0.3418918918918919,0.98828125
20230,0,CF2,L5,0.7,dictlearn,1,1,0.828055739402771,1,False,0.8707940780619112,0.3445491251682369,1.0
23434,0,CF2,L5,0.7,dictlearn,5,9,0.3330070674419403,0,False,0.7945205479452054,0.30684931506849317,0.875
20522,0,CF2,L5,0.7,dictlearn,6,1,0.6704738736152649,0,False,0.853021978021978,0.3516483516483517,1.0
7789,0,CF2,L5,0.7,dictlearn,3,1,0.6946349740028381,0,False,0.8517520215633423,0.3450134770889488,1.0
22086,0,CF2,L5,0.7,dictlearn,6,1,0.6106917262077332,0,False,0.8607242339832869,0.3565459610027855,1.0
21339,0,CF2,L5,0.7,dictlearn,0,2,0.2725755274295807,0,False,0.8379120879120879,0.3447802197802198,0.98046875
6830,0,CF2,L5,0.7,dictlearn,9,1,0.3627675473690033,0,False,0.8559782608695652,0.34782608695652173,1.0
20902,0,CF2,L5,0.7,dictlearn,2,1,0.7815537452697754,0,False,0.8479776847977685,0.35564853556485354,0.99609375
17481,0,CF2,L5,0.7,dictlearn,5,0,0.6098157167434692,0,False,0.8521617852161785,0.35704323570432356,1.0
3050,0,CF2,L5,0.7,dictlearn,6,1,0.3392786383628845,0,False,0.8741721854304636,0.3350993377483444,0.98828125
409,0,CF2,L5,0.7,dictlearn,1,0,0.6659005880355835,0,False,0.8415977961432507,0.34710743801652894,0.984375
14823,0,CF2,L5,0.7,dictlearn,7,1,0.6083784103393555,0,False,0.86468200270636,0.34370771312584575,0.9921875
22892,0,CF2,L5,0.7,dictlearn,9,1,0.32555288076400757,0,False,0.8726287262872628,0.34688346883468835,1.0
9470,0,CF2,L5,0.7,dictlearn,8,1,0.423157274723053,0,False,0.8425925925925926,0.3333333333333333,0.984375
9543,0,CF2,L5,0.7,dictlearn,6,4,0.4748089909553528,0,False,0.8584905660377359,0.33153638814016173,0.9609375
22090,0,CF2,L5,0.7,dictlearn,5,0,0.27706262469291687,0,False,0.8280166435506241,0.34674063800277394,0.9765625
6045,0,CF2,L5,0.7,dictlearn,6,0,0.6620655059814453,0,False,0.8403247631935047,0.33288227334235454,0.9609375
317,0,CF2,L5,0.7,dictlearn,8,2,0.5264760851860046,0,False,0.853494623655914,0.3387096774193548,0.984375
15812,0,CF2,L5,0.7,dictlearn,0,1,0.7140687108039856,0,False,0.8697986577181208,0.3436241610738255,1.0
18170,0,CF2,L5,0.7,dictlearn,9,1,0.3648645877838135,0,False,0.8755186721991701,0.35408022130013833,1.0
14781,0,CF2,L5,0.7,dictlearn,0,0,0.40236061811447144,1,False,0.8883048620236531,0.3363994743758213,1.0
17886,0,CF2,L5,0.7,dictlearn,9,0,0.7296868562698364,0,False,0.840499306518724,0.3550624133148405,1.0
20049,0,CF2,L5,0.7,dictlearn,3,0,0.6147110462188721,0,False,0.8314763231197771,0.34958217270194986,0.98046875
13283,0,CF2,L5,0.7,dictlearn,0,1,0.8298686742782593,0,False,0.8845618915159944,0.3560500695410292,1.0
25830,0,CF2,L5,0.7,dictlearn,5,2,0.53815096616745,0,False,0.8403141361256544,0.3285340314136126,0.98046875
14277,0,CF2,L5,0.7,dictlearn,9,1,0.4582583010196686,0,False,0.8830645161290323,0.34408602150537637,1.0
5908,0,CF2,L5,0.7,dictlearn,1,1,0.6344866156578064,1,False,0.8476454293628809,0.3545706371191136,1.0
9731,0,CF2,L5,0.7,dictlearn,8,1,0.371684730052948,0,False,0.8016304347826086,0.3423913043478261,0.984375
14180,0,CF2,L5,0.7,dictlearn,9,3,0.42849358916282654,0,False,0.8224687933425797,0.3259361997226075,0.91796875
9246,0,CF2,L5,0.7,dictlearn,2,1,0.47552767395973206,0,False,0.8433242506811989,0.3419618528610354,0.98046875
1656,0,CF2,L5,0.7,dictlearn,2,0,0.2020336538553238,0,False,0.8486486486486486,0.34594594594594597,1.0
17712,0,CF2,L5,0.7,dictlearn,1,1,0.3301607370376587,1,False,0.851261620185923,0.3386454183266932,0.99609375
25544,0,CF2,L5,0.7,dictlearn,9,1,0.33325108885765076,0,False,0.8256624825662483,0.3389121338912134,0.94921875
1120,0,CF2,L5,0.7,dictlearn,5,0,0.4984229505062103,0,False,0.8410041841004184,0.3403068340306834,0.953125
1298,0,CF2,L5,0.7,dictlearn,6,1,0.5425275564193726,0,False,0.7947658402203857,0.33884297520661155,0.9609375
25570,0,CF2,L5,0.7,dictlearn,2,1,0.6223328709602356,0,False,0.8619246861924686,0.35704323570432356,1.0
5370,0,CF2,L5,0.7,dictlearn,7,0,0.5136089324951172,0,False,0.8518005540166205,0.3462603878116344,0.9765625
19075,0,CF2,L5,0.7,dictlearn,2,6,0.3941477835178375,0,False,0.8369565217391305,0.32608695652173914,0.9375
8583,0,CF2,L5,0.7,dictlearn,0,1,0.5224320292472839,0,False,0.8718291054739653,0.3417890520694259,1.0
2133,0,CF2,L5,0.7,dictlearn,0,1,0.3827102780342102,0,False,0.8768606224627875,0.34641407307171856,1.0
1982,0,CF2,L5,0.7,dictlearn,2,0,0.7985762357711792,0,False,0.8486111111111111,0.35555555555555557,1.0
950,0,CF2,L5,0.7,dictlearn,8,0,0.6450790166854858,0,False,0.8465753424657534,0.3506849315068493,1.0
19563,0,CF2,L5,0.7,dictlearn,4,1,0.28462913632392883,0,False,0.8676880222841226,0.3565459610027855,1.0
21023,0,CF2,L5,0.7,dictlearn,6,0,0.4255693554878235,0,False,0.8342618384401114,0.3426183844011142,0.9609375
15687,0,CF2,L5,0.7,dictlearn,0,8,0.35942670702934265,0,False,0.844566712517194,0.32737276478679506,0.9296875
6444,0,CF2,L5,0.7,dictlearn,6,0,0.9181275963783264,0,False,0.8681318681318682,0.3516483516483517,1.0
15735,0,CF2,L5,0.7,dictlearn,4,1,0.49672046303749084,0,False,0.8803088803088803,0.32175032175032175,0.9765625
10651,0,CF2,L5,0.7,dictlearn,0,4,0.37280693650245667,0,False,0.862116991643454,0.3064066852367688,0.859375
13256,0,CF2,L5,0.7,dictlearn,1,0,0.3018927574157715,0,False,0.8784676354029062,0.33025099075297226,0.9765625
16855,0,CF2,L5,0.7,dictlearn,6,7,0.31049999594688416,0,False,0.8408163265306122,0.34829931972789113,1.0
14884,0,CF2,L5,0.7,dictlearn,9,1,0.3616238832473755,0,False,0.871900826446281,0.3526170798898072,1.0
21884,0,CF2,L5,0.7,dictlearn,6,1,0.534248948097229,0,False,0.8703448275862069,0.3503448275862069,0.9921875
5078,0,CF2,L5,0.7,dictlearn,3,0,0.712010383605957,0,False,0.8724279835390947,0.3511659807956104,1.0
20419,0,CF2,L5,0.7,dictlearn,9,1,0.824268102645874,0,False,0.8390646492434664,0.34800550206327374,0.98828125
20521,0,CF2,L5,0.7,dictlearn,5,2,0.706305742263794,0,False,0.8477366255144033,0.3511659807956104,1.0
23257,0,CF2,L5,0.7,dictlearn,5,1,0.6345725655555725,0,False,0.850974930362117,0.3565459610027855,1.0
17190,0,CF2,L5,0.7,dictlearn,2,1,0.7346727848052979,0,False,0.8769430051813472,0.3316062176165803,1.0
15631,0,CF2,L5,0.7,dictlearn,8,0,0.2926371991634369,0,False,0.8268698060941828,0.3476454293628809,0.98046875
504,0,CF2,L5,0.7,dictlearn,0,6,0.25548842549324036,0,False,0.8326474622770919,0.3319615912208505,0.9453125
14990,0,CF2,L5,0.7,dictlearn,3,1,0.7707634568214417,0,False,0.8547717842323651,0.35408022130013833,1.0
24512,0,CF2,L5,0.7,dictlearn,8,0,0.4595789909362793,0,False,0.8396094839609484,0.35704323570432356,1.0
23120,0,CF2,L5,0.7,dictlearn,7,1,0.6108986735343933,0,False,0.8597402597402597,0.33246753246753247,1.0
3357,0,CF2,L5,0.7,dictlearn,2,0,0.5078652501106262,0,False,0.8088033012379643,0.33700137551581844,0.95703125
8088,0,CF2,L5,0.7,dictlearn,1,2,0.5829396843910217,0,False,0.8478561549100968,0.35408022130013833,1.0
21849,0,CF2,L5,0.7,dictlearn,9,1,0.3827160894870758,0,False,0.8858321870701513,0.33837689133425036,0.9609375
13683,0,CF2,L5,0.7,dictlearn,0,0,0.4549020826816559,1,False,0.868,0.3413333333333333,1.0
22718,0,CF2,L5,0.7,dictlearn,9,0,0.636728823184967,0,False,0.8472972972972973,0.34054054054054056,0.984375
9927,0,CF2,L5,0.7,dictlearn,4,7,0.7119120955467224,0,False,0.8384512683578104,0.3204272363150868,0.9375
11425,0,CF2,L5,0.7,dictlearn,0,0,0.5354641675949097,1,False,0.8179310344827586,0.3406896551724138,0.96484375
14578,0,CF2,L5,0.7,dictlearn,0,1,0.34387004375457764,0,False,0.8592896174863388,0.34972677595628415,1.0
25481,0,CF2,L5,0.7,dictlearn,8,6,0.3830993175506592,0,False,0.8423988842398884,0.3528591352859135,0.98828125
11269,0,CF2,L5,0.7,dictlearn,5,0,0.7650094628334045,0,False,0.8481532147742818,0.3488372093023256,0.99609375
12877,0,CF2,L5,0.7,dictlearn,5,1,0.34814637899398804,0,False,0.881578947368421,0.3368421052631579,1.0
22531,0,CF2,L5,0.7,dictlearn,9,1,0.2519986629486084,0,False,0.8694481830417228,0.3445491251682369,1.0
13150,0,CF2,L5,0.7,dictlearn,3,1,0.42570042610168457,0,False,0.8659147869674185,0.3208020050125313,1.0
5654,0,CF2,L5,0.7,dictlearn,8,1,0.48775672912597656,0,False,0.8789115646258503,0.3442176870748299,0.98828125
1286,0,CF2,L5,0.7,dictlearn,7,1,0.5419071316719055,0,False,0.8497970230040596,0.3382949932341001,0.9765625
1652,0,CF2,L5,0.7,dictlearn,1,2,0.8974049091339111,0,False,0.8513513513513513,0.34459459459459457,0.99609375
22335,0,CF2,L5,0.7,dictlearn,2,3,0.3304104208946228,0,False,0.8445945945945946,0.3027027027027027,0.875
23848,0,CF2,L5,0.7,dictlearn,3,1,0.39366328716278076,0,False,0.8195592286501377,0.3168044077134986,0.8984375
2892,0,CF2,L5,0.7,dictlearn,6,1,0.5451574921607971,0,False,0.8627187079407806,0.3445491251682369,1.0
16530,0,CF2,L5,0.7,dictlearn,8,0,0.47040677070617676,0,False,0.8571428571428571,0.3516483516483517,1.0
12848,0,CF2,L5,0.7,dictlearn,8,0,0.4888174533843994,0,False,0.8538251366120219,0.33879781420765026,0.96875
7330,0,CF2,L5,0.7,dictlearn,7,0,0.8917458653450012,0,False,0.8708791208791209,0.3516483516483517,1.0
3676,0,CF2,L5,0.7,dictlearn,1,1,0.6637443900108337,1,False,0.8575342465753425,0.33424657534246577,0.953125
19966,0,CF2,L5,0.7,dictlearn,8,0,0.534375011920929,0,False,0.8416779431664412,0.34100135317997293,0.984375
8382,0,CF2,L5,0.7,dictlearn,5,2,0.6018641591072083,0,False,0.8466850828729282,0.3494475138121547,0.98828125
19660,0,CF2,L5,0.7,dictlearn,7,1,0.3717578649520874,0,False,0.83399209486166,0.3372859025032938,1.0
2508,0,CF2,L5,0.7,dictlearn,9,0,0.4035594165325165,0,False,0.8595578673602081,0.3328998699609883,1.0
2360,0,CF2,L5,0.7,dictlearn,4,7,0.5407450795173645,0,False,0.8660220994475138,0.35359116022099446,1.0
16796,0,CF2,L5,0.7,dictlearn,1,1,0.7608224749565125,1,False,0.854251012145749,0.3441295546558704,0.99609375
23426,0,CF2,L5,0.7,dictlearn,9,1,0.3377820551395416,0,False,0.8552097428958051,0.3382949932341001,0.9765625
15590,0,CF2,L5,0.7,dictlearn,2,0,0.3859226405620575,0,False,0.8604651162790697,0.3433652530779754,0.98046875
6302,0,CF2,L5,0.7,dictlearn,3,1,0.7587571144104004,0,False,0.8834019204389575,0.3511659807956104,1.0
24519,0,CF2,L5,0.7,dictlearn,7,1,0.2926625907421112,0,False,0.8052486187845304,0.34392265193370164,0.97265625
23276,0,CF2,L5,0.7,dictlearn,2,1,0.3822105824947357,0,False,0.8469520103761349,0.32944228274967574,0.9921875
24566,0,CF2,L5,0.7,dictlearn,8,6,0.3809485137462616,0,False,0.8511821974965229,0.3518776077885953,0.98828125
20978,0,CF2,L5,0.7,dictlearn,1,1,0.7420313358306885,1,False,0.8490066225165563,0.3390728476821192,1.0
8990,0,CF2,L5,0.7,dictlearn,3,1,0.4704907238483429,0,False,0.8636995827538247,0.3560500695410292,1.0
11061,0,CF2,L5,0.7,dictlearn,7,1,0.3039713203907013,0,False,0.7961432506887053,0.3085399449035813,0.875
7075,0,CF2,L5,0.7,dictlearn,9,1,0.32718318700790405,0,False,0.8523489932885906,0.3395973154362416,0.98828125
17641,0,CF2,L5,0.7,dictlearn,2,1,0.5404453277587891,0,False,0.8181818181818182,0.34710743801652894,0.984375
12077,0,CF2,L5,0.7,dictlearn,9,0,0.6956596374511719,0,False,0.8553888130968622,0.34924965893587995,1.0
1779,0,CF2,L5,0.7,dictlearn,7,1,0.35179707407951355,0,False,0.8450331125827815,0.3390728476821192,1.0
11519,0,CF2,L5,0.7,dictlearn,4,2,0.6568594574928284,0,False,0.871261378413524,0.3328998699609883,1.0
8549,0,CF2,L5,0.7,dictlearn,3,1,0.5764322280883789,0,False,0.8559670781893004,0.3511659807956104,1.0
14623,0,CF2,L5,0.7,dictlearn,6,1,0.39416176080703735,0,False,0.8758085381630013,0.3298835705045278,0.99609375
10846,0,CF2,L5,0.7,dictlearn,3,0,0.46351462602615356,0,False,0.8435828877005348,0.3422459893048128,1.0
16289,0,CF2,L5,0.7,dictlearn,3,0,0.5151841640472412,0,False,0.8743455497382199,0.33507853403141363,1.0
12311,0,CF2,L5,0.7,dictlearn,8,1,0.3997802138328552,0,False,0.8594594594594595,0.34594594594594597,1.0
6068,0,CF2,L5,0.7,dictlearn,8,6,0.3988507390022278,0,False,0.8367626886145405,0.3388203017832647,0.96484375
9629,0,CF2,L5,0.7,dictlearn,6,1,0.2778034806251526,0,False,0.855755894590846,0.3550624133148405,1.0
19560,0,CF2,L5,0.7,dictlearn,3,7,0.4705677032470703,0,False,0.8,0.35310344827586204,1.0
10379,0,CF2,L5,0.7,dictlearn,8,2,0.2948715388774872,0,False,0.8401639344262295,0.33879781420765026,0.96875
6499,0,CF2,L5,0.7,dictlearn,9,1,0.6865681409835815,0,False,0.8573407202216067,0.3545706371191136,1.0
1159,0,CF2,L5,0.7,dictlearn,0,0,0.7232837080955505,1,False,0.8744827586206897,0.35172413793103446,0.99609375
4366,0,CF2,L5,0.7,dictlearn,7,1,0.36025673151016235,0,False,0.8858321870701513,0.35213204951856947,1.0
8397,0,CF2,L5,0.7,dictlearn,1,0,0.4324914813041687,0,False,0.8481338481338482,0.3268983268983269,0.9921875
20905,0,CF2,L5,0.7,dictlearn,9,2,0.4073312282562256,0,False,0.8468834688346883,0.34688346883468835,1.0
15746,0,CF2,L5,0.7,dictlearn,5,2,0.47844254970550537,0,False,0.8269230769230769,0.3516483516483517,1.0
9402,0,CF2,L5,0.7,dictlearn,3,0,0.4915388524532318,0,False,0.8452380952380952,0.33201058201058203,0.98046875
8164,0,CF2,L5,0.7,dictlearn,2,0,0.3006213307380676,0,False,0.8385345997286295,0.3337856173677069,0.9609375
510,0,CF2,L5,0.7,dictlearn,5,0,0.7869119644165039,0,False,0.8298755186721992,0.35408022130013833,1.0
24070,0,CF2,L5,0.7,dictlearn,9,1,0.3280719518661499,0,False,0.8077455048409405,0.3457814661134163,0.9765625
2401,0,CF2,L5,0.7,dictlearn,4,1,0.6711230278015137,0,False,0.8372093023255814,0.3488372093023256,0.99609375
12147,0,CF2,L5,0.7,dictlearn,3,4,0.3079165518283844,0,False,0.8605299860529986,0.3277545327754533,0.91796875
14499,0,CF2,L5,0.7,dictlearn,6,2,0.5283538699150085,0,False,0.8637566137566137,0.3373015873015873,0.99609375
3530,0,CF2,L5,0.7,dictlearn,6,8,0.3578381836414337,0,False,0.8721088435374149,0.3346938775510204,0.9609375
14723,0,CF2,L5,0.7,dictlearn,7,2,0.430489182472229,0,False,0.8466850828729282,0.35359116022099446,1.0
4435,0,CF2,L5,0.7,dictlearn,3,1,0.42149320244789124,0,False,0.8800557880055788,0.3514644351464435,0.984375
22852,0,CF2,L5,0.7,dictlearn,2,0,0.4073921740055084,0,False,0.8372739916550765,0.34214186369958277,0.9609375
8461,0,CF2,L5,0.7,dictlearn,3,1,0.5096527934074402,0,False,0.863013698630137,0.3506849315068493,1.0
21972,0,CF2,L5,0.7,dictlearn,7,0,0.5877979397773743,0,False,0.8563685636856369,0.34688346883468835,1.0
5410,0,CF2,L5,0.7,dictlearn,4,1,0.61844801902771,0,False,0.8296398891966759,0.3518005540166205,0.9921875
17754,0,CF2,L5,0.7,dictlearn,6,0,0.3147481679916382,0,False,0.8440111420612814,0.35236768802228413,0.98828125
15311,0,CF2,L5,0.7,dictlearn,2,1,0.2227366715669632,0,False,0.8460508701472557,0.33065595716198126,0.96484375
15185,0,CF2,L5,0.7,dictlearn,1,1,0.61619633436203,1,False,0.8853904282115869,0.3224181360201511,1.0
5663,0,CF2,L5,0.7,dictlearn,4,1,0.4737085998058319,0,False,0.8389715832205683,0.34641407307171856,1.0
6247,0,CF2,L5,0.7,dictlearn,6,1,0.9247964024543762,0,False,0.8722826086956522,0.3451086956521739,0.9921875
15287,0,CF2,L5,0.7,dictlearn,0,1,0.3942157030105591,0,False,0.8628257887517147,0.34156378600823045,0.97265625
19902,0,CF2,L5,0.7,dictlearn,0,6,0.2750614285469055,0,False,0.8333333333333334,0.3209366391184573,0.91015625
25188,0,CF2,L5,0.7,dictlearn,4,0,0.6814588904380798,0,False,0.8693931398416886,0.32981530343007914,0.9765625
11195,0,CF2,L5,0.7,dictlearn,8,1,0.44086194038391113,0,False,0.8549931600547196,0.35020519835841313,1.0
4828,0,CF2,L5,0.7,dictlearn,7,1,0.5703842043876648,0,False,0.8288770053475936,0.3422459893048128,1.0
23751,0,CF2,L5,0.7,dictlearn,5,0,0.8276803493499756,0,False,0.8052126200274349,0.3511659807956104,1.0
9464,0,CF2,L5,0.7,dictlearn,3,1,0.5107761025428772,0,False,0.8452054794520548,0.33835616438356164,0.96484375
25723,0,CF2,L5,0.7,dictlearn,0,6,0.2951149344444275,0,False,0.8185595567867036,0.34349030470914127,0.96875
16859,0,CF2,L5,0.7,dictlearn,5,1,0.5118657350540161,0,False,0.8191933240611962,0.3560500695410292,1.0
3601,0,CF2,L5,0.7,dictlearn,1,4,0.37867462635040283,0,False,0.8479776847977685,0.3500697350069735,0.98046875
11679,0,CF2,L5,0.7,dictlearn,6,1,0.5625144243240356,0,False,0.8695054945054945,0.3516483516483517,1.0
12135,0,CF2,L5,0.7,dictlearn,7,0,0.6602360606193542,0,False,0.8677685950413223,0.34710743801652894,0.984375
16329,0,CF2,L5,0.7,dictlearn,1,1,0.7888660430908203,1,False,0.83399209486166,0.3241106719367589,0.9609375
94,0,CF2,L5,0.7,dictlearn,4,7,0.6275508403778076,0,False,0.8476190476190476,0.34829931972789113,1.0
14517,0,CF2,L5,0.7,dictlearn,9,0,0.5702304840087891,0,False,0.855755894590846,0.3550624133148405,1.0
16852,0,CF2,L5,0.7,dictlearn,3,1,0.3571329414844513,0,False,0.854421768707483,0.34829931972789113,1.0
6852,0,CF2,L5,0.7,dictlearn,6,1,0.9378248453140259,0,False,0.8423236514522822,0.35131396957123096,0.9921875
24858,0,CF2,L5,0.7,dictlearn,3,0,0.9039229154586792,0,False,0.8760445682451253,0.3565459610027855,1.0
297,0,CF2,L5,0.7,dictlearn,9,1,0.3916054964065552,0,False,0.839572192513369,0.3422459893048128,1.0
12339,0,CF2,L5,0.7,dictlearn,2,1,0.8112819790840149,0,False,0.859697386519945,0.35213204951856947,1.0
20811,0,CF2,L5,0.7,dictlearn,8,5,0.3985736072063446,0,False,0.783448275862069,0.31724137931034485,0.8984375
12439,0,CF2,L5,0.7,dictlearn,5,7,0.28693240880966187,0,False,0.7966573816155988,0.33008356545961004,0.92578125
16632,0,CF2,L5,0.7,dictlearn,9,0,0.28671693801879883,0,False,0.8331090174966352,0.34185733512786004,0.9921875
5798,0,CF2,L5,0.7,dictlearn,4,0,0.3650851845741272,0,False,0.83008356545961,0.35236768802228413,0.98828125
18458,0,CF2,L5,0.7,dictlearn,3,5,0.4740714430809021,0,False,0.8524137931034482,0.34758620689655173,0.984375
6105,0,CF2,L5,0.7,dictlearn,5,0,0.3089037537574768,0,False,0.8795669824086604,0.34641407307171856,1.0
10321,0,CF2,L5,0.7,dictlearn,6,1,0.26639941334724426,0,False,0.8652777777777778,0.35555555555555557,1.0
21771,0,CF2,L5,0.7,dictlearn,7,1,0.5834888815879822,0,False,0.883008356545961,0.34540389972144847,0.96875
22194,0,CF2,L5,0.7,dictlearn,0,0,0.5009443163871765,1,False,0.8602442333785617,0.34599728629579374,0.99609375
6,0,CF2,L5,0.7,dictlearn,9,2,0.5950330495834351,0,False,0.8259668508287292,0.31629834254143646,0.89453125
912,0,CF2,L5,0.7,dictlearn,7,0,0.6284913420677185,0,False,0.8625,0.35,0.984375
16910,0,CF2,L5,0.7,dictlearn,5,0,0.2614342272281647,0,False,0.8579387186629527,0.3565459610027855,1.0
18738,0,CF2,L5,0.7,dictlearn,7,3,0.48392340540885925,0,False,0.8084239130434783,0.30978260869565216,0.890625
18020,0,CF2,L5,0.7,dictlearn,9,1,0.4541734457015991,0,False,0.8661202185792349,0.34972677595628415,1.0
3462,0,CF2,L5,0.7,dictlearn,8,1,0.9126615524291992,0,False,0.8471849865951743,0.34316353887399464,1.0
5696,0,CF2,L5,0.7,dictlearn,1,1,0.3017098307609558,1,False,0.8549931600547196,0.35020519835841313,1.0
15066,0,CF2,L5,0.7,dictlearn,3,7,0.3979649245738983,0,False,0.8434065934065934,0.3516483516483517,1.0
10653,0,CF2,L5,0.7,dictlearn,9,1,0.4468874931335449,0,False,0.8490304709141274,0.3545706371191136,1.0
13337,0,CF2,L5,0.7,dictlearn,2,1,0.5315994024276733,0,False,0.8482384823848238,0.34688346883468835,1.0
12340,0,CF2,L5,0.7,dictlearn,5,1,0.28963932394981384,0,False,0.7970627503337784,0.3204272363150868,0.9375
9536,0,CF2,L5,0.7,dictlearn,0,7,0.30581197142601013,0,False,0.7675378266850069,0.31636863823933975,0.8984375
3566,0,CF2,L5,0.7,dictlearn,4,1,0.483792781829834,0,False,0.8602739726027397,0.3424657534246575,0.9765625
20090,0,CF2,L5,0.7,dictlearn,4,2,0.7398048043251038,0,False,0.8502024291497976,0.33063427800269907,0.95703125
211,0,CF2,L5,0.7,dictlearn,0,1,0.46337375044822693,0,False,0.8392857142857143,0.3516483516483517,1.0
55,0,CF2,L5,0.7,dictlearn,8,1,0.6067691445350647,0,False,0.8577405857740585,0.35704323570432356,1.0
1477,0,CF2,L5,0.7,dictlearn,2,1,0.5020630955696106,0,False,0.8554054054054054,0.34594594594594597,1.0
25898,0,CF2,L5,0.7,dictlearn,0,0,0.4609226584434509,1,False,0.8847222222222222,0.35555555555555557,1.0
25713,0,CF2,L5,0.7,dictlearn,0,6,0.19852131605148315,0,False,0.8573333333333333,0.332,0.97265625
18055,0,CF2,L5,0.7,dictlearn,3,0,0.3301291763782501,0,False,0.8256624825662483,0.3417015341701534,0.95703125
17461,0,CF2,L5,0.7,dictlearn,3,1,0.27861618995666504,0,False,0.8622908622908623,0.28314028314028317,0.859375
14237,0,CF2,L5,0.7,dictlearn,7,1,0.6895062923431396,0,False,0.8673883626522327,0.34641407307171856,1.0
13858,0,CF2,L5,0.7,dictlearn,1,1,0.32768702507019043,1,False,0.8772413793103448,0.35310344827586204,1.0
12386,0,CF2,L5,0.7,dictlearn,5,1,0.3919076919555664,0,False,0.8485254691689008,0.34316353887399464,1.0
7223,0,CF2,L5,0.7,dictlearn,9,1,0.7700710892677307,0,False,0.8534599728629579,0.3473541383989145,1.0
3153,0,CF2,L5,0.7,dictlearn,5,1,0.4910256266593933,0,False,0.8204081632653061,0.33877551020408164,0.97265625
23265,0,CF2,L5,0.7,dictlearn,8,1,0.5935958623886108,0,False,0.8579387186629527,0.35097493036211697,0.984375
9465,0,CF2,L5,0.7,dictlearn,0,2,0.20127108693122864,0,False,0.8296398891966759,0.3545706371191136,1.0
7419,0,CF2,L5,0.7,dictlearn,0,1,0.46277618408203125,0,False,0.8527777777777777,0.3472222222222222,0.9765625
4722,0,CF2,L5,0.7,dictlearn,6,1,0.32039162516593933,0,False,0.8540245566166439,0.34924965893587995,1.0
23448,0,CF2,L5,0.7,dictlearn,6,1,0.38567182421684265,0,False,0.859504132231405,0.3526170798898072,1.0
8222,0,CF2,L5,0.7,dictlearn,2,0,0.30094558000564575,0,False,0.8429530201342282,0.3436241610738255,1.0
20898,0,CF2,L5,0.7,dictlearn,8,0,0.5131767988204956,0,False,0.8301369863013699,0.3493150684931507,0.99609375
23313,0,CF2,L5,0.7,dictlearn,2,0,0.3751942813396454,0,False,0.8484438430311232,0.34641407307171856,1.0
13426,0,CF2,L5,0.7,dictlearn,2,1,0.6294382810592651,0,False,0.8614958448753463,0.3545706371191136,1.0
25136,0,CF2,L5,0.7,dictlearn,4,2,0.6600513458251953,0,False,0.8269754768392371,0.279291553133515,0.80078125
9268,0,CF2,L5,0.7,dictlearn,4,0,0.4311264753341675,0,False,0.8494475138121547,0.34806629834254144,0.984375
3892,0,CF2,L5,0.7,dictlearn,1,1,0.8306847214698792,1,False,0.8488210818307905,0.3550624133148405,1.0
4115,0,CF2,L5,0.7,dictlearn,3,1,0.47943276166915894,0,False,0.8626155878467635,0.3381770145310436,1.0
5166,0,CF2,L5,0.7,dictlearn,7,2,0.3891350030899048,0,False,0.8845618915159944,0.3560500695410292,1.0
14984,0,CF2,L5,0.7,dictlearn,3,0,0.3405776619911194,0,False,0.855755894590846,0.3550624133148405,1.0
10520,0,CF2,L5,0.7,dictlearn,1,2,0.37844961881637573,0,False,0.8425414364640884,0.35082872928176795,0.9921875
4379,0,CF2,L5,0.7,dictlearn,2,2,0.3936445415019989,1,False,0.8561827956989247,0.34408602150537637,1.0
8937,0,CF2,L5,0.7,dictlearn,1,1,0.2760966718196869,1,False,0.8610354223433242,0.3446866485013624,0.98828125
17550,0,CF2,L5,0.7,dictlearn,9,2,0.5192497968673706,0,False,0.8533685601056803,0.3381770145310436,1.0
19085,0,CF2,L5,0.7,dictlearn,9,0,0.5047206282615662,0,False,0.8351800554016621,0.3518005540166205,0.9921875
17902,0,CF2,L5,0.7,dictlearn,6,1,0.40668848156929016,0,False,0.8685636856368564,0.34688346883468835,1.0
14780,0,CF2,L5,0.7,dictlearn,8,1,0.6474364399909973,0,False,0.8543689320388349,0.3550624133148405,1.0
8401,0,CF2,L5,0.7,dictlearn,0,2,0.28888458013534546,0,False,0.8592896174863388,0.3483606557377049,0.99609375
11230,0,CF2,L5,0.7,dictlearn,2,6,0.4238782525062561,0,False,0.8190104166666666,0.3046875,0.9140625
1772,0,CF2,L5,0.7,dictlearn,3,8,0.47079652547836304,0,False,0.7621696801112656,0.3184979137691238,0.89453125
13326,0,CF2,L5,0.7,dictlearn,4,2,0.9441716074943542,0,False,0.7799442896935933,0.3328690807799443,0.93359375
15230,0,CF2,L5,0.7,dictlearn,5,1,0.6233125925064087,0,False,0.858887381275441,0.3473541383989145,1.0
20557,0,CF2,L5,0.7,dictlearn,0,1,0.5436880588531494,0,False,0.8191780821917808,0.336986301369863,0.9609375
9555,0,CF2,L5,0.7,dictlearn,1,1,0.5231267809867859,1,False,0.8601108033240997,0.3545706371191136,1.0
3667,0,CF2,L5,0.7,dictlearn,6,1,0.7997215986251831,0,False,0.8431105047748977,0.34924965893587995,1.0
5316,0,CF2,L5,0.7,dictlearn,5,2,0.4062842130661011,0,False,0.8328767123287671,0.34383561643835614,0.98046875
3606,0,CF2,L5,0.7,dictlearn,5,1,0.551712155342102,0,False,0.8679504814305364,0.35213204951856947,1.0
25776,0,CF2,L5,0.7,dictlearn,6,0,0.863431990146637,0,False,0.8649025069637883,0.34401114206128136,0.96484375
22231,0,CF2,L5,0.7,dictlearn,1,0,0.5283950567245483,0,False,0.8200836820083682,0.33751743375174337,0.9453125
10855,0,CF2,L5,0.7,dictlearn,7,1,0.5103739500045776,0,False,0.8550135501355014,0.34688346883468835,1.0
130,0,CF2,L5,0.7,dictlearn,6,0,0.35785675048828125,0,False,0.7994428969359332,0.35097493036211697,0.984375
434,0,CF2,L5,0.7,dictlearn,8,1,0.8833291530609131,0,False,0.8647214854111406,0.3395225464190981,1.0
5308,0,CF2,L5,0.7,dictlearn,5,1,0.832220733165741,0,False,0.8610729023383769,0.35213204951856947,1.0
17682,0,CF2,L5,0.7,dictlearn,4,2,0.7331569790840149,0,False,0.8650904033379694,0.3560500695410292,1.0
16682,0,CF2,L5,0.7,dictlearn,8,2,0.2884475886821747,0,False,0.8614540466392319,0.3511659807956104,1.0
12660,0,CF2,L5,0.7,dictlearn,5,1,0.4042713940143585,0,False,0.8434903047091413,0.3545706371191136,1.0
21362,0,CF2,L5,0.7,dictlearn,5,1,0.39769142866134644,0,False,0.8331053351573188,0.34062927496580025,0.97265625
15483,0,CF2,L5,0.7,dictlearn,4,4,0.4932112395763397,1,False,0.8537604456824512,0.3342618384401114,0.9375
5289,0,CF2,L5,0.7,dictlearn,5,1,0.4088592529296875,0,False,0.8632596685082873,0.35359116022099446,1.0
19757,0,CF2,L5,0.7,dictlearn,1,2,0.47507670521736145,0,False,0.8583333333333333,0.35555555555555557,1.0
6799,0,CF2,L5,0.7,dictlearn,2,1,0.349403440952301,0,False,0.863013698630137,0.3506849315068493,1.0
18871,0,CF2,L5,0.7,dictlearn,2,1,0.6091393828392029,0,False,0.8797886393659181,0.3381770145310436,1.0
4740,0,CF2,L5,0.7,dictlearn,3,1,0.4138871729373932,0,False,0.8506056527590848,0.3391655450874832,0.984375
14926,0,CF2,L5,0.7,dictlearn,5,1,0.49577462673187256,0,False,0.8224687933425797,0.3550624133148405,1.0
3549,0,CF2,L5,0.7,dictlearn,4,0,0.7742453813552856,0,False,0.8603042876901799,0.35131396957123096,0.9921875
13336,0,CF2,L5,0.7,dictlearn,9,7,0.548316240310669,0,False,0.828,0.3413333333333333,1.0
8302,0,CF2,L5,0.7,dictlearn,3,0,0.46076786518096924,0,False,0.8682385575589459,0.3550624133148405,1.0
19884,0,CF2,L5,0.7,dictlearn,8,1,0.31140393018722534,0,False,0.8181818181818182,0.3422459893048128,1.0
6927,0,CF2,L5,0.7,dictlearn,1,1,0.7789711356163025,1,False,0.8138888888888889,0.35,0.984375
15277,0,CF2,L5,0.7,dictlearn,6,1,0.5296334028244019,0,False,0.8509554140127389,0.32611464968152865,1.0
20278,0,CF2,L5,0.7,dictlearn,3,1,0.4642261862754822,0,False,0.8539638386648123,0.3560500695410292,1.0
654,0,CF2,L5,0.7,dictlearn,8,0,0.24674618244171143,0,False,0.8716577540106952,0.3422459893048128,1.0
19020,0,CF2,L5,0.7,dictlearn,0,1,0.3033163249492645,0,False,0.8381962864721485,0.3395225464190981,1.0
25403,0,CF2,L5,0.7,dictlearn,3,0,0.9654902815818787,0,False,0.8619246861924686,0.35704323570432356,1.0
1745,0,CF2,L5,0.7,dictlearn,8,0,0.711242139339447,0,False,0.81353591160221,0.3314917127071823,0.9375
10726,0,CF2,L5,0.7,dictlearn,4,6,0.27419379353523254,0,False,0.8346994535519126,0.33879781420765026,0.96875
23431,0,CF2,L5,0.7,dictlearn,4,2,0.38537171483039856,0,False,0.8730822873082287,0.35704323570432356,1.0
231,0,CF2,L5,0.7,dictlearn,5,1,0.3708657920360565,0,False,0.8593314763231198,0.3565459610027855,1.0
20678,0,CF2,L5,0.7,dictlearn,7,0,0.5036354660987854,0,False,0.8444444444444444,0.3541666666666667,0.99609375
15851,0,CF2,L5,0.7,dictlearn,1,8,0.5954023003578186,0,False,0.8743093922651933,0.3370165745856354,0.953125
24015,0,CF2,L5,0.7,dictlearn,0,2,0.7599068284034729,0,False,0.8803763440860215,0.34408602150537637,1.0
1082,0,CF2,L5,0.7,dictlearn,6,1,0.2246539145708084,0,False,0.8335625859697386,0.35213204951856947,1.0
5573,0,CF2,L5,0.7,dictlearn,8,1,0.3465591073036194,0,False,0.8340080971659919,0.33738191632928477,0.9765625
11289,0,CF2,L5,0.7,dictlearn,1,1,0.43763267993927,1,False,0.8708333333333333,0.35555555555555557,1.0
1751,0,CF2,L5,0.7,dictlearn,0,4,0.4201441705226898,0,False,0.8733252131546894,0.3118148599269184,1.0
4594,0,CF2,L5,0.7,dictlearn,6,0,0.7814286947250366,0,False,0.8294360385144429,0.35213204951856947,1.0
21127,0,CF2,L5,0.7,dictlearn,8,5,0.5330691933631897,0,False,0.81353591160221,0.3356353591160221,0.94921875
12370,0,CF2,L5,0.7,dictlearn,4,2,0.3319723606109619,0,False,0.8224932249322493,0.31978319783197834,0.921875
4125,0,CF2,L5,0.7,dictlearn,6,5,0.23319299519062042,0,False,0.8245125348189415,0.3342618384401114,0.9375
11008,0,CF2,L5,0.7,dictlearn,1,2,0.41396433115005493,0,False,0.8556005398110661,0.3427800269905533,0.9921875
23395,0,CF2,L5,0.7,dictlearn,7,0,0.455299437046051,0,False,0.8821138211382114,0.34688346883468835,1.0
3080,0,CF2,L5,0.7,dictlearn,3,7,0.4938366711139679,0,False,0.853185595567867,0.3545706371191136,1.0
22400,0,CF2,L5,0.7,dictlearn,0,2,0.9651380181312561,0,False,0.8198074277854195,0.35213204951856947,1.0
22514,0,CF2,L5,0.7,dictlearn,1,7,0.46587714552879333,0,False,0.8484005563282336,0.3560500695410292,1.0
15137,0,CF2,L5,0.7,dictlearn,0,1,0.6802429556846619,0,False,0.8815426997245179,0.3526170798898072,1.0
6681,0,CF2,L5,0.7,dictlearn,0,1,0.5059564113616943,0,False,0.8421052631578947,0.32793522267206476,0.94921875
5219,0,CF2,L5,0.7,dictlearn,5,7,0.6728072166442871,0,False,0.8342465753424657,0.3493150684931507,0.99609375
2355,0,CF2,L5,0.7,dictlearn,2,1,0.7266363501548767,0,False,0.8333333333333334,0.3526170798898072,1.0
4674,0,CF2,L5,0.7,dictlearn,5,7,0.6909887790679932,0,False,0.8280166435506241,0.3522884882108183,0.9921875
14575,0,CF2,L5,0.7,dictlearn,1,1,0.9056947231292725,1,False,0.8831521739130435,0.34782608695652173,1.0
6563,0,CF2,L5,0.7,dictlearn,5,0,0.751703679561615,0,False,0.8597222222222223,0.35555555555555557,1.0
17492,0,CF2,L5,0.7,dictlearn,9,0,0.825154721736908,0,False,0.8360881542699724,0.3526170798898072,1.0
15770,0,CF2,L5,0.7,dictlearn,7,1,0.5030723810195923,0,False,0.8655692729766804,0.3511659807956104,1.0
20830,0,CF2,L5,0.7,dictlearn,1,4,0.5898094773292542,0,False,0.8222811671087533,0.3090185676392573,0.91015625
1777,0,CF2,L5,0.7,dictlearn,2,5,0.22016122937202454,0,False,0.8347222222222223,0.3388888888888889,0.953125
21617,0,CF2,L5,0.7,dictlearn,7,1,0.26824697852134705,0,False,0.8652575957727873,0.3381770145310436,1.0
21293,0,CF2,L5,0.7,dictlearn,4,1,0.49476996064186096,0,False,0.8399452804377565,0.32694938440492477,0.93359375
14504,0,CF2,L5,0.7,dictlearn,0,1,0.5576447248458862,0,False,0.8514986376021798,0.33923705722070846,0.97265625
21236,0,CF2,L5,0.7,dictlearn,7,2,0.5423749089241028,0,False,0.8476454293628809,0.3462603878116344,0.9765625
18558,0,CF2,L5,0.7,dictlearn,4,8,0.24300022423267365,0,False,0.7814661134163209,0.33195020746887965,0.9375
22916,0,CF2,L5,0.7,dictlearn,8,0,0.6996649503707886,0,False,0.8725761772853186,0.3545706371191136,1.0
18760,0,CF2,L5,0.7,dictlearn,6,0,0.6537948250770569,0,False,0.8826739427012278,0.34924965893587995,1.0
17389,0,CF2,L5,0.7,dictlearn,8,1,0.439598947763443,0,False,0.8247978436657682,0.33692722371967654,0.9765625
13155,0,CF2,L5,0.7,dictlearn,8,1,0.805255115032196,0,False,0.8737864077669902,0.3550624133148405,1.0
13999,0,CF2,L5,0.7,dictlearn,5,1,0.3309997320175171,0,False,0.8519021739130435,0.34782608695652173,1.0
10265,0,CF2,L5,0.7,dictlearn,8,2,0.8241788744926453,0,False,0.8746594005449592,0.3460490463215259,0.9921875
17239,0,CF2,L5,0.7,dictlearn,2,1,0.7554137110710144,0,False,0.8806366047745358,0.3395225464190981,1.0
6288,0,CF2,L5,0.7,dictlearn,3,0,0.2863456606864929,0,False,0.877914951989026,0.3511659807956104,1.0
11514,0,CF2,L5,0.7,dictlearn,6,1,0.3367973566055298,0,False,0.8165517241379311,0.33379310344827584,0.9453125
23652,0,CF2,L5,0.7,dictlearn,1,0,0.4944978356361389,0,False,0.8664850136239782,0.34332425068119893,0.984375
11939,0,CF2,L5,0.7,dictlearn,6,2,0.34857097268104553,0,False,0.8239339752407153,0.343878954607978,0.9765625
2174,0,CF2,L5,0.7,dictlearn,7,1,0.3204643428325653,0,False,0.8335588633288228,0.3423545331529093,0.98828125
15441,0,CF2,L5,0.7,dictlearn,4,1,0.3844356834888458,0,False,0.8646408839779005,0.35359116022099446,1.0
12260,0,CF2,L5,0.7,dictlearn,1,1,0.3133859634399414,1,False,0.7916666666666666,0.31527777777777777,0.88671875
25046,0,CF2,L5,0.7,dictlearn,6,4,0.4488626718521118,0,False,0.8086253369272237,0.2991913746630728,0.8671875
13958,0,CF2,L5,0.7,dictlearn,9,0,0.34538766741752625,0,False,0.8825910931174089,0.34547908232118757,1.0
20974,0,CF2,L5,0.7,dictlearn,8,1,0.36097368597984314,0,False,0.8516042780748663,0.3422459893048128,1.0
10626,0,CF2,L5,0.7,dictlearn,6,1,0.7321021556854248,0,False,0.853185595567867,0.3545706371191136,1.0
22545,0,CF2,L5,0.7,dictlearn,5,0,0.7272515892982483,0,False,0.8827586206896552,0.35310344827586204,1.0
20288,0,CF2,L5,0.7,dictlearn,5,1,0.46320489048957825,0,False,0.8677462887989204,0.34547908232118757,1.0
13790,0,CF2,L5,0.7,dictlearn,7,1,0.4343942403793335,0,False,0.8602739726027397,0.3506849315068493,1.0
2817,0,CF2,L5,0.7,dictlearn,4,1,0.3001059889793396,0,False,0.8423236514522822,0.330567081604426,0.93359375
8344,0,CF2,L5,0.7,dictlearn,4,0,0.4157545566558838,0,False,0.8707015130674003,0.35213204951856947,1.0
11708,0,CF2,L5,0.7,dictlearn,1,0,0.4421151876449585,0,False,0.8814016172506739,0.3436657681940701,0.99609375
2379,0,CF2,L5,0.7,dictlearn,1,1,0.5598263144493103,1,False,0.8161559888579387,0.34818941504178275,0.9765625
23602,0,CF2,L5,0.7,dictlearn,2,1,0.30065152049064636,0,False,0.8822714681440443,0.3545706371191136,1.0
24357,0,CF2,L5,0.7,dictlearn,8,0,0.6189322471618652,0,False,0.8940852819807428,0.34800550206327374,0.98828125
16783,0,CF2,L5,0.7,dictlearn,4,1,0.4509017765522003,0,False,0.8537604456824512,0.35236768802228413,0.98828125
11723,0,CF2,L5,0.7,dictlearn,9,2,0.26799753308296204,0,False,0.8633193863319386,0.35704323570432356,1.0
5140,0,CF2,L5,0.7,dictlearn,5,0,0.2306937277317047,0,False,0.8849557522123894,0.32364096080910243,1.0
14563,0,CF2,L5,0.7,dictlearn,1,1,0.7369536757469177,1,False,0.8444444444444444,0.35555555555555557,1.0
11905,0,CF2,L5,0.7,dictlearn,7,2,0.6501302123069763,0,False,0.8386648122392212,0.34492350486787204,0.96875
4657,0,CF2,L5,0.7,dictlearn,5,0,0.5157495737075806,0,False,0.8476454293628809,0.3545706371191136,1.0
9888,0,CF2,L5,0.7,dictlearn,7,1,0.5360566973686218,0,False,0.9012517385257302,0.325452016689847,0.9140625
22827,0,CF2,L5,0.7,dictlearn,6,1,0.4756959080696106,0,False,0.8604972375690608,0.35359116022099446,1.0
23911,0,CF2,L5,0.7,dictlearn,7,1,0.5197576880455017,0,False,0.8681022880215343,0.3445491251682369,1.0
968,0,CF2,L5,0.7,dictlearn,3,1,0.28775012493133545,0,False,0.8424657534246576,0.3424657534246575,0.9765625
18416,0,CF2,L5,0.7,dictlearn,2,1,0.24405352771282196,0,False,0.8703448275862069,0.35310344827586204,1.0
15166,0,CF2,L5,0.7,dictlearn,7,1,0.38189125061035156,0,False,0.8461538461538461,0.3395225464190981,1.0
15537,0,CF2,L5,0.7,dictlearn,6,2,0.5589263439178467,0,False,0.8490304709141274,0.3545706371191136,1.0
112,0,CF2,L5,0.7,dictlearn,6,7,0.40002205967903137,0,False,0.8698060941828255,0.3545706371191136,1.0
9754,0,CF2,L5,0.7,dictlearn,8,0,0.5698724985122681,0,False,0.8250336473755047,0.3405114401076716,0.98828125
3827,0,CF2,L5,0.7,dictlearn,1,1,0.44326040148735046,1,False,0.8428372739916551,0.3560500695410292,1.0
16427,0,CF2,L5,0.7,dictlearn,8,8,0.3954206109046936,1,False,0.819047619047619,0.2816326530612245,0.80859375
4853,0,CF2,L5,0.7,dictlearn,8,4,0.3487038016319275,0,False,0.8496644295302014,0.3315436241610738,0.96484375
5025,0,CF2,L5,0.7,dictlearn,8,1,0.4832157492637634,0,False,0.8368700265251989,0.3395225464190981,1.0
5497,0,CF2,L5,0.7,dictlearn,5,1,0.3435506224632263,0,False,0.8194444444444444,0.33611111111111114,0.9453125
415,0,CF2,L5,0.7,dictlearn,5,1,0.5420804619789124,0,False,0.8595800524934383,0.3346456692913386,0.99609375
6055,0,CF2,L5,0.7,dictlearn,2,1,0.6756249070167542,0,False,0.8682385575589459,0.3550624133148405,1.0
4242,0,CF2,L5,0.7,dictlearn,6,0,0.2566467523574829,0,False,0.8312586445366529,0.33748271092669435,0.953125
16007,0,CF2,L5,0.7,dictlearn,3,2,0.5599127411842346,0,False,0.8587105624142661,0.3511659807956104,1.0
16184,0,CF2,L5,0.7,dictlearn,6,0,0.5185664296150208,0,False,0.8537931034482759,0.34758620689655173,0.984375
15180,0,CF2,L5,0.7,dictlearn,2,2,0.5554145574569702,1,False,0.8281036834924966,0.339699863574352,0.97265625
16402,0,CF2,L5,0.7,dictlearn,3,0,0.4130515158176422,0,False,0.8537931034482759,0.35310344827586204,1.0
12883,0,CF2,L5,0.7,dictlearn,7,1,0.4059554934501648,0,False,0.8394557823129252,0.3442176870748299,0.98828125
12596,0,CF2,L5,0.7,dictlearn,2,2,0.39559832215309143,1,False,0.8232044198895028,0.3494475138121547,0.98828125
13383,0,CF2,L5,0.7,dictlearn,0,0,0.771195650100708,1,False,0.7980769230769231,0.34065934065934067,0.96875
17140,0,CF2,L5,0.7,dictlearn,0,6,0.5318220257759094,0,False,0.8474341192787794,0.3342579750346741,0.94140625
11249,0,CF2,L5,0.7,dictlearn,7,0,0.5006808042526245,0,False,0.8324175824175825,0.3489010989010989,0.9921875
2927,0,CF2,L5,0.7,dictlearn,3,7,0.5598406791687012,0,False,0.874826147426982,0.3560500695410292,1.0
13380,0,CF2,L5,0.7,dictlearn,3,7,0.6500498056411743,0,False,0.8358620689655173,0.34206896551724136,0.96875
24593,0,CF2,L5,0.7,dictlearn,5,1,0.4382610321044922,0,False,0.8257261410788381,0.3457814661134163,0.9765625
14507,0,CF2,L5,0.7,dictlearn,8,1,0.5846885442733765,0,False,0.8879892037786775,0.34547908232118757,1.0
9355,0,CF2,L5,0.7,dictlearn,8,1,0.6635585427284241,0,False,0.8489304812834224,0.339572192513369,0.9921875
3943,0,CF2,L5,0.7,dictlearn,3,1,0.41764214634895325,0,False,0.8753315649867374,0.3395225464190981,1.0
4913,0,CF2,L5,0.7,dictlearn,4,2,0.5521726608276367,0,False,0.8629032258064516,0.34408602150537637,1.0
23440,0,CF2,L5,0.7,dictlearn,4,1,0.5519540905952454,0,False,0.8486932599724897,0.35213204951856947,1.0
19289,0,CF2,L5,0.7,dictlearn,7,7,0.6817449927330017,1,False,0.8703956343792633,0.34924965893587995,1.0
17841,0,CF2,L5,0.7,dictlearn,6,7,0.6152973175048828,0,False,0.8408163265306122,0.34829931972789113,1.0
18139,0,CF2,L5,0.7,dictlearn,0,0,0.4254074692726135,1,False,0.8907103825136612,0.34972677595628415,1.0
18549,0,CF2,L5,0.7,dictlearn,7,1,0.4789554178714752,0,False,0.8487738419618529,0.34877384196185285,1.0
7215,0,CF2,L5,0.7,dictlearn,7,0,0.46206188201904297,0,False,0.8565683646112601,0.34316353887399464,1.0
10574,0,CF2,L5,0.7,dictlearn,7,7,0.900542676448822,1,False,0.8328767123287671,0.3452054794520548,0.984375
10329,0,CF2,L5,0.7,dictlearn,7,1,0.36526840925216675,0,False,0.8259109311740891,0.34547908232118757,1.0
21502,0,CF2,L5,0.7,dictlearn,4,1,0.4851500988006592,0,False,0.8579017264276229,0.3399734395750332,1.0
1209,0,CF2,L5,0.7,dictlearn,8,5,0.38611897826194763,0,False,0.8141112618724559,0.2903663500678426,0.8359375
22202,0,CF2,L5,0.7,dictlearn,6,0,0.3357069492340088,0,False,0.8397790055248618,0.35359116022099446,1.0
12914,0,CF2,L5,0.7,dictlearn,2,2,0.5496411919593811,1,False,0.8284923928077456,0.35131396957123096,0.9921875
23477,0,CF2,L5,0.7,dictlearn,6,1,0.359907865524292,0,False,0.8478561549100968,0.35408022130013833,1.0
13286,0,CF2,L5,0.7,dictlearn,5,2,0.7304781675338745,0,False,0.819047619047619,0.34285714285714286,0.984375
24957,0,CF2,L5,0.7,dictlearn,2,1,0.6617372632026672,0,False,0.8342541436464088,0.3453038674033149,0.9765625
23215,0,CF2,L5,0.7,dictlearn,9,7,0.4777209460735321,0,False,0.8482849604221636,0.316622691292876,0.9375
8171,0,CF2,L5,0.7,dictlearn,3,4,0.21491298079490662,0,False,0.856760374832664,0.3333333333333333,0.97265625
13427,0,CF2,L5,0.7,dictlearn,4,2,0.3899732232093811,0,False,0.8834688346883469,0.34688346883468835,1.0
1985,0,CF2,L5,0.7,dictlearn,9,1,0.45873117446899414,0,False,0.8569482288828338,0.34877384196185285,1.0
19607,0,CF2,L5,0.7,dictlearn,1,1,0.6969239711761475,1,False,0.8526170798898072,0.3526170798898072,1.0
15138,0,CF2,L5,0.7,dictlearn,4,2,0.45462357997894287,0,False,0.8974008207934336,0.34746922024623805,0.9921875
18496,0,CF2,L5,0.7,dictlearn,3,0,0.7686702609062195,0,False,0.8692098092643051,0.33923705722070846,0.97265625
11341,0,CF2,L5,0.7,dictlearn,5,1,0.4875989854335785,0,False,0.8863636363636364,0.3422459893048128,1.0
3210,0,CF2,L5,0.7,dictlearn,6,1,0.7810524702072144,0,False,0.8143053645116919,0.3425034387895461,0.97265625
9044,0,CF2,L5,0.7,dictlearn,3,0,0.3149046301841736,0,False,0.8612945838837517,0.3381770145310436,1.0
1784,0,CF2,L5,0.7,dictlearn,1,0,0.2252202332019806,0,False,0.7997237569060773,0.3397790055248619,0.9609375
20687,0,CF2,L5,0.7,dictlearn,7,2,0.44037947058677673,0,False,0.8362652232746955,0.30311231393775373,0.875
21479,0,CF2,L5,0.7,dictlearn,1,1,0.5322162508964539,1,False,0.885952712100139,0.3518776077885953,0.98828125
4465,0,CF2,L5,0.7,dictlearn,7,2,0.572121262550354,0,False,0.8384401114206128,0.35376044568245124,0.9921875
8098,0,CF2,L5,0.7,dictlearn,3,2,0.45023801922798157,0,False,0.8737864077669902,0.3550624133148405,1.0
1105,0,CF2,L5,0.7,dictlearn,1,0,0.7760716080665588,0,False,0.878581173260573,0.34924965893587995,1.0
24036,0,CF2,L5,0.7,dictlearn,0,0,0.39287498593330383,1,False,0.8573407202216067,0.3518005540166205,0.9921875
24825,0,CF2,L5,0.7,dictlearn,1,1,0.3093307316303253,1,False,0.863102998696219,0.33376792698826596,1.0
20081,0,CF2,L5,0.7,dictlearn,4,1,0.4728832244873047,0,False,0.819047619047619,0.3469387755102041,0.99609375
11780,0,CF2,L5,0.7,dictlearn,5,1,0.8480927348136902,0,False,0.8410041841004184,0.3542538354253835,0.9921875
18228,0,CF2,L5,0.7,dictlearn,2,1,0.6432496309280396,0,False,0.8317107093184979,0.35048678720445064,0.984375
4363,0,CF2,L5,0.7,dictlearn,4,1,0.48291274905204773,0,False,0.8845618915159944,0.3560500695410292,1.0
10210,0,CF2,L5,0.7,dictlearn,7,1,0.32788366079330444,0,False,0.8641975308641975,0.3511659807956104,1.0
7005,0,CF2,L5,0.7,dictlearn,2,1,0.32827228307724,0,False,0.8529819694868238,0.3550624133148405,1.0
7071,0,CF2,L5,0.7,dictlearn,3,0,0.8200483918190002,0,False,0.8304172274562585,0.34185733512786004,0.9921875
25299,0,CF2,L5,0.7,dictlearn,4,0,0.42257192730903625,0,False,0.8586956521739131,0.34782608695652173,1.0
3393,0,CF2,L5,0.7,dictlearn,0,0,0.465163916349411,1,False,0.8736702127659575,0.3377659574468085,0.9921875
10532,0,CF2,L5,0.7,dictlearn,8,1,0.45378923416137695,0,False,0.8591916558018253,0.33376792698826596,1.0
14271,0,CF2,L5,0.7,dictlearn,3,1,0.41665446758270264,0,False,0.8814504881450488,0.3514644351464435,0.984375
12814,0,CF2,L5,0.7,dictlearn,4,1,0.3228203058242798,0,False,0.8581081081081081,0.34324324324324323,0.9921875
1763,0,CF2,L5,0.7,dictlearn,1,1,0.24685703217983246,1,False,0.8707015130674003,0.35075653370013754,0.99609375
2795,0,CF2,L5,0.7,dictlearn,4,1,0.37713542580604553,0,False,0.8607242339832869,0.35376044568245124,0.9921875
5329,0,CF2,L5,0.7,dictlearn,2,2,0.29428204894065857,1,False,0.8537604456824512,0.3565459610027855,1.0
11024,0,CF2,L5,0.7,dictlearn,8,1,0.6148236989974976,0,False,0.8415300546448088,0.34972677595628415,1.0
23383,0,CF2,L5,0.7,dictlearn,6,2,0.44430315494537354,0,False,0.8421052631578947,0.3545706371191136,1.0
582,0,CF2,L5,0.7,dictlearn,2,0,0.6327422857284546,0,False,0.8793565683646113,0.34316353887399464,1.0
20037,0,CF2,L5,0.7,dictlearn,5,0,0.7491076588630676,0,False,0.8242677824267782,0.35704323570432356,1.0
4876,0,CF2,L5,0.7,dictlearn,3,1,0.5191397070884705,0,False,0.8361111111111111,0.3375,0.94921875
16157,0,CF2,L5,0.7,dictlearn,1,1,0.740905225276947,1,False,0.8495934959349594,0.34688346883468835,1.0
24155,0,CF2,L5,0.7,dictlearn,7,0,0.5749547481536865,0,False,0.850828729281768,0.35359116022099446,1.0
21035,0,CF2,L5,0.7,dictlearn,1,1,0.7700294852256775,1,False,0.8521617852161785,0.34309623430962344,0.9609375
2530,0,CF2,L5,0.7,dictlearn,2,2,0.42690524458885193,1,False,0.8456189151599444,0.34492350486787204,0.96875
20951,0,CF2,L5,0.7,dictlearn,4,1,0.43871697783470154,0,False,0.8675675675675676,0.34459459459459457,0.99609375
9752,0,CF2,L5,0.7,dictlearn,9,1,0.4708791673183441,0,False,0.8581081081081081,0.34594594594594597,1.0
20362,0,CF2,L5,0.7,dictlearn,9,1,0.23195692896842957,0,False,0.8670360110803325,0.3490304709141274,0.984375
5669,0,CF2,L5,0.7,dictlearn,2,2,0.6317247748374939,1,False,0.8495821727019499,0.3565459610027855,1.0
9395,0,CF2,L5,0.7,dictlearn,6,2,0.21301332116127014,0,False,0.8767313019390581,0.3490304709141274,0.984375
22115,0,CF2,L5,0.7,dictlearn,2,4,0.5791525840759277,0,False,0.8308525033829499,0.3274695534506089,0.9453125
3784,0,CF2,L5,0.7,dictlearn,5,2,0.6844532489776611,0,False,0.8395378690629012,0.31835686777920413,0.96875
15518,0,CF2,L5,0.7,dictlearn,1,1,0.613423764705658,1,False,0.8648275862068966,0.35310344827586204,1.0
22913,0,CF2,L5,0.7,dictlearn,1,1,0.7314392924308777,1,False,0.8083333333333333,0.34305555555555556,0.96484375
22485,0,CF2,L5,0.7,dictlearn,8,1,0.28986606001853943,0,False,0.8614958448753463,0.3545706371191136,1.0
14166,0,CF2,L5,0.7,dictlearn,9,1,0.35288000106811523,0,False,0.8583333333333333,0.35555555555555557,1.0
4606,0,CF2,L5,0.7,dictlearn,8,1,0.4602479934692383,0,False,0.8532608695652174,0.328804347826087,0.9453125
12043,0,CF2,L5,0.7,dictlearn,8,1,0.61669921875,0,False,0.8526170798898072,0.3526170798898072,1.0
20255,0,CF2,L5,0.7,dictlearn,9,1,0.4802875816822052,0,False,0.8711340206185567,0.32989690721649484,1.0
21390,0,CF2,L5,0.7,dictlearn,8,1,0.29383009672164917,0,False,0.8551532033426184,0.3565459610027855,1.0
13388,0,CF2,L5,0.7,dictlearn,6,0,0.3734423816204071,0,False,0.8552631578947368,0.3368421052631579,1.0
9382,0,CF2,L5,0.7,dictlearn,0,0,0.36273911595344543,1,False,0.8184281842818428,0.34010840108401086,0.98046875
11878,0,CF2,L5,0.7,dictlearn,4,5,0.34866511821746826,0,False,0.8215767634854771,0.34854771784232363,0.984375
10774,0,CF2,L5,0.7,dictlearn,1,1,0.5838401913642883,1,False,0.8326745718050066,0.3372859025032938,1.0
2211,0,CF2,L5,0.7,dictlearn,4,0,0.6627895832061768,0,False,0.8981958762886598,0.32989690721649484,1.0
22804,0,CF2,L5,0.7,dictlearn,1,0,0.2764575779438019,0,False,0.8625,0.35555555555555557,1.0
17903,0,CF2,L5,0.7,dictlearn,3,1,0.5219130516052246,0,False,0.8542234332425068,0.34877384196185285,1.0
16889,0,CF2,L5,0.7,dictlearn,1,1,0.3716525733470917,1,False,0.8589041095890411,0.3493150684931507,0.99609375
3013,0,CF2,L5,0.7,dictlearn,8,0,0.4766899049282074,0,False,0.8367911479944675,0.35131396957123096,0.9921875
19919,0,CF2,L5,0.7,dictlearn,8,7,0.4401805102825165,0,False,0.850132625994695,0.3395225464190981,1.0
7911,0,CF2,L5,0.7,dictlearn,0,1,0.3443453311920166,0,False,0.8580814717477004,0.32982917214191854,0.98046875
6473,0,CF2,L5,0.7,dictlearn,5,2,0.48036789894104004,0,False,0.8828451882845189,0.34309623430962344,0.9609375
14963,0,CF2,L5,0.7,dictlearn,2,1,0.6821607351303101,0,False,0.859481582537517,0.3451568894952251,0.98828125
3189,0,CF2,L5,0.7,dictlearn,3,1,0.42692750692367554,0,False,0.849931787175989,0.34924965893587995,1.0
21433,0,CF2,L5,0.7,dictlearn,6,1,0.535998523235321,0,False,0.8250688705234159,0.3526170798898072,1.0
21534,0,CF2,L5,0.7,dictlearn,9,1,0.3162766098976135,0,False,0.8492392807745505,0.35408022130013833,1.0
4378,0,CF2,L5,0.7,dictlearn,4,6,0.3842599391937256,0,False,0.8142076502732241,0.3251366120218579,0.9296875
4179,0,CF2,L5,0.7,dictlearn,3,7,0.9743611216545105,0,False,0.8467966573816156,0.3565459610027855,1.0
20275,0,CF2,L5,0.7,dictlearn,7,1,0.5617853999137878,0,False,0.8704735376044568,0.3565459610027855,1.0
724,0,CF2,L5,0.7,dictlearn,4,1,0.37531378865242004,0,False,0.8527027027027027,0.34324324324324323,0.9921875
15532,0,CF2,L5,0.7,dictlearn,5,2,0.44134393334388733,0,False,0.783068783068783,0.32671957671957674,0.96484375
7808,0,CF2,L5,0.7,dictlearn,4,1,0.8434501886367798,0,False,0.8821954484605087,0.3427041499330656,1.0
3185,0,CF2,L5,0.7,dictlearn,7,0,0.6324141621589661,0,False,0.8495339547270306,0.340878828229028,1.0
8217,0,CF2,L5,0.7,dictlearn,5,0,0.5679296255111694,0,False,0.8522571819425444,0.35020519835841313,1.0
15284,0,CF2,L5,0.7,dictlearn,2,1,0.4460171163082123,0,False,0.8415977961432507,0.349862258953168,0.9921875
2195,0,CF2,L5,0.7,dictlearn,1,2,0.44353702664375305,0,False,0.8611111111111112,0.3541666666666667,0.99609375
21296,0,CF2,L5,0.7,dictlearn,0,1,0.46280044317245483,0,False,0.8487738419618529,0.34877384196185285,1.0
14286,0,CF2,L5,0.7,dictlearn,3,0,0.2635175883769989,0,False,0.8292011019283747,0.34573002754820936,0.98046875
4261,0,CF2,L5,0.7,dictlearn,0,0,0.4918167293071747,1,False,0.8800557880055788,0.35704323570432356,1.0
24480,0,CF2,L5,0.7,dictlearn,2,1,0.7238286137580872,0,False,0.8775790921595599,0.35213204951856947,1.0
23581,0,CF2,L5,0.7,dictlearn,7,1,0.34087318181991577,0,False,0.8365650969529086,0.3545706371191136,1.0
24364,0,CF2,L5,0.7,dictlearn,7,7,0.7187069654464722,1,False,0.8164383561643835,0.3287671232876712,0.9375
4259,0,CF2,L5,0.7,dictlearn,4,1,0.7325564026832581,0,False,0.8633193863319386,0.35704323570432356,1.0
4323,0,CF2,L5,0.7,dictlearn,8,0,0.9205955862998962,0,False,0.8573407202216067,0.3545706371191136,1.0
26017,0,CF2,L5,0.7,dictlearn,2,0,0.39259839057922363,0,False,0.8502080443828016,0.3536754507628294,0.99609375
4055,0,CF2,L5,0.7,dictlearn,9,5,0.365939736366272,0,False,0.8464730290456431,0.35269709543568467,0.99609375
23968,0,CF2,L5,0.7,dictlearn,6,1,0.2950238883495331,0,False,0.853021978021978,0.3516483516483517,1.0
4914,0,CF2,L5,0.7,dictlearn,2,0,0.861602246761322,0,False,0.8539944903581267,0.3415977961432507,0.96875
17310,0,CF2,L5,0.7,dictlearn,7,1,0.9005868434906006,0,False,0.8333333333333334,0.3307291666666667,0.9921875
14981,0,CF2,L5,0.7,dictlearn,2,2,0.2965107560157776,1,False,0.8746594005449592,0.3460490463215259,0.9921875
7511,0,CF2,L5,0.7,dictlearn,6,7,0.3843191862106323,0,False,0.8663967611336032,0.34547908232118757,1.0
4136,0,CF2,L5,0.7,dictlearn,9,1,0.33555012941360474,0,False,0.8695652173913043,0.32608695652173914,0.99609375
8043,0,CF2,L5,0.7,dictlearn,2,1,0.31709611415863037,0,False,0.8652291105121294,0.3423180592991914,0.9921875
14360,0,CF2,L5,0.7,dictlearn,4,0,0.8219751119613647,0,False,0.8642659279778393,0.3545706371191136,1.0
6364,0,CF2,L5,0.7,dictlearn,0,6,0.3407440185546875,0,False,0.8370473537604457,0.3426183844011142,0.9609375
8827,0,CF2,L5,0.7,dictlearn,4,1,0.5743740797042847,0,False,0.8599735799207398,0.3381770145310436,1.0
24886,0,CF2,L5,0.7,dictlearn,9,2,0.9303653240203857,0,False,0.8498659517426274,0.34316353887399464,1.0
21392,0,CF2,L5,0.7,dictlearn,2,2,0.3196900486946106,1,False,0.8314917127071824,0.30939226519337015,0.875
18654,0,CF2,L5,0.7,dictlearn,6,0,0.23878343403339386,0,False,0.8094575799721836,0.3463143254520167,0.97265625
21766,0,CF2,L5,0.7,dictlearn,1,0,0.3565368056297302,0,False,0.8601108033240997,0.3545706371191136,1.0
25433,0,CF2,L5,0.7,dictlearn,8,1,0.529961884021759,0,False,0.8458333333333333,0.34444444444444444,0.96875
10927,0,CF2,L5,0.7,dictlearn,8,0,0.4136262834072113,0,False,0.8590971272229823,0.3433652530779754,0.98046875
14092,0,CF2,L5,0.7,dictlearn,6,1,0.6255912184715271,0,False,0.8457300275482094,0.34297520661157027,0.97265625
20936,0,CF2,L5,0.7,dictlearn,9,0,0.3571487069129944,0,False,0.865047233468286,0.34547908232118757,1.0
23711,0,CF2,L5,0.7,dictlearn,4,2,0.6635167598724365,0,False,0.8581363004172462,0.34909596662030595,0.98046875
19260,0,CF2,L5,0.7,dictlearn,7,6,0.39872515201568604,0,False,0.8629242819843342,0.3289817232375979,0.984375
17360,0,CF2,L5,0.7,dictlearn,3,7,0.5926646590232849,0,False,0.8259052924791086,0.32172701949860727,0.90234375
965,0,CF2,L5,0.7,dictlearn,0,1,0.4978625774383545,0,False,0.8397260273972603,0.3506849315068493,1.0
463,0,CF2,L5,0.7,dictlearn,6,0,0.30387282371520996,0,False,0.8191933240611962,0.33936022253129344,0.953125
8945,0,CF2,L5,0.7,dictlearn,6,0,0.864718496799469,0,False,0.850974930362117,0.3565459610027855,1.0
14090,0,CF2,L5,0.7,dictlearn,2,1,0.27310916781425476,0,False,0.807743658210948,0.3177570093457944,0.9296875
8479,0,CF2,L5,0.7,dictlearn,9,7,0.6379448771476746,0,False,0.8553546592489569,0.3560500695410292,1.0
24477,0,CF2,L5,0.7,dictlearn,2,1,0.3223734200000763,0,False,0.8363136176066025,0.34112792297111416,0.96875
8195,0,CF2,L5,0.7,dictlearn,0,0,0.6391863226890564,1,False,0.8624484181568088,0.35213204951856947,1.0
1773,0,CF2,L5,0.7,dictlearn,0,1,0.6036622524261475,0,False,0.8262599469496021,0.32625994694960214,0.9609375
11776,0,CF2,L5,0.7,dictlearn,2,1,0.41742774844169617,0,False,0.8704939919893191,0.3417890520694259,1.0
3313,0,CF2,L5,0.7,dictlearn,6,0,0.6376256346702576,0,False,0.8253094910591472,0.3493810178817056,0.9921875
5424,0,CF2,L5,0.7,dictlearn,9,1,0.9266117811203003,0,False,0.8257261410788381,0.35408022130013833,1.0
19606,0,CF2,L5,0.7,dictlearn,2,1,0.4129383862018585,0,False,0.8480325644504749,0.33921302578018997,0.9765625
10110,0,CF2,L5,0.7,dictlearn,9,1,0.30847617983818054,0,False,0.8796791443850267,0.3422459893048128,1.0
22872,0,CF2,L5,0.7,dictlearn,6,0,0.6761869192123413,0,False,0.8536585365853658,0.34688346883468835,1.0
7573,0,CF2,L5,0.7,dictlearn,1,1,0.5715962052345276,1,False,0.8395573997233748,0.35408022130013833,1.0
7105,0,CF2,L5,0.7,dictlearn,3,0,0.44997790455818176,0,False,0.8678720445062587,0.3560500695410292,1.0
18854,0,CF2,L5,0.7,dictlearn,1,1,0.4024776518344879,1,False,0.8348993288590604,0.338255033557047,0.984375
14576,0,CF2,L5,0.7,dictlearn,9,0,0.2879031300544739,0,False,0.8402684563758389,0.3208053691275168,0.93359375
9376,0,CF2,L5,0.7,dictlearn,0,1,0.6000754833221436,0,False,0.8518518518518519,0.33607681755829905,0.95703125
20128,0,CF2,L5,0.7,dictlearn,8,0,0.836251974105835,0,False,0.8585298196948682,0.3550624133148405,1.0
24854,0,CF2,L5,0.7,dictlearn,9,3,0.40167126059532166,0,False,0.8440366972477065,0.3211009174311927,0.95703125
4937,0,CF2,L5,0.7,dictlearn,2,1,0.4795558750629425,0,False,0.8577405857740585,0.35704323570432356,1.0
338,0,CF2,L5,0.7,dictlearn,3,4,0.15934598445892334,0,False,0.8629776021080369,0.3346508563899868,0.9921875
9981,0,CF2,L5,0.7,dictlearn,3,2,0.36635398864746094,0,False,0.8773087071240105,0.3311345646437995,0.98046875
6665,0,CF2,L5,0.7,dictlearn,8,0,0.6814448833465576,0,False,0.8732970027247956,0.34877384196185285,1.0
6704,0,CF2,L5,0.7,dictlearn,0,0,0.38842910528182983,1,False,0.8594164456233422,0.32891246684350134,0.96875
23255,0,CF2,L5,0.7,dictlearn,2,0,0.4312776029109955,0,False,0.8482849604221636,0.33773087071240104,1.0
5355,0,CF2,L5,0.7,dictlearn,5,5,0.37091904878616333,1,False,0.8535564853556485,0.32217573221757323,0.90234375
22422,0,CF2,L5,0.7,dictlearn,1,2,0.32912886142730713,0,False,0.8271092669432918,0.34024896265560167,0.9609375
7367,0,CF2,L5,0.7,dictlearn,9,2,0.41040337085723877,0,False,0.8620689655172413,0.35310344827586204,1.0
13489,0,CF2,L5,0.7,dictlearn,7,1,0.5465813279151917,0,False,0.8731155778894473,0.32160804020100503,1.0
20955,0,CF2,L5,0.7,dictlearn,7,1,0.3912409842014313,0,False,0.8604972375690608,0.35359116022099446,1.0
25439,0,CF2,L5,0.7,dictlearn,9,2,0.4270012676715851,0,False,0.8396094839609484,0.35704323570432356,1.0
12711,0,CF2,L5,0.7,dictlearn,8,1,0.23745164275169373,0,False,0.8855263157894737,0.3368421052631579,1.0
7671,0,CF2,L5,0.7,dictlearn,6,1,0.5697068572044373,0,False,0.8633879781420765,0.34972677595628415,1.0
20420,0,CF2,L5,0.7,dictlearn,8,7,0.6411073207855225,0,False,0.8354253835425384,0.3110181311018131,0.87109375
12630,0,CF2,L5,0.7,dictlearn,2,7,0.4192653000354767,0,False,0.8636995827538247,0.3560500695410292,1.0
21394,0,CF2,L5,0.7,dictlearn,1,1,0.4561430811882019,1,False,0.8632596685082873,0.35220994475138123,0.99609375
7095,0,CF2,L5,0.7,dictlearn,1,1,0.9002169966697693,1,False,0.8220689655172414,0.33655172413793105,0.953125
11532,0,CF2,L5,0.7,dictlearn,9,0,0.31380531191825867,0,False,0.8286908077994429,0.3565459610027855,1.0
2853,0,CF2,L5,0.7,dictlearn,3,1,0.3945542573928833,0,False,0.839142091152815,0.34316353887399464,1.0
13487,0,CF2,L5,0.7,dictlearn,0,1,0.43584150075912476,0,False,0.8505434782608695,0.34782608695652173,1.0
9350,0,CF2,L5,0.7,dictlearn,9,2,0.7083783745765686,0,False,0.8567493112947658,0.3526170798898072,1.0
24164,0,CF2,L5,0.7,dictlearn,4,1,0.5675927400588989,0,False,0.852054794520548,0.3506849315068493,1.0
23155,0,CF2,L5,0.7,dictlearn,7,0,0.5566739439964294,0,False,0.837431693989071,0.3333333333333333,0.953125
1588,0,CF2,L5,0.7,dictlearn,8,1,0.33346378803253174,0,False,0.8465679676985195,0.3445491251682369,1.0
5400,0,CF2,L5,0.7,dictlearn,5,0,0.4069650173187256,0,False,0.850415512465374,0.3545706371191136,1.0
8913,0,CF2,L5,0.7,dictlearn,6,0,0.41884827613830566,0,False,0.887012987012987,0.33246753246753247,1.0
4990,0,CF2,L5,0.7,dictlearn,8,0,0.24498045444488525,0,False,0.8758085381630013,0.3260025873221216,0.984375
13364,0,CF2,L5,0.7,dictlearn,7,1,0.3125784993171692,0,False,0.8472032742155525,0.34652114597544337,0.9921875
1157,0,CF2,L5,0.7,dictlearn,1,0,0.6412437558174133,0,False,0.8310626702997275,0.3419618528610354,0.98046875
19432,0,CF2,L5,0.7,dictlearn,6,1,0.7474473118782043,0,False,0.8411458333333334,0.3333333333333333,1.0
24861,0,CF2,L5,0.7,dictlearn,1,1,0.4518860876560211,1,False,0.8125854993160054,0.3036935704514364,0.8671875
16303,0,CF2,L5,0.7,dictlearn,0,1,0.5247698426246643,0,False,0.8819444444444444,0.35555555555555557,1.0
23675,0,CF2,L5,0.7,dictlearn,1,1,0.32131361961364746,1,False,0.8636959370904325,0.3302752293577982,0.984375
10816,0,CF2,L5,0.7,dictlearn,5,7,0.43964266777038574,0,False,0.8432732316227461,0.3550624133148405,1.0
25683,0,CF2,L5,0.7,dictlearn,7,8,0.2758977711200714,0,False,0.8385772913816689,0.3283173734610123,0.9375
6680,0,CF2,L5,0.7,dictlearn,7,1,0.5415967106819153,0,False,0.8326359832635983,0.35564853556485354,0.99609375
15541,0,CF2,L5,0.7,dictlearn,1,0,0.5174506306648254,0,False,0.8411602209944752,0.35359116022099446,1.0
129,0,CF2,L5,0.7,dictlearn,9,1,0.8796072006225586,0,False,0.8527027027027027,0.34459459459459457,0.99609375
10977,0,CF2,L5,0.7,dictlearn,5,0,0.39188453555107117,0,False,0.853021978021978,0.3516483516483517,1.0
7518,0,CF2,L5,0.7,dictlearn,5,1,0.2822987139225006,0,False,0.8899328859060402,0.3409395973154362,0.9921875
15350,0,CF2,L5,0.7,dictlearn,0,1,0.6147485375404358,0,False,0.8367346938775511,0.3360544217687075,0.96484375
4712,0,CF2,L5,0.7,dictlearn,2,1,0.5883743762969971,0,False,0.8588709677419355,0.34408602150537637,1.0
3234,0,CF2,L5,0.7,dictlearn,1,0,0.5907543301582336,0,False,0.8830811554332875,0.35213204951856947,1.0
21292,0,CF2,L5,0.7,dictlearn,8,0,0.6731914281845093,0,False,0.8671232876712329,0.3506849315068493,1.0
6439,0,CF2,L5,0.7,dictlearn,6,2,0.3928490877151489,0,False,0.7967032967032966,0.3173076923076923,0.90234375
16930,0,CF2,L5,0.7,dictlearn,4,0,0.7544041275978088,0,False,0.8299595141700404,0.34547908232118757,1.0
25255,0,CF2,L5,0.7,dictlearn,6,1,0.4897424876689911,0,False,0.8628808864265928,0.3490304709141274,0.984375
5562,0,CF2,L5,0.7,dictlearn,6,1,0.44025659561157227,0,False,0.8654104979811574,0.3445491251682369,1.0
20888,0,CF2,L5,0.7,dictlearn,6,4,0.3079538941383362,0,False,0.8376891334250344,0.34112792297111416,0.96875
17907,0,CF2,L5,0.7,dictlearn,0,1,0.48309752345085144,0,False,0.8435374149659864,0.34829931972789113,1.0
15282,0,CF2,L5,0.7,dictlearn,5,2,0.7143678069114685,0,False,0.8073770491803278,0.33879781420765026,0.96875
9564,0,CF2,L5,0.7,dictlearn,5,1,0.3563371002674103,0,False,0.8693877551020408,0.3346938775510204,0.9609375
2105,0,CF2,L5,0.7,dictlearn,5,0,0.6905447244644165,0,False,0.8605577689243028,0.33731739707835323,0.9921875
2188,0,CF2,L5,0.7,dictlearn,5,1,0.2375023066997528,0,False,0.8016085790884718,0.3257372654155496,0.94921875
10587,0,CF2,L5,0.7,dictlearn,9,0,0.4286743402481079,0,False,0.8523676880222841,0.3565459610027855,1.0
20421,0,CF2,L5,0.7,dictlearn,8,0,0.7710931301116943,0,False,0.8743243243243243,0.34459459459459457,0.99609375
23070,0,CF2,L5,0.7,dictlearn,0,2,0.3618229925632477,0,False,0.8370165745856354,0.3314917127071823,0.9375
19127,0,CF2,L5,0.7,dictlearn,6,0,0.7275658249855042,0,False,0.8575268817204301,0.34408602150537637,1.0
7302,0,CF2,L5,0.7,dictlearn,3,2,0.4378928244113922,0,False,0.8493150684931506,0.3506849315068493,1.0
8409,0,CF2,L5,0.7,dictlearn,4,1,0.5806190967559814,0,False,0.8597402597402597,0.32857142857142857,0.98828125
11086,0,CF2,L5,0.7,dictlearn,7,7,0.826647162437439,1,False,0.7938718662952646,0.3342618384401114,0.9375
17122,0,CF2,L5,0.7,dictlearn,5,1,0.4611259996891022,0,False,0.8511821974965229,0.3560500695410292,1.0
3555,0,CF2,L5,0.7,dictlearn,2,1,0.4906442165374756,0,False,0.8530997304582211,0.3450134770889488,1.0
19437,0,CF2,L5,0.7,dictlearn,4,1,0.40714383125305176,0,False,0.8278688524590164,0.3401639344262295,0.97265625
594,0,CF2,L5,0.7,dictlearn,9,0,0.3407224416732788,0,False,0.8107734806629834,0.3370165745856354,0.953125
21863,0,CF2,L5,0.7,dictlearn,3,1,0.19689004123210907,0,False,0.8303448275862069,0.34344827586206894,0.97265625
19765,0,CF2,L5,0.7,dictlearn,5,5,0.2899392545223236,1,False,0.8117154811715481,0.33612273361227335,0.94140625
16909,0,CF2,L5,0.7,dictlearn,2,0,0.45653313398361206,0,False,0.7869986168741355,0.326417704011065,0.921875
21154,0,CF2,L5,0.7,dictlearn,7,1,0.40665489435195923,0,False,0.8311345646437994,0.3337730870712401,0.98828125
18615,0,CF2,L5,0.7,dictlearn,7,2,0.4943836033344269,0,False,0.8609179415855355,0.3518776077885953,0.98828125
18171,0,CF2,L5,0.7,dictlearn,7,1,0.486301064491272,0,False,0.8614540466392319,0.3497942386831276,0.99609375
24434,0,CF2,L5,0.7,dictlearn,5,0,0.49763432145118713,0,False,0.8716875871687587,0.35704323570432356,1.0
9664,0,CF2,L5,0.7,dictlearn,0,0,0.7487703561782837,1,False,0.8442280945757997,0.3560500695410292,1.0
2013,0,CF2,L5,0.7,dictlearn,5,1,0.4602039158344269,0,False,0.8401585204755614,0.3381770145310436,1.0
13537,0,CF2,L5,0.7,dictlearn,4,0,0.8737597465515137,0,False,0.8734353268428373,0.3560500695410292,1.0
23942,0,CF2,L5,0.7,dictlearn,9,0,0.6360618472099304,0,False,0.871866295264624,0.34401114206128136,0.96484375
12415,0,CF2,L5,0.7,dictlearn,4,0,0.3970080316066742,0,False,0.8081632653061225,0.34829931972789113,1.0
13735,0,CF2,L5,0.7,dictlearn,0,0,0.7140627503395081,1,False,0.8539638386648123,0.3560500695410292,1.0
6873,0,CF2,L5,0.7,dictlearn,1,1,0.6492821574211121,1,False,0.8342541436464088,0.35082872928176795,0.9921875
16233,0,CF2,L5,0.7,dictlearn,2,0,0.42142754793167114,0,False,0.873641304347826,0.34782608695652173,1.0
13108,0,CF2,L5,0.7,dictlearn,5,1,0.40006425976753235,0,False,0.8577405857740585,0.35704323570432356,1.0
18114,0,CF2,L5,0.7,dictlearn,7,1,0.3564617335796356,0,False,0.8486486486486486,0.33918918918918917,0.98046875
25318,0,CF2,L5,0.7,dictlearn,0,1,0.5588377714157104,0,False,0.8607427055702918,0.3395225464190981,1.0
22387,0,CF2,L5,0.7,dictlearn,7,1,0.39721864461898804,0,False,0.8630705394190872,0.35408022130013833,1.0
19911,0,CF2,L5,0.7,dictlearn,7,2,0.37992218136787415,0,False,0.7950138504155124,0.3407202216066482,0.9609375
9953,0,CF2,L5,0.7,dictlearn,2,2,0.4563990533351898,1,False,0.8984375,0.3333333333333333,1.0
18500,0,CF2,L5,0.7,dictlearn,1,1,0.7644670009613037,1,False,0.8372739916550765,0.35048678720445064,0.984375
12463,0,CF2,L5,0.7,dictlearn,2,0,0.6660007238388062,0,False,0.8353909465020576,0.3511659807956104,1.0
12143,0,CF2,L5,0.7,dictlearn,8,1,0.34594354033470154,0,False,0.8481894150417827,0.33565459610027853,0.94140625
14588,0,CF2,L5,0.7,dictlearn,8,1,0.6550950407981873,0,False,0.8545706371191135,0.3545706371191136,1.0
22152,0,CF2,L5,0.7,dictlearn,2,1,0.5607519745826721,0,False,0.868421052631579,0.3545706371191136,1.0
16563,0,CF2,L5,0.7,dictlearn,4,0,0.48867154121398926,0,False,0.8191933240611962,0.35465924895688455,0.99609375
25225,0,CF2,L5,0.7,dictlearn,9,1,0.40247663855552673,0,False,0.8611111111111112,0.34305555555555556,0.96484375
1161,0,CF2,L5,0.7,dictlearn,2,1,0.7235192060470581,0,False,0.837465564738292,0.34297520661157027,0.97265625
9891,0,CF2,L5,0.7,dictlearn,5,0,0.5327975153923035,0,False,0.8410041841004184,0.35704323570432356,1.0
18833,0,CF2,L5,0.7,dictlearn,2,1,0.5815622806549072,0,False,0.797799174690509,0.3204951856946355,0.91015625
6162,0,CF2,L5,0.7,dictlearn,2,1,0.6312955617904663,0,False,0.8702702702702703,0.34594594594594597,1.0
22638,0,CF2,L5,0.7,dictlearn,0,1,0.28566259145736694,0,False,0.8744939271255061,0.34547908232118757,1.0
6112,0,CF2,L5,0.7,dictlearn,6,0,0.6710715889930725,0,False,0.833112582781457,0.3271523178807947,0.96484375
24259,0,CF2,L5,0.7,dictlearn,9,1,0.33086976408958435,0,False,0.8670284938941656,0.3473541383989145,1.0
18029,0,CF2,L5,0.7,dictlearn,2,0,0.36299318075180054,0,False,0.8656126482213439,0.3372859025032938,1.0
13233,0,CF2,L5,0.7,dictlearn,0,1,0.4409042000770569,0,False,0.8587105624142661,0.3511659807956104,1.0
22560,0,CF2,L5,0.7,dictlearn,3,0,0.5195645689964294,0,False,0.811373092926491,0.34674063800277394,0.9765625
17100,0,CF2,L5,0.7,dictlearn,7,0,0.38199344277381897,0,False,0.8261474269819193,0.3337969401947149,0.9375
13394,0,CF2,L5,0.7,dictlearn,7,2,0.3241003155708313,0,False,0.8231292517006803,0.3346938775510204,0.9609375
25173,0,CF2,L5,0.7,dictlearn,3,1,0.38676324486732483,0,False,0.8587257617728532,0.3545706371191136,1.0
17342,0,CF2,L5,0.7,dictlearn,4,4,0.3156339228153229,1,False,0.8172942817294282,0.3263598326359833,0.9140625
5881,0,CF2,L5,0.7,dictlearn,1,1,0.4103565812110901,1,False,0.8507670850767085,0.3542538354253835,0.9921875
16982,0,CF2,L5,0.7,dictlearn,3,1,0.41720253229141235,0,False,0.8710990502035278,0.3473541383989145,1.0
12959,0,CF2,L5,0.7,dictlearn,2,0,0.5060757398605347,0,False,0.8524137931034482,0.35172413793103446,0.99609375
3410,0,CF2,L5,0.7,dictlearn,2,1,0.6161271333694458,0,False,0.853625170998632,0.35020519835841313,1.0
1939,0,CF2,L5,0.7,dictlearn,2,1,0.61623615026474,0,False,0.8444148936170213,0.3390957446808511,0.99609375
13563,0,CF2,L5,0.7,dictlearn,4,1,0.7169065475463867,0,False,0.8559556786703602,0.3545706371191136,1.0
9659,0,CF2,L5,0.7,dictlearn,4,1,0.4043148458003998,0,False,0.8406593406593407,0.34615384615384615,0.984375
23588,0,CF2,L5,0.7,dictlearn,9,2,0.3877153992652893,0,False,0.853185595567867,0.35041551246537395,0.98828125
12156,0,CF2,L5,0.7,dictlearn,9,0,0.5425882935523987,0,False,0.841225626740947,0.35236768802228413,0.98828125
24790,0,CF2,L5,0.7,dictlearn,4,1,0.6386263370513916,0,False,0.8496042216358839,0.33773087071240104,1.0
894,0,CF2,L5,0.7,dictlearn,8,0,0.5985069274902344,0,False,0.8331053351573188,0.3488372093023256,0.99609375
13738,0,CF2,L5,0.7,dictlearn,7,1,0.41273579001426697,0,False,0.8633288227334236,0.34641407307171856,1.0
20555,0,CF2,L5,0.7,dictlearn,5,2,0.4439893960952759,0,False,0.8601747815230961,0.31585518102372034,0.98828125
20457,0,CF2,L5,0.7,dictlearn,3,0,0.6729106307029724,0,False,0.8734353268428373,0.3560500695410292,1.0
24842,0,CF2,L5,0.7,dictlearn,3,1,0.4919268488883972,0,False,0.8548168249660787,0.3473541383989145,1.0
11390,0,CF2,L5,0.7,dictlearn,9,0,0.5039613246917725,0,False,0.8535911602209945,0.35359116022099446,1.0
2665,0,CF2,L5,0.7,dictlearn,9,7,0.5875136256217957,0,False,0.8188105117565698,0.34024896265560167,0.9609375
24741,0,CF2,L5,0.7,dictlearn,8,5,0.3508690595626831,0,False,0.837431693989071,0.34153005464480873,0.9765625
17634,0,CF2,L5,0.7,dictlearn,8,1,0.7489465475082397,0,False,0.8297587131367292,0.3351206434316354,0.9765625
16599,0,CF2,L5,0.7,dictlearn,1,0,0.4521951377391815,0,False,0.8608815426997245,0.3526170798898072,1.0
19330,0,CF2,L5,0.7,dictlearn,7,0,0.2630493938922882,0,False,0.832425068119891,0.34332425068119893,0.984375
3257,0,CF2,L5,0.7,dictlearn,1,1,0.47004514932632446,1,False,0.8526603001364257,0.34924965893587995,1.0
1114,0,CF2,L5,0.7,dictlearn,9,1,0.5486562252044678,0,False,0.8456189151599444,0.3560500695410292,1.0
11738,0,CF2,L5,0.7,dictlearn,8,1,0.2722436487674713,0,False,0.854421768707483,0.34829931972789113,1.0
13077,0,CF2,L5,0.7,dictlearn,8,1,0.4419988989830017,0,False,0.8593103448275862,0.35310344827586204,1.0
5168,0,CF2,L5,0.7,dictlearn,3,2,0.629469096660614,0,False,0.8520055325034578,0.34854771784232363,0.984375
26013,0,CF2,L5,0.7,dictlearn,8,0,0.5023216009140015,0,False,0.8602739726027397,0.3506849315068493,1.0
5611,0,CF2,L5,0.7,dictlearn,7,4,0.2722040116786957,0,False,0.82907133243607,0.32570659488559894,0.9453125
9389,0,CF2,L5,0.7,dictlearn,6,0,0.19158883392810822,0,False,0.8488210818307905,0.3550624133148405,1.0
25070,0,CF2,L5,0.7,dictlearn,2,2,0.9645873308181763,1,False,0.8497913769123783,0.3477051460361613,0.9765625
11322,0,CF2,L5,0.7,dictlearn,8,0,0.8279562592506409,0,False,0.8444444444444444,0.35,0.984375
3051,0,CF2,L5,0.7,dictlearn,0,1,0.39639344811439514,0,False,0.8540829986613119,0.3427041499330656,1.0
18770,0,CF2,L5,0.7,dictlearn,4,1,0.4138967990875244,0,False,0.8331053351573188,0.3378932968536252,0.96484375
14692,0,CF2,L5,0.7,dictlearn,2,0,0.8033055067062378,0,False,0.8310249307479224,0.3490304709141274,0.984375
4561,0,CF2,L5,0.7,dictlearn,5,6,0.4037851095199585,0,False,0.7877947295423023,0.29403606102635227,0.828125
16994,0,CF2,L5,0.7,dictlearn,0,0,0.4842067062854767,1,False,0.8729281767955801,0.35359116022099446,1.0
4156,0,CF2,L5,0.7,dictlearn,5,1,0.25916966795921326,0,False,0.8428372739916551,0.3560500695410292,1.0
5884,0,CF2,L5,0.7,dictlearn,1,1,0.2902967631816864,1,False,0.8428184281842819,0.33062330623306235,0.953125
18233,0,CF2,L5,0.7,dictlearn,0,0,0.44021695852279663,1,False,0.8430555555555556,0.35555555555555557,1.0
17044,0,CF2,L5,0.7,dictlearn,6,1,0.43173718452453613,0,False,0.8304405874499332,0.3417890520694259,1.0
18857,0,CF2,L5,0.7,dictlearn,6,1,0.4058362543582916,0,False,0.8448753462603878,0.3545706371191136,1.0
21917,0,CF2,L5,0.7,dictlearn,9,1,0.3720085024833679,0,False,0.8335644937586685,0.34812760055478503,0.98046875
5054,0,CF2,L5,0.7,dictlearn,3,0,0.4668937027454376,0,False,0.8400556328233658,0.3560500695410292,1.0
7882,0,CF2,L5,0.7,dictlearn,4,1,0.46169131994247437,0,False,0.8644986449864499,0.34688346883468835,1.0
15688,0,CF2,L5,0.7,dictlearn,4,8,0.41969287395477295,0,False,0.8370165745856354,0.3287292817679558,0.9296875
5612,0,CF2,L5,0.7,dictlearn,8,0,0.34043195843696594,0,False,0.8672199170124482,0.32918395573997233,0.9296875
13934,0,CF2,L5,0.7,dictlearn,9,0,0.7849699258804321,0,False,0.8247566063977747,0.3560500695410292,1.0
16689,0,CF2,L5,0.7,dictlearn,2,0,0.6819248199462891,0,False,0.8638814016172507,0.3436657681940701,0.99609375
23844,0,CF2,L5,0.7,dictlearn,6,1,0.34210702776908875,0,False,0.8295165394402035,0.32188295165394404,0.98828125
7944,0,CF2,L5,0.7,dictlearn,7,1,0.3750511109828949,0,False,0.8532110091743119,0.33551769331585846,1.0
11370,0,CF2,L5,0.7,dictlearn,8,6,0.4444292187690735,0,False,0.8534599728629579,0.3310719131614654,0.953125
24569,0,CF2,L5,0.7,dictlearn,1,0,0.2383604496717453,0,False,0.779291553133515,0.30926430517711173,0.88671875
7529,0,CF2,L5,0.7,dictlearn,5,0,0.5822415351867676,0,False,0.8413793103448276,0.35310344827586204,1.0
5092,0,CF2,L5,0.7,dictlearn,2,0,0.4666672945022583,0,False,0.8577405857740585,0.35704323570432356,1.0
20673,0,CF2,L5,0.7,dictlearn,2,0,0.3933678865432739,0,False,0.8401639344262295,0.34972677595628415,1.0
10096,0,CF2,L5,0.7,dictlearn,7,0,0.4690421521663666,0,False,0.8470744680851063,0.3324468085106383,0.9765625
2059,0,CF2,L5,0.7,dictlearn,3,0,0.5719838738441467,0,False,0.8472222222222222,0.3277777777777778,0.921875
19318,0,CF2,L5,0.7,dictlearn,0,0,0.8362206220626831,1,False,0.8328877005347594,0.339572192513369,0.9921875
12977,0,CF2,L5,0.7,dictlearn,8,2,0.3735656440258026,0,False,0.8500669344042838,0.3373493975903614,0.984375
17673,0,CF2,L5,0.7,dictlearn,0,1,0.5477816462516785,0,False,0.8482384823848238,0.34146341463414637,0.984375
18750,0,CF2,L5,0.7,dictlearn,0,2,0.34913209080696106,0,False,0.8379501385041551,0.3490304709141274,0.984375
16728,0,CF2,L5,0.7,dictlearn,3,0,0.4471434950828552,0,False,0.863448275862069,0.35310344827586204,1.0
14776,0,CF2,L5,0.7,dictlearn,8,0,0.9244399070739746,0,False,0.8666666666666667,0.34829931972789113,1.0
6941,0,CF2,L5,0.7,dictlearn,9,0,0.41186174750328064,0,False,0.8451882845188284,0.35704323570432356,1.0
16787,0,CF2,L5,0.7,dictlearn,6,1,0.5920392870903015,0,False,0.835635359116022,0.35359116022099446,1.0
25932,0,CF2,L5,0.7,dictlearn,5,2,0.3222237825393677,0,False,0.8285714285714286,0.34285714285714286,0.984375
614,0,CF2,L5,0.7,dictlearn,0,0,0.7684047222137451,1,False,0.8377253814147018,0.3550624133148405,1.0
25690,0,CF2,L5,0.7,dictlearn,5,1,0.4135582745075226,0,False,0.8743455497382199,0.33507853403141363,1.0
25968,0,CF2,L5,0.7,dictlearn,5,0,0.5680713653564453,0,False,0.8324175824175825,0.3489010989010989,0.9921875
20123,0,CF2,L5,0.7,dictlearn,3,0,0.3775915503501892,0,False,0.8592105263157894,0.3368421052631579,1.0
13341,0,CF2,L5,0.7,dictlearn,5,2,0.35803940892219543,0,False,0.8647925033467202,0.30254350736278446,0.8828125
24697,0,CF2,L5,0.7,dictlearn,4,0,0.3513356149196625,0,False,0.8407202216066482,0.3545706371191136,1.0
15157,0,CF2,L5,0.7,dictlearn,6,0,0.5216964483261108,0,False,0.8510344827586207,0.35310344827586204,1.0
23115,0,CF2,L5,0.7,dictlearn,1,1,0.6314771175384521,1,False,0.8702928870292888,0.3542538354253835,0.9921875
6396,0,CF2,L5,0.7,dictlearn,0,0,0.8972694277763367,1,False,0.8482758620689655,0.35310344827586204,1.0
19142,0,CF2,L5,0.7,dictlearn,4,0,0.621142566204071,0,False,0.8339973439575034,0.3399734395750332,1.0
13157,0,CF2,L5,0.7,dictlearn,3,1,0.5413168668746948,0,False,0.8527027027027027,0.34594594594594597,1.0
19866,0,CF2,L5,0.7,dictlearn,1,0,0.5779727697372437,0,False,0.8694481830417228,0.3445491251682369,1.0
25996,0,CF2,L5,0.7,dictlearn,8,2,0.4865533113479614,0,False,0.8201936376210235,0.3333333333333333,0.94140625
25515,0,CF2,L5,0.7,dictlearn,7,1,0.5886162519454956,0,False,0.8437067773167358,0.35408022130013833,1.0
12876,0,CF2,L5,0.7,dictlearn,0,0,0.35989052057266235,1,False,0.8555858310626703,0.33651226158038144,0.96484375
17565,0,CF2,L5,0.7,dictlearn,6,0,0.702056348323822,0,False,0.8684931506849315,0.3506849315068493,1.0
17511,0,CF2,L5,0.7,dictlearn,4,7,0.2709284722805023,0,False,0.8521617852161785,0.35704323570432356,1.0
19996,0,CF2,L5,0.7,dictlearn,0,1,0.4440279006958008,0,False,0.8407557354925776,0.340080971659919,0.984375
12807,0,CF2,L5,0.7,dictlearn,1,1,0.9255673885345459,1,False,0.8740157480314961,0.3359580052493438,1.0
11001,0,CF2,L5,0.7,dictlearn,9,0,0.9715604186058044,0,False,0.8335625859697386,0.35213204951856947,1.0
13107,0,CF2,L5,0.7,dictlearn,0,0,0.48844096064567566,1,False,0.8427586206896551,0.34620689655172415,0.98046875
12641,0,CF2,L5,0.7,dictlearn,6,1,0.7775499224662781,0,False,0.8555555555555555,0.3333333333333333,0.9375
22667,0,CF2,L5,0.7,dictlearn,5,1,0.6292075514793396,0,False,0.8199445983379502,0.35318559556786705,0.99609375
7310,0,CF2,L5,0.7,dictlearn,7,1,0.5061161518096924,0,False,0.8166666666666667,0.3527777777777778,0.9921875
764,0,CF2,L5,0.7,dictlearn,1,1,0.6038829684257507,1,False,0.8265027322404371,0.32650273224043713,0.93359375
14813,0,CF2,L5,0.7,dictlearn,4,1,0.4836426079273224,0,False,0.862533692722372,0.3450134770889488,1.0
7132,0,CF2,L5,0.7,dictlearn,2,1,0.7304061651229858,0,False,0.86593707250342,0.35020519835841313,1.0
23884,0,CF2,L5,0.7,dictlearn,1,1,0.47516751289367676,1,False,0.84375,0.34782608695652173,1.0
22735,0,CF2,L5,0.7,dictlearn,8,1,0.4613119065761566,0,False,0.8427586206896551,0.35310344827586204,1.0
12483,0,CF2,L5,0.7,dictlearn,2,1,0.7308152318000793,0,False,0.8402203856749312,0.3526170798898072,1.0
10442,0,CF2,L5,0.7,dictlearn,6,3,0.33999037742614746,0,False,0.8010610079575596,0.27718832891246686,0.81640625
3733,0,CF2,L5,0.7,dictlearn,8,0,0.7404512763023376,0,False,0.8510928961748634,0.34972677595628415,1.0
20089,0,CF2,L5,0.7,dictlearn,4,1,0.285440593957901,0,False,0.8792650918635171,0.3359580052493438,1.0
20411,0,CF2,L5,0.7,dictlearn,4,0,0.4670163691043854,0,False,0.8161559888579387,0.3551532033426184,0.99609375
10695,0,CF2,L5,0.7,dictlearn,4,1,0.4238853454589844,0,False,0.826265389876881,0.33652530779753764,0.9609375
11992,0,CF2,L5,0.7,dictlearn,2,1,0.5981243848800659,0,False,0.8539638386648123,0.3560500695410292,1.0
20712,0,CF2,L5,0.7,dictlearn,7,1,0.5075111389160156,0,False,0.8472032742155525,0.34924965893587995,1.0
6518,0,CF2,L5,0.7,dictlearn,8,1,0.6976925730705261,0,False,0.8836565096952909,0.3545706371191136,1.0
6015,0,CF2,L5,0.7,dictlearn,9,0,0.5920299291610718,0,False,0.8839634941329857,0.33376792698826596,1.0
8396,0,CF2,L5,0.7,dictlearn,5,1,0.8361501693725586,0,False,0.8468965517241379,0.3489655172413793,0.98828125
12097,0,CF2,L5,0.7,dictlearn,9,7,0.897549569606781,0,False,0.7922769640479361,0.3395472703062583,0.99609375
12565,0,CF2,L5,0.7,dictlearn,2,1,0.3385099172592163,0,False,0.833103448275862,0.34344827586206894,0.97265625
22474,0,CF2,L5,0.7,dictlearn,4,1,0.3260141611099243,0,False,0.8534599728629579,0.3473541383989145,1.0
25110,0,CF2,L5,0.7,dictlearn,9,1,0.31266212463378906,0,False,0.8259705488621151,0.3360107095046854,0.98046875
8275,0,CF2,L5,0.7,dictlearn,8,2,0.2838200330734253,0,False,0.8466850828729282,0.35359116022099446,1.0
3871,0,CF2,L5,0.7,dictlearn,1,1,0.7453557252883911,1,False,0.8122392211404729,0.35465924895688455,0.99609375
24639,0,CF2,L5,0.7,dictlearn,2,1,0.47068217396736145,0,False,0.8708333333333333,0.3527777777777778,0.9921875
15979,0,CF2,L5,0.7,dictlearn,3,1,0.23720502853393555,0,False,0.8559670781893004,0.3511659807956104,1.0
24513,0,CF2,L5,0.7,dictlearn,6,1,0.779682457447052,0,False,0.8495212038303693,0.3392612859097127,0.96875
10926,0,CF2,L5,0.7,dictlearn,7,1,0.43297064304351807,0,False,0.871313672922252,0.34316353887399464,1.0
25564,0,CF2,L5,0.7,dictlearn,0,7,0.7148867845535278,0,False,0.8655913978494624,0.34408602150537637,1.0
2118,0,CF2,L5,0.7,dictlearn,0,1,0.5211582779884338,0,False,0.8506224066390041,0.35408022130013833,1.0
4358,0,CF2,L5,0.7,dictlearn,9,1,0.4598758816719055,0,False,0.8416666666666667,0.35555555555555557,1.0
5674,0,CF2,L5,0.7,dictlearn,8,5,0.4229550063610077,0,False,0.8350125944584383,0.3136020151133501,0.97265625
3397,0,CF2,L5,0.7,dictlearn,7,1,0.2908574640750885,0,False,0.8523676880222841,0.3565459610027855,1.0
5183,0,CF2,L5,0.7,dictlearn,7,0,0.3837144374847412,0,False,0.831989247311828,0.3387096774193548,0.984375
7505,0,CF2,L5,0.7,dictlearn,9,1,0.45178839564323425,0,False,0.8256130790190735,0.3474114441416894,0.99609375
17539,0,CF2,L5,0.7,dictlearn,0,1,0.4700039029121399,0,False,0.8200836820083682,0.3528591352859135,0.98828125
23918,0,CF2,L5,0.7,dictlearn,6,0,0.4368385374546051,0,False,0.8407202216066482,0.35041551246537395,0.98828125
19449,0,CF2,L5,0.7,dictlearn,2,1,0.3887227177619934,0,False,0.8842975206611571,0.3526170798898072,1.0
18599,0,CF2,L5,0.7,dictlearn,3,1,0.5160717964172363,0,False,0.8676880222841226,0.3565459610027855,1.0
8175,0,CF2,L5,0.7,dictlearn,8,1,0.5384390950202942,0,False,0.8581267217630854,0.3526170798898072,1.0
18412,0,CF2,L5,0.7,dictlearn,7,1,0.4815364181995392,0,False,0.876358695652174,0.34646739130434784,0.99609375
20667,0,CF2,L5,0.7,dictlearn,1,1,0.47343048453330994,1,False,0.8462566844919787,0.3422459893048128,1.0
8672,0,CF2,L5,0.7,dictlearn,9,2,0.9094042181968689,0,False,0.8476454293628809,0.3518005540166205,0.9921875
22087,0,CF2,L5,0.7,dictlearn,1,1,0.7154432535171509,1,False,0.8616874135546335,0.35408022130013833,1.0
6910,0,CF2,L5,0.7,dictlearn,2,1,0.520200252532959,0,False,0.8683853459972863,0.3473541383989145,1.0
19205,0,CF2,L5,0.7,dictlearn,3,2,0.202195405960083,0,False,0.8475935828877005,0.3114973262032086,0.91015625
10581,0,CF2,L5,0.7,dictlearn,3,1,0.4645979702472687,0,False,0.848,0.3373333333333333,0.98828125
14516,0,CF2,L5,0.7,dictlearn,4,1,0.6819702386856079,0,False,0.8428372739916551,0.3560500695410292,1.0
22602,0,CF2,L5,0.7,dictlearn,4,1,0.27647754549980164,0,False,0.8361508452535761,0.33029908972691807,0.9921875
1944,0,CF2,L5,0.7,dictlearn,0,0,0.5495861172676086,1,False,0.8699861687413555,0.35408022130013833,1.0
19718,0,CF2,L5,0.7,dictlearn,0,1,0.3967125713825226,0,False,0.8108484005563282,0.3087621696801113,0.8671875
15599,0,CF2,L5,0.7,dictlearn,7,2,0.5178459286689758,0,False,0.899171270718232,0.35359116022099446,1.0
16766,0,CF2,L5,0.7,dictlearn,9,1,0.2262972891330719,0,False,0.8267195767195767,0.28835978835978837,0.8515625
12317,0,CF2,L5,0.7,dictlearn,5,0,0.8212705254554749,0,False,0.8654592496765847,0.3311772315653299,1.0
6275,0,CF2,L5,0.7,dictlearn,6,0,0.7395172715187073,0,False,0.8527777777777777,0.35555555555555557,1.0
14332,0,CF2,L5,0.7,dictlearn,3,7,0.38829711079597473,0,False,0.786472148541114,0.3183023872679045,0.9375
25615,0,CF2,L5,0.7,dictlearn,8,2,0.48309531807899475,0,False,0.896032831737346,0.35020519835841313,1.0
7680,0,CF2,L5,0.7,dictlearn,7,1,0.7745747566223145,0,False,0.8471023427866831,0.3156596794081381,1.0
22105,0,CF2,L5,0.7,dictlearn,7,0,0.5226230621337891,0,False,0.8744769874476988,0.35704323570432356,1.0
19179,0,CF2,L5,0.7,dictlearn,5,7,0.31346410512924194,0,False,0.8693259972489684,0.34800550206327374,0.98828125
22379,0,CF2,L5,0.7,dictlearn,5,0,0.4532296359539032,0,False,0.8469387755102041,0.32653061224489793,1.0
11796,0,CF2,L5,0.7,dictlearn,0,6,0.24500034749507904,0,False,0.8163265306122449,0.3292517006802721,0.9453125
16929,0,CF2,L5,0.7,dictlearn,0,2,0.33873865008354187,0,False,0.8324324324324325,0.34459459459459457,0.99609375
20580,0,CF2,L5,0.7,dictlearn,2,1,0.7226329445838928,0,False,0.8617157490396927,0.32778489116517284,1.0
21272,0,CF2,L5,0.7,dictlearn,7,0,0.3772144317626953,0,False,0.8521505376344086,0.34408602150537637,1.0
12963,0,CF2,L5,0.7,dictlearn,4,4,0.5087993144989014,1,False,0.8471074380165289,0.3333333333333333,0.9453125
15648,0,CF2,L5,0.7,dictlearn,9,0,0.36587169766426086,0,False,0.841897233201581,0.3372859025032938,1.0
10831,0,CF2,L5,0.7,dictlearn,6,0,0.7719084024429321,0,False,0.8605299860529986,0.35564853556485354,0.99609375
12228,0,CF2,L5,0.7,dictlearn,3,0,0.5512843728065491,0,False,0.8271604938271605,0.3511659807956104,1.0
2242,0,CF2,L5,0.7,dictlearn,7,0,0.5631371736526489,0,False,0.8528198074277854,0.35213204951856947,1.0
25443,0,CF2,L5,0.7,dictlearn,3,2,0.8975199460983276,0,False,0.8451882845188284,0.35704323570432356,1.0
23913,0,CF2,L5,0.7,dictlearn,1,2,0.33136576414108276,0,False,0.8306451612903226,0.34139784946236557,0.9921875
18452,0,CF2,L5,0.7,dictlearn,1,0,0.46656644344329834,0,False,0.8549511854951185,0.3542538354253835,0.9921875
12210,0,CF2,L5,0.7,dictlearn,0,7,0.45667439699172974,0,False,0.850415512465374,0.3545706371191136,1.0
3532,0,CF2,L5,0.7,dictlearn,6,0,0.7020311951637268,0,False,0.8589041095890411,0.3506849315068493,1.0
13678,0,CF2,L5,0.7,dictlearn,9,2,0.4272918403148651,0,False,0.8681757656458056,0.3382157123834887,0.9921875
21370,0,CF2,L5,0.7,dictlearn,5,1,0.617983877658844,0,False,0.8983957219251337,0.3422459893048128,1.0
23728,0,CF2,L5,0.7,dictlearn,9,0,0.6516228318214417,0,False,0.8386648122392212,0.3560500695410292,1.0
7460,0,CF2,L5,0.7,dictlearn,0,0,0.4194536805152893,1,False,0.8360215053763441,0.34408602150537637,1.0
25354,0,CF2,L5,0.7,dictlearn,2,1,0.4849919378757477,0,False,0.8743386243386243,0.3386243386243386,1.0
18984,0,CF2,L5,0.7,dictlearn,8,2,0.3393821716308594,0,False,0.8630872483221477,0.3436241610738255,1.0
12422,0,CF2,L5,0.7,dictlearn,6,2,0.9231621026992798,0,False,0.8651226158038147,0.34877384196185285,1.0
7413,0,CF2,L5,0.7,dictlearn,4,0,0.5307704210281372,0,False,0.8794233289646134,0.33551769331585846,1.0
