patch_id,seed,family,level,frac,method,true_label,prediction,confidence,correct,bounded_unknown,isolated_missing_frac,mask_overlap_centre,centre_erased_frac
17222,0,CF2,L5,0.7,lama,8,0,0.5744937062263489,0,False,0.8406593406593407,0.3269230769230769,0.9296875
7987,0,CF2,L5,0.7,lama,4,4,0.5655485391616821,1,False,0.8183023872679045,0.32360742705570295,0.953125
14403,0,CF2,L5,0.7,lama,1,1,0.7322878241539001,1,False,0.8865153538050734,0.32977303070761016,0.96484375
12904,0,CF2,L5,0.7,lama,1,4,0.24784663319587708,0,False,0.8523035230352304,0.34688346883468835,1.0
1024,0,CF2,L5,0.7,lama,2,5,0.28543370962142944,0,False,0.8227513227513228,0.3134920634920635,0.92578125
15700,0,CF2,L5,0.7,lama,3,3,0.5904250741004944,1,False,0.8751660026560425,0.3399734395750332,1.0
12639,0,CF2,L5,0.7,lama,7,3,0.31713417172431946,0,False,0.8224932249322493,0.3224932249322493,0.9296875
20658,0,CF2,L5,0.7,lama,4,1,0.33421897888183594,0,False,0.8518005540166205,0.3545706371191136,1.0
2642,0,CF2,L5,0.7,lama,7,8,0.32640859484672546,0,False,0.8399452804377565,0.30506155950752395,0.87109375
9392,0,CF2,L5,0.7,lama,9,2,0.5732336044311523,0,False,0.850415512465374,0.3545706371191136,1.0
23357,0,CF2,L5,0.7,lama,5,5,0.3587913513183594,1,False,0.8386666666666667,0.33066666666666666,0.96875
15977,0,CF2,L5,0.7,lama,0,1,0.5730060338973999,0,False,0.8921161825726142,0.35408022130013833,1.0
10440,0,CF2,L5,0.7,lama,0,6,0.5685845613479614,0,False,0.8314917127071824,0.35220994475138123,0.99609375
14216,0,CF2,L5,0.7,lama,3,5,0.3654228150844574,0,False,0.840599455040872,0.3474114441416894,0.99609375
18353,0,CF2,L5,0.7,lama,7,7,0.7330206632614136,1,False,0.8555555555555555,0.35555555555555557,1.0
17404,0,CF2,L5,0.7,lama,3,0,0.31768402457237244,0,False,0.8563685636856369,0.34688346883468835,1.0
8424,0,CF2,L5,0.7,lama,8,2,0.48593273758888245,0,False,0.8956884561891516,0.3532684283727399,0.9921875
4744,0,CF2,L5,0.7,lama,8,3,0.24737706780433655,0,False,0.8481182795698925,0.34408602150537637,1.0
18797,0,CF2,L5,0.7,lama,7,7,0.6727989912033081,1,False,0.8556005398110661,0.34547908232118757,1.0
3156,0,CF2,L5,0.7,lama,7,1,0.8806205987930298,0,False,0.8666666666666667,0.3541666666666667,0.99609375
17024,0,CF2,L5,0.7,lama,2,2,0.9098677635192871,1,False,0.8856749311294766,0.3526170798898072,1.0
7807,0,CF2,L5,0.7,lama,8,2,0.6432237029075623,0,False,0.8593314763231198,0.3565459610027855,1.0
138,0,CF2,L5,0.7,lama,0,6,0.5707760453224182,0,False,0.8555858310626703,0.34877384196185285,1.0
20222,0,CF2,L5,0.7,lama,2,1,0.3183332681655884,0,False,0.8569444444444444,0.3527777777777778,0.9921875
24734,0,CF2,L5,0.7,lama,9,2,0.26195669174194336,0,False,0.8553888130968622,0.3451568894952251,0.98828125
8909,0,CF2,L5,0.7,lama,0,2,0.33577394485473633,0,False,0.8755129958960328,0.35020519835841313,1.0
4684,0,CF2,L5,0.7,lama,1,2,0.6401998996734619,0,False,0.850974930362117,0.3565459610027855,1.0
15978,0,CF2,L5,0.7,lama,6,0,0.2724919021129608,0,False,0.830393487109905,0.33649932157394846,0.96875
21495,0,CF2,L5,0.7,lama,7,1,0.5904305577278137,0,False,0.8200836820083682,0.3305439330543933,0.92578125
5107,0,CF2,L5,0.7,lama,6,4,0.579434871673584,0,False,0.8333333333333334,0.3098958333333333,0.9296875
1914,0,CF2,L5,0.7,lama,2,6,0.5636484026908875,0,False,0.8523489932885906,0.3436241610738255,1.0
21307,0,CF2,L5,0.7,lama,1,1,0.9943191409111023,1,False,0.8556149732620321,0.3422459893048128,1.0
7178,0,CF2,L5,0.7,lama,4,4,0.5142355561256409,1,False,0.8050139275766016,0.32172701949860727,0.90234375
13264,0,CF2,L5,0.7,lama,4,5,0.3402477502822876,0,False,0.8706536856745479,0.3560500695410292,1.0
21507,0,CF2,L5,0.7,lama,1,5,0.2722952961921692,0,False,0.8735019973368842,0.340878828229028,1.0
8399,0,CF2,L5,0.7,lama,9,2,0.6408767700195312,0,False,0.9017735334242838,0.34924965893587995,1.0
4384,0,CF2,L5,0.7,lama,0,3,0.3226417899131775,0,False,0.821236559139785,0.33064516129032256,0.9609375
5820,0,CF2,L5,0.7,lama,0,6,0.5654784440994263,0,False,0.8150134048257373,0.3190348525469169,0.9296875
22865,0,CF2,L5,0.7,lama,0,0,0.4641169309616089,1,False,0.8111111111111111,0.3416666666666667,0.9609375
65,0,CF2,L5,0.7,lama,0,2,0.3590075969696045,0,False,0.8252427184466019,0.34812760055478503,0.98046875
15494,0,CF2,L5,0.7,lama,6,1,0.36634552478790283,0,False,0.8550913838120104,0.3342036553524804,1.0
2327,0,CF2,L5,0.7,lama,5,0,0.49175167083740234,0,False,0.8074792243767313,0.31994459833795014,0.90234375
24596,0,CF2,L5,0.7,lama,7,7,0.45293503999710083,1,False,0.8208333333333333,0.3416666666666667,0.9609375
3825,0,CF2,L5,0.7,lama,5,2,0.5249016284942627,0,False,0.8349514563106796,0.34951456310679613,0.984375
17168,0,CF2,L5,0.7,lama,7,1,0.788030743598938,0,False,0.8513513513513513,0.34594594594594597,1.0
4357,0,CF2,L5,0.7,lama,3,0,0.5403422713279724,0,False,0.8767123287671232,0.3506849315068493,1.0
2364,0,CF2,L5,0.7,lama,9,9,0.4992659091949463,1,False,0.8785425101214575,0.34547908232118757,1.0
8703,0,CF2,L5,0.7,lama,9,1,0.26143962144851685,0,False,0.8354253835425384,0.35564853556485354,0.99609375
19390,0,CF2,L5,0.7,lama,9,9,0.3710923194885254,1,False,0.8442622950819673,0.34153005464480873,0.9765625
17853,0,CF2,L5,0.7,lama,6,1,0.36895594000816345,0,False,0.8344827586206897,0.3393103448275862,0.9609375
4930,0,CF2,L5,0.7,lama,4,2,0.17151817679405212,0,False,0.86,0.3413333333333333,1.0
5314,0,CF2,L5,0.7,lama,8,2,0.3459419310092926,0,False,0.8579387186629527,0.35376044568245124,0.9921875
4478,0,CF2,L5,0.7,lama,8,3,0.43546003103256226,0,False,0.8019390581717452,0.3518005540166205,0.9921875
23679,0,CF2,L5,0.7,lama,4,3,0.21728670597076416,0,False,0.8494055482166446,0.3381770145310436,1.0
5449,0,CF2,L5,0.7,lama,1,1,0.7617075443267822,1,False,0.7819650067294751,0.30955585464333785,0.8984375
24183,0,CF2,L5,0.7,lama,0,1,0.6682550311088562,0,False,0.8623087621696801,0.3560500695410292,1.0
20842,0,CF2,L5,0.7,lama,3,5,0.4853816330432892,0,False,0.8524137931034482,0.35310344827586204,1.0
18825,0,CF2,L5,0.7,lama,9,9,0.2896471321582794,1,False,0.8408163265306122,0.34829931972789113,1.0
6265,0,CF2,L5,0.7,lama,1,7,0.5718333125114441,0,False,0.8038674033149171,0.3453038674033149,0.9765625
24932,0,CF2,L5,0.7,lama,4,2,0.3768087923526764,0,False,0.8337950138504155,0.35318559556786705,0.99609375
14427,0,CF2,L5,0.7,lama,8,2,0.20882709324359894,0,False,0.8569553805774278,0.3359580052493438,1.0
3740,0,CF2,L5,0.7,lama,7,5,0.5255140662193298,0,False,0.86,0.33866666666666667,0.9921875
16809,0,CF2,L5,0.7,lama,9,5,0.6213018298149109,0,False,0.8391699092088197,0.32814526588845655,0.98828125
1136,0,CF2,L5,0.7,lama,1,1,0.8393533229827881,1,False,0.8036211699164345,0.30779944289693595,0.86328125
25757,0,CF2,L5,0.7,lama,5,2,0.48225724697113037,0,False,0.8205479452054795,0.3219178082191781,0.91796875
7356,0,CF2,L5,0.7,lama,4,1,0.6621988415718079,0,False,0.8563899868247694,0.3359683794466403,0.99609375
12298,0,CF2,L5,0.7,lama,0,6,0.6070742607116699,0,False,0.8647140864714087,0.3514644351464435,0.984375
5700,0,CF2,L5,0.7,lama,3,2,0.5141158103942871,0,False,0.8604972375690608,0.3425414364640884,0.96875
22753,0,CF2,L5,0.7,lama,6,4,0.22975502908229828,0,False,0.8402203856749312,0.3443526170798898,0.9765625
16813,0,CF2,L5,0.7,lama,6,6,0.3431626856327057,1,False,0.8438761776581427,0.33781965006729475,0.98046875
7373,0,CF2,L5,0.7,lama,8,6,0.8713432550430298,0,False,0.8540245566166439,0.3451568894952251,0.98828125
20149,0,CF2,L5,0.7,lama,2,1,0.8813965320587158,0,False,0.8263888888888888,0.3472222222222222,0.9765625
15874,0,CF2,L5,0.7,lama,9,6,0.3982835114002228,0,False,0.837874659400545,0.3460490463215259,0.9921875
26011,0,CF2,L5,0.7,lama,0,0,0.30996963381767273,1,False,0.8221614227086184,0.34610123119015046,0.98828125
4196,0,CF2,L5,0.7,lama,9,3,0.3610452711582184,0,False,0.8333333333333334,0.35555555555555557,1.0
11227,0,CF2,L5,0.7,lama,3,7,0.879134476184845,0,False,0.8628808864265928,0.3545706371191136,1.0
15736,0,CF2,L5,0.7,lama,3,3,0.5587472319602966,1,False,0.7861799217731421,0.3089960886571056,0.92578125
6339,0,CF2,L5,0.7,lama,6,8,0.47579529881477356,0,False,0.8284518828451883,0.3528591352859135,0.98828125
25704,0,CF2,L5,0.7,lama,2,2,0.44947385787963867,1,False,0.8461538461538461,0.3516483516483517,1.0
3190,0,CF2,L5,0.7,lama,7,2,0.3694554269313812,0,False,0.869281045751634,0.32679738562091504,0.9765625
737,0,CF2,L5,0.7,lama,4,1,0.3838200271129608,0,False,0.8619246861924686,0.35704323570432356,1.0
22875,0,CF2,L5,0.7,lama,9,5,0.4436902701854706,0,False,0.8642951251646904,0.33201581027667987,0.984375
22749,0,CF2,L5,0.7,lama,3,8,0.2277541309595108,0,False,0.8909574468085106,0.3404255319148936,1.0
22998,0,CF2,L5,0.7,lama,3,2,0.7459105849266052,0,False,0.8648275862068966,0.35310344827586204,1.0
24210,0,CF2,L5,0.7,lama,5,3,0.2715991735458374,0,False,0.8503401360544217,0.33877551020408164,0.97265625
6800,0,CF2,L5,0.7,lama,4,3,0.9706361293792725,0,False,0.7986301369863014,0.34657534246575344,0.98828125
16602,0,CF2,L5,0.7,lama,9,6,0.20158053934574127,0,False,0.883495145631068,0.3550624133148405,1.0
10822,0,CF2,L5,0.7,lama,6,6,0.9353794455528259,1,False,0.8496551724137931,0.3448275862068966,0.9765625
12822,0,CF2,L5,0.7,lama,1,3,0.7402410507202148,0,False,0.869625520110957,0.3550624133148405,1.0
12758,0,CF2,L5,0.7,lama,5,5,0.4985473155975342,1,False,0.8433734939759037,0.3333333333333333,0.97265625
21144,0,CF2,L5,0.7,lama,4,6,0.3671759068965912,0,False,0.871866295264624,0.3565459610027855,1.0
4900,0,CF2,L5,0.7,lama,6,6,0.7314175963401794,1,False,0.8326359832635983,0.3472803347280335,0.97265625
22888,0,CF2,L5,0.7,lama,9,9,0.4523710310459137,1,False,0.8466850828729282,0.3494475138121547,0.98828125
19935,0,CF2,L5,0.7,lama,9,3,0.3150554895401001,0,False,0.8562176165803109,0.3316062176165803,1.0
21896,0,CF2,L5,0.7,lama,7,5,0.78717041015625,0,False,0.8691460055096418,0.3526170798898072,1.0
3475,0,CF2,L5,0.7,lama,3,3,0.34241876006126404,1,False,0.8535564853556485,0.35704323570432356,1.0
16171,0,CF2,L5,0.7,lama,0,0,0.9979538917541504,1,False,0.7927321668909825,0.2812920592193809,0.81640625
4672,0,CF2,L5,0.7,lama,4,2,0.37103933095932007,0,False,0.8508891928864569,0.35020519835841313,1.0
10146,0,CF2,L5,0.7,lama,2,2,0.950134813785553,1,False,0.8281461434370772,0.3423545331529093,0.98828125
9207,0,CF2,L5,0.7,lama,7,8,0.2489304542541504,0,False,0.8407202216066482,0.34210526315789475,0.96484375
17745,0,CF2,L5,0.7,lama,9,4,0.683088481426239,0,False,0.8627717391304348,0.34782608695652173,1.0
432,0,CF2,L5,0.7,lama,7,9,0.3027096688747406,0,False,0.842032967032967,0.33516483516483514,0.953125
6608,0,CF2,L5,0.7,lama,4,4,0.5444492101669312,1,False,0.7988904299583911,0.32038834951456313,0.90234375
25769,0,CF2,L5,0.7,lama,9,3,0.47448301315307617,0,False,0.8518005540166205,0.32409972299168976,0.9140625
14774,0,CF2,L5,0.7,lama,3,2,0.5294456481933594,0,False,0.8638239339752407,0.35213204951856947,1.0
21627,0,CF2,L5,0.7,lama,4,7,0.6382478475570679,0,False,0.8326474622770919,0.33058984910836764,0.94140625
8133,0,CF2,L5,0.7,lama,2,7,0.6086181998252869,0,False,0.845360824742268,0.3118556701030928,0.9453125
12554,0,CF2,L5,0.7,lama,4,2,0.5911734104156494,0,False,0.8519515477792732,0.34185733512786004,0.9921875
10856,0,CF2,L5,0.7,lama,1,9,0.38940319418907166,0,False,0.8843626806833115,0.3363994743758213,1.0
15931,0,CF2,L5,0.7,lama,3,3,0.460793137550354,1,False,0.8283378746594006,0.32561307901907355,0.93359375
2367,0,CF2,L5,0.7,lama,2,6,0.4470120370388031,0,False,0.8399452804377565,0.3337893296853625,0.953125
25563,0,CF2,L5,0.7,lama,7,1,0.4135473072528839,0,False,0.8695054945054945,0.3516483516483517,1.0
6748,0,CF2,L5,0.7,lama,2,2,0.24311144649982452,1,False,0.8627717391304348,0.34782608695652173,1.0
5368,0,CF2,L5,0.7,lama,8,1,0.2687866687774658,0,False,0.8758526603001364,0.34924965893587995,1.0
25951,0,CF2,L5,0.7,lama,6,2,0.6480436325073242,0,False,0.845108695652174,0.34782608695652173,1.0
22082,0,CF2,L5,0.7,lama,7,1,0.4432414174079895,0,False,0.8650137741046832,0.3526170798898072,1.0
19301,0,CF2,L5,0.7,lama,4,4,0.560123085975647,1,False,0.8665749656121046,0.35213204951856947,1.0
13302,0,CF2,L5,0.7,lama,4,5,0.47152453660964966,0,False,0.8724559023066486,0.3473541383989145,1.0
15358,0,CF2,L5,0.7,lama,0,0,0.40489545464515686,1,False,0.7856154910096819,0.3333333333333333,0.94140625
23572,0,CF2,L5,0.7,lama,2,2,0.37048450112342834,1,False,0.8884297520661157,0.3526170798898072,1.0
14736,0,CF2,L5,0.7,lama,4,6,0.27534162998199463,0,False,0.8396739130434783,0.34646739130434784,0.99609375
16685,0,CF2,L5,0.7,lama,2,2,0.6756271719932556,1,False,0.8308724832214766,0.3409395973154362,0.9921875
21902,0,CF2,L5,0.7,lama,7,2,0.6430615782737732,0,False,0.8464619492656876,0.3417890520694259,1.0
6713,0,CF2,L5,0.7,lama,5,0,0.8487040400505066,0,False,0.8607764390896921,0.3427041499330656,1.0
8771,0,CF2,L5,0.7,lama,4,3,0.4396992027759552,0,False,0.8302139037433155,0.3422459893048128,1.0
20264,0,CF2,L5,0.7,lama,3,5,0.9663053750991821,0,False,0.8362892223738063,0.32332878581173263,0.92578125
24489,0,CF2,L5,0.7,lama,1,5,0.6136525273323059,0,False,0.8521617852161785,0.35704323570432356,1.0
24852,0,CF2,L5,0.7,lama,1,8,0.2641751170158386,0,False,0.8595271210013908,0.3560500695410292,1.0
6746,0,CF2,L5,0.7,lama,1,4,0.617699921131134,0,False,0.8200836820083682,0.3542538354253835,0.9921875
5951,0,CF2,L5,0.7,lama,5,2,0.31811830401420593,0,False,0.8243430152143845,0.35408022130013833,1.0
6438,0,CF2,L5,0.7,lama,4,2,0.6528435945510864,0,False,0.8263157894736842,0.31973684210526315,0.94921875
11126,0,CF2,L5,0.7,lama,9,8,0.5789325833320618,0,False,0.8667582417582418,0.34615384615384615,0.984375
24241,0,CF2,L5,0.7,lama,3,3,0.43282848596572876,1,False,0.8441734417344173,0.34688346883468835,1.0
23621,0,CF2,L5,0.7,lama,6,3,0.17853054404258728,0,False,0.8549931600547196,0.34610123119015046,0.98828125
14358,0,CF2,L5,0.7,lama,6,1,0.7709184885025024,0,False,0.8751677852348994,0.3436241610738255,1.0
19003,0,CF2,L5,0.7,lama,6,5,0.6297292709350586,0,False,0.8272980501392758,0.34818941504178275,0.9765625
3760,0,CF2,L5,0.7,lama,9,4,0.40478065609931946,0,False,0.8559556786703602,0.3545706371191136,1.0
1155,0,CF2,L5,0.7,lama,5,3,0.4820709526538849,0,False,0.8562176165803109,0.327720207253886,0.98828125
22044,0,CF2,L5,0.7,lama,8,7,0.3126797378063202,0,False,0.8662162162162163,0.34594594594594597,1.0
17521,0,CF2,L5,0.7,lama,4,6,0.5365215539932251,0,False,0.8655913978494624,0.34408602150537637,1.0
15177,0,CF2,L5,0.7,lama,9,8,0.2230634093284607,0,False,0.8661087866108786,0.35704323570432356,1.0
21080,0,CF2,L5,0.7,lama,0,1,0.985550045967102,0,False,0.8475935828877005,0.3114973262032086,0.91015625
4507,0,CF2,L5,0.7,lama,5,3,0.255128413438797,0,False,0.8342465753424657,0.33835616438356164,0.96484375
10600,0,CF2,L5,0.7,lama,7,3,0.5243898034095764,0,False,0.8301404853128991,0.31928480204342274,0.9765625
11754,0,CF2,L5,0.7,lama,1,5,0.46907955408096313,0,False,0.8774373259052924,0.35097493036211697,0.984375
22934,0,CF2,L5,0.7,lama,4,1,0.8393961787223816,0,False,0.8434903047091413,0.3518005540166205,0.9921875
19094,0,CF2,L5,0.7,lama,3,5,0.5756521821022034,0,False,0.842896174863388,0.34972677595628415,1.0
25246,0,CF2,L5,0.7,lama,7,7,0.3451734185218811,1,False,0.8581363004172462,0.3560500695410292,1.0
14745,0,CF2,L5,0.7,lama,2,2,0.5971829295158386,1,False,0.8762169680111266,0.3560500695410292,1.0
3177,0,CF2,L5,0.7,lama,8,0,0.6251887679100037,0,False,0.8457300275482094,0.3415977961432507,0.96875
13870,0,CF2,L5,0.7,lama,5,2,0.6589537262916565,0,False,0.8622047244094488,0.32808398950131235,0.9765625
5605,0,CF2,L5,0.7,lama,6,1,0.3184855580329895,0,False,0.8565629228687416,0.3423545331529093,0.98828125
5202,0,CF2,L5,0.7,lama,8,1,0.9895939826965332,0,False,0.7970027247956403,0.30517711171662126,0.875
8800,0,CF2,L5,0.7,lama,5,5,0.5770498514175415,1,False,0.8510344827586207,0.35310344827586204,1.0
645,0,CF2,L5,0.7,lama,3,2,0.3892854154109955,0,False,0.8569482288828338,0.34877384196185285,1.0
16077,0,CF2,L5,0.7,lama,5,1,0.29542770981788635,0,False,0.869220607661823,0.3381770145310436,1.0
15336,0,CF2,L5,0.7,lama,5,3,0.19328364729881287,0,False,0.8453473132372215,0.32765399737876805,0.9765625
20933,0,CF2,L5,0.7,lama,0,1,0.38915058970451355,0,False,0.8464619492656876,0.3391188251001335,0.9921875
10580,0,CF2,L5,0.7,lama,8,3,0.23530007898807526,0,False,0.835635359116022,0.319060773480663,0.90234375
25902,0,CF2,L5,0.7,lama,6,5,0.33291181921958923,0,False,0.8602739726027397,0.34794520547945207,0.9921875
4666,0,CF2,L5,0.7,lama,8,3,0.8236839175224304,0,False,0.7893296853625171,0.29411764705882354,0.83984375
14541,0,CF2,L5,0.7,lama,4,1,0.23816776275634766,0,False,0.8271604938271605,0.3484224965706447,0.9921875
7374,0,CF2,L5,0.7,lama,5,0,0.4433767795562744,0,False,0.8422496570644719,0.3511659807956104,1.0
4697,0,CF2,L5,0.7,lama,5,3,0.45022720098495483,0,False,0.8399452804377565,0.35020519835841313,1.0
6317,0,CF2,L5,0.7,lama,5,2,0.49724212288856506,0,False,0.8402777777777778,0.35555555555555557,1.0
16623,0,CF2,L5,0.7,lama,6,6,0.25791695713996887,1,False,0.8222523744911805,0.3093622795115332,0.890625
16511,0,CF2,L5,0.7,lama,6,7,0.17183130979537964,0,False,0.8672199170124482,0.35408022130013833,1.0
16162,0,CF2,L5,0.7,lama,3,3,0.542099118232727,1,False,0.8270571827057183,0.3472803347280335,0.97265625
5989,0,CF2,L5,0.7,lama,1,2,0.6330180168151855,0,False,0.8457300275482094,0.3443526170798898,0.9765625
18753,0,CF2,L5,0.7,lama,5,2,0.2502424418926239,0,False,0.88,0.3103030303030303,1.0
20853,0,CF2,L5,0.7,lama,4,6,0.677391767501831,0,False,0.8425414364640884,0.35359116022099446,1.0
16556,0,CF2,L5,0.7,lama,0,2,0.4357956647872925,0,False,0.8382147838214784,0.3542538354253835,0.9921875
7019,0,CF2,L5,0.7,lama,9,2,0.40670567750930786,0,False,0.8557692307692307,0.3516483516483517,1.0
3090,0,CF2,L5,0.7,lama,6,6,0.590082585811615,1,False,0.8734525447042641,0.35213204951856947,1.0
14680,0,CF2,L5,0.7,lama,3,1,0.7691597938537598,0,False,0.8132780082987552,0.34439834024896265,0.97265625
869,0,CF2,L5,0.7,lama,3,2,0.6615816354751587,0,False,0.8395573997233748,0.3457814661134163,0.9765625
7595,0,CF2,L5,0.7,lama,6,6,0.35699617862701416,1,False,0.8557692307692307,0.35027472527472525,0.99609375
14417,0,CF2,L5,0.7,lama,1,1,0.527420163154602,1,False,0.8218232044198895,0.3425414364640884,0.96875
13624,0,CF2,L5,0.7,lama,9,8,0.3371719419956207,0,False,0.8150208623087621,0.3101529902642559,0.87109375
21083,0,CF2,L5,0.7,lama,0,0,0.5611345767974854,1,False,0.8409090909090909,0.33689839572192515,0.984375
7556,0,CF2,L5,0.7,lama,1,2,0.8361131548881531,0,False,0.8546433378196501,0.3364737550471063,0.9765625
9289,0,CF2,L5,0.7,lama,8,5,0.2567131519317627,0,False,0.8746701846965699,0.33773087071240104,1.0
19944,0,CF2,L5,0.7,lama,3,2,0.6289888024330139,0,False,0.8490066225165563,0.3390728476821192,1.0
6057,0,CF2,L5,0.7,lama,1,5,0.38694658875465393,0,False,0.8335588633288228,0.34641407307171856,1.0
23029,0,CF2,L5,0.7,lama,8,3,0.28425806760787964,0,False,0.8744769874476988,0.35564853556485354,0.99609375
23668,0,CF2,L5,0.7,lama,5,2,0.2459942102432251,0,False,0.8384401114206128,0.3426183844011142,0.9609375
13115,0,CF2,L5,0.7,lama,8,0,0.8443636894226074,0,False,0.8488529014844804,0.34547908232118757,1.0
20635,0,CF2,L5,0.7,lama,3,5,0.19541433453559875,0,False,0.8460471567267683,0.3550624133148405,1.0
4281,0,CF2,L5,0.7,lama,4,1,0.40819546580314636,0,False,0.8847682119205298,0.3390728476821192,1.0
4139,0,CF2,L5,0.7,lama,9,3,0.2826080024242401,0,False,0.8569444444444444,0.35555555555555557,1.0
10652,0,CF2,L5,0.7,lama,1,3,0.3481307327747345,0,False,0.8540829986613119,0.32262382864792505,0.94140625
700,0,CF2,L5,0.7,lama,1,4,0.5591651201248169,0,False,0.8681318681318682,0.3516483516483517,1.0
5772,0,CF2,L5,0.7,lama,3,1,0.5961824059486389,0,False,0.8390646492434664,0.31911966987620355,0.90625
8114,0,CF2,L5,0.7,lama,9,2,0.26453590393066406,0,False,0.8551532033426184,0.3565459610027855,1.0
5964,0,CF2,L5,0.7,lama,6,7,0.3494669795036316,0,False,0.8368200836820083,0.3458856345885635,0.96875
17278,0,CF2,L5,0.7,lama,7,0,0.8112944960594177,0,False,0.8326417704011065,0.35408022130013833,1.0
9961,0,CF2,L5,0.7,lama,0,4,0.27161142230033875,0,False,0.8337837837837838,0.3054054054054054,0.8828125
25974,0,CF2,L5,0.7,lama,7,3,0.4616856276988983,0,False,0.8314763231197771,0.3245125348189415,0.91015625
14317,0,CF2,L5,0.7,lama,3,3,0.9808391332626343,1,False,0.8117326057298773,0.30286493860845837,0.8671875
6485,0,CF2,L5,0.7,lama,0,7,0.9239779114723206,0,False,0.8453188602442334,0.3473541383989145,1.0
18287,0,CF2,L5,0.7,lama,0,1,0.33944010734558105,0,False,0.8396094839609484,0.34309623430962344,0.9609375
11840,0,CF2,L5,0.7,lama,4,0,0.5467895865440369,0,False,0.8440111420612814,0.3398328690807799,0.953125
864,0,CF2,L5,0.7,lama,0,6,0.5285530090332031,0,False,0.8579310344827586,0.35310344827586204,1.0
20612,0,CF2,L5,0.7,lama,1,7,0.6210408210754395,0,False,0.8548387096774194,0.34408602150537637,1.0
21079,0,CF2,L5,0.7,lama,1,1,0.9750188589096069,1,False,0.8855263157894737,0.3368421052631579,1.0
11286,0,CF2,L5,0.7,lama,5,5,0.48708805441856384,1,False,0.8200836820083682,0.35704323570432356,1.0
788,0,CF2,L5,0.7,lama,0,0,0.40278956294059753,1,False,0.8180555555555555,0.3416666666666667,0.9609375
15932,0,CF2,L5,0.7,lama,3,8,0.26821598410606384,0,False,0.8719346049046321,0.34877384196185285,1.0
18511,0,CF2,L5,0.7,lama,3,7,0.4183478057384491,0,False,0.8577348066298343,0.35359116022099446,1.0
21576,0,CF2,L5,0.7,lama,5,5,0.5626583695411682,1,False,0.8454172366621067,0.35020519835841313,1.0
17237,0,CF2,L5,0.7,lama,2,2,0.5341469049453735,1,False,0.8840381991814461,0.34924965893587995,1.0
2966,0,CF2,L5,0.7,lama,2,5,0.4192361533641815,0,False,0.8191632928475033,0.340080971659919,0.984375
16416,0,CF2,L5,0.7,lama,5,2,0.5122740268707275,0,False,0.8457374830852503,0.34641407307171856,1.0
1280,0,CF2,L5,0.7,lama,5,3,0.3761080503463745,0,False,0.8475274725274725,0.3489010989010989,0.9921875
24928,0,CF2,L5,0.7,lama,0,6,0.3632180988788605,0,False,0.8429752066115702,0.3526170798898072,1.0
23837,0,CF2,L5,0.7,lama,1,7,0.23221373558044434,0,False,0.8513513513513513,0.3418918918918919,0.98828125
20230,0,CF2,L5,0.7,lama,1,2,0.44235318899154663,0,False,0.8707940780619112,0.3445491251682369,1.0
23434,0,CF2,L5,0.7,lama,5,5,0.8677492141723633,1,False,0.7945205479452054,0.30684931506849317,0.875
20522,0,CF2,L5,0.7,lama,6,1,0.752219021320343,0,False,0.853021978021978,0.3516483516483517,1.0
7789,0,CF2,L5,0.7,lama,3,6,0.3041785955429077,0,False,0.8517520215633423,0.3450134770889488,1.0
22086,0,CF2,L5,0.7,lama,6,5,0.2377747893333435,0,False,0.8607242339832869,0.3565459610027855,1.0
21339,0,CF2,L5,0.7,lama,0,8,0.3514447510242462,0,False,0.8379120879120879,0.3447802197802198,0.98046875
6830,0,CF2,L5,0.7,lama,9,0,0.6900995969772339,0,False,0.8559782608695652,0.34782608695652173,1.0
20902,0,CF2,L5,0.7,lama,2,5,0.8500713109970093,0,False,0.8479776847977685,0.35564853556485354,0.99609375
17481,0,CF2,L5,0.7,lama,5,3,0.47497937083244324,0,False,0.8521617852161785,0.35704323570432356,1.0
3050,0,CF2,L5,0.7,lama,6,5,0.21167458593845367,0,False,0.8741721854304636,0.3350993377483444,0.98828125
409,0,CF2,L5,0.7,lama,1,4,0.5515533685684204,0,False,0.8415977961432507,0.34710743801652894,0.984375
14823,0,CF2,L5,0.7,lama,7,6,0.440650075674057,0,False,0.86468200270636,0.34370771312584575,0.9921875
22892,0,CF2,L5,0.7,lama,9,1,0.46909835934638977,0,False,0.8726287262872628,0.34688346883468835,1.0
9470,0,CF2,L5,0.7,lama,8,3,0.26431384682655334,0,False,0.8425925925925926,0.3333333333333333,0.984375
9543,0,CF2,L5,0.7,lama,6,0,0.31957173347473145,0,False,0.8584905660377359,0.33153638814016173,0.9609375
22090,0,CF2,L5,0.7,lama,5,5,0.31964394450187683,1,False,0.8280166435506241,0.34674063800277394,0.9765625
6045,0,CF2,L5,0.7,lama,6,0,0.7360195517539978,0,False,0.8403247631935047,0.33288227334235454,0.9609375
317,0,CF2,L5,0.7,lama,8,0,0.2344220131635666,0,False,0.853494623655914,0.3387096774193548,0.984375
15812,0,CF2,L5,0.7,lama,0,1,0.3530827760696411,0,False,0.8697986577181208,0.3436241610738255,1.0
18170,0,CF2,L5,0.7,lama,9,0,0.2639574110507965,0,False,0.8755186721991701,0.35408022130013833,1.0
14781,0,CF2,L5,0.7,lama,0,4,0.20261459052562714,0,False,0.8883048620236531,0.3363994743758213,1.0
17886,0,CF2,L5,0.7,lama,9,5,0.3658718168735504,0,False,0.840499306518724,0.3550624133148405,1.0
20049,0,CF2,L5,0.7,lama,3,1,0.5420377850532532,0,False,0.8314763231197771,0.34958217270194986,0.98046875
13283,0,CF2,L5,0.7,lama,0,8,0.41659608483314514,0,False,0.8845618915159944,0.3560500695410292,1.0
25830,0,CF2,L5,0.7,lama,5,1,0.3764847218990326,0,False,0.8403141361256544,0.3285340314136126,0.98046875
14277,0,CF2,L5,0.7,lama,9,4,0.734735906124115,0,False,0.8830645161290323,0.34408602150537637,1.0
5908,0,CF2,L5,0.7,lama,1,5,0.2302684485912323,0,False,0.8476454293628809,0.3545706371191136,1.0
9731,0,CF2,L5,0.7,lama,8,6,0.25252455472946167,0,False,0.8016304347826086,0.3423913043478261,0.984375
14180,0,CF2,L5,0.7,lama,9,7,0.5574740171432495,0,False,0.8224687933425797,0.3259361997226075,0.91796875
9246,0,CF2,L5,0.7,lama,2,6,0.5287493467330933,0,False,0.8433242506811989,0.3419618528610354,0.98046875
1656,0,CF2,L5,0.7,lama,2,2,0.38698330521583557,1,False,0.8486486486486486,0.34594594594594597,1.0
17712,0,CF2,L5,0.7,lama,1,5,0.20755410194396973,0,False,0.851261620185923,0.3386454183266932,0.99609375
25544,0,CF2,L5,0.7,lama,9,2,0.7207521200180054,0,False,0.8256624825662483,0.3389121338912134,0.94921875
1120,0,CF2,L5,0.7,lama,5,5,0.5312675833702087,1,False,0.8410041841004184,0.3403068340306834,0.953125
1298,0,CF2,L5,0.7,lama,6,6,0.22516734898090363,1,False,0.7947658402203857,0.33884297520661155,0.9609375
25570,0,CF2,L5,0.7,lama,2,2,0.19708731770515442,1,False,0.8619246861924686,0.35704323570432356,1.0
5370,0,CF2,L5,0.7,lama,7,0,0.4000891447067261,0,False,0.8518005540166205,0.3462603878116344,0.9765625
19075,0,CF2,L5,0.7,lama,2,9,0.297614187002182,0,False,0.8369565217391305,0.32608695652173914,0.9375
8583,0,CF2,L5,0.7,lama,0,8,0.27031901478767395,0,False,0.8718291054739653,0.3417890520694259,1.0
2133,0,CF2,L5,0.7,lama,0,9,0.42265844345092773,0,False,0.8768606224627875,0.34641407307171856,1.0
1982,0,CF2,L5,0.7,lama,2,8,0.29645588994026184,0,False,0.8486111111111111,0.35555555555555557,1.0
950,0,CF2,L5,0.7,lama,8,2,0.3117758333683014,0,False,0.8465753424657534,0.3506849315068493,1.0
19563,0,CF2,L5,0.7,lama,4,2,0.36919283866882324,0,False,0.8676880222841226,0.3565459610027855,1.0
21023,0,CF2,L5,0.7,lama,6,9,0.5577650666236877,0,False,0.8342618384401114,0.3426183844011142,0.9609375
15687,0,CF2,L5,0.7,lama,0,0,0.7251604795455933,1,False,0.844566712517194,0.32737276478679506,0.9296875
6444,0,CF2,L5,0.7,lama,6,8,0.33748164772987366,0,False,0.8681318681318682,0.3516483516483517,1.0
15735,0,CF2,L5,0.7,lama,4,1,0.3394481837749481,0,False,0.8803088803088803,0.32175032175032175,0.9765625
10651,0,CF2,L5,0.7,lama,0,3,0.22825652360916138,0,False,0.862116991643454,0.3064066852367688,0.859375
13256,0,CF2,L5,0.7,lama,1,1,0.673051655292511,1,False,0.8784676354029062,0.33025099075297226,0.9765625
16855,0,CF2,L5,0.7,lama,6,7,0.2323816418647766,0,False,0.8408163265306122,0.34829931972789113,1.0
14884,0,CF2,L5,0.7,lama,9,2,0.6875987648963928,0,False,0.871900826446281,0.3526170798898072,1.0
21884,0,CF2,L5,0.7,lama,6,0,0.2817304730415344,0,False,0.8703448275862069,0.3503448275862069,0.9921875
5078,0,CF2,L5,0.7,lama,3,2,0.41338911652565,0,False,0.8724279835390947,0.3511659807956104,1.0
20419,0,CF2,L5,0.7,lama,9,2,0.31827598810195923,0,False,0.8390646492434664,0.34800550206327374,0.98828125
20521,0,CF2,L5,0.7,lama,5,2,0.6710279583930969,0,False,0.8477366255144033,0.3511659807956104,1.0
23257,0,CF2,L5,0.7,lama,5,1,0.5103847980499268,0,False,0.850974930362117,0.3565459610027855,1.0
17190,0,CF2,L5,0.7,lama,2,5,0.4176705479621887,0,False,0.8769430051813472,0.3316062176165803,1.0
15631,0,CF2,L5,0.7,lama,8,9,0.336801141500473,0,False,0.8268698060941828,0.3476454293628809,0.98046875
504,0,CF2,L5,0.7,lama,0,0,0.5401297807693481,1,False,0.8326474622770919,0.3319615912208505,0.9453125
14990,0,CF2,L5,0.7,lama,3,5,0.8953118324279785,0,False,0.8547717842323651,0.35408022130013833,1.0
24512,0,CF2,L5,0.7,lama,8,2,0.5838255882263184,0,False,0.8396094839609484,0.35704323570432356,1.0
23120,0,CF2,L5,0.7,lama,7,1,0.47415611147880554,0,False,0.8597402597402597,0.33246753246753247,1.0
3357,0,CF2,L5,0.7,lama,2,5,0.4382133185863495,0,False,0.8088033012379643,0.33700137551581844,0.95703125
8088,0,CF2,L5,0.7,lama,1,1,0.5888140201568604,1,False,0.8478561549100968,0.35408022130013833,1.0
21849,0,CF2,L5,0.7,lama,9,5,0.42354774475097656,0,False,0.8858321870701513,0.33837689133425036,0.9609375
13683,0,CF2,L5,0.7,lama,0,7,0.7331345677375793,0,False,0.868,0.3413333333333333,1.0
22718,0,CF2,L5,0.7,lama,9,0,0.22508272528648376,0,False,0.8472972972972973,0.34054054054054056,0.984375
9927,0,CF2,L5,0.7,lama,4,6,0.5082970857620239,0,False,0.8384512683578104,0.3204272363150868,0.9375
11425,0,CF2,L5,0.7,lama,0,0,0.6021455526351929,1,False,0.8179310344827586,0.3406896551724138,0.96484375
14578,0,CF2,L5,0.7,lama,0,0,0.19119302928447723,1,False,0.8592896174863388,0.34972677595628415,1.0
25481,0,CF2,L5,0.7,lama,8,8,0.45117324590682983,1,False,0.8423988842398884,0.3528591352859135,0.98828125
11269,0,CF2,L5,0.7,lama,5,6,0.34779092669487,0,False,0.8481532147742818,0.3488372093023256,0.99609375
12877,0,CF2,L5,0.7,lama,5,7,0.2743709087371826,0,False,0.881578947368421,0.3368421052631579,1.0
22531,0,CF2,L5,0.7,lama,9,5,0.38165611028671265,0,False,0.8694481830417228,0.3445491251682369,1.0
13150,0,CF2,L5,0.7,lama,3,1,0.31937700510025024,0,False,0.8659147869674185,0.3208020050125313,1.0
5654,0,CF2,L5,0.7,lama,8,6,0.6468539834022522,0,False,0.8789115646258503,0.3442176870748299,0.98828125
1286,0,CF2,L5,0.7,lama,7,7,0.8458151817321777,1,False,0.8497970230040596,0.3382949932341001,0.9765625
1652,0,CF2,L5,0.7,lama,1,1,0.9902404546737671,1,False,0.8513513513513513,0.34459459459459457,0.99609375
22335,0,CF2,L5,0.7,lama,2,2,0.26326653361320496,1,False,0.8445945945945946,0.3027027027027027,0.875
23848,0,CF2,L5,0.7,lama,3,2,0.3543827533721924,0,False,0.8195592286501377,0.3168044077134986,0.8984375
2892,0,CF2,L5,0.7,lama,6,4,0.2325393557548523,0,False,0.8627187079407806,0.3445491251682369,1.0
16530,0,CF2,L5,0.7,lama,8,3,0.37179723381996155,0,False,0.8571428571428571,0.3516483516483517,1.0
12848,0,CF2,L5,0.7,lama,8,6,0.38093945384025574,0,False,0.8538251366120219,0.33879781420765026,0.96875
7330,0,CF2,L5,0.7,lama,7,8,0.5131584405899048,0,False,0.8708791208791209,0.3516483516483517,1.0
3676,0,CF2,L5,0.7,lama,1,2,0.28360214829444885,0,False,0.8575342465753425,0.33424657534246577,0.953125
19966,0,CF2,L5,0.7,lama,8,8,0.3738487660884857,1,False,0.8416779431664412,0.34100135317997293,0.984375
8382,0,CF2,L5,0.7,lama,5,0,0.6734182238578796,0,False,0.8466850828729282,0.3494475138121547,0.98828125
19660,0,CF2,L5,0.7,lama,7,1,0.7799347639083862,0,False,0.83399209486166,0.3372859025032938,1.0
2508,0,CF2,L5,0.7,lama,9,1,0.31242698431015015,0,False,0.8595578673602081,0.3328998699609883,1.0
2360,0,CF2,L5,0.7,lama,4,3,0.41811826825141907,0,False,0.8660220994475138,0.35359116022099446,1.0
16796,0,CF2,L5,0.7,lama,1,1,0.7601968050003052,1,False,0.854251012145749,0.3441295546558704,0.99609375
23426,0,CF2,L5,0.7,lama,9,5,0.517874002456665,0,False,0.8552097428958051,0.3382949932341001,0.9765625
15590,0,CF2,L5,0.7,lama,2,9,0.5315589904785156,0,False,0.8604651162790697,0.3433652530779754,0.98046875
6302,0,CF2,L5,0.7,lama,3,3,0.5280652046203613,1,False,0.8834019204389575,0.3511659807956104,1.0
24519,0,CF2,L5,0.7,lama,7,3,0.1968069076538086,0,False,0.8052486187845304,0.34392265193370164,0.97265625
23276,0,CF2,L5,0.7,lama,2,1,0.633350670337677,0,False,0.8469520103761349,0.32944228274967574,0.9921875
24566,0,CF2,L5,0.7,lama,8,0,0.410146564245224,0,False,0.8511821974965229,0.3518776077885953,0.98828125
20978,0,CF2,L5,0.7,lama,1,1,0.9997808337211609,1,False,0.8490066225165563,0.3390728476821192,1.0
8990,0,CF2,L5,0.7,lama,3,3,0.2719770669937134,1,False,0.8636995827538247,0.3560500695410292,1.0
11061,0,CF2,L5,0.7,lama,7,5,0.4164115786552429,0,False,0.7961432506887053,0.3085399449035813,0.875
7075,0,CF2,L5,0.7,lama,9,5,0.32209935784339905,0,False,0.8523489932885906,0.3395973154362416,0.98828125
17641,0,CF2,L5,0.7,lama,2,1,0.3522479832172394,0,False,0.8181818181818182,0.34710743801652894,0.984375
12077,0,CF2,L5,0.7,lama,9,7,0.5269177556037903,0,False,0.8553888130968622,0.34924965893587995,1.0
1779,0,CF2,L5,0.7,lama,7,7,0.5575051307678223,1,False,0.8450331125827815,0.3390728476821192,1.0
11519,0,CF2,L5,0.7,lama,4,8,0.29575201869010925,0,False,0.871261378413524,0.3328998699609883,1.0
8549,0,CF2,L5,0.7,lama,3,2,0.2978403568267822,0,False,0.8559670781893004,0.3511659807956104,1.0
14623,0,CF2,L5,0.7,lama,6,0,0.5255295634269714,0,False,0.8758085381630013,0.3298835705045278,0.99609375
10846,0,CF2,L5,0.7,lama,3,1,0.9933714866638184,0,False,0.8435828877005348,0.3422459893048128,1.0
16289,0,CF2,L5,0.7,lama,3,5,0.727031946182251,0,False,0.8743455497382199,0.33507853403141363,1.0
12311,0,CF2,L5,0.7,lama,8,5,0.27550289034843445,0,False,0.8594594594594595,0.34594594594594597,1.0
6068,0,CF2,L5,0.7,lama,8,2,0.45208242535591125,0,False,0.8367626886145405,0.3388203017832647,0.96484375
9629,0,CF2,L5,0.7,lama,6,1,0.253891259431839,0,False,0.855755894590846,0.3550624133148405,1.0
19560,0,CF2,L5,0.7,lama,3,3,0.6257911920547485,1,False,0.8,0.35310344827586204,1.0
10379,0,CF2,L5,0.7,lama,8,2,0.5237241387367249,0,False,0.8401639344262295,0.33879781420765026,0.96875
6499,0,CF2,L5,0.7,lama,9,5,0.36211326718330383,0,False,0.8573407202216067,0.3545706371191136,1.0
1159,0,CF2,L5,0.7,lama,0,0,0.6048076152801514,1,False,0.8744827586206897,0.35172413793103446,0.99609375
4366,0,CF2,L5,0.7,lama,7,1,0.23041070997714996,0,False,0.8858321870701513,0.35213204951856947,1.0
8397,0,CF2,L5,0.7,lama,1,0,0.8335802555084229,0,False,0.8481338481338482,0.3268983268983269,0.9921875
20905,0,CF2,L5,0.7,lama,9,2,0.407480925321579,0,False,0.8468834688346883,0.34688346883468835,1.0
15746,0,CF2,L5,0.7,lama,5,5,0.6220028400421143,1,False,0.8269230769230769,0.3516483516483517,1.0
9402,0,CF2,L5,0.7,lama,3,5,0.37097328901290894,0,False,0.8452380952380952,0.33201058201058203,0.98046875
8164,0,CF2,L5,0.7,lama,2,7,0.8851439952850342,0,False,0.8385345997286295,0.3337856173677069,0.9609375
510,0,CF2,L5,0.7,lama,5,0,0.3489956259727478,0,False,0.8298755186721992,0.35408022130013833,1.0
24070,0,CF2,L5,0.7,lama,9,7,0.5173628926277161,0,False,0.8077455048409405,0.3457814661134163,0.9765625
2401,0,CF2,L5,0.7,lama,4,1,0.4871266782283783,0,False,0.8372093023255814,0.3488372093023256,0.99609375
12147,0,CF2,L5,0.7,lama,3,9,0.315784215927124,0,False,0.8605299860529986,0.3277545327754533,0.91796875
14499,0,CF2,L5,0.7,lama,6,5,0.4138867259025574,0,False,0.8637566137566137,0.3373015873015873,0.99609375
3530,0,CF2,L5,0.7,lama,6,8,0.3489464819431305,0,False,0.8721088435374149,0.3346938775510204,0.9609375
14723,0,CF2,L5,0.7,lama,7,2,0.4082438349723816,0,False,0.8466850828729282,0.35359116022099446,1.0
4435,0,CF2,L5,0.7,lama,3,1,0.4044059216976166,0,False,0.8800557880055788,0.3514644351464435,0.984375
22852,0,CF2,L5,0.7,lama,2,2,0.35222047567367554,1,False,0.8372739916550765,0.34214186369958277,0.9609375
8461,0,CF2,L5,0.7,lama,3,8,0.37538230419158936,0,False,0.863013698630137,0.3506849315068493,1.0
21972,0,CF2,L5,0.7,lama,7,7,0.3494141697883606,1,False,0.8563685636856369,0.34688346883468835,1.0
5410,0,CF2,L5,0.7,lama,4,1,0.36752986907958984,0,False,0.8296398891966759,0.3518005540166205,0.9921875
17754,0,CF2,L5,0.7,lama,6,8,0.3548458516597748,0,False,0.8440111420612814,0.35236768802228413,0.98828125
15311,0,CF2,L5,0.7,lama,2,2,0.28770411014556885,1,False,0.8460508701472557,0.33065595716198126,0.96484375
15185,0,CF2,L5,0.7,lama,1,7,0.7749360203742981,0,False,0.8853904282115869,0.3224181360201511,1.0
5663,0,CF2,L5,0.7,lama,4,5,0.2577875256538391,0,False,0.8389715832205683,0.34641407307171856,1.0
6247,0,CF2,L5,0.7,lama,6,3,0.3952428102493286,0,False,0.8722826086956522,0.3451086956521739,0.9921875
15287,0,CF2,L5,0.7,lama,0,4,0.40883582830429077,0,False,0.8628257887517147,0.34156378600823045,0.97265625
19902,0,CF2,L5,0.7,lama,0,1,0.44871121644973755,0,False,0.8333333333333334,0.3209366391184573,0.91015625
25188,0,CF2,L5,0.7,lama,4,7,0.830778181552887,0,False,0.8693931398416886,0.32981530343007914,0.9765625
11195,0,CF2,L5,0.7,lama,8,8,0.32291537523269653,1,False,0.8549931600547196,0.35020519835841313,1.0
4828,0,CF2,L5,0.7,lama,7,6,0.5998460054397583,0,False,0.8288770053475936,0.3422459893048128,1.0
23751,0,CF2,L5,0.7,lama,5,2,0.5819280743598938,0,False,0.8052126200274349,0.3511659807956104,1.0
9464,0,CF2,L5,0.7,lama,3,2,0.7372706532478333,0,False,0.8452054794520548,0.33835616438356164,0.96484375
25723,0,CF2,L5,0.7,lama,0,0,0.7342655062675476,1,False,0.8185595567867036,0.34349030470914127,0.96875
16859,0,CF2,L5,0.7,lama,5,7,0.5892524719238281,0,False,0.8191933240611962,0.3560500695410292,1.0
3601,0,CF2,L5,0.7,lama,1,2,0.2934021055698395,0,False,0.8479776847977685,0.3500697350069735,0.98046875
11679,0,CF2,L5,0.7,lama,6,7,0.7262521386146545,0,False,0.8695054945054945,0.3516483516483517,1.0
12135,0,CF2,L5,0.7,lama,7,0,0.29829153418540955,0,False,0.8677685950413223,0.34710743801652894,0.984375
16329,0,CF2,L5,0.7,lama,1,1,0.3412489593029022,1,False,0.83399209486166,0.3241106719367589,0.9609375
94,0,CF2,L5,0.7,lama,4,7,0.7428655028343201,0,False,0.8476190476190476,0.34829931972789113,1.0
14517,0,CF2,L5,0.7,lama,9,3,0.3794751465320587,0,False,0.855755894590846,0.3550624133148405,1.0
16852,0,CF2,L5,0.7,lama,3,6,0.5392794013023376,0,False,0.854421768707483,0.34829931972789113,1.0
6852,0,CF2,L5,0.7,lama,6,7,0.42937546968460083,0,False,0.8423236514522822,0.35131396957123096,0.9921875
24858,0,CF2,L5,0.7,lama,3,5,0.6079232096672058,0,False,0.8760445682451253,0.3565459610027855,1.0
297,0,CF2,L5,0.7,lama,9,2,0.39463311433792114,0,False,0.839572192513369,0.3422459893048128,1.0
12339,0,CF2,L5,0.7,lama,2,1,0.37387341260910034,0,False,0.859697386519945,0.35213204951856947,1.0
20811,0,CF2,L5,0.7,lama,8,8,0.7656341195106506,1,False,0.783448275862069,0.31724137931034485,0.8984375
12439,0,CF2,L5,0.7,lama,5,5,0.9319302439689636,1,False,0.7966573816155988,0.33008356545961004,0.92578125
16632,0,CF2,L5,0.7,lama,9,8,0.283664733171463,0,False,0.8331090174966352,0.34185733512786004,0.9921875
5798,0,CF2,L5,0.7,lama,4,2,0.2052554041147232,0,False,0.83008356545961,0.35236768802228413,0.98828125
18458,0,CF2,L5,0.7,lama,3,5,0.4179588556289673,0,False,0.8524137931034482,0.34758620689655173,0.984375
6105,0,CF2,L5,0.7,lama,5,2,0.37636345624923706,0,False,0.8795669824086604,0.34641407307171856,1.0
10321,0,CF2,L5,0.7,lama,6,1,0.17496636509895325,0,False,0.8652777777777778,0.35555555555555557,1.0
21771,0,CF2,L5,0.7,lama,7,7,0.7136811017990112,1,False,0.883008356545961,0.34540389972144847,0.96875
22194,0,CF2,L5,0.7,lama,0,8,0.37242186069488525,0,False,0.8602442333785617,0.34599728629579374,0.99609375
6,0,CF2,L5,0.7,lama,9,9,0.2989116311073303,1,False,0.8259668508287292,0.31629834254143646,0.89453125
912,0,CF2,L5,0.7,lama,7,5,0.7423359155654907,0,False,0.8625,0.35,0.984375
16910,0,CF2,L5,0.7,lama,5,5,0.7075904607772827,1,False,0.8579387186629527,0.3565459610027855,1.0
18738,0,CF2,L5,0.7,lama,7,7,0.8085610270500183,1,False,0.8084239130434783,0.30978260869565216,0.890625
18020,0,CF2,L5,0.7,lama,9,3,0.24239449203014374,0,False,0.8661202185792349,0.34972677595628415,1.0
3462,0,CF2,L5,0.7,lama,8,5,0.5862250328063965,0,False,0.8471849865951743,0.34316353887399464,1.0
5696,0,CF2,L5,0.7,lama,1,1,0.2364446073770523,1,False,0.8549931600547196,0.35020519835841313,1.0
15066,0,CF2,L5,0.7,lama,3,8,0.25227513909339905,0,False,0.8434065934065934,0.3516483516483517,1.0
10653,0,CF2,L5,0.7,lama,9,5,0.2529103755950928,0,False,0.8490304709141274,0.3545706371191136,1.0
13337,0,CF2,L5,0.7,lama,2,2,0.21937589347362518,1,False,0.8482384823848238,0.34688346883468835,1.0
12340,0,CF2,L5,0.7,lama,5,2,0.500487208366394,0,False,0.7970627503337784,0.3204272363150868,0.9375
9536,0,CF2,L5,0.7,lama,0,7,0.7072802782058716,0,False,0.7675378266850069,0.31636863823933975,0.8984375
3566,0,CF2,L5,0.7,lama,4,1,0.6841450929641724,0,False,0.8602739726027397,0.3424657534246575,0.9765625
20090,0,CF2,L5,0.7,lama,4,1,0.901985228061676,0,False,0.8502024291497976,0.33063427800269907,0.95703125
211,0,CF2,L5,0.7,lama,0,0,0.34318432211875916,1,False,0.8392857142857143,0.3516483516483517,1.0
55,0,CF2,L5,0.7,lama,8,2,0.6295127272605896,0,False,0.8577405857740585,0.35704323570432356,1.0
1477,0,CF2,L5,0.7,lama,2,8,0.3188624680042267,0,False,0.8554054054054054,0.34594594594594597,1.0
25898,0,CF2,L5,0.7,lama,0,1,0.6847034096717834,0,False,0.8847222222222222,0.35555555555555557,1.0
25713,0,CF2,L5,0.7,lama,0,1,0.3001611828804016,0,False,0.8573333333333333,0.332,0.97265625
18055,0,CF2,L5,0.7,lama,3,1,0.6054533123970032,0,False,0.8256624825662483,0.3417015341701534,0.95703125
17461,0,CF2,L5,0.7,lama,3,3,0.3677219748497009,1,False,0.8622908622908623,0.28314028314028317,0.859375
14237,0,CF2,L5,0.7,lama,7,7,0.4785214960575104,1,False,0.8673883626522327,0.34641407307171856,1.0
13858,0,CF2,L5,0.7,lama,1,1,0.9232255220413208,1,False,0.8772413793103448,0.35310344827586204,1.0
12386,0,CF2,L5,0.7,lama,5,2,0.6190128326416016,0,False,0.8485254691689008,0.34316353887399464,1.0
7223,0,CF2,L5,0.7,lama,9,7,0.9767622351646423,0,False,0.8534599728629579,0.3473541383989145,1.0
3153,0,CF2,L5,0.7,lama,5,8,0.37398281693458557,0,False,0.8204081632653061,0.33877551020408164,0.97265625
23265,0,CF2,L5,0.7,lama,8,6,0.451092928647995,0,False,0.8579387186629527,0.35097493036211697,0.984375
9465,0,CF2,L5,0.7,lama,0,8,0.340155690908432,0,False,0.8296398891966759,0.3545706371191136,1.0
7419,0,CF2,L5,0.7,lama,0,6,0.3393495976924896,0,False,0.8527777777777777,0.3472222222222222,0.9765625
4722,0,CF2,L5,0.7,lama,6,5,0.34144383668899536,0,False,0.8540245566166439,0.34924965893587995,1.0
23448,0,CF2,L5,0.7,lama,6,0,0.5570926666259766,0,False,0.859504132231405,0.3526170798898072,1.0
8222,0,CF2,L5,0.7,lama,2,6,0.27425000071525574,0,False,0.8429530201342282,0.3436241610738255,1.0
20898,0,CF2,L5,0.7,lama,8,8,0.38992545008659363,1,False,0.8301369863013699,0.3493150684931507,0.99609375
23313,0,CF2,L5,0.7,lama,2,6,0.5095531344413757,0,False,0.8484438430311232,0.34641407307171856,1.0
13426,0,CF2,L5,0.7,lama,2,5,0.2576676905155182,0,False,0.8614958448753463,0.3545706371191136,1.0
25136,0,CF2,L5,0.7,lama,4,4,0.6813108921051025,1,False,0.8269754768392371,0.279291553133515,0.80078125
9268,0,CF2,L5,0.7,lama,4,4,0.5379659533500671,1,False,0.8494475138121547,0.34806629834254144,0.984375
3892,0,CF2,L5,0.7,lama,1,5,0.7631232142448425,0,False,0.8488210818307905,0.3550624133148405,1.0
4115,0,CF2,L5,0.7,lama,3,3,0.4387280344963074,1,False,0.8626155878467635,0.3381770145310436,1.0
5166,0,CF2,L5,0.7,lama,7,4,0.21480250358581543,0,False,0.8845618915159944,0.3560500695410292,1.0
14984,0,CF2,L5,0.7,lama,3,5,0.3054865598678589,0,False,0.855755894590846,0.3550624133148405,1.0
10520,0,CF2,L5,0.7,lama,1,2,0.4375457465648651,0,False,0.8425414364640884,0.35082872928176795,0.9921875
4379,0,CF2,L5,0.7,lama,2,2,0.9522848725318909,1,False,0.8561827956989247,0.34408602150537637,1.0
8937,0,CF2,L5,0.7,lama,1,1,0.4445648491382599,1,False,0.8610354223433242,0.3446866485013624,0.98828125
17550,0,CF2,L5,0.7,lama,9,2,0.26950517296791077,0,False,0.8533685601056803,0.3381770145310436,1.0
19085,0,CF2,L5,0.7,lama,9,2,0.6791347861289978,0,False,0.8351800554016621,0.3518005540166205,0.9921875
17902,0,CF2,L5,0.7,lama,6,8,0.24800029397010803,0,False,0.8685636856368564,0.34688346883468835,1.0
14780,0,CF2,L5,0.7,lama,8,7,0.5585395097732544,0,False,0.8543689320388349,0.3550624133148405,1.0
8401,0,CF2,L5,0.7,lama,0,2,0.4370660185813904,0,False,0.8592896174863388,0.3483606557377049,0.99609375
11230,0,CF2,L5,0.7,lama,2,2,0.31181246042251587,1,False,0.8190104166666666,0.3046875,0.9140625
1772,0,CF2,L5,0.7,lama,3,1,0.45071449875831604,0,False,0.7621696801112656,0.3184979137691238,0.89453125
13326,0,CF2,L5,0.7,lama,4,4,0.6442863345146179,1,False,0.7799442896935933,0.3328690807799443,0.93359375
15230,0,CF2,L5,0.7,lama,5,5,0.4042096436023712,1,False,0.858887381275441,0.3473541383989145,1.0
20557,0,CF2,L5,0.7,lama,0,1,0.9956491589546204,0,False,0.8191780821917808,0.336986301369863,0.9609375
9555,0,CF2,L5,0.7,lama,1,1,0.5939937829971313,1,False,0.8601108033240997,0.3545706371191136,1.0
3667,0,CF2,L5,0.7,lama,6,5,0.6268569231033325,0,False,0.8431105047748977,0.34924965893587995,1.0
5316,0,CF2,L5,0.7,lama,5,2,0.7355713844299316,0,False,0.8328767123287671,0.34383561643835614,0.98046875
3606,0,CF2,L5,0.7,lama,5,3,0.26090213656425476,0,False,0.8679504814305364,0.35213204951856947,1.0
25776,0,CF2,L5,0.7,lama,6,3,0.3652222454547882,0,False,0.8649025069637883,0.34401114206128136,0.96484375
22231,0,CF2,L5,0.7,lama,1,1,0.8292748928070068,1,False,0.8200836820083682,0.33751743375174337,0.9453125
10855,0,CF2,L5,0.7,lama,7,1,0.646604061126709,0,False,0.8550135501355014,0.34688346883468835,1.0
130,0,CF2,L5,0.7,lama,6,9,0.35168734192848206,0,False,0.7994428969359332,0.35097493036211697,0.984375
434,0,CF2,L5,0.7,lama,8,6,0.28426113724708557,0,False,0.8647214854111406,0.3395225464190981,1.0
5308,0,CF2,L5,0.7,lama,5,1,0.3278033435344696,0,False,0.8610729023383769,0.35213204951856947,1.0
17682,0,CF2,L5,0.7,lama,4,2,0.45290353894233704,0,False,0.8650904033379694,0.3560500695410292,1.0
16682,0,CF2,L5,0.7,lama,8,3,0.23511765897274017,0,False,0.8614540466392319,0.3511659807956104,1.0
12660,0,CF2,L5,0.7,lama,5,2,0.322052925825119,0,False,0.8434903047091413,0.3545706371191136,1.0
21362,0,CF2,L5,0.7,lama,5,5,0.5246925950050354,1,False,0.8331053351573188,0.34062927496580025,0.97265625
15483,0,CF2,L5,0.7,lama,4,4,0.7967538237571716,1,False,0.8537604456824512,0.3342618384401114,0.9375
5289,0,CF2,L5,0.7,lama,5,3,0.3880293667316437,0,False,0.8632596685082873,0.35359116022099446,1.0
19757,0,CF2,L5,0.7,lama,1,2,0.23297858238220215,0,False,0.8583333333333333,0.35555555555555557,1.0
6799,0,CF2,L5,0.7,lama,2,2,0.31269022822380066,1,False,0.863013698630137,0.3506849315068493,1.0
18871,0,CF2,L5,0.7,lama,2,2,0.5610938668251038,1,False,0.8797886393659181,0.3381770145310436,1.0
4740,0,CF2,L5,0.7,lama,3,0,0.3591045141220093,0,False,0.8506056527590848,0.3391655450874832,0.984375
14926,0,CF2,L5,0.7,lama,5,5,0.5776108503341675,1,False,0.8224687933425797,0.3550624133148405,1.0
3549,0,CF2,L5,0.7,lama,4,3,0.8299593329429626,0,False,0.8603042876901799,0.35131396957123096,0.9921875
13336,0,CF2,L5,0.7,lama,9,2,0.9101545810699463,0,False,0.828,0.3413333333333333,1.0
8302,0,CF2,L5,0.7,lama,3,6,0.5931790471076965,0,False,0.8682385575589459,0.3550624133148405,1.0
19884,0,CF2,L5,0.7,lama,8,6,0.3663366436958313,0,False,0.8181818181818182,0.3422459893048128,1.0
6927,0,CF2,L5,0.7,lama,1,1,0.7861149907112122,1,False,0.8138888888888889,0.35,0.984375
15277,0,CF2,L5,0.7,lama,6,5,0.39940986037254333,0,False,0.8509554140127389,0.32611464968152865,1.0
20278,0,CF2,L5,0.7,lama,3,1,0.32919391989707947,0,False,0.8539638386648123,0.3560500695410292,1.0
654,0,CF2,L5,0.7,lama,8,2,0.3340059816837311,0,False,0.8716577540106952,0.3422459893048128,1.0
19020,0,CF2,L5,0.7,lama,0,5,0.3005739450454712,0,False,0.8381962864721485,0.3395225464190981,1.0
25403,0,CF2,L5,0.7,lama,3,9,0.46475574374198914,0,False,0.8619246861924686,0.35704323570432356,1.0
1745,0,CF2,L5,0.7,lama,8,5,0.4598793685436249,0,False,0.81353591160221,0.3314917127071823,0.9375
10726,0,CF2,L5,0.7,lama,4,4,0.8683972358703613,1,False,0.8346994535519126,0.33879781420765026,0.96875
23431,0,CF2,L5,0.7,lama,4,1,0.49851396679878235,0,False,0.8730822873082287,0.35704323570432356,1.0
231,0,CF2,L5,0.7,lama,5,3,0.3755980432033539,0,False,0.8593314763231198,0.3565459610027855,1.0
20678,0,CF2,L5,0.7,lama,7,8,0.4186326563358307,0,False,0.8444444444444444,0.3541666666666667,0.99609375
15851,0,CF2,L5,0.7,lama,1,3,0.5074480772018433,0,False,0.8743093922651933,0.3370165745856354,0.953125
24015,0,CF2,L5,0.7,lama,0,2,0.6033452153205872,0,False,0.8803763440860215,0.34408602150537637,1.0
1082,0,CF2,L5,0.7,lama,6,8,0.3061380684375763,0,False,0.8335625859697386,0.35213204951856947,1.0
5573,0,CF2,L5,0.7,lama,8,2,0.20019569993019104,0,False,0.8340080971659919,0.33738191632928477,0.9765625
11289,0,CF2,L5,0.7,lama,1,4,0.34142306447029114,0,False,0.8708333333333333,0.35555555555555557,1.0
1751,0,CF2,L5,0.7,lama,0,5,0.27142155170440674,0,False,0.8733252131546894,0.3118148599269184,1.0
4594,0,CF2,L5,0.7,lama,6,0,0.6082016825675964,0,False,0.8294360385144429,0.35213204951856947,1.0
21127,0,CF2,L5,0.7,lama,8,2,0.3631000816822052,0,False,0.81353591160221,0.3356353591160221,0.94921875
12370,0,CF2,L5,0.7,lama,4,4,0.27368777990341187,1,False,0.8224932249322493,0.31978319783197834,0.921875
4125,0,CF2,L5,0.7,lama,6,6,0.6167238354682922,1,False,0.8245125348189415,0.3342618384401114,0.9375
11008,0,CF2,L5,0.7,lama,1,1,0.5050442814826965,1,False,0.8556005398110661,0.3427800269905533,0.9921875
23395,0,CF2,L5,0.7,lama,7,1,0.35458308458328247,0,False,0.8821138211382114,0.34688346883468835,1.0
3080,0,CF2,L5,0.7,lama,3,3,0.3477398753166199,1,False,0.853185595567867,0.3545706371191136,1.0
22400,0,CF2,L5,0.7,lama,0,5,0.6341241598129272,0,False,0.8198074277854195,0.35213204951856947,1.0
22514,0,CF2,L5,0.7,lama,1,1,0.8602101802825928,1,False,0.8484005563282336,0.3560500695410292,1.0
15137,0,CF2,L5,0.7,lama,0,3,0.6416894793510437,0,False,0.8815426997245179,0.3526170798898072,1.0
6681,0,CF2,L5,0.7,lama,0,7,0.3385012447834015,0,False,0.8421052631578947,0.32793522267206476,0.94921875
5219,0,CF2,L5,0.7,lama,5,2,0.4857480823993683,0,False,0.8342465753424657,0.3493150684931507,0.99609375
2355,0,CF2,L5,0.7,lama,2,7,0.31622514128685,0,False,0.8333333333333334,0.3526170798898072,1.0
4674,0,CF2,L5,0.7,lama,5,2,0.24866704642772675,0,False,0.8280166435506241,0.3522884882108183,0.9921875
14575,0,CF2,L5,0.7,lama,1,7,0.2903422713279724,0,False,0.8831521739130435,0.34782608695652173,1.0
6563,0,CF2,L5,0.7,lama,5,8,0.2637655436992645,0,False,0.8597222222222223,0.35555555555555557,1.0
17492,0,CF2,L5,0.7,lama,9,5,0.5171722769737244,0,False,0.8360881542699724,0.3526170798898072,1.0
15770,0,CF2,L5,0.7,lama,7,5,0.8121438026428223,0,False,0.8655692729766804,0.3511659807956104,1.0
20830,0,CF2,L5,0.7,lama,1,1,0.36475419998168945,1,False,0.8222811671087533,0.3090185676392573,0.91015625
1777,0,CF2,L5,0.7,lama,2,2,0.5781069993972778,1,False,0.8347222222222223,0.3388888888888889,0.953125
21617,0,CF2,L5,0.7,lama,7,6,0.2219177633523941,0,False,0.8652575957727873,0.3381770145310436,1.0
21293,0,CF2,L5,0.7,lama,4,5,0.27847692370414734,0,False,0.8399452804377565,0.32694938440492477,0.93359375
14504,0,CF2,L5,0.7,lama,0,3,0.3361975848674774,0,False,0.8514986376021798,0.33923705722070846,0.97265625
21236,0,CF2,L5,0.7,lama,7,9,0.5212039351463318,0,False,0.8476454293628809,0.3462603878116344,0.9765625
18558,0,CF2,L5,0.7,lama,4,1,0.9677051305770874,0,False,0.7814661134163209,0.33195020746887965,0.9375
22916,0,CF2,L5,0.7,lama,8,8,0.950367271900177,1,False,0.8725761772853186,0.3545706371191136,1.0
18760,0,CF2,L5,0.7,lama,6,8,0.5460836887359619,0,False,0.8826739427012278,0.34924965893587995,1.0
17389,0,CF2,L5,0.7,lama,8,9,0.41454216837882996,0,False,0.8247978436657682,0.33692722371967654,0.9765625
13155,0,CF2,L5,0.7,lama,8,8,0.4054151475429535,1,False,0.8737864077669902,0.3550624133148405,1.0
13999,0,CF2,L5,0.7,lama,5,5,0.4354337751865387,1,False,0.8519021739130435,0.34782608695652173,1.0
10265,0,CF2,L5,0.7,lama,8,2,0.6721248030662537,0,False,0.8746594005449592,0.3460490463215259,0.9921875
17239,0,CF2,L5,0.7,lama,2,1,0.5051829814910889,0,False,0.8806366047745358,0.3395225464190981,1.0
6288,0,CF2,L5,0.7,lama,3,2,0.21599464118480682,0,False,0.877914951989026,0.3511659807956104,1.0
11514,0,CF2,L5,0.7,lama,6,5,0.3323756754398346,0,False,0.8165517241379311,0.33379310344827584,0.9453125
23652,0,CF2,L5,0.7,lama,1,8,0.24898554384708405,0,False,0.8664850136239782,0.34332425068119893,0.984375
11939,0,CF2,L5,0.7,lama,6,5,0.8094558715820312,0,False,0.8239339752407153,0.343878954607978,0.9765625
2174,0,CF2,L5,0.7,lama,7,2,0.695900559425354,0,False,0.8335588633288228,0.3423545331529093,0.98828125
15441,0,CF2,L5,0.7,lama,4,1,0.9343017935752869,0,False,0.8646408839779005,0.35359116022099446,1.0
12260,0,CF2,L5,0.7,lama,1,1,0.8171485066413879,1,False,0.7916666666666666,0.31527777777777777,0.88671875
25046,0,CF2,L5,0.7,lama,6,6,0.5549907684326172,1,False,0.8086253369272237,0.2991913746630728,0.8671875
13958,0,CF2,L5,0.7,lama,9,2,0.7067087292671204,0,False,0.8825910931174089,0.34547908232118757,1.0
20974,0,CF2,L5,0.7,lama,8,4,0.6345474123954773,0,False,0.8516042780748663,0.3422459893048128,1.0
10626,0,CF2,L5,0.7,lama,6,5,0.2409319281578064,0,False,0.853185595567867,0.3545706371191136,1.0
22545,0,CF2,L5,0.7,lama,5,5,0.42211589217185974,1,False,0.8827586206896552,0.35310344827586204,1.0
20288,0,CF2,L5,0.7,lama,5,5,0.3016383647918701,1,False,0.8677462887989204,0.34547908232118757,1.0
13790,0,CF2,L5,0.7,lama,7,7,0.3375996947288513,1,False,0.8602739726027397,0.3506849315068493,1.0
2817,0,CF2,L5,0.7,lama,4,4,0.49527040123939514,1,False,0.8423236514522822,0.330567081604426,0.93359375
8344,0,CF2,L5,0.7,lama,4,1,0.7568071484565735,0,False,0.8707015130674003,0.35213204951856947,1.0
11708,0,CF2,L5,0.7,lama,1,2,0.8481165766716003,0,False,0.8814016172506739,0.3436657681940701,0.99609375
2379,0,CF2,L5,0.7,lama,1,1,0.6095575094223022,1,False,0.8161559888579387,0.34818941504178275,0.9765625
23602,0,CF2,L5,0.7,lama,2,2,0.8673519492149353,1,False,0.8822714681440443,0.3545706371191136,1.0
24357,0,CF2,L5,0.7,lama,8,7,0.31603264808654785,0,False,0.8940852819807428,0.34800550206327374,0.98828125
16783,0,CF2,L5,0.7,lama,4,1,0.8026319146156311,0,False,0.8537604456824512,0.35236768802228413,0.98828125
11723,0,CF2,L5,0.7,lama,9,9,0.35859766602516174,1,False,0.8633193863319386,0.35704323570432356,1.0
5140,0,CF2,L5,0.7,lama,5,4,0.3257093131542206,0,False,0.8849557522123894,0.32364096080910243,1.0
14563,0,CF2,L5,0.7,lama,1,2,0.5756171345710754,0,False,0.8444444444444444,0.35555555555555557,1.0
11905,0,CF2,L5,0.7,lama,7,4,0.9824156761169434,0,False,0.8386648122392212,0.34492350486787204,0.96875
4657,0,CF2,L5,0.7,lama,5,2,0.4125880300998688,0,False,0.8476454293628809,0.3545706371191136,1.0
9888,0,CF2,L5,0.7,lama,7,8,0.2984331250190735,0,False,0.9012517385257302,0.325452016689847,0.9140625
22827,0,CF2,L5,0.7,lama,6,7,0.662830650806427,0,False,0.8604972375690608,0.35359116022099446,1.0
23911,0,CF2,L5,0.7,lama,7,1,0.459485799074173,0,False,0.8681022880215343,0.3445491251682369,1.0
968,0,CF2,L5,0.7,lama,3,8,0.39690718054771423,0,False,0.8424657534246576,0.3424657534246575,0.9765625
18416,0,CF2,L5,0.7,lama,2,2,0.836756706237793,1,False,0.8703448275862069,0.35310344827586204,1.0
15166,0,CF2,L5,0.7,lama,7,7,0.6618396043777466,1,False,0.8461538461538461,0.3395225464190981,1.0
15537,0,CF2,L5,0.7,lama,6,2,0.5362966656684875,0,False,0.8490304709141274,0.3545706371191136,1.0
112,0,CF2,L5,0.7,lama,6,3,0.4868035316467285,0,False,0.8698060941828255,0.3545706371191136,1.0
9754,0,CF2,L5,0.7,lama,8,7,0.4684768319129944,0,False,0.8250336473755047,0.3405114401076716,0.98828125
3827,0,CF2,L5,0.7,lama,1,1,0.7574633359909058,1,False,0.8428372739916551,0.3560500695410292,1.0
16427,0,CF2,L5,0.7,lama,8,6,0.5827609896659851,0,False,0.819047619047619,0.2816326530612245,0.80859375
4853,0,CF2,L5,0.7,lama,8,4,0.24152573943138123,0,False,0.8496644295302014,0.3315436241610738,0.96484375
5025,0,CF2,L5,0.7,lama,8,2,0.606803297996521,0,False,0.8368700265251989,0.3395225464190981,1.0
5497,0,CF2,L5,0.7,lama,5,1,0.3016543984413147,0,False,0.8194444444444444,0.33611111111111114,0.9453125
415,0,CF2,L5,0.7,lama,5,3,0.23096300661563873,0,False,0.8595800524934383,0.3346456692913386,0.99609375
6055,0,CF2,L5,0.7,lama,2,2,0.9986969828605652,1,False,0.8682385575589459,0.3550624133148405,1.0
4242,0,CF2,L5,0.7,lama,6,5,0.34030622243881226,0,False,0.8312586445366529,0.33748271092669435,0.953125
16007,0,CF2,L5,0.7,lama,3,5,0.8007392883300781,0,False,0.8587105624142661,0.3511659807956104,1.0
16184,0,CF2,L5,0.7,lama,6,0,0.43953636288642883,0,False,0.8537931034482759,0.34758620689655173,0.984375
15180,0,CF2,L5,0.7,lama,2,7,0.6874374151229858,0,False,0.8281036834924966,0.339699863574352,0.97265625
16402,0,CF2,L5,0.7,lama,3,2,0.40521371364593506,0,False,0.8537931034482759,0.35310344827586204,1.0
12883,0,CF2,L5,0.7,lama,7,2,0.3807491362094879,0,False,0.8394557823129252,0.3442176870748299,0.98828125
12596,0,CF2,L5,0.7,lama,2,2,0.9875802993774414,1,False,0.8232044198895028,0.3494475138121547,0.98828125
13383,0,CF2,L5,0.7,lama,0,8,0.3916764557361603,0,False,0.7980769230769231,0.34065934065934067,0.96875
17140,0,CF2,L5,0.7,lama,0,3,0.5229250192642212,0,False,0.8474341192787794,0.3342579750346741,0.94140625
11249,0,CF2,L5,0.7,lama,7,5,0.7250368595123291,0,False,0.8324175824175825,0.3489010989010989,0.9921875
2927,0,CF2,L5,0.7,lama,3,7,0.4192078709602356,0,False,0.874826147426982,0.3560500695410292,1.0
13380,0,CF2,L5,0.7,lama,3,7,0.561842679977417,0,False,0.8358620689655173,0.34206896551724136,0.96875
24593,0,CF2,L5,0.7,lama,5,7,0.5412541627883911,0,False,0.8257261410788381,0.3457814661134163,0.9765625
14507,0,CF2,L5,0.7,lama,8,2,0.38324615359306335,0,False,0.8879892037786775,0.34547908232118757,1.0
9355,0,CF2,L5,0.7,lama,8,1,0.3149108290672302,0,False,0.8489304812834224,0.339572192513369,0.9921875
3943,0,CF2,L5,0.7,lama,3,3,0.2775084376335144,1,False,0.8753315649867374,0.3395225464190981,1.0
4913,0,CF2,L5,0.7,lama,4,2,0.9437796473503113,0,False,0.8629032258064516,0.34408602150537637,1.0
23440,0,CF2,L5,0.7,lama,4,5,0.2601360082626343,0,False,0.8486932599724897,0.35213204951856947,1.0
19289,0,CF2,L5,0.7,lama,7,7,0.9515863060951233,1,False,0.8703956343792633,0.34924965893587995,1.0
17841,0,CF2,L5,0.7,lama,6,7,0.959184467792511,0,False,0.8408163265306122,0.34829931972789113,1.0
18139,0,CF2,L5,0.7,lama,0,6,0.24981574714183807,0,False,0.8907103825136612,0.34972677595628415,1.0
18549,0,CF2,L5,0.7,lama,7,1,0.3753219544887543,0,False,0.8487738419618529,0.34877384196185285,1.0
7215,0,CF2,L5,0.7,lama,7,7,0.9881373047828674,1,False,0.8565683646112601,0.34316353887399464,1.0
10574,0,CF2,L5,0.7,lama,7,2,0.3003166913986206,0,False,0.8328767123287671,0.3452054794520548,0.984375
10329,0,CF2,L5,0.7,lama,7,5,0.43158379197120667,0,False,0.8259109311740891,0.34547908232118757,1.0
21502,0,CF2,L5,0.7,lama,4,2,0.9497164487838745,0,False,0.8579017264276229,0.3399734395750332,1.0
1209,0,CF2,L5,0.7,lama,8,2,0.4682316482067108,0,False,0.8141112618724559,0.2903663500678426,0.8359375
22202,0,CF2,L5,0.7,lama,6,3,0.6081897616386414,0,False,0.8397790055248618,0.35359116022099446,1.0
12914,0,CF2,L5,0.7,lama,2,6,0.3304421007633209,0,False,0.8284923928077456,0.35131396957123096,0.9921875
23477,0,CF2,L5,0.7,lama,6,8,0.17948287725448608,0,False,0.8478561549100968,0.35408022130013833,1.0
13286,0,CF2,L5,0.7,lama,5,2,0.7620427012443542,0,False,0.819047619047619,0.34285714285714286,0.984375
24957,0,CF2,L5,0.7,lama,2,2,0.2596435248851776,1,False,0.8342541436464088,0.3453038674033149,0.9765625
23215,0,CF2,L5,0.7,lama,9,2,0.4629763960838318,0,False,0.8482849604221636,0.316622691292876,0.9375
8171,0,CF2,L5,0.7,lama,3,1,0.27537018060684204,0,False,0.856760374832664,0.3333333333333333,0.97265625
13427,0,CF2,L5,0.7,lama,4,4,0.2112588733434677,1,False,0.8834688346883469,0.34688346883468835,1.0
1985,0,CF2,L5,0.7,lama,9,1,0.4126591980457306,0,False,0.8569482288828338,0.34877384196185285,1.0
19607,0,CF2,L5,0.7,lama,1,1,0.38544735312461853,1,False,0.8526170798898072,0.3526170798898072,1.0
15138,0,CF2,L5,0.7,lama,4,4,0.3532579839229584,1,False,0.8974008207934336,0.34746922024623805,0.9921875
18496,0,CF2,L5,0.7,lama,3,2,0.25452208518981934,0,False,0.8692098092643051,0.33923705722070846,0.97265625
11341,0,CF2,L5,0.7,lama,5,1,0.36609867215156555,0,False,0.8863636363636364,0.3422459893048128,1.0
3210,0,CF2,L5,0.7,lama,6,3,0.4942513108253479,0,False,0.8143053645116919,0.3425034387895461,0.97265625
9044,0,CF2,L5,0.7,lama,3,5,0.3730235695838928,0,False,0.8612945838837517,0.3381770145310436,1.0
1784,0,CF2,L5,0.7,lama,1,2,0.585178554058075,0,False,0.7997237569060773,0.3397790055248619,0.9609375
20687,0,CF2,L5,0.7,lama,7,7,0.8270002007484436,1,False,0.8362652232746955,0.30311231393775373,0.875
21479,0,CF2,L5,0.7,lama,1,1,0.750251293182373,1,False,0.885952712100139,0.3518776077885953,0.98828125
4465,0,CF2,L5,0.7,lama,7,4,0.3319045603275299,0,False,0.8384401114206128,0.35376044568245124,0.9921875
8098,0,CF2,L5,0.7,lama,3,6,0.304037481546402,0,False,0.8737864077669902,0.3550624133148405,1.0
1105,0,CF2,L5,0.7,lama,1,6,0.8786068558692932,0,False,0.878581173260573,0.34924965893587995,1.0
24036,0,CF2,L5,0.7,lama,0,9,0.32873809337615967,0,False,0.8573407202216067,0.3518005540166205,0.9921875
24825,0,CF2,L5,0.7,lama,1,1,0.24998995661735535,1,False,0.863102998696219,0.33376792698826596,1.0
20081,0,CF2,L5,0.7,lama,4,1,0.5510798096656799,0,False,0.819047619047619,0.3469387755102041,0.99609375
11780,0,CF2,L5,0.7,lama,5,2,0.9823107719421387,0,False,0.8410041841004184,0.3542538354253835,0.9921875
18228,0,CF2,L5,0.7,lama,2,6,0.19215218722820282,0,False,0.8317107093184979,0.35048678720445064,0.984375
4363,0,CF2,L5,0.7,lama,4,5,0.28554537892341614,0,False,0.8845618915159944,0.3560500695410292,1.0
10210,0,CF2,L5,0.7,lama,7,1,0.6126209497451782,0,False,0.8641975308641975,0.3511659807956104,1.0
7005,0,CF2,L5,0.7,lama,2,2,0.46344414353370667,1,False,0.8529819694868238,0.3550624133148405,1.0
7071,0,CF2,L5,0.7,lama,3,5,0.7463099360466003,0,False,0.8304172274562585,0.34185733512786004,0.9921875
25299,0,CF2,L5,0.7,lama,4,3,0.3606594502925873,0,False,0.8586956521739131,0.34782608695652173,1.0
3393,0,CF2,L5,0.7,lama,0,9,0.25782641768455505,0,False,0.8736702127659575,0.3377659574468085,0.9921875
10532,0,CF2,L5,0.7,lama,8,0,0.2800142765045166,0,False,0.8591916558018253,0.33376792698826596,1.0
14271,0,CF2,L5,0.7,lama,3,8,0.33105841279029846,0,False,0.8814504881450488,0.3514644351464435,0.984375
12814,0,CF2,L5,0.7,lama,4,8,0.2454644739627838,0,False,0.8581081081081081,0.34324324324324323,0.9921875
1763,0,CF2,L5,0.7,lama,1,1,0.33714839816093445,1,False,0.8707015130674003,0.35075653370013754,0.99609375
2795,0,CF2,L5,0.7,lama,4,1,0.7316847443580627,0,False,0.8607242339832869,0.35376044568245124,0.9921875
5329,0,CF2,L5,0.7,lama,2,2,0.7876103520393372,1,False,0.8537604456824512,0.3565459610027855,1.0
11024,0,CF2,L5,0.7,lama,8,5,0.4069054424762726,0,False,0.8415300546448088,0.34972677595628415,1.0
23383,0,CF2,L5,0.7,lama,6,3,0.47981470823287964,0,False,0.8421052631578947,0.3545706371191136,1.0
582,0,CF2,L5,0.7,lama,2,2,0.33449310064315796,1,False,0.8793565683646113,0.34316353887399464,1.0
20037,0,CF2,L5,0.7,lama,5,3,0.4863182306289673,0,False,0.8242677824267782,0.35704323570432356,1.0
4876,0,CF2,L5,0.7,lama,3,7,0.4883911907672882,0,False,0.8361111111111111,0.3375,0.94921875
16157,0,CF2,L5,0.7,lama,1,1,0.8739031553268433,1,False,0.8495934959349594,0.34688346883468835,1.0
24155,0,CF2,L5,0.7,lama,7,3,0.45652681589126587,0,False,0.850828729281768,0.35359116022099446,1.0
21035,0,CF2,L5,0.7,lama,1,1,0.900009036064148,1,False,0.8521617852161785,0.34309623430962344,0.9609375
2530,0,CF2,L5,0.7,lama,2,3,0.5823150277137756,0,False,0.8456189151599444,0.34492350486787204,0.96875
20951,0,CF2,L5,0.7,lama,4,9,0.3614638149738312,0,False,0.8675675675675676,0.34459459459459457,0.99609375
9752,0,CF2,L5,0.7,lama,9,5,0.38097506761550903,0,False,0.8581081081081081,0.34594594594594597,1.0
20362,0,CF2,L5,0.7,lama,9,3,0.2246856391429901,0,False,0.8670360110803325,0.3490304709141274,0.984375
5669,0,CF2,L5,0.7,lama,2,2,0.9564037919044495,1,False,0.8495821727019499,0.3565459610027855,1.0
9395,0,CF2,L5,0.7,lama,6,6,0.4672015607357025,1,False,0.8767313019390581,0.3490304709141274,0.984375
22115,0,CF2,L5,0.7,lama,2,2,0.7482209801673889,1,False,0.8308525033829499,0.3274695534506089,0.9453125
3784,0,CF2,L5,0.7,lama,5,2,0.48855867981910706,0,False,0.8395378690629012,0.31835686777920413,0.96875
15518,0,CF2,L5,0.7,lama,1,1,0.4080238938331604,1,False,0.8648275862068966,0.35310344827586204,1.0
22913,0,CF2,L5,0.7,lama,1,1,0.5154334306716919,1,False,0.8083333333333333,0.34305555555555556,0.96484375
22485,0,CF2,L5,0.7,lama,8,3,0.663969874382019,0,False,0.8614958448753463,0.3545706371191136,1.0
14166,0,CF2,L5,0.7,lama,9,5,0.5955647826194763,0,False,0.8583333333333333,0.35555555555555557,1.0
4606,0,CF2,L5,0.7,lama,8,1,0.46112698316574097,0,False,0.8532608695652174,0.328804347826087,0.9453125
12043,0,CF2,L5,0.7,lama,8,5,0.2663411498069763,0,False,0.8526170798898072,0.3526170798898072,1.0
20255,0,CF2,L5,0.7,lama,9,1,0.40587475895881653,0,False,0.8711340206185567,0.32989690721649484,1.0
21390,0,CF2,L5,0.7,lama,8,5,0.1811363697052002,0,False,0.8551532033426184,0.3565459610027855,1.0
13388,0,CF2,L5,0.7,lama,6,4,0.46273013949394226,0,False,0.8552631578947368,0.3368421052631579,1.0
9382,0,CF2,L5,0.7,lama,0,0,0.6991193890571594,1,False,0.8184281842818428,0.34010840108401086,0.98046875
11878,0,CF2,L5,0.7,lama,4,5,0.3921109437942505,0,False,0.8215767634854771,0.34854771784232363,0.984375
10774,0,CF2,L5,0.7,lama,1,3,0.7568356394767761,0,False,0.8326745718050066,0.3372859025032938,1.0
2211,0,CF2,L5,0.7,lama,4,1,0.4432660937309265,0,False,0.8981958762886598,0.32989690721649484,1.0
22804,0,CF2,L5,0.7,lama,1,2,0.5113075375556946,0,False,0.8625,0.35555555555555557,1.0
17903,0,CF2,L5,0.7,lama,3,1,0.36525484919548035,0,False,0.8542234332425068,0.34877384196185285,1.0
16889,0,CF2,L5,0.7,lama,1,1,0.6426403522491455,1,False,0.8589041095890411,0.3493150684931507,0.99609375
3013,0,CF2,L5,0.7,lama,8,0,0.6475868821144104,0,False,0.8367911479944675,0.35131396957123096,0.9921875
19919,0,CF2,L5,0.7,lama,8,1,0.6460193395614624,0,False,0.850132625994695,0.3395225464190981,1.0
7911,0,CF2,L5,0.7,lama,0,8,0.15001638233661652,0,False,0.8580814717477004,0.32982917214191854,0.98046875
6473,0,CF2,L5,0.7,lama,5,2,0.6399964094161987,0,False,0.8828451882845189,0.34309623430962344,0.9609375
14963,0,CF2,L5,0.7,lama,2,2,0.29316607117652893,1,False,0.859481582537517,0.3451568894952251,0.98828125
3189,0,CF2,L5,0.7,lama,3,3,0.3363882005214691,1,False,0.849931787175989,0.34924965893587995,1.0
21433,0,CF2,L5,0.7,lama,6,5,0.7904155254364014,0,False,0.8250688705234159,0.3526170798898072,1.0
21534,0,CF2,L5,0.7,lama,9,1,0.4671357572078705,0,False,0.8492392807745505,0.35408022130013833,1.0
4378,0,CF2,L5,0.7,lama,4,1,0.567048192024231,0,False,0.8142076502732241,0.3251366120218579,0.9296875
4179,0,CF2,L5,0.7,lama,3,7,0.9962020516395569,0,False,0.8467966573816156,0.3565459610027855,1.0
20275,0,CF2,L5,0.7,lama,7,6,0.6750882267951965,0,False,0.8704735376044568,0.3565459610027855,1.0
724,0,CF2,L5,0.7,lama,4,2,0.6696328520774841,0,False,0.8527027027027027,0.34324324324324323,0.9921875
15532,0,CF2,L5,0.7,lama,5,1,0.5001062154769897,0,False,0.783068783068783,0.32671957671957674,0.96484375
7808,0,CF2,L5,0.7,lama,4,2,0.5966760516166687,0,False,0.8821954484605087,0.3427041499330656,1.0
3185,0,CF2,L5,0.7,lama,7,7,0.5004338622093201,1,False,0.8495339547270306,0.340878828229028,1.0
8217,0,CF2,L5,0.7,lama,5,7,0.42344945669174194,0,False,0.8522571819425444,0.35020519835841313,1.0
15284,0,CF2,L5,0.7,lama,2,8,0.22311988472938538,0,False,0.8415977961432507,0.349862258953168,0.9921875
2195,0,CF2,L5,0.7,lama,1,2,0.7318345308303833,0,False,0.8611111111111112,0.3541666666666667,0.99609375
21296,0,CF2,L5,0.7,lama,0,5,0.3848201334476471,0,False,0.8487738419618529,0.34877384196185285,1.0
14286,0,CF2,L5,0.7,lama,3,2,0.7145625352859497,0,False,0.8292011019283747,0.34573002754820936,0.98046875
4261,0,CF2,L5,0.7,lama,0,6,0.8846109509468079,0,False,0.8800557880055788,0.35704323570432356,1.0
24480,0,CF2,L5,0.7,lama,2,5,0.534363865852356,0,False,0.8775790921595599,0.35213204951856947,1.0
23581,0,CF2,L5,0.7,lama,7,2,0.30438148975372314,0,False,0.8365650969529086,0.3545706371191136,1.0
24364,0,CF2,L5,0.7,lama,7,3,0.5330492854118347,0,False,0.8164383561643835,0.3287671232876712,0.9375
4259,0,CF2,L5,0.7,lama,4,1,0.3499810993671417,0,False,0.8633193863319386,0.35704323570432356,1.0
4323,0,CF2,L5,0.7,lama,8,8,0.589992880821228,1,False,0.8573407202216067,0.3545706371191136,1.0
26017,0,CF2,L5,0.7,lama,2,5,0.3830268979072571,0,False,0.8502080443828016,0.3536754507628294,0.99609375
4055,0,CF2,L5,0.7,lama,9,3,0.3323357105255127,0,False,0.8464730290456431,0.35269709543568467,0.99609375
23968,0,CF2,L5,0.7,lama,6,2,0.43638119101524353,0,False,0.853021978021978,0.3516483516483517,1.0
4914,0,CF2,L5,0.7,lama,2,2,0.9756850004196167,1,False,0.8539944903581267,0.3415977961432507,0.96875
17310,0,CF2,L5,0.7,lama,7,2,0.319663405418396,0,False,0.8333333333333334,0.3307291666666667,0.9921875
14981,0,CF2,L5,0.7,lama,2,2,0.355681449174881,1,False,0.8746594005449592,0.3460490463215259,0.9921875
7511,0,CF2,L5,0.7,lama,6,3,0.38512909412384033,0,False,0.8663967611336032,0.34547908232118757,1.0
4136,0,CF2,L5,0.7,lama,9,6,0.3024890124797821,0,False,0.8695652173913043,0.32608695652173914,0.99609375
8043,0,CF2,L5,0.7,lama,2,2,0.2540334463119507,1,False,0.8652291105121294,0.3423180592991914,0.9921875
14360,0,CF2,L5,0.7,lama,4,1,0.4369896948337555,0,False,0.8642659279778393,0.3545706371191136,1.0
6364,0,CF2,L5,0.7,lama,0,0,0.35794034600257874,1,False,0.8370473537604457,0.3426183844011142,0.9609375
8827,0,CF2,L5,0.7,lama,4,1,0.2650282084941864,0,False,0.8599735799207398,0.3381770145310436,1.0
24886,0,CF2,L5,0.7,lama,9,1,0.4629368185997009,0,False,0.8498659517426274,0.34316353887399464,1.0
21392,0,CF2,L5,0.7,lama,2,2,0.7051872611045837,1,False,0.8314917127071824,0.30939226519337015,0.875
18654,0,CF2,L5,0.7,lama,6,2,0.7613193988800049,0,False,0.8094575799721836,0.3463143254520167,0.97265625
21766,0,CF2,L5,0.7,lama,1,2,0.4349002242088318,0,False,0.8601108033240997,0.3545706371191136,1.0
25433,0,CF2,L5,0.7,lama,8,2,0.47166141867637634,0,False,0.8458333333333333,0.34444444444444444,0.96875
10927,0,CF2,L5,0.7,lama,8,5,0.3894290626049042,0,False,0.8590971272229823,0.3433652530779754,0.98046875
14092,0,CF2,L5,0.7,lama,6,6,0.9490254521369934,1,False,0.8457300275482094,0.34297520661157027,0.97265625
20936,0,CF2,L5,0.7,lama,9,9,0.2157745361328125,1,False,0.865047233468286,0.34547908232118757,1.0
23711,0,CF2,L5,0.7,lama,4,1,0.4877334237098694,0,False,0.8581363004172462,0.34909596662030595,0.98046875
19260,0,CF2,L5,0.7,lama,7,7,0.5169265270233154,1,False,0.8629242819843342,0.3289817232375979,0.984375
17360,0,CF2,L5,0.7,lama,3,3,0.4537460207939148,1,False,0.8259052924791086,0.32172701949860727,0.90234375
965,0,CF2,L5,0.7,lama,0,5,0.1907157301902771,0,False,0.8397260273972603,0.3506849315068493,1.0
463,0,CF2,L5,0.7,lama,6,1,0.2734197676181793,0,False,0.8191933240611962,0.33936022253129344,0.953125
8945,0,CF2,L5,0.7,lama,6,8,0.7750183343887329,0,False,0.850974930362117,0.3565459610027855,1.0
14090,0,CF2,L5,0.7,lama,2,3,0.4093090891838074,0,False,0.807743658210948,0.3177570093457944,0.9296875
8479,0,CF2,L5,0.7,lama,9,5,0.5488032698631287,0,False,0.8553546592489569,0.3560500695410292,1.0
24477,0,CF2,L5,0.7,lama,2,5,0.6126846671104431,0,False,0.8363136176066025,0.34112792297111416,0.96875
8195,0,CF2,L5,0.7,lama,0,0,0.3109194338321686,1,False,0.8624484181568088,0.35213204951856947,1.0
1773,0,CF2,L5,0.7,lama,0,6,0.26164835691452026,0,False,0.8262599469496021,0.32625994694960214,0.9609375
11776,0,CF2,L5,0.7,lama,2,2,0.47266170382499695,1,False,0.8704939919893191,0.3417890520694259,1.0
3313,0,CF2,L5,0.7,lama,6,5,0.5643810629844666,0,False,0.8253094910591472,0.3493810178817056,0.9921875
5424,0,CF2,L5,0.7,lama,9,1,0.4788537621498108,0,False,0.8257261410788381,0.35408022130013833,1.0
19606,0,CF2,L5,0.7,lama,2,1,0.415372371673584,0,False,0.8480325644504749,0.33921302578018997,0.9765625
10110,0,CF2,L5,0.7,lama,9,7,0.3124367594718933,0,False,0.8796791443850267,0.3422459893048128,1.0
22872,0,CF2,L5,0.7,lama,6,5,0.4540950655937195,0,False,0.8536585365853658,0.34688346883468835,1.0
7573,0,CF2,L5,0.7,lama,1,3,0.4622648358345032,0,False,0.8395573997233748,0.35408022130013833,1.0
7105,0,CF2,L5,0.7,lama,3,2,0.5554706454277039,0,False,0.8678720445062587,0.3560500695410292,1.0
18854,0,CF2,L5,0.7,lama,1,1,0.39925500750541687,1,False,0.8348993288590604,0.338255033557047,0.984375
14576,0,CF2,L5,0.7,lama,9,5,0.40338560938835144,0,False,0.8402684563758389,0.3208053691275168,0.93359375
9376,0,CF2,L5,0.7,lama,0,1,0.462643027305603,0,False,0.8518518518518519,0.33607681755829905,0.95703125
20128,0,CF2,L5,0.7,lama,8,6,0.42824119329452515,0,False,0.8585298196948682,0.3550624133148405,1.0
24854,0,CF2,L5,0.7,lama,9,1,0.9672072529792786,0,False,0.8440366972477065,0.3211009174311927,0.95703125
4937,0,CF2,L5,0.7,lama,2,1,0.3879825472831726,0,False,0.8577405857740585,0.35704323570432356,1.0
338,0,CF2,L5,0.7,lama,3,2,0.3707221448421478,0,False,0.8629776021080369,0.3346508563899868,0.9921875
9981,0,CF2,L5,0.7,lama,3,7,0.8058552145957947,0,False,0.8773087071240105,0.3311345646437995,0.98046875
6665,0,CF2,L5,0.7,lama,8,6,0.8361369371414185,0,False,0.8732970027247956,0.34877384196185285,1.0
6704,0,CF2,L5,0.7,lama,0,0,0.260608434677124,1,False,0.8594164456233422,0.32891246684350134,0.96875
23255,0,CF2,L5,0.7,lama,2,5,0.3535064458847046,0,False,0.8482849604221636,0.33773087071240104,1.0
5355,0,CF2,L5,0.7,lama,5,5,0.6478917598724365,1,False,0.8535564853556485,0.32217573221757323,0.90234375
22422,0,CF2,L5,0.7,lama,1,7,0.49752384424209595,0,False,0.8271092669432918,0.34024896265560167,0.9609375
7367,0,CF2,L5,0.7,lama,9,2,0.4536697566509247,0,False,0.8620689655172413,0.35310344827586204,1.0
13489,0,CF2,L5,0.7,lama,7,4,0.3099682629108429,0,False,0.8731155778894473,0.32160804020100503,1.0
20955,0,CF2,L5,0.7,lama,7,2,0.440507173538208,0,False,0.8604972375690608,0.35359116022099446,1.0
25439,0,CF2,L5,0.7,lama,9,2,0.8039015531539917,0,False,0.8396094839609484,0.35704323570432356,1.0
12711,0,CF2,L5,0.7,lama,8,2,0.8895646333694458,0,False,0.8855263157894737,0.3368421052631579,1.0
7671,0,CF2,L5,0.7,lama,6,1,0.7878879308700562,0,False,0.8633879781420765,0.34972677595628415,1.0
20420,0,CF2,L5,0.7,lama,8,9,0.5279790759086609,0,False,0.8354253835425384,0.3110181311018131,0.87109375
12630,0,CF2,L5,0.7,lama,2,7,0.5851722359657288,0,False,0.8636995827538247,0.3560500695410292,1.0
21394,0,CF2,L5,0.7,lama,1,5,0.37689560651779175,0,False,0.8632596685082873,0.35220994475138123,0.99609375
7095,0,CF2,L5,0.7,lama,1,5,0.6703699231147766,0,False,0.8220689655172414,0.33655172413793105,0.953125
11532,0,CF2,L5,0.7,lama,9,6,0.28225061297416687,0,False,0.8286908077994429,0.3565459610027855,1.0
2853,0,CF2,L5,0.7,lama,3,8,0.44817012548446655,0,False,0.839142091152815,0.34316353887399464,1.0
13487,0,CF2,L5,0.7,lama,0,0,0.526017427444458,1,False,0.8505434782608695,0.34782608695652173,1.0
9350,0,CF2,L5,0.7,lama,9,6,0.763888418674469,0,False,0.8567493112947658,0.3526170798898072,1.0
24164,0,CF2,L5,0.7,lama,4,5,0.3670192360877991,0,False,0.852054794520548,0.3506849315068493,1.0
23155,0,CF2,L5,0.7,lama,7,0,0.21924054622650146,0,False,0.837431693989071,0.3333333333333333,0.953125
1588,0,CF2,L5,0.7,lama,8,3,0.2878899574279785,0,False,0.8465679676985195,0.3445491251682369,1.0
5400,0,CF2,L5,0.7,lama,5,0,0.3109998404979706,0,False,0.850415512465374,0.3545706371191136,1.0
8913,0,CF2,L5,0.7,lama,6,2,0.38158246874809265,0,False,0.887012987012987,0.33246753246753247,1.0
4990,0,CF2,L5,0.7,lama,8,6,0.2570607662200928,0,False,0.8758085381630013,0.3260025873221216,0.984375
13364,0,CF2,L5,0.7,lama,7,7,0.3376938998699188,1,False,0.8472032742155525,0.34652114597544337,0.9921875
1157,0,CF2,L5,0.7,lama,1,1,0.9581825137138367,1,False,0.8310626702997275,0.3419618528610354,0.98046875
19432,0,CF2,L5,0.7,lama,6,3,0.9510968923568726,0,False,0.8411458333333334,0.3333333333333333,1.0
24861,0,CF2,L5,0.7,lama,1,1,0.6952587366104126,1,False,0.8125854993160054,0.3036935704514364,0.8671875
16303,0,CF2,L5,0.7,lama,0,8,0.4040982127189636,0,False,0.8819444444444444,0.35555555555555557,1.0
23675,0,CF2,L5,0.7,lama,1,2,0.5087124705314636,0,False,0.8636959370904325,0.3302752293577982,0.984375
10816,0,CF2,L5,0.7,lama,5,3,0.42473533749580383,0,False,0.8432732316227461,0.3550624133148405,1.0
25683,0,CF2,L5,0.7,lama,7,7,0.649718701839447,1,False,0.8385772913816689,0.3283173734610123,0.9375
6680,0,CF2,L5,0.7,lama,7,5,0.44814273715019226,0,False,0.8326359832635983,0.35564853556485354,0.99609375
15541,0,CF2,L5,0.7,lama,1,5,0.6197046041488647,0,False,0.8411602209944752,0.35359116022099446,1.0
129,0,CF2,L5,0.7,lama,9,5,0.48408469557762146,0,False,0.8527027027027027,0.34459459459459457,0.99609375
10977,0,CF2,L5,0.7,lama,5,2,0.8505727648735046,0,False,0.853021978021978,0.3516483516483517,1.0
7518,0,CF2,L5,0.7,lama,5,2,0.45205143094062805,0,False,0.8899328859060402,0.3409395973154362,0.9921875
15350,0,CF2,L5,0.7,lama,0,7,0.2874178886413574,0,False,0.8367346938775511,0.3360544217687075,0.96484375
4712,0,CF2,L5,0.7,lama,2,2,0.5770835876464844,1,False,0.8588709677419355,0.34408602150537637,1.0
3234,0,CF2,L5,0.7,lama,1,2,0.46743273735046387,0,False,0.8830811554332875,0.35213204951856947,1.0
21292,0,CF2,L5,0.7,lama,8,3,0.3708289563655853,0,False,0.8671232876712329,0.3506849315068493,1.0
6439,0,CF2,L5,0.7,lama,6,3,0.40481340885162354,0,False,0.7967032967032966,0.3173076923076923,0.90234375
16930,0,CF2,L5,0.7,lama,4,4,0.46403616666793823,1,False,0.8299595141700404,0.34547908232118757,1.0
25255,0,CF2,L5,0.7,lama,6,7,0.7239798307418823,0,False,0.8628808864265928,0.3490304709141274,0.984375
5562,0,CF2,L5,0.7,lama,6,8,0.2628512680530548,0,False,0.8654104979811574,0.3445491251682369,1.0
20888,0,CF2,L5,0.7,lama,6,5,0.3959370255470276,0,False,0.8376891334250344,0.34112792297111416,0.96875
17907,0,CF2,L5,0.7,lama,0,6,0.5620371699333191,0,False,0.8435374149659864,0.34829931972789113,1.0
15282,0,CF2,L5,0.7,lama,5,3,0.5346166491508484,0,False,0.8073770491803278,0.33879781420765026,0.96875
9564,0,CF2,L5,0.7,lama,5,6,0.736848771572113,0,False,0.8693877551020408,0.3346938775510204,0.9609375
2105,0,CF2,L5,0.7,lama,5,6,0.5211828947067261,0,False,0.8605577689243028,0.33731739707835323,0.9921875
2188,0,CF2,L5,0.7,lama,5,5,0.3185385763645172,1,False,0.8016085790884718,0.3257372654155496,0.94921875
10587,0,CF2,L5,0.7,lama,9,8,0.6316007375717163,0,False,0.8523676880222841,0.3565459610027855,1.0
20421,0,CF2,L5,0.7,lama,8,6,0.2285725474357605,0,False,0.8743243243243243,0.34459459459459457,0.99609375
23070,0,CF2,L5,0.7,lama,0,0,0.28995200991630554,1,False,0.8370165745856354,0.3314917127071823,0.9375
19127,0,CF2,L5,0.7,lama,6,5,0.7230266332626343,0,False,0.8575268817204301,0.34408602150537637,1.0
7302,0,CF2,L5,0.7,lama,3,2,0.4669610559940338,0,False,0.8493150684931506,0.3506849315068493,1.0
8409,0,CF2,L5,0.7,lama,4,4,0.7834566831588745,1,False,0.8597402597402597,0.32857142857142857,0.98828125
11086,0,CF2,L5,0.7,lama,7,7,0.5126988291740417,1,False,0.7938718662952646,0.3342618384401114,0.9375
17122,0,CF2,L5,0.7,lama,5,1,0.3011041581630707,0,False,0.8511821974965229,0.3560500695410292,1.0
3555,0,CF2,L5,0.7,lama,2,5,0.30756962299346924,0,False,0.8530997304582211,0.3450134770889488,1.0
19437,0,CF2,L5,0.7,lama,4,9,0.24672216176986694,0,False,0.8278688524590164,0.3401639344262295,0.97265625
594,0,CF2,L5,0.7,lama,9,6,0.57000732421875,0,False,0.8107734806629834,0.3370165745856354,0.953125
21863,0,CF2,L5,0.7,lama,3,3,0.38115358352661133,1,False,0.8303448275862069,0.34344827586206894,0.97265625
19765,0,CF2,L5,0.7,lama,5,9,0.3257017731666565,0,False,0.8117154811715481,0.33612273361227335,0.94140625
16909,0,CF2,L5,0.7,lama,2,7,0.5102943181991577,0,False,0.7869986168741355,0.326417704011065,0.921875
21154,0,CF2,L5,0.7,lama,7,7,0.6275160908699036,1,False,0.8311345646437994,0.3337730870712401,0.98828125
18615,0,CF2,L5,0.7,lama,7,7,0.5521453022956848,1,False,0.8609179415855355,0.3518776077885953,0.98828125
18171,0,CF2,L5,0.7,lama,7,2,0.7534257769584656,0,False,0.8614540466392319,0.3497942386831276,0.99609375
24434,0,CF2,L5,0.7,lama,5,5,0.4624408781528473,1,False,0.8716875871687587,0.35704323570432356,1.0
9664,0,CF2,L5,0.7,lama,0,0,0.5479800701141357,1,False,0.8442280945757997,0.3560500695410292,1.0
2013,0,CF2,L5,0.7,lama,5,5,0.2897047996520996,1,False,0.8401585204755614,0.3381770145310436,1.0
13537,0,CF2,L5,0.7,lama,4,6,0.6903369426727295,0,False,0.8734353268428373,0.3560500695410292,1.0
23942,0,CF2,L5,0.7,lama,9,2,0.8918132781982422,0,False,0.871866295264624,0.34401114206128136,0.96484375
12415,0,CF2,L5,0.7,lama,4,0,0.7434802651405334,0,False,0.8081632653061225,0.34829931972789113,1.0
13735,0,CF2,L5,0.7,lama,0,8,0.3803040385246277,0,False,0.8539638386648123,0.3560500695410292,1.0
6873,0,CF2,L5,0.7,lama,1,1,0.5336917638778687,1,False,0.8342541436464088,0.35082872928176795,0.9921875
16233,0,CF2,L5,0.7,lama,2,2,0.277243047952652,1,False,0.873641304347826,0.34782608695652173,1.0
13108,0,CF2,L5,0.7,lama,5,5,0.23893362283706665,1,False,0.8577405857740585,0.35704323570432356,1.0
18114,0,CF2,L5,0.7,lama,7,3,0.382970929145813,0,False,0.8486486486486486,0.33918918918918917,0.98046875
25318,0,CF2,L5,0.7,lama,0,6,0.5353041291236877,0,False,0.8607427055702918,0.3395225464190981,1.0
22387,0,CF2,L5,0.7,lama,7,7,0.6944127082824707,1,False,0.8630705394190872,0.35408022130013833,1.0
19911,0,CF2,L5,0.7,lama,7,5,0.3484629988670349,0,False,0.7950138504155124,0.3407202216066482,0.9609375
9953,0,CF2,L5,0.7,lama,2,6,0.46371331810951233,0,False,0.8984375,0.3333333333333333,1.0
18500,0,CF2,L5,0.7,lama,1,2,0.23243418335914612,0,False,0.8372739916550765,0.35048678720445064,0.984375
12463,0,CF2,L5,0.7,lama,2,5,0.636722207069397,0,False,0.8353909465020576,0.3511659807956104,1.0
12143,0,CF2,L5,0.7,lama,8,3,0.7187153697013855,0,False,0.8481894150417827,0.33565459610027853,0.94140625
14588,0,CF2,L5,0.7,lama,8,1,0.4453912675380707,0,False,0.8545706371191135,0.3545706371191136,1.0
22152,0,CF2,L5,0.7,lama,2,6,0.5235796570777893,0,False,0.868421052631579,0.3545706371191136,1.0
16563,0,CF2,L5,0.7,lama,4,8,0.34078383445739746,0,False,0.8191933240611962,0.35465924895688455,0.99609375
25225,0,CF2,L5,0.7,lama,9,5,0.5422315001487732,0,False,0.8611111111111112,0.34305555555555556,0.96484375
1161,0,CF2,L5,0.7,lama,2,8,0.2836068570613861,0,False,0.837465564738292,0.34297520661157027,0.97265625
9891,0,CF2,L5,0.7,lama,5,3,0.5297130346298218,0,False,0.8410041841004184,0.35704323570432356,1.0
18833,0,CF2,L5,0.7,lama,2,3,0.6226930022239685,0,False,0.797799174690509,0.3204951856946355,0.91015625
6162,0,CF2,L5,0.7,lama,2,1,0.6001681685447693,0,False,0.8702702702702703,0.34594594594594597,1.0
22638,0,CF2,L5,0.7,lama,0,5,0.5276224613189697,0,False,0.8744939271255061,0.34547908232118757,1.0
6112,0,CF2,L5,0.7,lama,6,6,0.41994068026542664,1,False,0.833112582781457,0.3271523178807947,0.96484375
24259,0,CF2,L5,0.7,lama,9,2,0.23606368899345398,0,False,0.8670284938941656,0.3473541383989145,1.0
18029,0,CF2,L5,0.7,lama,2,5,0.3517467975616455,0,False,0.8656126482213439,0.3372859025032938,1.0
13233,0,CF2,L5,0.7,lama,0,6,0.30767372250556946,0,False,0.8587105624142661,0.3511659807956104,1.0
22560,0,CF2,L5,0.7,lama,3,3,0.3042358160018921,1,False,0.811373092926491,0.34674063800277394,0.9765625
17100,0,CF2,L5,0.7,lama,7,7,0.502672553062439,1,False,0.8261474269819193,0.3337969401947149,0.9375
13394,0,CF2,L5,0.7,lama,7,5,0.5300319790840149,0,False,0.8231292517006803,0.3346938775510204,0.9609375
25173,0,CF2,L5,0.7,lama,3,7,0.3571702539920807,0,False,0.8587257617728532,0.3545706371191136,1.0
17342,0,CF2,L5,0.7,lama,4,5,0.560563862323761,0,False,0.8172942817294282,0.3263598326359833,0.9140625
5881,0,CF2,L5,0.7,lama,1,1,0.22343260049819946,1,False,0.8507670850767085,0.3542538354253835,0.9921875
16982,0,CF2,L5,0.7,lama,3,1,0.43005573749542236,0,False,0.8710990502035278,0.3473541383989145,1.0
12959,0,CF2,L5,0.7,lama,2,1,0.3395436108112335,0,False,0.8524137931034482,0.35172413793103446,0.99609375
3410,0,CF2,L5,0.7,lama,2,2,0.34076157212257385,1,False,0.853625170998632,0.35020519835841313,1.0
1939,0,CF2,L5,0.7,lama,2,5,0.30764320492744446,0,False,0.8444148936170213,0.3390957446808511,0.99609375
13563,0,CF2,L5,0.7,lama,4,3,0.28336429595947266,0,False,0.8559556786703602,0.3545706371191136,1.0
9659,0,CF2,L5,0.7,lama,4,6,0.3600573241710663,0,False,0.8406593406593407,0.34615384615384615,0.984375
23588,0,CF2,L5,0.7,lama,9,9,0.30577489733695984,1,False,0.853185595567867,0.35041551246537395,0.98828125
12156,0,CF2,L5,0.7,lama,9,8,0.31162136793136597,0,False,0.841225626740947,0.35236768802228413,0.98828125
24790,0,CF2,L5,0.7,lama,4,5,0.3332056403160095,0,False,0.8496042216358839,0.33773087071240104,1.0
894,0,CF2,L5,0.7,lama,8,6,0.5405098795890808,0,False,0.8331053351573188,0.3488372093023256,0.99609375
13738,0,CF2,L5,0.7,lama,7,2,0.4338241517543793,0,False,0.8633288227334236,0.34641407307171856,1.0
20555,0,CF2,L5,0.7,lama,5,2,0.30418771505355835,0,False,0.8601747815230961,0.31585518102372034,0.98828125
20457,0,CF2,L5,0.7,lama,3,2,0.40043553709983826,0,False,0.8734353268428373,0.3560500695410292,1.0
24842,0,CF2,L5,0.7,lama,3,3,0.31995248794555664,1,False,0.8548168249660787,0.3473541383989145,1.0
11390,0,CF2,L5,0.7,lama,9,0,0.930604875087738,0,False,0.8535911602209945,0.35359116022099446,1.0
2665,0,CF2,L5,0.7,lama,9,2,0.7977659106254578,0,False,0.8188105117565698,0.34024896265560167,0.9609375
24741,0,CF2,L5,0.7,lama,8,2,0.6125791668891907,0,False,0.837431693989071,0.34153005464480873,0.9765625
17634,0,CF2,L5,0.7,lama,8,5,0.42713654041290283,0,False,0.8297587131367292,0.3351206434316354,0.9765625
16599,0,CF2,L5,0.7,lama,1,1,0.8201462030410767,1,False,0.8608815426997245,0.3526170798898072,1.0
19330,0,CF2,L5,0.7,lama,7,6,0.7934111952781677,0,False,0.832425068119891,0.34332425068119893,0.984375
3257,0,CF2,L5,0.7,lama,1,2,0.6746271252632141,0,False,0.8526603001364257,0.34924965893587995,1.0
1114,0,CF2,L5,0.7,lama,9,5,0.2759486138820648,0,False,0.8456189151599444,0.3560500695410292,1.0
11738,0,CF2,L5,0.7,lama,8,1,0.33513540029525757,0,False,0.854421768707483,0.34829931972789113,1.0
13077,0,CF2,L5,0.7,lama,8,7,0.34931817650794983,0,False,0.8593103448275862,0.35310344827586204,1.0
5168,0,CF2,L5,0.7,lama,3,2,0.695423424243927,0,False,0.8520055325034578,0.34854771784232363,0.984375
26013,0,CF2,L5,0.7,lama,8,3,0.3213154077529907,0,False,0.8602739726027397,0.3506849315068493,1.0
5611,0,CF2,L5,0.7,lama,7,7,0.9511263370513916,1,False,0.82907133243607,0.32570659488559894,0.9453125
9389,0,CF2,L5,0.7,lama,6,2,0.2166333943605423,0,False,0.8488210818307905,0.3550624133148405,1.0
25070,0,CF2,L5,0.7,lama,2,2,0.7711681723594666,1,False,0.8497913769123783,0.3477051460361613,0.9765625
11322,0,CF2,L5,0.7,lama,8,6,0.5872727036476135,0,False,0.8444444444444444,0.35,0.984375
3051,0,CF2,L5,0.7,lama,0,2,0.37817567586898804,0,False,0.8540829986613119,0.3427041499330656,1.0
18770,0,CF2,L5,0.7,lama,4,1,0.35965314507484436,0,False,0.8331053351573188,0.3378932968536252,0.96484375
14692,0,CF2,L5,0.7,lama,2,2,0.5519195199012756,1,False,0.8310249307479224,0.3490304709141274,0.984375
4561,0,CF2,L5,0.7,lama,5,3,0.8436822891235352,0,False,0.7877947295423023,0.29403606102635227,0.828125
16994,0,CF2,L5,0.7,lama,0,0,0.22069625556468964,1,False,0.8729281767955801,0.35359116022099446,1.0
4156,0,CF2,L5,0.7,lama,5,2,0.2630896270275116,0,False,0.8428372739916551,0.3560500695410292,1.0
5884,0,CF2,L5,0.7,lama,1,2,0.5842652916908264,0,False,0.8428184281842819,0.33062330623306235,0.953125
18233,0,CF2,L5,0.7,lama,0,3,0.4077215790748596,0,False,0.8430555555555556,0.35555555555555557,1.0
17044,0,CF2,L5,0.7,lama,6,8,0.6441915035247803,0,False,0.8304405874499332,0.3417890520694259,1.0
18857,0,CF2,L5,0.7,lama,6,5,0.2675713896751404,0,False,0.8448753462603878,0.3545706371191136,1.0
21917,0,CF2,L5,0.7,lama,9,4,0.732021689414978,0,False,0.8335644937586685,0.34812760055478503,0.98046875
5054,0,CF2,L5,0.7,lama,3,0,0.43880781531333923,0,False,0.8400556328233658,0.3560500695410292,1.0
7882,0,CF2,L5,0.7,lama,4,5,0.5914806723594666,0,False,0.8644986449864499,0.34688346883468835,1.0
15688,0,CF2,L5,0.7,lama,4,5,0.32596921920776367,0,False,0.8370165745856354,0.3287292817679558,0.9296875
5612,0,CF2,L5,0.7,lama,8,2,0.5971325635910034,0,False,0.8672199170124482,0.32918395573997233,0.9296875
13934,0,CF2,L5,0.7,lama,9,5,0.3819112479686737,0,False,0.8247566063977747,0.3560500695410292,1.0
16689,0,CF2,L5,0.7,lama,2,3,0.3068084418773651,0,False,0.8638814016172507,0.3436657681940701,0.99609375
23844,0,CF2,L5,0.7,lama,6,2,0.3131573796272278,0,False,0.8295165394402035,0.32188295165394404,0.98828125
7944,0,CF2,L5,0.7,lama,7,5,0.3303178548812866,0,False,0.8532110091743119,0.33551769331585846,1.0
11370,0,CF2,L5,0.7,lama,8,2,0.9867795705795288,0,False,0.8534599728629579,0.3310719131614654,0.953125
24569,0,CF2,L5,0.7,lama,1,1,0.9880216121673584,1,False,0.779291553133515,0.30926430517711173,0.88671875
7529,0,CF2,L5,0.7,lama,5,7,0.39259448647499084,0,False,0.8413793103448276,0.35310344827586204,1.0
5092,0,CF2,L5,0.7,lama,2,2,0.5789902806282043,1,False,0.8577405857740585,0.35704323570432356,1.0
20673,0,CF2,L5,0.7,lama,2,5,0.5221704244613647,0,False,0.8401639344262295,0.34972677595628415,1.0
10096,0,CF2,L5,0.7,lama,7,3,0.7771500945091248,0,False,0.8470744680851063,0.3324468085106383,0.9765625
2059,0,CF2,L5,0.7,lama,3,7,0.34610432386398315,0,False,0.8472222222222222,0.3277777777777778,0.921875
19318,0,CF2,L5,0.7,lama,0,3,0.38750940561294556,0,False,0.8328877005347594,0.339572192513369,0.9921875
12977,0,CF2,L5,0.7,lama,8,2,0.457628458738327,0,False,0.8500669344042838,0.3373493975903614,0.984375
17673,0,CF2,L5,0.7,lama,0,5,0.3323530852794647,0,False,0.8482384823848238,0.34146341463414637,0.984375
18750,0,CF2,L5,0.7,lama,0,2,0.4857906699180603,0,False,0.8379501385041551,0.3490304709141274,0.984375
16728,0,CF2,L5,0.7,lama,3,5,0.28020891547203064,0,False,0.863448275862069,0.35310344827586204,1.0
14776,0,CF2,L5,0.7,lama,8,4,0.43670323491096497,0,False,0.8666666666666667,0.34829931972789113,1.0
6941,0,CF2,L5,0.7,lama,9,8,0.48923590779304504,0,False,0.8451882845188284,0.35704323570432356,1.0
16787,0,CF2,L5,0.7,lama,6,1,0.6744964718818665,0,False,0.835635359116022,0.35359116022099446,1.0
25932,0,CF2,L5,0.7,lama,5,2,0.17116157710552216,0,False,0.8285714285714286,0.34285714285714286,0.984375
614,0,CF2,L5,0.7,lama,0,6,0.5004386305809021,0,False,0.8377253814147018,0.3550624133148405,1.0
25690,0,CF2,L5,0.7,lama,5,1,0.33500489592552185,0,False,0.8743455497382199,0.33507853403141363,1.0
25968,0,CF2,L5,0.7,lama,5,3,0.9369263648986816,0,False,0.8324175824175825,0.3489010989010989,0.9921875
20123,0,CF2,L5,0.7,lama,3,2,0.5291918516159058,0,False,0.8592105263157894,0.3368421052631579,1.0
13341,0,CF2,L5,0.7,lama,5,1,0.5634217858314514,0,False,0.8647925033467202,0.30254350736278446,0.8828125
24697,0,CF2,L5,0.7,lama,4,8,0.30804482102394104,0,False,0.8407202216066482,0.3545706371191136,1.0
15157,0,CF2,L5,0.7,lama,6,2,0.3532610237598419,0,False,0.8510344827586207,0.35310344827586204,1.0
23115,0,CF2,L5,0.7,lama,1,1,0.469641774892807,1,False,0.8702928870292888,0.3542538354253835,0.9921875
6396,0,CF2,L5,0.7,lama,0,8,0.4301784038543701,0,False,0.8482758620689655,0.35310344827586204,1.0
19142,0,CF2,L5,0.7,lama,4,5,0.2403971403837204,0,False,0.8339973439575034,0.3399734395750332,1.0
13157,0,CF2,L5,0.7,lama,3,8,0.5562101006507874,0,False,0.8527027027027027,0.34594594594594597,1.0
19866,0,CF2,L5,0.7,lama,1,2,0.9630662798881531,0,False,0.8694481830417228,0.3445491251682369,1.0
25996,0,CF2,L5,0.7,lama,8,9,0.2854413688182831,0,False,0.8201936376210235,0.3333333333333333,0.94140625
25515,0,CF2,L5,0.7,lama,7,6,0.5472241044044495,0,False,0.8437067773167358,0.35408022130013833,1.0
12876,0,CF2,L5,0.7,lama,0,2,0.9367515444755554,0,False,0.8555858310626703,0.33651226158038144,0.96484375
17565,0,CF2,L5,0.7,lama,6,2,0.47738873958587646,0,False,0.8684931506849315,0.3506849315068493,1.0
17511,0,CF2,L5,0.7,lama,4,0,0.4073842167854309,0,False,0.8521617852161785,0.35704323570432356,1.0
19996,0,CF2,L5,0.7,lama,0,2,0.8609580397605896,0,False,0.8407557354925776,0.340080971659919,0.984375
12807,0,CF2,L5,0.7,lama,1,2,0.40251341462135315,0,False,0.8740157480314961,0.3359580052493438,1.0
11001,0,CF2,L5,0.7,lama,9,8,0.42355385422706604,0,False,0.8335625859697386,0.35213204951856947,1.0
13107,0,CF2,L5,0.7,lama,0,2,0.7018318772315979,0,False,0.8427586206896551,0.34620689655172415,0.98046875
12641,0,CF2,L5,0.7,lama,6,6,0.8786580562591553,1,False,0.8555555555555555,0.3333333333333333,0.9375
22667,0,CF2,L5,0.7,lama,5,3,0.7233550548553467,0,False,0.8199445983379502,0.35318559556786705,0.99609375
7310,0,CF2,L5,0.7,lama,7,1,0.4318457543849945,0,False,0.8166666666666667,0.3527777777777778,0.9921875
764,0,CF2,L5,0.7,lama,1,2,0.3666664958000183,0,False,0.8265027322404371,0.32650273224043713,0.93359375
14813,0,CF2,L5,0.7,lama,4,7,0.489308625459671,0,False,0.862533692722372,0.3450134770889488,1.0
7132,0,CF2,L5,0.7,lama,2,1,0.9913593530654907,0,False,0.86593707250342,0.35020519835841313,1.0
23884,0,CF2,L5,0.7,lama,1,0,0.48147720098495483,0,False,0.84375,0.34782608695652173,1.0
22735,0,CF2,L5,0.7,lama,8,1,0.4191214144229889,0,False,0.8427586206896551,0.35310344827586204,1.0
12483,0,CF2,L5,0.7,lama,2,3,0.5160295367240906,0,False,0.8402203856749312,0.3526170798898072,1.0
10442,0,CF2,L5,0.7,lama,6,6,0.6865106821060181,1,False,0.8010610079575596,0.27718832891246686,0.81640625
3733,0,CF2,L5,0.7,lama,8,8,0.6452731490135193,1,False,0.8510928961748634,0.34972677595628415,1.0
20089,0,CF2,L5,0.7,lama,4,1,0.906723141670227,0,False,0.8792650918635171,0.3359580052493438,1.0
20411,0,CF2,L5,0.7,lama,4,5,0.25172731280326843,0,False,0.8161559888579387,0.3551532033426184,0.99609375
10695,0,CF2,L5,0.7,lama,4,1,0.41681480407714844,0,False,0.826265389876881,0.33652530779753764,0.9609375
11992,0,CF2,L5,0.7,lama,2,2,0.19210557639598846,1,False,0.8539638386648123,0.3560500695410292,1.0
20712,0,CF2,L5,0.7,lama,7,7,0.7222132682800293,1,False,0.8472032742155525,0.34924965893587995,1.0
6518,0,CF2,L5,0.7,lama,8,2,0.40760841965675354,0,False,0.8836565096952909,0.3545706371191136,1.0
6015,0,CF2,L5,0.7,lama,9,2,0.4773457646369934,0,False,0.8839634941329857,0.33376792698826596,1.0
8396,0,CF2,L5,0.7,lama,5,2,0.45954832434654236,0,False,0.8468965517241379,0.3489655172413793,0.98828125
12097,0,CF2,L5,0.7,lama,9,9,0.6255599856376648,1,False,0.7922769640479361,0.3395472703062583,0.99609375
12565,0,CF2,L5,0.7,lama,2,5,0.5535054206848145,0,False,0.833103448275862,0.34344827586206894,0.97265625
22474,0,CF2,L5,0.7,lama,4,1,0.4250338673591614,0,False,0.8534599728629579,0.3473541383989145,1.0
25110,0,CF2,L5,0.7,lama,9,3,0.6571561694145203,0,False,0.8259705488621151,0.3360107095046854,0.98046875
8275,0,CF2,L5,0.7,lama,8,8,0.7537239789962769,1,False,0.8466850828729282,0.35359116022099446,1.0
3871,0,CF2,L5,0.7,lama,1,8,0.6719667911529541,0,False,0.8122392211404729,0.35465924895688455,0.99609375
24639,0,CF2,L5,0.7,lama,2,2,0.63961261510849,1,False,0.8708333333333333,0.3527777777777778,0.9921875
15979,0,CF2,L5,0.7,lama,3,8,0.4105357229709625,0,False,0.8559670781893004,0.3511659807956104,1.0
24513,0,CF2,L5,0.7,lama,6,5,0.6719086766242981,0,False,0.8495212038303693,0.3392612859097127,0.96875
10926,0,CF2,L5,0.7,lama,7,5,0.6550416946411133,0,False,0.871313672922252,0.34316353887399464,1.0
25564,0,CF2,L5,0.7,lama,0,6,0.5332025289535522,0,False,0.8655913978494624,0.34408602150537637,1.0
2118,0,CF2,L5,0.7,lama,0,6,0.226754829287529,0,False,0.8506224066390041,0.35408022130013833,1.0
4358,0,CF2,L5,0.7,lama,9,5,0.5559486746788025,0,False,0.8416666666666667,0.35555555555555557,1.0
5674,0,CF2,L5,0.7,lama,8,0,0.6789171695709229,0,False,0.8350125944584383,0.3136020151133501,0.97265625
3397,0,CF2,L5,0.7,lama,7,2,0.5073644518852234,0,False,0.8523676880222841,0.3565459610027855,1.0
5183,0,CF2,L5,0.7,lama,7,5,0.6317773461341858,0,False,0.831989247311828,0.3387096774193548,0.984375
7505,0,CF2,L5,0.7,lama,9,3,0.9359297156333923,0,False,0.8256130790190735,0.3474114441416894,0.99609375
17539,0,CF2,L5,0.7,lama,0,2,0.28389912843704224,0,False,0.8200836820083682,0.3528591352859135,0.98828125
23918,0,CF2,L5,0.7,lama,6,0,0.2953171730041504,0,False,0.8407202216066482,0.35041551246537395,0.98828125
19449,0,CF2,L5,0.7,lama,2,2,0.5707792043685913,1,False,0.8842975206611571,0.3526170798898072,1.0
18599,0,CF2,L5,0.7,lama,3,2,0.5344754457473755,0,False,0.8676880222841226,0.3565459610027855,1.0
8175,0,CF2,L5,0.7,lama,8,2,0.21037325263023376,0,False,0.8581267217630854,0.3526170798898072,1.0
18412,0,CF2,L5,0.7,lama,7,6,0.16103440523147583,0,False,0.876358695652174,0.34646739130434784,0.99609375
20667,0,CF2,L5,0.7,lama,1,7,0.4615660607814789,0,False,0.8462566844919787,0.3422459893048128,1.0
8672,0,CF2,L5,0.7,lama,9,8,0.4799661934375763,0,False,0.8476454293628809,0.3518005540166205,0.9921875
22087,0,CF2,L5,0.7,lama,1,5,0.45033350586891174,0,False,0.8616874135546335,0.35408022130013833,1.0
6910,0,CF2,L5,0.7,lama,2,7,0.8031147122383118,0,False,0.8683853459972863,0.3473541383989145,1.0
19205,0,CF2,L5,0.7,lama,3,8,0.4451572000980377,0,False,0.8475935828877005,0.3114973262032086,0.91015625
10581,0,CF2,L5,0.7,lama,3,3,0.7575059533119202,1,False,0.848,0.3373333333333333,0.98828125
14516,0,CF2,L5,0.7,lama,4,5,0.42984166741371155,0,False,0.8428372739916551,0.3560500695410292,1.0
22602,0,CF2,L5,0.7,lama,4,2,0.7191747426986694,0,False,0.8361508452535761,0.33029908972691807,0.9921875
1944,0,CF2,L5,0.7,lama,0,3,0.14720368385314941,0,False,0.8699861687413555,0.35408022130013833,1.0
19718,0,CF2,L5,0.7,lama,0,2,0.7932960987091064,0,False,0.8108484005563282,0.3087621696801113,0.8671875
15599,0,CF2,L5,0.7,lama,7,5,0.28689080476760864,0,False,0.899171270718232,0.35359116022099446,1.0
16766,0,CF2,L5,0.7,lama,9,3,0.2631191313266754,0,False,0.8267195767195767,0.28835978835978837,0.8515625
12317,0,CF2,L5,0.7,lama,5,2,0.6923932433128357,0,False,0.8654592496765847,0.3311772315653299,1.0
6275,0,CF2,L5,0.7,lama,6,2,0.8276265859603882,0,False,0.8527777777777777,0.35555555555555557,1.0
14332,0,CF2,L5,0.7,lama,3,5,0.8406047224998474,0,False,0.786472148541114,0.3183023872679045,0.9375
25615,0,CF2,L5,0.7,lama,8,0,0.4498019814491272,0,False,0.896032831737346,0.35020519835841313,1.0
7680,0,CF2,L5,0.7,lama,7,2,0.5101898908615112,0,False,0.8471023427866831,0.3156596794081381,1.0
22105,0,CF2,L5,0.7,lama,7,6,0.290770560503006,0,False,0.8744769874476988,0.35704323570432356,1.0
19179,0,CF2,L5,0.7,lama,5,3,0.30643969774246216,0,False,0.8693259972489684,0.34800550206327374,0.98828125
22379,0,CF2,L5,0.7,lama,5,7,0.6490699052810669,0,False,0.8469387755102041,0.32653061224489793,1.0
11796,0,CF2,L5,0.7,lama,0,5,0.24663273990154266,0,False,0.8163265306122449,0.3292517006802721,0.9453125
16929,0,CF2,L5,0.7,lama,0,5,0.6934049129486084,0,False,0.8324324324324325,0.34459459459459457,0.99609375
20580,0,CF2,L5,0.7,lama,2,6,0.5372143387794495,0,False,0.8617157490396927,0.32778489116517284,1.0
21272,0,CF2,L5,0.7,lama,7,8,0.3405243158340454,0,False,0.8521505376344086,0.34408602150537637,1.0
12963,0,CF2,L5,0.7,lama,4,5,0.518210768699646,0,False,0.8471074380165289,0.3333333333333333,0.9453125
15648,0,CF2,L5,0.7,lama,9,2,0.20080557465553284,0,False,0.841897233201581,0.3372859025032938,1.0
10831,0,CF2,L5,0.7,lama,6,1,0.751879870891571,0,False,0.8605299860529986,0.35564853556485354,0.99609375
12228,0,CF2,L5,0.7,lama,3,2,0.9575122594833374,0,False,0.8271604938271605,0.3511659807956104,1.0
2242,0,CF2,L5,0.7,lama,7,5,0.783699095249176,0,False,0.8528198074277854,0.35213204951856947,1.0
25443,0,CF2,L5,0.7,lama,3,5,0.3853289783000946,0,False,0.8451882845188284,0.35704323570432356,1.0
23913,0,CF2,L5,0.7,lama,1,5,0.4657075107097626,0,False,0.8306451612903226,0.34139784946236557,0.9921875
18452,0,CF2,L5,0.7,lama,1,1,0.791654646396637,1,False,0.8549511854951185,0.3542538354253835,0.9921875
12210,0,CF2,L5,0.7,lama,0,2,0.9590466022491455,0,False,0.850415512465374,0.3545706371191136,1.0
3532,0,CF2,L5,0.7,lama,6,7,0.47272419929504395,0,False,0.8589041095890411,0.3506849315068493,1.0
13678,0,CF2,L5,0.7,lama,9,6,0.4464398920536041,0,False,0.8681757656458056,0.3382157123834887,0.9921875
21370,0,CF2,L5,0.7,lama,5,6,0.3101634681224823,0,False,0.8983957219251337,0.3422459893048128,1.0
23728,0,CF2,L5,0.7,lama,9,5,0.5543991923332214,0,False,0.8386648122392212,0.3560500695410292,1.0
7460,0,CF2,L5,0.7,lama,0,0,0.6764602661132812,1,False,0.8360215053763441,0.34408602150537637,1.0
25354,0,CF2,L5,0.7,lama,2,2,0.6327095627784729,1,False,0.8743386243386243,0.3386243386243386,1.0
18984,0,CF2,L5,0.7,lama,8,0,0.685011625289917,0,False,0.8630872483221477,0.3436241610738255,1.0
12422,0,CF2,L5,0.7,lama,6,8,0.5184820294380188,0,False,0.8651226158038147,0.34877384196185285,1.0
7413,0,CF2,L5,0.7,lama,4,9,0.21647998690605164,0,False,0.8794233289646134,0.33551769331585846,1.0
