patch_id,seed,family,level,frac,method,true_label,prediction,confidence,correct,bounded_unknown,isolated_missing_frac,mask_overlap_centre,centre_erased_frac
17222,0,CF2,L5,0.7,telea,8,2,0.7366377711296082,0,False,0.8406593406593407,0.3269230769230769,0.9296875
7987,0,CF2,L5,0.7,telea,4,3,0.3759837746620178,0,False,0.8183023872679045,0.32360742705570295,0.953125
14403,0,CF2,L5,0.7,telea,1,1,0.3995213806629181,1,False,0.8865153538050734,0.32977303070761016,0.96484375
12904,0,CF2,L5,0.7,telea,1,1,0.29590868949890137,1,False,0.8523035230352304,0.34688346883468835,1.0
1024,0,CF2,L5,0.7,telea,2,2,0.23972252011299133,1,False,0.8227513227513228,0.3134920634920635,0.92578125
15700,0,CF2,L5,0.7,telea,3,1,0.37227869033813477,0,False,0.8751660026560425,0.3399734395750332,1.0
12639,0,CF2,L5,0.7,telea,7,1,0.2847244441509247,0,False,0.8224932249322493,0.3224932249322493,0.9296875
20658,0,CF2,L5,0.7,telea,4,2,0.5261489748954773,0,False,0.8518005540166205,0.3545706371191136,1.0
2642,0,CF2,L5,0.7,telea,7,9,0.28504836559295654,0,False,0.8399452804377565,0.30506155950752395,0.87109375
9392,0,CF2,L5,0.7,telea,9,8,0.2760198414325714,0,False,0.850415512465374,0.3545706371191136,1.0
23357,0,CF2,L5,0.7,telea,5,2,0.43807679414749146,0,False,0.8386666666666667,0.33066666666666666,0.96875
15977,0,CF2,L5,0.7,telea,0,1,0.6761339902877808,0,False,0.8921161825726142,0.35408022130013833,1.0
10440,0,CF2,L5,0.7,telea,0,9,0.3150835633277893,0,False,0.8314917127071824,0.35220994475138123,0.99609375
14216,0,CF2,L5,0.7,telea,3,1,0.7496448755264282,0,False,0.840599455040872,0.3474114441416894,0.99609375
18353,0,CF2,L5,0.7,telea,7,1,0.5907189846038818,0,False,0.8555555555555555,0.35555555555555557,1.0
17404,0,CF2,L5,0.7,telea,3,1,0.582663357257843,0,False,0.8563685636856369,0.34688346883468835,1.0
8424,0,CF2,L5,0.7,telea,8,6,0.20584064722061157,0,False,0.8956884561891516,0.3532684283727399,0.9921875
4744,0,CF2,L5,0.7,telea,8,2,0.25100213289260864,0,False,0.8481182795698925,0.34408602150537637,1.0
18797,0,CF2,L5,0.7,telea,7,6,0.30499717593193054,0,False,0.8556005398110661,0.34547908232118757,1.0
3156,0,CF2,L5,0.7,telea,7,7,0.33640390634536743,1,False,0.8666666666666667,0.3541666666666667,0.99609375
17024,0,CF2,L5,0.7,telea,2,1,0.7767407894134521,0,False,0.8856749311294766,0.3526170798898072,1.0
7807,0,CF2,L5,0.7,telea,8,2,0.738890528678894,0,False,0.8593314763231198,0.3565459610027855,1.0
138,0,CF2,L5,0.7,telea,0,1,0.28331097960472107,0,False,0.8555858310626703,0.34877384196185285,1.0
20222,0,CF2,L5,0.7,telea,2,1,0.7338009476661682,0,False,0.8569444444444444,0.3527777777777778,0.9921875
24734,0,CF2,L5,0.7,telea,9,4,0.8695588111877441,0,False,0.8553888130968622,0.3451568894952251,0.98828125
8909,0,CF2,L5,0.7,telea,0,4,0.7258480191230774,0,False,0.8755129958960328,0.35020519835841313,1.0
4684,0,CF2,L5,0.7,telea,1,1,0.4904654920101166,1,False,0.850974930362117,0.3565459610027855,1.0
15978,0,CF2,L5,0.7,telea,6,1,0.33582016825675964,0,False,0.830393487109905,0.33649932157394846,0.96875
21495,0,CF2,L5,0.7,telea,7,3,0.3604443371295929,0,False,0.8200836820083682,0.3305439330543933,0.92578125
5107,0,CF2,L5,0.7,telea,6,4,0.9208310842514038,0,False,0.8333333333333334,0.3098958333333333,0.9296875
1914,0,CF2,L5,0.7,telea,2,1,0.5269454717636108,0,False,0.8523489932885906,0.3436241610738255,1.0
21307,0,CF2,L5,0.7,telea,1,1,0.9971277117729187,1,False,0.8556149732620321,0.3422459893048128,1.0
7178,0,CF2,L5,0.7,telea,4,6,0.4279935657978058,0,False,0.8050139275766016,0.32172701949860727,0.90234375
13264,0,CF2,L5,0.7,telea,4,5,0.25493907928466797,0,False,0.8706536856745479,0.3560500695410292,1.0
21507,0,CF2,L5,0.7,telea,1,1,0.589046835899353,1,False,0.8735019973368842,0.340878828229028,1.0
8399,0,CF2,L5,0.7,telea,9,1,0.6005911231040955,0,False,0.9017735334242838,0.34924965893587995,1.0
4384,0,CF2,L5,0.7,telea,0,7,0.5082360506057739,0,False,0.821236559139785,0.33064516129032256,0.9609375
5820,0,CF2,L5,0.7,telea,0,6,0.29767507314682007,0,False,0.8150134048257373,0.3190348525469169,0.9296875
22865,0,CF2,L5,0.7,telea,0,9,0.35384005308151245,0,False,0.8111111111111111,0.3416666666666667,0.9609375
65,0,CF2,L5,0.7,telea,0,1,0.3405250608921051,0,False,0.8252427184466019,0.34812760055478503,0.98046875
15494,0,CF2,L5,0.7,telea,6,1,0.5726571083068848,0,False,0.8550913838120104,0.3342036553524804,1.0
2327,0,CF2,L5,0.7,telea,5,5,0.35546010732650757,1,False,0.8074792243767313,0.31994459833795014,0.90234375
24596,0,CF2,L5,0.7,telea,7,8,0.31503164768218994,0,False,0.8208333333333333,0.3416666666666667,0.9609375
3825,0,CF2,L5,0.7,telea,5,1,0.3152996897697449,0,False,0.8349514563106796,0.34951456310679613,0.984375
17168,0,CF2,L5,0.7,telea,7,1,0.2673516571521759,0,False,0.8513513513513513,0.34594594594594597,1.0
4357,0,CF2,L5,0.7,telea,3,2,0.35579854249954224,0,False,0.8767123287671232,0.3506849315068493,1.0
2364,0,CF2,L5,0.7,telea,9,6,0.22110728919506073,0,False,0.8785425101214575,0.34547908232118757,1.0
8703,0,CF2,L5,0.7,telea,9,2,0.8701755404472351,0,False,0.8354253835425384,0.35564853556485354,0.99609375
19390,0,CF2,L5,0.7,telea,9,4,0.5886240005493164,0,False,0.8442622950819673,0.34153005464480873,0.9765625
17853,0,CF2,L5,0.7,telea,6,1,0.6165146827697754,0,False,0.8344827586206897,0.3393103448275862,0.9609375
4930,0,CF2,L5,0.7,telea,4,3,0.4687689542770386,0,False,0.86,0.3413333333333333,1.0
5314,0,CF2,L5,0.7,telea,8,1,0.587650716304779,0,False,0.8579387186629527,0.35376044568245124,0.9921875
4478,0,CF2,L5,0.7,telea,8,1,0.6324952244758606,0,False,0.8019390581717452,0.3518005540166205,0.9921875
23679,0,CF2,L5,0.7,telea,4,1,0.5841078758239746,0,False,0.8494055482166446,0.3381770145310436,1.0
5449,0,CF2,L5,0.7,telea,1,8,0.43244847655296326,0,False,0.7819650067294751,0.30955585464333785,0.8984375
24183,0,CF2,L5,0.7,telea,0,1,0.8157700896263123,0,False,0.8623087621696801,0.3560500695410292,1.0
20842,0,CF2,L5,0.7,telea,3,1,0.5916894674301147,0,False,0.8524137931034482,0.35310344827586204,1.0
18825,0,CF2,L5,0.7,telea,9,6,0.36518990993499756,0,False,0.8408163265306122,0.34829931972789113,1.0
6265,0,CF2,L5,0.7,telea,1,1,0.2977733612060547,1,False,0.8038674033149171,0.3453038674033149,0.9765625
24932,0,CF2,L5,0.7,telea,4,1,0.9605108499526978,0,False,0.8337950138504155,0.35318559556786705,0.99609375
14427,0,CF2,L5,0.7,telea,8,1,0.3604872226715088,0,False,0.8569553805774278,0.3359580052493438,1.0
3740,0,CF2,L5,0.7,telea,7,1,0.8528031706809998,0,False,0.86,0.33866666666666667,0.9921875
16809,0,CF2,L5,0.7,telea,9,6,0.3265703618526459,0,False,0.8391699092088197,0.32814526588845655,0.98828125
1136,0,CF2,L5,0.7,telea,1,1,0.675689697265625,1,False,0.8036211699164345,0.30779944289693595,0.86328125
25757,0,CF2,L5,0.7,telea,5,1,0.5577877759933472,0,False,0.8205479452054795,0.3219178082191781,0.91796875
7356,0,CF2,L5,0.7,telea,4,1,0.35480520129203796,0,False,0.8563899868247694,0.3359683794466403,0.99609375
12298,0,CF2,L5,0.7,telea,0,1,0.5962603688240051,0,False,0.8647140864714087,0.3514644351464435,0.984375
5700,0,CF2,L5,0.7,telea,3,5,0.42523685097694397,0,False,0.8604972375690608,0.3425414364640884,0.96875
22753,0,CF2,L5,0.7,telea,6,1,0.2669939696788788,0,False,0.8402203856749312,0.3443526170798898,0.9765625
16813,0,CF2,L5,0.7,telea,6,1,0.708330512046814,0,False,0.8438761776581427,0.33781965006729475,0.98046875
7373,0,CF2,L5,0.7,telea,8,1,0.5646110773086548,0,False,0.8540245566166439,0.3451568894952251,0.98828125
20149,0,CF2,L5,0.7,telea,2,1,0.8148165941238403,0,False,0.8263888888888888,0.3472222222222222,0.9765625
15874,0,CF2,L5,0.7,telea,9,2,0.2673541009426117,0,False,0.837874659400545,0.3460490463215259,0.9921875
26011,0,CF2,L5,0.7,telea,0,5,0.5902873277664185,0,False,0.8221614227086184,0.34610123119015046,0.98828125
4196,0,CF2,L5,0.7,telea,9,1,0.35207805037498474,0,False,0.8333333333333334,0.35555555555555557,1.0
11227,0,CF2,L5,0.7,telea,3,1,0.8032887578010559,0,False,0.8628808864265928,0.3545706371191136,1.0
15736,0,CF2,L5,0.7,telea,3,7,0.39507806301116943,0,False,0.7861799217731421,0.3089960886571056,0.92578125
6339,0,CF2,L5,0.7,telea,6,7,0.2922740578651428,0,False,0.8284518828451883,0.3528591352859135,0.98828125
25704,0,CF2,L5,0.7,telea,2,4,0.42286157608032227,0,False,0.8461538461538461,0.3516483516483517,1.0
3190,0,CF2,L5,0.7,telea,7,6,0.23008665442466736,0,False,0.869281045751634,0.32679738562091504,0.9765625
737,0,CF2,L5,0.7,telea,4,1,0.2797033190727234,0,False,0.8619246861924686,0.35704323570432356,1.0
22875,0,CF2,L5,0.7,telea,9,2,0.4526370167732239,0,False,0.8642951251646904,0.33201581027667987,0.984375
22749,0,CF2,L5,0.7,telea,3,8,0.5428933501243591,0,False,0.8909574468085106,0.3404255319148936,1.0
22998,0,CF2,L5,0.7,telea,3,6,0.20858849585056305,0,False,0.8648275862068966,0.35310344827586204,1.0
24210,0,CF2,L5,0.7,telea,5,5,0.2190633863210678,1,False,0.8503401360544217,0.33877551020408164,0.97265625
6800,0,CF2,L5,0.7,telea,4,4,0.39468637108802795,1,False,0.7986301369863014,0.34657534246575344,0.98828125
16602,0,CF2,L5,0.7,telea,9,4,0.4584693908691406,0,False,0.883495145631068,0.3550624133148405,1.0
10822,0,CF2,L5,0.7,telea,6,1,0.38086262345314026,0,False,0.8496551724137931,0.3448275862068966,0.9765625
12822,0,CF2,L5,0.7,telea,1,8,0.43802595138549805,0,False,0.869625520110957,0.3550624133148405,1.0
12758,0,CF2,L5,0.7,telea,5,6,0.6161568760871887,0,False,0.8433734939759037,0.3333333333333333,0.97265625
21144,0,CF2,L5,0.7,telea,4,2,0.21206067502498627,0,False,0.871866295264624,0.3565459610027855,1.0
4900,0,CF2,L5,0.7,telea,6,6,0.5434132814407349,1,False,0.8326359832635983,0.3472803347280335,0.97265625
22888,0,CF2,L5,0.7,telea,9,8,0.3769141137599945,0,False,0.8466850828729282,0.3494475138121547,0.98828125
19935,0,CF2,L5,0.7,telea,9,2,0.4485563337802887,0,False,0.8562176165803109,0.3316062176165803,1.0
21896,0,CF2,L5,0.7,telea,7,1,0.44846197962760925,0,False,0.8691460055096418,0.3526170798898072,1.0
3475,0,CF2,L5,0.7,telea,3,1,0.4785677194595337,0,False,0.8535564853556485,0.35704323570432356,1.0
16171,0,CF2,L5,0.7,telea,0,4,0.31871259212493896,0,False,0.7927321668909825,0.2812920592193809,0.81640625
4672,0,CF2,L5,0.7,telea,4,5,0.2907836139202118,0,False,0.8508891928864569,0.35020519835841313,1.0
10146,0,CF2,L5,0.7,telea,2,1,0.46760493516921997,0,False,0.8281461434370772,0.3423545331529093,0.98828125
9207,0,CF2,L5,0.7,telea,7,7,0.338981032371521,1,False,0.8407202216066482,0.34210526315789475,0.96484375
17745,0,CF2,L5,0.7,telea,9,8,0.5377417206764221,0,False,0.8627717391304348,0.34782608695652173,1.0
432,0,CF2,L5,0.7,telea,7,1,0.2540181279182434,0,False,0.842032967032967,0.33516483516483514,0.953125
6608,0,CF2,L5,0.7,telea,4,0,0.7560560703277588,0,False,0.7988904299583911,0.32038834951456313,0.90234375
25769,0,CF2,L5,0.7,telea,9,0,0.32284533977508545,0,False,0.8518005540166205,0.32409972299168976,0.9140625
14774,0,CF2,L5,0.7,telea,3,8,0.6875057816505432,0,False,0.8638239339752407,0.35213204951856947,1.0
21627,0,CF2,L5,0.7,telea,4,6,0.17967720329761505,0,False,0.8326474622770919,0.33058984910836764,0.94140625
8133,0,CF2,L5,0.7,telea,2,7,0.6861928701400757,0,False,0.845360824742268,0.3118556701030928,0.9453125
12554,0,CF2,L5,0.7,telea,4,2,0.5698682069778442,0,False,0.8519515477792732,0.34185733512786004,0.9921875
10856,0,CF2,L5,0.7,telea,1,1,0.5528821349143982,1,False,0.8843626806833115,0.3363994743758213,1.0
15931,0,CF2,L5,0.7,telea,3,6,0.306360125541687,0,False,0.8283378746594006,0.32561307901907355,0.93359375
2367,0,CF2,L5,0.7,telea,2,2,0.7958678603172302,1,False,0.8399452804377565,0.3337893296853625,0.953125
25563,0,CF2,L5,0.7,telea,7,1,0.4322347939014435,0,False,0.8695054945054945,0.3516483516483517,1.0
6748,0,CF2,L5,0.7,telea,2,1,0.3856426179409027,0,False,0.8627717391304348,0.34782608695652173,1.0
5368,0,CF2,L5,0.7,telea,8,1,0.3681613504886627,0,False,0.8758526603001364,0.34924965893587995,1.0
25951,0,CF2,L5,0.7,telea,6,2,0.4367140233516693,0,False,0.845108695652174,0.34782608695652173,1.0
22082,0,CF2,L5,0.7,telea,7,1,0.4677940309047699,0,False,0.8650137741046832,0.3526170798898072,1.0
19301,0,CF2,L5,0.7,telea,4,1,0.7320650815963745,0,False,0.8665749656121046,0.35213204951856947,1.0
13302,0,CF2,L5,0.7,telea,4,1,0.47943028807640076,0,False,0.8724559023066486,0.3473541383989145,1.0
15358,0,CF2,L5,0.7,telea,0,8,0.2718549072742462,0,False,0.7856154910096819,0.3333333333333333,0.94140625
23572,0,CF2,L5,0.7,telea,2,1,0.45733609795570374,0,False,0.8884297520661157,0.3526170798898072,1.0
14736,0,CF2,L5,0.7,telea,4,1,0.3277190327644348,0,False,0.8396739130434783,0.34646739130434784,0.99609375
16685,0,CF2,L5,0.7,telea,2,2,0.5015518069267273,1,False,0.8308724832214766,0.3409395973154362,0.9921875
21902,0,CF2,L5,0.7,telea,7,1,0.5920117497444153,0,False,0.8464619492656876,0.3417890520694259,1.0
6713,0,CF2,L5,0.7,telea,5,1,0.4531930983066559,0,False,0.8607764390896921,0.3427041499330656,1.0
8771,0,CF2,L5,0.7,telea,4,5,0.3744220733642578,0,False,0.8302139037433155,0.3422459893048128,1.0
20264,0,CF2,L5,0.7,telea,3,1,0.5278340578079224,0,False,0.8362892223738063,0.32332878581173263,0.92578125
24489,0,CF2,L5,0.7,telea,1,1,0.8128828406333923,1,False,0.8521617852161785,0.35704323570432356,1.0
24852,0,CF2,L5,0.7,telea,1,2,0.3301987051963806,0,False,0.8595271210013908,0.3560500695410292,1.0
6746,0,CF2,L5,0.7,telea,1,2,0.28482428193092346,0,False,0.8200836820083682,0.3542538354253835,0.9921875
5951,0,CF2,L5,0.7,telea,5,7,0.4098571240901947,0,False,0.8243430152143845,0.35408022130013833,1.0
6438,0,CF2,L5,0.7,telea,4,1,0.3075079023838043,0,False,0.8263157894736842,0.31973684210526315,0.94921875
11126,0,CF2,L5,0.7,telea,9,2,0.40845751762390137,0,False,0.8667582417582418,0.34615384615384615,0.984375
24241,0,CF2,L5,0.7,telea,3,4,0.27850013971328735,0,False,0.8441734417344173,0.34688346883468835,1.0
23621,0,CF2,L5,0.7,telea,6,1,0.39646998047828674,0,False,0.8549931600547196,0.34610123119015046,0.98828125
14358,0,CF2,L5,0.7,telea,6,1,0.9426625370979309,0,False,0.8751677852348994,0.3436241610738255,1.0
19003,0,CF2,L5,0.7,telea,6,4,0.27851077914237976,0,False,0.8272980501392758,0.34818941504178275,0.9765625
3760,0,CF2,L5,0.7,telea,9,1,0.7029387354850769,0,False,0.8559556786703602,0.3545706371191136,1.0
1155,0,CF2,L5,0.7,telea,5,7,0.9250717759132385,0,False,0.8562176165803109,0.327720207253886,0.98828125
22044,0,CF2,L5,0.7,telea,8,1,0.7706278562545776,0,False,0.8662162162162163,0.34594594594594597,1.0
17521,0,CF2,L5,0.7,telea,4,8,0.6204903721809387,0,False,0.8655913978494624,0.34408602150537637,1.0
15177,0,CF2,L5,0.7,telea,9,1,0.7414304614067078,0,False,0.8661087866108786,0.35704323570432356,1.0
21080,0,CF2,L5,0.7,telea,0,1,0.44493502378463745,0,False,0.8475935828877005,0.3114973262032086,0.91015625
4507,0,CF2,L5,0.7,telea,5,1,0.2618325650691986,0,False,0.8342465753424657,0.33835616438356164,0.96484375
10600,0,CF2,L5,0.7,telea,7,5,0.22213366627693176,0,False,0.8301404853128991,0.31928480204342274,0.9765625
11754,0,CF2,L5,0.7,telea,1,1,0.5725901126861572,1,False,0.8774373259052924,0.35097493036211697,0.984375
22934,0,CF2,L5,0.7,telea,4,1,0.3105158507823944,0,False,0.8434903047091413,0.3518005540166205,0.9921875
19094,0,CF2,L5,0.7,telea,3,8,0.3088071942329407,0,False,0.842896174863388,0.34972677595628415,1.0
25246,0,CF2,L5,0.7,telea,7,1,0.20246529579162598,0,False,0.8581363004172462,0.3560500695410292,1.0
14745,0,CF2,L5,0.7,telea,2,1,0.7599843144416809,0,False,0.8762169680111266,0.3560500695410292,1.0
3177,0,CF2,L5,0.7,telea,8,3,0.7380512356758118,0,False,0.8457300275482094,0.3415977961432507,0.96875
13870,0,CF2,L5,0.7,telea,5,2,0.39917707443237305,0,False,0.8622047244094488,0.32808398950131235,0.9765625
5605,0,CF2,L5,0.7,telea,6,1,0.2655383050441742,0,False,0.8565629228687416,0.3423545331529093,0.98828125
5202,0,CF2,L5,0.7,telea,8,5,0.631657600402832,0,False,0.7970027247956403,0.30517711171662126,0.875
8800,0,CF2,L5,0.7,telea,5,8,0.4401012659072876,0,False,0.8510344827586207,0.35310344827586204,1.0
645,0,CF2,L5,0.7,telea,3,2,0.6407437324523926,0,False,0.8569482288828338,0.34877384196185285,1.0
16077,0,CF2,L5,0.7,telea,5,1,0.4644247889518738,0,False,0.869220607661823,0.3381770145310436,1.0
15336,0,CF2,L5,0.7,telea,5,1,0.6318172216415405,0,False,0.8453473132372215,0.32765399737876805,0.9765625
20933,0,CF2,L5,0.7,telea,0,1,0.7407867312431335,0,False,0.8464619492656876,0.3391188251001335,0.9921875
10580,0,CF2,L5,0.7,telea,8,4,0.3659106492996216,0,False,0.835635359116022,0.319060773480663,0.90234375
25902,0,CF2,L5,0.7,telea,6,6,0.5232241153717041,1,False,0.8602739726027397,0.34794520547945207,0.9921875
4666,0,CF2,L5,0.7,telea,8,1,0.5817744731903076,0,False,0.7893296853625171,0.29411764705882354,0.83984375
14541,0,CF2,L5,0.7,telea,4,1,0.6273816227912903,0,False,0.8271604938271605,0.3484224965706447,0.9921875
7374,0,CF2,L5,0.7,telea,5,1,0.4350062310695648,0,False,0.8422496570644719,0.3511659807956104,1.0
4697,0,CF2,L5,0.7,telea,5,1,0.6905584931373596,0,False,0.8399452804377565,0.35020519835841313,1.0
6317,0,CF2,L5,0.7,telea,5,2,0.44609785079956055,0,False,0.8402777777777778,0.35555555555555557,1.0
16623,0,CF2,L5,0.7,telea,6,0,0.3371124565601349,0,False,0.8222523744911805,0.3093622795115332,0.890625
16511,0,CF2,L5,0.7,telea,6,1,0.4300581216812134,0,False,0.8672199170124482,0.35408022130013833,1.0
16162,0,CF2,L5,0.7,telea,3,4,0.28822314739227295,0,False,0.8270571827057183,0.3472803347280335,0.97265625
5989,0,CF2,L5,0.7,telea,1,1,0.8339563012123108,1,False,0.8457300275482094,0.3443526170798898,0.9765625
18753,0,CF2,L5,0.7,telea,5,1,0.3536049723625183,0,False,0.88,0.3103030303030303,1.0
20853,0,CF2,L5,0.7,telea,4,4,0.7091187238693237,1,False,0.8425414364640884,0.35359116022099446,1.0
16556,0,CF2,L5,0.7,telea,0,6,0.5336958169937134,0,False,0.8382147838214784,0.3542538354253835,0.9921875
7019,0,CF2,L5,0.7,telea,9,1,0.6361003518104553,0,False,0.8557692307692307,0.3516483516483517,1.0
3090,0,CF2,L5,0.7,telea,6,4,0.43713489174842834,0,False,0.8734525447042641,0.35213204951856947,1.0
14680,0,CF2,L5,0.7,telea,3,2,0.31132766604423523,0,False,0.8132780082987552,0.34439834024896265,0.97265625
869,0,CF2,L5,0.7,telea,3,1,0.37706366181373596,0,False,0.8395573997233748,0.3457814661134163,0.9765625
7595,0,CF2,L5,0.7,telea,6,5,0.3868403434753418,0,False,0.8557692307692307,0.35027472527472525,0.99609375
14417,0,CF2,L5,0.7,telea,1,2,0.4639223515987396,0,False,0.8218232044198895,0.3425414364640884,0.96875
13624,0,CF2,L5,0.7,telea,9,5,0.4115225374698639,0,False,0.8150208623087621,0.3101529902642559,0.87109375
21083,0,CF2,L5,0.7,telea,0,0,0.4557115435600281,1,False,0.8409090909090909,0.33689839572192515,0.984375
7556,0,CF2,L5,0.7,telea,1,1,0.8823394775390625,1,False,0.8546433378196501,0.3364737550471063,0.9765625
9289,0,CF2,L5,0.7,telea,8,1,0.3837394118309021,0,False,0.8746701846965699,0.33773087071240104,1.0
19944,0,CF2,L5,0.7,telea,3,4,0.5659292936325073,0,False,0.8490066225165563,0.3390728476821192,1.0
6057,0,CF2,L5,0.7,telea,1,2,0.33398231863975525,0,False,0.8335588633288228,0.34641407307171856,1.0
23029,0,CF2,L5,0.7,telea,8,1,0.5163871645927429,0,False,0.8744769874476988,0.35564853556485354,0.99609375
23668,0,CF2,L5,0.7,telea,5,0,0.7206308841705322,0,False,0.8384401114206128,0.3426183844011142,0.9609375
13115,0,CF2,L5,0.7,telea,8,2,0.5756901502609253,0,False,0.8488529014844804,0.34547908232118757,1.0
20635,0,CF2,L5,0.7,telea,3,5,0.18283602595329285,0,False,0.8460471567267683,0.3550624133148405,1.0
4281,0,CF2,L5,0.7,telea,4,1,0.4955310821533203,0,False,0.8847682119205298,0.3390728476821192,1.0
4139,0,CF2,L5,0.7,telea,9,1,0.46592843532562256,0,False,0.8569444444444444,0.35555555555555557,1.0
10652,0,CF2,L5,0.7,telea,1,2,0.38929492235183716,0,False,0.8540829986613119,0.32262382864792505,0.94140625
700,0,CF2,L5,0.7,telea,1,1,0.7387841939926147,1,False,0.8681318681318682,0.3516483516483517,1.0
5772,0,CF2,L5,0.7,telea,3,7,0.5066925287246704,0,False,0.8390646492434664,0.31911966987620355,0.90625
8114,0,CF2,L5,0.7,telea,9,2,0.6372274160385132,0,False,0.8551532033426184,0.3565459610027855,1.0
5964,0,CF2,L5,0.7,telea,6,1,0.6972334384918213,0,False,0.8368200836820083,0.3458856345885635,0.96875
17278,0,CF2,L5,0.7,telea,7,1,0.7249724864959717,0,False,0.8326417704011065,0.35408022130013833,1.0
9961,0,CF2,L5,0.7,telea,0,4,0.2612464129924774,0,False,0.8337837837837838,0.3054054054054054,0.8828125
25974,0,CF2,L5,0.7,telea,7,2,0.28606992959976196,0,False,0.8314763231197771,0.3245125348189415,0.91015625
14317,0,CF2,L5,0.7,telea,3,4,0.6025493144989014,0,False,0.8117326057298773,0.30286493860845837,0.8671875
6485,0,CF2,L5,0.7,telea,0,8,0.5910037755966187,0,False,0.8453188602442334,0.3473541383989145,1.0
18287,0,CF2,L5,0.7,telea,0,1,0.5054861903190613,0,False,0.8396094839609484,0.34309623430962344,0.9609375
11840,0,CF2,L5,0.7,telea,4,4,0.6940640807151794,1,False,0.8440111420612814,0.3398328690807799,0.953125
864,0,CF2,L5,0.7,telea,0,1,0.7722410559654236,0,False,0.8579310344827586,0.35310344827586204,1.0
20612,0,CF2,L5,0.7,telea,1,6,0.47634878754615784,0,False,0.8548387096774194,0.34408602150537637,1.0
21079,0,CF2,L5,0.7,telea,1,8,0.30502697825431824,0,False,0.8855263157894737,0.3368421052631579,1.0
11286,0,CF2,L5,0.7,telea,5,2,0.8083588480949402,0,False,0.8200836820083682,0.35704323570432356,1.0
788,0,CF2,L5,0.7,telea,0,6,0.27476853132247925,0,False,0.8180555555555555,0.3416666666666667,0.9609375
15932,0,CF2,L5,0.7,telea,3,8,0.3786453306674957,0,False,0.8719346049046321,0.34877384196185285,1.0
18511,0,CF2,L5,0.7,telea,3,1,0.4512748420238495,0,False,0.8577348066298343,0.35359116022099446,1.0
21576,0,CF2,L5,0.7,telea,5,1,0.7563596367835999,0,False,0.8454172366621067,0.35020519835841313,1.0
17237,0,CF2,L5,0.7,telea,2,6,0.21397148072719574,0,False,0.8840381991814461,0.34924965893587995,1.0
2966,0,CF2,L5,0.7,telea,2,2,0.8357717990875244,1,False,0.8191632928475033,0.340080971659919,0.984375
16416,0,CF2,L5,0.7,telea,5,2,0.8793462514877319,0,False,0.8457374830852503,0.34641407307171856,1.0
1280,0,CF2,L5,0.7,telea,5,2,0.47344017028808594,0,False,0.8475274725274725,0.3489010989010989,0.9921875
24928,0,CF2,L5,0.7,telea,0,8,0.46558722853660583,0,False,0.8429752066115702,0.3526170798898072,1.0
23837,0,CF2,L5,0.7,telea,1,1,0.3257477581501007,1,False,0.8513513513513513,0.3418918918918919,0.98828125
20230,0,CF2,L5,0.7,telea,1,1,0.40959882736206055,1,False,0.8707940780619112,0.3445491251682369,1.0
23434,0,CF2,L5,0.7,telea,5,2,0.8613855838775635,0,False,0.7945205479452054,0.30684931506849317,0.875
20522,0,CF2,L5,0.7,telea,6,1,0.5505215525627136,0,False,0.853021978021978,0.3516483516483517,1.0
7789,0,CF2,L5,0.7,telea,3,5,0.2799031436443329,0,False,0.8517520215633423,0.3450134770889488,1.0
22086,0,CF2,L5,0.7,telea,6,1,0.6365099549293518,0,False,0.8607242339832869,0.3565459610027855,1.0
21339,0,CF2,L5,0.7,telea,0,3,0.7596085071563721,0,False,0.8379120879120879,0.3447802197802198,0.98046875
6830,0,CF2,L5,0.7,telea,9,0,0.45549049973487854,0,False,0.8559782608695652,0.34782608695652173,1.0
20902,0,CF2,L5,0.7,telea,2,1,0.7872843742370605,0,False,0.8479776847977685,0.35564853556485354,0.99609375
17481,0,CF2,L5,0.7,telea,5,3,0.6587305665016174,0,False,0.8521617852161785,0.35704323570432356,1.0
3050,0,CF2,L5,0.7,telea,6,1,0.3696652948856354,0,False,0.8741721854304636,0.3350993377483444,0.98828125
409,0,CF2,L5,0.7,telea,1,3,0.38338398933410645,0,False,0.8415977961432507,0.34710743801652894,0.984375
14823,0,CF2,L5,0.7,telea,7,4,0.5688673853874207,0,False,0.86468200270636,0.34370771312584575,0.9921875
22892,0,CF2,L5,0.7,telea,9,1,0.5100541710853577,0,False,0.8726287262872628,0.34688346883468835,1.0
9470,0,CF2,L5,0.7,telea,8,3,0.4776512086391449,0,False,0.8425925925925926,0.3333333333333333,0.984375
9543,0,CF2,L5,0.7,telea,6,0,0.34932953119277954,0,False,0.8584905660377359,0.33153638814016173,0.9609375
22090,0,CF2,L5,0.7,telea,5,5,0.31321027874946594,1,False,0.8280166435506241,0.34674063800277394,0.9765625
6045,0,CF2,L5,0.7,telea,6,2,0.25350046157836914,0,False,0.8403247631935047,0.33288227334235454,0.9609375
317,0,CF2,L5,0.7,telea,8,2,0.9017974138259888,0,False,0.853494623655914,0.3387096774193548,0.984375
15812,0,CF2,L5,0.7,telea,0,1,0.7403420805931091,0,False,0.8697986577181208,0.3436241610738255,1.0
18170,0,CF2,L5,0.7,telea,9,1,0.33325809240341187,0,False,0.8755186721991701,0.35408022130013833,1.0
14781,0,CF2,L5,0.7,telea,0,1,0.3873557150363922,0,False,0.8883048620236531,0.3363994743758213,1.0
17886,0,CF2,L5,0.7,telea,9,1,0.960852324962616,0,False,0.840499306518724,0.3550624133148405,1.0
20049,0,CF2,L5,0.7,telea,3,2,0.8434431552886963,0,False,0.8314763231197771,0.34958217270194986,0.98046875
13283,0,CF2,L5,0.7,telea,0,1,0.7827835083007812,0,False,0.8845618915159944,0.3560500695410292,1.0
25830,0,CF2,L5,0.7,telea,5,3,0.5626213550567627,0,False,0.8403141361256544,0.3285340314136126,0.98046875
14277,0,CF2,L5,0.7,telea,9,1,0.41036927700042725,0,False,0.8830645161290323,0.34408602150537637,1.0
5908,0,CF2,L5,0.7,telea,1,1,0.6276728510856628,1,False,0.8476454293628809,0.3545706371191136,1.0
9731,0,CF2,L5,0.7,telea,8,6,0.43057528138160706,0,False,0.8016304347826086,0.3423913043478261,0.984375
14180,0,CF2,L5,0.7,telea,9,9,0.5956633687019348,1,False,0.8224687933425797,0.3259361997226075,0.91796875
9246,0,CF2,L5,0.7,telea,2,2,0.3111753463745117,1,False,0.8433242506811989,0.3419618528610354,0.98046875
1656,0,CF2,L5,0.7,telea,2,2,0.5176140666007996,1,False,0.8486486486486486,0.34594594594594597,1.0
17712,0,CF2,L5,0.7,telea,1,4,0.506939172744751,0,False,0.851261620185923,0.3386454183266932,0.99609375
25544,0,CF2,L5,0.7,telea,9,6,0.3315034508705139,0,False,0.8256624825662483,0.3389121338912134,0.94921875
1120,0,CF2,L5,0.7,telea,5,2,0.3788224756717682,0,False,0.8410041841004184,0.3403068340306834,0.953125
1298,0,CF2,L5,0.7,telea,6,7,0.3071249723434448,0,False,0.7947658402203857,0.33884297520661155,0.9609375
25570,0,CF2,L5,0.7,telea,2,1,0.5529720187187195,0,False,0.8619246861924686,0.35704323570432356,1.0
5370,0,CF2,L5,0.7,telea,7,1,0.2569772005081177,0,False,0.8518005540166205,0.3462603878116344,0.9765625
19075,0,CF2,L5,0.7,telea,2,2,0.6928874850273132,1,False,0.8369565217391305,0.32608695652173914,0.9375
8583,0,CF2,L5,0.7,telea,0,1,0.4291793406009674,0,False,0.8718291054739653,0.3417890520694259,1.0
2133,0,CF2,L5,0.7,telea,0,1,0.5621681809425354,0,False,0.8768606224627875,0.34641407307171856,1.0
1982,0,CF2,L5,0.7,telea,2,4,0.532414436340332,0,False,0.8486111111111111,0.35555555555555557,1.0
950,0,CF2,L5,0.7,telea,8,1,0.5690450072288513,0,False,0.8465753424657534,0.3506849315068493,1.0
19563,0,CF2,L5,0.7,telea,4,1,0.43357187509536743,0,False,0.8676880222841226,0.3565459610027855,1.0
21023,0,CF2,L5,0.7,telea,6,9,0.2539294362068176,0,False,0.8342618384401114,0.3426183844011142,0.9609375
15687,0,CF2,L5,0.7,telea,0,9,0.440470814704895,0,False,0.844566712517194,0.32737276478679506,0.9296875
6444,0,CF2,L5,0.7,telea,6,2,0.3535923659801483,0,False,0.8681318681318682,0.3516483516483517,1.0
15735,0,CF2,L5,0.7,telea,4,2,0.22998552024364471,0,False,0.8803088803088803,0.32175032175032175,0.9765625
10651,0,CF2,L5,0.7,telea,0,1,0.3389681577682495,0,False,0.862116991643454,0.3064066852367688,0.859375
13256,0,CF2,L5,0.7,telea,1,3,0.24065172672271729,0,False,0.8784676354029062,0.33025099075297226,0.9765625
16855,0,CF2,L5,0.7,telea,6,1,0.2446420043706894,0,False,0.8408163265306122,0.34829931972789113,1.0
14884,0,CF2,L5,0.7,telea,9,2,0.7154386639595032,0,False,0.871900826446281,0.3526170798898072,1.0
21884,0,CF2,L5,0.7,telea,6,8,0.5903908014297485,0,False,0.8703448275862069,0.3503448275862069,0.9921875
5078,0,CF2,L5,0.7,telea,3,1,0.8768369555473328,0,False,0.8724279835390947,0.3511659807956104,1.0
20419,0,CF2,L5,0.7,telea,9,1,0.27096065878868103,0,False,0.8390646492434664,0.34800550206327374,0.98828125
20521,0,CF2,L5,0.7,telea,5,6,0.4460308253765106,0,False,0.8477366255144033,0.3511659807956104,1.0
23257,0,CF2,L5,0.7,telea,5,1,0.6335940361022949,0,False,0.850974930362117,0.3565459610027855,1.0
17190,0,CF2,L5,0.7,telea,2,1,0.7479749321937561,0,False,0.8769430051813472,0.3316062176165803,1.0
15631,0,CF2,L5,0.7,telea,8,1,0.42973029613494873,0,False,0.8268698060941828,0.3476454293628809,0.98046875
504,0,CF2,L5,0.7,telea,0,6,0.4844236373901367,0,False,0.8326474622770919,0.3319615912208505,0.9453125
14990,0,CF2,L5,0.7,telea,3,2,0.48483654856681824,0,False,0.8547717842323651,0.35408022130013833,1.0
24512,0,CF2,L5,0.7,telea,8,2,0.3902060091495514,0,False,0.8396094839609484,0.35704323570432356,1.0
23120,0,CF2,L5,0.7,telea,7,4,0.4921325445175171,0,False,0.8597402597402597,0.33246753246753247,1.0
3357,0,CF2,L5,0.7,telea,2,2,0.30760079622268677,1,False,0.8088033012379643,0.33700137551581844,0.95703125
8088,0,CF2,L5,0.7,telea,1,4,0.3877720236778259,0,False,0.8478561549100968,0.35408022130013833,1.0
21849,0,CF2,L5,0.7,telea,9,1,0.6076321005821228,0,False,0.8858321870701513,0.33837689133425036,0.9609375
13683,0,CF2,L5,0.7,telea,0,1,0.9565540552139282,0,False,0.868,0.3413333333333333,1.0
22718,0,CF2,L5,0.7,telea,9,8,0.22514018416404724,0,False,0.8472972972972973,0.34054054054054056,0.984375
9927,0,CF2,L5,0.7,telea,4,1,0.5782304406166077,0,False,0.8384512683578104,0.3204272363150868,0.9375
11425,0,CF2,L5,0.7,telea,0,8,0.3089889585971832,0,False,0.8179310344827586,0.3406896551724138,0.96484375
14578,0,CF2,L5,0.7,telea,0,1,0.24392817914485931,0,False,0.8592896174863388,0.34972677595628415,1.0
25481,0,CF2,L5,0.7,telea,8,2,0.372492253780365,0,False,0.8423988842398884,0.3528591352859135,0.98828125
11269,0,CF2,L5,0.7,telea,5,1,0.45464837551116943,0,False,0.8481532147742818,0.3488372093023256,0.99609375
12877,0,CF2,L5,0.7,telea,5,3,0.4490998089313507,0,False,0.881578947368421,0.3368421052631579,1.0
22531,0,CF2,L5,0.7,telea,9,1,0.2701941132545471,0,False,0.8694481830417228,0.3445491251682369,1.0
13150,0,CF2,L5,0.7,telea,3,1,0.21908719837665558,0,False,0.8659147869674185,0.3208020050125313,1.0
5654,0,CF2,L5,0.7,telea,8,0,0.28420180082321167,0,False,0.8789115646258503,0.3442176870748299,0.98828125
1286,0,CF2,L5,0.7,telea,7,1,0.37322160601615906,0,False,0.8497970230040596,0.3382949932341001,0.9765625
1652,0,CF2,L5,0.7,telea,1,6,0.471725732088089,0,False,0.8513513513513513,0.34459459459459457,0.99609375
22335,0,CF2,L5,0.7,telea,2,2,0.27721264958381653,1,False,0.8445945945945946,0.3027027027027027,0.875
23848,0,CF2,L5,0.7,telea,3,2,0.3693368136882782,0,False,0.8195592286501377,0.3168044077134986,0.8984375
2892,0,CF2,L5,0.7,telea,6,1,0.7221710681915283,0,False,0.8627187079407806,0.3445491251682369,1.0
16530,0,CF2,L5,0.7,telea,8,3,0.7405417561531067,0,False,0.8571428571428571,0.3516483516483517,1.0
12848,0,CF2,L5,0.7,telea,8,8,0.4389210343360901,1,False,0.8538251366120219,0.33879781420765026,0.96875
7330,0,CF2,L5,0.7,telea,7,6,0.8031920790672302,0,False,0.8708791208791209,0.3516483516483517,1.0
3676,0,CF2,L5,0.7,telea,1,1,0.4643137454986572,1,False,0.8575342465753425,0.33424657534246577,0.953125
19966,0,CF2,L5,0.7,telea,8,2,0.5683012008666992,0,False,0.8416779431664412,0.34100135317997293,0.984375
8382,0,CF2,L5,0.7,telea,5,1,0.5802395939826965,0,False,0.8466850828729282,0.3494475138121547,0.98828125
19660,0,CF2,L5,0.7,telea,7,8,0.31725794076919556,0,False,0.83399209486166,0.3372859025032938,1.0
2508,0,CF2,L5,0.7,telea,9,8,0.21583738923072815,0,False,0.8595578673602081,0.3328998699609883,1.0
2360,0,CF2,L5,0.7,telea,4,1,0.48166128993034363,0,False,0.8660220994475138,0.35359116022099446,1.0
16796,0,CF2,L5,0.7,telea,1,1,0.7244067788124084,1,False,0.854251012145749,0.3441295546558704,0.99609375
23426,0,CF2,L5,0.7,telea,9,6,0.2667975127696991,0,False,0.8552097428958051,0.3382949932341001,0.9765625
15590,0,CF2,L5,0.7,telea,2,5,0.7405427098274231,0,False,0.8604651162790697,0.3433652530779754,0.98046875
6302,0,CF2,L5,0.7,telea,3,1,0.34556224942207336,0,False,0.8834019204389575,0.3511659807956104,1.0
24519,0,CF2,L5,0.7,telea,7,9,0.5264536142349243,0,False,0.8052486187845304,0.34392265193370164,0.97265625
23276,0,CF2,L5,0.7,telea,2,1,0.5226386189460754,0,False,0.8469520103761349,0.32944228274967574,0.9921875
24566,0,CF2,L5,0.7,telea,8,4,0.9502019286155701,0,False,0.8511821974965229,0.3518776077885953,0.98828125
20978,0,CF2,L5,0.7,telea,1,1,0.9121955633163452,1,False,0.8490066225165563,0.3390728476821192,1.0
8990,0,CF2,L5,0.7,telea,3,7,0.6544214487075806,0,False,0.8636995827538247,0.3560500695410292,1.0
11061,0,CF2,L5,0.7,telea,7,1,0.5318848490715027,0,False,0.7961432506887053,0.3085399449035813,0.875
7075,0,CF2,L5,0.7,telea,9,1,0.6143187284469604,0,False,0.8523489932885906,0.3395973154362416,0.98828125
17641,0,CF2,L5,0.7,telea,2,1,0.6938982605934143,0,False,0.8181818181818182,0.34710743801652894,0.984375
12077,0,CF2,L5,0.7,telea,9,1,0.42575788497924805,0,False,0.8553888130968622,0.34924965893587995,1.0
1779,0,CF2,L5,0.7,telea,7,2,0.23244282603263855,0,False,0.8450331125827815,0.3390728476821192,1.0
11519,0,CF2,L5,0.7,telea,4,1,0.41922128200531006,0,False,0.871261378413524,0.3328998699609883,1.0
8549,0,CF2,L5,0.7,telea,3,1,0.6485244631767273,0,False,0.8559670781893004,0.3511659807956104,1.0
14623,0,CF2,L5,0.7,telea,6,1,0.5215193033218384,0,False,0.8758085381630013,0.3298835705045278,0.99609375
10846,0,CF2,L5,0.7,telea,3,1,0.43601900339126587,0,False,0.8435828877005348,0.3422459893048128,1.0
16289,0,CF2,L5,0.7,telea,3,3,0.44941461086273193,1,False,0.8743455497382199,0.33507853403141363,1.0
12311,0,CF2,L5,0.7,telea,8,2,0.3556012511253357,0,False,0.8594594594594595,0.34594594594594597,1.0
6068,0,CF2,L5,0.7,telea,8,2,0.4254947602748871,0,False,0.8367626886145405,0.3388203017832647,0.96484375
9629,0,CF2,L5,0.7,telea,6,1,0.661547839641571,0,False,0.855755894590846,0.3550624133148405,1.0
19560,0,CF2,L5,0.7,telea,3,2,0.3680264949798584,0,False,0.8,0.35310344827586204,1.0
10379,0,CF2,L5,0.7,telea,8,2,0.479642778635025,0,False,0.8401639344262295,0.33879781420765026,0.96875
6499,0,CF2,L5,0.7,telea,9,1,0.7898008227348328,0,False,0.8573407202216067,0.3545706371191136,1.0
1159,0,CF2,L5,0.7,telea,0,8,0.7815665602684021,0,False,0.8744827586206897,0.35172413793103446,0.99609375
4366,0,CF2,L5,0.7,telea,7,2,0.5218343734741211,0,False,0.8858321870701513,0.35213204951856947,1.0
8397,0,CF2,L5,0.7,telea,1,8,0.4749396741390228,0,False,0.8481338481338482,0.3268983268983269,0.9921875
20905,0,CF2,L5,0.7,telea,9,1,0.2793790400028229,0,False,0.8468834688346883,0.34688346883468835,1.0
15746,0,CF2,L5,0.7,telea,5,3,0.3023630678653717,0,False,0.8269230769230769,0.3516483516483517,1.0
9402,0,CF2,L5,0.7,telea,3,5,0.3722251057624817,0,False,0.8452380952380952,0.33201058201058203,0.98046875
8164,0,CF2,L5,0.7,telea,2,3,0.723447322845459,0,False,0.8385345997286295,0.3337856173677069,0.9609375
510,0,CF2,L5,0.7,telea,5,1,0.20889239013195038,0,False,0.8298755186721992,0.35408022130013833,1.0
24070,0,CF2,L5,0.7,telea,9,1,0.5374423861503601,0,False,0.8077455048409405,0.3457814661134163,0.9765625
2401,0,CF2,L5,0.7,telea,4,2,0.38059002161026,0,False,0.8372093023255814,0.3488372093023256,0.99609375
12147,0,CF2,L5,0.7,telea,3,4,0.3698350489139557,0,False,0.8605299860529986,0.3277545327754533,0.91796875
14499,0,CF2,L5,0.7,telea,6,8,0.6092426776885986,0,False,0.8637566137566137,0.3373015873015873,0.99609375
3530,0,CF2,L5,0.7,telea,6,8,0.5689116716384888,0,False,0.8721088435374149,0.3346938775510204,0.9609375
14723,0,CF2,L5,0.7,telea,7,1,0.3662649393081665,0,False,0.8466850828729282,0.35359116022099446,1.0
4435,0,CF2,L5,0.7,telea,3,1,0.4364705979824066,0,False,0.8800557880055788,0.3514644351464435,0.984375
22852,0,CF2,L5,0.7,telea,2,2,0.313292533159256,1,False,0.8372739916550765,0.34214186369958277,0.9609375
8461,0,CF2,L5,0.7,telea,3,1,0.9585230946540833,0,False,0.863013698630137,0.3506849315068493,1.0
21972,0,CF2,L5,0.7,telea,7,1,0.7756160497665405,0,False,0.8563685636856369,0.34688346883468835,1.0
5410,0,CF2,L5,0.7,telea,4,1,0.9365359544754028,0,False,0.8296398891966759,0.3518005540166205,0.9921875
17754,0,CF2,L5,0.7,telea,6,8,0.2727739214897156,0,False,0.8440111420612814,0.35236768802228413,0.98828125
15311,0,CF2,L5,0.7,telea,2,1,0.299278199672699,0,False,0.8460508701472557,0.33065595716198126,0.96484375
15185,0,CF2,L5,0.7,telea,1,1,0.5474166870117188,1,False,0.8853904282115869,0.3224181360201511,1.0
5663,0,CF2,L5,0.7,telea,4,1,0.5189976096153259,0,False,0.8389715832205683,0.34641407307171856,1.0
6247,0,CF2,L5,0.7,telea,6,5,0.786376416683197,0,False,0.8722826086956522,0.3451086956521739,0.9921875
15287,0,CF2,L5,0.7,telea,0,6,0.4800888001918793,0,False,0.8628257887517147,0.34156378600823045,0.97265625
19902,0,CF2,L5,0.7,telea,0,2,0.3644709289073944,0,False,0.8333333333333334,0.3209366391184573,0.91015625
25188,0,CF2,L5,0.7,telea,4,1,0.74848872423172,0,False,0.8693931398416886,0.32981530343007914,0.9765625
11195,0,CF2,L5,0.7,telea,8,1,0.5313935875892639,0,False,0.8549931600547196,0.35020519835841313,1.0
4828,0,CF2,L5,0.7,telea,7,2,0.5630064010620117,0,False,0.8288770053475936,0.3422459893048128,1.0
23751,0,CF2,L5,0.7,telea,5,8,0.6127299666404724,0,False,0.8052126200274349,0.3511659807956104,1.0
9464,0,CF2,L5,0.7,telea,3,1,0.6036968231201172,0,False,0.8452054794520548,0.33835616438356164,0.96484375
25723,0,CF2,L5,0.7,telea,0,0,0.6462832689285278,1,False,0.8185595567867036,0.34349030470914127,0.96875
16859,0,CF2,L5,0.7,telea,5,1,0.43477779626846313,0,False,0.8191933240611962,0.3560500695410292,1.0
3601,0,CF2,L5,0.7,telea,1,1,0.28350695967674255,1,False,0.8479776847977685,0.3500697350069735,0.98046875
11679,0,CF2,L5,0.7,telea,6,1,0.6336759328842163,0,False,0.8695054945054945,0.3516483516483517,1.0
12135,0,CF2,L5,0.7,telea,7,4,0.3064338266849518,0,False,0.8677685950413223,0.34710743801652894,0.984375
16329,0,CF2,L5,0.7,telea,1,6,0.37692129611968994,0,False,0.83399209486166,0.3241106719367589,0.9609375
94,0,CF2,L5,0.7,telea,4,2,0.5191012024879456,0,False,0.8476190476190476,0.34829931972789113,1.0
14517,0,CF2,L5,0.7,telea,9,1,0.5719636082649231,0,False,0.855755894590846,0.3550624133148405,1.0
16852,0,CF2,L5,0.7,telea,3,6,0.3844185173511505,0,False,0.854421768707483,0.34829931972789113,1.0
6852,0,CF2,L5,0.7,telea,6,2,0.8144851326942444,0,False,0.8423236514522822,0.35131396957123096,0.9921875
24858,0,CF2,L5,0.7,telea,3,3,0.3949195146560669,1,False,0.8760445682451253,0.3565459610027855,1.0
297,0,CF2,L5,0.7,telea,9,1,0.6958426833152771,0,False,0.839572192513369,0.3422459893048128,1.0
12339,0,CF2,L5,0.7,telea,2,1,0.6820473670959473,0,False,0.859697386519945,0.35213204951856947,1.0
20811,0,CF2,L5,0.7,telea,8,0,0.39411506056785583,0,False,0.783448275862069,0.31724137931034485,0.8984375
12439,0,CF2,L5,0.7,telea,5,5,0.4207369089126587,1,False,0.7966573816155988,0.33008356545961004,0.92578125
16632,0,CF2,L5,0.7,telea,9,8,0.3549329936504364,0,False,0.8331090174966352,0.34185733512786004,0.9921875
5798,0,CF2,L5,0.7,telea,4,1,0.6349109411239624,0,False,0.83008356545961,0.35236768802228413,0.98828125
18458,0,CF2,L5,0.7,telea,3,8,0.28979411721229553,0,False,0.8524137931034482,0.34758620689655173,0.984375
6105,0,CF2,L5,0.7,telea,5,1,0.2551049590110779,0,False,0.8795669824086604,0.34641407307171856,1.0
10321,0,CF2,L5,0.7,telea,6,1,0.2582339644432068,0,False,0.8652777777777778,0.35555555555555557,1.0
21771,0,CF2,L5,0.7,telea,7,1,0.6003685593605042,0,False,0.883008356545961,0.34540389972144847,0.96875
22194,0,CF2,L5,0.7,telea,0,9,0.24121595919132233,0,False,0.8602442333785617,0.34599728629579374,0.99609375
6,0,CF2,L5,0.7,telea,9,6,0.3488982319831848,0,False,0.8259668508287292,0.31629834254143646,0.89453125
912,0,CF2,L5,0.7,telea,7,7,0.5979161262512207,1,False,0.8625,0.35,0.984375
16910,0,CF2,L5,0.7,telea,5,1,0.5749841928482056,0,False,0.8579387186629527,0.3565459610027855,1.0
18738,0,CF2,L5,0.7,telea,7,7,0.8799527287483215,1,False,0.8084239130434783,0.30978260869565216,0.890625
18020,0,CF2,L5,0.7,telea,9,1,0.5723477005958557,0,False,0.8661202185792349,0.34972677595628415,1.0
3462,0,CF2,L5,0.7,telea,8,4,0.542087972164154,0,False,0.8471849865951743,0.34316353887399464,1.0
5696,0,CF2,L5,0.7,telea,1,1,0.37396255135536194,1,False,0.8549931600547196,0.35020519835841313,1.0
15066,0,CF2,L5,0.7,telea,3,7,0.41332900524139404,0,False,0.8434065934065934,0.3516483516483517,1.0
10653,0,CF2,L5,0.7,telea,9,1,0.3342694938182831,0,False,0.8490304709141274,0.3545706371191136,1.0
13337,0,CF2,L5,0.7,telea,2,1,0.6648984551429749,0,False,0.8482384823848238,0.34688346883468835,1.0
12340,0,CF2,L5,0.7,telea,5,7,0.6375157237052917,0,False,0.7970627503337784,0.3204272363150868,0.9375
9536,0,CF2,L5,0.7,telea,0,0,0.3194260895252228,1,False,0.7675378266850069,0.31636863823933975,0.8984375
3566,0,CF2,L5,0.7,telea,4,7,0.4179856777191162,0,False,0.8602739726027397,0.3424657534246575,0.9765625
20090,0,CF2,L5,0.7,telea,4,0,0.6573845148086548,0,False,0.8502024291497976,0.33063427800269907,0.95703125
211,0,CF2,L5,0.7,telea,0,4,0.28778305649757385,0,False,0.8392857142857143,0.3516483516483517,1.0
55,0,CF2,L5,0.7,telea,8,1,0.8412670493125916,0,False,0.8577405857740585,0.35704323570432356,1.0
1477,0,CF2,L5,0.7,telea,2,1,0.8742969036102295,0,False,0.8554054054054054,0.34594594594594597,1.0
25898,0,CF2,L5,0.7,telea,0,1,0.5808236002922058,0,False,0.8847222222222222,0.35555555555555557,1.0
25713,0,CF2,L5,0.7,telea,0,0,0.568469762802124,1,False,0.8573333333333333,0.332,0.97265625
18055,0,CF2,L5,0.7,telea,3,1,0.890504002571106,0,False,0.8256624825662483,0.3417015341701534,0.95703125
17461,0,CF2,L5,0.7,telea,3,4,0.8243592381477356,0,False,0.8622908622908623,0.28314028314028317,0.859375
14237,0,CF2,L5,0.7,telea,7,7,0.4841402471065521,1,False,0.8673883626522327,0.34641407307171856,1.0
13858,0,CF2,L5,0.7,telea,1,1,0.9534794092178345,1,False,0.8772413793103448,0.35310344827586204,1.0
12386,0,CF2,L5,0.7,telea,5,1,0.6006109118461609,0,False,0.8485254691689008,0.34316353887399464,1.0
7223,0,CF2,L5,0.7,telea,9,4,0.6158905029296875,0,False,0.8534599728629579,0.3473541383989145,1.0
3153,0,CF2,L5,0.7,telea,5,1,0.32738572359085083,0,False,0.8204081632653061,0.33877551020408164,0.97265625
23265,0,CF2,L5,0.7,telea,8,1,0.46320682764053345,0,False,0.8579387186629527,0.35097493036211697,0.984375
9465,0,CF2,L5,0.7,telea,0,4,0.5026389956474304,0,False,0.8296398891966759,0.3545706371191136,1.0
7419,0,CF2,L5,0.7,telea,0,2,0.7542358636856079,0,False,0.8527777777777777,0.3472222222222222,0.9765625
4722,0,CF2,L5,0.7,telea,6,3,0.3656317889690399,0,False,0.8540245566166439,0.34924965893587995,1.0
23448,0,CF2,L5,0.7,telea,6,1,0.7712461948394775,0,False,0.859504132231405,0.3526170798898072,1.0
8222,0,CF2,L5,0.7,telea,2,1,0.739790678024292,0,False,0.8429530201342282,0.3436241610738255,1.0
20898,0,CF2,L5,0.7,telea,8,2,0.46866270899772644,0,False,0.8301369863013699,0.3493150684931507,0.99609375
23313,0,CF2,L5,0.7,telea,2,1,0.8547698855400085,0,False,0.8484438430311232,0.34641407307171856,1.0
13426,0,CF2,L5,0.7,telea,2,6,0.292946994304657,0,False,0.8614958448753463,0.3545706371191136,1.0
25136,0,CF2,L5,0.7,telea,4,8,0.4236663579940796,0,False,0.8269754768392371,0.279291553133515,0.80078125
9268,0,CF2,L5,0.7,telea,4,6,0.4490443766117096,0,False,0.8494475138121547,0.34806629834254144,0.984375
3892,0,CF2,L5,0.7,telea,1,1,0.693672776222229,1,False,0.8488210818307905,0.3550624133148405,1.0
4115,0,CF2,L5,0.7,telea,3,5,0.2569849491119385,0,False,0.8626155878467635,0.3381770145310436,1.0
5166,0,CF2,L5,0.7,telea,7,1,0.39849838614463806,0,False,0.8845618915159944,0.3560500695410292,1.0
14984,0,CF2,L5,0.7,telea,3,1,0.818840742111206,0,False,0.855755894590846,0.3550624133148405,1.0
10520,0,CF2,L5,0.7,telea,1,4,0.9251441955566406,0,False,0.8425414364640884,0.35082872928176795,0.9921875
4379,0,CF2,L5,0.7,telea,2,6,0.554806113243103,0,False,0.8561827956989247,0.34408602150537637,1.0
8937,0,CF2,L5,0.7,telea,1,3,0.35017913579940796,0,False,0.8610354223433242,0.3446866485013624,0.98828125
17550,0,CF2,L5,0.7,telea,9,1,0.4639313817024231,0,False,0.8533685601056803,0.3381770145310436,1.0
19085,0,CF2,L5,0.7,telea,9,8,0.21170780062675476,0,False,0.8351800554016621,0.3518005540166205,0.9921875
17902,0,CF2,L5,0.7,telea,6,1,0.6793175935745239,0,False,0.8685636856368564,0.34688346883468835,1.0
14780,0,CF2,L5,0.7,telea,8,1,0.8919934630393982,0,False,0.8543689320388349,0.3550624133148405,1.0
8401,0,CF2,L5,0.7,telea,0,2,0.512296736240387,0,False,0.8592896174863388,0.3483606557377049,0.99609375
11230,0,CF2,L5,0.7,telea,2,4,0.2105453759431839,0,False,0.8190104166666666,0.3046875,0.9140625
1772,0,CF2,L5,0.7,telea,3,4,0.2090023308992386,0,False,0.7621696801112656,0.3184979137691238,0.89453125
13326,0,CF2,L5,0.7,telea,4,4,0.9910097122192383,1,False,0.7799442896935933,0.3328690807799443,0.93359375
15230,0,CF2,L5,0.7,telea,5,2,0.7950880527496338,0,False,0.858887381275441,0.3473541383989145,1.0
20557,0,CF2,L5,0.7,telea,0,2,0.46278584003448486,0,False,0.8191780821917808,0.336986301369863,0.9609375
9555,0,CF2,L5,0.7,telea,1,1,0.6599815487861633,1,False,0.8601108033240997,0.3545706371191136,1.0
3667,0,CF2,L5,0.7,telea,6,1,0.8778864741325378,0,False,0.8431105047748977,0.34924965893587995,1.0
5316,0,CF2,L5,0.7,telea,5,2,0.4245429039001465,0,False,0.8328767123287671,0.34383561643835614,0.98046875
3606,0,CF2,L5,0.7,telea,5,1,0.9332138299942017,0,False,0.8679504814305364,0.35213204951856947,1.0
25776,0,CF2,L5,0.7,telea,6,6,0.4639512002468109,1,False,0.8649025069637883,0.34401114206128136,0.96484375
22231,0,CF2,L5,0.7,telea,1,2,0.8724448680877686,0,False,0.8200836820083682,0.33751743375174337,0.9453125
10855,0,CF2,L5,0.7,telea,7,1,0.7927534580230713,0,False,0.8550135501355014,0.34688346883468835,1.0
130,0,CF2,L5,0.7,telea,6,6,0.5170395374298096,1,False,0.7994428969359332,0.35097493036211697,0.984375
434,0,CF2,L5,0.7,telea,8,5,0.37422364950180054,0,False,0.8647214854111406,0.3395225464190981,1.0
5308,0,CF2,L5,0.7,telea,5,1,0.8608477115631104,0,False,0.8610729023383769,0.35213204951856947,1.0
17682,0,CF2,L5,0.7,telea,4,4,0.8010741472244263,1,False,0.8650904033379694,0.3560500695410292,1.0
16682,0,CF2,L5,0.7,telea,8,6,0.3762567639350891,0,False,0.8614540466392319,0.3511659807956104,1.0
12660,0,CF2,L5,0.7,telea,5,1,0.6569131016731262,0,False,0.8434903047091413,0.3545706371191136,1.0
21362,0,CF2,L5,0.7,telea,5,1,0.5207559466362,0,False,0.8331053351573188,0.34062927496580025,0.97265625
15483,0,CF2,L5,0.7,telea,4,6,0.35536184906959534,0,False,0.8537604456824512,0.3342618384401114,0.9375
5289,0,CF2,L5,0.7,telea,5,4,0.20409639179706573,0,False,0.8632596685082873,0.35359116022099446,1.0
19757,0,CF2,L5,0.7,telea,1,4,0.35818201303482056,0,False,0.8583333333333333,0.35555555555555557,1.0
6799,0,CF2,L5,0.7,telea,2,1,0.3608325123786926,0,False,0.863013698630137,0.3506849315068493,1.0
18871,0,CF2,L5,0.7,telea,2,1,0.7469034790992737,0,False,0.8797886393659181,0.3381770145310436,1.0
4740,0,CF2,L5,0.7,telea,3,1,0.5835071802139282,0,False,0.8506056527590848,0.3391655450874832,0.984375
14926,0,CF2,L5,0.7,telea,5,5,0.3561538755893707,1,False,0.8224687933425797,0.3550624133148405,1.0
3549,0,CF2,L5,0.7,telea,4,4,0.4853801727294922,1,False,0.8603042876901799,0.35131396957123096,0.9921875
13336,0,CF2,L5,0.7,telea,9,7,0.5446804761886597,0,False,0.828,0.3413333333333333,1.0
8302,0,CF2,L5,0.7,telea,3,7,0.6130625009536743,0,False,0.8682385575589459,0.3550624133148405,1.0
19884,0,CF2,L5,0.7,telea,8,2,0.3334217965602875,0,False,0.8181818181818182,0.3422459893048128,1.0
6927,0,CF2,L5,0.7,telea,1,1,0.7634786367416382,1,False,0.8138888888888889,0.35,0.984375
15277,0,CF2,L5,0.7,telea,6,2,0.3982773423194885,0,False,0.8509554140127389,0.32611464968152865,1.0
20278,0,CF2,L5,0.7,telea,3,1,0.5100241899490356,0,False,0.8539638386648123,0.3560500695410292,1.0
654,0,CF2,L5,0.7,telea,8,8,0.2959933578968048,1,False,0.8716577540106952,0.3422459893048128,1.0
19020,0,CF2,L5,0.7,telea,0,7,0.339191198348999,0,False,0.8381962864721485,0.3395225464190981,1.0
25403,0,CF2,L5,0.7,telea,3,2,0.41603943705558777,0,False,0.8619246861924686,0.35704323570432356,1.0
1745,0,CF2,L5,0.7,telea,8,6,0.5770806670188904,0,False,0.81353591160221,0.3314917127071823,0.9375
10726,0,CF2,L5,0.7,telea,4,1,0.45650118589401245,0,False,0.8346994535519126,0.33879781420765026,0.96875
23431,0,CF2,L5,0.7,telea,4,6,0.48803406953811646,0,False,0.8730822873082287,0.35704323570432356,1.0
231,0,CF2,L5,0.7,telea,5,2,0.3773130178451538,0,False,0.8593314763231198,0.3565459610027855,1.0
20678,0,CF2,L5,0.7,telea,7,8,0.3790948688983917,0,False,0.8444444444444444,0.3541666666666667,0.99609375
15851,0,CF2,L5,0.7,telea,1,3,0.7767271399497986,0,False,0.8743093922651933,0.3370165745856354,0.953125
24015,0,CF2,L5,0.7,telea,0,6,0.9941651225090027,0,False,0.8803763440860215,0.34408602150537637,1.0
1082,0,CF2,L5,0.7,telea,6,8,0.3214713931083679,0,False,0.8335625859697386,0.35213204951856947,1.0
5573,0,CF2,L5,0.7,telea,8,8,0.25749194622039795,1,False,0.8340080971659919,0.33738191632928477,0.9765625
11289,0,CF2,L5,0.7,telea,1,4,0.6337838172912598,0,False,0.8708333333333333,0.35555555555555557,1.0
1751,0,CF2,L5,0.7,telea,0,6,0.3162839710712433,0,False,0.8733252131546894,0.3118148599269184,1.0
4594,0,CF2,L5,0.7,telea,6,9,0.23287808895111084,0,False,0.8294360385144429,0.35213204951856947,1.0
21127,0,CF2,L5,0.7,telea,8,7,0.5258681178092957,0,False,0.81353591160221,0.3356353591160221,0.94921875
12370,0,CF2,L5,0.7,telea,4,2,0.44028669595718384,0,False,0.8224932249322493,0.31978319783197834,0.921875
4125,0,CF2,L5,0.7,telea,6,6,0.8053908348083496,1,False,0.8245125348189415,0.3342618384401114,0.9375
11008,0,CF2,L5,0.7,telea,1,6,0.3542782664299011,0,False,0.8556005398110661,0.3427800269905533,0.9921875
23395,0,CF2,L5,0.7,telea,7,1,0.5497995615005493,0,False,0.8821138211382114,0.34688346883468835,1.0
3080,0,CF2,L5,0.7,telea,3,7,0.5555596351623535,0,False,0.853185595567867,0.3545706371191136,1.0
22400,0,CF2,L5,0.7,telea,0,8,0.8406532406806946,0,False,0.8198074277854195,0.35213204951856947,1.0
22514,0,CF2,L5,0.7,telea,1,1,0.4723242521286011,1,False,0.8484005563282336,0.3560500695410292,1.0
15137,0,CF2,L5,0.7,telea,0,1,0.47995537519454956,0,False,0.8815426997245179,0.3526170798898072,1.0
6681,0,CF2,L5,0.7,telea,0,7,0.35529613494873047,0,False,0.8421052631578947,0.32793522267206476,0.94921875
5219,0,CF2,L5,0.7,telea,5,3,0.3014627993106842,0,False,0.8342465753424657,0.3493150684931507,0.99609375
2355,0,CF2,L5,0.7,telea,2,1,0.6143093705177307,0,False,0.8333333333333334,0.3526170798898072,1.0
4674,0,CF2,L5,0.7,telea,5,2,0.7931430339813232,0,False,0.8280166435506241,0.3522884882108183,0.9921875
14575,0,CF2,L5,0.7,telea,1,1,0.6623186469078064,1,False,0.8831521739130435,0.34782608695652173,1.0
6563,0,CF2,L5,0.7,telea,5,1,0.9127100110054016,0,False,0.8597222222222223,0.35555555555555557,1.0
17492,0,CF2,L5,0.7,telea,9,3,0.29203298687934875,0,False,0.8360881542699724,0.3526170798898072,1.0
15770,0,CF2,L5,0.7,telea,7,1,0.35598745942115784,0,False,0.8655692729766804,0.3511659807956104,1.0
20830,0,CF2,L5,0.7,telea,1,5,0.3359389901161194,0,False,0.8222811671087533,0.3090185676392573,0.91015625
1777,0,CF2,L5,0.7,telea,2,5,0.5479462742805481,0,False,0.8347222222222223,0.3388888888888889,0.953125
21617,0,CF2,L5,0.7,telea,7,1,0.6292994618415833,0,False,0.8652575957727873,0.3381770145310436,1.0
21293,0,CF2,L5,0.7,telea,4,6,0.25900426506996155,0,False,0.8399452804377565,0.32694938440492477,0.93359375
14504,0,CF2,L5,0.7,telea,0,4,0.5321950316429138,0,False,0.8514986376021798,0.33923705722070846,0.97265625
21236,0,CF2,L5,0.7,telea,7,6,0.9187690019607544,0,False,0.8476454293628809,0.3462603878116344,0.9765625
18558,0,CF2,L5,0.7,telea,4,2,0.543941080570221,0,False,0.7814661134163209,0.33195020746887965,0.9375
22916,0,CF2,L5,0.7,telea,8,3,0.6028004884719849,0,False,0.8725761772853186,0.3545706371191136,1.0
18760,0,CF2,L5,0.7,telea,6,1,0.34198063611984253,0,False,0.8826739427012278,0.34924965893587995,1.0
17389,0,CF2,L5,0.7,telea,8,2,0.8096041083335876,0,False,0.8247978436657682,0.33692722371967654,0.9765625
13155,0,CF2,L5,0.7,telea,8,6,0.4987030327320099,0,False,0.8737864077669902,0.3550624133148405,1.0
13999,0,CF2,L5,0.7,telea,5,1,0.334176242351532,0,False,0.8519021739130435,0.34782608695652173,1.0
10265,0,CF2,L5,0.7,telea,8,6,0.42529478669166565,0,False,0.8746594005449592,0.3460490463215259,0.9921875
17239,0,CF2,L5,0.7,telea,2,1,0.9089949131011963,0,False,0.8806366047745358,0.3395225464190981,1.0
6288,0,CF2,L5,0.7,telea,3,1,0.843670129776001,0,False,0.877914951989026,0.3511659807956104,1.0
11514,0,CF2,L5,0.7,telea,6,5,0.3777303695678711,0,False,0.8165517241379311,0.33379310344827584,0.9453125
23652,0,CF2,L5,0.7,telea,1,1,0.4792400896549225,1,False,0.8664850136239782,0.34332425068119893,0.984375
11939,0,CF2,L5,0.7,telea,6,1,0.6103657484054565,0,False,0.8239339752407153,0.343878954607978,0.9765625
2174,0,CF2,L5,0.7,telea,7,2,0.8626328110694885,0,False,0.8335588633288228,0.3423545331529093,0.98828125
15441,0,CF2,L5,0.7,telea,4,1,0.9335409998893738,0,False,0.8646408839779005,0.35359116022099446,1.0
12260,0,CF2,L5,0.7,telea,1,2,0.6625993847846985,0,False,0.7916666666666666,0.31527777777777777,0.88671875
25046,0,CF2,L5,0.7,telea,6,6,0.5289013385772705,1,False,0.8086253369272237,0.2991913746630728,0.8671875
13958,0,CF2,L5,0.7,telea,9,1,0.7435349225997925,0,False,0.8825910931174089,0.34547908232118757,1.0
20974,0,CF2,L5,0.7,telea,8,2,0.720021665096283,0,False,0.8516042780748663,0.3422459893048128,1.0
10626,0,CF2,L5,0.7,telea,6,7,0.3013013005256653,0,False,0.853185595567867,0.3545706371191136,1.0
22545,0,CF2,L5,0.7,telea,5,3,0.4522942900657654,0,False,0.8827586206896552,0.35310344827586204,1.0
20288,0,CF2,L5,0.7,telea,5,1,0.25488394498825073,0,False,0.8677462887989204,0.34547908232118757,1.0
13790,0,CF2,L5,0.7,telea,7,5,0.4971787631511688,0,False,0.8602739726027397,0.3506849315068493,1.0
2817,0,CF2,L5,0.7,telea,4,2,0.28397032618522644,0,False,0.8423236514522822,0.330567081604426,0.93359375
8344,0,CF2,L5,0.7,telea,4,1,0.4016377627849579,0,False,0.8707015130674003,0.35213204951856947,1.0
11708,0,CF2,L5,0.7,telea,1,5,0.377265065908432,0,False,0.8814016172506739,0.3436657681940701,0.99609375
2379,0,CF2,L5,0.7,telea,1,1,0.6758686304092407,1,False,0.8161559888579387,0.34818941504178275,0.9765625
23602,0,CF2,L5,0.7,telea,2,1,0.36025574803352356,0,False,0.8822714681440443,0.3545706371191136,1.0
24357,0,CF2,L5,0.7,telea,8,1,0.47826632857322693,0,False,0.8940852819807428,0.34800550206327374,0.98828125
16783,0,CF2,L5,0.7,telea,4,1,0.6207199692726135,0,False,0.8537604456824512,0.35236768802228413,0.98828125
11723,0,CF2,L5,0.7,telea,9,2,0.4305386543273926,0,False,0.8633193863319386,0.35704323570432356,1.0
5140,0,CF2,L5,0.7,telea,5,1,0.3654591739177704,0,False,0.8849557522123894,0.32364096080910243,1.0
14563,0,CF2,L5,0.7,telea,1,1,0.8829662203788757,1,False,0.8444444444444444,0.35555555555555557,1.0
11905,0,CF2,L5,0.7,telea,7,6,0.47688648104667664,0,False,0.8386648122392212,0.34492350486787204,0.96875
4657,0,CF2,L5,0.7,telea,5,1,0.7206186652183533,0,False,0.8476454293628809,0.3545706371191136,1.0
9888,0,CF2,L5,0.7,telea,7,1,0.7190872430801392,0,False,0.9012517385257302,0.325452016689847,0.9140625
22827,0,CF2,L5,0.7,telea,6,1,0.8218611478805542,0,False,0.8604972375690608,0.35359116022099446,1.0
23911,0,CF2,L5,0.7,telea,7,1,0.7081586718559265,0,False,0.8681022880215343,0.3445491251682369,1.0
968,0,CF2,L5,0.7,telea,3,2,0.47549527883529663,0,False,0.8424657534246576,0.3424657534246575,0.9765625
18416,0,CF2,L5,0.7,telea,2,1,0.3824036717414856,0,False,0.8703448275862069,0.35310344827586204,1.0
15166,0,CF2,L5,0.7,telea,7,7,0.5077219009399414,1,False,0.8461538461538461,0.3395225464190981,1.0
15537,0,CF2,L5,0.7,telea,6,3,0.3861779570579529,0,False,0.8490304709141274,0.3545706371191136,1.0
112,0,CF2,L5,0.7,telea,6,2,0.7667292356491089,0,False,0.8698060941828255,0.3545706371191136,1.0
9754,0,CF2,L5,0.7,telea,8,7,0.26595380902290344,0,False,0.8250336473755047,0.3405114401076716,0.98828125
3827,0,CF2,L5,0.7,telea,1,2,0.9480281472206116,0,False,0.8428372739916551,0.3560500695410292,1.0
16427,0,CF2,L5,0.7,telea,8,8,0.6939696669578552,1,False,0.819047619047619,0.2816326530612245,0.80859375
4853,0,CF2,L5,0.7,telea,8,7,0.3408381938934326,0,False,0.8496644295302014,0.3315436241610738,0.96484375
5025,0,CF2,L5,0.7,telea,8,1,0.4656655788421631,0,False,0.8368700265251989,0.3395225464190981,1.0
5497,0,CF2,L5,0.7,telea,5,5,0.6077542304992676,1,False,0.8194444444444444,0.33611111111111114,0.9453125
415,0,CF2,L5,0.7,telea,5,1,0.3667476177215576,0,False,0.8595800524934383,0.3346456692913386,0.99609375
6055,0,CF2,L5,0.7,telea,2,2,0.6707430481910706,1,False,0.8682385575589459,0.3550624133148405,1.0
4242,0,CF2,L5,0.7,telea,6,2,0.3804832696914673,0,False,0.8312586445366529,0.33748271092669435,0.953125
16007,0,CF2,L5,0.7,telea,3,4,0.5951068997383118,0,False,0.8587105624142661,0.3511659807956104,1.0
16184,0,CF2,L5,0.7,telea,6,8,0.6282212138175964,0,False,0.8537931034482759,0.34758620689655173,0.984375
15180,0,CF2,L5,0.7,telea,2,1,0.675202488899231,0,False,0.8281036834924966,0.339699863574352,0.97265625
16402,0,CF2,L5,0.7,telea,3,1,0.8191522359848022,0,False,0.8537931034482759,0.35310344827586204,1.0
12883,0,CF2,L5,0.7,telea,7,1,0.3614712655544281,0,False,0.8394557823129252,0.3442176870748299,0.98828125
12596,0,CF2,L5,0.7,telea,2,2,0.5481288433074951,1,False,0.8232044198895028,0.3494475138121547,0.98828125
13383,0,CF2,L5,0.7,telea,0,4,0.8338184356689453,0,False,0.7980769230769231,0.34065934065934067,0.96875
17140,0,CF2,L5,0.7,telea,0,0,0.8142707943916321,1,False,0.8474341192787794,0.3342579750346741,0.94140625
11249,0,CF2,L5,0.7,telea,7,7,0.500182032585144,1,False,0.8324175824175825,0.3489010989010989,0.9921875
2927,0,CF2,L5,0.7,telea,3,1,0.3608151078224182,0,False,0.874826147426982,0.3560500695410292,1.0
13380,0,CF2,L5,0.7,telea,3,2,0.4223693609237671,0,False,0.8358620689655173,0.34206896551724136,0.96875
24593,0,CF2,L5,0.7,telea,5,4,0.24740202724933624,0,False,0.8257261410788381,0.3457814661134163,0.9765625
14507,0,CF2,L5,0.7,telea,8,1,0.3684343993663788,0,False,0.8879892037786775,0.34547908232118757,1.0
9355,0,CF2,L5,0.7,telea,8,7,0.5038443207740784,0,False,0.8489304812834224,0.339572192513369,0.9921875
3943,0,CF2,L5,0.7,telea,3,1,0.7537099719047546,0,False,0.8753315649867374,0.3395225464190981,1.0
4913,0,CF2,L5,0.7,telea,4,1,0.8172186613082886,0,False,0.8629032258064516,0.34408602150537637,1.0
23440,0,CF2,L5,0.7,telea,4,1,0.5446340441703796,0,False,0.8486932599724897,0.35213204951856947,1.0
19289,0,CF2,L5,0.7,telea,7,7,0.5614214539527893,1,False,0.8703956343792633,0.34924965893587995,1.0
17841,0,CF2,L5,0.7,telea,6,2,0.5395112037658691,0,False,0.8408163265306122,0.34829931972789113,1.0
18139,0,CF2,L5,0.7,telea,0,1,0.6089829802513123,0,False,0.8907103825136612,0.34972677595628415,1.0
18549,0,CF2,L5,0.7,telea,7,1,0.49095335602760315,0,False,0.8487738419618529,0.34877384196185285,1.0
7215,0,CF2,L5,0.7,telea,7,1,0.7814269065856934,0,False,0.8565683646112601,0.34316353887399464,1.0
10574,0,CF2,L5,0.7,telea,7,4,0.3570612072944641,0,False,0.8328767123287671,0.3452054794520548,0.984375
10329,0,CF2,L5,0.7,telea,7,1,0.33033886551856995,0,False,0.8259109311740891,0.34547908232118757,1.0
21502,0,CF2,L5,0.7,telea,4,2,0.4769243597984314,0,False,0.8579017264276229,0.3399734395750332,1.0
1209,0,CF2,L5,0.7,telea,8,9,0.5354990363121033,0,False,0.8141112618724559,0.2903663500678426,0.8359375
22202,0,CF2,L5,0.7,telea,6,1,0.6824216246604919,0,False,0.8397790055248618,0.35359116022099446,1.0
12914,0,CF2,L5,0.7,telea,2,6,0.6161229610443115,0,False,0.8284923928077456,0.35131396957123096,0.9921875
23477,0,CF2,L5,0.7,telea,6,8,0.34246164560317993,0,False,0.8478561549100968,0.35408022130013833,1.0
13286,0,CF2,L5,0.7,telea,5,8,0.5149962902069092,0,False,0.819047619047619,0.34285714285714286,0.984375
24957,0,CF2,L5,0.7,telea,2,1,0.7016957402229309,0,False,0.8342541436464088,0.3453038674033149,0.9765625
23215,0,CF2,L5,0.7,telea,9,1,0.4198934733867645,0,False,0.8482849604221636,0.316622691292876,0.9375
8171,0,CF2,L5,0.7,telea,3,6,0.6322133541107178,0,False,0.856760374832664,0.3333333333333333,0.97265625
13427,0,CF2,L5,0.7,telea,4,8,0.3606228530406952,0,False,0.8834688346883469,0.34688346883468835,1.0
1985,0,CF2,L5,0.7,telea,9,1,0.4534042477607727,0,False,0.8569482288828338,0.34877384196185285,1.0
19607,0,CF2,L5,0.7,telea,1,1,0.48440393805503845,1,False,0.8526170798898072,0.3526170798898072,1.0
15138,0,CF2,L5,0.7,telea,4,6,0.5443956851959229,0,False,0.8974008207934336,0.34746922024623805,0.9921875
18496,0,CF2,L5,0.7,telea,3,1,0.8405886292457581,0,False,0.8692098092643051,0.33923705722070846,0.97265625
11341,0,CF2,L5,0.7,telea,5,1,0.5950448513031006,0,False,0.8863636363636364,0.3422459893048128,1.0
3210,0,CF2,L5,0.7,telea,6,1,0.6235092282295227,0,False,0.8143053645116919,0.3425034387895461,0.97265625
9044,0,CF2,L5,0.7,telea,3,3,0.5169611573219299,1,False,0.8612945838837517,0.3381770145310436,1.0
1784,0,CF2,L5,0.7,telea,1,3,0.28779733180999756,0,False,0.7997237569060773,0.3397790055248619,0.9609375
20687,0,CF2,L5,0.7,telea,7,4,0.5510762333869934,0,False,0.8362652232746955,0.30311231393775373,0.875
21479,0,CF2,L5,0.7,telea,1,1,0.9098464846611023,1,False,0.885952712100139,0.3518776077885953,0.98828125
4465,0,CF2,L5,0.7,telea,7,8,0.42807188630104065,0,False,0.8384401114206128,0.35376044568245124,0.9921875
8098,0,CF2,L5,0.7,telea,3,6,0.7935611605644226,0,False,0.8737864077669902,0.3550624133148405,1.0
1105,0,CF2,L5,0.7,telea,1,6,0.606059193611145,0,False,0.878581173260573,0.34924965893587995,1.0
24036,0,CF2,L5,0.7,telea,0,2,0.37289178371429443,0,False,0.8573407202216067,0.3518005540166205,0.9921875
24825,0,CF2,L5,0.7,telea,1,5,0.6916528344154358,0,False,0.863102998696219,0.33376792698826596,1.0
20081,0,CF2,L5,0.7,telea,4,1,0.629785418510437,0,False,0.819047619047619,0.3469387755102041,0.99609375
11780,0,CF2,L5,0.7,telea,5,1,0.6895117163658142,0,False,0.8410041841004184,0.3542538354253835,0.9921875
18228,0,CF2,L5,0.7,telea,2,6,0.6387242078781128,0,False,0.8317107093184979,0.35048678720445064,0.984375
4363,0,CF2,L5,0.7,telea,4,2,0.46100670099258423,0,False,0.8845618915159944,0.3560500695410292,1.0
10210,0,CF2,L5,0.7,telea,7,6,0.5005134344100952,0,False,0.8641975308641975,0.3511659807956104,1.0
7005,0,CF2,L5,0.7,telea,2,8,0.299716055393219,0,False,0.8529819694868238,0.3550624133148405,1.0
7071,0,CF2,L5,0.7,telea,3,4,0.4700263440608978,0,False,0.8304172274562585,0.34185733512786004,0.9921875
25299,0,CF2,L5,0.7,telea,4,5,0.587416410446167,0,False,0.8586956521739131,0.34782608695652173,1.0
3393,0,CF2,L5,0.7,telea,0,4,0.32902640104293823,0,False,0.8736702127659575,0.3377659574468085,0.9921875
10532,0,CF2,L5,0.7,telea,8,1,0.5599278807640076,0,False,0.8591916558018253,0.33376792698826596,1.0
14271,0,CF2,L5,0.7,telea,3,1,0.8505287170410156,0,False,0.8814504881450488,0.3514644351464435,0.984375
12814,0,CF2,L5,0.7,telea,4,1,0.4762735962867737,0,False,0.8581081081081081,0.34324324324324323,0.9921875
1763,0,CF2,L5,0.7,telea,1,3,0.28903505206108093,0,False,0.8707015130674003,0.35075653370013754,0.99609375
2795,0,CF2,L5,0.7,telea,4,1,0.5015543103218079,0,False,0.8607242339832869,0.35376044568245124,0.9921875
5329,0,CF2,L5,0.7,telea,2,4,0.37390202283859253,0,False,0.8537604456824512,0.3565459610027855,1.0
11024,0,CF2,L5,0.7,telea,8,1,0.37402084469795227,0,False,0.8415300546448088,0.34972677595628415,1.0
23383,0,CF2,L5,0.7,telea,6,8,0.5662773847579956,0,False,0.8421052631578947,0.3545706371191136,1.0
582,0,CF2,L5,0.7,telea,2,1,0.47372496128082275,0,False,0.8793565683646113,0.34316353887399464,1.0
20037,0,CF2,L5,0.7,telea,5,5,0.5290515422821045,1,False,0.8242677824267782,0.35704323570432356,1.0
4876,0,CF2,L5,0.7,telea,3,1,0.35870784521102905,0,False,0.8361111111111111,0.3375,0.94921875
16157,0,CF2,L5,0.7,telea,1,1,0.8215824365615845,1,False,0.8495934959349594,0.34688346883468835,1.0
24155,0,CF2,L5,0.7,telea,7,7,0.6679030060768127,1,False,0.850828729281768,0.35359116022099446,1.0
21035,0,CF2,L5,0.7,telea,1,1,0.9765324592590332,1,False,0.8521617852161785,0.34309623430962344,0.9609375
2530,0,CF2,L5,0.7,telea,2,3,0.3481476604938507,0,False,0.8456189151599444,0.34492350486787204,0.96875
20951,0,CF2,L5,0.7,telea,4,1,0.4470810294151306,0,False,0.8675675675675676,0.34459459459459457,0.99609375
9752,0,CF2,L5,0.7,telea,9,1,0.5608806610107422,0,False,0.8581081081081081,0.34594594594594597,1.0
20362,0,CF2,L5,0.7,telea,9,1,0.22999992966651917,0,False,0.8670360110803325,0.3490304709141274,0.984375
5669,0,CF2,L5,0.7,telea,2,1,0.30576545000076294,0,False,0.8495821727019499,0.3565459610027855,1.0
9395,0,CF2,L5,0.7,telea,6,5,0.533786952495575,0,False,0.8767313019390581,0.3490304709141274,0.984375
22115,0,CF2,L5,0.7,telea,2,6,0.9099145531654358,0,False,0.8308525033829499,0.3274695534506089,0.9453125
3784,0,CF2,L5,0.7,telea,5,4,0.5527852773666382,0,False,0.8395378690629012,0.31835686777920413,0.96875
15518,0,CF2,L5,0.7,telea,1,1,0.9154452085494995,1,False,0.8648275862068966,0.35310344827586204,1.0
22913,0,CF2,L5,0.7,telea,1,1,0.9488010406494141,1,False,0.8083333333333333,0.34305555555555556,0.96484375
22485,0,CF2,L5,0.7,telea,8,1,0.6459693312644958,0,False,0.8614958448753463,0.3545706371191136,1.0
14166,0,CF2,L5,0.7,telea,9,1,0.788861095905304,0,False,0.8583333333333333,0.35555555555555557,1.0
4606,0,CF2,L5,0.7,telea,8,1,0.3406009078025818,0,False,0.8532608695652174,0.328804347826087,0.9453125
12043,0,CF2,L5,0.7,telea,8,7,0.4806375801563263,0,False,0.8526170798898072,0.3526170798898072,1.0
20255,0,CF2,L5,0.7,telea,9,1,0.8058688640594482,0,False,0.8711340206185567,0.32989690721649484,1.0
21390,0,CF2,L5,0.7,telea,8,2,0.2737232744693756,0,False,0.8551532033426184,0.3565459610027855,1.0
13388,0,CF2,L5,0.7,telea,6,2,0.4235856533050537,0,False,0.8552631578947368,0.3368421052631579,1.0
9382,0,CF2,L5,0.7,telea,0,3,0.45114538073539734,0,False,0.8184281842818428,0.34010840108401086,0.98046875
11878,0,CF2,L5,0.7,telea,4,3,0.9663800597190857,0,False,0.8215767634854771,0.34854771784232363,0.984375
10774,0,CF2,L5,0.7,telea,1,1,0.9845251441001892,1,False,0.8326745718050066,0.3372859025032938,1.0
2211,0,CF2,L5,0.7,telea,4,1,0.5610173344612122,0,False,0.8981958762886598,0.32989690721649484,1.0
22804,0,CF2,L5,0.7,telea,1,1,0.6247959136962891,1,False,0.8625,0.35555555555555557,1.0
17903,0,CF2,L5,0.7,telea,3,1,0.4138827621936798,0,False,0.8542234332425068,0.34877384196185285,1.0
16889,0,CF2,L5,0.7,telea,1,1,0.9691329002380371,1,False,0.8589041095890411,0.3493150684931507,0.99609375
3013,0,CF2,L5,0.7,telea,8,2,0.6525200009346008,0,False,0.8367911479944675,0.35131396957123096,0.9921875
19919,0,CF2,L5,0.7,telea,8,1,0.4851328730583191,0,False,0.850132625994695,0.3395225464190981,1.0
7911,0,CF2,L5,0.7,telea,0,2,0.3512710928916931,0,False,0.8580814717477004,0.32982917214191854,0.98046875
6473,0,CF2,L5,0.7,telea,5,6,0.8314732313156128,0,False,0.8828451882845189,0.34309623430962344,0.9609375
14963,0,CF2,L5,0.7,telea,2,2,0.6647436618804932,1,False,0.859481582537517,0.3451568894952251,0.98828125
3189,0,CF2,L5,0.7,telea,3,1,0.3514765202999115,0,False,0.849931787175989,0.34924965893587995,1.0
21433,0,CF2,L5,0.7,telea,6,1,0.7947229743003845,0,False,0.8250688705234159,0.3526170798898072,1.0
21534,0,CF2,L5,0.7,telea,9,1,0.7612872123718262,0,False,0.8492392807745505,0.35408022130013833,1.0
4378,0,CF2,L5,0.7,telea,4,4,0.8660498261451721,1,False,0.8142076502732241,0.3251366120218579,0.9296875
4179,0,CF2,L5,0.7,telea,3,7,0.7068450450897217,0,False,0.8467966573816156,0.3565459610027855,1.0
20275,0,CF2,L5,0.7,telea,7,1,0.871317446231842,0,False,0.8704735376044568,0.3565459610027855,1.0
724,0,CF2,L5,0.7,telea,4,2,0.7661864757537842,0,False,0.8527027027027027,0.34324324324324323,0.9921875
15532,0,CF2,L5,0.7,telea,5,2,0.5758303999900818,0,False,0.783068783068783,0.32671957671957674,0.96484375
7808,0,CF2,L5,0.7,telea,4,1,0.438310444355011,0,False,0.8821954484605087,0.3427041499330656,1.0
3185,0,CF2,L5,0.7,telea,7,6,0.39189407229423523,0,False,0.8495339547270306,0.340878828229028,1.0
8217,0,CF2,L5,0.7,telea,5,1,0.4052921235561371,0,False,0.8522571819425444,0.35020519835841313,1.0
15284,0,CF2,L5,0.7,telea,2,2,0.24069693684577942,1,False,0.8415977961432507,0.349862258953168,0.9921875
2195,0,CF2,L5,0.7,telea,1,6,0.3095308840274811,0,False,0.8611111111111112,0.3541666666666667,0.99609375
21296,0,CF2,L5,0.7,telea,0,2,0.6767691969871521,0,False,0.8487738419618529,0.34877384196185285,1.0
14286,0,CF2,L5,0.7,telea,3,3,0.3886772692203522,1,False,0.8292011019283747,0.34573002754820936,0.98046875
4261,0,CF2,L5,0.7,telea,0,1,0.5617700815200806,0,False,0.8800557880055788,0.35704323570432356,1.0
24480,0,CF2,L5,0.7,telea,2,1,0.464191198348999,0,False,0.8775790921595599,0.35213204951856947,1.0
23581,0,CF2,L5,0.7,telea,7,1,0.3754943609237671,0,False,0.8365650969529086,0.3545706371191136,1.0
24364,0,CF2,L5,0.7,telea,7,1,0.3320711851119995,0,False,0.8164383561643835,0.3287671232876712,0.9375
4259,0,CF2,L5,0.7,telea,4,1,0.7917585372924805,0,False,0.8633193863319386,0.35704323570432356,1.0
4323,0,CF2,L5,0.7,telea,8,1,0.3066733181476593,0,False,0.8573407202216067,0.3545706371191136,1.0
26017,0,CF2,L5,0.7,telea,2,4,0.8987941145896912,0,False,0.8502080443828016,0.3536754507628294,0.99609375
4055,0,CF2,L5,0.7,telea,9,2,0.6191537976264954,0,False,0.8464730290456431,0.35269709543568467,0.99609375
23968,0,CF2,L5,0.7,telea,6,2,0.45646044611930847,0,False,0.853021978021978,0.3516483516483517,1.0
4914,0,CF2,L5,0.7,telea,2,1,0.3490145206451416,0,False,0.8539944903581267,0.3415977961432507,0.96875
17310,0,CF2,L5,0.7,telea,7,4,0.9112706184387207,0,False,0.8333333333333334,0.3307291666666667,0.9921875
14981,0,CF2,L5,0.7,telea,2,1,0.4915398955345154,0,False,0.8746594005449592,0.3460490463215259,0.9921875
7511,0,CF2,L5,0.7,telea,6,2,0.4555046856403351,0,False,0.8663967611336032,0.34547908232118757,1.0
4136,0,CF2,L5,0.7,telea,9,7,0.5270649790763855,0,False,0.8695652173913043,0.32608695652173914,0.99609375
8043,0,CF2,L5,0.7,telea,2,5,0.3388676345348358,0,False,0.8652291105121294,0.3423180592991914,0.9921875
14360,0,CF2,L5,0.7,telea,4,1,0.6714468598365784,0,False,0.8642659279778393,0.3545706371191136,1.0
6364,0,CF2,L5,0.7,telea,0,6,0.3761884272098541,0,False,0.8370473537604457,0.3426183844011142,0.9609375
8827,0,CF2,L5,0.7,telea,4,1,0.4452304244041443,0,False,0.8599735799207398,0.3381770145310436,1.0
24886,0,CF2,L5,0.7,telea,9,2,0.45460939407348633,0,False,0.8498659517426274,0.34316353887399464,1.0
21392,0,CF2,L5,0.7,telea,2,2,0.7924310564994812,1,False,0.8314917127071824,0.30939226519337015,0.875
18654,0,CF2,L5,0.7,telea,6,6,0.4882768988609314,1,False,0.8094575799721836,0.3463143254520167,0.97265625
21766,0,CF2,L5,0.7,telea,1,1,0.6581169366836548,1,False,0.8601108033240997,0.3545706371191136,1.0
25433,0,CF2,L5,0.7,telea,8,1,0.4736248850822449,0,False,0.8458333333333333,0.34444444444444444,0.96875
10927,0,CF2,L5,0.7,telea,8,1,0.4774143695831299,0,False,0.8590971272229823,0.3433652530779754,0.98046875
14092,0,CF2,L5,0.7,telea,6,4,0.679448664188385,0,False,0.8457300275482094,0.34297520661157027,0.97265625
20936,0,CF2,L5,0.7,telea,9,8,0.40493467450141907,0,False,0.865047233468286,0.34547908232118757,1.0
23711,0,CF2,L5,0.7,telea,4,7,0.5584219098091125,0,False,0.8581363004172462,0.34909596662030595,0.98046875
19260,0,CF2,L5,0.7,telea,7,9,0.2882460355758667,0,False,0.8629242819843342,0.3289817232375979,0.984375
17360,0,CF2,L5,0.7,telea,3,7,0.5063292980194092,0,False,0.8259052924791086,0.32172701949860727,0.90234375
965,0,CF2,L5,0.7,telea,0,1,0.3164834678173065,0,False,0.8397260273972603,0.3506849315068493,1.0
463,0,CF2,L5,0.7,telea,6,5,0.35936233401298523,0,False,0.8191933240611962,0.33936022253129344,0.953125
8945,0,CF2,L5,0.7,telea,6,1,0.6425371170043945,0,False,0.850974930362117,0.3565459610027855,1.0
14090,0,CF2,L5,0.7,telea,2,4,0.31430381536483765,0,False,0.807743658210948,0.3177570093457944,0.9296875
8479,0,CF2,L5,0.7,telea,9,2,0.8034570813179016,0,False,0.8553546592489569,0.3560500695410292,1.0
24477,0,CF2,L5,0.7,telea,2,2,0.6974571347236633,1,False,0.8363136176066025,0.34112792297111416,0.96875
8195,0,CF2,L5,0.7,telea,0,1,0.6422030925750732,0,False,0.8624484181568088,0.35213204951856947,1.0
1773,0,CF2,L5,0.7,telea,0,5,0.31598085165023804,0,False,0.8262599469496021,0.32625994694960214,0.9609375
11776,0,CF2,L5,0.7,telea,2,4,0.39558953046798706,0,False,0.8704939919893191,0.3417890520694259,1.0
3313,0,CF2,L5,0.7,telea,6,3,0.47759729623794556,0,False,0.8253094910591472,0.3493810178817056,0.9921875
5424,0,CF2,L5,0.7,telea,9,5,0.41592836380004883,0,False,0.8257261410788381,0.35408022130013833,1.0
19606,0,CF2,L5,0.7,telea,2,1,0.5083228349685669,0,False,0.8480325644504749,0.33921302578018997,0.9765625
10110,0,CF2,L5,0.7,telea,9,1,0.5719195008277893,0,False,0.8796791443850267,0.3422459893048128,1.0
22872,0,CF2,L5,0.7,telea,6,7,0.6711107492446899,0,False,0.8536585365853658,0.34688346883468835,1.0
7573,0,CF2,L5,0.7,telea,1,1,0.8146117925643921,1,False,0.8395573997233748,0.35408022130013833,1.0
7105,0,CF2,L5,0.7,telea,3,4,0.7025527358055115,0,False,0.8678720445062587,0.3560500695410292,1.0
18854,0,CF2,L5,0.7,telea,1,1,0.5584791302680969,1,False,0.8348993288590604,0.338255033557047,0.984375
14576,0,CF2,L5,0.7,telea,9,9,0.37755438685417175,1,False,0.8402684563758389,0.3208053691275168,0.93359375
9376,0,CF2,L5,0.7,telea,0,3,0.37873029708862305,0,False,0.8518518518518519,0.33607681755829905,0.95703125
20128,0,CF2,L5,0.7,telea,8,8,0.757836639881134,1,False,0.8585298196948682,0.3550624133148405,1.0
24854,0,CF2,L5,0.7,telea,9,9,0.9320234656333923,1,False,0.8440366972477065,0.3211009174311927,0.95703125
4937,0,CF2,L5,0.7,telea,2,2,0.3924131393432617,1,False,0.8577405857740585,0.35704323570432356,1.0
338,0,CF2,L5,0.7,telea,3,6,0.6524437665939331,0,False,0.8629776021080369,0.3346508563899868,0.9921875
9981,0,CF2,L5,0.7,telea,3,3,0.3628534972667694,1,False,0.8773087071240105,0.3311345646437995,0.98046875
6665,0,CF2,L5,0.7,telea,8,3,0.29572761058807373,0,False,0.8732970027247956,0.34877384196185285,1.0
6704,0,CF2,L5,0.7,telea,0,0,0.5113766193389893,1,False,0.8594164456233422,0.32891246684350134,0.96875
23255,0,CF2,L5,0.7,telea,2,3,0.7430300116539001,0,False,0.8482849604221636,0.33773087071240104,1.0
5355,0,CF2,L5,0.7,telea,5,6,0.41189178824424744,0,False,0.8535564853556485,0.32217573221757323,0.90234375
22422,0,CF2,L5,0.7,telea,1,9,0.4550049602985382,0,False,0.8271092669432918,0.34024896265560167,0.9609375
7367,0,CF2,L5,0.7,telea,9,8,0.3938450813293457,0,False,0.8620689655172413,0.35310344827586204,1.0
13489,0,CF2,L5,0.7,telea,7,1,0.7227872014045715,0,False,0.8731155778894473,0.32160804020100503,1.0
20955,0,CF2,L5,0.7,telea,7,1,0.2646380066871643,0,False,0.8604972375690608,0.35359116022099446,1.0
25439,0,CF2,L5,0.7,telea,9,3,0.9945801496505737,0,False,0.8396094839609484,0.35704323570432356,1.0
12711,0,CF2,L5,0.7,telea,8,3,0.5082221031188965,0,False,0.8855263157894737,0.3368421052631579,1.0
7671,0,CF2,L5,0.7,telea,6,1,0.8059110641479492,0,False,0.8633879781420765,0.34972677595628415,1.0
20420,0,CF2,L5,0.7,telea,8,7,0.520784854888916,0,False,0.8354253835425384,0.3110181311018131,0.87109375
12630,0,CF2,L5,0.7,telea,2,2,0.48105907440185547,1,False,0.8636995827538247,0.3560500695410292,1.0
21394,0,CF2,L5,0.7,telea,1,1,0.3533354699611664,1,False,0.8632596685082873,0.35220994475138123,0.99609375
7095,0,CF2,L5,0.7,telea,1,2,0.6011188626289368,0,False,0.8220689655172414,0.33655172413793105,0.953125
11532,0,CF2,L5,0.7,telea,9,0,0.4698370695114136,0,False,0.8286908077994429,0.3565459610027855,1.0
2853,0,CF2,L5,0.7,telea,3,1,0.6638854146003723,0,False,0.839142091152815,0.34316353887399464,1.0
13487,0,CF2,L5,0.7,telea,0,1,0.91004478931427,0,False,0.8505434782608695,0.34782608695652173,1.0
9350,0,CF2,L5,0.7,telea,9,1,0.8091148138046265,0,False,0.8567493112947658,0.3526170798898072,1.0
24164,0,CF2,L5,0.7,telea,4,8,0.47967055439949036,0,False,0.852054794520548,0.3506849315068493,1.0
23155,0,CF2,L5,0.7,telea,7,7,0.7470611929893494,1,False,0.837431693989071,0.3333333333333333,0.953125
1588,0,CF2,L5,0.7,telea,8,1,0.3981950581073761,0,False,0.8465679676985195,0.3445491251682369,1.0
5400,0,CF2,L5,0.7,telea,5,1,0.5593650341033936,0,False,0.850415512465374,0.3545706371191136,1.0
8913,0,CF2,L5,0.7,telea,6,7,0.3243733048439026,0,False,0.887012987012987,0.33246753246753247,1.0
4990,0,CF2,L5,0.7,telea,8,3,0.15883943438529968,0,False,0.8758085381630013,0.3260025873221216,0.984375
13364,0,CF2,L5,0.7,telea,7,2,0.31859657168388367,0,False,0.8472032742155525,0.34652114597544337,0.9921875
1157,0,CF2,L5,0.7,telea,1,3,0.6792730689048767,0,False,0.8310626702997275,0.3419618528610354,0.98046875
19432,0,CF2,L5,0.7,telea,6,1,0.9953367114067078,0,False,0.8411458333333334,0.3333333333333333,1.0
24861,0,CF2,L5,0.7,telea,1,3,0.5410764813423157,0,False,0.8125854993160054,0.3036935704514364,0.8671875
16303,0,CF2,L5,0.7,telea,0,1,0.46055886149406433,0,False,0.8819444444444444,0.35555555555555557,1.0
23675,0,CF2,L5,0.7,telea,1,2,0.4360109865665436,0,False,0.8636959370904325,0.3302752293577982,0.984375
10816,0,CF2,L5,0.7,telea,5,3,0.3333768844604492,0,False,0.8432732316227461,0.3550624133148405,1.0
25683,0,CF2,L5,0.7,telea,7,6,0.4727723002433777,0,False,0.8385772913816689,0.3283173734610123,0.9375
6680,0,CF2,L5,0.7,telea,7,5,0.4108535945415497,0,False,0.8326359832635983,0.35564853556485354,0.99609375
15541,0,CF2,L5,0.7,telea,1,6,0.46309757232666016,0,False,0.8411602209944752,0.35359116022099446,1.0
129,0,CF2,L5,0.7,telea,9,1,0.8633860349655151,0,False,0.8527027027027027,0.34459459459459457,0.99609375
10977,0,CF2,L5,0.7,telea,5,1,0.8920446038246155,0,False,0.853021978021978,0.3516483516483517,1.0
7518,0,CF2,L5,0.7,telea,5,1,0.20672015845775604,0,False,0.8899328859060402,0.3409395973154362,0.9921875
15350,0,CF2,L5,0.7,telea,0,5,0.54195237159729,0,False,0.8367346938775511,0.3360544217687075,0.96484375
4712,0,CF2,L5,0.7,telea,2,1,0.9124884009361267,0,False,0.8588709677419355,0.34408602150537637,1.0
3234,0,CF2,L5,0.7,telea,1,1,0.896293044090271,1,False,0.8830811554332875,0.35213204951856947,1.0
21292,0,CF2,L5,0.7,telea,8,8,0.3292207419872284,1,False,0.8671232876712329,0.3506849315068493,1.0
6439,0,CF2,L5,0.7,telea,6,6,0.6810234189033508,1,False,0.7967032967032966,0.3173076923076923,0.90234375
16930,0,CF2,L5,0.7,telea,4,1,0.4613689184188843,0,False,0.8299595141700404,0.34547908232118757,1.0
25255,0,CF2,L5,0.7,telea,6,1,0.6826181411743164,0,False,0.8628808864265928,0.3490304709141274,0.984375
5562,0,CF2,L5,0.7,telea,6,1,0.3861030042171478,0,False,0.8654104979811574,0.3445491251682369,1.0
20888,0,CF2,L5,0.7,telea,6,6,0.321296751499176,1,False,0.8376891334250344,0.34112792297111416,0.96875
17907,0,CF2,L5,0.7,telea,0,1,0.5419726967811584,0,False,0.8435374149659864,0.34829931972789113,1.0
15282,0,CF2,L5,0.7,telea,5,3,0.5603809952735901,0,False,0.8073770491803278,0.33879781420765026,0.96875
9564,0,CF2,L5,0.7,telea,5,1,0.5175289511680603,0,False,0.8693877551020408,0.3346938775510204,0.9609375
2105,0,CF2,L5,0.7,telea,5,4,0.8021591305732727,0,False,0.8605577689243028,0.33731739707835323,0.9921875
2188,0,CF2,L5,0.7,telea,5,5,0.4385230839252472,1,False,0.8016085790884718,0.3257372654155496,0.94921875
10587,0,CF2,L5,0.7,telea,9,6,0.42487633228302,0,False,0.8523676880222841,0.3565459610027855,1.0
20421,0,CF2,L5,0.7,telea,8,2,0.6198626756668091,0,False,0.8743243243243243,0.34459459459459457,0.99609375
23070,0,CF2,L5,0.7,telea,0,0,0.6024027466773987,1,False,0.8370165745856354,0.3314917127071823,0.9375
19127,0,CF2,L5,0.7,telea,6,1,0.7581883072853088,0,False,0.8575268817204301,0.34408602150537637,1.0
7302,0,CF2,L5,0.7,telea,3,2,0.5429955124855042,0,False,0.8493150684931506,0.3506849315068493,1.0
8409,0,CF2,L5,0.7,telea,4,6,0.6674634218215942,0,False,0.8597402597402597,0.32857142857142857,0.98828125
11086,0,CF2,L5,0.7,telea,7,7,0.5747284293174744,1,False,0.7938718662952646,0.3342618384401114,0.9375
17122,0,CF2,L5,0.7,telea,5,1,0.4804621636867523,0,False,0.8511821974965229,0.3560500695410292,1.0
3555,0,CF2,L5,0.7,telea,2,1,0.5474157929420471,0,False,0.8530997304582211,0.3450134770889488,1.0
19437,0,CF2,L5,0.7,telea,4,9,0.2813308835029602,0,False,0.8278688524590164,0.3401639344262295,0.97265625
594,0,CF2,L5,0.7,telea,9,2,0.9081765413284302,0,False,0.8107734806629834,0.3370165745856354,0.953125
21863,0,CF2,L5,0.7,telea,3,1,0.2966853678226471,0,False,0.8303448275862069,0.34344827586206894,0.97265625
19765,0,CF2,L5,0.7,telea,5,9,0.3237552344799042,0,False,0.8117154811715481,0.33612273361227335,0.94140625
16909,0,CF2,L5,0.7,telea,2,2,0.29453471302986145,1,False,0.7869986168741355,0.326417704011065,0.921875
21154,0,CF2,L5,0.7,telea,7,2,0.27759504318237305,0,False,0.8311345646437994,0.3337730870712401,0.98828125
18615,0,CF2,L5,0.7,telea,7,6,0.2688213288784027,0,False,0.8609179415855355,0.3518776077885953,0.98828125
18171,0,CF2,L5,0.7,telea,7,2,0.5298445224761963,0,False,0.8614540466392319,0.3497942386831276,0.99609375
24434,0,CF2,L5,0.7,telea,5,3,0.4908759295940399,0,False,0.8716875871687587,0.35704323570432356,1.0
9664,0,CF2,L5,0.7,telea,0,1,0.5089532136917114,0,False,0.8442280945757997,0.3560500695410292,1.0
2013,0,CF2,L5,0.7,telea,5,7,0.4503755271434784,0,False,0.8401585204755614,0.3381770145310436,1.0
13537,0,CF2,L5,0.7,telea,4,2,0.2771490216255188,0,False,0.8734353268428373,0.3560500695410292,1.0
23942,0,CF2,L5,0.7,telea,9,1,0.38476794958114624,0,False,0.871866295264624,0.34401114206128136,0.96484375
12415,0,CF2,L5,0.7,telea,4,1,0.5860148072242737,0,False,0.8081632653061225,0.34829931972789113,1.0
13735,0,CF2,L5,0.7,telea,0,4,0.5896036624908447,0,False,0.8539638386648123,0.3560500695410292,1.0
6873,0,CF2,L5,0.7,telea,1,1,0.9066177606582642,1,False,0.8342541436464088,0.35082872928176795,0.9921875
16233,0,CF2,L5,0.7,telea,2,1,0.38016656041145325,0,False,0.873641304347826,0.34782608695652173,1.0
13108,0,CF2,L5,0.7,telea,5,1,0.6039433479309082,0,False,0.8577405857740585,0.35704323570432356,1.0
18114,0,CF2,L5,0.7,telea,7,1,0.43224793672561646,0,False,0.8486486486486486,0.33918918918918917,0.98046875
25318,0,CF2,L5,0.7,telea,0,1,0.8626488447189331,0,False,0.8607427055702918,0.3395225464190981,1.0
22387,0,CF2,L5,0.7,telea,7,1,0.59786057472229,0,False,0.8630705394190872,0.35408022130013833,1.0
19911,0,CF2,L5,0.7,telea,7,2,0.5875235199928284,0,False,0.7950138504155124,0.3407202216066482,0.9609375
9953,0,CF2,L5,0.7,telea,2,6,0.3304314613342285,0,False,0.8984375,0.3333333333333333,1.0
18500,0,CF2,L5,0.7,telea,1,4,0.828370213508606,0,False,0.8372739916550765,0.35048678720445064,0.984375
12463,0,CF2,L5,0.7,telea,2,2,0.7626898288726807,1,False,0.8353909465020576,0.3511659807956104,1.0
12143,0,CF2,L5,0.7,telea,8,9,0.3062390685081482,0,False,0.8481894150417827,0.33565459610027853,0.94140625
14588,0,CF2,L5,0.7,telea,8,1,0.7512601017951965,0,False,0.8545706371191135,0.3545706371191136,1.0
22152,0,CF2,L5,0.7,telea,2,1,0.9090120792388916,0,False,0.868421052631579,0.3545706371191136,1.0
16563,0,CF2,L5,0.7,telea,4,1,0.3787671625614166,0,False,0.8191933240611962,0.35465924895688455,0.99609375
25225,0,CF2,L5,0.7,telea,9,8,0.5517162084579468,0,False,0.8611111111111112,0.34305555555555556,0.96484375
1161,0,CF2,L5,0.7,telea,2,6,0.3250485062599182,0,False,0.837465564738292,0.34297520661157027,0.97265625
9891,0,CF2,L5,0.7,telea,5,3,0.4269115626811981,0,False,0.8410041841004184,0.35704323570432356,1.0
18833,0,CF2,L5,0.7,telea,2,7,0.523982048034668,0,False,0.797799174690509,0.3204951856946355,0.91015625
6162,0,CF2,L5,0.7,telea,2,1,0.5953656435012817,0,False,0.8702702702702703,0.34594594594594597,1.0
22638,0,CF2,L5,0.7,telea,0,1,0.40044957399368286,0,False,0.8744939271255061,0.34547908232118757,1.0
6112,0,CF2,L5,0.7,telea,6,5,0.47530555725097656,0,False,0.833112582781457,0.3271523178807947,0.96484375
24259,0,CF2,L5,0.7,telea,9,2,0.8065557479858398,0,False,0.8670284938941656,0.3473541383989145,1.0
18029,0,CF2,L5,0.7,telea,2,8,0.35352984070777893,0,False,0.8656126482213439,0.3372859025032938,1.0
13233,0,CF2,L5,0.7,telea,0,2,0.5060268640518188,0,False,0.8587105624142661,0.3511659807956104,1.0
22560,0,CF2,L5,0.7,telea,3,3,0.6365182399749756,1,False,0.811373092926491,0.34674063800277394,0.9765625
17100,0,CF2,L5,0.7,telea,7,3,0.32099464535713196,0,False,0.8261474269819193,0.3337969401947149,0.9375
13394,0,CF2,L5,0.7,telea,7,7,0.6973845362663269,1,False,0.8231292517006803,0.3346938775510204,0.9609375
25173,0,CF2,L5,0.7,telea,3,1,0.414612352848053,0,False,0.8587257617728532,0.3545706371191136,1.0
17342,0,CF2,L5,0.7,telea,4,4,0.8065426349639893,1,False,0.8172942817294282,0.3263598326359833,0.9140625
5881,0,CF2,L5,0.7,telea,1,1,0.2361283302307129,1,False,0.8507670850767085,0.3542538354253835,0.9921875
16982,0,CF2,L5,0.7,telea,3,3,0.5862777233123779,1,False,0.8710990502035278,0.3473541383989145,1.0
12959,0,CF2,L5,0.7,telea,2,1,0.42196816205978394,0,False,0.8524137931034482,0.35172413793103446,0.99609375
3410,0,CF2,L5,0.7,telea,2,2,0.3790631592273712,1,False,0.853625170998632,0.35020519835841313,1.0
1939,0,CF2,L5,0.7,telea,2,3,0.27702030539512634,0,False,0.8444148936170213,0.3390957446808511,0.99609375
13563,0,CF2,L5,0.7,telea,4,1,0.7979540228843689,0,False,0.8559556786703602,0.3545706371191136,1.0
9659,0,CF2,L5,0.7,telea,4,1,0.43020394444465637,0,False,0.8406593406593407,0.34615384615384615,0.984375
23588,0,CF2,L5,0.7,telea,9,6,0.6116819381713867,0,False,0.853185595567867,0.35041551246537395,0.98828125
12156,0,CF2,L5,0.7,telea,9,1,0.4780574440956116,0,False,0.841225626740947,0.35236768802228413,0.98828125
24790,0,CF2,L5,0.7,telea,4,1,0.9359438419342041,0,False,0.8496042216358839,0.33773087071240104,1.0
894,0,CF2,L5,0.7,telea,8,3,0.2821201980113983,0,False,0.8331053351573188,0.3488372093023256,0.99609375
13738,0,CF2,L5,0.7,telea,7,2,0.36600741744041443,0,False,0.8633288227334236,0.34641407307171856,1.0
20555,0,CF2,L5,0.7,telea,5,9,0.2875061631202698,0,False,0.8601747815230961,0.31585518102372034,0.98828125
20457,0,CF2,L5,0.7,telea,3,2,0.3379531502723694,0,False,0.8734353268428373,0.3560500695410292,1.0
24842,0,CF2,L5,0.7,telea,3,1,0.577536404132843,0,False,0.8548168249660787,0.3473541383989145,1.0
11390,0,CF2,L5,0.7,telea,9,6,0.35854849219322205,0,False,0.8535911602209945,0.35359116022099446,1.0
2665,0,CF2,L5,0.7,telea,9,2,0.3447211682796478,0,False,0.8188105117565698,0.34024896265560167,0.9609375
24741,0,CF2,L5,0.7,telea,8,6,0.23357445001602173,0,False,0.837431693989071,0.34153005464480873,0.9765625
17634,0,CF2,L5,0.7,telea,8,1,0.7252709269523621,0,False,0.8297587131367292,0.3351206434316354,0.9765625
16599,0,CF2,L5,0.7,telea,1,1,0.5724548697471619,1,False,0.8608815426997245,0.3526170798898072,1.0
19330,0,CF2,L5,0.7,telea,7,8,0.4611569046974182,0,False,0.832425068119891,0.34332425068119893,0.984375
3257,0,CF2,L5,0.7,telea,1,1,0.6216414570808411,1,False,0.8526603001364257,0.34924965893587995,1.0
1114,0,CF2,L5,0.7,telea,9,6,0.5044746994972229,0,False,0.8456189151599444,0.3560500695410292,1.0
11738,0,CF2,L5,0.7,telea,8,1,0.4233894646167755,0,False,0.854421768707483,0.34829931972789113,1.0
13077,0,CF2,L5,0.7,telea,8,1,0.5195282101631165,0,False,0.8593103448275862,0.35310344827586204,1.0
5168,0,CF2,L5,0.7,telea,3,5,0.7543495893478394,0,False,0.8520055325034578,0.34854771784232363,0.984375
26013,0,CF2,L5,0.7,telea,8,7,0.7441743016242981,0,False,0.8602739726027397,0.3506849315068493,1.0
5611,0,CF2,L5,0.7,telea,7,3,0.2923252582550049,0,False,0.82907133243607,0.32570659488559894,0.9453125
9389,0,CF2,L5,0.7,telea,6,8,0.5562537908554077,0,False,0.8488210818307905,0.3550624133148405,1.0
25070,0,CF2,L5,0.7,telea,2,0,0.5359867811203003,0,False,0.8497913769123783,0.3477051460361613,0.9765625
11322,0,CF2,L5,0.7,telea,8,7,0.46686193346977234,0,False,0.8444444444444444,0.35,0.984375
3051,0,CF2,L5,0.7,telea,0,7,0.3372034430503845,0,False,0.8540829986613119,0.3427041499330656,1.0
18770,0,CF2,L5,0.7,telea,4,1,0.6647642254829407,0,False,0.8331053351573188,0.3378932968536252,0.96484375
14692,0,CF2,L5,0.7,telea,2,2,0.6148412227630615,1,False,0.8310249307479224,0.3490304709141274,0.984375
4561,0,CF2,L5,0.7,telea,5,6,0.2581357955932617,0,False,0.7877947295423023,0.29403606102635227,0.828125
16994,0,CF2,L5,0.7,telea,0,8,0.7526344060897827,0,False,0.8729281767955801,0.35359116022099446,1.0
4156,0,CF2,L5,0.7,telea,5,5,0.2659412622451782,1,False,0.8428372739916551,0.3560500695410292,1.0
5884,0,CF2,L5,0.7,telea,1,4,0.6007141470909119,0,False,0.8428184281842819,0.33062330623306235,0.953125
18233,0,CF2,L5,0.7,telea,0,2,0.8354359865188599,0,False,0.8430555555555556,0.35555555555555557,1.0
17044,0,CF2,L5,0.7,telea,6,8,0.28780466318130493,0,False,0.8304405874499332,0.3417890520694259,1.0
18857,0,CF2,L5,0.7,telea,6,1,0.5164645314216614,0,False,0.8448753462603878,0.3545706371191136,1.0
21917,0,CF2,L5,0.7,telea,9,1,0.5635367631912231,0,False,0.8335644937586685,0.34812760055478503,0.98046875
5054,0,CF2,L5,0.7,telea,3,1,0.5305492877960205,0,False,0.8400556328233658,0.3560500695410292,1.0
7882,0,CF2,L5,0.7,telea,4,1,0.43948379158973694,0,False,0.8644986449864499,0.34688346883468835,1.0
15688,0,CF2,L5,0.7,telea,4,4,0.5824918746948242,1,False,0.8370165745856354,0.3287292817679558,0.9296875
5612,0,CF2,L5,0.7,telea,8,6,0.41915932297706604,0,False,0.8672199170124482,0.32918395573997233,0.9296875
13934,0,CF2,L5,0.7,telea,9,3,0.46191269159317017,0,False,0.8247566063977747,0.3560500695410292,1.0
16689,0,CF2,L5,0.7,telea,2,1,0.5537075996398926,0,False,0.8638814016172507,0.3436657681940701,0.99609375
23844,0,CF2,L5,0.7,telea,6,1,0.20517979562282562,0,False,0.8295165394402035,0.32188295165394404,0.98828125
7944,0,CF2,L5,0.7,telea,7,1,0.8465399146080017,0,False,0.8532110091743119,0.33551769331585846,1.0
11370,0,CF2,L5,0.7,telea,8,2,0.26642394065856934,0,False,0.8534599728629579,0.3310719131614654,0.953125
24569,0,CF2,L5,0.7,telea,1,3,0.4277055561542511,0,False,0.779291553133515,0.30926430517711173,0.88671875
7529,0,CF2,L5,0.7,telea,5,1,0.8670778274536133,0,False,0.8413793103448276,0.35310344827586204,1.0
5092,0,CF2,L5,0.7,telea,2,3,0.3277416229248047,0,False,0.8577405857740585,0.35704323570432356,1.0
20673,0,CF2,L5,0.7,telea,2,1,0.7581631541252136,0,False,0.8401639344262295,0.34972677595628415,1.0
10096,0,CF2,L5,0.7,telea,7,1,0.9167302250862122,0,False,0.8470744680851063,0.3324468085106383,0.9765625
2059,0,CF2,L5,0.7,telea,3,1,0.44669872522354126,0,False,0.8472222222222222,0.3277777777777778,0.921875
19318,0,CF2,L5,0.7,telea,0,1,0.4301365315914154,0,False,0.8328877005347594,0.339572192513369,0.9921875
12977,0,CF2,L5,0.7,telea,8,8,0.4156027138233185,1,False,0.8500669344042838,0.3373493975903614,0.984375
17673,0,CF2,L5,0.7,telea,0,5,0.6394293904304504,0,False,0.8482384823848238,0.34146341463414637,0.984375
18750,0,CF2,L5,0.7,telea,0,5,0.3727011978626251,0,False,0.8379501385041551,0.3490304709141274,0.984375
16728,0,CF2,L5,0.7,telea,3,1,0.9612244963645935,0,False,0.863448275862069,0.35310344827586204,1.0
14776,0,CF2,L5,0.7,telea,8,6,0.630682647228241,0,False,0.8666666666666667,0.34829931972789113,1.0
6941,0,CF2,L5,0.7,telea,9,8,0.2872104346752167,0,False,0.8451882845188284,0.35704323570432356,1.0
16787,0,CF2,L5,0.7,telea,6,1,0.6202482581138611,0,False,0.835635359116022,0.35359116022099446,1.0
25932,0,CF2,L5,0.7,telea,5,2,0.49153953790664673,0,False,0.8285714285714286,0.34285714285714286,0.984375
614,0,CF2,L5,0.7,telea,0,1,0.38113224506378174,0,False,0.8377253814147018,0.3550624133148405,1.0
25690,0,CF2,L5,0.7,telea,5,1,0.46704936027526855,0,False,0.8743455497382199,0.33507853403141363,1.0
25968,0,CF2,L5,0.7,telea,5,4,0.6064874529838562,0,False,0.8324175824175825,0.3489010989010989,0.9921875
20123,0,CF2,L5,0.7,telea,3,2,0.966651439666748,0,False,0.8592105263157894,0.3368421052631579,1.0
13341,0,CF2,L5,0.7,telea,5,2,0.4931875765323639,0,False,0.8647925033467202,0.30254350736278446,0.8828125
24697,0,CF2,L5,0.7,telea,4,8,0.45917049050331116,0,False,0.8407202216066482,0.3545706371191136,1.0
15157,0,CF2,L5,0.7,telea,6,1,0.7103400230407715,0,False,0.8510344827586207,0.35310344827586204,1.0
23115,0,CF2,L5,0.7,telea,1,5,0.2825784981250763,0,False,0.8702928870292888,0.3542538354253835,0.9921875
6396,0,CF2,L5,0.7,telea,0,1,0.9102105498313904,0,False,0.8482758620689655,0.35310344827586204,1.0
19142,0,CF2,L5,0.7,telea,4,5,0.47017112374305725,0,False,0.8339973439575034,0.3399734395750332,1.0
13157,0,CF2,L5,0.7,telea,3,4,0.8358697295188904,0,False,0.8527027027027027,0.34594594594594597,1.0
19866,0,CF2,L5,0.7,telea,1,1,0.3722752630710602,1,False,0.8694481830417228,0.3445491251682369,1.0
25996,0,CF2,L5,0.7,telea,8,8,0.18899253010749817,1,False,0.8201936376210235,0.3333333333333333,0.94140625
25515,0,CF2,L5,0.7,telea,7,1,0.5176095962524414,0,False,0.8437067773167358,0.35408022130013833,1.0
12876,0,CF2,L5,0.7,telea,0,2,0.5908520817756653,0,False,0.8555858310626703,0.33651226158038144,0.96484375
17565,0,CF2,L5,0.7,telea,6,4,0.7028510570526123,0,False,0.8684931506849315,0.3506849315068493,1.0
17511,0,CF2,L5,0.7,telea,4,1,0.4678768515586853,0,False,0.8521617852161785,0.35704323570432356,1.0
19996,0,CF2,L5,0.7,telea,0,1,0.6875476241111755,0,False,0.8407557354925776,0.340080971659919,0.984375
12807,0,CF2,L5,0.7,telea,1,1,0.922616183757782,1,False,0.8740157480314961,0.3359580052493438,1.0
11001,0,CF2,L5,0.7,telea,9,8,0.43403708934783936,0,False,0.8335625859697386,0.35213204951856947,1.0
13107,0,CF2,L5,0.7,telea,0,2,0.8394341468811035,0,False,0.8427586206896551,0.34620689655172415,0.98046875
12641,0,CF2,L5,0.7,telea,6,1,0.7747818231582642,0,False,0.8555555555555555,0.3333333333333333,0.9375
22667,0,CF2,L5,0.7,telea,5,1,0.43233203887939453,0,False,0.8199445983379502,0.35318559556786705,0.99609375
7310,0,CF2,L5,0.7,telea,7,1,0.5246646404266357,0,False,0.8166666666666667,0.3527777777777778,0.9921875
764,0,CF2,L5,0.7,telea,1,2,0.4604707360267639,0,False,0.8265027322404371,0.32650273224043713,0.93359375
14813,0,CF2,L5,0.7,telea,4,1,0.9650853872299194,0,False,0.862533692722372,0.3450134770889488,1.0
7132,0,CF2,L5,0.7,telea,2,2,0.567452073097229,1,False,0.86593707250342,0.35020519835841313,1.0
23884,0,CF2,L5,0.7,telea,1,1,0.5172376036643982,1,False,0.84375,0.34782608695652173,1.0
22735,0,CF2,L5,0.7,telea,8,1,0.5467782020568848,0,False,0.8427586206896551,0.35310344827586204,1.0
12483,0,CF2,L5,0.7,telea,2,2,0.6421575546264648,1,False,0.8402203856749312,0.3526170798898072,1.0
10442,0,CF2,L5,0.7,telea,6,0,0.6895398497581482,0,False,0.8010610079575596,0.27718832891246686,0.81640625
3733,0,CF2,L5,0.7,telea,8,6,0.7209356427192688,0,False,0.8510928961748634,0.34972677595628415,1.0
20089,0,CF2,L5,0.7,telea,4,1,0.598364531993866,0,False,0.8792650918635171,0.3359580052493438,1.0
20411,0,CF2,L5,0.7,telea,4,8,0.43828997015953064,0,False,0.8161559888579387,0.3551532033426184,0.99609375
10695,0,CF2,L5,0.7,telea,4,6,0.5046464204788208,0,False,0.826265389876881,0.33652530779753764,0.9609375
11992,0,CF2,L5,0.7,telea,2,1,0.7993462085723877,0,False,0.8539638386648123,0.3560500695410292,1.0
20712,0,CF2,L5,0.7,telea,7,1,0.7933389544487,0,False,0.8472032742155525,0.34924965893587995,1.0
6518,0,CF2,L5,0.7,telea,8,6,0.3045247495174408,0,False,0.8836565096952909,0.3545706371191136,1.0
6015,0,CF2,L5,0.7,telea,9,2,0.7773756980895996,0,False,0.8839634941329857,0.33376792698826596,1.0
8396,0,CF2,L5,0.7,telea,5,1,0.5341368317604065,0,False,0.8468965517241379,0.3489655172413793,0.98828125
12097,0,CF2,L5,0.7,telea,9,9,0.5019704103469849,1,False,0.7922769640479361,0.3395472703062583,0.99609375
12565,0,CF2,L5,0.7,telea,2,1,0.4035385549068451,0,False,0.833103448275862,0.34344827586206894,0.97265625
22474,0,CF2,L5,0.7,telea,4,2,0.43195343017578125,0,False,0.8534599728629579,0.3473541383989145,1.0
25110,0,CF2,L5,0.7,telea,9,8,0.2858926057815552,0,False,0.8259705488621151,0.3360107095046854,0.98046875
8275,0,CF2,L5,0.7,telea,8,8,0.6639136075973511,1,False,0.8466850828729282,0.35359116022099446,1.0
3871,0,CF2,L5,0.7,telea,1,7,0.2802668511867523,0,False,0.8122392211404729,0.35465924895688455,0.99609375
24639,0,CF2,L5,0.7,telea,2,4,0.2795541286468506,0,False,0.8708333333333333,0.3527777777777778,0.9921875
15979,0,CF2,L5,0.7,telea,3,2,0.2230270802974701,0,False,0.8559670781893004,0.3511659807956104,1.0
24513,0,CF2,L5,0.7,telea,6,1,0.9620455503463745,0,False,0.8495212038303693,0.3392612859097127,0.96875
10926,0,CF2,L5,0.7,telea,7,1,0.2817072868347168,0,False,0.871313672922252,0.34316353887399464,1.0
25564,0,CF2,L5,0.7,telea,0,8,0.4505959451198578,0,False,0.8655913978494624,0.34408602150537637,1.0
2118,0,CF2,L5,0.7,telea,0,1,0.3895348012447357,0,False,0.8506224066390041,0.35408022130013833,1.0
4358,0,CF2,L5,0.7,telea,9,1,0.34775105118751526,0,False,0.8416666666666667,0.35555555555555557,1.0
5674,0,CF2,L5,0.7,telea,8,0,0.8560338616371155,0,False,0.8350125944584383,0.3136020151133501,0.97265625
3397,0,CF2,L5,0.7,telea,7,8,0.405863881111145,0,False,0.8523676880222841,0.3565459610027855,1.0
5183,0,CF2,L5,0.7,telea,7,0,0.22320984303951263,0,False,0.831989247311828,0.3387096774193548,0.984375
7505,0,CF2,L5,0.7,telea,9,1,0.9313936233520508,0,False,0.8256130790190735,0.3474114441416894,0.99609375
17539,0,CF2,L5,0.7,telea,0,2,0.22407588362693787,0,False,0.8200836820083682,0.3528591352859135,0.98828125
23918,0,CF2,L5,0.7,telea,6,2,0.3476647138595581,0,False,0.8407202216066482,0.35041551246537395,0.98828125
19449,0,CF2,L5,0.7,telea,2,1,0.6319377422332764,0,False,0.8842975206611571,0.3526170798898072,1.0
18599,0,CF2,L5,0.7,telea,3,1,0.8668012022972107,0,False,0.8676880222841226,0.3565459610027855,1.0
8175,0,CF2,L5,0.7,telea,8,1,0.3008514940738678,0,False,0.8581267217630854,0.3526170798898072,1.0
18412,0,CF2,L5,0.7,telea,7,1,0.3961394727230072,0,False,0.876358695652174,0.34646739130434784,0.99609375
20667,0,CF2,L5,0.7,telea,1,1,0.2554561495780945,1,False,0.8462566844919787,0.3422459893048128,1.0
8672,0,CF2,L5,0.7,telea,9,8,0.5141811370849609,0,False,0.8476454293628809,0.3518005540166205,0.9921875
22087,0,CF2,L5,0.7,telea,1,1,0.6538190841674805,1,False,0.8616874135546335,0.35408022130013833,1.0
6910,0,CF2,L5,0.7,telea,2,2,0.8769958019256592,1,False,0.8683853459972863,0.3473541383989145,1.0
19205,0,CF2,L5,0.7,telea,3,8,0.45997151732444763,0,False,0.8475935828877005,0.3114973262032086,0.91015625
10581,0,CF2,L5,0.7,telea,3,1,0.7680979371070862,0,False,0.848,0.3373333333333333,0.98828125
14516,0,CF2,L5,0.7,telea,4,1,0.6504480242729187,0,False,0.8428372739916551,0.3560500695410292,1.0
22602,0,CF2,L5,0.7,telea,4,4,0.8755589127540588,1,False,0.8361508452535761,0.33029908972691807,0.9921875
1944,0,CF2,L5,0.7,telea,0,1,0.3553787171840668,0,False,0.8699861687413555,0.35408022130013833,1.0
19718,0,CF2,L5,0.7,telea,0,2,0.35394251346588135,0,False,0.8108484005563282,0.3087621696801113,0.8671875
15599,0,CF2,L5,0.7,telea,7,1,0.7065969705581665,0,False,0.899171270718232,0.35359116022099446,1.0
16766,0,CF2,L5,0.7,telea,9,0,0.38072651624679565,0,False,0.8267195767195767,0.28835978835978837,0.8515625
12317,0,CF2,L5,0.7,telea,5,1,0.4528194069862366,0,False,0.8654592496765847,0.3311772315653299,1.0
6275,0,CF2,L5,0.7,telea,6,1,0.6826372742652893,0,False,0.8527777777777777,0.35555555555555557,1.0
14332,0,CF2,L5,0.7,telea,3,2,0.7342928051948547,0,False,0.786472148541114,0.3183023872679045,0.9375
25615,0,CF2,L5,0.7,telea,8,8,0.7053838968276978,1,False,0.896032831737346,0.35020519835841313,1.0
7680,0,CF2,L5,0.7,telea,7,3,0.6046385765075684,0,False,0.8471023427866831,0.3156596794081381,1.0
22105,0,CF2,L5,0.7,telea,7,1,0.5985527634620667,0,False,0.8744769874476988,0.35704323570432356,1.0
19179,0,CF2,L5,0.7,telea,5,7,0.7164736986160278,0,False,0.8693259972489684,0.34800550206327374,0.98828125
22379,0,CF2,L5,0.7,telea,5,2,0.5236383676528931,0,False,0.8469387755102041,0.32653061224489793,1.0
11796,0,CF2,L5,0.7,telea,0,6,0.2726530134677887,0,False,0.8163265306122449,0.3292517006802721,0.9453125
16929,0,CF2,L5,0.7,telea,0,4,0.3611902594566345,0,False,0.8324324324324325,0.34459459459459457,0.99609375
20580,0,CF2,L5,0.7,telea,2,1,0.7966048717498779,0,False,0.8617157490396927,0.32778489116517284,1.0
21272,0,CF2,L5,0.7,telea,7,1,0.2171429842710495,0,False,0.8521505376344086,0.34408602150537637,1.0
12963,0,CF2,L5,0.7,telea,4,4,0.8880590200424194,1,False,0.8471074380165289,0.3333333333333333,0.9453125
15648,0,CF2,L5,0.7,telea,9,1,0.4384516477584839,0,False,0.841897233201581,0.3372859025032938,1.0
10831,0,CF2,L5,0.7,telea,6,6,0.42806121706962585,1,False,0.8605299860529986,0.35564853556485354,0.99609375
12228,0,CF2,L5,0.7,telea,3,1,0.45522478222846985,0,False,0.8271604938271605,0.3511659807956104,1.0
2242,0,CF2,L5,0.7,telea,7,5,0.3358328342437744,0,False,0.8528198074277854,0.35213204951856947,1.0
25443,0,CF2,L5,0.7,telea,3,2,0.30959561467170715,0,False,0.8451882845188284,0.35704323570432356,1.0
23913,0,CF2,L5,0.7,telea,1,2,0.5890024304389954,0,False,0.8306451612903226,0.34139784946236557,0.9921875
18452,0,CF2,L5,0.7,telea,1,1,0.5944947600364685,1,False,0.8549511854951185,0.3542538354253835,0.9921875
12210,0,CF2,L5,0.7,telea,0,1,0.334318071603775,0,False,0.850415512465374,0.3545706371191136,1.0
3532,0,CF2,L5,0.7,telea,6,3,0.7875109910964966,0,False,0.8589041095890411,0.3506849315068493,1.0
13678,0,CF2,L5,0.7,telea,9,9,0.2022337019443512,1,False,0.8681757656458056,0.3382157123834887,0.9921875
21370,0,CF2,L5,0.7,telea,5,1,0.41404104232788086,0,False,0.8983957219251337,0.3422459893048128,1.0
23728,0,CF2,L5,0.7,telea,9,3,0.8911950588226318,0,False,0.8386648122392212,0.3560500695410292,1.0
7460,0,CF2,L5,0.7,telea,0,6,0.3593892753124237,0,False,0.8360215053763441,0.34408602150537637,1.0
25354,0,CF2,L5,0.7,telea,2,1,0.37180906534194946,0,False,0.8743386243386243,0.3386243386243386,1.0
18984,0,CF2,L5,0.7,telea,8,2,0.9308900833129883,0,False,0.8630872483221477,0.3436241610738255,1.0
12422,0,CF2,L5,0.7,telea,6,2,0.46518492698669434,0,False,0.8651226158038147,0.34877384196185285,1.0
7413,0,CF2,L5,0.7,telea,4,1,0.5064054727554321,0,False,0.8794233289646134,0.33551769331585846,1.0
