patch_id,seed,family,level,frac,method,true_label,prediction,confidence,correct,bounded_unknown,isolated_missing_frac,mask_overlap_centre,centre_erased_frac
17222,0,CF2,L5,0.7,zero_fill,8,1,0.7117338180541992,0,False,0.8406593406593407,0.3269230769230769,0.9296875
7987,0,CF2,L5,0.7,zero_fill,4,3,0.2678714990615845,0,False,0.8183023872679045,0.32360742705570295,0.953125
14403,0,CF2,L5,0.7,zero_fill,1,4,0.5710012912750244,0,False,0.8865153538050734,0.32977303070761016,0.96484375
12904,0,CF2,L5,0.7,zero_fill,1,1,0.49277573823928833,1,False,0.8523035230352304,0.34688346883468835,1.0
1024,0,CF2,L5,0.7,zero_fill,2,5,0.5555656552314758,0,False,0.8227513227513228,0.3134920634920635,0.92578125
15700,0,CF2,L5,0.7,zero_fill,3,2,0.7521438598632812,0,False,0.8751660026560425,0.3399734395750332,1.0
12639,0,CF2,L5,0.7,zero_fill,7,7,0.38346919417381287,1,False,0.8224932249322493,0.3224932249322493,0.9296875
20658,0,CF2,L5,0.7,zero_fill,4,1,0.2471352368593216,0,False,0.8518005540166205,0.3545706371191136,1.0
2642,0,CF2,L5,0.7,zero_fill,7,6,0.715753972530365,0,False,0.8399452804377565,0.30506155950752395,0.87109375
9392,0,CF2,L5,0.7,zero_fill,9,1,0.45227697491645813,0,False,0.850415512465374,0.3545706371191136,1.0
23357,0,CF2,L5,0.7,zero_fill,5,7,0.34579336643218994,0,False,0.8386666666666667,0.33066666666666666,0.96875
15977,0,CF2,L5,0.7,zero_fill,0,2,0.7294886112213135,0,False,0.8921161825726142,0.35408022130013833,1.0
10440,0,CF2,L5,0.7,zero_fill,0,1,0.648030161857605,0,False,0.8314917127071824,0.35220994475138123,0.99609375
14216,0,CF2,L5,0.7,zero_fill,3,7,0.7259891033172607,0,False,0.840599455040872,0.3474114441416894,0.99609375
18353,0,CF2,L5,0.7,zero_fill,7,0,0.38637596368789673,0,False,0.8555555555555555,0.35555555555555557,1.0
17404,0,CF2,L5,0.7,zero_fill,3,7,0.7980964183807373,0,False,0.8563685636856369,0.34688346883468835,1.0
8424,0,CF2,L5,0.7,zero_fill,8,7,0.3284996449947357,0,False,0.8956884561891516,0.3532684283727399,0.9921875
4744,0,CF2,L5,0.7,zero_fill,8,4,0.2939172685146332,0,False,0.8481182795698925,0.34408602150537637,1.0
18797,0,CF2,L5,0.7,zero_fill,7,1,0.6352097988128662,0,False,0.8556005398110661,0.34547908232118757,1.0
3156,0,CF2,L5,0.7,zero_fill,7,2,0.6445634365081787,0,False,0.8666666666666667,0.3541666666666667,0.99609375
17024,0,CF2,L5,0.7,zero_fill,2,4,0.3573407530784607,0,False,0.8856749311294766,0.3526170798898072,1.0
7807,0,CF2,L5,0.7,zero_fill,8,7,0.4968733787536621,0,False,0.8593314763231198,0.3565459610027855,1.0
138,0,CF2,L5,0.7,zero_fill,0,7,0.2476232498884201,0,False,0.8555858310626703,0.34877384196185285,1.0
20222,0,CF2,L5,0.7,zero_fill,2,1,0.3973611891269684,0,False,0.8569444444444444,0.3527777777777778,0.9921875
24734,0,CF2,L5,0.7,zero_fill,9,4,0.4118233323097229,0,False,0.8553888130968622,0.3451568894952251,0.98828125
8909,0,CF2,L5,0.7,zero_fill,0,1,0.6418628692626953,0,False,0.8755129958960328,0.35020519835841313,1.0
4684,0,CF2,L5,0.7,zero_fill,1,7,0.3848850131034851,0,False,0.850974930362117,0.3565459610027855,1.0
15978,0,CF2,L5,0.7,zero_fill,6,2,0.2599640488624573,0,False,0.830393487109905,0.33649932157394846,0.96875
21495,0,CF2,L5,0.7,zero_fill,7,3,0.7407101392745972,0,False,0.8200836820083682,0.3305439330543933,0.92578125
5107,0,CF2,L5,0.7,zero_fill,6,5,0.7043076157569885,0,False,0.8333333333333334,0.3098958333333333,0.9296875
1914,0,CF2,L5,0.7,zero_fill,2,2,0.3995426893234253,1,False,0.8523489932885906,0.3436241610738255,1.0
21307,0,CF2,L5,0.7,zero_fill,1,7,0.44995415210723877,0,False,0.8556149732620321,0.3422459893048128,1.0
7178,0,CF2,L5,0.7,zero_fill,4,3,0.42429712414741516,0,False,0.8050139275766016,0.32172701949860727,0.90234375
13264,0,CF2,L5,0.7,zero_fill,4,2,0.2400432825088501,0,False,0.8706536856745479,0.3560500695410292,1.0
21507,0,CF2,L5,0.7,zero_fill,1,7,0.3481665849685669,0,False,0.8735019973368842,0.340878828229028,1.0
8399,0,CF2,L5,0.7,zero_fill,9,7,0.6033794283866882,0,False,0.9017735334242838,0.34924965893587995,1.0
4384,0,CF2,L5,0.7,zero_fill,0,1,0.37252724170684814,0,False,0.821236559139785,0.33064516129032256,0.9609375
5820,0,CF2,L5,0.7,zero_fill,0,7,0.42927831411361694,0,False,0.8150134048257373,0.3190348525469169,0.9296875
22865,0,CF2,L5,0.7,zero_fill,0,5,0.9336275458335876,0,False,0.8111111111111111,0.3416666666666667,0.9609375
65,0,CF2,L5,0.7,zero_fill,0,7,0.7204569578170776,0,False,0.8252427184466019,0.34812760055478503,0.98046875
15494,0,CF2,L5,0.7,zero_fill,6,1,0.5930161476135254,0,False,0.8550913838120104,0.3342036553524804,1.0
2327,0,CF2,L5,0.7,zero_fill,5,1,0.5379254221916199,0,False,0.8074792243767313,0.31994459833795014,0.90234375
24596,0,CF2,L5,0.7,zero_fill,7,7,0.5404036045074463,1,False,0.8208333333333333,0.3416666666666667,0.9609375
3825,0,CF2,L5,0.7,zero_fill,5,2,0.36147430539131165,0,False,0.8349514563106796,0.34951456310679613,0.984375
17168,0,CF2,L5,0.7,zero_fill,7,0,0.7875677943229675,0,False,0.8513513513513513,0.34594594594594597,1.0
4357,0,CF2,L5,0.7,zero_fill,3,2,0.35577964782714844,0,False,0.8767123287671232,0.3506849315068493,1.0
2364,0,CF2,L5,0.7,zero_fill,9,2,0.31208521127700806,0,False,0.8785425101214575,0.34547908232118757,1.0
8703,0,CF2,L5,0.7,zero_fill,9,7,0.48274102807044983,0,False,0.8354253835425384,0.35564853556485354,0.99609375
19390,0,CF2,L5,0.7,zero_fill,9,4,0.3706824481487274,0,False,0.8442622950819673,0.34153005464480873,0.9765625
17853,0,CF2,L5,0.7,zero_fill,6,4,0.644365131855011,0,False,0.8344827586206897,0.3393103448275862,0.9609375
4930,0,CF2,L5,0.7,zero_fill,4,7,0.5980585217475891,0,False,0.86,0.3413333333333333,1.0
5314,0,CF2,L5,0.7,zero_fill,8,6,0.4918244481086731,0,False,0.8579387186629527,0.35376044568245124,0.9921875
4478,0,CF2,L5,0.7,zero_fill,8,7,0.3279080092906952,0,False,0.8019390581717452,0.3518005540166205,0.9921875
23679,0,CF2,L5,0.7,zero_fill,4,2,0.9560458064079285,0,False,0.8494055482166446,0.3381770145310436,1.0
5449,0,CF2,L5,0.7,zero_fill,1,5,0.20374104380607605,0,False,0.7819650067294751,0.30955585464333785,0.8984375
24183,0,CF2,L5,0.7,zero_fill,0,1,0.6321837902069092,0,False,0.8623087621696801,0.3560500695410292,1.0
20842,0,CF2,L5,0.7,zero_fill,3,1,0.42240390181541443,0,False,0.8524137931034482,0.35310344827586204,1.0
18825,0,CF2,L5,0.7,zero_fill,9,0,0.5565124154090881,0,False,0.8408163265306122,0.34829931972789113,1.0
6265,0,CF2,L5,0.7,zero_fill,1,2,0.5889987945556641,0,False,0.8038674033149171,0.3453038674033149,0.9765625
24932,0,CF2,L5,0.7,zero_fill,4,0,0.5546543598175049,0,False,0.8337950138504155,0.35318559556786705,0.99609375
14427,0,CF2,L5,0.7,zero_fill,8,7,0.34907376766204834,0,False,0.8569553805774278,0.3359580052493438,1.0
3740,0,CF2,L5,0.7,zero_fill,7,1,0.9382559657096863,0,False,0.86,0.33866666666666667,0.9921875
16809,0,CF2,L5,0.7,zero_fill,9,5,0.29371100664138794,0,False,0.8391699092088197,0.32814526588845655,0.98828125
1136,0,CF2,L5,0.7,zero_fill,1,2,0.43819835782051086,0,False,0.8036211699164345,0.30779944289693595,0.86328125
25757,0,CF2,L5,0.7,zero_fill,5,2,0.2722823917865753,0,False,0.8205479452054795,0.3219178082191781,0.91796875
7356,0,CF2,L5,0.7,zero_fill,4,7,0.4089459180831909,0,False,0.8563899868247694,0.3359683794466403,0.99609375
12298,0,CF2,L5,0.7,zero_fill,0,2,0.8881404995918274,0,False,0.8647140864714087,0.3514644351464435,0.984375
5700,0,CF2,L5,0.7,zero_fill,3,1,0.45782288908958435,0,False,0.8604972375690608,0.3425414364640884,0.96875
22753,0,CF2,L5,0.7,zero_fill,6,1,0.25606420636177063,0,False,0.8402203856749312,0.3443526170798898,0.9765625
16813,0,CF2,L5,0.7,zero_fill,6,2,0.43820706009864807,0,False,0.8438761776581427,0.33781965006729475,0.98046875
7373,0,CF2,L5,0.7,zero_fill,8,1,0.9516758918762207,0,False,0.8540245566166439,0.3451568894952251,0.98828125
20149,0,CF2,L5,0.7,zero_fill,2,7,0.6722061634063721,0,False,0.8263888888888888,0.3472222222222222,0.9765625
15874,0,CF2,L5,0.7,zero_fill,9,7,0.7964525818824768,0,False,0.837874659400545,0.3460490463215259,0.9921875
26011,0,CF2,L5,0.7,zero_fill,0,3,0.44015008211135864,0,False,0.8221614227086184,0.34610123119015046,0.98828125
4196,0,CF2,L5,0.7,zero_fill,9,4,0.9023595452308655,0,False,0.8333333333333334,0.35555555555555557,1.0
11227,0,CF2,L5,0.7,zero_fill,3,7,0.9114739298820496,0,False,0.8628808864265928,0.3545706371191136,1.0
15736,0,CF2,L5,0.7,zero_fill,3,2,0.6549696326255798,0,False,0.7861799217731421,0.3089960886571056,0.92578125
6339,0,CF2,L5,0.7,zero_fill,6,0,0.3373323380947113,0,False,0.8284518828451883,0.3528591352859135,0.98828125
25704,0,CF2,L5,0.7,zero_fill,2,0,0.4755425751209259,0,False,0.8461538461538461,0.3516483516483517,1.0
3190,0,CF2,L5,0.7,zero_fill,7,8,0.23789988458156586,0,False,0.869281045751634,0.32679738562091504,0.9765625
737,0,CF2,L5,0.7,zero_fill,4,4,0.2915044128894806,1,False,0.8619246861924686,0.35704323570432356,1.0
22875,0,CF2,L5,0.7,zero_fill,9,3,0.39078181982040405,0,False,0.8642951251646904,0.33201581027667987,0.984375
22749,0,CF2,L5,0.7,zero_fill,3,2,0.6919093132019043,0,False,0.8909574468085106,0.3404255319148936,1.0
22998,0,CF2,L5,0.7,zero_fill,3,0,0.5445700883865356,0,False,0.8648275862068966,0.35310344827586204,1.0
24210,0,CF2,L5,0.7,zero_fill,5,1,0.22442814707756042,0,False,0.8503401360544217,0.33877551020408164,0.97265625
6800,0,CF2,L5,0.7,zero_fill,4,7,0.8236762285232544,0,False,0.7986301369863014,0.34657534246575344,0.98828125
16602,0,CF2,L5,0.7,zero_fill,9,3,0.19293519854545593,0,False,0.883495145631068,0.3550624133148405,1.0
10822,0,CF2,L5,0.7,zero_fill,6,2,0.4957728683948517,0,False,0.8496551724137931,0.3448275862068966,0.9765625
12822,0,CF2,L5,0.7,zero_fill,1,3,0.3221175968647003,0,False,0.869625520110957,0.3550624133148405,1.0
12758,0,CF2,L5,0.7,zero_fill,5,1,0.30944305658340454,0,False,0.8433734939759037,0.3333333333333333,0.97265625
21144,0,CF2,L5,0.7,zero_fill,4,7,0.5733195543289185,0,False,0.871866295264624,0.3565459610027855,1.0
4900,0,CF2,L5,0.7,zero_fill,6,7,0.559476912021637,0,False,0.8326359832635983,0.3472803347280335,0.97265625
22888,0,CF2,L5,0.7,zero_fill,9,1,0.4671843349933624,0,False,0.8466850828729282,0.3494475138121547,0.98828125
19935,0,CF2,L5,0.7,zero_fill,9,1,0.266804575920105,0,False,0.8562176165803109,0.3316062176165803,1.0
21896,0,CF2,L5,0.7,zero_fill,7,1,0.43600863218307495,0,False,0.8691460055096418,0.3526170798898072,1.0
3475,0,CF2,L5,0.7,zero_fill,3,3,0.34952884912490845,1,False,0.8535564853556485,0.35704323570432356,1.0
16171,0,CF2,L5,0.7,zero_fill,0,3,0.45514658093452454,0,False,0.7927321668909825,0.2812920592193809,0.81640625
4672,0,CF2,L5,0.7,zero_fill,4,7,0.5175224542617798,0,False,0.8508891928864569,0.35020519835841313,1.0
10146,0,CF2,L5,0.7,zero_fill,2,1,0.6586640477180481,0,False,0.8281461434370772,0.3423545331529093,0.98828125
9207,0,CF2,L5,0.7,zero_fill,7,4,0.41066569089889526,0,False,0.8407202216066482,0.34210526315789475,0.96484375
17745,0,CF2,L5,0.7,zero_fill,9,7,0.8351231217384338,0,False,0.8627717391304348,0.34782608695652173,1.0
432,0,CF2,L5,0.7,zero_fill,7,7,0.3575872778892517,1,False,0.842032967032967,0.33516483516483514,0.953125
6608,0,CF2,L5,0.7,zero_fill,4,7,0.7625381946563721,0,False,0.7988904299583911,0.32038834951456313,0.90234375
25769,0,CF2,L5,0.7,zero_fill,9,5,0.4540243446826935,0,False,0.8518005540166205,0.32409972299168976,0.9140625
14774,0,CF2,L5,0.7,zero_fill,3,4,0.8069314360618591,0,False,0.8638239339752407,0.35213204951856947,1.0
21627,0,CF2,L5,0.7,zero_fill,4,2,0.6378822922706604,0,False,0.8326474622770919,0.33058984910836764,0.94140625
8133,0,CF2,L5,0.7,zero_fill,2,3,0.4006847143173218,0,False,0.845360824742268,0.3118556701030928,0.9453125
12554,0,CF2,L5,0.7,zero_fill,4,2,0.6296738386154175,0,False,0.8519515477792732,0.34185733512786004,0.9921875
10856,0,CF2,L5,0.7,zero_fill,1,1,0.24154634773731232,1,False,0.8843626806833115,0.3363994743758213,1.0
15931,0,CF2,L5,0.7,zero_fill,3,6,0.6286454200744629,0,False,0.8283378746594006,0.32561307901907355,0.93359375
2367,0,CF2,L5,0.7,zero_fill,2,7,0.4050237834453583,0,False,0.8399452804377565,0.3337893296853625,0.953125
25563,0,CF2,L5,0.7,zero_fill,7,7,0.7370847463607788,1,False,0.8695054945054945,0.3516483516483517,1.0
6748,0,CF2,L5,0.7,zero_fill,2,7,0.4998477101325989,0,False,0.8627717391304348,0.34782608695652173,1.0
5368,0,CF2,L5,0.7,zero_fill,8,1,0.45444801449775696,0,False,0.8758526603001364,0.34924965893587995,1.0
25951,0,CF2,L5,0.7,zero_fill,6,7,0.40562525391578674,0,False,0.845108695652174,0.34782608695652173,1.0
22082,0,CF2,L5,0.7,zero_fill,7,0,0.7812613844871521,0,False,0.8650137741046832,0.3526170798898072,1.0
19301,0,CF2,L5,0.7,zero_fill,4,3,0.8265448808670044,0,False,0.8665749656121046,0.35213204951856947,1.0
13302,0,CF2,L5,0.7,zero_fill,4,1,0.40826553106307983,0,False,0.8724559023066486,0.3473541383989145,1.0
15358,0,CF2,L5,0.7,zero_fill,0,1,0.29857438802719116,0,False,0.7856154910096819,0.3333333333333333,0.94140625
23572,0,CF2,L5,0.7,zero_fill,2,2,0.4501662254333496,1,False,0.8884297520661157,0.3526170798898072,1.0
14736,0,CF2,L5,0.7,zero_fill,4,1,0.6596675515174866,0,False,0.8396739130434783,0.34646739130434784,0.99609375
16685,0,CF2,L5,0.7,zero_fill,2,7,0.6495717763900757,0,False,0.8308724832214766,0.3409395973154362,0.9921875
21902,0,CF2,L5,0.7,zero_fill,7,7,0.5078790187835693,1,False,0.8464619492656876,0.3417890520694259,1.0
6713,0,CF2,L5,0.7,zero_fill,5,4,0.3939180374145508,0,False,0.8607764390896921,0.3427041499330656,1.0
8771,0,CF2,L5,0.7,zero_fill,4,7,0.7067023515701294,0,False,0.8302139037433155,0.3422459893048128,1.0
20264,0,CF2,L5,0.7,zero_fill,3,3,0.7161446809768677,1,False,0.8362892223738063,0.32332878581173263,0.92578125
24489,0,CF2,L5,0.7,zero_fill,1,7,0.42876556515693665,0,False,0.8521617852161785,0.35704323570432356,1.0
24852,0,CF2,L5,0.7,zero_fill,1,2,0.4125160574913025,0,False,0.8595271210013908,0.3560500695410292,1.0
6746,0,CF2,L5,0.7,zero_fill,1,1,0.9766916036605835,1,False,0.8200836820083682,0.3542538354253835,0.9921875
5951,0,CF2,L5,0.7,zero_fill,5,0,0.3295086920261383,0,False,0.8243430152143845,0.35408022130013833,1.0
6438,0,CF2,L5,0.7,zero_fill,4,4,0.3087523579597473,1,False,0.8263157894736842,0.31973684210526315,0.94921875
11126,0,CF2,L5,0.7,zero_fill,9,2,0.6754522323608398,0,False,0.8667582417582418,0.34615384615384615,0.984375
24241,0,CF2,L5,0.7,zero_fill,3,2,0.41248318552970886,0,False,0.8441734417344173,0.34688346883468835,1.0
23621,0,CF2,L5,0.7,zero_fill,6,2,0.3813113868236542,0,False,0.8549931600547196,0.34610123119015046,0.98828125
14358,0,CF2,L5,0.7,zero_fill,6,1,0.40529462695121765,0,False,0.8751677852348994,0.3436241610738255,1.0
19003,0,CF2,L5,0.7,zero_fill,6,3,0.2354845553636551,0,False,0.8272980501392758,0.34818941504178275,0.9765625
3760,0,CF2,L5,0.7,zero_fill,9,1,0.8828545212745667,0,False,0.8559556786703602,0.3545706371191136,1.0
1155,0,CF2,L5,0.7,zero_fill,5,1,0.7741180062294006,0,False,0.8562176165803109,0.327720207253886,0.98828125
22044,0,CF2,L5,0.7,zero_fill,8,2,0.5036385655403137,0,False,0.8662162162162163,0.34594594594594597,1.0
17521,0,CF2,L5,0.7,zero_fill,4,2,0.2832847833633423,0,False,0.8655913978494624,0.34408602150537637,1.0
15177,0,CF2,L5,0.7,zero_fill,9,2,0.6924418210983276,0,False,0.8661087866108786,0.35704323570432356,1.0
21080,0,CF2,L5,0.7,zero_fill,0,6,0.3578146994113922,0,False,0.8475935828877005,0.3114973262032086,0.91015625
4507,0,CF2,L5,0.7,zero_fill,5,7,0.47207704186439514,0,False,0.8342465753424657,0.33835616438356164,0.96484375
10600,0,CF2,L5,0.7,zero_fill,7,2,0.3310858905315399,0,False,0.8301404853128991,0.31928480204342274,0.9765625
11754,0,CF2,L5,0.7,zero_fill,1,5,0.5313163995742798,0,False,0.8774373259052924,0.35097493036211697,0.984375
22934,0,CF2,L5,0.7,zero_fill,4,1,0.6059558391571045,0,False,0.8434903047091413,0.3518005540166205,0.9921875
19094,0,CF2,L5,0.7,zero_fill,3,1,0.478940486907959,0,False,0.842896174863388,0.34972677595628415,1.0
25246,0,CF2,L5,0.7,zero_fill,7,1,0.17533531785011292,0,False,0.8581363004172462,0.3560500695410292,1.0
14745,0,CF2,L5,0.7,zero_fill,2,1,0.25177451968193054,0,False,0.8762169680111266,0.3560500695410292,1.0
3177,0,CF2,L5,0.7,zero_fill,8,7,0.4860628545284271,0,False,0.8457300275482094,0.3415977961432507,0.96875
13870,0,CF2,L5,0.7,zero_fill,5,1,0.5238843560218811,0,False,0.8622047244094488,0.32808398950131235,0.9765625
5605,0,CF2,L5,0.7,zero_fill,6,0,0.37777701020240784,0,False,0.8565629228687416,0.3423545331529093,0.98828125
5202,0,CF2,L5,0.7,zero_fill,8,2,0.6279681921005249,0,False,0.7970027247956403,0.30517711171662126,0.875
8800,0,CF2,L5,0.7,zero_fill,5,4,0.30093473196029663,0,False,0.8510344827586207,0.35310344827586204,1.0
645,0,CF2,L5,0.7,zero_fill,3,7,0.5423324108123779,0,False,0.8569482288828338,0.34877384196185285,1.0
16077,0,CF2,L5,0.7,zero_fill,5,0,0.6002766489982605,0,False,0.869220607661823,0.3381770145310436,1.0
15336,0,CF2,L5,0.7,zero_fill,5,1,0.7731729745864868,0,False,0.8453473132372215,0.32765399737876805,0.9765625
20933,0,CF2,L5,0.7,zero_fill,0,2,0.5205267667770386,0,False,0.8464619492656876,0.3391188251001335,0.9921875
10580,0,CF2,L5,0.7,zero_fill,8,5,0.4207194447517395,0,False,0.835635359116022,0.319060773480663,0.90234375
25902,0,CF2,L5,0.7,zero_fill,6,1,0.2421536147594452,0,False,0.8602739726027397,0.34794520547945207,0.9921875
4666,0,CF2,L5,0.7,zero_fill,8,4,0.4217641353607178,0,False,0.7893296853625171,0.29411764705882354,0.83984375
14541,0,CF2,L5,0.7,zero_fill,4,7,0.24762892723083496,0,False,0.8271604938271605,0.3484224965706447,0.9921875
7374,0,CF2,L5,0.7,zero_fill,5,1,0.7709404826164246,0,False,0.8422496570644719,0.3511659807956104,1.0
4697,0,CF2,L5,0.7,zero_fill,5,7,0.4840322434902191,0,False,0.8399452804377565,0.35020519835841313,1.0
6317,0,CF2,L5,0.7,zero_fill,5,7,0.46890944242477417,0,False,0.8402777777777778,0.35555555555555557,1.0
16623,0,CF2,L5,0.7,zero_fill,6,1,0.48072198033332825,0,False,0.8222523744911805,0.3093622795115332,0.890625
16511,0,CF2,L5,0.7,zero_fill,6,2,0.2904789447784424,0,False,0.8672199170124482,0.35408022130013833,1.0
16162,0,CF2,L5,0.7,zero_fill,3,6,0.5262753963470459,0,False,0.8270571827057183,0.3472803347280335,0.97265625
5989,0,CF2,L5,0.7,zero_fill,1,1,0.238492950797081,1,False,0.8457300275482094,0.3443526170798898,0.9765625
18753,0,CF2,L5,0.7,zero_fill,5,1,0.8223276734352112,0,False,0.88,0.3103030303030303,1.0
20853,0,CF2,L5,0.7,zero_fill,4,7,0.6284876465797424,0,False,0.8425414364640884,0.35359116022099446,1.0
16556,0,CF2,L5,0.7,zero_fill,0,7,0.6158090829849243,0,False,0.8382147838214784,0.3542538354253835,0.9921875
7019,0,CF2,L5,0.7,zero_fill,9,2,0.4501442313194275,0,False,0.8557692307692307,0.3516483516483517,1.0
3090,0,CF2,L5,0.7,zero_fill,6,2,0.5356565713882446,0,False,0.8734525447042641,0.35213204951856947,1.0
14680,0,CF2,L5,0.7,zero_fill,3,4,0.3034922778606415,0,False,0.8132780082987552,0.34439834024896265,0.97265625
869,0,CF2,L5,0.7,zero_fill,3,2,0.4094931483268738,0,False,0.8395573997233748,0.3457814661134163,0.9765625
7595,0,CF2,L5,0.7,zero_fill,6,1,0.3828270137310028,0,False,0.8557692307692307,0.35027472527472525,0.99609375
14417,0,CF2,L5,0.7,zero_fill,1,7,0.6604981422424316,0,False,0.8218232044198895,0.3425414364640884,0.96875
13624,0,CF2,L5,0.7,zero_fill,9,3,0.33386924862861633,0,False,0.8150208623087621,0.3101529902642559,0.87109375
21083,0,CF2,L5,0.7,zero_fill,0,0,0.39800333976745605,1,False,0.8409090909090909,0.33689839572192515,0.984375
7556,0,CF2,L5,0.7,zero_fill,1,4,0.38267093896865845,0,False,0.8546433378196501,0.3364737550471063,0.9765625
9289,0,CF2,L5,0.7,zero_fill,8,1,0.2567775547504425,0,False,0.8746701846965699,0.33773087071240104,1.0
19944,0,CF2,L5,0.7,zero_fill,3,1,0.7333946824073792,0,False,0.8490066225165563,0.3390728476821192,1.0
6057,0,CF2,L5,0.7,zero_fill,1,7,0.47006651759147644,0,False,0.8335588633288228,0.34641407307171856,1.0
23029,0,CF2,L5,0.7,zero_fill,8,2,0.2539958357810974,0,False,0.8744769874476988,0.35564853556485354,0.99609375
23668,0,CF2,L5,0.7,zero_fill,5,1,0.4183613955974579,0,False,0.8384401114206128,0.3426183844011142,0.9609375
13115,0,CF2,L5,0.7,zero_fill,8,1,0.6087971329689026,0,False,0.8488529014844804,0.34547908232118757,1.0
20635,0,CF2,L5,0.7,zero_fill,3,2,0.43693479895591736,0,False,0.8460471567267683,0.3550624133148405,1.0
4281,0,CF2,L5,0.7,zero_fill,4,0,0.4543002247810364,0,False,0.8847682119205298,0.3390728476821192,1.0
4139,0,CF2,L5,0.7,zero_fill,9,2,0.32650935649871826,0,False,0.8569444444444444,0.35555555555555557,1.0
10652,0,CF2,L5,0.7,zero_fill,1,3,0.2641655206680298,0,False,0.8540829986613119,0.32262382864792505,0.94140625
700,0,CF2,L5,0.7,zero_fill,1,2,0.9239490032196045,0,False,0.8681318681318682,0.3516483516483517,1.0
5772,0,CF2,L5,0.7,zero_fill,3,3,0.6800851821899414,1,False,0.8390646492434664,0.31911966987620355,0.90625
8114,0,CF2,L5,0.7,zero_fill,9,7,0.6344292759895325,0,False,0.8551532033426184,0.3565459610027855,1.0
5964,0,CF2,L5,0.7,zero_fill,6,3,0.47683456540107727,0,False,0.8368200836820083,0.3458856345885635,0.96875
17278,0,CF2,L5,0.7,zero_fill,7,7,0.4980534613132477,1,False,0.8326417704011065,0.35408022130013833,1.0
9961,0,CF2,L5,0.7,zero_fill,0,2,0.2365097999572754,0,False,0.8337837837837838,0.3054054054054054,0.8828125
25974,0,CF2,L5,0.7,zero_fill,7,3,0.6131795048713684,0,False,0.8314763231197771,0.3245125348189415,0.91015625
14317,0,CF2,L5,0.7,zero_fill,3,6,0.6863909363746643,0,False,0.8117326057298773,0.30286493860845837,0.8671875
6485,0,CF2,L5,0.7,zero_fill,0,7,0.7934001088142395,0,False,0.8453188602442334,0.3473541383989145,1.0
18287,0,CF2,L5,0.7,zero_fill,0,0,0.45722970366477966,1,False,0.8396094839609484,0.34309623430962344,0.9609375
11840,0,CF2,L5,0.7,zero_fill,4,1,0.7367985844612122,0,False,0.8440111420612814,0.3398328690807799,0.953125
864,0,CF2,L5,0.7,zero_fill,0,0,0.5479403138160706,1,False,0.8579310344827586,0.35310344827586204,1.0
20612,0,CF2,L5,0.7,zero_fill,1,2,0.9050990343093872,0,False,0.8548387096774194,0.34408602150537637,1.0
21079,0,CF2,L5,0.7,zero_fill,1,1,0.9554099440574646,1,False,0.8855263157894737,0.3368421052631579,1.0
11286,0,CF2,L5,0.7,zero_fill,5,1,0.5427200198173523,0,False,0.8200836820083682,0.35704323570432356,1.0
788,0,CF2,L5,0.7,zero_fill,0,1,0.4280320405960083,0,False,0.8180555555555555,0.3416666666666667,0.9609375
15932,0,CF2,L5,0.7,zero_fill,3,7,0.4957372546195984,0,False,0.8719346049046321,0.34877384196185285,1.0
18511,0,CF2,L5,0.7,zero_fill,3,7,0.5430810451507568,0,False,0.8577348066298343,0.35359116022099446,1.0
21576,0,CF2,L5,0.7,zero_fill,5,1,0.5718545913696289,0,False,0.8454172366621067,0.35020519835841313,1.0
17237,0,CF2,L5,0.7,zero_fill,2,7,0.6342098116874695,0,False,0.8840381991814461,0.34924965893587995,1.0
2966,0,CF2,L5,0.7,zero_fill,2,3,0.3994065523147583,0,False,0.8191632928475033,0.340080971659919,0.984375
16416,0,CF2,L5,0.7,zero_fill,5,1,0.5108731389045715,0,False,0.8457374830852503,0.34641407307171856,1.0
1280,0,CF2,L5,0.7,zero_fill,5,1,0.3900315761566162,0,False,0.8475274725274725,0.3489010989010989,0.9921875
24928,0,CF2,L5,0.7,zero_fill,0,7,0.9681412577629089,0,False,0.8429752066115702,0.3526170798898072,1.0
23837,0,CF2,L5,0.7,zero_fill,1,3,0.6968393921852112,0,False,0.8513513513513513,0.3418918918918919,0.98828125
20230,0,CF2,L5,0.7,zero_fill,1,7,0.5039932131767273,0,False,0.8707940780619112,0.3445491251682369,1.0
23434,0,CF2,L5,0.7,zero_fill,5,6,0.6197385787963867,0,False,0.7945205479452054,0.30684931506849317,0.875
20522,0,CF2,L5,0.7,zero_fill,6,1,0.5289283990859985,0,False,0.853021978021978,0.3516483516483517,1.0
7789,0,CF2,L5,0.7,zero_fill,3,1,0.6823214888572693,0,False,0.8517520215633423,0.3450134770889488,1.0
22086,0,CF2,L5,0.7,zero_fill,6,0,0.39965441823005676,0,False,0.8607242339832869,0.3565459610027855,1.0
21339,0,CF2,L5,0.7,zero_fill,0,2,0.9141765236854553,0,False,0.8379120879120879,0.3447802197802198,0.98046875
6830,0,CF2,L5,0.7,zero_fill,9,3,0.4323139190673828,0,False,0.8559782608695652,0.34782608695652173,1.0
20902,0,CF2,L5,0.7,zero_fill,2,1,0.45715323090553284,0,False,0.8479776847977685,0.35564853556485354,0.99609375
17481,0,CF2,L5,0.7,zero_fill,5,0,0.34825482964515686,0,False,0.8521617852161785,0.35704323570432356,1.0
3050,0,CF2,L5,0.7,zero_fill,6,1,0.2522462010383606,0,False,0.8741721854304636,0.3350993377483444,0.98828125
409,0,CF2,L5,0.7,zero_fill,1,7,0.342861145734787,0,False,0.8415977961432507,0.34710743801652894,0.984375
14823,0,CF2,L5,0.7,zero_fill,7,1,0.5639536380767822,0,False,0.86468200270636,0.34370771312584575,0.9921875
22892,0,CF2,L5,0.7,zero_fill,9,7,0.5579857230186462,0,False,0.8726287262872628,0.34688346883468835,1.0
9470,0,CF2,L5,0.7,zero_fill,8,1,0.47964543104171753,0,False,0.8425925925925926,0.3333333333333333,0.984375
9543,0,CF2,L5,0.7,zero_fill,6,1,0.4618767201900482,0,False,0.8584905660377359,0.33153638814016173,0.9609375
22090,0,CF2,L5,0.7,zero_fill,5,3,0.2906026542186737,0,False,0.8280166435506241,0.34674063800277394,0.9765625
6045,0,CF2,L5,0.7,zero_fill,6,1,0.4228934347629547,0,False,0.8403247631935047,0.33288227334235454,0.9609375
317,0,CF2,L5,0.7,zero_fill,8,2,0.7931786179542542,0,False,0.853494623655914,0.3387096774193548,0.984375
15812,0,CF2,L5,0.7,zero_fill,0,1,0.29894641041755676,0,False,0.8697986577181208,0.3436241610738255,1.0
18170,0,CF2,L5,0.7,zero_fill,9,2,0.47029390931129456,0,False,0.8755186721991701,0.35408022130013833,1.0
14781,0,CF2,L5,0.7,zero_fill,0,2,0.5191728472709656,0,False,0.8883048620236531,0.3363994743758213,1.0
17886,0,CF2,L5,0.7,zero_fill,9,2,0.2882709503173828,0,False,0.840499306518724,0.3550624133148405,1.0
20049,0,CF2,L5,0.7,zero_fill,3,7,0.469961553812027,0,False,0.8314763231197771,0.34958217270194986,0.98046875
13283,0,CF2,L5,0.7,zero_fill,0,2,0.9737330675125122,0,False,0.8845618915159944,0.3560500695410292,1.0
25830,0,CF2,L5,0.7,zero_fill,5,5,0.5389062166213989,1,False,0.8403141361256544,0.3285340314136126,0.98046875
14277,0,CF2,L5,0.7,zero_fill,9,1,0.3788115084171295,0,False,0.8830645161290323,0.34408602150537637,1.0
5908,0,CF2,L5,0.7,zero_fill,1,1,0.4574921429157257,1,False,0.8476454293628809,0.3545706371191136,1.0
9731,0,CF2,L5,0.7,zero_fill,8,7,0.1875963658094406,0,False,0.8016304347826086,0.3423913043478261,0.984375
14180,0,CF2,L5,0.7,zero_fill,9,3,0.8275126218795776,0,False,0.8224687933425797,0.3259361997226075,0.91796875
9246,0,CF2,L5,0.7,zero_fill,2,7,0.39905330538749695,0,False,0.8433242506811989,0.3419618528610354,0.98046875
1656,0,CF2,L5,0.7,zero_fill,2,3,0.28302696347236633,0,False,0.8486486486486486,0.34594594594594597,1.0
17712,0,CF2,L5,0.7,zero_fill,1,1,0.26516827940940857,1,False,0.851261620185923,0.3386454183266932,0.99609375
25544,0,CF2,L5,0.7,zero_fill,9,2,0.5953679084777832,0,False,0.8256624825662483,0.3389121338912134,0.94921875
1120,0,CF2,L5,0.7,zero_fill,5,2,0.30462199449539185,0,False,0.8410041841004184,0.3403068340306834,0.953125
1298,0,CF2,L5,0.7,zero_fill,6,7,0.42133617401123047,0,False,0.7947658402203857,0.33884297520661155,0.9609375
25570,0,CF2,L5,0.7,zero_fill,2,2,0.39363372325897217,1,False,0.8619246861924686,0.35704323570432356,1.0
5370,0,CF2,L5,0.7,zero_fill,7,2,0.47236573696136475,0,False,0.8518005540166205,0.3462603878116344,0.9765625
19075,0,CF2,L5,0.7,zero_fill,2,5,0.4827299118041992,0,False,0.8369565217391305,0.32608695652173914,0.9375
8583,0,CF2,L5,0.7,zero_fill,0,1,0.3067019581794739,0,False,0.8718291054739653,0.3417890520694259,1.0
2133,0,CF2,L5,0.7,zero_fill,0,2,0.4945404529571533,0,False,0.8768606224627875,0.34641407307171856,1.0
1982,0,CF2,L5,0.7,zero_fill,2,7,0.7474627494812012,0,False,0.8486111111111111,0.35555555555555557,1.0
950,0,CF2,L5,0.7,zero_fill,8,1,0.45865899324417114,0,False,0.8465753424657534,0.3506849315068493,1.0
19563,0,CF2,L5,0.7,zero_fill,4,1,0.23980401456356049,0,False,0.8676880222841226,0.3565459610027855,1.0
21023,0,CF2,L5,0.7,zero_fill,6,8,0.4917876124382019,0,False,0.8342618384401114,0.3426183844011142,0.9609375
15687,0,CF2,L5,0.7,zero_fill,0,2,0.7198435068130493,0,False,0.844566712517194,0.32737276478679506,0.9296875
6444,0,CF2,L5,0.7,zero_fill,6,0,0.5797528028488159,0,False,0.8681318681318682,0.3516483516483517,1.0
15735,0,CF2,L5,0.7,zero_fill,4,4,0.6677023768424988,1,False,0.8803088803088803,0.32175032175032175,0.9765625
10651,0,CF2,L5,0.7,zero_fill,0,2,0.7024084329605103,0,False,0.862116991643454,0.3064066852367688,0.859375
13256,0,CF2,L5,0.7,zero_fill,1,7,0.2632603347301483,0,False,0.8784676354029062,0.33025099075297226,0.9765625
16855,0,CF2,L5,0.7,zero_fill,6,7,0.5036113262176514,0,False,0.8408163265306122,0.34829931972789113,1.0
14884,0,CF2,L5,0.7,zero_fill,9,0,0.7024140954017639,0,False,0.871900826446281,0.3526170798898072,1.0
21884,0,CF2,L5,0.7,zero_fill,6,1,0.39634624123573303,0,False,0.8703448275862069,0.3503448275862069,0.9921875
5078,0,CF2,L5,0.7,zero_fill,3,2,0.5547323226928711,0,False,0.8724279835390947,0.3511659807956104,1.0
20419,0,CF2,L5,0.7,zero_fill,9,1,0.5111802220344543,0,False,0.8390646492434664,0.34800550206327374,0.98828125
20521,0,CF2,L5,0.7,zero_fill,5,2,0.34023305773735046,0,False,0.8477366255144033,0.3511659807956104,1.0
23257,0,CF2,L5,0.7,zero_fill,5,1,0.8784933090209961,0,False,0.850974930362117,0.3565459610027855,1.0
17190,0,CF2,L5,0.7,zero_fill,2,1,0.695702314376831,0,False,0.8769430051813472,0.3316062176165803,1.0
15631,0,CF2,L5,0.7,zero_fill,8,1,0.9242222309112549,0,False,0.8268698060941828,0.3476454293628809,0.98046875
504,0,CF2,L5,0.7,zero_fill,0,7,0.32640036940574646,0,False,0.8326474622770919,0.3319615912208505,0.9453125
14990,0,CF2,L5,0.7,zero_fill,3,0,0.45043709874153137,0,False,0.8547717842323651,0.35408022130013833,1.0
24512,0,CF2,L5,0.7,zero_fill,8,1,0.5099022388458252,0,False,0.8396094839609484,0.35704323570432356,1.0
23120,0,CF2,L5,0.7,zero_fill,7,1,0.3611563742160797,0,False,0.8597402597402597,0.33246753246753247,1.0
3357,0,CF2,L5,0.7,zero_fill,2,5,0.15529859066009521,0,False,0.8088033012379643,0.33700137551581844,0.95703125
8088,0,CF2,L5,0.7,zero_fill,1,2,0.8664475083351135,0,False,0.8478561549100968,0.35408022130013833,1.0
21849,0,CF2,L5,0.7,zero_fill,9,1,0.1765909343957901,0,False,0.8858321870701513,0.33837689133425036,0.9609375
13683,0,CF2,L5,0.7,zero_fill,0,2,0.5922963619232178,0,False,0.868,0.3413333333333333,1.0
22718,0,CF2,L5,0.7,zero_fill,9,1,0.5020716190338135,0,False,0.8472972972972973,0.34054054054054056,0.984375
9927,0,CF2,L5,0.7,zero_fill,4,7,0.6334165930747986,0,False,0.8384512683578104,0.3204272363150868,0.9375
11425,0,CF2,L5,0.7,zero_fill,0,7,0.5024945735931396,0,False,0.8179310344827586,0.3406896551724138,0.96484375
14578,0,CF2,L5,0.7,zero_fill,0,1,0.5655494928359985,0,False,0.8592896174863388,0.34972677595628415,1.0
25481,0,CF2,L5,0.7,zero_fill,8,6,0.28723570704460144,0,False,0.8423988842398884,0.3528591352859135,0.98828125
11269,0,CF2,L5,0.7,zero_fill,5,1,0.4573724567890167,0,False,0.8481532147742818,0.3488372093023256,0.99609375
12877,0,CF2,L5,0.7,zero_fill,5,7,0.9535086750984192,0,False,0.881578947368421,0.3368421052631579,1.0
22531,0,CF2,L5,0.7,zero_fill,9,2,0.41758641600608826,0,False,0.8694481830417228,0.3445491251682369,1.0
13150,0,CF2,L5,0.7,zero_fill,3,1,0.36130520701408386,0,False,0.8659147869674185,0.3208020050125313,1.0
5654,0,CF2,L5,0.7,zero_fill,8,7,0.3522290587425232,0,False,0.8789115646258503,0.3442176870748299,0.98828125
1286,0,CF2,L5,0.7,zero_fill,7,2,0.7173327207565308,0,False,0.8497970230040596,0.3382949932341001,0.9765625
1652,0,CF2,L5,0.7,zero_fill,1,7,0.29439422488212585,0,False,0.8513513513513513,0.34459459459459457,0.99609375
22335,0,CF2,L5,0.7,zero_fill,2,3,0.7232359051704407,0,False,0.8445945945945946,0.3027027027027027,0.875
23848,0,CF2,L5,0.7,zero_fill,3,2,0.7210147976875305,0,False,0.8195592286501377,0.3168044077134986,0.8984375
2892,0,CF2,L5,0.7,zero_fill,6,7,0.4360341429710388,0,False,0.8627187079407806,0.3445491251682369,1.0
16530,0,CF2,L5,0.7,zero_fill,8,7,0.805708110332489,0,False,0.8571428571428571,0.3516483516483517,1.0
12848,0,CF2,L5,0.7,zero_fill,8,2,0.5119282007217407,0,False,0.8538251366120219,0.33879781420765026,0.96875
7330,0,CF2,L5,0.7,zero_fill,7,2,0.8816297054290771,0,False,0.8708791208791209,0.3516483516483517,1.0
3676,0,CF2,L5,0.7,zero_fill,1,2,0.5807818174362183,0,False,0.8575342465753425,0.33424657534246577,0.953125
19966,0,CF2,L5,0.7,zero_fill,8,1,0.7973975539207458,0,False,0.8416779431664412,0.34100135317997293,0.984375
8382,0,CF2,L5,0.7,zero_fill,5,2,0.5341832041740417,0,False,0.8466850828729282,0.3494475138121547,0.98828125
19660,0,CF2,L5,0.7,zero_fill,7,1,0.6459442377090454,0,False,0.83399209486166,0.3372859025032938,1.0
2508,0,CF2,L5,0.7,zero_fill,9,7,0.4697093069553375,0,False,0.8595578673602081,0.3328998699609883,1.0
2360,0,CF2,L5,0.7,zero_fill,4,7,0.5571548938751221,0,False,0.8660220994475138,0.35359116022099446,1.0
16796,0,CF2,L5,0.7,zero_fill,1,2,0.8918291330337524,0,False,0.854251012145749,0.3441295546558704,0.99609375
23426,0,CF2,L5,0.7,zero_fill,9,0,0.28264689445495605,0,False,0.8552097428958051,0.3382949932341001,0.9765625
15590,0,CF2,L5,0.7,zero_fill,2,7,0.8344080448150635,0,False,0.8604651162790697,0.3433652530779754,0.98046875
6302,0,CF2,L5,0.7,zero_fill,3,1,0.2977937161922455,0,False,0.8834019204389575,0.3511659807956104,1.0
24519,0,CF2,L5,0.7,zero_fill,7,1,0.3366606533527374,0,False,0.8052486187845304,0.34392265193370164,0.97265625
23276,0,CF2,L5,0.7,zero_fill,2,1,0.5095625519752502,0,False,0.8469520103761349,0.32944228274967574,0.9921875
24566,0,CF2,L5,0.7,zero_fill,8,7,0.30061763525009155,0,False,0.8511821974965229,0.3518776077885953,0.98828125
20978,0,CF2,L5,0.7,zero_fill,1,1,0.770251452922821,1,False,0.8490066225165563,0.3390728476821192,1.0
8990,0,CF2,L5,0.7,zero_fill,3,2,0.4873611330986023,0,False,0.8636995827538247,0.3560500695410292,1.0
11061,0,CF2,L5,0.7,zero_fill,7,2,0.5386717319488525,0,False,0.7961432506887053,0.3085399449035813,0.875
7075,0,CF2,L5,0.7,zero_fill,9,7,0.39959704875946045,0,False,0.8523489932885906,0.3395973154362416,0.98828125
17641,0,CF2,L5,0.7,zero_fill,2,5,0.6174647212028503,0,False,0.8181818181818182,0.34710743801652894,0.984375
12077,0,CF2,L5,0.7,zero_fill,9,2,0.6442835927009583,0,False,0.8553888130968622,0.34924965893587995,1.0
1779,0,CF2,L5,0.7,zero_fill,7,7,0.32353508472442627,1,False,0.8450331125827815,0.3390728476821192,1.0
11519,0,CF2,L5,0.7,zero_fill,4,2,0.5848071575164795,0,False,0.871261378413524,0.3328998699609883,1.0
8549,0,CF2,L5,0.7,zero_fill,3,1,0.27472513914108276,0,False,0.8559670781893004,0.3511659807956104,1.0
14623,0,CF2,L5,0.7,zero_fill,6,1,0.2596873641014099,0,False,0.8758085381630013,0.3298835705045278,0.99609375
10846,0,CF2,L5,0.7,zero_fill,3,1,0.9568055272102356,0,False,0.8435828877005348,0.3422459893048128,1.0
16289,0,CF2,L5,0.7,zero_fill,3,2,0.4847208559513092,0,False,0.8743455497382199,0.33507853403141363,1.0
12311,0,CF2,L5,0.7,zero_fill,8,7,0.4905618727207184,0,False,0.8594594594594595,0.34594594594594597,1.0
6068,0,CF2,L5,0.7,zero_fill,8,3,0.21829797327518463,0,False,0.8367626886145405,0.3388203017832647,0.96484375
9629,0,CF2,L5,0.7,zero_fill,6,2,0.5659850835800171,0,False,0.855755894590846,0.3550624133148405,1.0
19560,0,CF2,L5,0.7,zero_fill,3,7,0.5064252614974976,0,False,0.8,0.35310344827586204,1.0
10379,0,CF2,L5,0.7,zero_fill,8,1,0.38921234011650085,0,False,0.8401639344262295,0.33879781420765026,0.96875
6499,0,CF2,L5,0.7,zero_fill,9,1,0.44432827830314636,0,False,0.8573407202216067,0.3545706371191136,1.0
1159,0,CF2,L5,0.7,zero_fill,0,2,0.31922274827957153,0,False,0.8744827586206897,0.35172413793103446,0.99609375
4366,0,CF2,L5,0.7,zero_fill,7,2,0.8375650644302368,0,False,0.8858321870701513,0.35213204951856947,1.0
8397,0,CF2,L5,0.7,zero_fill,1,2,0.5519728064537048,0,False,0.8481338481338482,0.3268983268983269,0.9921875
20905,0,CF2,L5,0.7,zero_fill,9,1,0.5167944431304932,0,False,0.8468834688346883,0.34688346883468835,1.0
15746,0,CF2,L5,0.7,zero_fill,5,1,0.29241764545440674,0,False,0.8269230769230769,0.3516483516483517,1.0
9402,0,CF2,L5,0.7,zero_fill,3,0,0.7264589071273804,0,False,0.8452380952380952,0.33201058201058203,0.98046875
8164,0,CF2,L5,0.7,zero_fill,2,7,0.6846542954444885,0,False,0.8385345997286295,0.3337856173677069,0.9609375
510,0,CF2,L5,0.7,zero_fill,5,2,0.5833031535148621,0,False,0.8298755186721992,0.35408022130013833,1.0
24070,0,CF2,L5,0.7,zero_fill,9,3,0.42876118421554565,0,False,0.8077455048409405,0.3457814661134163,0.9765625
2401,0,CF2,L5,0.7,zero_fill,4,7,0.5721094608306885,0,False,0.8372093023255814,0.3488372093023256,0.99609375
12147,0,CF2,L5,0.7,zero_fill,3,5,0.33084356784820557,0,False,0.8605299860529986,0.3277545327754533,0.91796875
14499,0,CF2,L5,0.7,zero_fill,6,2,0.724276065826416,0,False,0.8637566137566137,0.3373015873015873,0.99609375
3530,0,CF2,L5,0.7,zero_fill,6,7,0.5639858841896057,0,False,0.8721088435374149,0.3346938775510204,0.9609375
14723,0,CF2,L5,0.7,zero_fill,7,0,0.8356838822364807,0,False,0.8466850828729282,0.35359116022099446,1.0
4435,0,CF2,L5,0.7,zero_fill,3,3,0.3802702724933624,1,False,0.8800557880055788,0.3514644351464435,0.984375
22852,0,CF2,L5,0.7,zero_fill,2,4,0.41017091274261475,0,False,0.8372739916550765,0.34214186369958277,0.9609375
8461,0,CF2,L5,0.7,zero_fill,3,2,0.6905969381332397,0,False,0.863013698630137,0.3506849315068493,1.0
21972,0,CF2,L5,0.7,zero_fill,7,4,0.26657333970069885,0,False,0.8563685636856369,0.34688346883468835,1.0
5410,0,CF2,L5,0.7,zero_fill,4,1,0.5185636281967163,0,False,0.8296398891966759,0.3518005540166205,0.9921875
17754,0,CF2,L5,0.7,zero_fill,6,1,0.4765264689922333,0,False,0.8440111420612814,0.35236768802228413,0.98828125
15311,0,CF2,L5,0.7,zero_fill,2,5,0.25133347511291504,0,False,0.8460508701472557,0.33065595716198126,0.96484375
15185,0,CF2,L5,0.7,zero_fill,1,1,0.3365686237812042,1,False,0.8853904282115869,0.3224181360201511,1.0
5663,0,CF2,L5,0.7,zero_fill,4,7,0.48907166719436646,0,False,0.8389715832205683,0.34641407307171856,1.0
6247,0,CF2,L5,0.7,zero_fill,6,1,0.8727781176567078,0,False,0.8722826086956522,0.3451086956521739,0.9921875
15287,0,CF2,L5,0.7,zero_fill,0,7,0.42618805170059204,0,False,0.8628257887517147,0.34156378600823045,0.97265625
19902,0,CF2,L5,0.7,zero_fill,0,5,0.2186472862958908,0,False,0.8333333333333334,0.3209366391184573,0.91015625
25188,0,CF2,L5,0.7,zero_fill,4,0,0.36769068241119385,0,False,0.8693931398416886,0.32981530343007914,0.9765625
11195,0,CF2,L5,0.7,zero_fill,8,2,0.5946543216705322,0,False,0.8549931600547196,0.35020519835841313,1.0
4828,0,CF2,L5,0.7,zero_fill,7,2,0.24040286242961884,0,False,0.8288770053475936,0.3422459893048128,1.0
23751,0,CF2,L5,0.7,zero_fill,5,7,0.3672281801700592,0,False,0.8052126200274349,0.3511659807956104,1.0
9464,0,CF2,L5,0.7,zero_fill,3,5,0.8784875273704529,0,False,0.8452054794520548,0.33835616438356164,0.96484375
25723,0,CF2,L5,0.7,zero_fill,0,3,0.33945927023887634,0,False,0.8185595567867036,0.34349030470914127,0.96875
16859,0,CF2,L5,0.7,zero_fill,5,7,0.4107946753501892,0,False,0.8191933240611962,0.3560500695410292,1.0
3601,0,CF2,L5,0.7,zero_fill,1,4,0.4399011433124542,0,False,0.8479776847977685,0.3500697350069735,0.98046875
11679,0,CF2,L5,0.7,zero_fill,6,0,0.481026291847229,0,False,0.8695054945054945,0.3516483516483517,1.0
12135,0,CF2,L5,0.7,zero_fill,7,7,0.750695526599884,1,False,0.8677685950413223,0.34710743801652894,0.984375
16329,0,CF2,L5,0.7,zero_fill,1,1,0.4557512700557709,1,False,0.83399209486166,0.3241106719367589,0.9609375
94,0,CF2,L5,0.7,zero_fill,4,1,0.8782429695129395,0,False,0.8476190476190476,0.34829931972789113,1.0
14517,0,CF2,L5,0.7,zero_fill,9,7,0.620107889175415,0,False,0.855755894590846,0.3550624133148405,1.0
16852,0,CF2,L5,0.7,zero_fill,3,7,0.571202278137207,0,False,0.854421768707483,0.34829931972789113,1.0
6852,0,CF2,L5,0.7,zero_fill,6,1,0.9433386921882629,0,False,0.8423236514522822,0.35131396957123096,0.9921875
24858,0,CF2,L5,0.7,zero_fill,3,0,0.5411643981933594,0,False,0.8760445682451253,0.3565459610027855,1.0
297,0,CF2,L5,0.7,zero_fill,9,2,0.6897723078727722,0,False,0.839572192513369,0.3422459893048128,1.0
12339,0,CF2,L5,0.7,zero_fill,2,0,0.7976081967353821,0,False,0.859697386519945,0.35213204951856947,1.0
20811,0,CF2,L5,0.7,zero_fill,8,2,0.6819291114807129,0,False,0.783448275862069,0.31724137931034485,0.8984375
12439,0,CF2,L5,0.7,zero_fill,5,3,0.5678114295005798,0,False,0.7966573816155988,0.33008356545961004,0.92578125
16632,0,CF2,L5,0.7,zero_fill,9,2,0.46394243836402893,0,False,0.8331090174966352,0.34185733512786004,0.9921875
5798,0,CF2,L5,0.7,zero_fill,4,1,0.42627981305122375,0,False,0.83008356545961,0.35236768802228413,0.98828125
18458,0,CF2,L5,0.7,zero_fill,3,5,0.5149901509284973,0,False,0.8524137931034482,0.34758620689655173,0.984375
6105,0,CF2,L5,0.7,zero_fill,5,3,0.3157746195793152,0,False,0.8795669824086604,0.34641407307171856,1.0
10321,0,CF2,L5,0.7,zero_fill,6,1,0.2237768918275833,0,False,0.8652777777777778,0.35555555555555557,1.0
21771,0,CF2,L5,0.7,zero_fill,7,4,0.3062756359577179,0,False,0.883008356545961,0.34540389972144847,0.96875
22194,0,CF2,L5,0.7,zero_fill,0,2,0.7465551495552063,0,False,0.8602442333785617,0.34599728629579374,0.99609375
6,0,CF2,L5,0.7,zero_fill,9,2,0.2863937020301819,0,False,0.8259668508287292,0.31629834254143646,0.89453125
912,0,CF2,L5,0.7,zero_fill,7,7,0.5985364317893982,1,False,0.8625,0.35,0.984375
16910,0,CF2,L5,0.7,zero_fill,5,4,0.23593132197856903,0,False,0.8579387186629527,0.3565459610027855,1.0
18738,0,CF2,L5,0.7,zero_fill,7,3,0.32089221477508545,0,False,0.8084239130434783,0.30978260869565216,0.890625
18020,0,CF2,L5,0.7,zero_fill,9,7,0.27493590116500854,0,False,0.8661202185792349,0.34972677595628415,1.0
3462,0,CF2,L5,0.7,zero_fill,8,1,0.7150657773017883,0,False,0.8471849865951743,0.34316353887399464,1.0
5696,0,CF2,L5,0.7,zero_fill,1,7,0.5116801857948303,0,False,0.8549931600547196,0.35020519835841313,1.0
15066,0,CF2,L5,0.7,zero_fill,3,7,0.526712954044342,0,False,0.8434065934065934,0.3516483516483517,1.0
10653,0,CF2,L5,0.7,zero_fill,9,7,0.46411368250846863,0,False,0.8490304709141274,0.3545706371191136,1.0
13337,0,CF2,L5,0.7,zero_fill,2,7,0.36180630326271057,0,False,0.8482384823848238,0.34688346883468835,1.0
12340,0,CF2,L5,0.7,zero_fill,5,1,0.5671841502189636,0,False,0.7970627503337784,0.3204272363150868,0.9375
9536,0,CF2,L5,0.7,zero_fill,0,1,0.5667095184326172,0,False,0.7675378266850069,0.31636863823933975,0.8984375
3566,0,CF2,L5,0.7,zero_fill,4,1,0.5787293314933777,0,False,0.8602739726027397,0.3424657534246575,0.9765625
20090,0,CF2,L5,0.7,zero_fill,4,2,0.3552592396736145,0,False,0.8502024291497976,0.33063427800269907,0.95703125
211,0,CF2,L5,0.7,zero_fill,0,7,0.45085015892982483,0,False,0.8392857142857143,0.3516483516483517,1.0
55,0,CF2,L5,0.7,zero_fill,8,2,0.40655896067619324,0,False,0.8577405857740585,0.35704323570432356,1.0
1477,0,CF2,L5,0.7,zero_fill,2,1,0.8462827801704407,0,False,0.8554054054054054,0.34594594594594597,1.0
25898,0,CF2,L5,0.7,zero_fill,0,4,0.3562873303890228,0,False,0.8847222222222222,0.35555555555555557,1.0
25713,0,CF2,L5,0.7,zero_fill,0,4,0.3692404329776764,0,False,0.8573333333333333,0.332,0.97265625
18055,0,CF2,L5,0.7,zero_fill,3,0,0.2477865368127823,0,False,0.8256624825662483,0.3417015341701534,0.95703125
17461,0,CF2,L5,0.7,zero_fill,3,5,0.29500308632850647,0,False,0.8622908622908623,0.28314028314028317,0.859375
14237,0,CF2,L5,0.7,zero_fill,7,7,0.6153712272644043,1,False,0.8673883626522327,0.34641407307171856,1.0
13858,0,CF2,L5,0.7,zero_fill,1,2,0.5372061133384705,0,False,0.8772413793103448,0.35310344827586204,1.0
12386,0,CF2,L5,0.7,zero_fill,5,1,0.2369270771741867,0,False,0.8485254691689008,0.34316353887399464,1.0
7223,0,CF2,L5,0.7,zero_fill,9,1,0.7129422426223755,0,False,0.8534599728629579,0.3473541383989145,1.0
3153,0,CF2,L5,0.7,zero_fill,5,0,0.6281991004943848,0,False,0.8204081632653061,0.33877551020408164,0.97265625
23265,0,CF2,L5,0.7,zero_fill,8,0,0.48807293176651,0,False,0.8579387186629527,0.35097493036211697,0.984375
9465,0,CF2,L5,0.7,zero_fill,0,7,0.7288919687271118,0,False,0.8296398891966759,0.3545706371191136,1.0
7419,0,CF2,L5,0.7,zero_fill,0,2,0.4192364513874054,0,False,0.8527777777777777,0.3472222222222222,0.9765625
4722,0,CF2,L5,0.7,zero_fill,6,3,0.2543033957481384,0,False,0.8540245566166439,0.34924965893587995,1.0
23448,0,CF2,L5,0.7,zero_fill,6,4,0.45734602212905884,0,False,0.859504132231405,0.3526170798898072,1.0
8222,0,CF2,L5,0.7,zero_fill,2,1,0.462716668844223,0,False,0.8429530201342282,0.3436241610738255,1.0
20898,0,CF2,L5,0.7,zero_fill,8,7,0.6753577589988708,0,False,0.8301369863013699,0.3493150684931507,0.99609375
23313,0,CF2,L5,0.7,zero_fill,2,1,0.5442564487457275,0,False,0.8484438430311232,0.34641407307171856,1.0
13426,0,CF2,L5,0.7,zero_fill,2,2,0.3132539689540863,1,False,0.8614958448753463,0.3545706371191136,1.0
25136,0,CF2,L5,0.7,zero_fill,4,2,0.9527770280838013,0,False,0.8269754768392371,0.279291553133515,0.80078125
9268,0,CF2,L5,0.7,zero_fill,4,3,0.5209778547286987,0,False,0.8494475138121547,0.34806629834254144,0.984375
3892,0,CF2,L5,0.7,zero_fill,1,1,0.3193730413913727,1,False,0.8488210818307905,0.3550624133148405,1.0
4115,0,CF2,L5,0.7,zero_fill,3,7,0.6469930410385132,0,False,0.8626155878467635,0.3381770145310436,1.0
5166,0,CF2,L5,0.7,zero_fill,7,0,0.764711320400238,0,False,0.8845618915159944,0.3560500695410292,1.0
14984,0,CF2,L5,0.7,zero_fill,3,0,0.7895915508270264,0,False,0.855755894590846,0.3550624133148405,1.0
10520,0,CF2,L5,0.7,zero_fill,1,2,0.554172933101654,0,False,0.8425414364640884,0.35082872928176795,0.9921875
4379,0,CF2,L5,0.7,zero_fill,2,1,0.4710030257701874,0,False,0.8561827956989247,0.34408602150537637,1.0
8937,0,CF2,L5,0.7,zero_fill,1,7,0.36924824118614197,0,False,0.8610354223433242,0.3446866485013624,0.98828125
17550,0,CF2,L5,0.7,zero_fill,9,7,0.6257694363594055,0,False,0.8533685601056803,0.3381770145310436,1.0
19085,0,CF2,L5,0.7,zero_fill,9,1,0.5374347567558289,0,False,0.8351800554016621,0.3518005540166205,0.9921875
17902,0,CF2,L5,0.7,zero_fill,6,2,0.5377618670463562,0,False,0.8685636856368564,0.34688346883468835,1.0
14780,0,CF2,L5,0.7,zero_fill,8,1,0.4173429012298584,0,False,0.8543689320388349,0.3550624133148405,1.0
8401,0,CF2,L5,0.7,zero_fill,0,7,0.43609189987182617,0,False,0.8592896174863388,0.3483606557377049,0.99609375
11230,0,CF2,L5,0.7,zero_fill,2,6,0.2194776087999344,0,False,0.8190104166666666,0.3046875,0.9140625
1772,0,CF2,L5,0.7,zero_fill,3,1,0.5407318472862244,0,False,0.7621696801112656,0.3184979137691238,0.89453125
13326,0,CF2,L5,0.7,zero_fill,4,1,0.570807158946991,0,False,0.7799442896935933,0.3328690807799443,0.93359375
15230,0,CF2,L5,0.7,zero_fill,5,7,0.7992704510688782,0,False,0.858887381275441,0.3473541383989145,1.0
20557,0,CF2,L5,0.7,zero_fill,0,1,0.579670250415802,0,False,0.8191780821917808,0.336986301369863,0.9609375
9555,0,CF2,L5,0.7,zero_fill,1,7,0.5311792492866516,0,False,0.8601108033240997,0.3545706371191136,1.0
3667,0,CF2,L5,0.7,zero_fill,6,2,0.48397549986839294,0,False,0.8431105047748977,0.34924965893587995,1.0
5316,0,CF2,L5,0.7,zero_fill,5,5,0.7259149551391602,1,False,0.8328767123287671,0.34383561643835614,0.98046875
3606,0,CF2,L5,0.7,zero_fill,5,2,0.30908241868019104,0,False,0.8679504814305364,0.35213204951856947,1.0
25776,0,CF2,L5,0.7,zero_fill,6,3,0.31295090913772583,0,False,0.8649025069637883,0.34401114206128136,0.96484375
22231,0,CF2,L5,0.7,zero_fill,1,2,0.388497918844223,0,False,0.8200836820083682,0.33751743375174337,0.9453125
10855,0,CF2,L5,0.7,zero_fill,7,7,0.7943726778030396,1,False,0.8550135501355014,0.34688346883468835,1.0
130,0,CF2,L5,0.7,zero_fill,6,2,0.4454394280910492,0,False,0.7994428969359332,0.35097493036211697,0.984375
434,0,CF2,L5,0.7,zero_fill,8,1,0.5839045643806458,0,False,0.8647214854111406,0.3395225464190981,1.0
5308,0,CF2,L5,0.7,zero_fill,5,1,0.6762418150901794,0,False,0.8610729023383769,0.35213204951856947,1.0
17682,0,CF2,L5,0.7,zero_fill,4,2,0.8578128218650818,0,False,0.8650904033379694,0.3560500695410292,1.0
16682,0,CF2,L5,0.7,zero_fill,8,2,0.6527174711227417,0,False,0.8614540466392319,0.3511659807956104,1.0
12660,0,CF2,L5,0.7,zero_fill,5,2,0.2935040593147278,0,False,0.8434903047091413,0.3545706371191136,1.0
21362,0,CF2,L5,0.7,zero_fill,5,5,0.27376359701156616,1,False,0.8331053351573188,0.34062927496580025,0.97265625
15483,0,CF2,L5,0.7,zero_fill,4,4,0.8199846744537354,1,False,0.8537604456824512,0.3342618384401114,0.9375
5289,0,CF2,L5,0.7,zero_fill,5,2,0.9617575407028198,0,False,0.8632596685082873,0.35359116022099446,1.0
19757,0,CF2,L5,0.7,zero_fill,1,2,0.3810941278934479,0,False,0.8583333333333333,0.35555555555555557,1.0
6799,0,CF2,L5,0.7,zero_fill,2,2,0.3075014352798462,1,False,0.863013698630137,0.3506849315068493,1.0
18871,0,CF2,L5,0.7,zero_fill,2,0,0.4537046551704407,0,False,0.8797886393659181,0.3381770145310436,1.0
4740,0,CF2,L5,0.7,zero_fill,3,3,0.533875048160553,1,False,0.8506056527590848,0.3391655450874832,0.984375
14926,0,CF2,L5,0.7,zero_fill,5,7,0.6044042110443115,0,False,0.8224687933425797,0.3550624133148405,1.0
3549,0,CF2,L5,0.7,zero_fill,4,1,0.581725001335144,0,False,0.8603042876901799,0.35131396957123096,0.9921875
13336,0,CF2,L5,0.7,zero_fill,9,1,0.7080841064453125,0,False,0.828,0.3413333333333333,1.0
8302,0,CF2,L5,0.7,zero_fill,3,7,0.8432722687721252,0,False,0.8682385575589459,0.3550624133148405,1.0
19884,0,CF2,L5,0.7,zero_fill,8,7,0.6740089058876038,0,False,0.8181818181818182,0.3422459893048128,1.0
6927,0,CF2,L5,0.7,zero_fill,1,1,0.9505237936973572,1,False,0.8138888888888889,0.35,0.984375
15277,0,CF2,L5,0.7,zero_fill,6,1,0.3072734773159027,0,False,0.8509554140127389,0.32611464968152865,1.0
20278,0,CF2,L5,0.7,zero_fill,3,7,0.663916826248169,0,False,0.8539638386648123,0.3560500695410292,1.0
654,0,CF2,L5,0.7,zero_fill,8,0,0.6092591881752014,0,False,0.8716577540106952,0.3422459893048128,1.0
19020,0,CF2,L5,0.7,zero_fill,0,1,0.40632185339927673,0,False,0.8381962864721485,0.3395225464190981,1.0
25403,0,CF2,L5,0.7,zero_fill,3,0,0.5272685289382935,0,False,0.8619246861924686,0.35704323570432356,1.0
1745,0,CF2,L5,0.7,zero_fill,8,3,0.6626468300819397,0,False,0.81353591160221,0.3314917127071823,0.9375
10726,0,CF2,L5,0.7,zero_fill,4,3,0.20883964002132416,0,False,0.8346994535519126,0.33879781420765026,0.96875
23431,0,CF2,L5,0.7,zero_fill,4,2,0.6532412767410278,0,False,0.8730822873082287,0.35704323570432356,1.0
231,0,CF2,L5,0.7,zero_fill,5,1,0.28127437829971313,0,False,0.8593314763231198,0.3565459610027855,1.0
20678,0,CF2,L5,0.7,zero_fill,7,3,0.39032939076423645,0,False,0.8444444444444444,0.3541666666666667,0.99609375
15851,0,CF2,L5,0.7,zero_fill,1,2,0.7470192909240723,0,False,0.8743093922651933,0.3370165745856354,0.953125
24015,0,CF2,L5,0.7,zero_fill,0,1,0.46238523721694946,0,False,0.8803763440860215,0.34408602150537637,1.0
1082,0,CF2,L5,0.7,zero_fill,6,7,0.500694751739502,0,False,0.8335625859697386,0.35213204951856947,1.0
5573,0,CF2,L5,0.7,zero_fill,8,1,0.6500837206840515,0,False,0.8340080971659919,0.33738191632928477,0.9765625
11289,0,CF2,L5,0.7,zero_fill,1,1,0.38384637236595154,1,False,0.8708333333333333,0.35555555555555557,1.0
1751,0,CF2,L5,0.7,zero_fill,0,5,0.3918839991092682,0,False,0.8733252131546894,0.3118148599269184,1.0
4594,0,CF2,L5,0.7,zero_fill,6,2,0.863243818283081,0,False,0.8294360385144429,0.35213204951856947,1.0
21127,0,CF2,L5,0.7,zero_fill,8,5,0.36982038617134094,0,False,0.81353591160221,0.3356353591160221,0.94921875
12370,0,CF2,L5,0.7,zero_fill,4,7,0.5358209013938904,0,False,0.8224932249322493,0.31978319783197834,0.921875
4125,0,CF2,L5,0.7,zero_fill,6,4,0.3629070222377777,0,False,0.8245125348189415,0.3342618384401114,0.9375
11008,0,CF2,L5,0.7,zero_fill,1,2,0.6734231114387512,0,False,0.8556005398110661,0.3427800269905533,0.9921875
23395,0,CF2,L5,0.7,zero_fill,7,2,0.632217288017273,0,False,0.8821138211382114,0.34688346883468835,1.0
3080,0,CF2,L5,0.7,zero_fill,3,7,0.7090834975242615,0,False,0.853185595567867,0.3545706371191136,1.0
22400,0,CF2,L5,0.7,zero_fill,0,2,0.7872217893600464,0,False,0.8198074277854195,0.35213204951856947,1.0
22514,0,CF2,L5,0.7,zero_fill,1,7,0.76481693983078,0,False,0.8484005563282336,0.3560500695410292,1.0
15137,0,CF2,L5,0.7,zero_fill,0,1,0.5602275133132935,0,False,0.8815426997245179,0.3526170798898072,1.0
6681,0,CF2,L5,0.7,zero_fill,0,1,0.3356393873691559,0,False,0.8421052631578947,0.32793522267206476,0.94921875
5219,0,CF2,L5,0.7,zero_fill,5,7,0.7592925429344177,0,False,0.8342465753424657,0.3493150684931507,0.99609375
2355,0,CF2,L5,0.7,zero_fill,2,1,0.5067734718322754,0,False,0.8333333333333334,0.3526170798898072,1.0
4674,0,CF2,L5,0.7,zero_fill,5,7,0.593795657157898,0,False,0.8280166435506241,0.3522884882108183,0.9921875
14575,0,CF2,L5,0.7,zero_fill,1,4,0.2725425362586975,0,False,0.8831521739130435,0.34782608695652173,1.0
6563,0,CF2,L5,0.7,zero_fill,5,1,0.536048173904419,0,False,0.8597222222222223,0.35555555555555557,1.0
17492,0,CF2,L5,0.7,zero_fill,9,7,0.5935282707214355,0,False,0.8360881542699724,0.3526170798898072,1.0
15770,0,CF2,L5,0.7,zero_fill,7,7,0.7767950892448425,1,False,0.8655692729766804,0.3511659807956104,1.0
20830,0,CF2,L5,0.7,zero_fill,1,4,0.27593356370925903,0,False,0.8222811671087533,0.3090185676392573,0.91015625
1777,0,CF2,L5,0.7,zero_fill,2,9,0.2550027668476105,0,False,0.8347222222222223,0.3388888888888889,0.953125
21617,0,CF2,L5,0.7,zero_fill,7,2,0.2922353744506836,0,False,0.8652575957727873,0.3381770145310436,1.0
21293,0,CF2,L5,0.7,zero_fill,4,1,0.29748257994651794,0,False,0.8399452804377565,0.32694938440492477,0.93359375
14504,0,CF2,L5,0.7,zero_fill,0,1,0.7936617136001587,0,False,0.8514986376021798,0.33923705722070846,0.97265625
21236,0,CF2,L5,0.7,zero_fill,7,2,0.661983847618103,0,False,0.8476454293628809,0.3462603878116344,0.9765625
18558,0,CF2,L5,0.7,zero_fill,4,1,0.6591966152191162,0,False,0.7814661134163209,0.33195020746887965,0.9375
22916,0,CF2,L5,0.7,zero_fill,8,3,0.3635375499725342,0,False,0.8725761772853186,0.3545706371191136,1.0
18760,0,CF2,L5,0.7,zero_fill,6,0,0.9311530590057373,0,False,0.8826739427012278,0.34924965893587995,1.0
17389,0,CF2,L5,0.7,zero_fill,8,7,0.4275208115577698,0,False,0.8247978436657682,0.33692722371967654,0.9765625
13155,0,CF2,L5,0.7,zero_fill,8,1,0.44573646783828735,0,False,0.8737864077669902,0.3550624133148405,1.0
13999,0,CF2,L5,0.7,zero_fill,5,7,0.256035178899765,0,False,0.8519021739130435,0.34782608695652173,1.0
10265,0,CF2,L5,0.7,zero_fill,8,2,0.2507333755493164,0,False,0.8746594005449592,0.3460490463215259,0.9921875
17239,0,CF2,L5,0.7,zero_fill,2,0,0.4779508411884308,0,False,0.8806366047745358,0.3395225464190981,1.0
6288,0,CF2,L5,0.7,zero_fill,3,1,0.19771695137023926,0,False,0.877914951989026,0.3511659807956104,1.0
11514,0,CF2,L5,0.7,zero_fill,6,3,0.2638050615787506,0,False,0.8165517241379311,0.33379310344827584,0.9453125
23652,0,CF2,L5,0.7,zero_fill,1,4,0.22418351471424103,0,False,0.8664850136239782,0.34332425068119893,0.984375
11939,0,CF2,L5,0.7,zero_fill,6,7,0.4726446568965912,0,False,0.8239339752407153,0.343878954607978,0.9765625
2174,0,CF2,L5,0.7,zero_fill,7,7,0.6500499248504639,1,False,0.8335588633288228,0.3423545331529093,0.98828125
15441,0,CF2,L5,0.7,zero_fill,4,1,0.37797075510025024,0,False,0.8646408839779005,0.35359116022099446,1.0
12260,0,CF2,L5,0.7,zero_fill,1,9,0.3805497884750366,0,False,0.7916666666666666,0.31527777777777777,0.88671875
25046,0,CF2,L5,0.7,zero_fill,6,3,0.7548105120658875,0,False,0.8086253369272237,0.2991913746630728,0.8671875
13958,0,CF2,L5,0.7,zero_fill,9,0,0.4985401928424835,0,False,0.8825910931174089,0.34547908232118757,1.0
20974,0,CF2,L5,0.7,zero_fill,8,0,0.5361508131027222,0,False,0.8516042780748663,0.3422459893048128,1.0
10626,0,CF2,L5,0.7,zero_fill,6,2,0.2782195210456848,0,False,0.853185595567867,0.3545706371191136,1.0
22545,0,CF2,L5,0.7,zero_fill,5,0,0.5960388779640198,0,False,0.8827586206896552,0.35310344827586204,1.0
20288,0,CF2,L5,0.7,zero_fill,5,7,0.4402516484260559,0,False,0.8677462887989204,0.34547908232118757,1.0
13790,0,CF2,L5,0.7,zero_fill,7,1,0.6382326483726501,0,False,0.8602739726027397,0.3506849315068493,1.0
2817,0,CF2,L5,0.7,zero_fill,4,3,0.3338231146335602,0,False,0.8423236514522822,0.330567081604426,0.93359375
8344,0,CF2,L5,0.7,zero_fill,4,4,0.3186456263065338,1,False,0.8707015130674003,0.35213204951856947,1.0
11708,0,CF2,L5,0.7,zero_fill,1,1,0.9403449892997742,1,False,0.8814016172506739,0.3436657681940701,0.99609375
2379,0,CF2,L5,0.7,zero_fill,1,0,0.6383686065673828,0,False,0.8161559888579387,0.34818941504178275,0.9765625
23602,0,CF2,L5,0.7,zero_fill,2,2,0.42274710536003113,1,False,0.8822714681440443,0.3545706371191136,1.0
24357,0,CF2,L5,0.7,zero_fill,8,2,0.5477842688560486,0,False,0.8940852819807428,0.34800550206327374,0.98828125
16783,0,CF2,L5,0.7,zero_fill,4,0,0.2241700142621994,0,False,0.8537604456824512,0.35236768802228413,0.98828125
11723,0,CF2,L5,0.7,zero_fill,9,7,0.5818945169448853,0,False,0.8633193863319386,0.35704323570432356,1.0
5140,0,CF2,L5,0.7,zero_fill,5,0,0.5064521431922913,0,False,0.8849557522123894,0.32364096080910243,1.0
14563,0,CF2,L5,0.7,zero_fill,1,0,0.8009045124053955,0,False,0.8444444444444444,0.35555555555555557,1.0
11905,0,CF2,L5,0.7,zero_fill,7,1,0.42432108521461487,0,False,0.8386648122392212,0.34492350486787204,0.96875
4657,0,CF2,L5,0.7,zero_fill,5,3,0.2424132525920868,0,False,0.8476454293628809,0.3545706371191136,1.0
9888,0,CF2,L5,0.7,zero_fill,7,6,0.32541897892951965,0,False,0.9012517385257302,0.325452016689847,0.9140625
22827,0,CF2,L5,0.7,zero_fill,6,7,0.7483422160148621,0,False,0.8604972375690608,0.35359116022099446,1.0
23911,0,CF2,L5,0.7,zero_fill,7,3,0.603618323802948,0,False,0.8681022880215343,0.3445491251682369,1.0
968,0,CF2,L5,0.7,zero_fill,3,2,0.906812310218811,0,False,0.8424657534246576,0.3424657534246575,0.9765625
18416,0,CF2,L5,0.7,zero_fill,2,2,0.16581186652183533,1,False,0.8703448275862069,0.35310344827586204,1.0
15166,0,CF2,L5,0.7,zero_fill,7,1,0.5150357484817505,0,False,0.8461538461538461,0.3395225464190981,1.0
15537,0,CF2,L5,0.7,zero_fill,6,2,0.6161121129989624,0,False,0.8490304709141274,0.3545706371191136,1.0
112,0,CF2,L5,0.7,zero_fill,6,7,0.397953063249588,0,False,0.8698060941828255,0.3545706371191136,1.0
9754,0,CF2,L5,0.7,zero_fill,8,7,0.4430820345878601,0,False,0.8250336473755047,0.3405114401076716,0.98828125
3827,0,CF2,L5,0.7,zero_fill,1,1,0.35538965463638306,1,False,0.8428372739916551,0.3560500695410292,1.0
16427,0,CF2,L5,0.7,zero_fill,8,5,0.3700360059738159,0,False,0.819047619047619,0.2816326530612245,0.80859375
4853,0,CF2,L5,0.7,zero_fill,8,1,0.3703489303588867,0,False,0.8496644295302014,0.3315436241610738,0.96484375
5025,0,CF2,L5,0.7,zero_fill,8,7,0.49335581064224243,0,False,0.8368700265251989,0.3395225464190981,1.0
5497,0,CF2,L5,0.7,zero_fill,5,7,0.36601677536964417,0,False,0.8194444444444444,0.33611111111111114,0.9453125
415,0,CF2,L5,0.7,zero_fill,5,3,0.32455623149871826,0,False,0.8595800524934383,0.3346456692913386,0.99609375
6055,0,CF2,L5,0.7,zero_fill,2,0,0.38716667890548706,0,False,0.8682385575589459,0.3550624133148405,1.0
4242,0,CF2,L5,0.7,zero_fill,6,3,0.2993611693382263,0,False,0.8312586445366529,0.33748271092669435,0.953125
16007,0,CF2,L5,0.7,zero_fill,3,7,0.4762621819972992,0,False,0.8587105624142661,0.3511659807956104,1.0
16184,0,CF2,L5,0.7,zero_fill,6,4,0.593894898891449,0,False,0.8537931034482759,0.34758620689655173,0.984375
15180,0,CF2,L5,0.7,zero_fill,2,7,0.6070576310157776,0,False,0.8281036834924966,0.339699863574352,0.97265625
16402,0,CF2,L5,0.7,zero_fill,3,0,0.5148506164550781,0,False,0.8537931034482759,0.35310344827586204,1.0
12883,0,CF2,L5,0.7,zero_fill,7,2,0.4020794630050659,0,False,0.8394557823129252,0.3442176870748299,0.98828125
12596,0,CF2,L5,0.7,zero_fill,2,7,0.33934101462364197,0,False,0.8232044198895028,0.3494475138121547,0.98828125
13383,0,CF2,L5,0.7,zero_fill,0,0,0.7189294695854187,1,False,0.7980769230769231,0.34065934065934067,0.96875
17140,0,CF2,L5,0.7,zero_fill,0,1,0.2705995738506317,0,False,0.8474341192787794,0.3342579750346741,0.94140625
11249,0,CF2,L5,0.7,zero_fill,7,7,0.5910631418228149,1,False,0.8324175824175825,0.3489010989010989,0.9921875
2927,0,CF2,L5,0.7,zero_fill,3,1,0.5565329790115356,0,False,0.874826147426982,0.3560500695410292,1.0
13380,0,CF2,L5,0.7,zero_fill,3,1,0.5301581621170044,0,False,0.8358620689655173,0.34206896551724136,0.96875
24593,0,CF2,L5,0.7,zero_fill,5,2,0.982052743434906,0,False,0.8257261410788381,0.3457814661134163,0.9765625
14507,0,CF2,L5,0.7,zero_fill,8,2,0.48210379481315613,0,False,0.8879892037786775,0.34547908232118757,1.0
9355,0,CF2,L5,0.7,zero_fill,8,7,0.30718231201171875,0,False,0.8489304812834224,0.339572192513369,0.9921875
3943,0,CF2,L5,0.7,zero_fill,3,1,0.4585249722003937,0,False,0.8753315649867374,0.3395225464190981,1.0
4913,0,CF2,L5,0.7,zero_fill,4,2,0.7747734785079956,0,False,0.8629032258064516,0.34408602150537637,1.0
23440,0,CF2,L5,0.7,zero_fill,4,7,0.47999513149261475,0,False,0.8486932599724897,0.35213204951856947,1.0
19289,0,CF2,L5,0.7,zero_fill,7,7,0.8018175363540649,1,False,0.8703956343792633,0.34924965893587995,1.0
17841,0,CF2,L5,0.7,zero_fill,6,1,0.7797314524650574,0,False,0.8408163265306122,0.34829931972789113,1.0
18139,0,CF2,L5,0.7,zero_fill,0,2,0.4126824736595154,0,False,0.8907103825136612,0.34972677595628415,1.0
18549,0,CF2,L5,0.7,zero_fill,7,2,0.3889100253582001,0,False,0.8487738419618529,0.34877384196185285,1.0
7215,0,CF2,L5,0.7,zero_fill,7,6,0.4366815388202667,0,False,0.8565683646112601,0.34316353887399464,1.0
10574,0,CF2,L5,0.7,zero_fill,7,1,0.37685826420783997,0,False,0.8328767123287671,0.3452054794520548,0.984375
10329,0,CF2,L5,0.7,zero_fill,7,7,0.25067633390426636,1,False,0.8259109311740891,0.34547908232118757,1.0
21502,0,CF2,L5,0.7,zero_fill,4,7,0.4187048673629761,0,False,0.8579017264276229,0.3399734395750332,1.0
1209,0,CF2,L5,0.7,zero_fill,8,9,0.49802538752555847,0,False,0.8141112618724559,0.2903663500678426,0.8359375
22202,0,CF2,L5,0.7,zero_fill,6,2,0.29559779167175293,0,False,0.8397790055248618,0.35359116022099446,1.0
12914,0,CF2,L5,0.7,zero_fill,2,1,0.4019874036312103,0,False,0.8284923928077456,0.35131396957123096,0.9921875
23477,0,CF2,L5,0.7,zero_fill,6,4,0.2135731428861618,0,False,0.8478561549100968,0.35408022130013833,1.0
13286,0,CF2,L5,0.7,zero_fill,5,2,0.6197697520256042,0,False,0.819047619047619,0.34285714285714286,0.984375
24957,0,CF2,L5,0.7,zero_fill,2,1,0.2428627908229828,0,False,0.8342541436464088,0.3453038674033149,0.9765625
23215,0,CF2,L5,0.7,zero_fill,9,7,0.5120663046836853,0,False,0.8482849604221636,0.316622691292876,0.9375
8171,0,CF2,L5,0.7,zero_fill,3,4,0.7018657922744751,0,False,0.856760374832664,0.3333333333333333,0.97265625
13427,0,CF2,L5,0.7,zero_fill,4,5,0.31655392050743103,0,False,0.8834688346883469,0.34688346883468835,1.0
1985,0,CF2,L5,0.7,zero_fill,9,2,0.5804535150527954,0,False,0.8569482288828338,0.34877384196185285,1.0
19607,0,CF2,L5,0.7,zero_fill,1,1,0.4588559567928314,1,False,0.8526170798898072,0.3526170798898072,1.0
15138,0,CF2,L5,0.7,zero_fill,4,4,0.47418883442878723,1,False,0.8974008207934336,0.34746922024623805,0.9921875
18496,0,CF2,L5,0.7,zero_fill,3,3,0.5592448115348816,1,False,0.8692098092643051,0.33923705722070846,0.97265625
11341,0,CF2,L5,0.7,zero_fill,5,0,0.6735169887542725,0,False,0.8863636363636364,0.3422459893048128,1.0
3210,0,CF2,L5,0.7,zero_fill,6,1,0.4292685091495514,0,False,0.8143053645116919,0.3425034387895461,0.97265625
9044,0,CF2,L5,0.7,zero_fill,3,2,0.48614251613616943,0,False,0.8612945838837517,0.3381770145310436,1.0
1784,0,CF2,L5,0.7,zero_fill,1,2,0.5744888186454773,0,False,0.7997237569060773,0.3397790055248619,0.9609375
20687,0,CF2,L5,0.7,zero_fill,7,6,0.2346997857093811,0,False,0.8362652232746955,0.30311231393775373,0.875
21479,0,CF2,L5,0.7,zero_fill,1,7,0.5329115986824036,0,False,0.885952712100139,0.3518776077885953,0.98828125
4465,0,CF2,L5,0.7,zero_fill,7,4,0.23346135020256042,0,False,0.8384401114206128,0.35376044568245124,0.9921875
8098,0,CF2,L5,0.7,zero_fill,3,0,0.7045785188674927,0,False,0.8737864077669902,0.3550624133148405,1.0
1105,0,CF2,L5,0.7,zero_fill,1,4,0.23353232443332672,0,False,0.878581173260573,0.34924965893587995,1.0
24036,0,CF2,L5,0.7,zero_fill,0,0,0.506068766117096,1,False,0.8573407202216067,0.3518005540166205,0.9921875
24825,0,CF2,L5,0.7,zero_fill,1,7,0.5995497107505798,0,False,0.863102998696219,0.33376792698826596,1.0
20081,0,CF2,L5,0.7,zero_fill,4,2,0.9992838501930237,0,False,0.819047619047619,0.3469387755102041,0.99609375
11780,0,CF2,L5,0.7,zero_fill,5,1,0.9290906190872192,0,False,0.8410041841004184,0.3542538354253835,0.9921875
18228,0,CF2,L5,0.7,zero_fill,2,1,0.44343894720077515,0,False,0.8317107093184979,0.35048678720445064,0.984375
4363,0,CF2,L5,0.7,zero_fill,4,2,0.2497868537902832,0,False,0.8845618915159944,0.3560500695410292,1.0
10210,0,CF2,L5,0.7,zero_fill,7,7,0.2766090929508209,1,False,0.8641975308641975,0.3511659807956104,1.0
7005,0,CF2,L5,0.7,zero_fill,2,0,0.3246368169784546,0,False,0.8529819694868238,0.3550624133148405,1.0
7071,0,CF2,L5,0.7,zero_fill,3,4,0.8138300180435181,0,False,0.8304172274562585,0.34185733512786004,0.9921875
25299,0,CF2,L5,0.7,zero_fill,4,7,0.4165668785572052,0,False,0.8586956521739131,0.34782608695652173,1.0
3393,0,CF2,L5,0.7,zero_fill,0,3,0.545455276966095,0,False,0.8736702127659575,0.3377659574468085,0.9921875
10532,0,CF2,L5,0.7,zero_fill,8,1,0.42690011858940125,0,False,0.8591916558018253,0.33376792698826596,1.0
14271,0,CF2,L5,0.7,zero_fill,3,1,0.5028805732727051,0,False,0.8814504881450488,0.3514644351464435,0.984375
12814,0,CF2,L5,0.7,zero_fill,4,1,0.7825680375099182,0,False,0.8581081081081081,0.34324324324324323,0.9921875
1763,0,CF2,L5,0.7,zero_fill,1,7,0.3336319923400879,0,False,0.8707015130674003,0.35075653370013754,0.99609375
2795,0,CF2,L5,0.7,zero_fill,4,7,0.7858179211616516,0,False,0.8607242339832869,0.35376044568245124,0.9921875
5329,0,CF2,L5,0.7,zero_fill,2,2,0.8627060055732727,1,False,0.8537604456824512,0.3565459610027855,1.0
11024,0,CF2,L5,0.7,zero_fill,8,3,0.299594521522522,0,False,0.8415300546448088,0.34972677595628415,1.0
23383,0,CF2,L5,0.7,zero_fill,6,7,0.767611563205719,0,False,0.8421052631578947,0.3545706371191136,1.0
582,0,CF2,L5,0.7,zero_fill,2,0,0.48502469062805176,0,False,0.8793565683646113,0.34316353887399464,1.0
20037,0,CF2,L5,0.7,zero_fill,5,3,0.5374346971511841,0,False,0.8242677824267782,0.35704323570432356,1.0
4876,0,CF2,L5,0.7,zero_fill,3,1,0.7955527305603027,0,False,0.8361111111111111,0.3375,0.94921875
16157,0,CF2,L5,0.7,zero_fill,1,1,0.4393191337585449,1,False,0.8495934959349594,0.34688346883468835,1.0
24155,0,CF2,L5,0.7,zero_fill,7,2,0.8079129457473755,0,False,0.850828729281768,0.35359116022099446,1.0
21035,0,CF2,L5,0.7,zero_fill,1,3,0.6807161569595337,0,False,0.8521617852161785,0.34309623430962344,0.9609375
2530,0,CF2,L5,0.7,zero_fill,2,1,0.35740822553634644,0,False,0.8456189151599444,0.34492350486787204,0.96875
20951,0,CF2,L5,0.7,zero_fill,4,2,0.5130682587623596,0,False,0.8675675675675676,0.34459459459459457,0.99609375
9752,0,CF2,L5,0.7,zero_fill,9,2,0.400654673576355,0,False,0.8581081081081081,0.34594594594594597,1.0
20362,0,CF2,L5,0.7,zero_fill,9,1,0.8670364618301392,0,False,0.8670360110803325,0.3490304709141274,0.984375
5669,0,CF2,L5,0.7,zero_fill,2,7,0.8795858025550842,0,False,0.8495821727019499,0.3565459610027855,1.0
9395,0,CF2,L5,0.7,zero_fill,6,2,0.2223127782344818,0,False,0.8767313019390581,0.3490304709141274,0.984375
22115,0,CF2,L5,0.7,zero_fill,2,5,0.5066320300102234,0,False,0.8308525033829499,0.3274695534506089,0.9453125
3784,0,CF2,L5,0.7,zero_fill,5,6,0.3788384199142456,0,False,0.8395378690629012,0.31835686777920413,0.96875
15518,0,CF2,L5,0.7,zero_fill,1,3,0.35745716094970703,0,False,0.8648275862068966,0.35310344827586204,1.0
22913,0,CF2,L5,0.7,zero_fill,1,4,0.34475159645080566,0,False,0.8083333333333333,0.34305555555555556,0.96484375
22485,0,CF2,L5,0.7,zero_fill,8,0,0.4446238875389099,0,False,0.8614958448753463,0.3545706371191136,1.0
14166,0,CF2,L5,0.7,zero_fill,9,7,0.38790374994277954,0,False,0.8583333333333333,0.35555555555555557,1.0
4606,0,CF2,L5,0.7,zero_fill,8,1,0.8887094855308533,0,False,0.8532608695652174,0.328804347826087,0.9453125
12043,0,CF2,L5,0.7,zero_fill,8,7,0.635618269443512,0,False,0.8526170798898072,0.3526170798898072,1.0
20255,0,CF2,L5,0.7,zero_fill,9,1,0.8374670147895813,0,False,0.8711340206185567,0.32989690721649484,1.0
21390,0,CF2,L5,0.7,zero_fill,8,1,0.336134135723114,0,False,0.8551532033426184,0.3565459610027855,1.0
13388,0,CF2,L5,0.7,zero_fill,6,1,0.5062495470046997,0,False,0.8552631578947368,0.3368421052631579,1.0
9382,0,CF2,L5,0.7,zero_fill,0,4,0.4052996337413788,0,False,0.8184281842818428,0.34010840108401086,0.98046875
11878,0,CF2,L5,0.7,zero_fill,4,3,0.8802075982093811,0,False,0.8215767634854771,0.34854771784232363,0.984375
10774,0,CF2,L5,0.7,zero_fill,1,7,0.4313071370124817,0,False,0.8326745718050066,0.3372859025032938,1.0
2211,0,CF2,L5,0.7,zero_fill,4,2,0.7730313539505005,0,False,0.8981958762886598,0.32989690721649484,1.0
22804,0,CF2,L5,0.7,zero_fill,1,7,0.6919339895248413,0,False,0.8625,0.35555555555555557,1.0
17903,0,CF2,L5,0.7,zero_fill,3,7,0.40832939743995667,0,False,0.8542234332425068,0.34877384196185285,1.0
16889,0,CF2,L5,0.7,zero_fill,1,7,0.41379162669181824,0,False,0.8589041095890411,0.3493150684931507,0.99609375
3013,0,CF2,L5,0.7,zero_fill,8,7,0.2635483145713806,0,False,0.8367911479944675,0.35131396957123096,0.9921875
19919,0,CF2,L5,0.7,zero_fill,8,1,0.6575713157653809,0,False,0.850132625994695,0.3395225464190981,1.0
7911,0,CF2,L5,0.7,zero_fill,0,1,0.7923495769500732,0,False,0.8580814717477004,0.32982917214191854,0.98046875
6473,0,CF2,L5,0.7,zero_fill,5,2,0.6059026122093201,0,False,0.8828451882845189,0.34309623430962344,0.9609375
14963,0,CF2,L5,0.7,zero_fill,2,1,0.8442079424858093,0,False,0.859481582537517,0.3451568894952251,0.98828125
3189,0,CF2,L5,0.7,zero_fill,3,7,0.46509507298469543,0,False,0.849931787175989,0.34924965893587995,1.0
21433,0,CF2,L5,0.7,zero_fill,6,1,0.8003464341163635,0,False,0.8250688705234159,0.3526170798898072,1.0
21534,0,CF2,L5,0.7,zero_fill,9,7,0.3324616849422455,0,False,0.8492392807745505,0.35408022130013833,1.0
4378,0,CF2,L5,0.7,zero_fill,4,5,0.5653546452522278,0,False,0.8142076502732241,0.3251366120218579,0.9296875
4179,0,CF2,L5,0.7,zero_fill,3,2,0.6979579329490662,0,False,0.8467966573816156,0.3565459610027855,1.0
20275,0,CF2,L5,0.7,zero_fill,7,2,0.559647262096405,0,False,0.8704735376044568,0.3565459610027855,1.0
724,0,CF2,L5,0.7,zero_fill,4,2,0.30986925959587097,0,False,0.8527027027027027,0.34324324324324323,0.9921875
15532,0,CF2,L5,0.7,zero_fill,5,2,0.3721970319747925,0,False,0.783068783068783,0.32671957671957674,0.96484375
7808,0,CF2,L5,0.7,zero_fill,4,1,0.4804230332374573,0,False,0.8821954484605087,0.3427041499330656,1.0
3185,0,CF2,L5,0.7,zero_fill,7,7,0.7872413992881775,1,False,0.8495339547270306,0.340878828229028,1.0
8217,0,CF2,L5,0.7,zero_fill,5,1,0.5041177868843079,0,False,0.8522571819425444,0.35020519835841313,1.0
15284,0,CF2,L5,0.7,zero_fill,2,7,0.43590182065963745,0,False,0.8415977961432507,0.349862258953168,0.9921875
2195,0,CF2,L5,0.7,zero_fill,1,7,0.6346914768218994,0,False,0.8611111111111112,0.3541666666666667,0.99609375
21296,0,CF2,L5,0.7,zero_fill,0,7,0.37828418612480164,0,False,0.8487738419618529,0.34877384196185285,1.0
14286,0,CF2,L5,0.7,zero_fill,3,2,0.2642114460468292,0,False,0.8292011019283747,0.34573002754820936,0.98046875
4261,0,CF2,L5,0.7,zero_fill,0,5,0.3178943991661072,0,False,0.8800557880055788,0.35704323570432356,1.0
24480,0,CF2,L5,0.7,zero_fill,2,2,0.3303176462650299,1,False,0.8775790921595599,0.35213204951856947,1.0
23581,0,CF2,L5,0.7,zero_fill,7,2,0.9364377856254578,0,False,0.8365650969529086,0.3545706371191136,1.0
24364,0,CF2,L5,0.7,zero_fill,7,7,0.6371142268180847,1,False,0.8164383561643835,0.3287671232876712,0.9375
4259,0,CF2,L5,0.7,zero_fill,4,4,0.5369450449943542,1,False,0.8633193863319386,0.35704323570432356,1.0
4323,0,CF2,L5,0.7,zero_fill,8,2,0.5057738423347473,0,False,0.8573407202216067,0.3545706371191136,1.0
26017,0,CF2,L5,0.7,zero_fill,2,7,0.653229832649231,0,False,0.8502080443828016,0.3536754507628294,0.99609375
4055,0,CF2,L5,0.7,zero_fill,9,3,0.2633933126926422,0,False,0.8464730290456431,0.35269709543568467,0.99609375
23968,0,CF2,L5,0.7,zero_fill,6,7,0.6614152789115906,0,False,0.853021978021978,0.3516483516483517,1.0
4914,0,CF2,L5,0.7,zero_fill,2,7,0.381394624710083,0,False,0.8539944903581267,0.3415977961432507,0.96875
17310,0,CF2,L5,0.7,zero_fill,7,1,0.5533090829849243,0,False,0.8333333333333334,0.3307291666666667,0.9921875
14981,0,CF2,L5,0.7,zero_fill,2,1,0.36703649163246155,0,False,0.8746594005449592,0.3460490463215259,0.9921875
7511,0,CF2,L5,0.7,zero_fill,6,7,0.4428122043609619,0,False,0.8663967611336032,0.34547908232118757,1.0
4136,0,CF2,L5,0.7,zero_fill,9,2,0.6187328696250916,0,False,0.8695652173913043,0.32608695652173914,0.99609375
8043,0,CF2,L5,0.7,zero_fill,2,3,0.36221039295196533,0,False,0.8652291105121294,0.3423180592991914,0.9921875
14360,0,CF2,L5,0.7,zero_fill,4,4,0.5927590131759644,1,False,0.8642659279778393,0.3545706371191136,1.0
6364,0,CF2,L5,0.7,zero_fill,0,4,0.6492332220077515,0,False,0.8370473537604457,0.3426183844011142,0.9609375
8827,0,CF2,L5,0.7,zero_fill,4,3,0.3910045027732849,0,False,0.8599735799207398,0.3381770145310436,1.0
24886,0,CF2,L5,0.7,zero_fill,9,1,0.3378917872905731,0,False,0.8498659517426274,0.34316353887399464,1.0
21392,0,CF2,L5,0.7,zero_fill,2,2,0.33474215865135193,1,False,0.8314917127071824,0.30939226519337015,0.875
18654,0,CF2,L5,0.7,zero_fill,6,0,0.6666011214256287,0,False,0.8094575799721836,0.3463143254520167,0.97265625
21766,0,CF2,L5,0.7,zero_fill,1,0,0.43822944164276123,0,False,0.8601108033240997,0.3545706371191136,1.0
25433,0,CF2,L5,0.7,zero_fill,8,1,0.5814540386199951,0,False,0.8458333333333333,0.34444444444444444,0.96875
10927,0,CF2,L5,0.7,zero_fill,8,1,0.6498093008995056,0,False,0.8590971272229823,0.3433652530779754,0.98046875
14092,0,CF2,L5,0.7,zero_fill,6,1,0.4193345308303833,0,False,0.8457300275482094,0.34297520661157027,0.97265625
20936,0,CF2,L5,0.7,zero_fill,9,2,0.6422010064125061,0,False,0.865047233468286,0.34547908232118757,1.0
23711,0,CF2,L5,0.7,zero_fill,4,2,0.5376207828521729,0,False,0.8581363004172462,0.34909596662030595,0.98046875
19260,0,CF2,L5,0.7,zero_fill,7,7,0.39975985884666443,1,False,0.8629242819843342,0.3289817232375979,0.984375
17360,0,CF2,L5,0.7,zero_fill,3,1,0.5757789611816406,0,False,0.8259052924791086,0.32172701949860727,0.90234375
965,0,CF2,L5,0.7,zero_fill,0,1,0.3875356614589691,0,False,0.8397260273972603,0.3506849315068493,1.0
463,0,CF2,L5,0.7,zero_fill,6,2,0.5637261867523193,0,False,0.8191933240611962,0.33936022253129344,0.953125
8945,0,CF2,L5,0.7,zero_fill,6,1,0.6670895218849182,0,False,0.850974930362117,0.3565459610027855,1.0
14090,0,CF2,L5,0.7,zero_fill,2,1,0.3062392473220825,0,False,0.807743658210948,0.3177570093457944,0.9296875
8479,0,CF2,L5,0.7,zero_fill,9,7,0.7339912056922913,0,False,0.8553546592489569,0.3560500695410292,1.0
24477,0,CF2,L5,0.7,zero_fill,2,5,0.3752991855144501,0,False,0.8363136176066025,0.34112792297111416,0.96875
8195,0,CF2,L5,0.7,zero_fill,0,2,0.7137900590896606,0,False,0.8624484181568088,0.35213204951856947,1.0
1773,0,CF2,L5,0.7,zero_fill,0,1,0.41426047682762146,0,False,0.8262599469496021,0.32625994694960214,0.9609375
11776,0,CF2,L5,0.7,zero_fill,2,0,0.4268743693828583,0,False,0.8704939919893191,0.3417890520694259,1.0
3313,0,CF2,L5,0.7,zero_fill,6,2,0.3881663680076599,0,False,0.8253094910591472,0.3493810178817056,0.9921875
5424,0,CF2,L5,0.7,zero_fill,9,1,0.8394958972930908,0,False,0.8257261410788381,0.35408022130013833,1.0
19606,0,CF2,L5,0.7,zero_fill,2,1,0.32663223147392273,0,False,0.8480325644504749,0.33921302578018997,0.9765625
10110,0,CF2,L5,0.7,zero_fill,9,2,0.509719967842102,0,False,0.8796791443850267,0.3422459893048128,1.0
22872,0,CF2,L5,0.7,zero_fill,6,0,0.5002869367599487,0,False,0.8536585365853658,0.34688346883468835,1.0
7573,0,CF2,L5,0.7,zero_fill,1,1,0.8399927020072937,1,False,0.8395573997233748,0.35408022130013833,1.0
7105,0,CF2,L5,0.7,zero_fill,3,0,0.32395967841148376,0,False,0.8678720445062587,0.3560500695410292,1.0
18854,0,CF2,L5,0.7,zero_fill,1,1,0.5900983214378357,1,False,0.8348993288590604,0.338255033557047,0.984375
14576,0,CF2,L5,0.7,zero_fill,9,3,0.7066754102706909,0,False,0.8402684563758389,0.3208053691275168,0.93359375
9376,0,CF2,L5,0.7,zero_fill,0,1,0.3380683958530426,0,False,0.8518518518518519,0.33607681755829905,0.95703125
20128,0,CF2,L5,0.7,zero_fill,8,4,0.5220553874969482,0,False,0.8585298196948682,0.3550624133148405,1.0
24854,0,CF2,L5,0.7,zero_fill,9,1,0.3713708519935608,0,False,0.8440366972477065,0.3211009174311927,0.95703125
4937,0,CF2,L5,0.7,zero_fill,2,1,0.7051801085472107,0,False,0.8577405857740585,0.35704323570432356,1.0
338,0,CF2,L5,0.7,zero_fill,3,4,0.4084993302822113,0,False,0.8629776021080369,0.3346508563899868,0.9921875
9981,0,CF2,L5,0.7,zero_fill,3,2,0.6385768055915833,0,False,0.8773087071240105,0.3311345646437995,0.98046875
6665,0,CF2,L5,0.7,zero_fill,8,1,0.3260380029678345,0,False,0.8732970027247956,0.34877384196185285,1.0
6704,0,CF2,L5,0.7,zero_fill,0,1,0.5395218729972839,0,False,0.8594164456233422,0.32891246684350134,0.96875
23255,0,CF2,L5,0.7,zero_fill,2,1,0.3067934215068817,0,False,0.8482849604221636,0.33773087071240104,1.0
5355,0,CF2,L5,0.7,zero_fill,5,3,0.43033385276794434,0,False,0.8535564853556485,0.32217573221757323,0.90234375
22422,0,CF2,L5,0.7,zero_fill,1,2,0.6163398027420044,0,False,0.8271092669432918,0.34024896265560167,0.9609375
7367,0,CF2,L5,0.7,zero_fill,9,7,0.7953267097473145,0,False,0.8620689655172413,0.35310344827586204,1.0
13489,0,CF2,L5,0.7,zero_fill,7,3,0.3055931627750397,0,False,0.8731155778894473,0.32160804020100503,1.0
20955,0,CF2,L5,0.7,zero_fill,7,0,0.3715320825576782,0,False,0.8604972375690608,0.35359116022099446,1.0
25439,0,CF2,L5,0.7,zero_fill,9,1,0.4460364282131195,0,False,0.8396094839609484,0.35704323570432356,1.0
12711,0,CF2,L5,0.7,zero_fill,8,1,0.48543667793273926,0,False,0.8855263157894737,0.3368421052631579,1.0
7671,0,CF2,L5,0.7,zero_fill,6,1,0.29984456300735474,0,False,0.8633879781420765,0.34972677595628415,1.0
20420,0,CF2,L5,0.7,zero_fill,8,3,0.8336789608001709,0,False,0.8354253835425384,0.3110181311018131,0.87109375
12630,0,CF2,L5,0.7,zero_fill,2,7,0.3534802496433258,0,False,0.8636995827538247,0.3560500695410292,1.0
21394,0,CF2,L5,0.7,zero_fill,1,7,0.620113730430603,0,False,0.8632596685082873,0.35220994475138123,0.99609375
7095,0,CF2,L5,0.7,zero_fill,1,1,0.5662016868591309,1,False,0.8220689655172414,0.33655172413793105,0.953125
11532,0,CF2,L5,0.7,zero_fill,9,2,0.4606415033340454,0,False,0.8286908077994429,0.3565459610027855,1.0
2853,0,CF2,L5,0.7,zero_fill,3,1,0.6240086555480957,0,False,0.839142091152815,0.34316353887399464,1.0
13487,0,CF2,L5,0.7,zero_fill,0,1,0.7362979054450989,0,False,0.8505434782608695,0.34782608695652173,1.0
9350,0,CF2,L5,0.7,zero_fill,9,2,0.6006759405136108,0,False,0.8567493112947658,0.3526170798898072,1.0
24164,0,CF2,L5,0.7,zero_fill,4,7,0.327227920293808,0,False,0.852054794520548,0.3506849315068493,1.0
23155,0,CF2,L5,0.7,zero_fill,7,3,0.28447091579437256,0,False,0.837431693989071,0.3333333333333333,0.953125
1588,0,CF2,L5,0.7,zero_fill,8,1,0.26489415764808655,0,False,0.8465679676985195,0.3445491251682369,1.0
5400,0,CF2,L5,0.7,zero_fill,5,2,0.7802192568778992,0,False,0.850415512465374,0.3545706371191136,1.0
8913,0,CF2,L5,0.7,zero_fill,6,1,0.3428066074848175,0,False,0.887012987012987,0.33246753246753247,1.0
4990,0,CF2,L5,0.7,zero_fill,8,4,0.26032066345214844,0,False,0.8758085381630013,0.3260025873221216,0.984375
13364,0,CF2,L5,0.7,zero_fill,7,5,0.4293113350868225,0,False,0.8472032742155525,0.34652114597544337,0.9921875
1157,0,CF2,L5,0.7,zero_fill,1,4,0.46944430470466614,0,False,0.8310626702997275,0.3419618528610354,0.98046875
19432,0,CF2,L5,0.7,zero_fill,6,7,0.5507321357727051,0,False,0.8411458333333334,0.3333333333333333,1.0
24861,0,CF2,L5,0.7,zero_fill,1,9,0.8516665697097778,0,False,0.8125854993160054,0.3036935704514364,0.8671875
16303,0,CF2,L5,0.7,zero_fill,0,1,0.28914570808410645,0,False,0.8819444444444444,0.35555555555555557,1.0
23675,0,CF2,L5,0.7,zero_fill,1,4,0.46225011348724365,0,False,0.8636959370904325,0.3302752293577982,0.984375
10816,0,CF2,L5,0.7,zero_fill,5,7,0.498891681432724,0,False,0.8432732316227461,0.3550624133148405,1.0
25683,0,CF2,L5,0.7,zero_fill,7,5,0.54725182056427,0,False,0.8385772913816689,0.3283173734610123,0.9375
6680,0,CF2,L5,0.7,zero_fill,7,1,0.37865084409713745,0,False,0.8326359832635983,0.35564853556485354,0.99609375
15541,0,CF2,L5,0.7,zero_fill,1,7,0.9624153971672058,0,False,0.8411602209944752,0.35359116022099446,1.0
129,0,CF2,L5,0.7,zero_fill,9,1,0.9464702010154724,0,False,0.8527027027027027,0.34459459459459457,0.99609375
10977,0,CF2,L5,0.7,zero_fill,5,2,0.9871958494186401,0,False,0.853021978021978,0.3516483516483517,1.0
7518,0,CF2,L5,0.7,zero_fill,5,4,0.43843594193458557,0,False,0.8899328859060402,0.3409395973154362,0.9921875
15350,0,CF2,L5,0.7,zero_fill,0,1,0.45639199018478394,0,False,0.8367346938775511,0.3360544217687075,0.96484375
4712,0,CF2,L5,0.7,zero_fill,2,1,0.7362426519393921,0,False,0.8588709677419355,0.34408602150537637,1.0
3234,0,CF2,L5,0.7,zero_fill,1,0,0.5219346880912781,0,False,0.8830811554332875,0.35213204951856947,1.0
21292,0,CF2,L5,0.7,zero_fill,8,7,0.3480289876461029,0,False,0.8671232876712329,0.3506849315068493,1.0
6439,0,CF2,L5,0.7,zero_fill,6,6,0.7722657918930054,1,False,0.7967032967032966,0.3173076923076923,0.90234375
16930,0,CF2,L5,0.7,zero_fill,4,1,0.3264160454273224,0,False,0.8299595141700404,0.34547908232118757,1.0
25255,0,CF2,L5,0.7,zero_fill,6,1,0.47378119826316833,0,False,0.8628808864265928,0.3490304709141274,0.984375
5562,0,CF2,L5,0.7,zero_fill,6,1,0.7784096002578735,0,False,0.8654104979811574,0.3445491251682369,1.0
20888,0,CF2,L5,0.7,zero_fill,6,3,0.4265163838863373,0,False,0.8376891334250344,0.34112792297111416,0.96875
17907,0,CF2,L5,0.7,zero_fill,0,1,0.948431134223938,0,False,0.8435374149659864,0.34829931972789113,1.0
15282,0,CF2,L5,0.7,zero_fill,5,1,0.7105099558830261,0,False,0.8073770491803278,0.33879781420765026,0.96875
9564,0,CF2,L5,0.7,zero_fill,5,1,0.5774800777435303,0,False,0.8693877551020408,0.3346938775510204,0.9609375
2105,0,CF2,L5,0.7,zero_fill,5,1,0.38075628876686096,0,False,0.8605577689243028,0.33731739707835323,0.9921875
2188,0,CF2,L5,0.7,zero_fill,5,9,0.23185616731643677,0,False,0.8016085790884718,0.3257372654155496,0.94921875
10587,0,CF2,L5,0.7,zero_fill,9,2,0.4010908901691437,0,False,0.8523676880222841,0.3565459610027855,1.0
20421,0,CF2,L5,0.7,zero_fill,8,2,0.3608390688896179,0,False,0.8743243243243243,0.34459459459459457,0.99609375
23070,0,CF2,L5,0.7,zero_fill,0,7,0.8068990707397461,0,False,0.8370165745856354,0.3314917127071823,0.9375
19127,0,CF2,L5,0.7,zero_fill,6,1,0.5753335952758789,0,False,0.8575268817204301,0.34408602150537637,1.0
7302,0,CF2,L5,0.7,zero_fill,3,7,0.6182704567909241,0,False,0.8493150684931506,0.3506849315068493,1.0
8409,0,CF2,L5,0.7,zero_fill,4,1,0.6507107615470886,0,False,0.8597402597402597,0.32857142857142857,0.98828125
11086,0,CF2,L5,0.7,zero_fill,7,7,0.6059669852256775,1,False,0.7938718662952646,0.3342618384401114,0.9375
17122,0,CF2,L5,0.7,zero_fill,5,1,0.8342196345329285,0,False,0.8511821974965229,0.3560500695410292,1.0
3555,0,CF2,L5,0.7,zero_fill,2,0,0.4979684352874756,0,False,0.8530997304582211,0.3450134770889488,1.0
19437,0,CF2,L5,0.7,zero_fill,4,2,0.389912873506546,0,False,0.8278688524590164,0.3401639344262295,0.97265625
594,0,CF2,L5,0.7,zero_fill,9,5,0.4362542927265167,0,False,0.8107734806629834,0.3370165745856354,0.953125
21863,0,CF2,L5,0.7,zero_fill,3,7,0.24245604872703552,0,False,0.8303448275862069,0.34344827586206894,0.97265625
19765,0,CF2,L5,0.7,zero_fill,5,2,0.6314805150032043,0,False,0.8117154811715481,0.33612273361227335,0.94140625
16909,0,CF2,L5,0.7,zero_fill,2,7,0.3301118016242981,0,False,0.7869986168741355,0.326417704011065,0.921875
21154,0,CF2,L5,0.7,zero_fill,7,1,0.7874388098716736,0,False,0.8311345646437994,0.3337730870712401,0.98828125
18615,0,CF2,L5,0.7,zero_fill,7,4,0.4531997740268707,0,False,0.8609179415855355,0.3518776077885953,0.98828125
18171,0,CF2,L5,0.7,zero_fill,7,2,0.44155314564704895,0,False,0.8614540466392319,0.3497942386831276,0.99609375
24434,0,CF2,L5,0.7,zero_fill,5,2,0.23357167840003967,0,False,0.8716875871687587,0.35704323570432356,1.0
9664,0,CF2,L5,0.7,zero_fill,0,1,0.7332276701927185,0,False,0.8442280945757997,0.3560500695410292,1.0
2013,0,CF2,L5,0.7,zero_fill,5,7,0.7309474349021912,0,False,0.8401585204755614,0.3381770145310436,1.0
13537,0,CF2,L5,0.7,zero_fill,4,1,0.5688174962997437,0,False,0.8734353268428373,0.3560500695410292,1.0
23942,0,CF2,L5,0.7,zero_fill,9,1,0.3185197710990906,0,False,0.871866295264624,0.34401114206128136,0.96484375
12415,0,CF2,L5,0.7,zero_fill,4,1,0.705116868019104,0,False,0.8081632653061225,0.34829931972789113,1.0
13735,0,CF2,L5,0.7,zero_fill,0,2,0.27142325043678284,0,False,0.8539638386648123,0.3560500695410292,1.0
6873,0,CF2,L5,0.7,zero_fill,1,4,0.4485900402069092,0,False,0.8342541436464088,0.35082872928176795,0.9921875
16233,0,CF2,L5,0.7,zero_fill,2,5,0.33140045404434204,0,False,0.873641304347826,0.34782608695652173,1.0
13108,0,CF2,L5,0.7,zero_fill,5,1,0.2765149176120758,0,False,0.8577405857740585,0.35704323570432356,1.0
18114,0,CF2,L5,0.7,zero_fill,7,7,0.36674243211746216,1,False,0.8486486486486486,0.33918918918918917,0.98046875
25318,0,CF2,L5,0.7,zero_fill,0,2,0.46610042452812195,0,False,0.8607427055702918,0.3395225464190981,1.0
22387,0,CF2,L5,0.7,zero_fill,7,2,0.9599880576133728,0,False,0.8630705394190872,0.35408022130013833,1.0
19911,0,CF2,L5,0.7,zero_fill,7,1,0.5553498864173889,0,False,0.7950138504155124,0.3407202216066482,0.9609375
9953,0,CF2,L5,0.7,zero_fill,2,2,0.32295769453048706,1,False,0.8984375,0.3333333333333333,1.0
18500,0,CF2,L5,0.7,zero_fill,1,1,0.5685405135154724,1,False,0.8372739916550765,0.35048678720445064,0.984375
12463,0,CF2,L5,0.7,zero_fill,2,1,0.6655400395393372,0,False,0.8353909465020576,0.3511659807956104,1.0
12143,0,CF2,L5,0.7,zero_fill,8,1,0.937538206577301,0,False,0.8481894150417827,0.33565459610027853,0.94140625
14588,0,CF2,L5,0.7,zero_fill,8,0,0.5127590894699097,0,False,0.8545706371191135,0.3545706371191136,1.0
22152,0,CF2,L5,0.7,zero_fill,2,1,0.5237801671028137,0,False,0.868421052631579,0.3545706371191136,1.0
16563,0,CF2,L5,0.7,zero_fill,4,2,0.2464858591556549,0,False,0.8191933240611962,0.35465924895688455,0.99609375
25225,0,CF2,L5,0.7,zero_fill,9,1,0.5237953066825867,0,False,0.8611111111111112,0.34305555555555556,0.96484375
1161,0,CF2,L5,0.7,zero_fill,2,0,0.2652533948421478,0,False,0.837465564738292,0.34297520661157027,0.97265625
9891,0,CF2,L5,0.7,zero_fill,5,1,0.27524319291114807,0,False,0.8410041841004184,0.35704323570432356,1.0
18833,0,CF2,L5,0.7,zero_fill,2,7,0.7081560492515564,0,False,0.797799174690509,0.3204951856946355,0.91015625
6162,0,CF2,L5,0.7,zero_fill,2,1,0.7940889000892639,0,False,0.8702702702702703,0.34594594594594597,1.0
22638,0,CF2,L5,0.7,zero_fill,0,2,0.3118075728416443,0,False,0.8744939271255061,0.34547908232118757,1.0
6112,0,CF2,L5,0.7,zero_fill,6,2,0.40918874740600586,0,False,0.833112582781457,0.3271523178807947,0.96484375
24259,0,CF2,L5,0.7,zero_fill,9,7,0.45503541827201843,0,False,0.8670284938941656,0.3473541383989145,1.0
18029,0,CF2,L5,0.7,zero_fill,2,7,0.9342959523200989,0,False,0.8656126482213439,0.3372859025032938,1.0
13233,0,CF2,L5,0.7,zero_fill,0,0,0.5782685875892639,1,False,0.8587105624142661,0.3511659807956104,1.0
22560,0,CF2,L5,0.7,zero_fill,3,0,0.3409878611564636,0,False,0.811373092926491,0.34674063800277394,0.9765625
17100,0,CF2,L5,0.7,zero_fill,7,2,0.6330397725105286,0,False,0.8261474269819193,0.3337969401947149,0.9375
13394,0,CF2,L5,0.7,zero_fill,7,2,0.8851978778839111,0,False,0.8231292517006803,0.3346938775510204,0.9609375
25173,0,CF2,L5,0.7,zero_fill,3,1,0.5598809719085693,0,False,0.8587257617728532,0.3545706371191136,1.0
17342,0,CF2,L5,0.7,zero_fill,4,4,0.749836802482605,1,False,0.8172942817294282,0.3263598326359833,0.9140625
5881,0,CF2,L5,0.7,zero_fill,1,1,0.27050265669822693,1,False,0.8507670850767085,0.3542538354253835,0.9921875
16982,0,CF2,L5,0.7,zero_fill,3,0,0.42304912209510803,0,False,0.8710990502035278,0.3473541383989145,1.0
12959,0,CF2,L5,0.7,zero_fill,2,2,0.8070780634880066,1,False,0.8524137931034482,0.35172413793103446,0.99609375
3410,0,CF2,L5,0.7,zero_fill,2,1,0.6471262574195862,0,False,0.853625170998632,0.35020519835841313,1.0
1939,0,CF2,L5,0.7,zero_fill,2,1,0.8616328239440918,0,False,0.8444148936170213,0.3390957446808511,0.99609375
13563,0,CF2,L5,0.7,zero_fill,4,2,0.40192562341690063,0,False,0.8559556786703602,0.3545706371191136,1.0
9659,0,CF2,L5,0.7,zero_fill,4,1,0.3621593713760376,0,False,0.8406593406593407,0.34615384615384615,0.984375
23588,0,CF2,L5,0.7,zero_fill,9,3,0.49603649973869324,0,False,0.853185595567867,0.35041551246537395,0.98828125
12156,0,CF2,L5,0.7,zero_fill,9,1,0.7262409925460815,0,False,0.841225626740947,0.35236768802228413,0.98828125
24790,0,CF2,L5,0.7,zero_fill,4,7,0.4836529791355133,0,False,0.8496042216358839,0.33773087071240104,1.0
894,0,CF2,L5,0.7,zero_fill,8,1,0.8575624227523804,0,False,0.8331053351573188,0.3488372093023256,0.99609375
13738,0,CF2,L5,0.7,zero_fill,7,1,0.668049156665802,0,False,0.8633288227334236,0.34641407307171856,1.0
20555,0,CF2,L5,0.7,zero_fill,5,2,0.364601731300354,0,False,0.8601747815230961,0.31585518102372034,0.98828125
20457,0,CF2,L5,0.7,zero_fill,3,7,0.4139518439769745,0,False,0.8734353268428373,0.3560500695410292,1.0
24842,0,CF2,L5,0.7,zero_fill,3,7,0.349214643239975,0,False,0.8548168249660787,0.3473541383989145,1.0
11390,0,CF2,L5,0.7,zero_fill,9,4,0.3359912931919098,0,False,0.8535911602209945,0.35359116022099446,1.0
2665,0,CF2,L5,0.7,zero_fill,9,0,0.5417999625205994,0,False,0.8188105117565698,0.34024896265560167,0.9609375
24741,0,CF2,L5,0.7,zero_fill,8,9,0.2917284071445465,0,False,0.837431693989071,0.34153005464480873,0.9765625
17634,0,CF2,L5,0.7,zero_fill,8,1,0.5310283899307251,0,False,0.8297587131367292,0.3351206434316354,0.9765625
16599,0,CF2,L5,0.7,zero_fill,1,1,0.35867786407470703,1,False,0.8608815426997245,0.3526170798898072,1.0
19330,0,CF2,L5,0.7,zero_fill,7,7,0.676286518573761,1,False,0.832425068119891,0.34332425068119893,0.984375
3257,0,CF2,L5,0.7,zero_fill,1,1,0.5393650531768799,1,False,0.8526603001364257,0.34924965893587995,1.0
1114,0,CF2,L5,0.7,zero_fill,9,2,0.378593385219574,0,False,0.8456189151599444,0.3560500695410292,1.0
11738,0,CF2,L5,0.7,zero_fill,8,1,0.6276805400848389,0,False,0.854421768707483,0.34829931972789113,1.0
13077,0,CF2,L5,0.7,zero_fill,8,2,0.8002193570137024,0,False,0.8593103448275862,0.35310344827586204,1.0
5168,0,CF2,L5,0.7,zero_fill,3,2,0.40016043186187744,0,False,0.8520055325034578,0.34854771784232363,0.984375
26013,0,CF2,L5,0.7,zero_fill,8,1,0.36233580112457275,0,False,0.8602739726027397,0.3506849315068493,1.0
5611,0,CF2,L5,0.7,zero_fill,7,3,0.28099870681762695,0,False,0.82907133243607,0.32570659488559894,0.9453125
9389,0,CF2,L5,0.7,zero_fill,6,1,0.5286763906478882,0,False,0.8488210818307905,0.3550624133148405,1.0
25070,0,CF2,L5,0.7,zero_fill,2,1,0.7056033611297607,0,False,0.8497913769123783,0.3477051460361613,0.9765625
11322,0,CF2,L5,0.7,zero_fill,8,2,0.4580480754375458,0,False,0.8444444444444444,0.35,0.984375
3051,0,CF2,L5,0.7,zero_fill,0,7,0.39954185485839844,0,False,0.8540829986613119,0.3427041499330656,1.0
18770,0,CF2,L5,0.7,zero_fill,4,2,0.717381477355957,0,False,0.8331053351573188,0.3378932968536252,0.96484375
14692,0,CF2,L5,0.7,zero_fill,2,7,0.25248274207115173,0,False,0.8310249307479224,0.3490304709141274,0.984375
4561,0,CF2,L5,0.7,zero_fill,5,6,0.32059603929519653,0,False,0.7877947295423023,0.29403606102635227,0.828125
16994,0,CF2,L5,0.7,zero_fill,0,4,0.3553253412246704,0,False,0.8729281767955801,0.35359116022099446,1.0
4156,0,CF2,L5,0.7,zero_fill,5,7,0.272047221660614,0,False,0.8428372739916551,0.3560500695410292,1.0
5884,0,CF2,L5,0.7,zero_fill,1,1,0.941636860370636,1,False,0.8428184281842819,0.33062330623306235,0.953125
18233,0,CF2,L5,0.7,zero_fill,0,7,0.5902838110923767,0,False,0.8430555555555556,0.35555555555555557,1.0
17044,0,CF2,L5,0.7,zero_fill,6,7,0.9195391535758972,0,False,0.8304405874499332,0.3417890520694259,1.0
18857,0,CF2,L5,0.7,zero_fill,6,7,0.7579326629638672,0,False,0.8448753462603878,0.3545706371191136,1.0
21917,0,CF2,L5,0.7,zero_fill,9,7,0.6436831951141357,0,False,0.8335644937586685,0.34812760055478503,0.98046875
5054,0,CF2,L5,0.7,zero_fill,3,1,0.9052597880363464,0,False,0.8400556328233658,0.3560500695410292,1.0
7882,0,CF2,L5,0.7,zero_fill,4,0,0.20191432535648346,0,False,0.8644986449864499,0.34688346883468835,1.0
15688,0,CF2,L5,0.7,zero_fill,4,7,0.4687947630882263,0,False,0.8370165745856354,0.3287292817679558,0.9296875
5612,0,CF2,L5,0.7,zero_fill,8,0,0.43095171451568604,0,False,0.8672199170124482,0.32918395573997233,0.9296875
13934,0,CF2,L5,0.7,zero_fill,9,7,0.8789907693862915,0,False,0.8247566063977747,0.3560500695410292,1.0
16689,0,CF2,L5,0.7,zero_fill,2,7,0.3657725155353546,0,False,0.8638814016172507,0.3436657681940701,0.99609375
23844,0,CF2,L5,0.7,zero_fill,6,7,0.39660516381263733,0,False,0.8295165394402035,0.32188295165394404,0.98828125
7944,0,CF2,L5,0.7,zero_fill,7,2,0.267086923122406,0,False,0.8532110091743119,0.33551769331585846,1.0
11370,0,CF2,L5,0.7,zero_fill,8,6,0.4522121250629425,0,False,0.8534599728629579,0.3310719131614654,0.953125
24569,0,CF2,L5,0.7,zero_fill,1,5,0.31645405292510986,0,False,0.779291553133515,0.30926430517711173,0.88671875
7529,0,CF2,L5,0.7,zero_fill,5,2,0.4228823184967041,0,False,0.8413793103448276,0.35310344827586204,1.0
5092,0,CF2,L5,0.7,zero_fill,2,2,0.26969683170318604,1,False,0.8577405857740585,0.35704323570432356,1.0
20673,0,CF2,L5,0.7,zero_fill,2,2,0.5352666974067688,1,False,0.8401639344262295,0.34972677595628415,1.0
10096,0,CF2,L5,0.7,zero_fill,7,0,0.18096309900283813,0,False,0.8470744680851063,0.3324468085106383,0.9765625
2059,0,CF2,L5,0.7,zero_fill,3,1,0.22172410786151886,0,False,0.8472222222222222,0.3277777777777778,0.921875
19318,0,CF2,L5,0.7,zero_fill,0,0,0.3291063606739044,1,False,0.8328877005347594,0.339572192513369,0.9921875
12977,0,CF2,L5,0.7,zero_fill,8,7,0.6022005677223206,0,False,0.8500669344042838,0.3373493975903614,0.984375
17673,0,CF2,L5,0.7,zero_fill,0,7,0.30325743556022644,0,False,0.8482384823848238,0.34146341463414637,0.984375
18750,0,CF2,L5,0.7,zero_fill,0,2,0.6696596145629883,0,False,0.8379501385041551,0.3490304709141274,0.984375
16728,0,CF2,L5,0.7,zero_fill,3,1,0.3914453685283661,0,False,0.863448275862069,0.35310344827586204,1.0
14776,0,CF2,L5,0.7,zero_fill,8,2,0.4173552691936493,0,False,0.8666666666666667,0.34829931972789113,1.0
6941,0,CF2,L5,0.7,zero_fill,9,2,0.6078699827194214,0,False,0.8451882845188284,0.35704323570432356,1.0
16787,0,CF2,L5,0.7,zero_fill,6,2,0.7014784812927246,0,False,0.835635359116022,0.35359116022099446,1.0
25932,0,CF2,L5,0.7,zero_fill,5,2,0.4318602979183197,0,False,0.8285714285714286,0.34285714285714286,0.984375
614,0,CF2,L5,0.7,zero_fill,0,1,0.5172198414802551,0,False,0.8377253814147018,0.3550624133148405,1.0
25690,0,CF2,L5,0.7,zero_fill,5,1,0.29317644238471985,0,False,0.8743455497382199,0.33507853403141363,1.0
25968,0,CF2,L5,0.7,zero_fill,5,7,0.43395841121673584,0,False,0.8324175824175825,0.3489010989010989,0.9921875
20123,0,CF2,L5,0.7,zero_fill,3,7,0.594150185585022,0,False,0.8592105263157894,0.3368421052631579,1.0
13341,0,CF2,L5,0.7,zero_fill,5,1,0.3829454183578491,0,False,0.8647925033467202,0.30254350736278446,0.8828125
24697,0,CF2,L5,0.7,zero_fill,4,2,0.3843466341495514,0,False,0.8407202216066482,0.3545706371191136,1.0
15157,0,CF2,L5,0.7,zero_fill,6,2,0.5404855608940125,0,False,0.8510344827586207,0.35310344827586204,1.0
23115,0,CF2,L5,0.7,zero_fill,1,7,0.35427653789520264,0,False,0.8702928870292888,0.3542538354253835,0.9921875
6396,0,CF2,L5,0.7,zero_fill,0,0,0.5811265110969543,1,False,0.8482758620689655,0.35310344827586204,1.0
19142,0,CF2,L5,0.7,zero_fill,4,2,0.6863086223602295,0,False,0.8339973439575034,0.3399734395750332,1.0
13157,0,CF2,L5,0.7,zero_fill,3,7,0.7242339849472046,0,False,0.8527027027027027,0.34594594594594597,1.0
19866,0,CF2,L5,0.7,zero_fill,1,2,0.5486810207366943,0,False,0.8694481830417228,0.3445491251682369,1.0
25996,0,CF2,L5,0.7,zero_fill,8,6,0.5182477235794067,0,False,0.8201936376210235,0.3333333333333333,0.94140625
25515,0,CF2,L5,0.7,zero_fill,7,7,0.35767748951911926,1,False,0.8437067773167358,0.35408022130013833,1.0
12876,0,CF2,L5,0.7,zero_fill,0,2,0.7352637052536011,0,False,0.8555858310626703,0.33651226158038144,0.96484375
17565,0,CF2,L5,0.7,zero_fill,6,1,0.7077082991600037,0,False,0.8684931506849315,0.3506849315068493,1.0
17511,0,CF2,L5,0.7,zero_fill,4,7,0.3306991457939148,0,False,0.8521617852161785,0.35704323570432356,1.0
19996,0,CF2,L5,0.7,zero_fill,0,7,0.5798248052597046,0,False,0.8407557354925776,0.340080971659919,0.984375
12807,0,CF2,L5,0.7,zero_fill,1,7,0.6686116456985474,0,False,0.8740157480314961,0.3359580052493438,1.0
11001,0,CF2,L5,0.7,zero_fill,9,2,0.37081414461135864,0,False,0.8335625859697386,0.35213204951856947,1.0
13107,0,CF2,L5,0.7,zero_fill,0,2,0.32085108757019043,0,False,0.8427586206896551,0.34620689655172415,0.98046875
12641,0,CF2,L5,0.7,zero_fill,6,4,0.38598397374153137,0,False,0.8555555555555555,0.3333333333333333,0.9375
22667,0,CF2,L5,0.7,zero_fill,5,1,0.32484909892082214,0,False,0.8199445983379502,0.35318559556786705,0.99609375
7310,0,CF2,L5,0.7,zero_fill,7,2,0.6546697616577148,0,False,0.8166666666666667,0.3527777777777778,0.9921875
764,0,CF2,L5,0.7,zero_fill,1,2,0.8548798561096191,0,False,0.8265027322404371,0.32650273224043713,0.93359375
14813,0,CF2,L5,0.7,zero_fill,4,1,0.5120221972465515,0,False,0.862533692722372,0.3450134770889488,1.0
7132,0,CF2,L5,0.7,zero_fill,2,1,0.571472704410553,0,False,0.86593707250342,0.35020519835841313,1.0
23884,0,CF2,L5,0.7,zero_fill,1,0,0.23890937864780426,0,False,0.84375,0.34782608695652173,1.0
22735,0,CF2,L5,0.7,zero_fill,8,7,0.4624718129634857,0,False,0.8427586206896551,0.35310344827586204,1.0
12483,0,CF2,L5,0.7,zero_fill,2,7,0.4338584542274475,0,False,0.8402203856749312,0.3526170798898072,1.0
10442,0,CF2,L5,0.7,zero_fill,6,3,0.38410621881484985,0,False,0.8010610079575596,0.27718832891246686,0.81640625
3733,0,CF2,L5,0.7,zero_fill,8,2,0.4957808554172516,0,False,0.8510928961748634,0.34972677595628415,1.0
20089,0,CF2,L5,0.7,zero_fill,4,2,0.5443909168243408,0,False,0.8792650918635171,0.3359580052493438,1.0
20411,0,CF2,L5,0.7,zero_fill,4,7,0.39154642820358276,0,False,0.8161559888579387,0.3551532033426184,0.99609375
10695,0,CF2,L5,0.7,zero_fill,4,2,0.704357922077179,0,False,0.826265389876881,0.33652530779753764,0.9609375
11992,0,CF2,L5,0.7,zero_fill,2,1,0.4485126733779907,0,False,0.8539638386648123,0.3560500695410292,1.0
20712,0,CF2,L5,0.7,zero_fill,7,1,0.3918440341949463,0,False,0.8472032742155525,0.34924965893587995,1.0
6518,0,CF2,L5,0.7,zero_fill,8,1,0.4738948941230774,0,False,0.8836565096952909,0.3545706371191136,1.0
6015,0,CF2,L5,0.7,zero_fill,9,7,0.47817179560661316,0,False,0.8839634941329857,0.33376792698826596,1.0
8396,0,CF2,L5,0.7,zero_fill,5,1,0.8516779541969299,0,False,0.8468965517241379,0.3489655172413793,0.98828125
12097,0,CF2,L5,0.7,zero_fill,9,7,0.7285527586936951,0,False,0.7922769640479361,0.3395472703062583,0.99609375
12565,0,CF2,L5,0.7,zero_fill,2,2,0.7196325063705444,1,False,0.833103448275862,0.34344827586206894,0.97265625
22474,0,CF2,L5,0.7,zero_fill,4,0,0.19851715862751007,0,False,0.8534599728629579,0.3473541383989145,1.0
25110,0,CF2,L5,0.7,zero_fill,9,5,0.3896728456020355,0,False,0.8259705488621151,0.3360107095046854,0.98046875
8275,0,CF2,L5,0.7,zero_fill,8,1,0.5023759007453918,0,False,0.8466850828729282,0.35359116022099446,1.0
3871,0,CF2,L5,0.7,zero_fill,1,1,0.46591469645500183,1,False,0.8122392211404729,0.35465924895688455,0.99609375
24639,0,CF2,L5,0.7,zero_fill,2,7,0.9262689352035522,0,False,0.8708333333333333,0.3527777777777778,0.9921875
15979,0,CF2,L5,0.7,zero_fill,3,2,0.37617242336273193,0,False,0.8559670781893004,0.3511659807956104,1.0
24513,0,CF2,L5,0.7,zero_fill,6,5,0.5820630788803101,0,False,0.8495212038303693,0.3392612859097127,0.96875
10926,0,CF2,L5,0.7,zero_fill,7,1,0.7072645425796509,0,False,0.871313672922252,0.34316353887399464,1.0
25564,0,CF2,L5,0.7,zero_fill,0,7,0.7742028832435608,0,False,0.8655913978494624,0.34408602150537637,1.0
2118,0,CF2,L5,0.7,zero_fill,0,3,0.38430020213127136,0,False,0.8506224066390041,0.35408022130013833,1.0
4358,0,CF2,L5,0.7,zero_fill,9,7,0.3884935677051544,0,False,0.8416666666666667,0.35555555555555557,1.0
5674,0,CF2,L5,0.7,zero_fill,8,5,0.5115383267402649,0,False,0.8350125944584383,0.3136020151133501,0.97265625
3397,0,CF2,L5,0.7,zero_fill,7,0,0.34016522765159607,0,False,0.8523676880222841,0.3565459610027855,1.0
5183,0,CF2,L5,0.7,zero_fill,7,7,0.24266789853572845,1,False,0.831989247311828,0.3387096774193548,0.984375
7505,0,CF2,L5,0.7,zero_fill,9,1,0.5504007935523987,0,False,0.8256130790190735,0.3474114441416894,0.99609375
17539,0,CF2,L5,0.7,zero_fill,0,4,0.3363822400569916,0,False,0.8200836820083682,0.3528591352859135,0.98828125
23918,0,CF2,L5,0.7,zero_fill,6,2,0.5089890360832214,0,False,0.8407202216066482,0.35041551246537395,0.98828125
19449,0,CF2,L5,0.7,zero_fill,2,2,0.3888508081436157,1,False,0.8842975206611571,0.3526170798898072,1.0
18599,0,CF2,L5,0.7,zero_fill,3,2,0.6276962757110596,0,False,0.8676880222841226,0.3565459610027855,1.0
8175,0,CF2,L5,0.7,zero_fill,8,1,0.5283219218254089,0,False,0.8581267217630854,0.3526170798898072,1.0
18412,0,CF2,L5,0.7,zero_fill,7,2,0.5686110258102417,0,False,0.876358695652174,0.34646739130434784,0.99609375
20667,0,CF2,L5,0.7,zero_fill,1,7,0.783806562423706,0,False,0.8462566844919787,0.3422459893048128,1.0
8672,0,CF2,L5,0.7,zero_fill,9,1,0.35777217149734497,0,False,0.8476454293628809,0.3518005540166205,0.9921875
22087,0,CF2,L5,0.7,zero_fill,1,2,0.40531855821609497,0,False,0.8616874135546335,0.35408022130013833,1.0
6910,0,CF2,L5,0.7,zero_fill,2,1,0.8116042017936707,0,False,0.8683853459972863,0.3473541383989145,1.0
19205,0,CF2,L5,0.7,zero_fill,3,4,0.37185144424438477,0,False,0.8475935828877005,0.3114973262032086,0.91015625
10581,0,CF2,L5,0.7,zero_fill,3,1,0.33739572763442993,0,False,0.848,0.3373333333333333,0.98828125
14516,0,CF2,L5,0.7,zero_fill,4,2,0.24267444014549255,0,False,0.8428372739916551,0.3560500695410292,1.0
22602,0,CF2,L5,0.7,zero_fill,4,1,0.7211533188819885,0,False,0.8361508452535761,0.33029908972691807,0.9921875
1944,0,CF2,L5,0.7,zero_fill,0,0,0.7317514419555664,1,False,0.8699861687413555,0.35408022130013833,1.0
19718,0,CF2,L5,0.7,zero_fill,0,3,0.3693970739841461,0,False,0.8108484005563282,0.3087621696801113,0.8671875
15599,0,CF2,L5,0.7,zero_fill,7,2,0.880897045135498,0,False,0.899171270718232,0.35359116022099446,1.0
16766,0,CF2,L5,0.7,zero_fill,9,6,0.2856086194515228,0,False,0.8267195767195767,0.28835978835978837,0.8515625
12317,0,CF2,L5,0.7,zero_fill,5,0,0.3187378942966461,0,False,0.8654592496765847,0.3311772315653299,1.0
6275,0,CF2,L5,0.7,zero_fill,6,2,0.8718045353889465,0,False,0.8527777777777777,0.35555555555555557,1.0
14332,0,CF2,L5,0.7,zero_fill,3,7,0.7885642051696777,0,False,0.786472148541114,0.3183023872679045,0.9375
25615,0,CF2,L5,0.7,zero_fill,8,2,0.6829078197479248,0,False,0.896032831737346,0.35020519835841313,1.0
7680,0,CF2,L5,0.7,zero_fill,7,7,0.759495198726654,1,False,0.8471023427866831,0.3156596794081381,1.0
22105,0,CF2,L5,0.7,zero_fill,7,1,0.26761096715927124,0,False,0.8744769874476988,0.35704323570432356,1.0
19179,0,CF2,L5,0.7,zero_fill,5,1,0.38268211483955383,0,False,0.8693259972489684,0.34800550206327374,0.98828125
22379,0,CF2,L5,0.7,zero_fill,5,1,0.5175280570983887,0,False,0.8469387755102041,0.32653061224489793,1.0
11796,0,CF2,L5,0.7,zero_fill,0,1,0.4843553900718689,0,False,0.8163265306122449,0.3292517006802721,0.9453125
16929,0,CF2,L5,0.7,zero_fill,0,0,0.29450350999832153,1,False,0.8324324324324325,0.34459459459459457,0.99609375
20580,0,CF2,L5,0.7,zero_fill,2,7,0.48175880312919617,0,False,0.8617157490396927,0.32778489116517284,1.0
21272,0,CF2,L5,0.7,zero_fill,7,7,0.3911418616771698,1,False,0.8521505376344086,0.34408602150537637,1.0
12963,0,CF2,L5,0.7,zero_fill,4,6,0.4334600865840912,0,False,0.8471074380165289,0.3333333333333333,0.9453125
15648,0,CF2,L5,0.7,zero_fill,9,1,0.276611864566803,0,False,0.841897233201581,0.3372859025032938,1.0
10831,0,CF2,L5,0.7,zero_fill,6,1,0.6513580679893494,0,False,0.8605299860529986,0.35564853556485354,0.99609375
12228,0,CF2,L5,0.7,zero_fill,3,7,0.42812448740005493,0,False,0.8271604938271605,0.3511659807956104,1.0
2242,0,CF2,L5,0.7,zero_fill,7,2,0.5836138129234314,0,False,0.8528198074277854,0.35213204951856947,1.0
25443,0,CF2,L5,0.7,zero_fill,3,2,0.9287794828414917,0,False,0.8451882845188284,0.35704323570432356,1.0
23913,0,CF2,L5,0.7,zero_fill,1,7,0.6525306701660156,0,False,0.8306451612903226,0.34139784946236557,0.9921875
18452,0,CF2,L5,0.7,zero_fill,1,2,0.22945988178253174,0,False,0.8549511854951185,0.3542538354253835,0.9921875
12210,0,CF2,L5,0.7,zero_fill,0,1,0.48977163434028625,0,False,0.850415512465374,0.3545706371191136,1.0
3532,0,CF2,L5,0.7,zero_fill,6,7,0.30043503642082214,0,False,0.8589041095890411,0.3506849315068493,1.0
13678,0,CF2,L5,0.7,zero_fill,9,3,0.35694506764411926,0,False,0.8681757656458056,0.3382157123834887,0.9921875
21370,0,CF2,L5,0.7,zero_fill,5,5,0.33793216943740845,1,False,0.8983957219251337,0.3422459893048128,1.0
23728,0,CF2,L5,0.7,zero_fill,9,1,0.5161545276641846,0,False,0.8386648122392212,0.3560500695410292,1.0
7460,0,CF2,L5,0.7,zero_fill,0,3,0.5119889974594116,0,False,0.8360215053763441,0.34408602150537637,1.0
25354,0,CF2,L5,0.7,zero_fill,2,0,0.4167101979255676,0,False,0.8743386243386243,0.3386243386243386,1.0
18984,0,CF2,L5,0.7,zero_fill,8,1,0.8459727168083191,0,False,0.8630872483221477,0.3436241610738255,1.0
12422,0,CF2,L5,0.7,zero_fill,6,1,0.6917520761489868,0,False,0.8651226158038147,0.34877384196185285,1.0
7413,0,CF2,L5,0.7,zero_fill,4,2,0.21048055589199066,0,False,0.8794233289646134,0.33551769331585846,1.0
