patch_id,seed,family,level,frac,method,true_label,prediction,confidence,correct,bounded_unknown,isolated_missing_frac,mask_overlap_centre,centre_erased_frac
17222,0,CF3,L5,0.7,bilinear,8,2,0.6906700134277344,0,False,0.9545454545454546,0.3181818181818182,0.875
7987,0,CF3,L5,0.7,bilinear,4,4,0.4413507878780365,1,False,0.9545454545454546,0.3181818181818182,0.875
14403,0,CF3,L5,0.7,bilinear,1,4,0.6000052690505981,0,False,0.9545454545454546,0.3181818181818182,0.875
12904,0,CF3,L5,0.7,bilinear,1,2,0.3114653527736664,0,False,0.9545454545454546,0.3181818181818182,0.875
1024,0,CF3,L5,0.7,bilinear,2,2,0.6493937969207764,1,False,0.9545454545454546,0.3181818181818182,0.875
15700,0,CF3,L5,0.7,bilinear,3,3,0.46609893441200256,1,False,0.9545454545454546,0.3181818181818182,0.875
12639,0,CF3,L5,0.7,bilinear,7,2,0.5694862604141235,0,False,0.9545454545454546,0.3181818181818182,0.875
20658,0,CF3,L5,0.7,bilinear,4,2,0.502533495426178,0,False,0.9545454545454546,0.3181818181818182,0.875
2642,0,CF3,L5,0.7,bilinear,7,4,0.32053306698799133,0,False,0.9545454545454546,0.3181818181818182,0.875
9392,0,CF3,L5,0.7,bilinear,9,9,0.28560200333595276,1,False,0.9545454545454546,0.3181818181818182,0.875
23357,0,CF3,L5,0.7,bilinear,5,3,0.4492069482803345,0,False,0.9545454545454546,0.3181818181818182,0.875
15977,0,CF3,L5,0.7,bilinear,0,2,0.5457456707954407,0,False,0.9545454545454546,0.3181818181818182,0.875
10440,0,CF3,L5,0.7,bilinear,0,3,0.3351726830005646,0,False,0.9545454545454546,0.3181818181818182,0.875
14216,0,CF3,L5,0.7,bilinear,3,3,0.2640288472175598,1,False,0.9545454545454546,0.3181818181818182,0.875
18353,0,CF3,L5,0.7,bilinear,7,2,0.30808407068252563,0,False,0.9545454545454546,0.3181818181818182,0.875
17404,0,CF3,L5,0.7,bilinear,3,2,0.4163541793823242,0,False,0.9545454545454546,0.3181818181818182,0.875
8424,0,CF3,L5,0.7,bilinear,8,3,0.19557476043701172,0,False,0.9545454545454546,0.3181818181818182,0.875
4744,0,CF3,L5,0.7,bilinear,8,3,0.3104016184806824,0,False,0.9545454545454546,0.3181818181818182,0.875
18797,0,CF3,L5,0.7,bilinear,7,2,0.34262815117836,0,False,0.9545454545454546,0.3181818181818182,0.875
3156,0,CF3,L5,0.7,bilinear,7,4,0.21741046011447906,0,False,0.9545454545454546,0.3181818181818182,0.875
17024,0,CF3,L5,0.7,bilinear,2,2,0.5938796401023865,1,False,0.9545454545454546,0.3181818181818182,0.875
7807,0,CF3,L5,0.7,bilinear,8,3,0.373991459608078,0,False,0.9545454545454546,0.3181818181818182,0.875
138,0,CF3,L5,0.7,bilinear,0,2,0.4573415517807007,0,False,0.9545454545454546,0.3181818181818182,0.875
20222,0,CF3,L5,0.7,bilinear,2,2,0.9321655631065369,1,False,0.9545454545454546,0.3181818181818182,0.875
24734,0,CF3,L5,0.7,bilinear,9,3,0.3340909481048584,0,False,0.9545454545454546,0.3181818181818182,0.875
8909,0,CF3,L5,0.7,bilinear,0,2,0.8169566988945007,0,False,0.9545454545454546,0.3181818181818182,0.875
4684,0,CF3,L5,0.7,bilinear,1,2,0.539735734462738,0,False,0.9545454545454546,0.3181818181818182,0.875
15978,0,CF3,L5,0.7,bilinear,6,4,0.32397404313087463,0,False,0.9545454545454546,0.3181818181818182,0.875
21495,0,CF3,L5,0.7,bilinear,7,4,0.3886151611804962,0,False,0.9545454545454546,0.3181818181818182,0.875
5107,0,CF3,L5,0.7,bilinear,6,4,0.4669628143310547,0,False,0.9545454545454546,0.3181818181818182,0.875
1914,0,CF3,L5,0.7,bilinear,2,3,0.19846957921981812,0,False,0.9545454545454546,0.3181818181818182,0.875
21307,0,CF3,L5,0.7,bilinear,1,4,0.4743458330631256,0,False,0.9545454545454546,0.3181818181818182,0.875
7178,0,CF3,L5,0.7,bilinear,4,2,0.23852474987506866,0,False,0.9545454545454546,0.3181818181818182,0.875
13264,0,CF3,L5,0.7,bilinear,4,2,0.6596622467041016,0,False,0.9545454545454546,0.3181818181818182,0.875
21507,0,CF3,L5,0.7,bilinear,1,2,0.812872052192688,0,False,0.9545454545454546,0.3181818181818182,0.875
8399,0,CF3,L5,0.7,bilinear,9,2,0.348579078912735,0,False,0.9545454545454546,0.3181818181818182,0.875
4384,0,CF3,L5,0.7,bilinear,0,3,0.33908799290657043,0,False,0.9545454545454546,0.3181818181818182,0.875
5820,0,CF3,L5,0.7,bilinear,0,2,0.5532926321029663,0,False,0.9545454545454546,0.3181818181818182,0.875
22865,0,CF3,L5,0.7,bilinear,0,2,0.3989546597003937,0,False,0.9545454545454546,0.3181818181818182,0.875
65,0,CF3,L5,0.7,bilinear,0,2,0.5794567465782166,0,False,0.9545454545454546,0.3181818181818182,0.875
15494,0,CF3,L5,0.7,bilinear,6,2,0.4741048216819763,0,False,0.9545454545454546,0.3181818181818182,0.875
2327,0,CF3,L5,0.7,bilinear,5,2,0.5213218331336975,0,False,0.9545454545454546,0.3181818181818182,0.875
24596,0,CF3,L5,0.7,bilinear,7,4,0.3247303068637848,0,False,0.9545454545454546,0.3181818181818182,0.875
3825,0,CF3,L5,0.7,bilinear,5,2,0.7451408505439758,0,False,0.9545454545454546,0.3181818181818182,0.875
17168,0,CF3,L5,0.7,bilinear,7,2,0.5544479489326477,0,False,0.9545454545454546,0.3181818181818182,0.875
4357,0,CF3,L5,0.7,bilinear,3,2,0.8375382423400879,0,False,0.9545454545454546,0.3181818181818182,0.875
2364,0,CF3,L5,0.7,bilinear,9,3,0.2921956777572632,0,False,0.9545454545454546,0.3181818181818182,0.875
8703,0,CF3,L5,0.7,bilinear,9,2,0.9203572273254395,0,False,0.9545454545454546,0.3181818181818182,0.875
19390,0,CF3,L5,0.7,bilinear,9,2,0.427952378988266,0,False,0.9545454545454546,0.3181818181818182,0.875
17853,0,CF3,L5,0.7,bilinear,6,4,0.47840893268585205,0,False,0.9545454545454546,0.3181818181818182,0.875
4930,0,CF3,L5,0.7,bilinear,4,2,0.6376423835754395,0,False,0.9545454545454546,0.3181818181818182,0.875
5314,0,CF3,L5,0.7,bilinear,8,3,0.40432286262512207,0,False,0.9545454545454546,0.3181818181818182,0.875
4478,0,CF3,L5,0.7,bilinear,8,2,0.7689723372459412,0,False,0.9545454545454546,0.3181818181818182,0.875
23679,0,CF3,L5,0.7,bilinear,4,2,0.4805402159690857,0,False,0.9545454545454546,0.3181818181818182,0.875
5449,0,CF3,L5,0.7,bilinear,1,2,0.8553363680839539,0,False,0.9545454545454546,0.3181818181818182,0.875
24183,0,CF3,L5,0.7,bilinear,0,2,0.2508889138698578,0,False,0.9545454545454546,0.3181818181818182,0.875
20842,0,CF3,L5,0.7,bilinear,3,2,0.7523598074913025,0,False,0.9545454545454546,0.3181818181818182,0.875
18825,0,CF3,L5,0.7,bilinear,9,3,0.28386208415031433,0,False,0.9545454545454546,0.3181818181818182,0.875
6265,0,CF3,L5,0.7,bilinear,1,2,0.34068286418914795,0,False,0.9545454545454546,0.3181818181818182,0.875
24932,0,CF3,L5,0.7,bilinear,4,2,0.5465368032455444,0,False,0.9545454545454546,0.3181818181818182,0.875
14427,0,CF3,L5,0.7,bilinear,8,2,0.5362231135368347,0,False,0.9545454545454546,0.3181818181818182,0.875
3740,0,CF3,L5,0.7,bilinear,7,4,0.2817228138446808,0,False,0.9545454545454546,0.3181818181818182,0.875
16809,0,CF3,L5,0.7,bilinear,9,3,0.4773005545139313,0,False,0.9545454545454546,0.3181818181818182,0.875
1136,0,CF3,L5,0.7,bilinear,1,1,0.3605439066886902,1,False,0.9545454545454546,0.3181818181818182,0.875
25757,0,CF3,L5,0.7,bilinear,5,2,0.6605702638626099,0,False,0.9545454545454546,0.3181818181818182,0.875
7356,0,CF3,L5,0.7,bilinear,4,4,0.4569958746433258,1,False,0.9545454545454546,0.3181818181818182,0.875
12298,0,CF3,L5,0.7,bilinear,0,2,0.3890290856361389,0,False,0.9545454545454546,0.3181818181818182,0.875
5700,0,CF3,L5,0.7,bilinear,3,2,0.7401476502418518,0,False,0.9545454545454546,0.3181818181818182,0.875
22753,0,CF3,L5,0.7,bilinear,6,4,0.37750911712646484,0,False,0.9545454545454546,0.3181818181818182,0.875
16813,0,CF3,L5,0.7,bilinear,6,2,0.9160487055778503,0,False,0.9545454545454546,0.3181818181818182,0.875
7373,0,CF3,L5,0.7,bilinear,8,2,0.45629945397377014,0,False,0.9545454545454546,0.3181818181818182,0.875
20149,0,CF3,L5,0.7,bilinear,2,2,0.43180641531944275,1,False,0.9545454545454546,0.3181818181818182,0.875
15874,0,CF3,L5,0.7,bilinear,9,2,0.8586487770080566,0,False,0.9545454545454546,0.3181818181818182,0.875
26011,0,CF3,L5,0.7,bilinear,0,3,0.32306286692619324,0,False,0.9545454545454546,0.3181818181818182,0.875
4196,0,CF3,L5,0.7,bilinear,9,3,0.3837263286113739,0,False,0.9545454545454546,0.3181818181818182,0.875
11227,0,CF3,L5,0.7,bilinear,3,2,0.2571811378002167,0,False,0.9545454545454546,0.3181818181818182,0.875
15736,0,CF3,L5,0.7,bilinear,3,2,0.3705253303050995,0,False,0.9545454545454546,0.3181818181818182,0.875
6339,0,CF3,L5,0.7,bilinear,6,3,0.4700606167316437,0,False,0.9545454545454546,0.3181818181818182,0.875
25704,0,CF3,L5,0.7,bilinear,2,2,0.3944501578807831,1,False,0.9545454545454546,0.3181818181818182,0.875
3190,0,CF3,L5,0.7,bilinear,7,4,0.33380061388015747,0,False,0.9545454545454546,0.3181818181818182,0.875
737,0,CF3,L5,0.7,bilinear,4,4,0.2526678740978241,1,False,0.9545454545454546,0.3181818181818182,0.875
22875,0,CF3,L5,0.7,bilinear,9,3,0.2243998795747757,0,False,0.9545454545454546,0.3181818181818182,0.875
22749,0,CF3,L5,0.7,bilinear,3,2,0.3041198253631592,0,False,0.9545454545454546,0.3181818181818182,0.875
22998,0,CF3,L5,0.7,bilinear,3,3,0.45480045676231384,1,False,0.9545454545454546,0.3181818181818182,0.875
24210,0,CF3,L5,0.7,bilinear,5,2,0.365969717502594,0,False,0.9545454545454546,0.3181818181818182,0.875
6800,0,CF3,L5,0.7,bilinear,4,1,0.2881734371185303,0,False,0.9545454545454546,0.3181818181818182,0.875
16602,0,CF3,L5,0.7,bilinear,9,2,0.5382980704307556,0,False,0.9545454545454546,0.3181818181818182,0.875
10822,0,CF3,L5,0.7,bilinear,6,2,0.23198232054710388,0,False,0.9545454545454546,0.3181818181818182,0.875
12822,0,CF3,L5,0.7,bilinear,1,4,0.5684599876403809,0,False,0.9545454545454546,0.3181818181818182,0.875
12758,0,CF3,L5,0.7,bilinear,5,2,0.32503947615623474,0,False,0.9545454545454546,0.3181818181818182,0.875
21144,0,CF3,L5,0.7,bilinear,4,2,0.9629482626914978,0,False,0.9545454545454546,0.3181818181818182,0.875
4900,0,CF3,L5,0.7,bilinear,6,2,0.6938273310661316,0,False,0.9545454545454546,0.3181818181818182,0.875
22888,0,CF3,L5,0.7,bilinear,9,3,0.3662762939929962,0,False,0.9545454545454546,0.3181818181818182,0.875
19935,0,CF3,L5,0.7,bilinear,9,3,0.25426018238067627,0,False,0.9545454545454546,0.3181818181818182,0.875
21896,0,CF3,L5,0.7,bilinear,7,2,0.27791664004325867,0,False,0.9545454545454546,0.3181818181818182,0.875
3475,0,CF3,L5,0.7,bilinear,3,3,0.38451114296913147,1,False,0.9545454545454546,0.3181818181818182,0.875
16171,0,CF3,L5,0.7,bilinear,0,3,0.710992157459259,0,False,0.9545454545454546,0.3181818181818182,0.875
4672,0,CF3,L5,0.7,bilinear,4,3,0.2282141000032425,0,False,0.9545454545454546,0.3181818181818182,0.875
10146,0,CF3,L5,0.7,bilinear,2,2,0.2768729031085968,1,False,0.9545454545454546,0.3181818181818182,0.875
9207,0,CF3,L5,0.7,bilinear,7,2,0.5784394145011902,0,False,0.9545454545454546,0.3181818181818182,0.875
17745,0,CF3,L5,0.7,bilinear,9,2,0.8626784682273865,0,False,0.9545454545454546,0.3181818181818182,0.875
432,0,CF3,L5,0.7,bilinear,7,4,0.4684451222419739,0,False,0.9545454545454546,0.3181818181818182,0.875
6608,0,CF3,L5,0.7,bilinear,4,1,0.36954745650291443,0,False,0.9545454545454546,0.3181818181818182,0.875
25769,0,CF3,L5,0.7,bilinear,9,2,0.4396791160106659,0,False,0.9545454545454546,0.3181818181818182,0.875
14774,0,CF3,L5,0.7,bilinear,3,3,0.5557238459587097,1,False,0.9545454545454546,0.3181818181818182,0.875
21627,0,CF3,L5,0.7,bilinear,4,2,0.5821579694747925,0,False,0.9545454545454546,0.3181818181818182,0.875
8133,0,CF3,L5,0.7,bilinear,2,2,0.7460041642189026,1,False,0.9545454545454546,0.3181818181818182,0.875
12554,0,CF3,L5,0.7,bilinear,4,4,0.40580952167510986,1,False,0.9545454545454546,0.3181818181818182,0.875
10856,0,CF3,L5,0.7,bilinear,1,4,0.30673947930336,0,False,0.9545454545454546,0.3181818181818182,0.875
15931,0,CF3,L5,0.7,bilinear,3,2,0.21496190130710602,0,False,0.9545454545454546,0.3181818181818182,0.875
2367,0,CF3,L5,0.7,bilinear,2,2,0.7119185924530029,1,False,0.9545454545454546,0.3181818181818182,0.875
25563,0,CF3,L5,0.7,bilinear,7,5,0.22582481801509857,0,False,0.9545454545454546,0.3181818181818182,0.875
6748,0,CF3,L5,0.7,bilinear,2,2,0.7514539361000061,1,False,0.9545454545454546,0.3181818181818182,0.875
5368,0,CF3,L5,0.7,bilinear,8,3,0.33588531613349915,0,False,0.9545454545454546,0.3181818181818182,0.875
25951,0,CF3,L5,0.7,bilinear,6,4,0.4417140781879425,0,False,0.9545454545454546,0.3181818181818182,0.875
22082,0,CF3,L5,0.7,bilinear,7,9,0.41062507033348083,0,False,0.9545454545454546,0.3181818181818182,0.875
19301,0,CF3,L5,0.7,bilinear,4,4,0.4168875813484192,1,False,0.9545454545454546,0.3181818181818182,0.875
13302,0,CF3,L5,0.7,bilinear,4,4,0.2686522603034973,1,False,0.9545454545454546,0.3181818181818182,0.875
15358,0,CF3,L5,0.7,bilinear,0,2,0.7962621450424194,0,False,0.9545454545454546,0.3181818181818182,0.875
23572,0,CF3,L5,0.7,bilinear,2,2,0.8916618227958679,1,False,0.9545454545454546,0.3181818181818182,0.875
14736,0,CF3,L5,0.7,bilinear,4,1,0.3323124051094055,0,False,0.9545454545454546,0.3181818181818182,0.875
16685,0,CF3,L5,0.7,bilinear,2,2,0.5172486305236816,1,False,0.9545454545454546,0.3181818181818182,0.875
21902,0,CF3,L5,0.7,bilinear,7,4,0.3769828677177429,0,False,0.9545454545454546,0.3181818181818182,0.875
6713,0,CF3,L5,0.7,bilinear,5,2,0.799446702003479,0,False,0.9545454545454546,0.3181818181818182,0.875
8771,0,CF3,L5,0.7,bilinear,4,2,0.739169716835022,0,False,0.9545454545454546,0.3181818181818182,0.875
20264,0,CF3,L5,0.7,bilinear,3,4,0.29673346877098083,0,False,0.9545454545454546,0.3181818181818182,0.875
24489,0,CF3,L5,0.7,bilinear,1,2,0.3582271933555603,0,False,0.9545454545454546,0.3181818181818182,0.875
24852,0,CF3,L5,0.7,bilinear,1,1,0.19242484867572784,1,False,0.9545454545454546,0.3181818181818182,0.875
6746,0,CF3,L5,0.7,bilinear,1,4,0.33761849999427795,0,False,0.9545454545454546,0.3181818181818182,0.875
5951,0,CF3,L5,0.7,bilinear,5,2,0.6480795741081238,0,False,0.9545454545454546,0.3181818181818182,0.875
6438,0,CF3,L5,0.7,bilinear,4,4,0.4698053300380707,1,False,0.9545454545454546,0.3181818181818182,0.875
11126,0,CF3,L5,0.7,bilinear,9,1,0.2565077841281891,0,False,0.9545454545454546,0.3181818181818182,0.875
24241,0,CF3,L5,0.7,bilinear,3,5,0.3976178765296936,0,False,0.9545454545454546,0.3181818181818182,0.875
23621,0,CF3,L5,0.7,bilinear,6,3,0.2905817925930023,0,False,0.9545454545454546,0.3181818181818182,0.875
14358,0,CF3,L5,0.7,bilinear,6,3,0.3077394366264343,0,False,0.9545454545454546,0.3181818181818182,0.875
19003,0,CF3,L5,0.7,bilinear,6,3,0.3376392126083374,0,False,0.9545454545454546,0.3181818181818182,0.875
3760,0,CF3,L5,0.7,bilinear,9,2,0.5858088135719299,0,False,0.9545454545454546,0.3181818181818182,0.875
1155,0,CF3,L5,0.7,bilinear,5,2,0.6808167099952698,0,False,0.9545454545454546,0.3181818181818182,0.875
22044,0,CF3,L5,0.7,bilinear,8,2,0.5449616312980652,0,False,0.9545454545454546,0.3181818181818182,0.875
17521,0,CF3,L5,0.7,bilinear,4,2,0.5816771984100342,0,False,0.9545454545454546,0.3181818181818182,0.875
15177,0,CF3,L5,0.7,bilinear,9,2,0.8230459094047546,0,False,0.9545454545454546,0.3181818181818182,0.875
21080,0,CF3,L5,0.7,bilinear,0,9,0.25043293833732605,0,False,0.9545454545454546,0.3181818181818182,0.875
4507,0,CF3,L5,0.7,bilinear,5,2,0.6803374290466309,0,False,0.9545454545454546,0.3181818181818182,0.875
10600,0,CF3,L5,0.7,bilinear,7,3,0.2888752222061157,0,False,0.9545454545454546,0.3181818181818182,0.875
11754,0,CF3,L5,0.7,bilinear,1,2,0.5145246982574463,0,False,0.9545454545454546,0.3181818181818182,0.875
22934,0,CF3,L5,0.7,bilinear,4,2,0.5459204316139221,0,False,0.9545454545454546,0.3181818181818182,0.875
19094,0,CF3,L5,0.7,bilinear,3,3,0.24417458474636078,1,False,0.9545454545454546,0.3181818181818182,0.875
25246,0,CF3,L5,0.7,bilinear,7,4,0.3246294856071472,0,False,0.9545454545454546,0.3181818181818182,0.875
14745,0,CF3,L5,0.7,bilinear,2,2,0.8895950317382812,1,False,0.9545454545454546,0.3181818181818182,0.875
3177,0,CF3,L5,0.7,bilinear,8,2,0.4485829174518585,0,False,0.9545454545454546,0.3181818181818182,0.875
13870,0,CF3,L5,0.7,bilinear,5,2,0.9164941906929016,0,False,0.9545454545454546,0.3181818181818182,0.875
5605,0,CF3,L5,0.7,bilinear,6,3,0.21313564479351044,0,False,0.9545454545454546,0.3181818181818182,0.875
5202,0,CF3,L5,0.7,bilinear,8,2,0.4364534020423889,0,False,0.9545454545454546,0.3181818181818182,0.875
8800,0,CF3,L5,0.7,bilinear,5,2,0.7069442272186279,0,False,0.9545454545454546,0.3181818181818182,0.875
645,0,CF3,L5,0.7,bilinear,3,3,0.29650256037712097,1,False,0.9545454545454546,0.3181818181818182,0.875
16077,0,CF3,L5,0.7,bilinear,5,3,0.370670884847641,0,False,0.9545454545454546,0.3181818181818182,0.875
15336,0,CF3,L5,0.7,bilinear,5,2,0.9744275212287903,0,False,0.9545454545454546,0.3181818181818182,0.875
20933,0,CF3,L5,0.7,bilinear,0,2,0.8932178616523743,0,False,0.9545454545454546,0.3181818181818182,0.875
10580,0,CF3,L5,0.7,bilinear,8,8,0.37123939394950867,1,False,0.9545454545454546,0.3181818181818182,0.875
25902,0,CF3,L5,0.7,bilinear,6,3,0.2309911698102951,0,False,0.9545454545454546,0.3181818181818182,0.875
4666,0,CF3,L5,0.7,bilinear,8,3,0.5787651538848877,0,False,0.9545454545454546,0.3181818181818182,0.875
14541,0,CF3,L5,0.7,bilinear,4,2,0.6413303017616272,0,False,0.9545454545454546,0.3181818181818182,0.875
7374,0,CF3,L5,0.7,bilinear,5,2,0.4139237105846405,0,False,0.9545454545454546,0.3181818181818182,0.875
4697,0,CF3,L5,0.7,bilinear,5,2,0.26480016112327576,0,False,0.9545454545454546,0.3181818181818182,0.875
6317,0,CF3,L5,0.7,bilinear,5,2,0.4328552782535553,0,False,0.9545454545454546,0.3181818181818182,0.875
16623,0,CF3,L5,0.7,bilinear,6,2,0.33690783381462097,0,False,0.9545454545454546,0.3181818181818182,0.875
16511,0,CF3,L5,0.7,bilinear,6,2,0.3490299582481384,0,False,0.9545454545454546,0.3181818181818182,0.875
16162,0,CF3,L5,0.7,bilinear,3,2,0.6963630318641663,0,False,0.9545454545454546,0.3181818181818182,0.875
5989,0,CF3,L5,0.7,bilinear,1,1,0.32969439029693604,1,False,0.9545454545454546,0.3181818181818182,0.875
18753,0,CF3,L5,0.7,bilinear,5,2,0.27221915125846863,0,False,0.9545454545454546,0.3181818181818182,0.875
20853,0,CF3,L5,0.7,bilinear,4,2,0.7189602255821228,0,False,0.9545454545454546,0.3181818181818182,0.875
16556,0,CF3,L5,0.7,bilinear,0,3,0.3035987913608551,0,False,0.9545454545454546,0.3181818181818182,0.875
7019,0,CF3,L5,0.7,bilinear,9,2,0.44236311316490173,0,False,0.9545454545454546,0.3181818181818182,0.875
3090,0,CF3,L5,0.7,bilinear,6,3,0.3672315776348114,0,False,0.9545454545454546,0.3181818181818182,0.875
14680,0,CF3,L5,0.7,bilinear,3,4,0.31873059272766113,0,False,0.9545454545454546,0.3181818181818182,0.875
869,0,CF3,L5,0.7,bilinear,3,2,0.31198737025260925,0,False,0.9545454545454546,0.3181818181818182,0.875
7595,0,CF3,L5,0.7,bilinear,6,2,0.6062020063400269,0,False,0.9545454545454546,0.3181818181818182,0.875
14417,0,CF3,L5,0.7,bilinear,1,2,0.7601479291915894,0,False,0.9545454545454546,0.3181818181818182,0.875
13624,0,CF3,L5,0.7,bilinear,9,2,0.4410772919654846,0,False,0.9545454545454546,0.3181818181818182,0.875
21083,0,CF3,L5,0.7,bilinear,0,3,0.28175467252731323,0,False,0.9545454545454546,0.3181818181818182,0.875
7556,0,CF3,L5,0.7,bilinear,1,2,0.5263190269470215,0,False,0.9545454545454546,0.3181818181818182,0.875
9289,0,CF3,L5,0.7,bilinear,8,2,0.7267243266105652,0,False,0.9545454545454546,0.3181818181818182,0.875
19944,0,CF3,L5,0.7,bilinear,3,2,0.5950998067855835,0,False,0.9545454545454546,0.3181818181818182,0.875
6057,0,CF3,L5,0.7,bilinear,1,2,0.8463054299354553,0,False,0.9545454545454546,0.3181818181818182,0.875
23029,0,CF3,L5,0.7,bilinear,8,4,0.1831837296485901,0,False,0.9545454545454546,0.3181818181818182,0.875
23668,0,CF3,L5,0.7,bilinear,5,2,0.44799286127090454,0,False,0.9545454545454546,0.3181818181818182,0.875
13115,0,CF3,L5,0.7,bilinear,8,2,0.9442413449287415,0,False,0.9545454545454546,0.3181818181818182,0.875
20635,0,CF3,L5,0.7,bilinear,3,2,0.5907894968986511,0,False,0.9545454545454546,0.3181818181818182,0.875
4281,0,CF3,L5,0.7,bilinear,4,1,0.4823645055294037,0,False,0.9545454545454546,0.3181818181818182,0.875
4139,0,CF3,L5,0.7,bilinear,9,3,0.23775623738765717,0,False,0.9545454545454546,0.3181818181818182,0.875
10652,0,CF3,L5,0.7,bilinear,1,2,0.7572604417800903,0,False,0.9545454545454546,0.3181818181818182,0.875
700,0,CF3,L5,0.7,bilinear,1,2,0.6533432602882385,0,False,0.9545454545454546,0.3181818181818182,0.875
5772,0,CF3,L5,0.7,bilinear,3,4,0.208936408162117,0,False,0.9545454545454546,0.3181818181818182,0.875
8114,0,CF3,L5,0.7,bilinear,9,2,0.8795453310012817,0,False,0.9545454545454546,0.3181818181818182,0.875
5964,0,CF3,L5,0.7,bilinear,6,2,0.36407968401908875,0,False,0.9545454545454546,0.3181818181818182,0.875
17278,0,CF3,L5,0.7,bilinear,7,2,0.6555841565132141,0,False,0.9545454545454546,0.3181818181818182,0.875
9961,0,CF3,L5,0.7,bilinear,0,2,0.44000309705734253,0,False,0.9545454545454546,0.3181818181818182,0.875
25974,0,CF3,L5,0.7,bilinear,7,1,0.23294870555400848,0,False,0.9545454545454546,0.3181818181818182,0.875
14317,0,CF3,L5,0.7,bilinear,3,3,0.4457702040672302,1,False,0.9545454545454546,0.3181818181818182,0.875
6485,0,CF3,L5,0.7,bilinear,0,3,0.3425750732421875,0,False,0.9545454545454546,0.3181818181818182,0.875
18287,0,CF3,L5,0.7,bilinear,0,3,0.1805008500814438,0,False,0.9545454545454546,0.3181818181818182,0.875
11840,0,CF3,L5,0.7,bilinear,4,4,0.6778071522712708,1,False,0.9545454545454546,0.3181818181818182,0.875
864,0,CF3,L5,0.7,bilinear,0,3,0.26623716950416565,0,False,0.9545454545454546,0.3181818181818182,0.875
20612,0,CF3,L5,0.7,bilinear,1,2,0.7814573049545288,0,False,0.9545454545454546,0.3181818181818182,0.875
21079,0,CF3,L5,0.7,bilinear,1,4,0.31543630361557007,0,False,0.9545454545454546,0.3181818181818182,0.875
11286,0,CF3,L5,0.7,bilinear,5,2,0.28635871410369873,0,False,0.9545454545454546,0.3181818181818182,0.875
788,0,CF3,L5,0.7,bilinear,0,3,0.27725085616111755,0,False,0.9545454545454546,0.3181818181818182,0.875
15932,0,CF3,L5,0.7,bilinear,3,1,0.25714385509490967,0,False,0.9545454545454546,0.3181818181818182,0.875
18511,0,CF3,L5,0.7,bilinear,3,2,0.8387249112129211,0,False,0.9545454545454546,0.3181818181818182,0.875
21576,0,CF3,L5,0.7,bilinear,5,2,0.7245761752128601,0,False,0.9545454545454546,0.3181818181818182,0.875
17237,0,CF3,L5,0.7,bilinear,2,2,0.7703187465667725,1,False,0.9545454545454546,0.3181818181818182,0.875
2966,0,CF3,L5,0.7,bilinear,2,2,0.9900171160697937,1,False,0.9545454545454546,0.3181818181818182,0.875
16416,0,CF3,L5,0.7,bilinear,5,3,0.32963716983795166,0,False,0.9545454545454546,0.3181818181818182,0.875
1280,0,CF3,L5,0.7,bilinear,5,3,0.27869606018066406,0,False,0.9545454545454546,0.3181818181818182,0.875
24928,0,CF3,L5,0.7,bilinear,0,2,0.31029820442199707,0,False,0.9545454545454546,0.3181818181818182,0.875
23837,0,CF3,L5,0.7,bilinear,1,2,0.30457431077957153,0,False,0.9545454545454546,0.3181818181818182,0.875
20230,0,CF3,L5,0.7,bilinear,1,2,0.7746512293815613,0,False,0.9545454545454546,0.3181818181818182,0.875
23434,0,CF3,L5,0.7,bilinear,5,3,0.37635207176208496,0,False,0.9545454545454546,0.3181818181818182,0.875
20522,0,CF3,L5,0.7,bilinear,6,2,0.6799163818359375,0,False,0.9545454545454546,0.3181818181818182,0.875
7789,0,CF3,L5,0.7,bilinear,3,3,0.2243068516254425,1,False,0.9545454545454546,0.3181818181818182,0.875
22086,0,CF3,L5,0.7,bilinear,6,2,0.8462596535682678,0,False,0.9545454545454546,0.3181818181818182,0.875
21339,0,CF3,L5,0.7,bilinear,0,3,0.5355663299560547,0,False,0.9545454545454546,0.3181818181818182,0.875
6830,0,CF3,L5,0.7,bilinear,9,3,0.5952587723731995,0,False,0.9545454545454546,0.3181818181818182,0.875
20902,0,CF3,L5,0.7,bilinear,2,2,0.5787457227706909,1,False,0.9545454545454546,0.3181818181818182,0.875
17481,0,CF3,L5,0.7,bilinear,5,3,0.398290753364563,0,False,0.9545454545454546,0.3181818181818182,0.875
3050,0,CF3,L5,0.7,bilinear,6,2,0.6610704660415649,0,False,0.9545454545454546,0.3181818181818182,0.875
409,0,CF3,L5,0.7,bilinear,1,2,0.6298380494117737,0,False,0.9545454545454546,0.3181818181818182,0.875
14823,0,CF3,L5,0.7,bilinear,7,2,0.3691268265247345,0,False,0.9545454545454546,0.3181818181818182,0.875
22892,0,CF3,L5,0.7,bilinear,9,2,0.5255772471427917,0,False,0.9545454545454546,0.3181818181818182,0.875
9470,0,CF3,L5,0.7,bilinear,8,5,0.30212801694869995,0,False,0.9545454545454546,0.3181818181818182,0.875
9543,0,CF3,L5,0.7,bilinear,6,3,0.3147224187850952,0,False,0.9545454545454546,0.3181818181818182,0.875
22090,0,CF3,L5,0.7,bilinear,5,3,0.4608052670955658,0,False,0.9545454545454546,0.3181818181818182,0.875
6045,0,CF3,L5,0.7,bilinear,6,3,0.2696755528450012,0,False,0.9545454545454546,0.3181818181818182,0.875
317,0,CF3,L5,0.7,bilinear,8,2,0.5047206282615662,0,False,0.9545454545454546,0.3181818181818182,0.875
15812,0,CF3,L5,0.7,bilinear,0,4,0.2512058615684509,0,False,0.9545454545454546,0.3181818181818182,0.875
18170,0,CF3,L5,0.7,bilinear,9,3,0.25871866941452026,0,False,0.9545454545454546,0.3181818181818182,0.875
14781,0,CF3,L5,0.7,bilinear,0,3,0.32018914818763733,0,False,0.9545454545454546,0.3181818181818182,0.875
17886,0,CF3,L5,0.7,bilinear,9,2,0.7546851634979248,0,False,0.9545454545454546,0.3181818181818182,0.875
20049,0,CF3,L5,0.7,bilinear,3,1,0.23857629299163818,0,False,0.9545454545454546,0.3181818181818182,0.875
13283,0,CF3,L5,0.7,bilinear,0,2,0.5278809070587158,0,False,0.9545454545454546,0.3181818181818182,0.875
25830,0,CF3,L5,0.7,bilinear,5,2,0.9152048826217651,0,False,0.9545454545454546,0.3181818181818182,0.875
14277,0,CF3,L5,0.7,bilinear,9,2,0.6071786880493164,0,False,0.9545454545454546,0.3181818181818182,0.875
5908,0,CF3,L5,0.7,bilinear,1,4,0.499219685792923,0,False,0.9545454545454546,0.3181818181818182,0.875
9731,0,CF3,L5,0.7,bilinear,8,2,0.8383740186691284,0,False,0.9545454545454546,0.3181818181818182,0.875
14180,0,CF3,L5,0.7,bilinear,9,2,0.7999873161315918,0,False,0.9545454545454546,0.3181818181818182,0.875
9246,0,CF3,L5,0.7,bilinear,2,2,0.9154240489006042,1,False,0.9545454545454546,0.3181818181818182,0.875
1656,0,CF3,L5,0.7,bilinear,2,2,0.7413199543952942,1,False,0.9545454545454546,0.3181818181818182,0.875
17712,0,CF3,L5,0.7,bilinear,1,2,0.2691364586353302,0,False,0.9545454545454546,0.3181818181818182,0.875
25544,0,CF3,L5,0.7,bilinear,9,5,0.36685243248939514,0,False,0.9545454545454546,0.3181818181818182,0.875
1120,0,CF3,L5,0.7,bilinear,5,2,0.9376088380813599,0,False,0.9545454545454546,0.3181818181818182,0.875
1298,0,CF3,L5,0.7,bilinear,6,2,0.26257312297821045,0,False,0.9545454545454546,0.3181818181818182,0.875
25570,0,CF3,L5,0.7,bilinear,2,2,0.779599666595459,1,False,0.9545454545454546,0.3181818181818182,0.875
5370,0,CF3,L5,0.7,bilinear,7,2,0.2382012903690338,0,False,0.9545454545454546,0.3181818181818182,0.875
19075,0,CF3,L5,0.7,bilinear,2,2,0.6218181848526001,1,False,0.9545454545454546,0.3181818181818182,0.875
8583,0,CF3,L5,0.7,bilinear,0,2,0.7942946553230286,0,False,0.9545454545454546,0.3181818181818182,0.875
2133,0,CF3,L5,0.7,bilinear,0,2,0.6892127990722656,0,False,0.9545454545454546,0.3181818181818182,0.875
1982,0,CF3,L5,0.7,bilinear,2,3,0.29549866914749146,0,False,0.9545454545454546,0.3181818181818182,0.875
950,0,CF3,L5,0.7,bilinear,8,2,0.21506206691265106,0,False,0.9545454545454546,0.3181818181818182,0.875
19563,0,CF3,L5,0.7,bilinear,4,4,0.5328611731529236,1,False,0.9545454545454546,0.3181818181818182,0.875
21023,0,CF3,L5,0.7,bilinear,6,3,0.5132228136062622,0,False,0.9545454545454546,0.3181818181818182,0.875
15687,0,CF3,L5,0.7,bilinear,0,2,0.22656768560409546,0,False,0.9545454545454546,0.3181818181818182,0.875
6444,0,CF3,L5,0.7,bilinear,6,5,0.22942139208316803,0,False,0.9545454545454546,0.3181818181818182,0.875
15735,0,CF3,L5,0.7,bilinear,4,2,0.4077783524990082,0,False,0.9545454545454546,0.3181818181818182,0.875
10651,0,CF3,L5,0.7,bilinear,0,2,0.37144964933395386,0,False,0.9545454545454546,0.3181818181818182,0.875
13256,0,CF3,L5,0.7,bilinear,1,4,0.6277453303337097,0,False,0.9545454545454546,0.3181818181818182,0.875
16855,0,CF3,L5,0.7,bilinear,6,2,0.7482893466949463,0,False,0.9545454545454546,0.3181818181818182,0.875
14884,0,CF3,L5,0.7,bilinear,9,2,0.631297767162323,0,False,0.9545454545454546,0.3181818181818182,0.875
21884,0,CF3,L5,0.7,bilinear,6,3,0.5101341009140015,0,False,0.9545454545454546,0.3181818181818182,0.875
5078,0,CF3,L5,0.7,bilinear,3,1,0.2363133579492569,0,False,0.9545454545454546,0.3181818181818182,0.875
20419,0,CF3,L5,0.7,bilinear,9,2,0.5768616199493408,0,False,0.9545454545454546,0.3181818181818182,0.875
20521,0,CF3,L5,0.7,bilinear,5,2,0.662779688835144,0,False,0.9545454545454546,0.3181818181818182,0.875
23257,0,CF3,L5,0.7,bilinear,5,2,0.7425318956375122,0,False,0.9545454545454546,0.3181818181818182,0.875
17190,0,CF3,L5,0.7,bilinear,2,2,0.6212159991264343,1,False,0.9545454545454546,0.3181818181818182,0.875
15631,0,CF3,L5,0.7,bilinear,8,3,0.28655579686164856,0,False,0.9545454545454546,0.3181818181818182,0.875
504,0,CF3,L5,0.7,bilinear,0,2,0.5928492546081543,0,False,0.9545454545454546,0.3181818181818182,0.875
14990,0,CF3,L5,0.7,bilinear,3,5,0.2788029909133911,0,False,0.9545454545454546,0.3181818181818182,0.875
24512,0,CF3,L5,0.7,bilinear,8,3,0.36719152331352234,0,False,0.9545454545454546,0.3181818181818182,0.875
23120,0,CF3,L5,0.7,bilinear,7,5,0.3284338414669037,0,False,0.9545454545454546,0.3181818181818182,0.875
3357,0,CF3,L5,0.7,bilinear,2,2,0.5506080389022827,1,False,0.9545454545454546,0.3181818181818182,0.875
8088,0,CF3,L5,0.7,bilinear,1,4,0.571474015712738,0,False,0.9545454545454546,0.3181818181818182,0.875
21849,0,CF3,L5,0.7,bilinear,9,2,0.421977162361145,0,False,0.9545454545454546,0.3181818181818182,0.875
13683,0,CF3,L5,0.7,bilinear,0,1,0.28532010316848755,0,False,0.9545454545454546,0.3181818181818182,0.875
22718,0,CF3,L5,0.7,bilinear,9,2,0.5196043252944946,0,False,0.9545454545454546,0.3181818181818182,0.875
9927,0,CF3,L5,0.7,bilinear,4,2,0.837568998336792,0,False,0.9545454545454546,0.3181818181818182,0.875
11425,0,CF3,L5,0.7,bilinear,0,3,0.44494199752807617,0,False,0.9545454545454546,0.3181818181818182,0.875
14578,0,CF3,L5,0.7,bilinear,0,3,0.3771991729736328,0,False,0.9545454545454546,0.3181818181818182,0.875
25481,0,CF3,L5,0.7,bilinear,8,3,0.3450917899608612,0,False,0.9545454545454546,0.3181818181818182,0.875
11269,0,CF3,L5,0.7,bilinear,5,2,0.45866823196411133,0,False,0.9545454545454546,0.3181818181818182,0.875
12877,0,CF3,L5,0.7,bilinear,5,2,0.6682709455490112,0,False,0.9545454545454546,0.3181818181818182,0.875
22531,0,CF3,L5,0.7,bilinear,9,4,0.19815358519554138,0,False,0.9545454545454546,0.3181818181818182,0.875
13150,0,CF3,L5,0.7,bilinear,3,2,0.4851740598678589,0,False,0.9545454545454546,0.3181818181818182,0.875
5654,0,CF3,L5,0.7,bilinear,8,2,0.31322795152664185,0,False,0.9545454545454546,0.3181818181818182,0.875
1286,0,CF3,L5,0.7,bilinear,7,1,0.285056471824646,0,False,0.9545454545454546,0.3181818181818182,0.875
1652,0,CF3,L5,0.7,bilinear,1,2,0.48768866062164307,0,False,0.9545454545454546,0.3181818181818182,0.875
22335,0,CF3,L5,0.7,bilinear,2,2,0.8760961890220642,1,False,0.9545454545454546,0.3181818181818182,0.875
23848,0,CF3,L5,0.7,bilinear,3,2,0.5606005787849426,0,False,0.9545454545454546,0.3181818181818182,0.875
2892,0,CF3,L5,0.7,bilinear,6,2,0.3334013819694519,0,False,0.9545454545454546,0.3181818181818182,0.875
16530,0,CF3,L5,0.7,bilinear,8,2,0.9352200031280518,0,False,0.9545454545454546,0.3181818181818182,0.875
12848,0,CF3,L5,0.7,bilinear,8,3,0.47493478655815125,0,False,0.9545454545454546,0.3181818181818182,0.875
7330,0,CF3,L5,0.7,bilinear,7,2,0.7631961107254028,0,False,0.9545454545454546,0.3181818181818182,0.875
3676,0,CF3,L5,0.7,bilinear,1,2,0.8784109950065613,0,False,0.9545454545454546,0.3181818181818182,0.875
19966,0,CF3,L5,0.7,bilinear,8,2,0.42820411920547485,0,False,0.9545454545454546,0.3181818181818182,0.875
8382,0,CF3,L5,0.7,bilinear,5,3,0.4639928340911865,0,False,0.9545454545454546,0.3181818181818182,0.875
19660,0,CF3,L5,0.7,bilinear,7,2,0.2527396082878113,0,False,0.9545454545454546,0.3181818181818182,0.875
2508,0,CF3,L5,0.7,bilinear,9,2,0.26043933629989624,0,False,0.9545454545454546,0.3181818181818182,0.875
2360,0,CF3,L5,0.7,bilinear,4,2,0.4170529842376709,0,False,0.9545454545454546,0.3181818181818182,0.875
16796,0,CF3,L5,0.7,bilinear,1,4,0.4444539248943329,0,False,0.9545454545454546,0.3181818181818182,0.875
23426,0,CF3,L5,0.7,bilinear,9,2,0.6066538691520691,0,False,0.9545454545454546,0.3181818181818182,0.875
15590,0,CF3,L5,0.7,bilinear,2,5,0.39967042207717896,0,False,0.9545454545454546,0.3181818181818182,0.875
6302,0,CF3,L5,0.7,bilinear,3,2,0.40304073691368103,0,False,0.9545454545454546,0.3181818181818182,0.875
24519,0,CF3,L5,0.7,bilinear,7,9,0.2023220658302307,0,False,0.9545454545454546,0.3181818181818182,0.875
23276,0,CF3,L5,0.7,bilinear,2,2,0.43479910492897034,1,False,0.9545454545454546,0.3181818181818182,0.875
24566,0,CF3,L5,0.7,bilinear,8,3,0.32110729813575745,0,False,0.9545454545454546,0.3181818181818182,0.875
20978,0,CF3,L5,0.7,bilinear,1,4,0.6993830800056458,0,False,0.9545454545454546,0.3181818181818182,0.875
8990,0,CF3,L5,0.7,bilinear,3,3,0.20766524970531464,1,False,0.9545454545454546,0.3181818181818182,0.875
11061,0,CF3,L5,0.7,bilinear,7,4,0.6124634742736816,0,False,0.9545454545454546,0.3181818181818182,0.875
7075,0,CF3,L5,0.7,bilinear,9,2,0.40999072790145874,0,False,0.9545454545454546,0.3181818181818182,0.875
17641,0,CF3,L5,0.7,bilinear,2,2,0.9808869361877441,1,False,0.9545454545454546,0.3181818181818182,0.875
12077,0,CF3,L5,0.7,bilinear,9,3,0.34198129177093506,0,False,0.9545454545454546,0.3181818181818182,0.875
1779,0,CF3,L5,0.7,bilinear,7,2,0.36202922463417053,0,False,0.9545454545454546,0.3181818181818182,0.875
11519,0,CF3,L5,0.7,bilinear,4,2,0.6007699370384216,0,False,0.9545454545454546,0.3181818181818182,0.875
8549,0,CF3,L5,0.7,bilinear,3,2,0.7714911103248596,0,False,0.9545454545454546,0.3181818181818182,0.875
14623,0,CF3,L5,0.7,bilinear,6,4,0.6038763523101807,0,False,0.9545454545454546,0.3181818181818182,0.875
10846,0,CF3,L5,0.7,bilinear,3,2,0.4732266664505005,0,False,0.9545454545454546,0.3181818181818182,0.875
16289,0,CF3,L5,0.7,bilinear,3,2,0.38385769724845886,0,False,0.9545454545454546,0.3181818181818182,0.875
12311,0,CF3,L5,0.7,bilinear,8,2,0.4000660181045532,0,False,0.9545454545454546,0.3181818181818182,0.875
6068,0,CF3,L5,0.7,bilinear,8,2,0.9253662824630737,0,False,0.9545454545454546,0.3181818181818182,0.875
9629,0,CF3,L5,0.7,bilinear,6,3,0.28471407294273376,0,False,0.9545454545454546,0.3181818181818182,0.875
19560,0,CF3,L5,0.7,bilinear,3,2,0.38898196816444397,0,False,0.9545454545454546,0.3181818181818182,0.875
10379,0,CF3,L5,0.7,bilinear,8,2,0.572982907295227,0,False,0.9545454545454546,0.3181818181818182,0.875
6499,0,CF3,L5,0.7,bilinear,9,2,0.8297727108001709,0,False,0.9545454545454546,0.3181818181818182,0.875
1159,0,CF3,L5,0.7,bilinear,0,2,0.7711881995201111,0,False,0.9545454545454546,0.3181818181818182,0.875
4366,0,CF3,L5,0.7,bilinear,7,2,0.5445566177368164,0,False,0.9545454545454546,0.3181818181818182,0.875
8397,0,CF3,L5,0.7,bilinear,1,2,0.4987330436706543,0,False,0.9545454545454546,0.3181818181818182,0.875
20905,0,CF3,L5,0.7,bilinear,9,2,0.646554172039032,0,False,0.9545454545454546,0.3181818181818182,0.875
15746,0,CF3,L5,0.7,bilinear,5,2,0.296607106924057,0,False,0.9545454545454546,0.3181818181818182,0.875
9402,0,CF3,L5,0.7,bilinear,3,2,0.9585697650909424,0,False,0.9545454545454546,0.3181818181818182,0.875
8164,0,CF3,L5,0.7,bilinear,2,2,0.655426025390625,1,False,0.9545454545454546,0.3181818181818182,0.875
510,0,CF3,L5,0.7,bilinear,5,3,0.20194195210933685,0,False,0.9545454545454546,0.3181818181818182,0.875
24070,0,CF3,L5,0.7,bilinear,9,2,0.4441918432712555,0,False,0.9545454545454546,0.3181818181818182,0.875
2401,0,CF3,L5,0.7,bilinear,4,4,0.4020933508872986,1,False,0.9545454545454546,0.3181818181818182,0.875
12147,0,CF3,L5,0.7,bilinear,3,2,0.24101319909095764,0,False,0.9545454545454546,0.3181818181818182,0.875
14499,0,CF3,L5,0.7,bilinear,6,2,0.8921578526496887,0,False,0.9545454545454546,0.3181818181818182,0.875
3530,0,CF3,L5,0.7,bilinear,6,3,0.5131540298461914,0,False,0.9545454545454546,0.3181818181818182,0.875
14723,0,CF3,L5,0.7,bilinear,7,9,0.30403491854667664,0,False,0.9545454545454546,0.3181818181818182,0.875
4435,0,CF3,L5,0.7,bilinear,3,3,0.19239647686481476,1,False,0.9545454545454546,0.3181818181818182,0.875
22852,0,CF3,L5,0.7,bilinear,2,2,0.5043628215789795,1,False,0.9545454545454546,0.3181818181818182,0.875
8461,0,CF3,L5,0.7,bilinear,3,2,0.4519839584827423,0,False,0.9545454545454546,0.3181818181818182,0.875
21972,0,CF3,L5,0.7,bilinear,7,2,0.5957873463630676,0,False,0.9545454545454546,0.3181818181818182,0.875
5410,0,CF3,L5,0.7,bilinear,4,4,0.3978637158870697,1,False,0.9545454545454546,0.3181818181818182,0.875
17754,0,CF3,L5,0.7,bilinear,6,3,0.27052614092826843,0,False,0.9545454545454546,0.3181818181818182,0.875
15311,0,CF3,L5,0.7,bilinear,2,2,0.7600011229515076,1,False,0.9545454545454546,0.3181818181818182,0.875
15185,0,CF3,L5,0.7,bilinear,1,2,0.833782970905304,0,False,0.9545454545454546,0.3181818181818182,0.875
5663,0,CF3,L5,0.7,bilinear,4,2,0.48333948850631714,0,False,0.9545454545454546,0.3181818181818182,0.875
6247,0,CF3,L5,0.7,bilinear,6,2,0.8252468109130859,0,False,0.9545454545454546,0.3181818181818182,0.875
15287,0,CF3,L5,0.7,bilinear,0,2,0.38276660442352295,0,False,0.9545454545454546,0.3181818181818182,0.875
19902,0,CF3,L5,0.7,bilinear,0,2,0.5867713093757629,0,False,0.9545454545454546,0.3181818181818182,0.875
25188,0,CF3,L5,0.7,bilinear,4,4,0.4641522467136383,1,False,0.9545454545454546,0.3181818181818182,0.875
11195,0,CF3,L5,0.7,bilinear,8,5,0.3054889142513275,0,False,0.9545454545454546,0.3181818181818182,0.875
4828,0,CF3,L5,0.7,bilinear,7,2,0.31880685687065125,0,False,0.9545454545454546,0.3181818181818182,0.875
23751,0,CF3,L5,0.7,bilinear,5,2,0.9083021283149719,0,False,0.9545454545454546,0.3181818181818182,0.875
9464,0,CF3,L5,0.7,bilinear,3,2,0.47441789507865906,0,False,0.9545454545454546,0.3181818181818182,0.875
25723,0,CF3,L5,0.7,bilinear,0,2,0.8161996603012085,0,False,0.9545454545454546,0.3181818181818182,0.875
16859,0,CF3,L5,0.7,bilinear,5,3,0.27665406465530396,0,False,0.9545454545454546,0.3181818181818182,0.875
3601,0,CF3,L5,0.7,bilinear,1,2,0.9077785015106201,0,False,0.9545454545454546,0.3181818181818182,0.875
11679,0,CF3,L5,0.7,bilinear,6,2,0.32013508677482605,0,False,0.9545454545454546,0.3181818181818182,0.875
12135,0,CF3,L5,0.7,bilinear,7,2,0.6084561347961426,0,False,0.9545454545454546,0.3181818181818182,0.875
16329,0,CF3,L5,0.7,bilinear,1,2,0.6940638422966003,0,False,0.9545454545454546,0.3181818181818182,0.875
94,0,CF3,L5,0.7,bilinear,4,2,0.2802232801914215,0,False,0.9545454545454546,0.3181818181818182,0.875
14517,0,CF3,L5,0.7,bilinear,9,3,0.2700828015804291,0,False,0.9545454545454546,0.3181818181818182,0.875
16852,0,CF3,L5,0.7,bilinear,3,3,0.6003975868225098,1,False,0.9545454545454546,0.3181818181818182,0.875
6852,0,CF3,L5,0.7,bilinear,6,2,0.8445682525634766,0,False,0.9545454545454546,0.3181818181818182,0.875
24858,0,CF3,L5,0.7,bilinear,3,2,0.840120792388916,0,False,0.9545454545454546,0.3181818181818182,0.875
297,0,CF3,L5,0.7,bilinear,9,2,0.6047355532646179,0,False,0.9545454545454546,0.3181818181818182,0.875
12339,0,CF3,L5,0.7,bilinear,2,2,0.9401149153709412,1,False,0.9545454545454546,0.3181818181818182,0.875
20811,0,CF3,L5,0.7,bilinear,8,2,0.3051794767379761,0,False,0.9545454545454546,0.3181818181818182,0.875
12439,0,CF3,L5,0.7,bilinear,5,9,0.23467108607292175,0,False,0.9545454545454546,0.3181818181818182,0.875
16632,0,CF3,L5,0.7,bilinear,9,2,0.8842786550521851,0,False,0.9545454545454546,0.3181818181818182,0.875
5798,0,CF3,L5,0.7,bilinear,4,2,0.8992511034011841,0,False,0.9545454545454546,0.3181818181818182,0.875
18458,0,CF3,L5,0.7,bilinear,3,2,0.8079113960266113,0,False,0.9545454545454546,0.3181818181818182,0.875
6105,0,CF3,L5,0.7,bilinear,5,2,0.306460440158844,0,False,0.9545454545454546,0.3181818181818182,0.875
10321,0,CF3,L5,0.7,bilinear,6,2,0.7753774523735046,0,False,0.9545454545454546,0.3181818181818182,0.875
21771,0,CF3,L5,0.7,bilinear,7,4,0.49962714314460754,0,False,0.9545454545454546,0.3181818181818182,0.875
22194,0,CF3,L5,0.7,bilinear,0,3,0.29822415113449097,0,False,0.9545454545454546,0.3181818181818182,0.875
6,0,CF3,L5,0.7,bilinear,9,2,0.7959474325180054,0,False,0.9545454545454546,0.3181818181818182,0.875
912,0,CF3,L5,0.7,bilinear,7,2,0.35078859329223633,0,False,0.9545454545454546,0.3181818181818182,0.875
16910,0,CF3,L5,0.7,bilinear,5,2,0.5651075839996338,0,False,0.9545454545454546,0.3181818181818182,0.875
18738,0,CF3,L5,0.7,bilinear,7,2,0.6790215373039246,0,False,0.9545454545454546,0.3181818181818182,0.875
18020,0,CF3,L5,0.7,bilinear,9,2,0.7733521461486816,0,False,0.9545454545454546,0.3181818181818182,0.875
3462,0,CF3,L5,0.7,bilinear,8,2,0.831849992275238,0,False,0.9545454545454546,0.3181818181818182,0.875
5696,0,CF3,L5,0.7,bilinear,1,2,0.245561420917511,0,False,0.9545454545454546,0.3181818181818182,0.875
15066,0,CF3,L5,0.7,bilinear,3,2,0.8371180295944214,0,False,0.9545454545454546,0.3181818181818182,0.875
10653,0,CF3,L5,0.7,bilinear,9,2,0.6052961945533752,0,False,0.9545454545454546,0.3181818181818182,0.875
13337,0,CF3,L5,0.7,bilinear,2,2,0.9048889875411987,1,False,0.9545454545454546,0.3181818181818182,0.875
12340,0,CF3,L5,0.7,bilinear,5,3,0.30847981572151184,0,False,0.9545454545454546,0.3181818181818182,0.875
9536,0,CF3,L5,0.7,bilinear,0,2,0.3617536723613739,0,False,0.9545454545454546,0.3181818181818182,0.875
3566,0,CF3,L5,0.7,bilinear,4,4,0.47997036576271057,1,False,0.9545454545454546,0.3181818181818182,0.875
20090,0,CF3,L5,0.7,bilinear,4,2,0.616351842880249,0,False,0.9545454545454546,0.3181818181818182,0.875
211,0,CF3,L5,0.7,bilinear,0,3,0.20809811353683472,0,False,0.9545454545454546,0.3181818181818182,0.875
55,0,CF3,L5,0.7,bilinear,8,2,0.38832277059555054,0,False,0.9545454545454546,0.3181818181818182,0.875
1477,0,CF3,L5,0.7,bilinear,2,2,0.7410745620727539,1,False,0.9545454545454546,0.3181818181818182,0.875
25898,0,CF3,L5,0.7,bilinear,0,4,0.739429235458374,0,False,0.9545454545454546,0.3181818181818182,0.875
25713,0,CF3,L5,0.7,bilinear,0,2,0.7279062271118164,0,False,0.9545454545454546,0.3181818181818182,0.875
18055,0,CF3,L5,0.7,bilinear,3,3,0.2704218626022339,1,False,0.9545454545454546,0.3181818181818182,0.875
17461,0,CF3,L5,0.7,bilinear,3,2,0.5675735473632812,0,False,0.9545454545454546,0.3181818181818182,0.875
14237,0,CF3,L5,0.7,bilinear,7,2,0.31932589411735535,0,False,0.9545454545454546,0.3181818181818182,0.875
13858,0,CF3,L5,0.7,bilinear,1,4,0.47400790452957153,0,False,0.9545454545454546,0.3181818181818182,0.875
12386,0,CF3,L5,0.7,bilinear,5,2,0.5808209776878357,0,False,0.9545454545454546,0.3181818181818182,0.875
7223,0,CF3,L5,0.7,bilinear,9,3,0.32992586493492126,0,False,0.9545454545454546,0.3181818181818182,0.875
3153,0,CF3,L5,0.7,bilinear,5,2,0.4891132414340973,0,False,0.9545454545454546,0.3181818181818182,0.875
23265,0,CF3,L5,0.7,bilinear,8,2,0.25184378027915955,0,False,0.9545454545454546,0.3181818181818182,0.875
9465,0,CF3,L5,0.7,bilinear,0,2,0.2968001067638397,0,False,0.9545454545454546,0.3181818181818182,0.875
7419,0,CF3,L5,0.7,bilinear,0,3,0.37748920917510986,0,False,0.9545454545454546,0.3181818181818182,0.875
4722,0,CF3,L5,0.7,bilinear,6,2,0.49962523579597473,0,False,0.9545454545454546,0.3181818181818182,0.875
23448,0,CF3,L5,0.7,bilinear,6,2,0.8089953064918518,0,False,0.9545454545454546,0.3181818181818182,0.875
8222,0,CF3,L5,0.7,bilinear,2,2,0.5253874659538269,1,False,0.9545454545454546,0.3181818181818182,0.875
20898,0,CF3,L5,0.7,bilinear,8,2,0.5437372326850891,0,False,0.9545454545454546,0.3181818181818182,0.875
23313,0,CF3,L5,0.7,bilinear,2,5,0.22374649345874786,0,False,0.9545454545454546,0.3181818181818182,0.875
13426,0,CF3,L5,0.7,bilinear,2,2,0.805111825466156,1,False,0.9545454545454546,0.3181818181818182,0.875
25136,0,CF3,L5,0.7,bilinear,4,1,0.2724963426589966,0,False,0.9545454545454546,0.3181818181818182,0.875
9268,0,CF3,L5,0.7,bilinear,4,1,0.25916674733161926,0,False,0.9545454545454546,0.3181818181818182,0.875
3892,0,CF3,L5,0.7,bilinear,1,2,0.4081819951534271,0,False,0.9545454545454546,0.3181818181818182,0.875
4115,0,CF3,L5,0.7,bilinear,3,2,0.8790029287338257,0,False,0.9545454545454546,0.3181818181818182,0.875
5166,0,CF3,L5,0.7,bilinear,7,2,0.32724449038505554,0,False,0.9545454545454546,0.3181818181818182,0.875
14984,0,CF3,L5,0.7,bilinear,3,2,0.815567135810852,0,False,0.9545454545454546,0.3181818181818182,0.875
10520,0,CF3,L5,0.7,bilinear,1,2,0.7218632698059082,0,False,0.9545454545454546,0.3181818181818182,0.875
4379,0,CF3,L5,0.7,bilinear,2,2,0.6471211910247803,1,False,0.9545454545454546,0.3181818181818182,0.875
8937,0,CF3,L5,0.7,bilinear,1,2,0.30186524987220764,0,False,0.9545454545454546,0.3181818181818182,0.875
17550,0,CF3,L5,0.7,bilinear,9,3,0.4249659776687622,0,False,0.9545454545454546,0.3181818181818182,0.875
19085,0,CF3,L5,0.7,bilinear,9,2,0.5140588879585266,0,False,0.9545454545454546,0.3181818181818182,0.875
17902,0,CF3,L5,0.7,bilinear,6,2,0.6760075092315674,0,False,0.9545454545454546,0.3181818181818182,0.875
14780,0,CF3,L5,0.7,bilinear,8,4,0.3437550961971283,0,False,0.9545454545454546,0.3181818181818182,0.875
8401,0,CF3,L5,0.7,bilinear,0,2,0.2968016266822815,0,False,0.9545454545454546,0.3181818181818182,0.875
11230,0,CF3,L5,0.7,bilinear,2,2,0.8663628697395325,1,False,0.9545454545454546,0.3181818181818182,0.875
1772,0,CF3,L5,0.7,bilinear,3,2,0.7295436859130859,0,False,0.9545454545454546,0.3181818181818182,0.875
13326,0,CF3,L5,0.7,bilinear,4,5,0.25717148184776306,0,False,0.9545454545454546,0.3181818181818182,0.875
15230,0,CF3,L5,0.7,bilinear,5,2,0.9794929623603821,0,False,0.9545454545454546,0.3181818181818182,0.875
20557,0,CF3,L5,0.7,bilinear,0,3,0.2912863790988922,0,False,0.9545454545454546,0.3181818181818182,0.875
9555,0,CF3,L5,0.7,bilinear,1,2,0.7719953060150146,0,False,0.9545454545454546,0.3181818181818182,0.875
3667,0,CF3,L5,0.7,bilinear,6,2,0.3184604346752167,0,False,0.9545454545454546,0.3181818181818182,0.875
5316,0,CF3,L5,0.7,bilinear,5,2,0.844042181968689,0,False,0.9545454545454546,0.3181818181818182,0.875
3606,0,CF3,L5,0.7,bilinear,5,2,0.6329700946807861,0,False,0.9545454545454546,0.3181818181818182,0.875
25776,0,CF3,L5,0.7,bilinear,6,3,0.7345125675201416,0,False,0.9545454545454546,0.3181818181818182,0.875
22231,0,CF3,L5,0.7,bilinear,1,2,0.7124179601669312,0,False,0.9545454545454546,0.3181818181818182,0.875
10855,0,CF3,L5,0.7,bilinear,7,4,0.26894211769104004,0,False,0.9545454545454546,0.3181818181818182,0.875
130,0,CF3,L5,0.7,bilinear,6,2,0.30463939905166626,0,False,0.9545454545454546,0.3181818181818182,0.875
434,0,CF3,L5,0.7,bilinear,8,2,0.5212581157684326,0,False,0.9545454545454546,0.3181818181818182,0.875
5308,0,CF3,L5,0.7,bilinear,5,2,0.48437440395355225,0,False,0.9545454545454546,0.3181818181818182,0.875
17682,0,CF3,L5,0.7,bilinear,4,2,0.3134872317314148,0,False,0.9545454545454546,0.3181818181818182,0.875
16682,0,CF3,L5,0.7,bilinear,8,2,0.5678920745849609,0,False,0.9545454545454546,0.3181818181818182,0.875
12660,0,CF3,L5,0.7,bilinear,5,2,0.6942313313484192,0,False,0.9545454545454546,0.3181818181818182,0.875
21362,0,CF3,L5,0.7,bilinear,5,2,0.3698452413082123,0,False,0.9545454545454546,0.3181818181818182,0.875
15483,0,CF3,L5,0.7,bilinear,4,4,0.4226383566856384,1,False,0.9545454545454546,0.3181818181818182,0.875
5289,0,CF3,L5,0.7,bilinear,5,5,0.25283780694007874,1,False,0.9545454545454546,0.3181818181818182,0.875
19757,0,CF3,L5,0.7,bilinear,1,2,0.4983399510383606,0,False,0.9545454545454546,0.3181818181818182,0.875
6799,0,CF3,L5,0.7,bilinear,2,2,0.65437912940979,1,False,0.9545454545454546,0.3181818181818182,0.875
18871,0,CF3,L5,0.7,bilinear,2,2,0.5544003844261169,1,False,0.9545454545454546,0.3181818181818182,0.875
4740,0,CF3,L5,0.7,bilinear,3,3,0.33632758259773254,1,False,0.9545454545454546,0.3181818181818182,0.875
14926,0,CF3,L5,0.7,bilinear,5,2,0.2845136821269989,0,False,0.9545454545454546,0.3181818181818182,0.875
3549,0,CF3,L5,0.7,bilinear,4,2,0.8201826810836792,0,False,0.9545454545454546,0.3181818181818182,0.875
13336,0,CF3,L5,0.7,bilinear,9,2,0.3965587913990021,0,False,0.9545454545454546,0.3181818181818182,0.875
8302,0,CF3,L5,0.7,bilinear,3,2,0.6855161190032959,0,False,0.9545454545454546,0.3181818181818182,0.875
19884,0,CF3,L5,0.7,bilinear,8,3,0.2480643093585968,0,False,0.9545454545454546,0.3181818181818182,0.875
6927,0,CF3,L5,0.7,bilinear,1,2,0.9734169244766235,0,False,0.9545454545454546,0.3181818181818182,0.875
15277,0,CF3,L5,0.7,bilinear,6,2,0.43895065784454346,0,False,0.9545454545454546,0.3181818181818182,0.875
20278,0,CF3,L5,0.7,bilinear,3,2,0.5231902599334717,0,False,0.9545454545454546,0.3181818181818182,0.875
654,0,CF3,L5,0.7,bilinear,8,2,0.4778323471546173,0,False,0.9545454545454546,0.3181818181818182,0.875
19020,0,CF3,L5,0.7,bilinear,0,3,0.26816150546073914,0,False,0.9545454545454546,0.3181818181818182,0.875
25403,0,CF3,L5,0.7,bilinear,3,2,0.5374131202697754,0,False,0.9545454545454546,0.3181818181818182,0.875
1745,0,CF3,L5,0.7,bilinear,8,2,0.6803345680236816,0,False,0.9545454545454546,0.3181818181818182,0.875
10726,0,CF3,L5,0.7,bilinear,4,2,0.7954360842704773,0,False,0.9545454545454546,0.3181818181818182,0.875
23431,0,CF3,L5,0.7,bilinear,4,1,0.37030544877052307,0,False,0.9545454545454546,0.3181818181818182,0.875
231,0,CF3,L5,0.7,bilinear,5,2,0.4757358431816101,0,False,0.9545454545454546,0.3181818181818182,0.875
20678,0,CF3,L5,0.7,bilinear,7,2,0.5362621545791626,0,False,0.9545454545454546,0.3181818181818182,0.875
15851,0,CF3,L5,0.7,bilinear,1,1,0.27940642833709717,1,False,0.9545454545454546,0.3181818181818182,0.875
24015,0,CF3,L5,0.7,bilinear,0,2,0.4527758061885834,0,False,0.9545454545454546,0.3181818181818182,0.875
1082,0,CF3,L5,0.7,bilinear,6,3,0.22760067880153656,0,False,0.9545454545454546,0.3181818181818182,0.875
5573,0,CF3,L5,0.7,bilinear,8,2,0.44310206174850464,0,False,0.9545454545454546,0.3181818181818182,0.875
11289,0,CF3,L5,0.7,bilinear,1,4,0.7621493339538574,0,False,0.9545454545454546,0.3181818181818182,0.875
1751,0,CF3,L5,0.7,bilinear,0,2,0.7805633544921875,0,False,0.9545454545454546,0.3181818181818182,0.875
4594,0,CF3,L5,0.7,bilinear,6,3,0.4325782358646393,0,False,0.9545454545454546,0.3181818181818182,0.875
21127,0,CF3,L5,0.7,bilinear,8,2,0.3007761538028717,0,False,0.9545454545454546,0.3181818181818182,0.875
12370,0,CF3,L5,0.7,bilinear,4,2,0.24920058250427246,0,False,0.9545454545454546,0.3181818181818182,0.875
4125,0,CF3,L5,0.7,bilinear,6,2,0.8535529375076294,0,False,0.9545454545454546,0.3181818181818182,0.875
11008,0,CF3,L5,0.7,bilinear,1,4,0.4099987745285034,0,False,0.9545454545454546,0.3181818181818182,0.875
23395,0,CF3,L5,0.7,bilinear,7,2,0.3387123644351959,0,False,0.9545454545454546,0.3181818181818182,0.875
3080,0,CF3,L5,0.7,bilinear,3,2,0.2009117305278778,0,False,0.9545454545454546,0.3181818181818182,0.875
22400,0,CF3,L5,0.7,bilinear,0,3,0.49720028042793274,0,False,0.9545454545454546,0.3181818181818182,0.875
22514,0,CF3,L5,0.7,bilinear,1,2,0.6998389959335327,0,False,0.9545454545454546,0.3181818181818182,0.875
15137,0,CF3,L5,0.7,bilinear,0,2,0.7569250464439392,0,False,0.9545454545454546,0.3181818181818182,0.875
6681,0,CF3,L5,0.7,bilinear,0,2,0.7478585243225098,0,False,0.9545454545454546,0.3181818181818182,0.875
5219,0,CF3,L5,0.7,bilinear,5,2,0.8810741901397705,0,False,0.9545454545454546,0.3181818181818182,0.875
2355,0,CF3,L5,0.7,bilinear,2,2,0.7061370611190796,1,False,0.9545454545454546,0.3181818181818182,0.875
4674,0,CF3,L5,0.7,bilinear,5,2,0.5931217670440674,0,False,0.9545454545454546,0.3181818181818182,0.875
14575,0,CF3,L5,0.7,bilinear,1,4,0.44747886061668396,0,False,0.9545454545454546,0.3181818181818182,0.875
6563,0,CF3,L5,0.7,bilinear,5,5,0.3342438340187073,1,False,0.9545454545454546,0.3181818181818182,0.875
17492,0,CF3,L5,0.7,bilinear,9,3,0.37916281819343567,0,False,0.9545454545454546,0.3181818181818182,0.875
15770,0,CF3,L5,0.7,bilinear,7,4,0.7201951742172241,0,False,0.9545454545454546,0.3181818181818182,0.875
20830,0,CF3,L5,0.7,bilinear,1,2,0.641551673412323,0,False,0.9545454545454546,0.3181818181818182,0.875
1777,0,CF3,L5,0.7,bilinear,2,2,0.7685351371765137,1,False,0.9545454545454546,0.3181818181818182,0.875
21617,0,CF3,L5,0.7,bilinear,7,2,0.835529625415802,0,False,0.9545454545454546,0.3181818181818182,0.875
21293,0,CF3,L5,0.7,bilinear,4,2,0.5766041278839111,0,False,0.9545454545454546,0.3181818181818182,0.875
14504,0,CF3,L5,0.7,bilinear,0,3,0.262140154838562,0,False,0.9545454545454546,0.3181818181818182,0.875
21236,0,CF3,L5,0.7,bilinear,7,3,0.4634047746658325,0,False,0.9545454545454546,0.3181818181818182,0.875
18558,0,CF3,L5,0.7,bilinear,4,4,0.5626548528671265,1,False,0.9545454545454546,0.3181818181818182,0.875
22916,0,CF3,L5,0.7,bilinear,8,5,0.37359365820884705,0,False,0.9545454545454546,0.3181818181818182,0.875
18760,0,CF3,L5,0.7,bilinear,6,2,0.7705408930778503,0,False,0.9545454545454546,0.3181818181818182,0.875
17389,0,CF3,L5,0.7,bilinear,8,2,0.9017537832260132,0,False,0.9545454545454546,0.3181818181818182,0.875
13155,0,CF3,L5,0.7,bilinear,8,2,0.8488436341285706,0,False,0.9545454545454546,0.3181818181818182,0.875
13999,0,CF3,L5,0.7,bilinear,5,2,0.9245514869689941,0,False,0.9545454545454546,0.3181818181818182,0.875
10265,0,CF3,L5,0.7,bilinear,8,2,0.4425884783267975,0,False,0.9545454545454546,0.3181818181818182,0.875
17239,0,CF3,L5,0.7,bilinear,2,2,0.7494078874588013,1,False,0.9545454545454546,0.3181818181818182,0.875
6288,0,CF3,L5,0.7,bilinear,3,2,0.42912861704826355,0,False,0.9545454545454546,0.3181818181818182,0.875
11514,0,CF3,L5,0.7,bilinear,6,3,0.2340124249458313,0,False,0.9545454545454546,0.3181818181818182,0.875
23652,0,CF3,L5,0.7,bilinear,1,2,0.5576097369194031,0,False,0.9545454545454546,0.3181818181818182,0.875
11939,0,CF3,L5,0.7,bilinear,6,3,0.43945321440696716,0,False,0.9545454545454546,0.3181818181818182,0.875
2174,0,CF3,L5,0.7,bilinear,7,1,0.3486332595348358,0,False,0.9545454545454546,0.3181818181818182,0.875
15441,0,CF3,L5,0.7,bilinear,4,1,0.3897148370742798,0,False,0.9545454545454546,0.3181818181818182,0.875
12260,0,CF3,L5,0.7,bilinear,1,2,0.6698383688926697,0,False,0.9545454545454546,0.3181818181818182,0.875
25046,0,CF3,L5,0.7,bilinear,6,2,0.26497137546539307,0,False,0.9545454545454546,0.3181818181818182,0.875
13958,0,CF3,L5,0.7,bilinear,9,4,0.30251842737197876,0,False,0.9545454545454546,0.3181818181818182,0.875
20974,0,CF3,L5,0.7,bilinear,8,3,0.24909189343452454,0,False,0.9545454545454546,0.3181818181818182,0.875
10626,0,CF3,L5,0.7,bilinear,6,2,0.7296524047851562,0,False,0.9545454545454546,0.3181818181818182,0.875
22545,0,CF3,L5,0.7,bilinear,5,3,0.30196505784988403,0,False,0.9545454545454546,0.3181818181818182,0.875
20288,0,CF3,L5,0.7,bilinear,5,2,0.8765785098075867,0,False,0.9545454545454546,0.3181818181818182,0.875
13790,0,CF3,L5,0.7,bilinear,7,2,0.4615577459335327,0,False,0.9545454545454546,0.3181818181818182,0.875
2817,0,CF3,L5,0.7,bilinear,4,9,0.24796457588672638,0,False,0.9545454545454546,0.3181818181818182,0.875
8344,0,CF3,L5,0.7,bilinear,4,4,0.41964346170425415,1,False,0.9545454545454546,0.3181818181818182,0.875
11708,0,CF3,L5,0.7,bilinear,1,1,0.45323726534843445,1,False,0.9545454545454546,0.3181818181818182,0.875
2379,0,CF3,L5,0.7,bilinear,1,2,0.7063751816749573,0,False,0.9545454545454546,0.3181818181818182,0.875
23602,0,CF3,L5,0.7,bilinear,2,2,0.8258939981460571,1,False,0.9545454545454546,0.3181818181818182,0.875
24357,0,CF3,L5,0.7,bilinear,8,5,0.24959412217140198,0,False,0.9545454545454546,0.3181818181818182,0.875
16783,0,CF3,L5,0.7,bilinear,4,4,0.5578314661979675,1,False,0.9545454545454546,0.3181818181818182,0.875
11723,0,CF3,L5,0.7,bilinear,9,2,0.5410879850387573,0,False,0.9545454545454546,0.3181818181818182,0.875
5140,0,CF3,L5,0.7,bilinear,5,2,0.4137921631336212,0,False,0.9545454545454546,0.3181818181818182,0.875
14563,0,CF3,L5,0.7,bilinear,1,4,0.3169565498828888,0,False,0.9545454545454546,0.3181818181818182,0.875
11905,0,CF3,L5,0.7,bilinear,7,4,0.3062986135482788,0,False,0.9545454545454546,0.3181818181818182,0.875
4657,0,CF3,L5,0.7,bilinear,5,3,0.3298868238925934,0,False,0.9545454545454546,0.3181818181818182,0.875
9888,0,CF3,L5,0.7,bilinear,7,1,0.3028608560562134,0,False,0.9545454545454546,0.3181818181818182,0.875
22827,0,CF3,L5,0.7,bilinear,6,9,0.2510577142238617,0,False,0.9545454545454546,0.3181818181818182,0.875
23911,0,CF3,L5,0.7,bilinear,7,1,0.29499751329421997,0,False,0.9545454545454546,0.3181818181818182,0.875
968,0,CF3,L5,0.7,bilinear,3,1,0.317788302898407,0,False,0.9545454545454546,0.3181818181818182,0.875
18416,0,CF3,L5,0.7,bilinear,2,2,0.6365867257118225,1,False,0.9545454545454546,0.3181818181818182,0.875
15166,0,CF3,L5,0.7,bilinear,7,9,0.23178039491176605,0,False,0.9545454545454546,0.3181818181818182,0.875
15537,0,CF3,L5,0.7,bilinear,6,2,0.3912317752838135,0,False,0.9545454545454546,0.3181818181818182,0.875
112,0,CF3,L5,0.7,bilinear,6,2,0.5852320790290833,0,False,0.9545454545454546,0.3181818181818182,0.875
9754,0,CF3,L5,0.7,bilinear,8,3,0.6390774250030518,0,False,0.9545454545454546,0.3181818181818182,0.875
3827,0,CF3,L5,0.7,bilinear,1,2,0.31514596939086914,0,False,0.9545454545454546,0.3181818181818182,0.875
16427,0,CF3,L5,0.7,bilinear,8,2,0.5901461839675903,0,False,0.9545454545454546,0.3181818181818182,0.875
4853,0,CF3,L5,0.7,bilinear,8,2,0.41380470991134644,0,False,0.9545454545454546,0.3181818181818182,0.875
5025,0,CF3,L5,0.7,bilinear,8,2,0.5253095030784607,0,False,0.9545454545454546,0.3181818181818182,0.875
5497,0,CF3,L5,0.7,bilinear,5,2,0.8713257908821106,0,False,0.9545454545454546,0.3181818181818182,0.875
415,0,CF3,L5,0.7,bilinear,5,2,0.691169798374176,0,False,0.9545454545454546,0.3181818181818182,0.875
6055,0,CF3,L5,0.7,bilinear,2,2,0.937537670135498,1,False,0.9545454545454546,0.3181818181818182,0.875
4242,0,CF3,L5,0.7,bilinear,6,4,0.3863733410835266,0,False,0.9545454545454546,0.3181818181818182,0.875
16007,0,CF3,L5,0.7,bilinear,3,3,0.29697445034980774,1,False,0.9545454545454546,0.3181818181818182,0.875
16184,0,CF3,L5,0.7,bilinear,6,2,0.603077232837677,0,False,0.9545454545454546,0.3181818181818182,0.875
15180,0,CF3,L5,0.7,bilinear,2,2,0.6458225846290588,1,False,0.9545454545454546,0.3181818181818182,0.875
16402,0,CF3,L5,0.7,bilinear,3,2,0.6617835760116577,0,False,0.9545454545454546,0.3181818181818182,0.875
12883,0,CF3,L5,0.7,bilinear,7,4,0.5918258428573608,0,False,0.9545454545454546,0.3181818181818182,0.875
12596,0,CF3,L5,0.7,bilinear,2,2,0.8014073967933655,1,False,0.9545454545454546,0.3181818181818182,0.875
13383,0,CF3,L5,0.7,bilinear,0,3,0.7004254460334778,0,False,0.9545454545454546,0.3181818181818182,0.875
17140,0,CF3,L5,0.7,bilinear,0,3,0.29764699935913086,0,False,0.9545454545454546,0.3181818181818182,0.875
11249,0,CF3,L5,0.7,bilinear,7,2,0.8199824094772339,0,False,0.9545454545454546,0.3181818181818182,0.875
2927,0,CF3,L5,0.7,bilinear,3,2,0.43988117575645447,0,False,0.9545454545454546,0.3181818181818182,0.875
13380,0,CF3,L5,0.7,bilinear,3,2,0.8158032894134521,0,False,0.9545454545454546,0.3181818181818182,0.875
24593,0,CF3,L5,0.7,bilinear,5,2,0.40230605006217957,0,False,0.9545454545454546,0.3181818181818182,0.875
14507,0,CF3,L5,0.7,bilinear,8,2,0.5966912508010864,0,False,0.9545454545454546,0.3181818181818182,0.875
9355,0,CF3,L5,0.7,bilinear,8,2,0.476131796836853,0,False,0.9545454545454546,0.3181818181818182,0.875
3943,0,CF3,L5,0.7,bilinear,3,3,0.2860581874847412,1,False,0.9545454545454546,0.3181818181818182,0.875
4913,0,CF3,L5,0.7,bilinear,4,4,0.8382677435874939,1,False,0.9545454545454546,0.3181818181818182,0.875
23440,0,CF3,L5,0.7,bilinear,4,2,0.7587602734565735,0,False,0.9545454545454546,0.3181818181818182,0.875
19289,0,CF3,L5,0.7,bilinear,7,4,0.4964899718761444,0,False,0.9545454545454546,0.3181818181818182,0.875
17841,0,CF3,L5,0.7,bilinear,6,1,0.3135887384414673,0,False,0.9545454545454546,0.3181818181818182,0.875
18139,0,CF3,L5,0.7,bilinear,0,2,0.40779390931129456,0,False,0.9545454545454546,0.3181818181818182,0.875
18549,0,CF3,L5,0.7,bilinear,7,4,0.5405507683753967,0,False,0.9545454545454546,0.3181818181818182,0.875
7215,0,CF3,L5,0.7,bilinear,7,3,0.3748094141483307,0,False,0.9545454545454546,0.3181818181818182,0.875
10574,0,CF3,L5,0.7,bilinear,7,5,0.3688395321369171,0,False,0.9545454545454546,0.3181818181818182,0.875
10329,0,CF3,L5,0.7,bilinear,7,2,0.4731955826282501,0,False,0.9545454545454546,0.3181818181818182,0.875
21502,0,CF3,L5,0.7,bilinear,4,2,0.6052051186561584,0,False,0.9545454545454546,0.3181818181818182,0.875
1209,0,CF3,L5,0.7,bilinear,8,2,0.27878326177597046,0,False,0.9545454545454546,0.3181818181818182,0.875
22202,0,CF3,L5,0.7,bilinear,6,2,0.3099516034126282,0,False,0.9545454545454546,0.3181818181818182,0.875
12914,0,CF3,L5,0.7,bilinear,2,2,0.27793511748313904,1,False,0.9545454545454546,0.3181818181818182,0.875
23477,0,CF3,L5,0.7,bilinear,6,3,0.2282262146472931,0,False,0.9545454545454546,0.3181818181818182,0.875
13286,0,CF3,L5,0.7,bilinear,5,2,0.7203172445297241,0,False,0.9545454545454546,0.3181818181818182,0.875
24957,0,CF3,L5,0.7,bilinear,2,2,0.6257320642471313,1,False,0.9545454545454546,0.3181818181818182,0.875
23215,0,CF3,L5,0.7,bilinear,9,2,0.7462469339370728,0,False,0.9545454545454546,0.3181818181818182,0.875
8171,0,CF3,L5,0.7,bilinear,3,2,0.4350981116294861,0,False,0.9545454545454546,0.3181818181818182,0.875
13427,0,CF3,L5,0.7,bilinear,4,4,0.2574138045310974,1,False,0.9545454545454546,0.3181818181818182,0.875
1985,0,CF3,L5,0.7,bilinear,9,3,0.3309165835380554,0,False,0.9545454545454546,0.3181818181818182,0.875
19607,0,CF3,L5,0.7,bilinear,1,2,0.7318189144134521,0,False,0.9545454545454546,0.3181818181818182,0.875
15138,0,CF3,L5,0.7,bilinear,4,1,0.38759294152259827,0,False,0.9545454545454546,0.3181818181818182,0.875
18496,0,CF3,L5,0.7,bilinear,3,5,0.2519216239452362,0,False,0.9545454545454546,0.3181818181818182,0.875
11341,0,CF3,L5,0.7,bilinear,5,1,0.23407307267189026,0,False,0.9545454545454546,0.3181818181818182,0.875
3210,0,CF3,L5,0.7,bilinear,6,2,0.667639970779419,0,False,0.9545454545454546,0.3181818181818182,0.875
9044,0,CF3,L5,0.7,bilinear,3,5,0.2999146580696106,0,False,0.9545454545454546,0.3181818181818182,0.875
1784,0,CF3,L5,0.7,bilinear,1,2,0.5577523112297058,0,False,0.9545454545454546,0.3181818181818182,0.875
20687,0,CF3,L5,0.7,bilinear,7,2,0.39436665177345276,0,False,0.9545454545454546,0.3181818181818182,0.875
21479,0,CF3,L5,0.7,bilinear,1,2,0.6669925451278687,0,False,0.9545454545454546,0.3181818181818182,0.875
4465,0,CF3,L5,0.7,bilinear,7,4,0.27658018469810486,0,False,0.9545454545454546,0.3181818181818182,0.875
8098,0,CF3,L5,0.7,bilinear,3,3,0.3870082199573517,1,False,0.9545454545454546,0.3181818181818182,0.875
1105,0,CF3,L5,0.7,bilinear,1,2,0.8896382451057434,0,False,0.9545454545454546,0.3181818181818182,0.875
24036,0,CF3,L5,0.7,bilinear,0,2,0.2613939344882965,0,False,0.9545454545454546,0.3181818181818182,0.875
24825,0,CF3,L5,0.7,bilinear,1,2,0.7134584188461304,0,False,0.9545454545454546,0.3181818181818182,0.875
20081,0,CF3,L5,0.7,bilinear,4,2,0.5567293763160706,0,False,0.9545454545454546,0.3181818181818182,0.875
11780,0,CF3,L5,0.7,bilinear,5,2,0.4017203152179718,0,False,0.9545454545454546,0.3181818181818182,0.875
18228,0,CF3,L5,0.7,bilinear,2,2,0.6007786989212036,1,False,0.9545454545454546,0.3181818181818182,0.875
4363,0,CF3,L5,0.7,bilinear,4,2,0.6615133285522461,0,False,0.9545454545454546,0.3181818181818182,0.875
10210,0,CF3,L5,0.7,bilinear,7,2,0.5856472253799438,0,False,0.9545454545454546,0.3181818181818182,0.875
7005,0,CF3,L5,0.7,bilinear,2,2,0.6868483424186707,1,False,0.9545454545454546,0.3181818181818182,0.875
7071,0,CF3,L5,0.7,bilinear,3,4,0.2972729802131653,0,False,0.9545454545454546,0.3181818181818182,0.875
25299,0,CF3,L5,0.7,bilinear,4,2,0.7416934967041016,0,False,0.9545454545454546,0.3181818181818182,0.875
3393,0,CF3,L5,0.7,bilinear,0,3,0.3614005744457245,0,False,0.9545454545454546,0.3181818181818182,0.875
10532,0,CF3,L5,0.7,bilinear,8,2,0.4921378195285797,0,False,0.9545454545454546,0.3181818181818182,0.875
14271,0,CF3,L5,0.7,bilinear,3,3,0.3950538635253906,1,False,0.9545454545454546,0.3181818181818182,0.875
12814,0,CF3,L5,0.7,bilinear,4,1,0.4064042866230011,0,False,0.9545454545454546,0.3181818181818182,0.875
1763,0,CF3,L5,0.7,bilinear,1,2,0.6106197834014893,0,False,0.9545454545454546,0.3181818181818182,0.875
2795,0,CF3,L5,0.7,bilinear,4,1,0.25334054231643677,0,False,0.9545454545454546,0.3181818181818182,0.875
5329,0,CF3,L5,0.7,bilinear,2,3,0.29601138830184937,0,False,0.9545454545454546,0.3181818181818182,0.875
11024,0,CF3,L5,0.7,bilinear,8,2,0.6077871918678284,0,False,0.9545454545454546,0.3181818181818182,0.875
23383,0,CF3,L5,0.7,bilinear,6,2,0.9373751878738403,0,False,0.9545454545454546,0.3181818181818182,0.875
582,0,CF3,L5,0.7,bilinear,2,2,0.6586510539054871,1,False,0.9545454545454546,0.3181818181818182,0.875
20037,0,CF3,L5,0.7,bilinear,5,5,0.3015238046646118,1,False,0.9545454545454546,0.3181818181818182,0.875
4876,0,CF3,L5,0.7,bilinear,3,2,0.247214674949646,0,False,0.9545454545454546,0.3181818181818182,0.875
16157,0,CF3,L5,0.7,bilinear,1,4,0.5965121388435364,0,False,0.9545454545454546,0.3181818181818182,0.875
24155,0,CF3,L5,0.7,bilinear,7,2,0.4054906964302063,0,False,0.9545454545454546,0.3181818181818182,0.875
21035,0,CF3,L5,0.7,bilinear,1,9,0.30322369933128357,0,False,0.9545454545454546,0.3181818181818182,0.875
2530,0,CF3,L5,0.7,bilinear,2,3,0.2229156196117401,0,False,0.9545454545454546,0.3181818181818182,0.875
20951,0,CF3,L5,0.7,bilinear,4,4,0.3679925203323364,1,False,0.9545454545454546,0.3181818181818182,0.875
9752,0,CF3,L5,0.7,bilinear,9,2,0.6986666917800903,0,False,0.9545454545454546,0.3181818181818182,0.875
20362,0,CF3,L5,0.7,bilinear,9,3,0.3978387117385864,0,False,0.9545454545454546,0.3181818181818182,0.875
5669,0,CF3,L5,0.7,bilinear,2,4,0.3821219205856323,0,False,0.9545454545454546,0.3181818181818182,0.875
9395,0,CF3,L5,0.7,bilinear,6,3,0.4416622519493103,0,False,0.9545454545454546,0.3181818181818182,0.875
22115,0,CF3,L5,0.7,bilinear,2,2,0.3240920603275299,1,False,0.9545454545454546,0.3181818181818182,0.875
3784,0,CF3,L5,0.7,bilinear,5,2,0.6972774863243103,0,False,0.9545454545454546,0.3181818181818182,0.875
15518,0,CF3,L5,0.7,bilinear,1,2,0.28968846797943115,0,False,0.9545454545454546,0.3181818181818182,0.875
22913,0,CF3,L5,0.7,bilinear,1,2,0.620445191860199,0,False,0.9545454545454546,0.3181818181818182,0.875
22485,0,CF3,L5,0.7,bilinear,8,3,0.3114953935146332,0,False,0.9545454545454546,0.3181818181818182,0.875
14166,0,CF3,L5,0.7,bilinear,9,3,0.2403561919927597,0,False,0.9545454545454546,0.3181818181818182,0.875
4606,0,CF3,L5,0.7,bilinear,8,1,0.25256726145744324,0,False,0.9545454545454546,0.3181818181818182,0.875
12043,0,CF3,L5,0.7,bilinear,8,2,0.5459171533584595,0,False,0.9545454545454546,0.3181818181818182,0.875
20255,0,CF3,L5,0.7,bilinear,9,3,0.2702256143093109,0,False,0.9545454545454546,0.3181818181818182,0.875
21390,0,CF3,L5,0.7,bilinear,8,2,0.5144778490066528,0,False,0.9545454545454546,0.3181818181818182,0.875
13388,0,CF3,L5,0.7,bilinear,6,2,0.32724514603614807,0,False,0.9545454545454546,0.3181818181818182,0.875
9382,0,CF3,L5,0.7,bilinear,0,3,0.49167001247406006,0,False,0.9545454545454546,0.3181818181818182,0.875
11878,0,CF3,L5,0.7,bilinear,4,4,0.5473331809043884,1,False,0.9545454545454546,0.3181818181818182,0.875
10774,0,CF3,L5,0.7,bilinear,1,2,0.41966086626052856,0,False,0.9545454545454546,0.3181818181818182,0.875
2211,0,CF3,L5,0.7,bilinear,4,4,0.49882420897483826,1,False,0.9545454545454546,0.3181818181818182,0.875
22804,0,CF3,L5,0.7,bilinear,1,2,0.6173264980316162,0,False,0.9545454545454546,0.3181818181818182,0.875
17903,0,CF3,L5,0.7,bilinear,3,2,0.7790327072143555,0,False,0.9545454545454546,0.3181818181818182,0.875
16889,0,CF3,L5,0.7,bilinear,1,2,0.6388044357299805,0,False,0.9545454545454546,0.3181818181818182,0.875
3013,0,CF3,L5,0.7,bilinear,8,2,0.8660236597061157,0,False,0.9545454545454546,0.3181818181818182,0.875
19919,0,CF3,L5,0.7,bilinear,8,1,0.2934330701828003,0,False,0.9545454545454546,0.3181818181818182,0.875
7911,0,CF3,L5,0.7,bilinear,0,3,0.22657597064971924,0,False,0.9545454545454546,0.3181818181818182,0.875
6473,0,CF3,L5,0.7,bilinear,5,2,0.4384952485561371,0,False,0.9545454545454546,0.3181818181818182,0.875
14963,0,CF3,L5,0.7,bilinear,2,2,0.7331180572509766,1,False,0.9545454545454546,0.3181818181818182,0.875
3189,0,CF3,L5,0.7,bilinear,3,2,0.3500637412071228,0,False,0.9545454545454546,0.3181818181818182,0.875
21433,0,CF3,L5,0.7,bilinear,6,2,0.3003164231777191,0,False,0.9545454545454546,0.3181818181818182,0.875
21534,0,CF3,L5,0.7,bilinear,9,9,0.2728062868118286,1,False,0.9545454545454546,0.3181818181818182,0.875
4378,0,CF3,L5,0.7,bilinear,4,4,0.2510482370853424,1,False,0.9545454545454546,0.3181818181818182,0.875
4179,0,CF3,L5,0.7,bilinear,3,3,0.37816157937049866,1,False,0.9545454545454546,0.3181818181818182,0.875
20275,0,CF3,L5,0.7,bilinear,7,2,0.44211724400520325,0,False,0.9545454545454546,0.3181818181818182,0.875
724,0,CF3,L5,0.7,bilinear,4,2,0.7193107008934021,0,False,0.9545454545454546,0.3181818181818182,0.875
15532,0,CF3,L5,0.7,bilinear,5,2,0.3501085638999939,0,False,0.9545454545454546,0.3181818181818182,0.875
7808,0,CF3,L5,0.7,bilinear,4,2,0.9522976279258728,0,False,0.9545454545454546,0.3181818181818182,0.875
3185,0,CF3,L5,0.7,bilinear,7,2,0.44945964217185974,0,False,0.9545454545454546,0.3181818181818182,0.875
8217,0,CF3,L5,0.7,bilinear,5,3,0.48482489585876465,0,False,0.9545454545454546,0.3181818181818182,0.875
15284,0,CF3,L5,0.7,bilinear,2,2,0.8665047287940979,1,False,0.9545454545454546,0.3181818181818182,0.875
2195,0,CF3,L5,0.7,bilinear,1,2,0.8450673818588257,0,False,0.9545454545454546,0.3181818181818182,0.875
21296,0,CF3,L5,0.7,bilinear,0,2,0.5623871088027954,0,False,0.9545454545454546,0.3181818181818182,0.875
14286,0,CF3,L5,0.7,bilinear,3,2,0.27178046107292175,0,False,0.9545454545454546,0.3181818181818182,0.875
4261,0,CF3,L5,0.7,bilinear,0,3,0.4743255078792572,0,False,0.9545454545454546,0.3181818181818182,0.875
24480,0,CF3,L5,0.7,bilinear,2,2,0.9002901315689087,1,False,0.9545454545454546,0.3181818181818182,0.875
23581,0,CF3,L5,0.7,bilinear,7,1,0.4639647901058197,0,False,0.9545454545454546,0.3181818181818182,0.875
24364,0,CF3,L5,0.7,bilinear,7,4,0.456880122423172,0,False,0.9545454545454546,0.3181818181818182,0.875
4259,0,CF3,L5,0.7,bilinear,4,2,0.3124796450138092,0,False,0.9545454545454546,0.3181818181818182,0.875
4323,0,CF3,L5,0.7,bilinear,8,2,0.557624340057373,0,False,0.9545454545454546,0.3181818181818182,0.875
26017,0,CF3,L5,0.7,bilinear,2,2,0.9343433976173401,1,False,0.9545454545454546,0.3181818181818182,0.875
4055,0,CF3,L5,0.7,bilinear,9,2,0.5357166528701782,0,False,0.9545454545454546,0.3181818181818182,0.875
23968,0,CF3,L5,0.7,bilinear,6,3,0.3244574964046478,0,False,0.9545454545454546,0.3181818181818182,0.875
4914,0,CF3,L5,0.7,bilinear,2,2,0.7890322208404541,1,False,0.9545454545454546,0.3181818181818182,0.875
17310,0,CF3,L5,0.7,bilinear,7,4,0.6422327756881714,0,False,0.9545454545454546,0.3181818181818182,0.875
14981,0,CF3,L5,0.7,bilinear,2,2,0.6051062345504761,1,False,0.9545454545454546,0.3181818181818182,0.875
7511,0,CF3,L5,0.7,bilinear,6,2,0.6416459083557129,0,False,0.9545454545454546,0.3181818181818182,0.875
4136,0,CF3,L5,0.7,bilinear,9,2,0.2229337990283966,0,False,0.9545454545454546,0.3181818181818182,0.875
8043,0,CF3,L5,0.7,bilinear,2,2,0.9006838202476501,1,False,0.9545454545454546,0.3181818181818182,0.875
14360,0,CF3,L5,0.7,bilinear,4,4,0.4833586513996124,1,False,0.9545454545454546,0.3181818181818182,0.875
6364,0,CF3,L5,0.7,bilinear,0,2,0.8508807420730591,0,False,0.9545454545454546,0.3181818181818182,0.875
8827,0,CF3,L5,0.7,bilinear,4,1,0.2434348165988922,0,False,0.9545454545454546,0.3181818181818182,0.875
24886,0,CF3,L5,0.7,bilinear,9,2,0.3586015999317169,0,False,0.9545454545454546,0.3181818181818182,0.875
21392,0,CF3,L5,0.7,bilinear,2,2,0.39674121141433716,1,False,0.9545454545454546,0.3181818181818182,0.875
18654,0,CF3,L5,0.7,bilinear,6,2,0.4367389380931854,0,False,0.9545454545454546,0.3181818181818182,0.875
21766,0,CF3,L5,0.7,bilinear,1,2,0.5173296332359314,0,False,0.9545454545454546,0.3181818181818182,0.875
25433,0,CF3,L5,0.7,bilinear,8,2,0.4972498416900635,0,False,0.9545454545454546,0.3181818181818182,0.875
10927,0,CF3,L5,0.7,bilinear,8,2,0.9262843728065491,0,False,0.9545454545454546,0.3181818181818182,0.875
14092,0,CF3,L5,0.7,bilinear,6,2,0.2584957182407379,0,False,0.9545454545454546,0.3181818181818182,0.875
20936,0,CF3,L5,0.7,bilinear,9,9,0.2975536286830902,1,False,0.9545454545454546,0.3181818181818182,0.875
23711,0,CF3,L5,0.7,bilinear,4,4,0.4579560458660126,1,False,0.9545454545454546,0.3181818181818182,0.875
19260,0,CF3,L5,0.7,bilinear,7,2,0.717049241065979,0,False,0.9545454545454546,0.3181818181818182,0.875
17360,0,CF3,L5,0.7,bilinear,3,3,0.2396983951330185,1,False,0.9545454545454546,0.3181818181818182,0.875
965,0,CF3,L5,0.7,bilinear,0,2,0.49526387453079224,0,False,0.9545454545454546,0.3181818181818182,0.875
463,0,CF3,L5,0.7,bilinear,6,2,0.7288126945495605,0,False,0.9545454545454546,0.3181818181818182,0.875
8945,0,CF3,L5,0.7,bilinear,6,3,0.26617059111595154,0,False,0.9545454545454546,0.3181818181818182,0.875
14090,0,CF3,L5,0.7,bilinear,2,2,0.8341955542564392,1,False,0.9545454545454546,0.3181818181818182,0.875
8479,0,CF3,L5,0.7,bilinear,9,2,0.8692812323570251,0,False,0.9545454545454546,0.3181818181818182,0.875
24477,0,CF3,L5,0.7,bilinear,2,2,0.8295055627822876,1,False,0.9545454545454546,0.3181818181818182,0.875
8195,0,CF3,L5,0.7,bilinear,0,3,0.4420938193798065,0,False,0.9545454545454546,0.3181818181818182,0.875
1773,0,CF3,L5,0.7,bilinear,0,2,0.35800302028656006,0,False,0.9545454545454546,0.3181818181818182,0.875
11776,0,CF3,L5,0.7,bilinear,2,9,0.2531341016292572,0,False,0.9545454545454546,0.3181818181818182,0.875
3313,0,CF3,L5,0.7,bilinear,6,2,0.7085575461387634,0,False,0.9545454545454546,0.3181818181818182,0.875
5424,0,CF3,L5,0.7,bilinear,9,2,0.5255951285362244,0,False,0.9545454545454546,0.3181818181818182,0.875
19606,0,CF3,L5,0.7,bilinear,2,2,0.7490844130516052,1,False,0.9545454545454546,0.3181818181818182,0.875
10110,0,CF3,L5,0.7,bilinear,9,2,0.40294507145881653,0,False,0.9545454545454546,0.3181818181818182,0.875
22872,0,CF3,L5,0.7,bilinear,6,2,0.30139195919036865,0,False,0.9545454545454546,0.3181818181818182,0.875
7573,0,CF3,L5,0.7,bilinear,1,4,0.36919230222702026,0,False,0.9545454545454546,0.3181818181818182,0.875
7105,0,CF3,L5,0.7,bilinear,3,2,0.42989957332611084,0,False,0.9545454545454546,0.3181818181818182,0.875
18854,0,CF3,L5,0.7,bilinear,1,9,0.38370031118392944,0,False,0.9545454545454546,0.3181818181818182,0.875
14576,0,CF3,L5,0.7,bilinear,9,5,0.26762855052948,0,False,0.9545454545454546,0.3181818181818182,0.875
9376,0,CF3,L5,0.7,bilinear,0,2,0.2552328109741211,0,False,0.9545454545454546,0.3181818181818182,0.875
20128,0,CF3,L5,0.7,bilinear,8,3,0.3759569227695465,0,False,0.9545454545454546,0.3181818181818182,0.875
24854,0,CF3,L5,0.7,bilinear,9,5,0.33199870586395264,0,False,0.9545454545454546,0.3181818181818182,0.875
4937,0,CF3,L5,0.7,bilinear,2,2,0.4020443558692932,1,False,0.9545454545454546,0.3181818181818182,0.875
338,0,CF3,L5,0.7,bilinear,3,2,0.4011307656764984,0,False,0.9545454545454546,0.3181818181818182,0.875
9981,0,CF3,L5,0.7,bilinear,3,3,0.4032275378704071,1,False,0.9545454545454546,0.3181818181818182,0.875
6665,0,CF3,L5,0.7,bilinear,8,3,0.33360180258750916,0,False,0.9545454545454546,0.3181818181818182,0.875
6704,0,CF3,L5,0.7,bilinear,0,2,0.4533654749393463,0,False,0.9545454545454546,0.3181818181818182,0.875
23255,0,CF3,L5,0.7,bilinear,2,2,0.8668593168258667,1,False,0.9545454545454546,0.3181818181818182,0.875
5355,0,CF3,L5,0.7,bilinear,5,2,0.3953426480293274,0,False,0.9545454545454546,0.3181818181818182,0.875
22422,0,CF3,L5,0.7,bilinear,1,5,0.374759316444397,0,False,0.9545454545454546,0.3181818181818182,0.875
7367,0,CF3,L5,0.7,bilinear,9,2,0.42942675948143005,0,False,0.9545454545454546,0.3181818181818182,0.875
13489,0,CF3,L5,0.7,bilinear,7,2,0.25891366600990295,0,False,0.9545454545454546,0.3181818181818182,0.875
20955,0,CF3,L5,0.7,bilinear,7,2,0.7235167026519775,0,False,0.9545454545454546,0.3181818181818182,0.875
25439,0,CF3,L5,0.7,bilinear,9,3,0.7327213287353516,0,False,0.9545454545454546,0.3181818181818182,0.875
12711,0,CF3,L5,0.7,bilinear,8,2,0.5047696232795715,0,False,0.9545454545454546,0.3181818181818182,0.875
7671,0,CF3,L5,0.7,bilinear,6,2,0.27983489632606506,0,False,0.9545454545454546,0.3181818181818182,0.875
20420,0,CF3,L5,0.7,bilinear,8,2,0.5247595310211182,0,False,0.9545454545454546,0.3181818181818182,0.875
12630,0,CF3,L5,0.7,bilinear,2,4,0.822018563747406,0,False,0.9545454545454546,0.3181818181818182,0.875
21394,0,CF3,L5,0.7,bilinear,1,2,0.5417734384536743,0,False,0.9545454545454546,0.3181818181818182,0.875
7095,0,CF3,L5,0.7,bilinear,1,2,0.6505874395370483,0,False,0.9545454545454546,0.3181818181818182,0.875
11532,0,CF3,L5,0.7,bilinear,9,2,0.7336924076080322,0,False,0.9545454545454546,0.3181818181818182,0.875
2853,0,CF3,L5,0.7,bilinear,3,3,0.5143029093742371,1,False,0.9545454545454546,0.3181818181818182,0.875
13487,0,CF3,L5,0.7,bilinear,0,2,0.37188607454299927,0,False,0.9545454545454546,0.3181818181818182,0.875
9350,0,CF3,L5,0.7,bilinear,9,2,0.5911231637001038,0,False,0.9545454545454546,0.3181818181818182,0.875
24164,0,CF3,L5,0.7,bilinear,4,2,0.8649401068687439,0,False,0.9545454545454546,0.3181818181818182,0.875
23155,0,CF3,L5,0.7,bilinear,7,2,0.495866596698761,0,False,0.9545454545454546,0.3181818181818182,0.875
1588,0,CF3,L5,0.7,bilinear,8,2,0.40860676765441895,0,False,0.9545454545454546,0.3181818181818182,0.875
5400,0,CF3,L5,0.7,bilinear,5,2,0.2455235868692398,0,False,0.9545454545454546,0.3181818181818182,0.875
8913,0,CF3,L5,0.7,bilinear,6,2,0.41077911853790283,0,False,0.9545454545454546,0.3181818181818182,0.875
4990,0,CF3,L5,0.7,bilinear,8,2,0.27523213624954224,0,False,0.9545454545454546,0.3181818181818182,0.875
13364,0,CF3,L5,0.7,bilinear,7,2,0.41762515902519226,0,False,0.9545454545454546,0.3181818181818182,0.875
1157,0,CF3,L5,0.7,bilinear,1,4,0.6873862147331238,0,False,0.9545454545454546,0.3181818181818182,0.875
19432,0,CF3,L5,0.7,bilinear,6,3,0.46770039200782776,0,False,0.9545454545454546,0.3181818181818182,0.875
24861,0,CF3,L5,0.7,bilinear,1,2,0.3786267638206482,0,False,0.9545454545454546,0.3181818181818182,0.875
16303,0,CF3,L5,0.7,bilinear,0,2,0.9785388112068176,0,False,0.9545454545454546,0.3181818181818182,0.875
23675,0,CF3,L5,0.7,bilinear,1,2,0.7321438193321228,0,False,0.9545454545454546,0.3181818181818182,0.875
10816,0,CF3,L5,0.7,bilinear,5,3,0.3229873776435852,0,False,0.9545454545454546,0.3181818181818182,0.875
25683,0,CF3,L5,0.7,bilinear,7,9,0.26532018184661865,0,False,0.9545454545454546,0.3181818181818182,0.875
6680,0,CF3,L5,0.7,bilinear,7,2,0.6095474362373352,0,False,0.9545454545454546,0.3181818181818182,0.875
15541,0,CF3,L5,0.7,bilinear,1,2,0.6795694231987,0,False,0.9545454545454546,0.3181818181818182,0.875
129,0,CF3,L5,0.7,bilinear,9,2,0.7153622508049011,0,False,0.9545454545454546,0.3181818181818182,0.875
10977,0,CF3,L5,0.7,bilinear,5,2,0.3428509533405304,0,False,0.9545454545454546,0.3181818181818182,0.875
7518,0,CF3,L5,0.7,bilinear,5,3,0.25621625781059265,0,False,0.9545454545454546,0.3181818181818182,0.875
15350,0,CF3,L5,0.7,bilinear,0,2,0.769631564617157,0,False,0.9545454545454546,0.3181818181818182,0.875
4712,0,CF3,L5,0.7,bilinear,2,2,0.7559629082679749,1,False,0.9545454545454546,0.3181818181818182,0.875
3234,0,CF3,L5,0.7,bilinear,1,2,0.6866212487220764,0,False,0.9545454545454546,0.3181818181818182,0.875
21292,0,CF3,L5,0.7,bilinear,8,2,0.8772300481796265,0,False,0.9545454545454546,0.3181818181818182,0.875
6439,0,CF3,L5,0.7,bilinear,6,3,0.30722948908805847,0,False,0.9545454545454546,0.3181818181818182,0.875
16930,0,CF3,L5,0.7,bilinear,4,3,0.23710323870182037,0,False,0.9545454545454546,0.3181818181818182,0.875
25255,0,CF3,L5,0.7,bilinear,6,2,0.6305416226387024,0,False,0.9545454545454546,0.3181818181818182,0.875
5562,0,CF3,L5,0.7,bilinear,6,2,0.5796203017234802,0,False,0.9545454545454546,0.3181818181818182,0.875
20888,0,CF3,L5,0.7,bilinear,6,2,0.7033423781394958,0,False,0.9545454545454546,0.3181818181818182,0.875
17907,0,CF3,L5,0.7,bilinear,0,3,0.6748599410057068,0,False,0.9545454545454546,0.3181818181818182,0.875
15282,0,CF3,L5,0.7,bilinear,5,3,0.2174960970878601,0,False,0.9545454545454546,0.3181818181818182,0.875
9564,0,CF3,L5,0.7,bilinear,5,2,0.5271230340003967,0,False,0.9545454545454546,0.3181818181818182,0.875
2105,0,CF3,L5,0.7,bilinear,5,3,0.3680732548236847,0,False,0.9545454545454546,0.3181818181818182,0.875
2188,0,CF3,L5,0.7,bilinear,5,2,0.39059579372406006,0,False,0.9545454545454546,0.3181818181818182,0.875
10587,0,CF3,L5,0.7,bilinear,9,3,0.47337648272514343,0,False,0.9545454545454546,0.3181818181818182,0.875
20421,0,CF3,L5,0.7,bilinear,8,4,0.2583473026752472,0,False,0.9545454545454546,0.3181818181818182,0.875
23070,0,CF3,L5,0.7,bilinear,0,2,0.4740907847881317,0,False,0.9545454545454546,0.3181818181818182,0.875
19127,0,CF3,L5,0.7,bilinear,6,5,0.3898332417011261,0,False,0.9545454545454546,0.3181818181818182,0.875
7302,0,CF3,L5,0.7,bilinear,3,2,0.48666828870773315,0,False,0.9545454545454546,0.3181818181818182,0.875
8409,0,CF3,L5,0.7,bilinear,4,4,0.9808931350708008,1,False,0.9545454545454546,0.3181818181818182,0.875
11086,0,CF3,L5,0.7,bilinear,7,1,0.3608677387237549,0,False,0.9545454545454546,0.3181818181818182,0.875
17122,0,CF3,L5,0.7,bilinear,5,9,0.32246410846710205,0,False,0.9545454545454546,0.3181818181818182,0.875
3555,0,CF3,L5,0.7,bilinear,2,2,0.9726727604866028,1,False,0.9545454545454546,0.3181818181818182,0.875
19437,0,CF3,L5,0.7,bilinear,4,2,0.3020697832107544,0,False,0.9545454545454546,0.3181818181818182,0.875
594,0,CF3,L5,0.7,bilinear,9,2,0.5874529480934143,0,False,0.9545454545454546,0.3181818181818182,0.875
21863,0,CF3,L5,0.7,bilinear,3,2,0.4245425760746002,0,False,0.9545454545454546,0.3181818181818182,0.875
19765,0,CF3,L5,0.7,bilinear,5,3,0.3336350917816162,0,False,0.9545454545454546,0.3181818181818182,0.875
16909,0,CF3,L5,0.7,bilinear,2,2,0.8072748184204102,1,False,0.9545454545454546,0.3181818181818182,0.875
21154,0,CF3,L5,0.7,bilinear,7,2,0.4181763231754303,0,False,0.9545454545454546,0.3181818181818182,0.875
18615,0,CF3,L5,0.7,bilinear,7,2,0.37599462270736694,0,False,0.9545454545454546,0.3181818181818182,0.875
18171,0,CF3,L5,0.7,bilinear,7,9,0.39154303073883057,0,False,0.9545454545454546,0.3181818181818182,0.875
24434,0,CF3,L5,0.7,bilinear,5,2,0.4526694715023041,0,False,0.9545454545454546,0.3181818181818182,0.875
9664,0,CF3,L5,0.7,bilinear,0,2,0.7249373197555542,0,False,0.9545454545454546,0.3181818181818182,0.875
2013,0,CF3,L5,0.7,bilinear,5,2,0.6727551221847534,0,False,0.9545454545454546,0.3181818181818182,0.875
13537,0,CF3,L5,0.7,bilinear,4,2,0.5186272263526917,0,False,0.9545454545454546,0.3181818181818182,0.875
23942,0,CF3,L5,0.7,bilinear,9,2,0.6500037312507629,0,False,0.9545454545454546,0.3181818181818182,0.875
12415,0,CF3,L5,0.7,bilinear,4,1,0.3429332375526428,0,False,0.9545454545454546,0.3181818181818182,0.875
13735,0,CF3,L5,0.7,bilinear,0,3,0.9111397862434387,0,False,0.9545454545454546,0.3181818181818182,0.875
6873,0,CF3,L5,0.7,bilinear,1,4,0.47648441791534424,0,False,0.9545454545454546,0.3181818181818182,0.875
16233,0,CF3,L5,0.7,bilinear,2,2,0.5322006344795227,1,False,0.9545454545454546,0.3181818181818182,0.875
13108,0,CF3,L5,0.7,bilinear,5,2,0.2352016568183899,0,False,0.9545454545454546,0.3181818181818182,0.875
18114,0,CF3,L5,0.7,bilinear,7,2,0.5916916131973267,0,False,0.9545454545454546,0.3181818181818182,0.875
25318,0,CF3,L5,0.7,bilinear,0,2,0.4090111255645752,0,False,0.9545454545454546,0.3181818181818182,0.875
22387,0,CF3,L5,0.7,bilinear,7,9,0.24262292683124542,0,False,0.9545454545454546,0.3181818181818182,0.875
19911,0,CF3,L5,0.7,bilinear,7,2,0.6398492455482483,0,False,0.9545454545454546,0.3181818181818182,0.875
9953,0,CF3,L5,0.7,bilinear,2,2,0.9375289678573608,1,False,0.9545454545454546,0.3181818181818182,0.875
18500,0,CF3,L5,0.7,bilinear,1,2,0.7454724311828613,0,False,0.9545454545454546,0.3181818181818182,0.875
12463,0,CF3,L5,0.7,bilinear,2,2,0.8348273038864136,1,False,0.9545454545454546,0.3181818181818182,0.875
12143,0,CF3,L5,0.7,bilinear,8,3,0.23670367896556854,0,False,0.9545454545454546,0.3181818181818182,0.875
14588,0,CF3,L5,0.7,bilinear,8,1,0.40517887473106384,0,False,0.9545454545454546,0.3181818181818182,0.875
22152,0,CF3,L5,0.7,bilinear,2,2,0.322375625371933,1,False,0.9545454545454546,0.3181818181818182,0.875
16563,0,CF3,L5,0.7,bilinear,4,2,0.7421316504478455,0,False,0.9545454545454546,0.3181818181818182,0.875
25225,0,CF3,L5,0.7,bilinear,9,2,0.8118969202041626,0,False,0.9545454545454546,0.3181818181818182,0.875
1161,0,CF3,L5,0.7,bilinear,2,2,0.6603209972381592,1,False,0.9545454545454546,0.3181818181818182,0.875
9891,0,CF3,L5,0.7,bilinear,5,3,0.3499124348163605,0,False,0.9545454545454546,0.3181818181818182,0.875
18833,0,CF3,L5,0.7,bilinear,2,2,0.9259047508239746,1,False,0.9545454545454546,0.3181818181818182,0.875
6162,0,CF3,L5,0.7,bilinear,2,2,0.9460867643356323,1,False,0.9545454545454546,0.3181818181818182,0.875
22638,0,CF3,L5,0.7,bilinear,0,2,0.7521616220474243,0,False,0.9545454545454546,0.3181818181818182,0.875
6112,0,CF3,L5,0.7,bilinear,6,2,0.7760452032089233,0,False,0.9545454545454546,0.3181818181818182,0.875
24259,0,CF3,L5,0.7,bilinear,9,3,0.3203068673610687,0,False,0.9545454545454546,0.3181818181818182,0.875
18029,0,CF3,L5,0.7,bilinear,2,2,0.4305166006088257,1,False,0.9545454545454546,0.3181818181818182,0.875
13233,0,CF3,L5,0.7,bilinear,0,2,0.41189131140708923,0,False,0.9545454545454546,0.3181818181818182,0.875
22560,0,CF3,L5,0.7,bilinear,3,2,0.6693401336669922,0,False,0.9545454545454546,0.3181818181818182,0.875
17100,0,CF3,L5,0.7,bilinear,7,4,0.5058767199516296,0,False,0.9545454545454546,0.3181818181818182,0.875
13394,0,CF3,L5,0.7,bilinear,7,2,0.7449606657028198,0,False,0.9545454545454546,0.3181818181818182,0.875
25173,0,CF3,L5,0.7,bilinear,3,2,0.4334099590778351,0,False,0.9545454545454546,0.3181818181818182,0.875
17342,0,CF3,L5,0.7,bilinear,4,1,0.27777987718582153,0,False,0.9545454545454546,0.3181818181818182,0.875
5881,0,CF3,L5,0.7,bilinear,1,4,0.5574187636375427,0,False,0.9545454545454546,0.3181818181818182,0.875
16982,0,CF3,L5,0.7,bilinear,3,2,0.9111548066139221,0,False,0.9545454545454546,0.3181818181818182,0.875
12959,0,CF3,L5,0.7,bilinear,2,1,0.18613499402999878,0,False,0.9545454545454546,0.3181818181818182,0.875
3410,0,CF3,L5,0.7,bilinear,2,2,0.6538755893707275,1,False,0.9545454545454546,0.3181818181818182,0.875
1939,0,CF3,L5,0.7,bilinear,2,3,0.23295432329177856,0,False,0.9545454545454546,0.3181818181818182,0.875
13563,0,CF3,L5,0.7,bilinear,4,2,0.9400321245193481,0,False,0.9545454545454546,0.3181818181818182,0.875
9659,0,CF3,L5,0.7,bilinear,4,2,0.25722837448120117,0,False,0.9545454545454546,0.3181818181818182,0.875
23588,0,CF3,L5,0.7,bilinear,9,9,0.3192448616027832,1,False,0.9545454545454546,0.3181818181818182,0.875
12156,0,CF3,L5,0.7,bilinear,9,2,0.38010960817337036,0,False,0.9545454545454546,0.3181818181818182,0.875
24790,0,CF3,L5,0.7,bilinear,4,4,0.3687725365161896,1,False,0.9545454545454546,0.3181818181818182,0.875
894,0,CF3,L5,0.7,bilinear,8,3,0.6478777527809143,0,False,0.9545454545454546,0.3181818181818182,0.875
13738,0,CF3,L5,0.7,bilinear,7,9,0.25305455923080444,0,False,0.9545454545454546,0.3181818181818182,0.875
20555,0,CF3,L5,0.7,bilinear,5,2,0.3712120056152344,0,False,0.9545454545454546,0.3181818181818182,0.875
20457,0,CF3,L5,0.7,bilinear,3,2,0.6201935410499573,0,False,0.9545454545454546,0.3181818181818182,0.875
24842,0,CF3,L5,0.7,bilinear,3,2,0.7956781387329102,0,False,0.9545454545454546,0.3181818181818182,0.875
11390,0,CF3,L5,0.7,bilinear,9,2,0.7676128149032593,0,False,0.9545454545454546,0.3181818181818182,0.875
2665,0,CF3,L5,0.7,bilinear,9,2,0.6070560812950134,0,False,0.9545454545454546,0.3181818181818182,0.875
24741,0,CF3,L5,0.7,bilinear,8,3,0.5534683465957642,0,False,0.9545454545454546,0.3181818181818182,0.875
17634,0,CF3,L5,0.7,bilinear,8,2,0.24520912766456604,0,False,0.9545454545454546,0.3181818181818182,0.875
16599,0,CF3,L5,0.7,bilinear,1,2,0.40637311339378357,0,False,0.9545454545454546,0.3181818181818182,0.875
19330,0,CF3,L5,0.7,bilinear,7,4,0.5251095294952393,0,False,0.9545454545454546,0.3181818181818182,0.875
3257,0,CF3,L5,0.7,bilinear,1,2,0.9375324249267578,0,False,0.9545454545454546,0.3181818181818182,0.875
1114,0,CF3,L5,0.7,bilinear,9,2,0.5194812417030334,0,False,0.9545454545454546,0.3181818181818182,0.875
11738,0,CF3,L5,0.7,bilinear,8,2,0.39276179671287537,0,False,0.9545454545454546,0.3181818181818182,0.875
13077,0,CF3,L5,0.7,bilinear,8,3,0.36413654685020447,0,False,0.9545454545454546,0.3181818181818182,0.875
5168,0,CF3,L5,0.7,bilinear,3,2,0.6056382656097412,0,False,0.9545454545454546,0.3181818181818182,0.875
26013,0,CF3,L5,0.7,bilinear,8,2,0.33149582147598267,0,False,0.9545454545454546,0.3181818181818182,0.875
5611,0,CF3,L5,0.7,bilinear,7,4,0.3796505331993103,0,False,0.9545454545454546,0.3181818181818182,0.875
9389,0,CF3,L5,0.7,bilinear,6,2,0.213581383228302,0,False,0.9545454545454546,0.3181818181818182,0.875
25070,0,CF3,L5,0.7,bilinear,2,2,0.23906031250953674,1,False,0.9545454545454546,0.3181818181818182,0.875
11322,0,CF3,L5,0.7,bilinear,8,2,0.40795353055000305,0,False,0.9545454545454546,0.3181818181818182,0.875
3051,0,CF3,L5,0.7,bilinear,0,2,0.8071219325065613,0,False,0.9545454545454546,0.3181818181818182,0.875
18770,0,CF3,L5,0.7,bilinear,4,2,0.3258882164955139,0,False,0.9545454545454546,0.3181818181818182,0.875
14692,0,CF3,L5,0.7,bilinear,2,2,0.909031093120575,1,False,0.9545454545454546,0.3181818181818182,0.875
4561,0,CF3,L5,0.7,bilinear,5,3,0.3271235227584839,0,False,0.9545454545454546,0.3181818181818182,0.875
16994,0,CF3,L5,0.7,bilinear,0,3,0.41560789942741394,0,False,0.9545454545454546,0.3181818181818182,0.875
4156,0,CF3,L5,0.7,bilinear,5,2,0.4657410979270935,0,False,0.9545454545454546,0.3181818181818182,0.875
5884,0,CF3,L5,0.7,bilinear,1,2,0.27421844005584717,0,False,0.9545454545454546,0.3181818181818182,0.875
18233,0,CF3,L5,0.7,bilinear,0,3,0.29043468832969666,0,False,0.9545454545454546,0.3181818181818182,0.875
17044,0,CF3,L5,0.7,bilinear,6,2,0.4779665172100067,0,False,0.9545454545454546,0.3181818181818182,0.875
18857,0,CF3,L5,0.7,bilinear,6,2,0.8584824204444885,0,False,0.9545454545454546,0.3181818181818182,0.875
21917,0,CF3,L5,0.7,bilinear,9,1,0.33480677008628845,0,False,0.9545454545454546,0.3181818181818182,0.875
5054,0,CF3,L5,0.7,bilinear,3,2,0.6347165703773499,0,False,0.9545454545454546,0.3181818181818182,0.875
7882,0,CF3,L5,0.7,bilinear,4,2,0.658720850944519,0,False,0.9545454545454546,0.3181818181818182,0.875
15688,0,CF3,L5,0.7,bilinear,4,1,0.3525354564189911,0,False,0.9545454545454546,0.3181818181818182,0.875
5612,0,CF3,L5,0.7,bilinear,8,4,0.40271538496017456,0,False,0.9545454545454546,0.3181818181818182,0.875
13934,0,CF3,L5,0.7,bilinear,9,5,0.2244379222393036,0,False,0.9545454545454546,0.3181818181818182,0.875
16689,0,CF3,L5,0.7,bilinear,2,2,0.8461868166923523,1,False,0.9545454545454546,0.3181818181818182,0.875
23844,0,CF3,L5,0.7,bilinear,6,2,0.47693151235580444,0,False,0.9545454545454546,0.3181818181818182,0.875
7944,0,CF3,L5,0.7,bilinear,7,2,0.6413005590438843,0,False,0.9545454545454546,0.3181818181818182,0.875
11370,0,CF3,L5,0.7,bilinear,8,2,0.5407168865203857,0,False,0.9545454545454546,0.3181818181818182,0.875
24569,0,CF3,L5,0.7,bilinear,1,4,0.5021570920944214,0,False,0.9545454545454546,0.3181818181818182,0.875
7529,0,CF3,L5,0.7,bilinear,5,2,0.3831000328063965,0,False,0.9545454545454546,0.3181818181818182,0.875
5092,0,CF3,L5,0.7,bilinear,2,2,0.9592981934547424,1,False,0.9545454545454546,0.3181818181818182,0.875
20673,0,CF3,L5,0.7,bilinear,2,2,0.7654164433479309,1,False,0.9545454545454546,0.3181818181818182,0.875
10096,0,CF3,L5,0.7,bilinear,7,4,0.7303540706634521,0,False,0.9545454545454546,0.3181818181818182,0.875
2059,0,CF3,L5,0.7,bilinear,3,3,0.25321492552757263,1,False,0.9545454545454546,0.3181818181818182,0.875
19318,0,CF3,L5,0.7,bilinear,0,3,0.5503236055374146,0,False,0.9545454545454546,0.3181818181818182,0.875
12977,0,CF3,L5,0.7,bilinear,8,2,0.20859570801258087,0,False,0.9545454545454546,0.3181818181818182,0.875
17673,0,CF3,L5,0.7,bilinear,0,2,0.7345355749130249,0,False,0.9545454545454546,0.3181818181818182,0.875
18750,0,CF3,L5,0.7,bilinear,0,2,0.45253339409828186,0,False,0.9545454545454546,0.3181818181818182,0.875
16728,0,CF3,L5,0.7,bilinear,3,2,0.43653056025505066,0,False,0.9545454545454546,0.3181818181818182,0.875
14776,0,CF3,L5,0.7,bilinear,8,2,0.3595426380634308,0,False,0.9545454545454546,0.3181818181818182,0.875
6941,0,CF3,L5,0.7,bilinear,9,2,0.7170059084892273,0,False,0.9545454545454546,0.3181818181818182,0.875
16787,0,CF3,L5,0.7,bilinear,6,2,0.34329503774642944,0,False,0.9545454545454546,0.3181818181818182,0.875
25932,0,CF3,L5,0.7,bilinear,5,3,0.4888324439525604,0,False,0.9545454545454546,0.3181818181818182,0.875
614,0,CF3,L5,0.7,bilinear,0,2,0.35380885004997253,0,False,0.9545454545454546,0.3181818181818182,0.875
25690,0,CF3,L5,0.7,bilinear,5,3,0.3895910978317261,0,False,0.9545454545454546,0.3181818181818182,0.875
25968,0,CF3,L5,0.7,bilinear,5,2,0.6789807081222534,0,False,0.9545454545454546,0.3181818181818182,0.875
20123,0,CF3,L5,0.7,bilinear,3,3,0.29843419790267944,1,False,0.9545454545454546,0.3181818181818182,0.875
13341,0,CF3,L5,0.7,bilinear,5,2,0.39190882444381714,0,False,0.9545454545454546,0.3181818181818182,0.875
24697,0,CF3,L5,0.7,bilinear,4,1,0.2509998679161072,0,False,0.9545454545454546,0.3181818181818182,0.875
15157,0,CF3,L5,0.7,bilinear,6,2,0.7272788286209106,0,False,0.9545454545454546,0.3181818181818182,0.875
23115,0,CF3,L5,0.7,bilinear,1,2,0.546455442905426,0,False,0.9545454545454546,0.3181818181818182,0.875
6396,0,CF3,L5,0.7,bilinear,0,5,0.3126820921897888,0,False,0.9545454545454546,0.3181818181818182,0.875
19142,0,CF3,L5,0.7,bilinear,4,2,0.5412929654121399,0,False,0.9545454545454546,0.3181818181818182,0.875
13157,0,CF3,L5,0.7,bilinear,3,2,0.6509001851081848,0,False,0.9545454545454546,0.3181818181818182,0.875
19866,0,CF3,L5,0.7,bilinear,1,2,0.9600653052330017,0,False,0.9545454545454546,0.3181818181818182,0.875
25996,0,CF3,L5,0.7,bilinear,8,3,0.347341388463974,0,False,0.9545454545454546,0.3181818181818182,0.875
25515,0,CF3,L5,0.7,bilinear,7,2,0.6981349587440491,0,False,0.9545454545454546,0.3181818181818182,0.875
12876,0,CF3,L5,0.7,bilinear,0,2,0.5269390940666199,0,False,0.9545454545454546,0.3181818181818182,0.875
17565,0,CF3,L5,0.7,bilinear,6,5,0.2133336365222931,0,False,0.9545454545454546,0.3181818181818182,0.875
17511,0,CF3,L5,0.7,bilinear,4,4,0.5461483597755432,1,False,0.9545454545454546,0.3181818181818182,0.875
19996,0,CF3,L5,0.7,bilinear,0,2,0.5234824419021606,0,False,0.9545454545454546,0.3181818181818182,0.875
12807,0,CF3,L5,0.7,bilinear,1,2,0.45995283126831055,0,False,0.9545454545454546,0.3181818181818182,0.875
11001,0,CF3,L5,0.7,bilinear,9,2,0.9296588897705078,0,False,0.9545454545454546,0.3181818181818182,0.875
13107,0,CF3,L5,0.7,bilinear,0,2,0.9522096514701843,0,False,0.9545454545454546,0.3181818181818182,0.875
12641,0,CF3,L5,0.7,bilinear,6,3,0.3225920796394348,0,False,0.9545454545454546,0.3181818181818182,0.875
22667,0,CF3,L5,0.7,bilinear,5,2,0.7157022953033447,0,False,0.9545454545454546,0.3181818181818182,0.875
7310,0,CF3,L5,0.7,bilinear,7,2,0.26777082681655884,0,False,0.9545454545454546,0.3181818181818182,0.875
764,0,CF3,L5,0.7,bilinear,1,2,0.6019080281257629,0,False,0.9545454545454546,0.3181818181818182,0.875
14813,0,CF3,L5,0.7,bilinear,4,9,0.24822796881198883,0,False,0.9545454545454546,0.3181818181818182,0.875
7132,0,CF3,L5,0.7,bilinear,2,2,0.18727882206439972,1,False,0.9545454545454546,0.3181818181818182,0.875
23884,0,CF3,L5,0.7,bilinear,1,2,0.24219033122062683,0,False,0.9545454545454546,0.3181818181818182,0.875
22735,0,CF3,L5,0.7,bilinear,8,2,0.41078317165374756,0,False,0.9545454545454546,0.3181818181818182,0.875
12483,0,CF3,L5,0.7,bilinear,2,2,0.8004066348075867,1,False,0.9545454545454546,0.3181818181818182,0.875
10442,0,CF3,L5,0.7,bilinear,6,3,0.25015848875045776,0,False,0.9545454545454546,0.3181818181818182,0.875
3733,0,CF3,L5,0.7,bilinear,8,3,0.6288550496101379,0,False,0.9545454545454546,0.3181818181818182,0.875
20089,0,CF3,L5,0.7,bilinear,4,1,0.28986209630966187,0,False,0.9545454545454546,0.3181818181818182,0.875
20411,0,CF3,L5,0.7,bilinear,4,1,0.24649254977703094,0,False,0.9545454545454546,0.3181818181818182,0.875
10695,0,CF3,L5,0.7,bilinear,4,2,0.5938438177108765,0,False,0.9545454545454546,0.3181818181818182,0.875
11992,0,CF3,L5,0.7,bilinear,2,2,0.7690128087997437,1,False,0.9545454545454546,0.3181818181818182,0.875
20712,0,CF3,L5,0.7,bilinear,7,2,0.6328203082084656,0,False,0.9545454545454546,0.3181818181818182,0.875
6518,0,CF3,L5,0.7,bilinear,8,2,0.7450740337371826,0,False,0.9545454545454546,0.3181818181818182,0.875
6015,0,CF3,L5,0.7,bilinear,9,3,0.2658679485321045,0,False,0.9545454545454546,0.3181818181818182,0.875
8396,0,CF3,L5,0.7,bilinear,5,2,0.8802417516708374,0,False,0.9545454545454546,0.3181818181818182,0.875
12097,0,CF3,L5,0.7,bilinear,9,2,0.3209681510925293,0,False,0.9545454545454546,0.3181818181818182,0.875
12565,0,CF3,L5,0.7,bilinear,2,2,0.43523526191711426,1,False,0.9545454545454546,0.3181818181818182,0.875
22474,0,CF3,L5,0.7,bilinear,4,2,0.7688746452331543,0,False,0.9545454545454546,0.3181818181818182,0.875
25110,0,CF3,L5,0.7,bilinear,9,2,0.7917489409446716,0,False,0.9545454545454546,0.3181818181818182,0.875
8275,0,CF3,L5,0.7,bilinear,8,3,0.41085100173950195,0,False,0.9545454545454546,0.3181818181818182,0.875
3871,0,CF3,L5,0.7,bilinear,1,2,0.6937054991722107,0,False,0.9545454545454546,0.3181818181818182,0.875
24639,0,CF3,L5,0.7,bilinear,2,2,0.4978908896446228,1,False,0.9545454545454546,0.3181818181818182,0.875
15979,0,CF3,L5,0.7,bilinear,3,2,0.6026630997657776,0,False,0.9545454545454546,0.3181818181818182,0.875
24513,0,CF3,L5,0.7,bilinear,6,3,0.46808862686157227,0,False,0.9545454545454546,0.3181818181818182,0.875
10926,0,CF3,L5,0.7,bilinear,7,2,0.5565611124038696,0,False,0.9545454545454546,0.3181818181818182,0.875
25564,0,CF3,L5,0.7,bilinear,0,3,0.2647489905357361,0,False,0.9545454545454546,0.3181818181818182,0.875
2118,0,CF3,L5,0.7,bilinear,0,2,0.32931751012802124,0,False,0.9545454545454546,0.3181818181818182,0.875
4358,0,CF3,L5,0.7,bilinear,9,2,0.5011927485466003,0,False,0.9545454545454546,0.3181818181818182,0.875
5674,0,CF3,L5,0.7,bilinear,8,3,0.4150151014328003,0,False,0.9545454545454546,0.3181818181818182,0.875
3397,0,CF3,L5,0.7,bilinear,7,1,0.23549216985702515,0,False,0.9545454545454546,0.3181818181818182,0.875
5183,0,CF3,L5,0.7,bilinear,7,3,0.26939496397972107,0,False,0.9545454545454546,0.3181818181818182,0.875
7505,0,CF3,L5,0.7,bilinear,9,2,0.7708867192268372,0,False,0.9545454545454546,0.3181818181818182,0.875
17539,0,CF3,L5,0.7,bilinear,0,2,0.7830985188484192,0,False,0.9545454545454546,0.3181818181818182,0.875
23918,0,CF3,L5,0.7,bilinear,6,2,0.3895632028579712,0,False,0.9545454545454546,0.3181818181818182,0.875
19449,0,CF3,L5,0.7,bilinear,2,2,0.9111974835395813,1,False,0.9545454545454546,0.3181818181818182,0.875
18599,0,CF3,L5,0.7,bilinear,3,2,0.41567015647888184,0,False,0.9545454545454546,0.3181818181818182,0.875
8175,0,CF3,L5,0.7,bilinear,8,2,0.2310633510351181,0,False,0.9545454545454546,0.3181818181818182,0.875
18412,0,CF3,L5,0.7,bilinear,7,2,0.4813649356365204,0,False,0.9545454545454546,0.3181818181818182,0.875
20667,0,CF3,L5,0.7,bilinear,1,2,0.42558327317237854,0,False,0.9545454545454546,0.3181818181818182,0.875
8672,0,CF3,L5,0.7,bilinear,9,3,0.22272193431854248,0,False,0.9545454545454546,0.3181818181818182,0.875
22087,0,CF3,L5,0.7,bilinear,1,1,0.38027989864349365,1,False,0.9545454545454546,0.3181818181818182,0.875
6910,0,CF3,L5,0.7,bilinear,2,2,0.9548197388648987,1,False,0.9545454545454546,0.3181818181818182,0.875
19205,0,CF3,L5,0.7,bilinear,3,3,0.35465142130851746,1,False,0.9545454545454546,0.3181818181818182,0.875
10581,0,CF3,L5,0.7,bilinear,3,2,0.7975857853889465,0,False,0.9545454545454546,0.3181818181818182,0.875
14516,0,CF3,L5,0.7,bilinear,4,4,0.3269209861755371,1,False,0.9545454545454546,0.3181818181818182,0.875
22602,0,CF3,L5,0.7,bilinear,4,2,0.2917962968349457,0,False,0.9545454545454546,0.3181818181818182,0.875
1944,0,CF3,L5,0.7,bilinear,0,2,0.41789451241493225,0,False,0.9545454545454546,0.3181818181818182,0.875
19718,0,CF3,L5,0.7,bilinear,0,2,0.38360586762428284,0,False,0.9545454545454546,0.3181818181818182,0.875
15599,0,CF3,L5,0.7,bilinear,7,2,0.6711386442184448,0,False,0.9545454545454546,0.3181818181818182,0.875
16766,0,CF3,L5,0.7,bilinear,9,2,0.4958849549293518,0,False,0.9545454545454546,0.3181818181818182,0.875
12317,0,CF3,L5,0.7,bilinear,5,3,0.39294400811195374,0,False,0.9545454545454546,0.3181818181818182,0.875
6275,0,CF3,L5,0.7,bilinear,6,2,0.9145399928092957,0,False,0.9545454545454546,0.3181818181818182,0.875
14332,0,CF3,L5,0.7,bilinear,3,3,0.39187172055244446,1,False,0.9545454545454546,0.3181818181818182,0.875
25615,0,CF3,L5,0.7,bilinear,8,2,0.7355820536613464,0,False,0.9545454545454546,0.3181818181818182,0.875
7680,0,CF3,L5,0.7,bilinear,7,4,0.33217597007751465,0,False,0.9545454545454546,0.3181818181818182,0.875
22105,0,CF3,L5,0.7,bilinear,7,2,0.4896162450313568,0,False,0.9545454545454546,0.3181818181818182,0.875
19179,0,CF3,L5,0.7,bilinear,5,3,0.290240079164505,0,False,0.9545454545454546,0.3181818181818182,0.875
22379,0,CF3,L5,0.7,bilinear,5,3,0.24290354549884796,0,False,0.9545454545454546,0.3181818181818182,0.875
11796,0,CF3,L5,0.7,bilinear,0,2,0.32454928755760193,0,False,0.9545454545454546,0.3181818181818182,0.875
16929,0,CF3,L5,0.7,bilinear,0,3,0.3635350167751312,0,False,0.9545454545454546,0.3181818181818182,0.875
20580,0,CF3,L5,0.7,bilinear,2,2,0.8675240278244019,1,False,0.9545454545454546,0.3181818181818182,0.875
21272,0,CF3,L5,0.7,bilinear,7,4,0.3488200604915619,0,False,0.9545454545454546,0.3181818181818182,0.875
12963,0,CF3,L5,0.7,bilinear,4,2,0.8015534281730652,0,False,0.9545454545454546,0.3181818181818182,0.875
15648,0,CF3,L5,0.7,bilinear,9,2,0.21877038478851318,0,False,0.9545454545454546,0.3181818181818182,0.875
10831,0,CF3,L5,0.7,bilinear,6,3,0.30187317728996277,0,False,0.9545454545454546,0.3181818181818182,0.875
12228,0,CF3,L5,0.7,bilinear,3,2,0.9180066585540771,0,False,0.9545454545454546,0.3181818181818182,0.875
2242,0,CF3,L5,0.7,bilinear,7,2,0.9037761688232422,0,False,0.9545454545454546,0.3181818181818182,0.875
25443,0,CF3,L5,0.7,bilinear,3,3,0.5325810313224792,1,False,0.9545454545454546,0.3181818181818182,0.875
23913,0,CF3,L5,0.7,bilinear,1,4,0.4714183211326599,0,False,0.9545454545454546,0.3181818181818182,0.875
18452,0,CF3,L5,0.7,bilinear,1,2,0.8172903656959534,0,False,0.9545454545454546,0.3181818181818182,0.875
12210,0,CF3,L5,0.7,bilinear,0,2,0.7332985401153564,0,False,0.9545454545454546,0.3181818181818182,0.875
3532,0,CF3,L5,0.7,bilinear,6,2,0.3266479969024658,0,False,0.9545454545454546,0.3181818181818182,0.875
13678,0,CF3,L5,0.7,bilinear,9,2,0.43618836998939514,0,False,0.9545454545454546,0.3181818181818182,0.875
21370,0,CF3,L5,0.7,bilinear,5,2,0.5085451602935791,0,False,0.9545454545454546,0.3181818181818182,0.875
23728,0,CF3,L5,0.7,bilinear,9,3,0.4935385286808014,0,False,0.9545454545454546,0.3181818181818182,0.875
7460,0,CF3,L5,0.7,bilinear,0,3,0.41274911165237427,0,False,0.9545454545454546,0.3181818181818182,0.875
25354,0,CF3,L5,0.7,bilinear,2,2,0.9416621327400208,1,False,0.9545454545454546,0.3181818181818182,0.875
18984,0,CF3,L5,0.7,bilinear,8,2,0.5121408700942993,0,False,0.9545454545454546,0.3181818181818182,0.875
12422,0,CF3,L5,0.7,bilinear,6,8,0.4175907373428345,0,False,0.9545454545454546,0.3181818181818182,0.875
7413,0,CF3,L5,0.7,bilinear,4,2,0.6200586557388306,0,False,0.9545454545454546,0.3181818181818182,0.875
