patch_id,seed,family,level,frac,method,true_label,prediction,confidence,correct,bounded_unknown,isolated_missing_frac,mask_overlap_centre,centre_erased_frac
17222,0,CF3,L5,0.7,dictlearn,8,8,0.26833081245422363,1,False,0.9545454545454546,0.3181818181818182,0.875
7987,0,CF3,L5,0.7,dictlearn,4,4,0.7556407451629639,1,False,0.9545454545454546,0.3181818181818182,0.875
14403,0,CF3,L5,0.7,dictlearn,1,4,0.684333086013794,0,False,0.9545454545454546,0.3181818181818182,0.875
12904,0,CF3,L5,0.7,dictlearn,1,2,0.37254804372787476,0,False,0.9545454545454546,0.3181818181818182,0.875
1024,0,CF3,L5,0.7,dictlearn,2,2,0.43075770139694214,1,False,0.9545454545454546,0.3181818181818182,0.875
15700,0,CF3,L5,0.7,dictlearn,3,8,0.5611568689346313,0,False,0.9545454545454546,0.3181818181818182,0.875
12639,0,CF3,L5,0.7,dictlearn,7,5,0.19039440155029297,0,False,0.9545454545454546,0.3181818181818182,0.875
20658,0,CF3,L5,0.7,dictlearn,4,1,0.3111724257469177,0,False,0.9545454545454546,0.3181818181818182,0.875
2642,0,CF3,L5,0.7,dictlearn,7,2,0.6806576251983643,0,False,0.9545454545454546,0.3181818181818182,0.875
9392,0,CF3,L5,0.7,dictlearn,9,2,0.9083650708198547,0,False,0.9545454545454546,0.3181818181818182,0.875
23357,0,CF3,L5,0.7,dictlearn,5,3,0.30874159932136536,0,False,0.9545454545454546,0.3181818181818182,0.875
15977,0,CF3,L5,0.7,dictlearn,0,4,0.2426862120628357,0,False,0.9545454545454546,0.3181818181818182,0.875
10440,0,CF3,L5,0.7,dictlearn,0,2,0.5162843465805054,0,False,0.9545454545454546,0.3181818181818182,0.875
14216,0,CF3,L5,0.7,dictlearn,3,2,0.2120809704065323,0,False,0.9545454545454546,0.3181818181818182,0.875
18353,0,CF3,L5,0.7,dictlearn,7,2,0.7306939363479614,0,False,0.9545454545454546,0.3181818181818182,0.875
17404,0,CF3,L5,0.7,dictlearn,3,4,0.45242249965667725,0,False,0.9545454545454546,0.3181818181818182,0.875
8424,0,CF3,L5,0.7,dictlearn,8,2,0.8039126992225647,0,False,0.9545454545454546,0.3181818181818182,0.875
4744,0,CF3,L5,0.7,dictlearn,8,0,0.4660748839378357,0,False,0.9545454545454546,0.3181818181818182,0.875
18797,0,CF3,L5,0.7,dictlearn,7,2,0.8143587112426758,0,False,0.9545454545454546,0.3181818181818182,0.875
3156,0,CF3,L5,0.7,dictlearn,7,2,0.9113691449165344,0,False,0.9545454545454546,0.3181818181818182,0.875
17024,0,CF3,L5,0.7,dictlearn,2,2,0.3640701174736023,1,False,0.9545454545454546,0.3181818181818182,0.875
7807,0,CF3,L5,0.7,dictlearn,8,8,0.4138319492340088,1,False,0.9545454545454546,0.3181818181818182,0.875
138,0,CF3,L5,0.7,dictlearn,0,5,0.15607139468193054,0,False,0.9545454545454546,0.3181818181818182,0.875
20222,0,CF3,L5,0.7,dictlearn,2,2,0.8892929553985596,1,False,0.9545454545454546,0.3181818181818182,0.875
24734,0,CF3,L5,0.7,dictlearn,9,2,0.9522413015365601,0,False,0.9545454545454546,0.3181818181818182,0.875
8909,0,CF3,L5,0.7,dictlearn,0,2,0.5515968203544617,0,False,0.9545454545454546,0.3181818181818182,0.875
4684,0,CF3,L5,0.7,dictlearn,1,4,0.5298705697059631,0,False,0.9545454545454546,0.3181818181818182,0.875
15978,0,CF3,L5,0.7,dictlearn,6,4,0.35856878757476807,0,False,0.9545454545454546,0.3181818181818182,0.875
21495,0,CF3,L5,0.7,dictlearn,7,2,0.8720259666442871,0,False,0.9545454545454546,0.3181818181818182,0.875
5107,0,CF3,L5,0.7,dictlearn,6,4,0.8222867250442505,0,False,0.9545454545454546,0.3181818181818182,0.875
1914,0,CF3,L5,0.7,dictlearn,2,2,0.753943681716919,1,False,0.9545454545454546,0.3181818181818182,0.875
21307,0,CF3,L5,0.7,dictlearn,1,4,0.5915499925613403,0,False,0.9545454545454546,0.3181818181818182,0.875
7178,0,CF3,L5,0.7,dictlearn,4,4,0.3770299553871155,1,False,0.9545454545454546,0.3181818181818182,0.875
13264,0,CF3,L5,0.7,dictlearn,4,4,0.5542198419570923,1,False,0.9545454545454546,0.3181818181818182,0.875
21507,0,CF3,L5,0.7,dictlearn,1,2,0.4257308840751648,0,False,0.9545454545454546,0.3181818181818182,0.875
8399,0,CF3,L5,0.7,dictlearn,9,2,0.4162081182003021,0,False,0.9545454545454546,0.3181818181818182,0.875
4384,0,CF3,L5,0.7,dictlearn,0,2,0.37848424911499023,0,False,0.9545454545454546,0.3181818181818182,0.875
5820,0,CF3,L5,0.7,dictlearn,0,4,0.20854628086090088,0,False,0.9545454545454546,0.3181818181818182,0.875
22865,0,CF3,L5,0.7,dictlearn,0,0,0.29833918809890747,1,False,0.9545454545454546,0.3181818181818182,0.875
65,0,CF3,L5,0.7,dictlearn,0,0,0.21620896458625793,1,False,0.9545454545454546,0.3181818181818182,0.875
15494,0,CF3,L5,0.7,dictlearn,6,4,0.18380914628505707,0,False,0.9545454545454546,0.3181818181818182,0.875
2327,0,CF3,L5,0.7,dictlearn,5,2,0.37417134642601013,0,False,0.9545454545454546,0.3181818181818182,0.875
24596,0,CF3,L5,0.7,dictlearn,7,9,0.491021990776062,0,False,0.9545454545454546,0.3181818181818182,0.875
3825,0,CF3,L5,0.7,dictlearn,5,2,0.6190008521080017,0,False,0.9545454545454546,0.3181818181818182,0.875
17168,0,CF3,L5,0.7,dictlearn,7,2,0.9001351594924927,0,False,0.9545454545454546,0.3181818181818182,0.875
4357,0,CF3,L5,0.7,dictlearn,3,2,0.6022212505340576,0,False,0.9545454545454546,0.3181818181818182,0.875
2364,0,CF3,L5,0.7,dictlearn,9,2,0.20032437145709991,0,False,0.9545454545454546,0.3181818181818182,0.875
8703,0,CF3,L5,0.7,dictlearn,9,2,0.6911234855651855,0,False,0.9545454545454546,0.3181818181818182,0.875
19390,0,CF3,L5,0.7,dictlearn,9,2,0.36832115054130554,0,False,0.9545454545454546,0.3181818181818182,0.875
17853,0,CF3,L5,0.7,dictlearn,6,1,0.4183187484741211,0,False,0.9545454545454546,0.3181818181818182,0.875
4930,0,CF3,L5,0.7,dictlearn,4,4,0.34158629179000854,1,False,0.9545454545454546,0.3181818181818182,0.875
5314,0,CF3,L5,0.7,dictlearn,8,0,0.3343307673931122,0,False,0.9545454545454546,0.3181818181818182,0.875
4478,0,CF3,L5,0.7,dictlearn,8,2,0.4722013473510742,0,False,0.9545454545454546,0.3181818181818182,0.875
23679,0,CF3,L5,0.7,dictlearn,4,4,0.4776327311992645,1,False,0.9545454545454546,0.3181818181818182,0.875
5449,0,CF3,L5,0.7,dictlearn,1,2,0.8419014811515808,0,False,0.9545454545454546,0.3181818181818182,0.875
24183,0,CF3,L5,0.7,dictlearn,0,0,0.6757903099060059,1,False,0.9545454545454546,0.3181818181818182,0.875
20842,0,CF3,L5,0.7,dictlearn,3,4,0.47704678773880005,0,False,0.9545454545454546,0.3181818181818182,0.875
18825,0,CF3,L5,0.7,dictlearn,9,0,0.4048672914505005,0,False,0.9545454545454546,0.3181818181818182,0.875
6265,0,CF3,L5,0.7,dictlearn,1,2,0.3247140347957611,0,False,0.9545454545454546,0.3181818181818182,0.875
24932,0,CF3,L5,0.7,dictlearn,4,2,0.42846572399139404,0,False,0.9545454545454546,0.3181818181818182,0.875
14427,0,CF3,L5,0.7,dictlearn,8,0,0.33778536319732666,0,False,0.9545454545454546,0.3181818181818182,0.875
3740,0,CF3,L5,0.7,dictlearn,7,4,0.4742748737335205,0,False,0.9545454545454546,0.3181818181818182,0.875
16809,0,CF3,L5,0.7,dictlearn,9,2,0.22789157927036285,0,False,0.9545454545454546,0.3181818181818182,0.875
1136,0,CF3,L5,0.7,dictlearn,1,3,0.29890576004981995,0,False,0.9545454545454546,0.3181818181818182,0.875
25757,0,CF3,L5,0.7,dictlearn,5,5,0.23508867621421814,1,False,0.9545454545454546,0.3181818181818182,0.875
7356,0,CF3,L5,0.7,dictlearn,4,4,0.5609932541847229,1,False,0.9545454545454546,0.3181818181818182,0.875
12298,0,CF3,L5,0.7,dictlearn,0,0,0.4423428773880005,1,False,0.9545454545454546,0.3181818181818182,0.875
5700,0,CF3,L5,0.7,dictlearn,3,2,0.8505644202232361,0,False,0.9545454545454546,0.3181818181818182,0.875
22753,0,CF3,L5,0.7,dictlearn,6,2,0.3947715163230896,0,False,0.9545454545454546,0.3181818181818182,0.875
16813,0,CF3,L5,0.7,dictlearn,6,2,0.6928561925888062,0,False,0.9545454545454546,0.3181818181818182,0.875
7373,0,CF3,L5,0.7,dictlearn,8,8,0.17999818921089172,1,False,0.9545454545454546,0.3181818181818182,0.875
20149,0,CF3,L5,0.7,dictlearn,2,2,0.9241928458213806,1,False,0.9545454545454546,0.3181818181818182,0.875
15874,0,CF3,L5,0.7,dictlearn,9,2,0.5380567312240601,0,False,0.9545454545454546,0.3181818181818182,0.875
26011,0,CF3,L5,0.7,dictlearn,0,0,0.29509517550468445,1,False,0.9545454545454546,0.3181818181818182,0.875
4196,0,CF3,L5,0.7,dictlearn,9,2,0.39222386479377747,0,False,0.9545454545454546,0.3181818181818182,0.875
11227,0,CF3,L5,0.7,dictlearn,3,2,0.5309921503067017,0,False,0.9545454545454546,0.3181818181818182,0.875
15736,0,CF3,L5,0.7,dictlearn,3,2,0.24301926791667938,0,False,0.9545454545454546,0.3181818181818182,0.875
6339,0,CF3,L5,0.7,dictlearn,6,8,0.3293423354625702,0,False,0.9545454545454546,0.3181818181818182,0.875
25704,0,CF3,L5,0.7,dictlearn,2,2,0.9514191150665283,1,False,0.9545454545454546,0.3181818181818182,0.875
3190,0,CF3,L5,0.7,dictlearn,7,4,0.4630221724510193,0,False,0.9545454545454546,0.3181818181818182,0.875
737,0,CF3,L5,0.7,dictlearn,4,2,0.2808256149291992,0,False,0.9545454545454546,0.3181818181818182,0.875
22875,0,CF3,L5,0.7,dictlearn,9,0,0.41918882727622986,0,False,0.9545454545454546,0.3181818181818182,0.875
22749,0,CF3,L5,0.7,dictlearn,3,2,0.2162409871816635,0,False,0.9545454545454546,0.3181818181818182,0.875
22998,0,CF3,L5,0.7,dictlearn,3,6,0.44277557730674744,0,False,0.9545454545454546,0.3181818181818182,0.875
24210,0,CF3,L5,0.7,dictlearn,5,0,0.5124719738960266,0,False,0.9545454545454546,0.3181818181818182,0.875
6800,0,CF3,L5,0.7,dictlearn,4,4,0.5457439422607422,1,False,0.9545454545454546,0.3181818181818182,0.875
16602,0,CF3,L5,0.7,dictlearn,9,8,0.157923623919487,0,False,0.9545454545454546,0.3181818181818182,0.875
10822,0,CF3,L5,0.7,dictlearn,6,2,0.6808198094367981,0,False,0.9545454545454546,0.3181818181818182,0.875
12822,0,CF3,L5,0.7,dictlearn,1,5,0.30266594886779785,0,False,0.9545454545454546,0.3181818181818182,0.875
12758,0,CF3,L5,0.7,dictlearn,5,0,0.24333572387695312,0,False,0.9545454545454546,0.3181818181818182,0.875
21144,0,CF3,L5,0.7,dictlearn,4,2,0.6384053230285645,0,False,0.9545454545454546,0.3181818181818182,0.875
4900,0,CF3,L5,0.7,dictlearn,6,0,0.30166542530059814,0,False,0.9545454545454546,0.3181818181818182,0.875
22888,0,CF3,L5,0.7,dictlearn,9,2,0.75593501329422,0,False,0.9545454545454546,0.3181818181818182,0.875
19935,0,CF3,L5,0.7,dictlearn,9,3,0.25944241881370544,0,False,0.9545454545454546,0.3181818181818182,0.875
21896,0,CF3,L5,0.7,dictlearn,7,2,0.46251380443573,0,False,0.9545454545454546,0.3181818181818182,0.875
3475,0,CF3,L5,0.7,dictlearn,3,2,0.837746262550354,0,False,0.9545454545454546,0.3181818181818182,0.875
16171,0,CF3,L5,0.7,dictlearn,0,0,0.6019642353057861,1,False,0.9545454545454546,0.3181818181818182,0.875
4672,0,CF3,L5,0.7,dictlearn,4,2,0.700911819934845,0,False,0.9545454545454546,0.3181818181818182,0.875
10146,0,CF3,L5,0.7,dictlearn,2,2,0.4397650957107544,1,False,0.9545454545454546,0.3181818181818182,0.875
9207,0,CF3,L5,0.7,dictlearn,7,9,0.284790575504303,0,False,0.9545454545454546,0.3181818181818182,0.875
17745,0,CF3,L5,0.7,dictlearn,9,2,0.48992177844047546,0,False,0.9545454545454546,0.3181818181818182,0.875
432,0,CF3,L5,0.7,dictlearn,7,2,0.46395865082740784,0,False,0.9545454545454546,0.3181818181818182,0.875
6608,0,CF3,L5,0.7,dictlearn,4,2,0.7966651916503906,0,False,0.9545454545454546,0.3181818181818182,0.875
25769,0,CF3,L5,0.7,dictlearn,9,2,0.18300414085388184,0,False,0.9545454545454546,0.3181818181818182,0.875
14774,0,CF3,L5,0.7,dictlearn,3,2,0.5416796207427979,0,False,0.9545454545454546,0.3181818181818182,0.875
21627,0,CF3,L5,0.7,dictlearn,4,2,0.257034033536911,0,False,0.9545454545454546,0.3181818181818182,0.875
8133,0,CF3,L5,0.7,dictlearn,2,2,0.9572377800941467,1,False,0.9545454545454546,0.3181818181818182,0.875
12554,0,CF3,L5,0.7,dictlearn,4,2,0.5135087370872498,0,False,0.9545454545454546,0.3181818181818182,0.875
10856,0,CF3,L5,0.7,dictlearn,1,2,0.5522903203964233,0,False,0.9545454545454546,0.3181818181818182,0.875
15931,0,CF3,L5,0.7,dictlearn,3,2,0.47078096866607666,0,False,0.9545454545454546,0.3181818181818182,0.875
2367,0,CF3,L5,0.7,dictlearn,2,4,0.4037077724933624,0,False,0.9545454545454546,0.3181818181818182,0.875
25563,0,CF3,L5,0.7,dictlearn,7,2,0.6816872358322144,0,False,0.9545454545454546,0.3181818181818182,0.875
6748,0,CF3,L5,0.7,dictlearn,2,2,0.9213088154792786,1,False,0.9545454545454546,0.3181818181818182,0.875
5368,0,CF3,L5,0.7,dictlearn,8,3,0.268282413482666,0,False,0.9545454545454546,0.3181818181818182,0.875
25951,0,CF3,L5,0.7,dictlearn,6,4,0.4822295606136322,0,False,0.9545454545454546,0.3181818181818182,0.875
22082,0,CF3,L5,0.7,dictlearn,7,5,0.30628761649131775,0,False,0.9545454545454546,0.3181818181818182,0.875
19301,0,CF3,L5,0.7,dictlearn,4,4,0.7647051215171814,1,False,0.9545454545454546,0.3181818181818182,0.875
13302,0,CF3,L5,0.7,dictlearn,4,4,0.7853333950042725,1,False,0.9545454545454546,0.3181818181818182,0.875
15358,0,CF3,L5,0.7,dictlearn,0,2,0.5742155909538269,0,False,0.9545454545454546,0.3181818181818182,0.875
23572,0,CF3,L5,0.7,dictlearn,2,4,0.5265988111495972,0,False,0.9545454545454546,0.3181818181818182,0.875
14736,0,CF3,L5,0.7,dictlearn,4,4,0.906545877456665,1,False,0.9545454545454546,0.3181818181818182,0.875
16685,0,CF3,L5,0.7,dictlearn,2,5,0.2935151755809784,0,False,0.9545454545454546,0.3181818181818182,0.875
21902,0,CF3,L5,0.7,dictlearn,7,1,0.3523540198802948,0,False,0.9545454545454546,0.3181818181818182,0.875
6713,0,CF3,L5,0.7,dictlearn,5,2,0.27804285287857056,0,False,0.9545454545454546,0.3181818181818182,0.875
8771,0,CF3,L5,0.7,dictlearn,4,2,0.6894749999046326,0,False,0.9545454545454546,0.3181818181818182,0.875
20264,0,CF3,L5,0.7,dictlearn,3,1,0.34437885880470276,0,False,0.9545454545454546,0.3181818181818182,0.875
24489,0,CF3,L5,0.7,dictlearn,1,2,0.7294268012046814,0,False,0.9545454545454546,0.3181818181818182,0.875
24852,0,CF3,L5,0.7,dictlearn,1,4,0.42639029026031494,0,False,0.9545454545454546,0.3181818181818182,0.875
6746,0,CF3,L5,0.7,dictlearn,1,2,0.8282641768455505,0,False,0.9545454545454546,0.3181818181818182,0.875
5951,0,CF3,L5,0.7,dictlearn,5,9,0.23578640818595886,0,False,0.9545454545454546,0.3181818181818182,0.875
6438,0,CF3,L5,0.7,dictlearn,4,4,0.9326152205467224,1,False,0.9545454545454546,0.3181818181818182,0.875
11126,0,CF3,L5,0.7,dictlearn,9,2,0.31266695261001587,0,False,0.9545454545454546,0.3181818181818182,0.875
24241,0,CF3,L5,0.7,dictlearn,3,5,0.2931519150733948,0,False,0.9545454545454546,0.3181818181818182,0.875
23621,0,CF3,L5,0.7,dictlearn,6,8,0.3522626757621765,0,False,0.9545454545454546,0.3181818181818182,0.875
14358,0,CF3,L5,0.7,dictlearn,6,0,0.7332497239112854,0,False,0.9545454545454546,0.3181818181818182,0.875
19003,0,CF3,L5,0.7,dictlearn,6,3,0.4218437373638153,0,False,0.9545454545454546,0.3181818181818182,0.875
3760,0,CF3,L5,0.7,dictlearn,9,4,0.25297942757606506,0,False,0.9545454545454546,0.3181818181818182,0.875
1155,0,CF3,L5,0.7,dictlearn,5,8,0.3949900269508362,0,False,0.9545454545454546,0.3181818181818182,0.875
22044,0,CF3,L5,0.7,dictlearn,8,2,0.2340775728225708,0,False,0.9545454545454546,0.3181818181818182,0.875
17521,0,CF3,L5,0.7,dictlearn,4,4,0.542591392993927,1,False,0.9545454545454546,0.3181818181818182,0.875
15177,0,CF3,L5,0.7,dictlearn,9,2,0.6835728883743286,0,False,0.9545454545454546,0.3181818181818182,0.875
21080,0,CF3,L5,0.7,dictlearn,0,2,0.5886938571929932,0,False,0.9545454545454546,0.3181818181818182,0.875
4507,0,CF3,L5,0.7,dictlearn,5,4,0.21624615788459778,0,False,0.9545454545454546,0.3181818181818182,0.875
10600,0,CF3,L5,0.7,dictlearn,7,4,0.2500011622905731,0,False,0.9545454545454546,0.3181818181818182,0.875
11754,0,CF3,L5,0.7,dictlearn,1,2,0.629845142364502,0,False,0.9545454545454546,0.3181818181818182,0.875
22934,0,CF3,L5,0.7,dictlearn,4,4,0.44865867495536804,1,False,0.9545454545454546,0.3181818181818182,0.875
19094,0,CF3,L5,0.7,dictlearn,3,8,0.6452997326850891,0,False,0.9545454545454546,0.3181818181818182,0.875
25246,0,CF3,L5,0.7,dictlearn,7,4,0.24371285736560822,0,False,0.9545454545454546,0.3181818181818182,0.875
14745,0,CF3,L5,0.7,dictlearn,2,2,0.9683210849761963,1,False,0.9545454545454546,0.3181818181818182,0.875
3177,0,CF3,L5,0.7,dictlearn,8,4,0.43357810378074646,0,False,0.9545454545454546,0.3181818181818182,0.875
13870,0,CF3,L5,0.7,dictlearn,5,2,0.9081507921218872,0,False,0.9545454545454546,0.3181818181818182,0.875
5605,0,CF3,L5,0.7,dictlearn,6,2,0.48631078004837036,0,False,0.9545454545454546,0.3181818181818182,0.875
5202,0,CF3,L5,0.7,dictlearn,8,2,0.7545652985572815,0,False,0.9545454545454546,0.3181818181818182,0.875
8800,0,CF3,L5,0.7,dictlearn,5,2,0.4495082497596741,0,False,0.9545454545454546,0.3181818181818182,0.875
645,0,CF3,L5,0.7,dictlearn,3,6,0.266635924577713,0,False,0.9545454545454546,0.3181818181818182,0.875
16077,0,CF3,L5,0.7,dictlearn,5,8,0.4423971474170685,0,False,0.9545454545454546,0.3181818181818182,0.875
15336,0,CF3,L5,0.7,dictlearn,5,2,0.9237394332885742,0,False,0.9545454545454546,0.3181818181818182,0.875
20933,0,CF3,L5,0.7,dictlearn,0,2,0.8356726169586182,0,False,0.9545454545454546,0.3181818181818182,0.875
10580,0,CF3,L5,0.7,dictlearn,8,4,0.3491074740886688,0,False,0.9545454545454546,0.3181818181818182,0.875
25902,0,CF3,L5,0.7,dictlearn,6,4,0.6854321956634521,0,False,0.9545454545454546,0.3181818181818182,0.875
4666,0,CF3,L5,0.7,dictlearn,8,3,0.5744530558586121,0,False,0.9545454545454546,0.3181818181818182,0.875
14541,0,CF3,L5,0.7,dictlearn,4,4,0.4680863916873932,1,False,0.9545454545454546,0.3181818181818182,0.875
7374,0,CF3,L5,0.7,dictlearn,5,8,0.23749090731143951,0,False,0.9545454545454546,0.3181818181818182,0.875
4697,0,CF3,L5,0.7,dictlearn,5,4,0.424275279045105,0,False,0.9545454545454546,0.3181818181818182,0.875
6317,0,CF3,L5,0.7,dictlearn,5,2,0.3430158495903015,0,False,0.9545454545454546,0.3181818181818182,0.875
16623,0,CF3,L5,0.7,dictlearn,6,4,0.5863025784492493,0,False,0.9545454545454546,0.3181818181818182,0.875
16511,0,CF3,L5,0.7,dictlearn,6,5,0.28051185607910156,0,False,0.9545454545454546,0.3181818181818182,0.875
16162,0,CF3,L5,0.7,dictlearn,3,4,0.23744936287403107,0,False,0.9545454545454546,0.3181818181818182,0.875
5989,0,CF3,L5,0.7,dictlearn,1,2,0.4372580349445343,0,False,0.9545454545454546,0.3181818181818182,0.875
18753,0,CF3,L5,0.7,dictlearn,5,2,0.8154852390289307,0,False,0.9545454545454546,0.3181818181818182,0.875
20853,0,CF3,L5,0.7,dictlearn,4,4,0.43170204758644104,1,False,0.9545454545454546,0.3181818181818182,0.875
16556,0,CF3,L5,0.7,dictlearn,0,8,0.34238138794898987,0,False,0.9545454545454546,0.3181818181818182,0.875
7019,0,CF3,L5,0.7,dictlearn,9,0,0.4327654540538788,0,False,0.9545454545454546,0.3181818181818182,0.875
3090,0,CF3,L5,0.7,dictlearn,6,0,0.3745516538619995,0,False,0.9545454545454546,0.3181818181818182,0.875
14680,0,CF3,L5,0.7,dictlearn,3,2,0.41873395442962646,0,False,0.9545454545454546,0.3181818181818182,0.875
869,0,CF3,L5,0.7,dictlearn,3,2,0.3223496675491333,0,False,0.9545454545454546,0.3181818181818182,0.875
7595,0,CF3,L5,0.7,dictlearn,6,2,0.3513363301753998,0,False,0.9545454545454546,0.3181818181818182,0.875
14417,0,CF3,L5,0.7,dictlearn,1,2,0.9170916676521301,0,False,0.9545454545454546,0.3181818181818182,0.875
13624,0,CF3,L5,0.7,dictlearn,9,0,0.43145784735679626,0,False,0.9545454545454546,0.3181818181818182,0.875
21083,0,CF3,L5,0.7,dictlearn,0,0,0.30179643630981445,1,False,0.9545454545454546,0.3181818181818182,0.875
7556,0,CF3,L5,0.7,dictlearn,1,4,0.5077448487281799,0,False,0.9545454545454546,0.3181818181818182,0.875
9289,0,CF3,L5,0.7,dictlearn,8,2,0.401377409696579,0,False,0.9545454545454546,0.3181818181818182,0.875
19944,0,CF3,L5,0.7,dictlearn,3,2,0.2538241446018219,0,False,0.9545454545454546,0.3181818181818182,0.875
6057,0,CF3,L5,0.7,dictlearn,1,2,0.4871404469013214,0,False,0.9545454545454546,0.3181818181818182,0.875
23029,0,CF3,L5,0.7,dictlearn,8,4,0.39680513739585876,0,False,0.9545454545454546,0.3181818181818182,0.875
23668,0,CF3,L5,0.7,dictlearn,5,2,0.41551393270492554,0,False,0.9545454545454546,0.3181818181818182,0.875
13115,0,CF3,L5,0.7,dictlearn,8,2,0.7121468186378479,0,False,0.9545454545454546,0.3181818181818182,0.875
20635,0,CF3,L5,0.7,dictlearn,3,5,0.24552318453788757,0,False,0.9545454545454546,0.3181818181818182,0.875
4281,0,CF3,L5,0.7,dictlearn,4,8,0.35320135951042175,0,False,0.9545454545454546,0.3181818181818182,0.875
4139,0,CF3,L5,0.7,dictlearn,9,4,0.28150999546051025,0,False,0.9545454545454546,0.3181818181818182,0.875
10652,0,CF3,L5,0.7,dictlearn,1,2,0.7931846976280212,0,False,0.9545454545454546,0.3181818181818182,0.875
700,0,CF3,L5,0.7,dictlearn,1,4,0.7050953507423401,0,False,0.9545454545454546,0.3181818181818182,0.875
5772,0,CF3,L5,0.7,dictlearn,3,0,0.26600560545921326,0,False,0.9545454545454546,0.3181818181818182,0.875
8114,0,CF3,L5,0.7,dictlearn,9,2,0.7292871475219727,0,False,0.9545454545454546,0.3181818181818182,0.875
5964,0,CF3,L5,0.7,dictlearn,6,0,0.30867671966552734,0,False,0.9545454545454546,0.3181818181818182,0.875
17278,0,CF3,L5,0.7,dictlearn,7,2,0.756866455078125,0,False,0.9545454545454546,0.3181818181818182,0.875
9961,0,CF3,L5,0.7,dictlearn,0,4,0.23055590689182281,0,False,0.9545454545454546,0.3181818181818182,0.875
25974,0,CF3,L5,0.7,dictlearn,7,5,0.36773109436035156,0,False,0.9545454545454546,0.3181818181818182,0.875
14317,0,CF3,L5,0.7,dictlearn,3,2,0.3427530527114868,0,False,0.9545454545454546,0.3181818181818182,0.875
6485,0,CF3,L5,0.7,dictlearn,0,8,0.8593589067459106,0,False,0.9545454545454546,0.3181818181818182,0.875
18287,0,CF3,L5,0.7,dictlearn,0,2,0.5284379720687866,0,False,0.9545454545454546,0.3181818181818182,0.875
11840,0,CF3,L5,0.7,dictlearn,4,4,0.8551525473594666,1,False,0.9545454545454546,0.3181818181818182,0.875
864,0,CF3,L5,0.7,dictlearn,0,2,0.5477616190910339,0,False,0.9545454545454546,0.3181818181818182,0.875
20612,0,CF3,L5,0.7,dictlearn,1,2,0.29594579339027405,0,False,0.9545454545454546,0.3181818181818182,0.875
21079,0,CF3,L5,0.7,dictlearn,1,4,0.2790347933769226,0,False,0.9545454545454546,0.3181818181818182,0.875
11286,0,CF3,L5,0.7,dictlearn,5,2,0.35451415181159973,0,False,0.9545454545454546,0.3181818181818182,0.875
788,0,CF3,L5,0.7,dictlearn,0,2,0.5339515805244446,0,False,0.9545454545454546,0.3181818181818182,0.875
15932,0,CF3,L5,0.7,dictlearn,3,4,0.7064577341079712,0,False,0.9545454545454546,0.3181818181818182,0.875
18511,0,CF3,L5,0.7,dictlearn,3,8,0.3114778399467468,0,False,0.9545454545454546,0.3181818181818182,0.875
21576,0,CF3,L5,0.7,dictlearn,5,2,0.6214441657066345,0,False,0.9545454545454546,0.3181818181818182,0.875
17237,0,CF3,L5,0.7,dictlearn,2,2,0.9286885857582092,1,False,0.9545454545454546,0.3181818181818182,0.875
2966,0,CF3,L5,0.7,dictlearn,2,2,0.9919463992118835,1,False,0.9545454545454546,0.3181818181818182,0.875
16416,0,CF3,L5,0.7,dictlearn,5,8,0.6390017867088318,0,False,0.9545454545454546,0.3181818181818182,0.875
1280,0,CF3,L5,0.7,dictlearn,5,2,0.47612807154655457,0,False,0.9545454545454546,0.3181818181818182,0.875
24928,0,CF3,L5,0.7,dictlearn,0,4,0.6242572069168091,0,False,0.9545454545454546,0.3181818181818182,0.875
23837,0,CF3,L5,0.7,dictlearn,1,2,0.389658659696579,0,False,0.9545454545454546,0.3181818181818182,0.875
20230,0,CF3,L5,0.7,dictlearn,1,4,0.495913028717041,0,False,0.9545454545454546,0.3181818181818182,0.875
23434,0,CF3,L5,0.7,dictlearn,5,8,0.33530205488204956,0,False,0.9545454545454546,0.3181818181818182,0.875
20522,0,CF3,L5,0.7,dictlearn,6,4,0.22207975387573242,0,False,0.9545454545454546,0.3181818181818182,0.875
7789,0,CF3,L5,0.7,dictlearn,3,4,0.42203572392463684,0,False,0.9545454545454546,0.3181818181818182,0.875
22086,0,CF3,L5,0.7,dictlearn,6,4,0.4838166832923889,0,False,0.9545454545454546,0.3181818181818182,0.875
21339,0,CF3,L5,0.7,dictlearn,0,3,0.41168689727783203,0,False,0.9545454545454546,0.3181818181818182,0.875
6830,0,CF3,L5,0.7,dictlearn,9,3,0.5156537294387817,0,False,0.9545454545454546,0.3181818181818182,0.875
20902,0,CF3,L5,0.7,dictlearn,2,4,0.6516547203063965,0,False,0.9545454545454546,0.3181818181818182,0.875
17481,0,CF3,L5,0.7,dictlearn,5,3,0.3894391357898712,0,False,0.9545454545454546,0.3181818181818182,0.875
3050,0,CF3,L5,0.7,dictlearn,6,2,0.24742701649665833,0,False,0.9545454545454546,0.3181818181818182,0.875
409,0,CF3,L5,0.7,dictlearn,1,4,0.5421140193939209,0,False,0.9545454545454546,0.3181818181818182,0.875
14823,0,CF3,L5,0.7,dictlearn,7,4,0.36032670736312866,0,False,0.9545454545454546,0.3181818181818182,0.875
22892,0,CF3,L5,0.7,dictlearn,9,2,0.1775151491165161,0,False,0.9545454545454546,0.3181818181818182,0.875
9470,0,CF3,L5,0.7,dictlearn,8,5,0.35147595405578613,0,False,0.9545454545454546,0.3181818181818182,0.875
9543,0,CF3,L5,0.7,dictlearn,6,2,0.3646964132785797,0,False,0.9545454545454546,0.3181818181818182,0.875
22090,0,CF3,L5,0.7,dictlearn,5,8,0.20295627415180206,0,False,0.9545454545454546,0.3181818181818182,0.875
6045,0,CF3,L5,0.7,dictlearn,6,8,0.3469163179397583,0,False,0.9545454545454546,0.3181818181818182,0.875
317,0,CF3,L5,0.7,dictlearn,8,3,0.25501927733421326,0,False,0.9545454545454546,0.3181818181818182,0.875
15812,0,CF3,L5,0.7,dictlearn,0,0,0.5554606318473816,1,False,0.9545454545454546,0.3181818181818182,0.875
18170,0,CF3,L5,0.7,dictlearn,9,2,0.786195695400238,0,False,0.9545454545454546,0.3181818181818182,0.875
14781,0,CF3,L5,0.7,dictlearn,0,4,0.48334231972694397,0,False,0.9545454545454546,0.3181818181818182,0.875
17886,0,CF3,L5,0.7,dictlearn,9,9,0.3158431649208069,1,False,0.9545454545454546,0.3181818181818182,0.875
20049,0,CF3,L5,0.7,dictlearn,3,4,0.4803265333175659,0,False,0.9545454545454546,0.3181818181818182,0.875
13283,0,CF3,L5,0.7,dictlearn,0,8,0.5558661818504333,0,False,0.9545454545454546,0.3181818181818182,0.875
25830,0,CF3,L5,0.7,dictlearn,5,2,0.6960170269012451,0,False,0.9545454545454546,0.3181818181818182,0.875
14277,0,CF3,L5,0.7,dictlearn,9,2,0.5711973905563354,0,False,0.9545454545454546,0.3181818181818182,0.875
5908,0,CF3,L5,0.7,dictlearn,1,4,0.825408935546875,0,False,0.9545454545454546,0.3181818181818182,0.875
9731,0,CF3,L5,0.7,dictlearn,8,2,0.6215697526931763,0,False,0.9545454545454546,0.3181818181818182,0.875
14180,0,CF3,L5,0.7,dictlearn,9,2,0.4675876796245575,0,False,0.9545454545454546,0.3181818181818182,0.875
9246,0,CF3,L5,0.7,dictlearn,2,2,0.931997537612915,1,False,0.9545454545454546,0.3181818181818182,0.875
1656,0,CF3,L5,0.7,dictlearn,2,4,0.27287736535072327,0,False,0.9545454545454546,0.3181818181818182,0.875
17712,0,CF3,L5,0.7,dictlearn,1,1,0.35021260380744934,1,False,0.9545454545454546,0.3181818181818182,0.875
25544,0,CF3,L5,0.7,dictlearn,9,5,0.34805700182914734,0,False,0.9545454545454546,0.3181818181818182,0.875
1120,0,CF3,L5,0.7,dictlearn,5,2,0.8642671704292297,0,False,0.9545454545454546,0.3181818181818182,0.875
1298,0,CF3,L5,0.7,dictlearn,6,0,0.5501630306243896,0,False,0.9545454545454546,0.3181818181818182,0.875
25570,0,CF3,L5,0.7,dictlearn,2,2,0.4603906273841858,1,False,0.9545454545454546,0.3181818181818182,0.875
5370,0,CF3,L5,0.7,dictlearn,7,4,0.326172411441803,0,False,0.9545454545454546,0.3181818181818182,0.875
19075,0,CF3,L5,0.7,dictlearn,2,4,0.4742312729358673,0,False,0.9545454545454546,0.3181818181818182,0.875
8583,0,CF3,L5,0.7,dictlearn,0,4,0.24385958909988403,0,False,0.9545454545454546,0.3181818181818182,0.875
2133,0,CF3,L5,0.7,dictlearn,0,4,0.22911708056926727,0,False,0.9545454545454546,0.3181818181818182,0.875
1982,0,CF3,L5,0.7,dictlearn,2,8,0.5877049565315247,0,False,0.9545454545454546,0.3181818181818182,0.875
950,0,CF3,L5,0.7,dictlearn,8,2,0.4260537028312683,0,False,0.9545454545454546,0.3181818181818182,0.875
19563,0,CF3,L5,0.7,dictlearn,4,4,0.8123703598976135,1,False,0.9545454545454546,0.3181818181818182,0.875
21023,0,CF3,L5,0.7,dictlearn,6,0,0.3674311637878418,0,False,0.9545454545454546,0.3181818181818182,0.875
15687,0,CF3,L5,0.7,dictlearn,0,4,0.4139202833175659,0,False,0.9545454545454546,0.3181818181818182,0.875
6444,0,CF3,L5,0.7,dictlearn,6,0,0.28606265783309937,0,False,0.9545454545454546,0.3181818181818182,0.875
15735,0,CF3,L5,0.7,dictlearn,4,4,0.3492301106452942,1,False,0.9545454545454546,0.3181818181818182,0.875
10651,0,CF3,L5,0.7,dictlearn,0,4,0.7093293070793152,0,False,0.9545454545454546,0.3181818181818182,0.875
13256,0,CF3,L5,0.7,dictlearn,1,1,0.6208151578903198,1,False,0.9545454545454546,0.3181818181818182,0.875
16855,0,CF3,L5,0.7,dictlearn,6,2,0.5261338949203491,0,False,0.9545454545454546,0.3181818181818182,0.875
14884,0,CF3,L5,0.7,dictlearn,9,2,0.5963044166564941,0,False,0.9545454545454546,0.3181818181818182,0.875
21884,0,CF3,L5,0.7,dictlearn,6,3,0.2857476472854614,0,False,0.9545454545454546,0.3181818181818182,0.875
5078,0,CF3,L5,0.7,dictlearn,3,3,0.2942335605621338,1,False,0.9545454545454546,0.3181818181818182,0.875
20419,0,CF3,L5,0.7,dictlearn,9,2,0.8046866655349731,0,False,0.9545454545454546,0.3181818181818182,0.875
20521,0,CF3,L5,0.7,dictlearn,5,2,0.8224722146987915,0,False,0.9545454545454546,0.3181818181818182,0.875
23257,0,CF3,L5,0.7,dictlearn,5,2,0.7293710112571716,0,False,0.9545454545454546,0.3181818181818182,0.875
17190,0,CF3,L5,0.7,dictlearn,2,2,0.4800271987915039,1,False,0.9545454545454546,0.3181818181818182,0.875
15631,0,CF3,L5,0.7,dictlearn,8,2,0.2546645998954773,0,False,0.9545454545454546,0.3181818181818182,0.875
504,0,CF3,L5,0.7,dictlearn,0,4,0.3039618730545044,0,False,0.9545454545454546,0.3181818181818182,0.875
14990,0,CF3,L5,0.7,dictlearn,3,5,0.3427808880805969,0,False,0.9545454545454546,0.3181818181818182,0.875
24512,0,CF3,L5,0.7,dictlearn,8,3,0.4268541634082794,0,False,0.9545454545454546,0.3181818181818182,0.875
23120,0,CF3,L5,0.7,dictlearn,7,7,0.2557462453842163,1,False,0.9545454545454546,0.3181818181818182,0.875
3357,0,CF3,L5,0.7,dictlearn,2,2,0.8023480772972107,1,False,0.9545454545454546,0.3181818181818182,0.875
8088,0,CF3,L5,0.7,dictlearn,1,4,0.9328767657279968,0,False,0.9545454545454546,0.3181818181818182,0.875
21849,0,CF3,L5,0.7,dictlearn,9,4,0.26748108863830566,0,False,0.9545454545454546,0.3181818181818182,0.875
13683,0,CF3,L5,0.7,dictlearn,0,2,0.9823130965232849,0,False,0.9545454545454546,0.3181818181818182,0.875
22718,0,CF3,L5,0.7,dictlearn,9,2,0.3387390971183777,0,False,0.9545454545454546,0.3181818181818182,0.875
9927,0,CF3,L5,0.7,dictlearn,4,2,0.5756828188896179,0,False,0.9545454545454546,0.3181818181818182,0.875
11425,0,CF3,L5,0.7,dictlearn,0,3,0.2713443338871002,0,False,0.9545454545454546,0.3181818181818182,0.875
14578,0,CF3,L5,0.7,dictlearn,0,8,0.5690301656723022,0,False,0.9545454545454546,0.3181818181818182,0.875
25481,0,CF3,L5,0.7,dictlearn,8,0,0.2445060908794403,0,False,0.9545454545454546,0.3181818181818182,0.875
11269,0,CF3,L5,0.7,dictlearn,5,8,0.32826462388038635,0,False,0.9545454545454546,0.3181818181818182,0.875
12877,0,CF3,L5,0.7,dictlearn,5,2,0.4680810570716858,0,False,0.9545454545454546,0.3181818181818182,0.875
22531,0,CF3,L5,0.7,dictlearn,9,5,0.21181781589984894,0,False,0.9545454545454546,0.3181818181818182,0.875
13150,0,CF3,L5,0.7,dictlearn,3,2,0.2771645784378052,0,False,0.9545454545454546,0.3181818181818182,0.875
5654,0,CF3,L5,0.7,dictlearn,8,0,0.44206702709198,0,False,0.9545454545454546,0.3181818181818182,0.875
1286,0,CF3,L5,0.7,dictlearn,7,2,0.6458415389060974,0,False,0.9545454545454546,0.3181818181818182,0.875
1652,0,CF3,L5,0.7,dictlearn,1,4,0.5745382905006409,0,False,0.9545454545454546,0.3181818181818182,0.875
22335,0,CF3,L5,0.7,dictlearn,2,2,0.5593022704124451,1,False,0.9545454545454546,0.3181818181818182,0.875
23848,0,CF3,L5,0.7,dictlearn,3,0,0.507208526134491,0,False,0.9545454545454546,0.3181818181818182,0.875
2892,0,CF3,L5,0.7,dictlearn,6,0,0.39755359292030334,0,False,0.9545454545454546,0.3181818181818182,0.875
16530,0,CF3,L5,0.7,dictlearn,8,2,0.7366645932197571,0,False,0.9545454545454546,0.3181818181818182,0.875
12848,0,CF3,L5,0.7,dictlearn,8,0,0.44363561272621155,0,False,0.9545454545454546,0.3181818181818182,0.875
7330,0,CF3,L5,0.7,dictlearn,7,2,0.8629254698753357,0,False,0.9545454545454546,0.3181818181818182,0.875
3676,0,CF3,L5,0.7,dictlearn,1,2,0.7240797877311707,0,False,0.9545454545454546,0.3181818181818182,0.875
19966,0,CF3,L5,0.7,dictlearn,8,8,0.5645149350166321,1,False,0.9545454545454546,0.3181818181818182,0.875
8382,0,CF3,L5,0.7,dictlearn,5,3,0.37986692786216736,0,False,0.9545454545454546,0.3181818181818182,0.875
19660,0,CF3,L5,0.7,dictlearn,7,2,0.6307322978973389,0,False,0.9545454545454546,0.3181818181818182,0.875
2508,0,CF3,L5,0.7,dictlearn,9,2,0.713437020778656,0,False,0.9545454545454546,0.3181818181818182,0.875
2360,0,CF3,L5,0.7,dictlearn,4,4,0.300118088722229,1,False,0.9545454545454546,0.3181818181818182,0.875
16796,0,CF3,L5,0.7,dictlearn,1,2,0.842943012714386,0,False,0.9545454545454546,0.3181818181818182,0.875
23426,0,CF3,L5,0.7,dictlearn,9,2,0.16135527193546295,0,False,0.9545454545454546,0.3181818181818182,0.875
15590,0,CF3,L5,0.7,dictlearn,2,0,0.4280041456222534,0,False,0.9545454545454546,0.3181818181818182,0.875
6302,0,CF3,L5,0.7,dictlearn,3,4,0.43532827496528625,0,False,0.9545454545454546,0.3181818181818182,0.875
24519,0,CF3,L5,0.7,dictlearn,7,2,0.6766281723976135,0,False,0.9545454545454546,0.3181818181818182,0.875
23276,0,CF3,L5,0.7,dictlearn,2,2,0.7626010179519653,1,False,0.9545454545454546,0.3181818181818182,0.875
24566,0,CF3,L5,0.7,dictlearn,8,0,0.2669946849346161,0,False,0.9545454545454546,0.3181818181818182,0.875
20978,0,CF3,L5,0.7,dictlearn,1,4,0.9216238260269165,0,False,0.9545454545454546,0.3181818181818182,0.875
8990,0,CF3,L5,0.7,dictlearn,3,4,0.45647627115249634,0,False,0.9545454545454546,0.3181818181818182,0.875
11061,0,CF3,L5,0.7,dictlearn,7,2,0.37578001618385315,0,False,0.9545454545454546,0.3181818181818182,0.875
7075,0,CF3,L5,0.7,dictlearn,9,2,0.4089559316635132,0,False,0.9545454545454546,0.3181818181818182,0.875
17641,0,CF3,L5,0.7,dictlearn,2,2,0.9715680480003357,1,False,0.9545454545454546,0.3181818181818182,0.875
12077,0,CF3,L5,0.7,dictlearn,9,8,0.5167598128318787,0,False,0.9545454545454546,0.3181818181818182,0.875
1779,0,CF3,L5,0.7,dictlearn,7,5,0.34745100140571594,0,False,0.9545454545454546,0.3181818181818182,0.875
11519,0,CF3,L5,0.7,dictlearn,4,4,0.46639829874038696,1,False,0.9545454545454546,0.3181818181818182,0.875
8549,0,CF3,L5,0.7,dictlearn,3,0,0.28864553570747375,0,False,0.9545454545454546,0.3181818181818182,0.875
14623,0,CF3,L5,0.7,dictlearn,6,4,0.8107669353485107,0,False,0.9545454545454546,0.3181818181818182,0.875
10846,0,CF3,L5,0.7,dictlearn,3,8,0.3006264269351959,0,False,0.9545454545454546,0.3181818181818182,0.875
16289,0,CF3,L5,0.7,dictlearn,3,2,0.9897783398628235,0,False,0.9545454545454546,0.3181818181818182,0.875
12311,0,CF3,L5,0.7,dictlearn,8,0,0.3310609459877014,0,False,0.9545454545454546,0.3181818181818182,0.875
6068,0,CF3,L5,0.7,dictlearn,8,2,0.6736947894096375,0,False,0.9545454545454546,0.3181818181818182,0.875
9629,0,CF3,L5,0.7,dictlearn,6,0,0.22817888855934143,0,False,0.9545454545454546,0.3181818181818182,0.875
19560,0,CF3,L5,0.7,dictlearn,3,9,0.3180963099002838,0,False,0.9545454545454546,0.3181818181818182,0.875
10379,0,CF3,L5,0.7,dictlearn,8,3,0.20362934470176697,0,False,0.9545454545454546,0.3181818181818182,0.875
6499,0,CF3,L5,0.7,dictlearn,9,2,0.7866301536560059,0,False,0.9545454545454546,0.3181818181818182,0.875
1159,0,CF3,L5,0.7,dictlearn,0,4,0.5766956210136414,0,False,0.9545454545454546,0.3181818181818182,0.875
4366,0,CF3,L5,0.7,dictlearn,7,2,0.5892892479896545,0,False,0.9545454545454546,0.3181818181818182,0.875
8397,0,CF3,L5,0.7,dictlearn,1,4,0.30811044573783875,0,False,0.9545454545454546,0.3181818181818182,0.875
20905,0,CF3,L5,0.7,dictlearn,9,2,0.5779332518577576,0,False,0.9545454545454546,0.3181818181818182,0.875
15746,0,CF3,L5,0.7,dictlearn,5,0,0.31591397523880005,0,False,0.9545454545454546,0.3181818181818182,0.875
9402,0,CF3,L5,0.7,dictlearn,3,2,0.8670426607131958,0,False,0.9545454545454546,0.3181818181818182,0.875
8164,0,CF3,L5,0.7,dictlearn,2,4,0.2560640573501587,0,False,0.9545454545454546,0.3181818181818182,0.875
510,0,CF3,L5,0.7,dictlearn,5,0,0.368088960647583,0,False,0.9545454545454546,0.3181818181818182,0.875
24070,0,CF3,L5,0.7,dictlearn,9,4,0.6276133060455322,0,False,0.9545454545454546,0.3181818181818182,0.875
2401,0,CF3,L5,0.7,dictlearn,4,4,0.4412459135055542,1,False,0.9545454545454546,0.3181818181818182,0.875
12147,0,CF3,L5,0.7,dictlearn,3,4,0.36884766817092896,0,False,0.9545454545454546,0.3181818181818182,0.875
14499,0,CF3,L5,0.7,dictlearn,6,2,0.6553321480751038,0,False,0.9545454545454546,0.3181818181818182,0.875
3530,0,CF3,L5,0.7,dictlearn,6,0,0.22763469815254211,0,False,0.9545454545454546,0.3181818181818182,0.875
14723,0,CF3,L5,0.7,dictlearn,7,2,0.9576687812805176,0,False,0.9545454545454546,0.3181818181818182,0.875
4435,0,CF3,L5,0.7,dictlearn,3,2,0.6936456561088562,0,False,0.9545454545454546,0.3181818181818182,0.875
22852,0,CF3,L5,0.7,dictlearn,2,4,0.5002943873405457,0,False,0.9545454545454546,0.3181818181818182,0.875
8461,0,CF3,L5,0.7,dictlearn,3,8,0.2826490104198456,0,False,0.9545454545454546,0.3181818181818182,0.875
21972,0,CF3,L5,0.7,dictlearn,7,8,0.34385398030281067,0,False,0.9545454545454546,0.3181818181818182,0.875
5410,0,CF3,L5,0.7,dictlearn,4,4,0.7238107919692993,1,False,0.9545454545454546,0.3181818181818182,0.875
17754,0,CF3,L5,0.7,dictlearn,6,2,0.7198501825332642,0,False,0.9545454545454546,0.3181818181818182,0.875
15311,0,CF3,L5,0.7,dictlearn,2,4,0.5045835375785828,0,False,0.9545454545454546,0.3181818181818182,0.875
15185,0,CF3,L5,0.7,dictlearn,1,4,0.3063811659812927,0,False,0.9545454545454546,0.3181818181818182,0.875
5663,0,CF3,L5,0.7,dictlearn,4,4,0.8331525921821594,1,False,0.9545454545454546,0.3181818181818182,0.875
6247,0,CF3,L5,0.7,dictlearn,6,2,0.24190610647201538,0,False,0.9545454545454546,0.3181818181818182,0.875
15287,0,CF3,L5,0.7,dictlearn,0,2,0.24281816184520721,0,False,0.9545454545454546,0.3181818181818182,0.875
19902,0,CF3,L5,0.7,dictlearn,0,0,0.46598443388938904,1,False,0.9545454545454546,0.3181818181818182,0.875
25188,0,CF3,L5,0.7,dictlearn,4,4,0.4176267981529236,1,False,0.9545454545454546,0.3181818181818182,0.875
11195,0,CF3,L5,0.7,dictlearn,8,8,0.33858367800712585,1,False,0.9545454545454546,0.3181818181818182,0.875
4828,0,CF3,L5,0.7,dictlearn,7,5,0.31771695613861084,0,False,0.9545454545454546,0.3181818181818182,0.875
23751,0,CF3,L5,0.7,dictlearn,5,2,0.5463853478431702,0,False,0.9545454545454546,0.3181818181818182,0.875
9464,0,CF3,L5,0.7,dictlearn,3,2,0.8362926840782166,0,False,0.9545454545454546,0.3181818181818182,0.875
25723,0,CF3,L5,0.7,dictlearn,0,2,0.3777647316455841,0,False,0.9545454545454546,0.3181818181818182,0.875
16859,0,CF3,L5,0.7,dictlearn,5,5,0.44205722212791443,1,False,0.9545454545454546,0.3181818181818182,0.875
3601,0,CF3,L5,0.7,dictlearn,1,2,0.5228478908538818,0,False,0.9545454545454546,0.3181818181818182,0.875
11679,0,CF3,L5,0.7,dictlearn,6,0,0.32585349678993225,0,False,0.9545454545454546,0.3181818181818182,0.875
12135,0,CF3,L5,0.7,dictlearn,7,4,0.3989887237548828,0,False,0.9545454545454546,0.3181818181818182,0.875
16329,0,CF3,L5,0.7,dictlearn,1,4,0.4411945343017578,0,False,0.9545454545454546,0.3181818181818182,0.875
94,0,CF3,L5,0.7,dictlearn,4,4,0.2584258019924164,1,False,0.9545454545454546,0.3181818181818182,0.875
14517,0,CF3,L5,0.7,dictlearn,9,4,0.2369241863489151,0,False,0.9545454545454546,0.3181818181818182,0.875
16852,0,CF3,L5,0.7,dictlearn,3,3,0.6100528240203857,1,False,0.9545454545454546,0.3181818181818182,0.875
6852,0,CF3,L5,0.7,dictlearn,6,2,0.8948497772216797,0,False,0.9545454545454546,0.3181818181818182,0.875
24858,0,CF3,L5,0.7,dictlearn,3,0,0.310047447681427,0,False,0.9545454545454546,0.3181818181818182,0.875
297,0,CF3,L5,0.7,dictlearn,9,0,0.2840670645236969,0,False,0.9545454545454546,0.3181818181818182,0.875
12339,0,CF3,L5,0.7,dictlearn,2,2,0.9725114703178406,1,False,0.9545454545454546,0.3181818181818182,0.875
20811,0,CF3,L5,0.7,dictlearn,8,8,0.6687005758285522,1,False,0.9545454545454546,0.3181818181818182,0.875
12439,0,CF3,L5,0.7,dictlearn,5,5,0.31844568252563477,1,False,0.9545454545454546,0.3181818181818182,0.875
16632,0,CF3,L5,0.7,dictlearn,9,2,0.45988860726356506,0,False,0.9545454545454546,0.3181818181818182,0.875
5798,0,CF3,L5,0.7,dictlearn,4,2,0.7731124758720398,0,False,0.9545454545454546,0.3181818181818182,0.875
18458,0,CF3,L5,0.7,dictlearn,3,4,0.5180168151855469,0,False,0.9545454545454546,0.3181818181818182,0.875
6105,0,CF3,L5,0.7,dictlearn,5,2,0.1855400800704956,0,False,0.9545454545454546,0.3181818181818182,0.875
10321,0,CF3,L5,0.7,dictlearn,6,2,0.41113632917404175,0,False,0.9545454545454546,0.3181818181818182,0.875
21771,0,CF3,L5,0.7,dictlearn,7,4,0.4222990870475769,0,False,0.9545454545454546,0.3181818181818182,0.875
22194,0,CF3,L5,0.7,dictlearn,0,0,0.298292875289917,1,False,0.9545454545454546,0.3181818181818182,0.875
6,0,CF3,L5,0.7,dictlearn,9,2,0.7172738313674927,0,False,0.9545454545454546,0.3181818181818182,0.875
912,0,CF3,L5,0.7,dictlearn,7,2,0.3125932216644287,0,False,0.9545454545454546,0.3181818181818182,0.875
16910,0,CF3,L5,0.7,dictlearn,5,5,0.3094959259033203,1,False,0.9545454545454546,0.3181818181818182,0.875
18738,0,CF3,L5,0.7,dictlearn,7,2,0.24312672019004822,0,False,0.9545454545454546,0.3181818181818182,0.875
18020,0,CF3,L5,0.7,dictlearn,9,9,0.203672856092453,1,False,0.9545454545454546,0.3181818181818182,0.875
3462,0,CF3,L5,0.7,dictlearn,8,2,0.6156666278839111,0,False,0.9545454545454546,0.3181818181818182,0.875
5696,0,CF3,L5,0.7,dictlearn,1,3,0.24418817460536957,0,False,0.9545454545454546,0.3181818181818182,0.875
15066,0,CF3,L5,0.7,dictlearn,3,2,0.31912297010421753,0,False,0.9545454545454546,0.3181818181818182,0.875
10653,0,CF3,L5,0.7,dictlearn,9,4,0.4714457094669342,0,False,0.9545454545454546,0.3181818181818182,0.875
13337,0,CF3,L5,0.7,dictlearn,2,2,0.9941993951797485,1,False,0.9545454545454546,0.3181818181818182,0.875
12340,0,CF3,L5,0.7,dictlearn,5,8,0.25366029143333435,0,False,0.9545454545454546,0.3181818181818182,0.875
9536,0,CF3,L5,0.7,dictlearn,0,0,0.302553653717041,1,False,0.9545454545454546,0.3181818181818182,0.875
3566,0,CF3,L5,0.7,dictlearn,4,4,0.8148459196090698,1,False,0.9545454545454546,0.3181818181818182,0.875
20090,0,CF3,L5,0.7,dictlearn,4,4,0.7815924882888794,1,False,0.9545454545454546,0.3181818181818182,0.875
211,0,CF3,L5,0.7,dictlearn,0,2,0.5436522364616394,0,False,0.9545454545454546,0.3181818181818182,0.875
55,0,CF3,L5,0.7,dictlearn,8,2,0.9653648138046265,0,False,0.9545454545454546,0.3181818181818182,0.875
1477,0,CF3,L5,0.7,dictlearn,2,1,0.5916393995285034,0,False,0.9545454545454546,0.3181818181818182,0.875
25898,0,CF3,L5,0.7,dictlearn,0,4,0.7765645384788513,0,False,0.9545454545454546,0.3181818181818182,0.875
25713,0,CF3,L5,0.7,dictlearn,0,4,0.6565623879432678,0,False,0.9545454545454546,0.3181818181818182,0.875
18055,0,CF3,L5,0.7,dictlearn,3,2,0.9513972997665405,0,False,0.9545454545454546,0.3181818181818182,0.875
17461,0,CF3,L5,0.7,dictlearn,3,4,0.22929754853248596,0,False,0.9545454545454546,0.3181818181818182,0.875
14237,0,CF3,L5,0.7,dictlearn,7,2,0.35642099380493164,0,False,0.9545454545454546,0.3181818181818182,0.875
13858,0,CF3,L5,0.7,dictlearn,1,2,0.7499600052833557,0,False,0.9545454545454546,0.3181818181818182,0.875
12386,0,CF3,L5,0.7,dictlearn,5,2,0.34967970848083496,0,False,0.9545454545454546,0.3181818181818182,0.875
7223,0,CF3,L5,0.7,dictlearn,9,2,0.7747840881347656,0,False,0.9545454545454546,0.3181818181818182,0.875
3153,0,CF3,L5,0.7,dictlearn,5,4,0.181118905544281,0,False,0.9545454545454546,0.3181818181818182,0.875
23265,0,CF3,L5,0.7,dictlearn,8,2,0.4152500629425049,0,False,0.9545454545454546,0.3181818181818182,0.875
9465,0,CF3,L5,0.7,dictlearn,0,0,0.35978829860687256,1,False,0.9545454545454546,0.3181818181818182,0.875
7419,0,CF3,L5,0.7,dictlearn,0,3,0.260389119386673,0,False,0.9545454545454546,0.3181818181818182,0.875
4722,0,CF3,L5,0.7,dictlearn,6,5,0.2161986082792282,0,False,0.9545454545454546,0.3181818181818182,0.875
23448,0,CF3,L5,0.7,dictlearn,6,4,0.387938529253006,0,False,0.9545454545454546,0.3181818181818182,0.875
8222,0,CF3,L5,0.7,dictlearn,2,2,0.6672510504722595,1,False,0.9545454545454546,0.3181818181818182,0.875
20898,0,CF3,L5,0.7,dictlearn,8,8,0.297745019197464,1,False,0.9545454545454546,0.3181818181818182,0.875
23313,0,CF3,L5,0.7,dictlearn,2,2,0.5962284207344055,1,False,0.9545454545454546,0.3181818181818182,0.875
13426,0,CF3,L5,0.7,dictlearn,2,2,0.6908157467842102,1,False,0.9545454545454546,0.3181818181818182,0.875
25136,0,CF3,L5,0.7,dictlearn,4,4,0.9610698819160461,1,False,0.9545454545454546,0.3181818181818182,0.875
9268,0,CF3,L5,0.7,dictlearn,4,4,0.9815871119499207,1,False,0.9545454545454546,0.3181818181818182,0.875
3892,0,CF3,L5,0.7,dictlearn,1,4,0.38023144006729126,0,False,0.9545454545454546,0.3181818181818182,0.875
4115,0,CF3,L5,0.7,dictlearn,3,2,0.502065896987915,0,False,0.9545454545454546,0.3181818181818182,0.875
5166,0,CF3,L5,0.7,dictlearn,7,2,0.7445617318153381,0,False,0.9545454545454546,0.3181818181818182,0.875
14984,0,CF3,L5,0.7,dictlearn,3,2,0.7555186152458191,0,False,0.9545454545454546,0.3181818181818182,0.875
10520,0,CF3,L5,0.7,dictlearn,1,4,0.677760660648346,0,False,0.9545454545454546,0.3181818181818182,0.875
4379,0,CF3,L5,0.7,dictlearn,2,2,0.6766517758369446,1,False,0.9545454545454546,0.3181818181818182,0.875
8937,0,CF3,L5,0.7,dictlearn,1,2,0.6935447454452515,0,False,0.9545454545454546,0.3181818181818182,0.875
17550,0,CF3,L5,0.7,dictlearn,9,3,0.27445000410079956,0,False,0.9545454545454546,0.3181818181818182,0.875
19085,0,CF3,L5,0.7,dictlearn,9,2,0.4556213617324829,0,False,0.9545454545454546,0.3181818181818182,0.875
17902,0,CF3,L5,0.7,dictlearn,6,4,0.5236438512802124,0,False,0.9545454545454546,0.3181818181818182,0.875
14780,0,CF3,L5,0.7,dictlearn,8,3,0.37527692317962646,0,False,0.9545454545454546,0.3181818181818182,0.875
8401,0,CF3,L5,0.7,dictlearn,0,8,0.38899704813957214,0,False,0.9545454545454546,0.3181818181818182,0.875
11230,0,CF3,L5,0.7,dictlearn,2,2,0.6580344438552856,1,False,0.9545454545454546,0.3181818181818182,0.875
1772,0,CF3,L5,0.7,dictlearn,3,8,0.19999687373638153,0,False,0.9545454545454546,0.3181818181818182,0.875
13326,0,CF3,L5,0.7,dictlearn,4,4,0.9474536776542664,1,False,0.9545454545454546,0.3181818181818182,0.875
15230,0,CF3,L5,0.7,dictlearn,5,2,0.7535336017608643,0,False,0.9545454545454546,0.3181818181818182,0.875
20557,0,CF3,L5,0.7,dictlearn,0,6,0.5905954241752625,0,False,0.9545454545454546,0.3181818181818182,0.875
9555,0,CF3,L5,0.7,dictlearn,1,2,0.7243763208389282,0,False,0.9545454545454546,0.3181818181818182,0.875
3667,0,CF3,L5,0.7,dictlearn,6,0,0.5168147683143616,0,False,0.9545454545454546,0.3181818181818182,0.875
5316,0,CF3,L5,0.7,dictlearn,5,8,0.5337217450141907,0,False,0.9545454545454546,0.3181818181818182,0.875
3606,0,CF3,L5,0.7,dictlearn,5,1,0.6471474766731262,0,False,0.9545454545454546,0.3181818181818182,0.875
25776,0,CF3,L5,0.7,dictlearn,6,8,0.39195767045021057,0,False,0.9545454545454546,0.3181818181818182,0.875
22231,0,CF3,L5,0.7,dictlearn,1,2,0.6124815344810486,0,False,0.9545454545454546,0.3181818181818182,0.875
10855,0,CF3,L5,0.7,dictlearn,7,2,0.6480346918106079,0,False,0.9545454545454546,0.3181818181818182,0.875
130,0,CF3,L5,0.7,dictlearn,6,2,0.3830828368663788,0,False,0.9545454545454546,0.3181818181818182,0.875
434,0,CF3,L5,0.7,dictlearn,8,4,0.49206581711769104,0,False,0.9545454545454546,0.3181818181818182,0.875
5308,0,CF3,L5,0.7,dictlearn,5,2,0.44336721301078796,0,False,0.9545454545454546,0.3181818181818182,0.875
17682,0,CF3,L5,0.7,dictlearn,4,4,0.24265646934509277,1,False,0.9545454545454546,0.3181818181818182,0.875
16682,0,CF3,L5,0.7,dictlearn,8,2,0.4216262698173523,0,False,0.9545454545454546,0.3181818181818182,0.875
12660,0,CF3,L5,0.7,dictlearn,5,8,0.4034883379936218,0,False,0.9545454545454546,0.3181818181818182,0.875
21362,0,CF3,L5,0.7,dictlearn,5,5,0.38163894414901733,1,False,0.9545454545454546,0.3181818181818182,0.875
15483,0,CF3,L5,0.7,dictlearn,4,4,0.5801321864128113,1,False,0.9545454545454546,0.3181818181818182,0.875
5289,0,CF3,L5,0.7,dictlearn,5,5,0.5615438222885132,1,False,0.9545454545454546,0.3181818181818182,0.875
19757,0,CF3,L5,0.7,dictlearn,1,2,0.43558117747306824,0,False,0.9545454545454546,0.3181818181818182,0.875
6799,0,CF3,L5,0.7,dictlearn,2,2,0.5781424641609192,1,False,0.9545454545454546,0.3181818181818182,0.875
18871,0,CF3,L5,0.7,dictlearn,2,2,0.4923766851425171,1,False,0.9545454545454546,0.3181818181818182,0.875
4740,0,CF3,L5,0.7,dictlearn,3,8,0.2479979544878006,0,False,0.9545454545454546,0.3181818181818182,0.875
14926,0,CF3,L5,0.7,dictlearn,5,9,0.2989410161972046,0,False,0.9545454545454546,0.3181818181818182,0.875
3549,0,CF3,L5,0.7,dictlearn,4,4,0.5286555886268616,1,False,0.9545454545454546,0.3181818181818182,0.875
13336,0,CF3,L5,0.7,dictlearn,9,2,0.6955540180206299,0,False,0.9545454545454546,0.3181818181818182,0.875
8302,0,CF3,L5,0.7,dictlearn,3,4,0.5999289751052856,0,False,0.9545454545454546,0.3181818181818182,0.875
19884,0,CF3,L5,0.7,dictlearn,8,0,0.29465094208717346,0,False,0.9545454545454546,0.3181818181818182,0.875
6927,0,CF3,L5,0.7,dictlearn,1,2,0.9886455535888672,0,False,0.9545454545454546,0.3181818181818182,0.875
15277,0,CF3,L5,0.7,dictlearn,6,4,0.35391247272491455,0,False,0.9545454545454546,0.3181818181818182,0.875
20278,0,CF3,L5,0.7,dictlearn,3,2,0.38394293189048767,0,False,0.9545454545454546,0.3181818181818182,0.875
654,0,CF3,L5,0.7,dictlearn,8,0,0.3988708555698395,0,False,0.9545454545454546,0.3181818181818182,0.875
19020,0,CF3,L5,0.7,dictlearn,0,5,0.2508212924003601,0,False,0.9545454545454546,0.3181818181818182,0.875
25403,0,CF3,L5,0.7,dictlearn,3,8,0.761383056640625,0,False,0.9545454545454546,0.3181818181818182,0.875
1745,0,CF3,L5,0.7,dictlearn,8,2,0.355143666267395,0,False,0.9545454545454546,0.3181818181818182,0.875
10726,0,CF3,L5,0.7,dictlearn,4,4,0.5230555534362793,1,False,0.9545454545454546,0.3181818181818182,0.875
23431,0,CF3,L5,0.7,dictlearn,4,4,0.8436803221702576,1,False,0.9545454545454546,0.3181818181818182,0.875
231,0,CF3,L5,0.7,dictlearn,5,0,0.4440096616744995,0,False,0.9545454545454546,0.3181818181818182,0.875
20678,0,CF3,L5,0.7,dictlearn,7,4,0.16174504160881042,0,False,0.9545454545454546,0.3181818181818182,0.875
15851,0,CF3,L5,0.7,dictlearn,1,8,0.26780274510383606,0,False,0.9545454545454546,0.3181818181818182,0.875
24015,0,CF3,L5,0.7,dictlearn,0,8,0.6297597885131836,0,False,0.9545454545454546,0.3181818181818182,0.875
1082,0,CF3,L5,0.7,dictlearn,6,0,0.19650210440158844,0,False,0.9545454545454546,0.3181818181818182,0.875
5573,0,CF3,L5,0.7,dictlearn,8,0,0.33349472284317017,0,False,0.9545454545454546,0.3181818181818182,0.875
11289,0,CF3,L5,0.7,dictlearn,1,4,0.7984183430671692,0,False,0.9545454545454546,0.3181818181818182,0.875
1751,0,CF3,L5,0.7,dictlearn,0,2,0.32746848464012146,0,False,0.9545454545454546,0.3181818181818182,0.875
4594,0,CF3,L5,0.7,dictlearn,6,0,0.5376654267311096,0,False,0.9545454545454546,0.3181818181818182,0.875
21127,0,CF3,L5,0.7,dictlearn,8,8,0.2792850732803345,1,False,0.9545454545454546,0.3181818181818182,0.875
12370,0,CF3,L5,0.7,dictlearn,4,2,0.5445290207862854,0,False,0.9545454545454546,0.3181818181818182,0.875
4125,0,CF3,L5,0.7,dictlearn,6,8,0.4069015681743622,0,False,0.9545454545454546,0.3181818181818182,0.875
11008,0,CF3,L5,0.7,dictlearn,1,4,0.5745463967323303,0,False,0.9545454545454546,0.3181818181818182,0.875
23395,0,CF3,L5,0.7,dictlearn,7,2,0.4601539373397827,0,False,0.9545454545454546,0.3181818181818182,0.875
3080,0,CF3,L5,0.7,dictlearn,3,0,0.3101315498352051,0,False,0.9545454545454546,0.3181818181818182,0.875
22400,0,CF3,L5,0.7,dictlearn,0,3,0.32486772537231445,0,False,0.9545454545454546,0.3181818181818182,0.875
22514,0,CF3,L5,0.7,dictlearn,1,4,0.48398905992507935,0,False,0.9545454545454546,0.3181818181818182,0.875
15137,0,CF3,L5,0.7,dictlearn,0,2,0.3858194947242737,0,False,0.9545454545454546,0.3181818181818182,0.875
6681,0,CF3,L5,0.7,dictlearn,0,2,0.5634675025939941,0,False,0.9545454545454546,0.3181818181818182,0.875
5219,0,CF3,L5,0.7,dictlearn,5,2,0.8882569670677185,0,False,0.9545454545454546,0.3181818181818182,0.875
2355,0,CF3,L5,0.7,dictlearn,2,2,0.49350157380104065,1,False,0.9545454545454546,0.3181818181818182,0.875
4674,0,CF3,L5,0.7,dictlearn,5,4,0.2613276541233063,0,False,0.9545454545454546,0.3181818181818182,0.875
14575,0,CF3,L5,0.7,dictlearn,1,1,0.3627472221851349,1,False,0.9545454545454546,0.3181818181818182,0.875
6563,0,CF3,L5,0.7,dictlearn,5,0,0.2917305529117584,0,False,0.9545454545454546,0.3181818181818182,0.875
17492,0,CF3,L5,0.7,dictlearn,9,3,0.402245432138443,0,False,0.9545454545454546,0.3181818181818182,0.875
15770,0,CF3,L5,0.7,dictlearn,7,4,0.2623291313648224,0,False,0.9545454545454546,0.3181818181818182,0.875
20830,0,CF3,L5,0.7,dictlearn,1,4,0.4300677478313446,0,False,0.9545454545454546,0.3181818181818182,0.875
1777,0,CF3,L5,0.7,dictlearn,2,2,0.5567913055419922,1,False,0.9545454545454546,0.3181818181818182,0.875
21617,0,CF3,L5,0.7,dictlearn,7,2,0.5763376951217651,0,False,0.9545454545454546,0.3181818181818182,0.875
21293,0,CF3,L5,0.7,dictlearn,4,2,0.45425543189048767,0,False,0.9545454545454546,0.3181818181818182,0.875
14504,0,CF3,L5,0.7,dictlearn,0,2,0.6285868883132935,0,False,0.9545454545454546,0.3181818181818182,0.875
21236,0,CF3,L5,0.7,dictlearn,7,3,0.4508594870567322,0,False,0.9545454545454546,0.3181818181818182,0.875
18558,0,CF3,L5,0.7,dictlearn,4,2,0.5958701968193054,0,False,0.9545454545454546,0.3181818181818182,0.875
22916,0,CF3,L5,0.7,dictlearn,8,0,0.25409218668937683,0,False,0.9545454545454546,0.3181818181818182,0.875
18760,0,CF3,L5,0.7,dictlearn,6,2,0.6053723096847534,0,False,0.9545454545454546,0.3181818181818182,0.875
17389,0,CF3,L5,0.7,dictlearn,8,2,0.7307810187339783,0,False,0.9545454545454546,0.3181818181818182,0.875
13155,0,CF3,L5,0.7,dictlearn,8,2,0.5886849164962769,0,False,0.9545454545454546,0.3181818181818182,0.875
13999,0,CF3,L5,0.7,dictlearn,5,2,0.7985870838165283,0,False,0.9545454545454546,0.3181818181818182,0.875
10265,0,CF3,L5,0.7,dictlearn,8,4,0.4364432990550995,0,False,0.9545454545454546,0.3181818181818182,0.875
17239,0,CF3,L5,0.7,dictlearn,2,2,0.8348418474197388,1,False,0.9545454545454546,0.3181818181818182,0.875
6288,0,CF3,L5,0.7,dictlearn,3,4,0.24577458202838898,0,False,0.9545454545454546,0.3181818181818182,0.875
11514,0,CF3,L5,0.7,dictlearn,6,5,0.1701393723487854,0,False,0.9545454545454546,0.3181818181818182,0.875
23652,0,CF3,L5,0.7,dictlearn,1,8,0.23489105701446533,0,False,0.9545454545454546,0.3181818181818182,0.875
11939,0,CF3,L5,0.7,dictlearn,6,3,0.29623153805732727,0,False,0.9545454545454546,0.3181818181818182,0.875
2174,0,CF3,L5,0.7,dictlearn,7,2,0.8583180904388428,0,False,0.9545454545454546,0.3181818181818182,0.875
15441,0,CF3,L5,0.7,dictlearn,4,4,0.7042209506034851,1,False,0.9545454545454546,0.3181818181818182,0.875
12260,0,CF3,L5,0.7,dictlearn,1,8,0.27571260929107666,0,False,0.9545454545454546,0.3181818181818182,0.875
25046,0,CF3,L5,0.7,dictlearn,6,2,0.6111992001533508,0,False,0.9545454545454546,0.3181818181818182,0.875
13958,0,CF3,L5,0.7,dictlearn,9,4,0.5848103165626526,0,False,0.9545454545454546,0.3181818181818182,0.875
20974,0,CF3,L5,0.7,dictlearn,8,0,0.2701842486858368,0,False,0.9545454545454546,0.3181818181818182,0.875
10626,0,CF3,L5,0.7,dictlearn,6,2,0.37070944905281067,0,False,0.9545454545454546,0.3181818181818182,0.875
22545,0,CF3,L5,0.7,dictlearn,5,5,0.32789838314056396,1,False,0.9545454545454546,0.3181818181818182,0.875
20288,0,CF3,L5,0.7,dictlearn,5,2,0.8368775844573975,0,False,0.9545454545454546,0.3181818181818182,0.875
13790,0,CF3,L5,0.7,dictlearn,7,2,0.4946152865886688,0,False,0.9545454545454546,0.3181818181818182,0.875
2817,0,CF3,L5,0.7,dictlearn,4,2,0.6802048087120056,0,False,0.9545454545454546,0.3181818181818182,0.875
8344,0,CF3,L5,0.7,dictlearn,4,4,0.6821615695953369,1,False,0.9545454545454546,0.3181818181818182,0.875
11708,0,CF3,L5,0.7,dictlearn,1,8,0.5842958688735962,0,False,0.9545454545454546,0.3181818181818182,0.875
2379,0,CF3,L5,0.7,dictlearn,1,2,0.422890305519104,0,False,0.9545454545454546,0.3181818181818182,0.875
23602,0,CF3,L5,0.7,dictlearn,2,2,0.8409993052482605,1,False,0.9545454545454546,0.3181818181818182,0.875
24357,0,CF3,L5,0.7,dictlearn,8,2,0.8538081645965576,0,False,0.9545454545454546,0.3181818181818182,0.875
16783,0,CF3,L5,0.7,dictlearn,4,4,0.9115353226661682,1,False,0.9545454545454546,0.3181818181818182,0.875
11723,0,CF3,L5,0.7,dictlearn,9,2,0.38596537709236145,0,False,0.9545454545454546,0.3181818181818182,0.875
5140,0,CF3,L5,0.7,dictlearn,5,4,0.3770815134048462,0,False,0.9545454545454546,0.3181818181818182,0.875
14563,0,CF3,L5,0.7,dictlearn,1,8,0.364633709192276,0,False,0.9545454545454546,0.3181818181818182,0.875
11905,0,CF3,L5,0.7,dictlearn,7,4,0.7557792067527771,0,False,0.9545454545454546,0.3181818181818182,0.875
4657,0,CF3,L5,0.7,dictlearn,5,3,0.2071896195411682,0,False,0.9545454545454546,0.3181818181818182,0.875
9888,0,CF3,L5,0.7,dictlearn,7,4,0.5801275372505188,0,False,0.9545454545454546,0.3181818181818182,0.875
22827,0,CF3,L5,0.7,dictlearn,6,5,0.2120722383260727,0,False,0.9545454545454546,0.3181818181818182,0.875
23911,0,CF3,L5,0.7,dictlearn,7,2,0.7442399859428406,0,False,0.9545454545454546,0.3181818181818182,0.875
968,0,CF3,L5,0.7,dictlearn,3,4,0.4736819565296173,0,False,0.9545454545454546,0.3181818181818182,0.875
18416,0,CF3,L5,0.7,dictlearn,2,2,0.4435350298881531,1,False,0.9545454545454546,0.3181818181818182,0.875
15166,0,CF3,L5,0.7,dictlearn,7,2,0.2793860137462616,0,False,0.9545454545454546,0.3181818181818182,0.875
15537,0,CF3,L5,0.7,dictlearn,6,4,0.5500629544258118,0,False,0.9545454545454546,0.3181818181818182,0.875
112,0,CF3,L5,0.7,dictlearn,6,4,0.2792288064956665,0,False,0.9545454545454546,0.3181818181818182,0.875
9754,0,CF3,L5,0.7,dictlearn,8,8,0.5871762633323669,1,False,0.9545454545454546,0.3181818181818182,0.875
3827,0,CF3,L5,0.7,dictlearn,1,2,0.8986663222312927,0,False,0.9545454545454546,0.3181818181818182,0.875
16427,0,CF3,L5,0.7,dictlearn,8,8,0.2867071032524109,1,False,0.9545454545454546,0.3181818181818182,0.875
4853,0,CF3,L5,0.7,dictlearn,8,4,0.7828937768936157,0,False,0.9545454545454546,0.3181818181818182,0.875
5025,0,CF3,L5,0.7,dictlearn,8,4,0.292390376329422,0,False,0.9545454545454546,0.3181818181818182,0.875
5497,0,CF3,L5,0.7,dictlearn,5,2,0.4431483745574951,0,False,0.9545454545454546,0.3181818181818182,0.875
415,0,CF3,L5,0.7,dictlearn,5,5,0.17896173894405365,1,False,0.9545454545454546,0.3181818181818182,0.875
6055,0,CF3,L5,0.7,dictlearn,2,2,0.9918881058692932,1,False,0.9545454545454546,0.3181818181818182,0.875
4242,0,CF3,L5,0.7,dictlearn,6,4,0.8780753016471863,0,False,0.9545454545454546,0.3181818181818182,0.875
16007,0,CF3,L5,0.7,dictlearn,3,8,0.3710365891456604,0,False,0.9545454545454546,0.3181818181818182,0.875
16184,0,CF3,L5,0.7,dictlearn,6,8,0.4190899729728699,0,False,0.9545454545454546,0.3181818181818182,0.875
15180,0,CF3,L5,0.7,dictlearn,2,4,0.4738762676715851,0,False,0.9545454545454546,0.3181818181818182,0.875
16402,0,CF3,L5,0.7,dictlearn,3,8,0.7278476357460022,0,False,0.9545454545454546,0.3181818181818182,0.875
12883,0,CF3,L5,0.7,dictlearn,7,2,0.35881727933883667,0,False,0.9545454545454546,0.3181818181818182,0.875
12596,0,CF3,L5,0.7,dictlearn,2,2,0.6039263606071472,1,False,0.9545454545454546,0.3181818181818182,0.875
13383,0,CF3,L5,0.7,dictlearn,0,8,0.8206643462181091,0,False,0.9545454545454546,0.3181818181818182,0.875
17140,0,CF3,L5,0.7,dictlearn,0,4,0.23880259692668915,0,False,0.9545454545454546,0.3181818181818182,0.875
11249,0,CF3,L5,0.7,dictlearn,7,2,0.4721333682537079,0,False,0.9545454545454546,0.3181818181818182,0.875
2927,0,CF3,L5,0.7,dictlearn,3,2,0.6408101320266724,0,False,0.9545454545454546,0.3181818181818182,0.875
13380,0,CF3,L5,0.7,dictlearn,3,2,0.8186085820198059,0,False,0.9545454545454546,0.3181818181818182,0.875
24593,0,CF3,L5,0.7,dictlearn,5,2,0.8836348652839661,0,False,0.9545454545454546,0.3181818181818182,0.875
14507,0,CF3,L5,0.7,dictlearn,8,2,0.43439769744873047,0,False,0.9545454545454546,0.3181818181818182,0.875
9355,0,CF3,L5,0.7,dictlearn,8,5,0.3464251160621643,0,False,0.9545454545454546,0.3181818181818182,0.875
3943,0,CF3,L5,0.7,dictlearn,3,2,0.6754169464111328,0,False,0.9545454545454546,0.3181818181818182,0.875
4913,0,CF3,L5,0.7,dictlearn,4,4,0.9703248739242554,1,False,0.9545454545454546,0.3181818181818182,0.875
23440,0,CF3,L5,0.7,dictlearn,4,2,0.4589436650276184,0,False,0.9545454545454546,0.3181818181818182,0.875
19289,0,CF3,L5,0.7,dictlearn,7,2,0.5187145471572876,0,False,0.9545454545454546,0.3181818181818182,0.875
17841,0,CF3,L5,0.7,dictlearn,6,8,0.3178589642047882,0,False,0.9545454545454546,0.3181818181818182,0.875
18139,0,CF3,L5,0.7,dictlearn,0,4,0.5218392610549927,0,False,0.9545454545454546,0.3181818181818182,0.875
18549,0,CF3,L5,0.7,dictlearn,7,4,0.8107131719589233,0,False,0.9545454545454546,0.3181818181818182,0.875
7215,0,CF3,L5,0.7,dictlearn,7,3,0.3567219078540802,0,False,0.9545454545454546,0.3181818181818182,0.875
10574,0,CF3,L5,0.7,dictlearn,7,2,0.697380006313324,0,False,0.9545454545454546,0.3181818181818182,0.875
10329,0,CF3,L5,0.7,dictlearn,7,2,0.3861750364303589,0,False,0.9545454545454546,0.3181818181818182,0.875
21502,0,CF3,L5,0.7,dictlearn,4,2,0.8783488869667053,0,False,0.9545454545454546,0.3181818181818182,0.875
1209,0,CF3,L5,0.7,dictlearn,8,3,0.2968622148036957,0,False,0.9545454545454546,0.3181818181818182,0.875
22202,0,CF3,L5,0.7,dictlearn,6,8,0.216647669672966,0,False,0.9545454545454546,0.3181818181818182,0.875
12914,0,CF3,L5,0.7,dictlearn,2,2,0.8576653599739075,1,False,0.9545454545454546,0.3181818181818182,0.875
23477,0,CF3,L5,0.7,dictlearn,6,6,0.21461452543735504,1,False,0.9545454545454546,0.3181818181818182,0.875
13286,0,CF3,L5,0.7,dictlearn,5,8,0.25811755657196045,0,False,0.9545454545454546,0.3181818181818182,0.875
24957,0,CF3,L5,0.7,dictlearn,2,2,0.9477423429489136,1,False,0.9545454545454546,0.3181818181818182,0.875
23215,0,CF3,L5,0.7,dictlearn,9,2,0.26617079973220825,0,False,0.9545454545454546,0.3181818181818182,0.875
8171,0,CF3,L5,0.7,dictlearn,3,8,0.3703460991382599,0,False,0.9545454545454546,0.3181818181818182,0.875
13427,0,CF3,L5,0.7,dictlearn,4,4,0.8056209087371826,1,False,0.9545454545454546,0.3181818181818182,0.875
1985,0,CF3,L5,0.7,dictlearn,9,2,0.9025026559829712,0,False,0.9545454545454546,0.3181818181818182,0.875
19607,0,CF3,L5,0.7,dictlearn,1,2,0.36546576023101807,0,False,0.9545454545454546,0.3181818181818182,0.875
15138,0,CF3,L5,0.7,dictlearn,4,2,0.6781918406486511,0,False,0.9545454545454546,0.3181818181818182,0.875
18496,0,CF3,L5,0.7,dictlearn,3,0,0.4534386694431305,0,False,0.9545454545454546,0.3181818181818182,0.875
11341,0,CF3,L5,0.7,dictlearn,5,2,0.9261786937713623,0,False,0.9545454545454546,0.3181818181818182,0.875
3210,0,CF3,L5,0.7,dictlearn,6,2,0.2300052046775818,0,False,0.9545454545454546,0.3181818181818182,0.875
9044,0,CF3,L5,0.7,dictlearn,3,5,0.30112573504447937,0,False,0.9545454545454546,0.3181818181818182,0.875
1784,0,CF3,L5,0.7,dictlearn,1,2,0.46367326378822327,0,False,0.9545454545454546,0.3181818181818182,0.875
20687,0,CF3,L5,0.7,dictlearn,7,5,0.2922736406326294,0,False,0.9545454545454546,0.3181818181818182,0.875
21479,0,CF3,L5,0.7,dictlearn,1,8,0.5194547772407532,0,False,0.9545454545454546,0.3181818181818182,0.875
4465,0,CF3,L5,0.7,dictlearn,7,2,0.8041499257087708,0,False,0.9545454545454546,0.3181818181818182,0.875
8098,0,CF3,L5,0.7,dictlearn,3,0,0.4992375671863556,0,False,0.9545454545454546,0.3181818181818182,0.875
1105,0,CF3,L5,0.7,dictlearn,1,4,0.3216003477573395,0,False,0.9545454545454546,0.3181818181818182,0.875
24036,0,CF3,L5,0.7,dictlearn,0,2,0.39363574981689453,0,False,0.9545454545454546,0.3181818181818182,0.875
24825,0,CF3,L5,0.7,dictlearn,1,2,0.26103872060775757,0,False,0.9545454545454546,0.3181818181818182,0.875
20081,0,CF3,L5,0.7,dictlearn,4,1,0.325817346572876,0,False,0.9545454545454546,0.3181818181818182,0.875
11780,0,CF3,L5,0.7,dictlearn,5,2,0.801423192024231,0,False,0.9545454545454546,0.3181818181818182,0.875
18228,0,CF3,L5,0.7,dictlearn,2,2,0.6786546111106873,1,False,0.9545454545454546,0.3181818181818182,0.875
4363,0,CF3,L5,0.7,dictlearn,4,4,0.5199974179267883,1,False,0.9545454545454546,0.3181818181818182,0.875
10210,0,CF3,L5,0.7,dictlearn,7,2,0.6315233707427979,0,False,0.9545454545454546,0.3181818181818182,0.875
7005,0,CF3,L5,0.7,dictlearn,2,2,0.7025230526924133,1,False,0.9545454545454546,0.3181818181818182,0.875
7071,0,CF3,L5,0.7,dictlearn,3,5,0.40487149357795715,0,False,0.9545454545454546,0.3181818181818182,0.875
25299,0,CF3,L5,0.7,dictlearn,4,2,0.6812816858291626,0,False,0.9545454545454546,0.3181818181818182,0.875
3393,0,CF3,L5,0.7,dictlearn,0,3,0.38139471411705017,0,False,0.9545454545454546,0.3181818181818182,0.875
10532,0,CF3,L5,0.7,dictlearn,8,1,0.26497897505760193,0,False,0.9545454545454546,0.3181818181818182,0.875
14271,0,CF3,L5,0.7,dictlearn,3,0,0.33132004737854004,0,False,0.9545454545454546,0.3181818181818182,0.875
12814,0,CF3,L5,0.7,dictlearn,4,2,0.37621989846229553,0,False,0.9545454545454546,0.3181818181818182,0.875
1763,0,CF3,L5,0.7,dictlearn,1,4,0.20457492768764496,0,False,0.9545454545454546,0.3181818181818182,0.875
2795,0,CF3,L5,0.7,dictlearn,4,2,0.9539464116096497,0,False,0.9545454545454546,0.3181818181818182,0.875
5329,0,CF3,L5,0.7,dictlearn,2,2,0.9474968910217285,1,False,0.9545454545454546,0.3181818181818182,0.875
11024,0,CF3,L5,0.7,dictlearn,8,4,0.6709584593772888,0,False,0.9545454545454546,0.3181818181818182,0.875
23383,0,CF3,L5,0.7,dictlearn,6,8,0.3801857531070709,0,False,0.9545454545454546,0.3181818181818182,0.875
582,0,CF3,L5,0.7,dictlearn,2,2,0.5037302374839783,1,False,0.9545454545454546,0.3181818181818182,0.875
20037,0,CF3,L5,0.7,dictlearn,5,4,0.43137574195861816,0,False,0.9545454545454546,0.3181818181818182,0.875
4876,0,CF3,L5,0.7,dictlearn,3,4,0.2510721683502197,0,False,0.9545454545454546,0.3181818181818182,0.875
16157,0,CF3,L5,0.7,dictlearn,1,2,0.7900224924087524,0,False,0.9545454545454546,0.3181818181818182,0.875
24155,0,CF3,L5,0.7,dictlearn,7,2,0.4775640368461609,0,False,0.9545454545454546,0.3181818181818182,0.875
21035,0,CF3,L5,0.7,dictlearn,1,2,0.7973163723945618,0,False,0.9545454545454546,0.3181818181818182,0.875
2530,0,CF3,L5,0.7,dictlearn,2,2,0.7700498104095459,1,False,0.9545454545454546,0.3181818181818182,0.875
20951,0,CF3,L5,0.7,dictlearn,4,4,0.8711876273155212,1,False,0.9545454545454546,0.3181818181818182,0.875
9752,0,CF3,L5,0.7,dictlearn,9,2,0.3087596595287323,0,False,0.9545454545454546,0.3181818181818182,0.875
20362,0,CF3,L5,0.7,dictlearn,9,8,0.3922894597053528,0,False,0.9545454545454546,0.3181818181818182,0.875
5669,0,CF3,L5,0.7,dictlearn,2,2,0.8107283711433411,1,False,0.9545454545454546,0.3181818181818182,0.875
9395,0,CF3,L5,0.7,dictlearn,6,3,0.4825911521911621,0,False,0.9545454545454546,0.3181818181818182,0.875
22115,0,CF3,L5,0.7,dictlearn,2,2,0.6685635447502136,1,False,0.9545454545454546,0.3181818181818182,0.875
3784,0,CF3,L5,0.7,dictlearn,5,8,0.43809810280799866,0,False,0.9545454545454546,0.3181818181818182,0.875
15518,0,CF3,L5,0.7,dictlearn,1,2,0.636417806148529,0,False,0.9545454545454546,0.3181818181818182,0.875
22913,0,CF3,L5,0.7,dictlearn,1,1,0.47302886843681335,1,False,0.9545454545454546,0.3181818181818182,0.875
22485,0,CF3,L5,0.7,dictlearn,8,2,0.3876669704914093,0,False,0.9545454545454546,0.3181818181818182,0.875
14166,0,CF3,L5,0.7,dictlearn,9,0,0.45963534712791443,0,False,0.9545454545454546,0.3181818181818182,0.875
4606,0,CF3,L5,0.7,dictlearn,8,2,0.8232678771018982,0,False,0.9545454545454546,0.3181818181818182,0.875
12043,0,CF3,L5,0.7,dictlearn,8,4,0.30353495478630066,0,False,0.9545454545454546,0.3181818181818182,0.875
20255,0,CF3,L5,0.7,dictlearn,9,2,0.6509412527084351,0,False,0.9545454545454546,0.3181818181818182,0.875
21390,0,CF3,L5,0.7,dictlearn,8,4,0.23641741275787354,0,False,0.9545454545454546,0.3181818181818182,0.875
13388,0,CF3,L5,0.7,dictlearn,6,0,0.2920171618461609,0,False,0.9545454545454546,0.3181818181818182,0.875
9382,0,CF3,L5,0.7,dictlearn,0,8,0.5860159397125244,0,False,0.9545454545454546,0.3181818181818182,0.875
11878,0,CF3,L5,0.7,dictlearn,4,4,0.7354006171226501,1,False,0.9545454545454546,0.3181818181818182,0.875
10774,0,CF3,L5,0.7,dictlearn,1,4,0.47969797253608704,0,False,0.9545454545454546,0.3181818181818182,0.875
2211,0,CF3,L5,0.7,dictlearn,4,4,0.9520670175552368,1,False,0.9545454545454546,0.3181818181818182,0.875
22804,0,CF3,L5,0.7,dictlearn,1,4,0.8120615482330322,0,False,0.9545454545454546,0.3181818181818182,0.875
17903,0,CF3,L5,0.7,dictlearn,3,2,0.4537431001663208,0,False,0.9545454545454546,0.3181818181818182,0.875
16889,0,CF3,L5,0.7,dictlearn,1,9,0.3517054319381714,0,False,0.9545454545454546,0.3181818181818182,0.875
3013,0,CF3,L5,0.7,dictlearn,8,4,0.5002267360687256,0,False,0.9545454545454546,0.3181818181818182,0.875
19919,0,CF3,L5,0.7,dictlearn,8,9,0.3206976354122162,0,False,0.9545454545454546,0.3181818181818182,0.875
7911,0,CF3,L5,0.7,dictlearn,0,3,0.2521364092826843,0,False,0.9545454545454546,0.3181818181818182,0.875
6473,0,CF3,L5,0.7,dictlearn,5,2,0.9320768713951111,0,False,0.9545454545454546,0.3181818181818182,0.875
14963,0,CF3,L5,0.7,dictlearn,2,2,0.5878505706787109,1,False,0.9545454545454546,0.3181818181818182,0.875
3189,0,CF3,L5,0.7,dictlearn,3,2,0.5487455129623413,0,False,0.9545454545454546,0.3181818181818182,0.875
21433,0,CF3,L5,0.7,dictlearn,6,8,0.2917758822441101,0,False,0.9545454545454546,0.3181818181818182,0.875
21534,0,CF3,L5,0.7,dictlearn,9,2,0.43036097288131714,0,False,0.9545454545454546,0.3181818181818182,0.875
4378,0,CF3,L5,0.7,dictlearn,4,4,0.3155919909477234,1,False,0.9545454545454546,0.3181818181818182,0.875
4179,0,CF3,L5,0.7,dictlearn,3,2,0.3967491686344147,0,False,0.9545454545454546,0.3181818181818182,0.875
20275,0,CF3,L5,0.7,dictlearn,7,8,0.3450798988342285,0,False,0.9545454545454546,0.3181818181818182,0.875
724,0,CF3,L5,0.7,dictlearn,4,2,0.49124065041542053,0,False,0.9545454545454546,0.3181818181818182,0.875
15532,0,CF3,L5,0.7,dictlearn,5,5,0.5025773644447327,1,False,0.9545454545454546,0.3181818181818182,0.875
7808,0,CF3,L5,0.7,dictlearn,4,2,0.854584813117981,0,False,0.9545454545454546,0.3181818181818182,0.875
3185,0,CF3,L5,0.7,dictlearn,7,9,0.4116262197494507,0,False,0.9545454545454546,0.3181818181818182,0.875
8217,0,CF3,L5,0.7,dictlearn,5,3,0.2887391746044159,0,False,0.9545454545454546,0.3181818181818182,0.875
15284,0,CF3,L5,0.7,dictlearn,2,2,0.681609570980072,1,False,0.9545454545454546,0.3181818181818182,0.875
2195,0,CF3,L5,0.7,dictlearn,1,2,0.5319113731384277,0,False,0.9545454545454546,0.3181818181818182,0.875
21296,0,CF3,L5,0.7,dictlearn,0,4,0.658424437046051,0,False,0.9545454545454546,0.3181818181818182,0.875
14286,0,CF3,L5,0.7,dictlearn,3,8,0.5275772213935852,0,False,0.9545454545454546,0.3181818181818182,0.875
4261,0,CF3,L5,0.7,dictlearn,0,8,0.5830925703048706,0,False,0.9545454545454546,0.3181818181818182,0.875
24480,0,CF3,L5,0.7,dictlearn,2,2,0.9531250596046448,1,False,0.9545454545454546,0.3181818181818182,0.875
23581,0,CF3,L5,0.7,dictlearn,7,2,0.645271360874176,0,False,0.9545454545454546,0.3181818181818182,0.875
24364,0,CF3,L5,0.7,dictlearn,7,4,0.4427988529205322,0,False,0.9545454545454546,0.3181818181818182,0.875
4259,0,CF3,L5,0.7,dictlearn,4,2,0.2977602481842041,0,False,0.9545454545454546,0.3181818181818182,0.875
4323,0,CF3,L5,0.7,dictlearn,8,2,0.2909237742424011,0,False,0.9545454545454546,0.3181818181818182,0.875
26017,0,CF3,L5,0.7,dictlearn,2,2,0.5802688002586365,1,False,0.9545454545454546,0.3181818181818182,0.875
4055,0,CF3,L5,0.7,dictlearn,9,2,0.3208116590976715,0,False,0.9545454545454546,0.3181818181818182,0.875
23968,0,CF3,L5,0.7,dictlearn,6,0,0.34059569239616394,0,False,0.9545454545454546,0.3181818181818182,0.875
4914,0,CF3,L5,0.7,dictlearn,2,2,0.5278448462486267,1,False,0.9545454545454546,0.3181818181818182,0.875
17310,0,CF3,L5,0.7,dictlearn,7,4,0.9205385446548462,0,False,0.9545454545454546,0.3181818181818182,0.875
14981,0,CF3,L5,0.7,dictlearn,2,4,0.3376254141330719,0,False,0.9545454545454546,0.3181818181818182,0.875
7511,0,CF3,L5,0.7,dictlearn,6,4,0.24491742253303528,0,False,0.9545454545454546,0.3181818181818182,0.875
4136,0,CF3,L5,0.7,dictlearn,9,2,0.31841886043548584,0,False,0.9545454545454546,0.3181818181818182,0.875
8043,0,CF3,L5,0.7,dictlearn,2,2,0.6996887922286987,1,False,0.9545454545454546,0.3181818181818182,0.875
14360,0,CF3,L5,0.7,dictlearn,4,2,0.6224229335784912,0,False,0.9545454545454546,0.3181818181818182,0.875
6364,0,CF3,L5,0.7,dictlearn,0,2,0.4739692211151123,0,False,0.9545454545454546,0.3181818181818182,0.875
8827,0,CF3,L5,0.7,dictlearn,4,4,0.25194644927978516,1,False,0.9545454545454546,0.3181818181818182,0.875
24886,0,CF3,L5,0.7,dictlearn,9,2,0.7345942258834839,0,False,0.9545454545454546,0.3181818181818182,0.875
21392,0,CF3,L5,0.7,dictlearn,2,2,0.5431458950042725,1,False,0.9545454545454546,0.3181818181818182,0.875
18654,0,CF3,L5,0.7,dictlearn,6,3,0.33003464341163635,0,False,0.9545454545454546,0.3181818181818182,0.875
21766,0,CF3,L5,0.7,dictlearn,1,2,0.6508827805519104,0,False,0.9545454545454546,0.3181818181818182,0.875
25433,0,CF3,L5,0.7,dictlearn,8,2,0.8776835799217224,0,False,0.9545454545454546,0.3181818181818182,0.875
10927,0,CF3,L5,0.7,dictlearn,8,2,0.8545929789543152,0,False,0.9545454545454546,0.3181818181818182,0.875
14092,0,CF3,L5,0.7,dictlearn,6,4,0.3690713942050934,0,False,0.9545454545454546,0.3181818181818182,0.875
20936,0,CF3,L5,0.7,dictlearn,9,5,0.4835338294506073,0,False,0.9545454545454546,0.3181818181818182,0.875
23711,0,CF3,L5,0.7,dictlearn,4,4,0.7923760414123535,1,False,0.9545454545454546,0.3181818181818182,0.875
19260,0,CF3,L5,0.7,dictlearn,7,5,0.30188441276550293,0,False,0.9545454545454546,0.3181818181818182,0.875
17360,0,CF3,L5,0.7,dictlearn,3,4,0.24754847586154938,0,False,0.9545454545454546,0.3181818181818182,0.875
965,0,CF3,L5,0.7,dictlearn,0,4,0.2455558478832245,0,False,0.9545454545454546,0.3181818181818182,0.875
463,0,CF3,L5,0.7,dictlearn,6,2,0.5378476977348328,0,False,0.9545454545454546,0.3181818181818182,0.875
8945,0,CF3,L5,0.7,dictlearn,6,2,0.704636812210083,0,False,0.9545454545454546,0.3181818181818182,0.875
14090,0,CF3,L5,0.7,dictlearn,2,2,0.48260498046875,1,False,0.9545454545454546,0.3181818181818182,0.875
8479,0,CF3,L5,0.7,dictlearn,9,2,0.7031329274177551,0,False,0.9545454545454546,0.3181818181818182,0.875
24477,0,CF3,L5,0.7,dictlearn,2,2,0.7314314842224121,1,False,0.9545454545454546,0.3181818181818182,0.875
8195,0,CF3,L5,0.7,dictlearn,0,0,0.44707468152046204,1,False,0.9545454545454546,0.3181818181818182,0.875
1773,0,CF3,L5,0.7,dictlearn,0,0,0.36789652705192566,1,False,0.9545454545454546,0.3181818181818182,0.875
11776,0,CF3,L5,0.7,dictlearn,2,2,0.5193400979042053,1,False,0.9545454545454546,0.3181818181818182,0.875
3313,0,CF3,L5,0.7,dictlearn,6,4,0.7057692408561707,0,False,0.9545454545454546,0.3181818181818182,0.875
5424,0,CF3,L5,0.7,dictlearn,9,8,0.2502357065677643,0,False,0.9545454545454546,0.3181818181818182,0.875
19606,0,CF3,L5,0.7,dictlearn,2,4,0.49923524260520935,0,False,0.9545454545454546,0.3181818181818182,0.875
10110,0,CF3,L5,0.7,dictlearn,9,5,0.20392531156539917,0,False,0.9545454545454546,0.3181818181818182,0.875
22872,0,CF3,L5,0.7,dictlearn,6,2,0.35049325227737427,0,False,0.9545454545454546,0.3181818181818182,0.875
7573,0,CF3,L5,0.7,dictlearn,1,4,0.34866663813591003,0,False,0.9545454545454546,0.3181818181818182,0.875
7105,0,CF3,L5,0.7,dictlearn,3,0,0.20216315984725952,0,False,0.9545454545454546,0.3181818181818182,0.875
18854,0,CF3,L5,0.7,dictlearn,1,5,0.38729608058929443,0,False,0.9545454545454546,0.3181818181818182,0.875
14576,0,CF3,L5,0.7,dictlearn,9,5,0.3908262848854065,0,False,0.9545454545454546,0.3181818181818182,0.875
9376,0,CF3,L5,0.7,dictlearn,0,9,0.30100542306900024,0,False,0.9545454545454546,0.3181818181818182,0.875
20128,0,CF3,L5,0.7,dictlearn,8,8,0.7191901206970215,1,False,0.9545454545454546,0.3181818181818182,0.875
24854,0,CF3,L5,0.7,dictlearn,9,2,0.6847814321517944,0,False,0.9545454545454546,0.3181818181818182,0.875
4937,0,CF3,L5,0.7,dictlearn,2,2,0.5692896246910095,1,False,0.9545454545454546,0.3181818181818182,0.875
338,0,CF3,L5,0.7,dictlearn,3,0,0.24331049621105194,0,False,0.9545454545454546,0.3181818181818182,0.875
9981,0,CF3,L5,0.7,dictlearn,3,3,0.4071533679962158,1,False,0.9545454545454546,0.3181818181818182,0.875
6665,0,CF3,L5,0.7,dictlearn,8,2,0.6896352171897888,0,False,0.9545454545454546,0.3181818181818182,0.875
6704,0,CF3,L5,0.7,dictlearn,0,0,0.34383291006088257,1,False,0.9545454545454546,0.3181818181818182,0.875
23255,0,CF3,L5,0.7,dictlearn,2,2,0.9013282656669617,1,False,0.9545454545454546,0.3181818181818182,0.875
5355,0,CF3,L5,0.7,dictlearn,5,2,0.2986370921134949,0,False,0.9545454545454546,0.3181818181818182,0.875
22422,0,CF3,L5,0.7,dictlearn,1,5,0.38519901037216187,0,False,0.9545454545454546,0.3181818181818182,0.875
7367,0,CF3,L5,0.7,dictlearn,9,0,0.5389503240585327,0,False,0.9545454545454546,0.3181818181818182,0.875
13489,0,CF3,L5,0.7,dictlearn,7,2,0.3396877348423004,0,False,0.9545454545454546,0.3181818181818182,0.875
20955,0,CF3,L5,0.7,dictlearn,7,4,0.4939012825489044,0,False,0.9545454545454546,0.3181818181818182,0.875
25439,0,CF3,L5,0.7,dictlearn,9,3,0.4971157908439636,0,False,0.9545454545454546,0.3181818181818182,0.875
12711,0,CF3,L5,0.7,dictlearn,8,2,0.945686399936676,0,False,0.9545454545454546,0.3181818181818182,0.875
7671,0,CF3,L5,0.7,dictlearn,6,2,0.8741084337234497,0,False,0.9545454545454546,0.3181818181818182,0.875
20420,0,CF3,L5,0.7,dictlearn,8,0,0.3201504051685333,0,False,0.9545454545454546,0.3181818181818182,0.875
12630,0,CF3,L5,0.7,dictlearn,2,4,0.9357370138168335,0,False,0.9545454545454546,0.3181818181818182,0.875
21394,0,CF3,L5,0.7,dictlearn,1,4,0.24607300758361816,0,False,0.9545454545454546,0.3181818181818182,0.875
7095,0,CF3,L5,0.7,dictlearn,1,4,0.5275188088417053,0,False,0.9545454545454546,0.3181818181818182,0.875
11532,0,CF3,L5,0.7,dictlearn,9,2,0.3956433832645416,0,False,0.9545454545454546,0.3181818181818182,0.875
2853,0,CF3,L5,0.7,dictlearn,3,8,0.3747262954711914,0,False,0.9545454545454546,0.3181818181818182,0.875
13487,0,CF3,L5,0.7,dictlearn,0,0,0.28058478236198425,1,False,0.9545454545454546,0.3181818181818182,0.875
9350,0,CF3,L5,0.7,dictlearn,9,2,0.5596569776535034,0,False,0.9545454545454546,0.3181818181818182,0.875
24164,0,CF3,L5,0.7,dictlearn,4,2,0.5555024743080139,0,False,0.9545454545454546,0.3181818181818182,0.875
23155,0,CF3,L5,0.7,dictlearn,7,5,0.20434503257274628,0,False,0.9545454545454546,0.3181818181818182,0.875
1588,0,CF3,L5,0.7,dictlearn,8,5,0.3660418391227722,0,False,0.9545454545454546,0.3181818181818182,0.875
5400,0,CF3,L5,0.7,dictlearn,5,0,0.18132828176021576,0,False,0.9545454545454546,0.3181818181818182,0.875
8913,0,CF3,L5,0.7,dictlearn,6,5,0.23310451209545135,0,False,0.9545454545454546,0.3181818181818182,0.875
4990,0,CF3,L5,0.7,dictlearn,8,2,0.7004349827766418,0,False,0.9545454545454546,0.3181818181818182,0.875
13364,0,CF3,L5,0.7,dictlearn,7,5,0.24083653092384338,0,False,0.9545454545454546,0.3181818181818182,0.875
1157,0,CF3,L5,0.7,dictlearn,1,4,0.5810434818267822,0,False,0.9545454545454546,0.3181818181818182,0.875
19432,0,CF3,L5,0.7,dictlearn,6,6,0.35906100273132324,1,False,0.9545454545454546,0.3181818181818182,0.875
24861,0,CF3,L5,0.7,dictlearn,1,2,0.30070528388023376,0,False,0.9545454545454546,0.3181818181818182,0.875
16303,0,CF3,L5,0.7,dictlearn,0,2,0.6368042230606079,0,False,0.9545454545454546,0.3181818181818182,0.875
23675,0,CF3,L5,0.7,dictlearn,1,2,0.4166203439235687,0,False,0.9545454545454546,0.3181818181818182,0.875
10816,0,CF3,L5,0.7,dictlearn,5,0,0.29369765520095825,0,False,0.9545454545454546,0.3181818181818182,0.875
25683,0,CF3,L5,0.7,dictlearn,7,3,0.2368144690990448,0,False,0.9545454545454546,0.3181818181818182,0.875
6680,0,CF3,L5,0.7,dictlearn,7,2,0.49835970997810364,0,False,0.9545454545454546,0.3181818181818182,0.875
15541,0,CF3,L5,0.7,dictlearn,1,8,0.6310526132583618,0,False,0.9545454545454546,0.3181818181818182,0.875
129,0,CF3,L5,0.7,dictlearn,9,2,0.64360511302948,0,False,0.9545454545454546,0.3181818181818182,0.875
10977,0,CF3,L5,0.7,dictlearn,5,5,0.23848174512386322,1,False,0.9545454545454546,0.3181818181818182,0.875
7518,0,CF3,L5,0.7,dictlearn,5,2,0.4911196827888489,0,False,0.9545454545454546,0.3181818181818182,0.875
15350,0,CF3,L5,0.7,dictlearn,0,2,0.3374873399734497,0,False,0.9545454545454546,0.3181818181818182,0.875
4712,0,CF3,L5,0.7,dictlearn,2,2,0.7420949935913086,1,False,0.9545454545454546,0.3181818181818182,0.875
3234,0,CF3,L5,0.7,dictlearn,1,2,0.36607953906059265,0,False,0.9545454545454546,0.3181818181818182,0.875
21292,0,CF3,L5,0.7,dictlearn,8,2,0.3903667628765106,0,False,0.9545454545454546,0.3181818181818182,0.875
6439,0,CF3,L5,0.7,dictlearn,6,8,0.5583817362785339,0,False,0.9545454545454546,0.3181818181818182,0.875
16930,0,CF3,L5,0.7,dictlearn,4,4,0.44536852836608887,1,False,0.9545454545454546,0.3181818181818182,0.875
25255,0,CF3,L5,0.7,dictlearn,6,4,0.4599649906158447,0,False,0.9545454545454546,0.3181818181818182,0.875
5562,0,CF3,L5,0.7,dictlearn,6,8,0.6901692748069763,0,False,0.9545454545454546,0.3181818181818182,0.875
20888,0,CF3,L5,0.7,dictlearn,6,4,0.3842344582080841,0,False,0.9545454545454546,0.3181818181818182,0.875
17907,0,CF3,L5,0.7,dictlearn,0,8,0.4347548186779022,0,False,0.9545454545454546,0.3181818181818182,0.875
15282,0,CF3,L5,0.7,dictlearn,5,5,0.21092650294303894,1,False,0.9545454545454546,0.3181818181818182,0.875
9564,0,CF3,L5,0.7,dictlearn,5,3,0.21493394672870636,0,False,0.9545454545454546,0.3181818181818182,0.875
2105,0,CF3,L5,0.7,dictlearn,5,0,0.3572421073913574,0,False,0.9545454545454546,0.3181818181818182,0.875
2188,0,CF3,L5,0.7,dictlearn,5,2,0.27484995126724243,0,False,0.9545454545454546,0.3181818181818182,0.875
10587,0,CF3,L5,0.7,dictlearn,9,5,0.360038161277771,0,False,0.9545454545454546,0.3181818181818182,0.875
20421,0,CF3,L5,0.7,dictlearn,8,5,0.1799614578485489,0,False,0.9545454545454546,0.3181818181818182,0.875
23070,0,CF3,L5,0.7,dictlearn,0,8,0.32625794410705566,0,False,0.9545454545454546,0.3181818181818182,0.875
19127,0,CF3,L5,0.7,dictlearn,6,0,0.34321480989456177,0,False,0.9545454545454546,0.3181818181818182,0.875
7302,0,CF3,L5,0.7,dictlearn,3,0,0.2867279648780823,0,False,0.9545454545454546,0.3181818181818182,0.875
8409,0,CF3,L5,0.7,dictlearn,4,4,0.9985242486000061,1,False,0.9545454545454546,0.3181818181818182,0.875
11086,0,CF3,L5,0.7,dictlearn,7,0,0.26652076840400696,0,False,0.9545454545454546,0.3181818181818182,0.875
17122,0,CF3,L5,0.7,dictlearn,5,2,0.33383017778396606,0,False,0.9545454545454546,0.3181818181818182,0.875
3555,0,CF3,L5,0.7,dictlearn,2,2,0.9934132695198059,1,False,0.9545454545454546,0.3181818181818182,0.875
19437,0,CF3,L5,0.7,dictlearn,4,4,0.4656648635864258,1,False,0.9545454545454546,0.3181818181818182,0.875
594,0,CF3,L5,0.7,dictlearn,9,2,0.45305779576301575,0,False,0.9545454545454546,0.3181818181818182,0.875
21863,0,CF3,L5,0.7,dictlearn,3,2,0.2000507265329361,0,False,0.9545454545454546,0.3181818181818182,0.875
19765,0,CF3,L5,0.7,dictlearn,5,2,0.45668870210647583,0,False,0.9545454545454546,0.3181818181818182,0.875
16909,0,CF3,L5,0.7,dictlearn,2,2,0.5578647255897522,1,False,0.9545454545454546,0.3181818181818182,0.875
21154,0,CF3,L5,0.7,dictlearn,7,4,0.4953959584236145,0,False,0.9545454545454546,0.3181818181818182,0.875
18615,0,CF3,L5,0.7,dictlearn,7,4,0.24099455773830414,0,False,0.9545454545454546,0.3181818181818182,0.875
18171,0,CF3,L5,0.7,dictlearn,7,5,0.5485734343528748,0,False,0.9545454545454546,0.3181818181818182,0.875
24434,0,CF3,L5,0.7,dictlearn,5,3,0.3220129609107971,0,False,0.9545454545454546,0.3181818181818182,0.875
9664,0,CF3,L5,0.7,dictlearn,0,8,0.3576652705669403,0,False,0.9545454545454546,0.3181818181818182,0.875
2013,0,CF3,L5,0.7,dictlearn,5,4,0.18829917907714844,0,False,0.9545454545454546,0.3181818181818182,0.875
13537,0,CF3,L5,0.7,dictlearn,4,0,0.33251845836639404,0,False,0.9545454545454546,0.3181818181818182,0.875
23942,0,CF3,L5,0.7,dictlearn,9,2,0.6185838580131531,0,False,0.9545454545454546,0.3181818181818182,0.875
12415,0,CF3,L5,0.7,dictlearn,4,2,0.7939097285270691,0,False,0.9545454545454546,0.3181818181818182,0.875
13735,0,CF3,L5,0.7,dictlearn,0,3,0.549669086933136,0,False,0.9545454545454546,0.3181818181818182,0.875
6873,0,CF3,L5,0.7,dictlearn,1,2,0.33654677867889404,0,False,0.9545454545454546,0.3181818181818182,0.875
16233,0,CF3,L5,0.7,dictlearn,2,2,0.9616265892982483,1,False,0.9545454545454546,0.3181818181818182,0.875
13108,0,CF3,L5,0.7,dictlearn,5,2,0.44555163383483887,0,False,0.9545454545454546,0.3181818181818182,0.875
18114,0,CF3,L5,0.7,dictlearn,7,8,0.3590162694454193,0,False,0.9545454545454546,0.3181818181818182,0.875
25318,0,CF3,L5,0.7,dictlearn,0,0,0.2807021141052246,1,False,0.9545454545454546,0.3181818181818182,0.875
22387,0,CF3,L5,0.7,dictlearn,7,2,0.8153535723686218,0,False,0.9545454545454546,0.3181818181818182,0.875
19911,0,CF3,L5,0.7,dictlearn,7,2,0.45427486300468445,0,False,0.9545454545454546,0.3181818181818182,0.875
9953,0,CF3,L5,0.7,dictlearn,2,2,0.8915430307388306,1,False,0.9545454545454546,0.3181818181818182,0.875
18500,0,CF3,L5,0.7,dictlearn,1,4,0.809076726436615,0,False,0.9545454545454546,0.3181818181818182,0.875
12463,0,CF3,L5,0.7,dictlearn,2,2,0.808325469493866,1,False,0.9545454545454546,0.3181818181818182,0.875
12143,0,CF3,L5,0.7,dictlearn,8,2,0.7377448081970215,0,False,0.9545454545454546,0.3181818181818182,0.875
14588,0,CF3,L5,0.7,dictlearn,8,2,0.9836772680282593,0,False,0.9545454545454546,0.3181818181818182,0.875
22152,0,CF3,L5,0.7,dictlearn,2,2,0.4381469786167145,1,False,0.9545454545454546,0.3181818181818182,0.875
16563,0,CF3,L5,0.7,dictlearn,4,4,0.5293523073196411,1,False,0.9545454545454546,0.3181818181818182,0.875
25225,0,CF3,L5,0.7,dictlearn,9,2,0.5724095106124878,0,False,0.9545454545454546,0.3181818181818182,0.875
1161,0,CF3,L5,0.7,dictlearn,2,4,0.8280684947967529,0,False,0.9545454545454546,0.3181818181818182,0.875
9891,0,CF3,L5,0.7,dictlearn,5,0,0.34702491760253906,0,False,0.9545454545454546,0.3181818181818182,0.875
18833,0,CF3,L5,0.7,dictlearn,2,2,0.7421724200248718,1,False,0.9545454545454546,0.3181818181818182,0.875
6162,0,CF3,L5,0.7,dictlearn,2,2,0.831143319606781,1,False,0.9545454545454546,0.3181818181818182,0.875
22638,0,CF3,L5,0.7,dictlearn,0,2,0.32528576254844666,0,False,0.9545454545454546,0.3181818181818182,0.875
6112,0,CF3,L5,0.7,dictlearn,6,2,0.6988193988800049,0,False,0.9545454545454546,0.3181818181818182,0.875
24259,0,CF3,L5,0.7,dictlearn,9,8,0.29934170842170715,0,False,0.9545454545454546,0.3181818181818182,0.875
18029,0,CF3,L5,0.7,dictlearn,2,2,0.8639659881591797,1,False,0.9545454545454546,0.3181818181818182,0.875
13233,0,CF3,L5,0.7,dictlearn,0,4,0.3162063658237457,0,False,0.9545454545454546,0.3181818181818182,0.875
22560,0,CF3,L5,0.7,dictlearn,3,0,0.31126096844673157,0,False,0.9545454545454546,0.3181818181818182,0.875
17100,0,CF3,L5,0.7,dictlearn,7,2,0.7161917090415955,0,False,0.9545454545454546,0.3181818181818182,0.875
13394,0,CF3,L5,0.7,dictlearn,7,2,0.28848502039909363,0,False,0.9545454545454546,0.3181818181818182,0.875
25173,0,CF3,L5,0.7,dictlearn,3,8,0.22957080602645874,0,False,0.9545454545454546,0.3181818181818182,0.875
17342,0,CF3,L5,0.7,dictlearn,4,2,0.6347345113754272,0,False,0.9545454545454546,0.3181818181818182,0.875
5881,0,CF3,L5,0.7,dictlearn,1,4,0.5455486178398132,0,False,0.9545454545454546,0.3181818181818182,0.875
16982,0,CF3,L5,0.7,dictlearn,3,2,0.6333468556404114,0,False,0.9545454545454546,0.3181818181818182,0.875
12959,0,CF3,L5,0.7,dictlearn,2,2,0.8675274848937988,1,False,0.9545454545454546,0.3181818181818182,0.875
3410,0,CF3,L5,0.7,dictlearn,2,4,0.4731992781162262,0,False,0.9545454545454546,0.3181818181818182,0.875
1939,0,CF3,L5,0.7,dictlearn,2,2,0.9050248861312866,1,False,0.9545454545454546,0.3181818181818182,0.875
13563,0,CF3,L5,0.7,dictlearn,4,2,0.7872725129127502,0,False,0.9545454545454546,0.3181818181818182,0.875
9659,0,CF3,L5,0.7,dictlearn,4,4,0.6420846581459045,1,False,0.9545454545454546,0.3181818181818182,0.875
23588,0,CF3,L5,0.7,dictlearn,9,2,0.5024193525314331,0,False,0.9545454545454546,0.3181818181818182,0.875
12156,0,CF3,L5,0.7,dictlearn,9,2,0.5963860154151917,0,False,0.9545454545454546,0.3181818181818182,0.875
24790,0,CF3,L5,0.7,dictlearn,4,4,0.32924985885620117,1,False,0.9545454545454546,0.3181818181818182,0.875
894,0,CF3,L5,0.7,dictlearn,8,3,0.33635932207107544,0,False,0.9545454545454546,0.3181818181818182,0.875
13738,0,CF3,L5,0.7,dictlearn,7,2,0.7610387802124023,0,False,0.9545454545454546,0.3181818181818182,0.875
20555,0,CF3,L5,0.7,dictlearn,5,8,0.37304985523223877,0,False,0.9545454545454546,0.3181818181818182,0.875
20457,0,CF3,L5,0.7,dictlearn,3,4,0.19984708726406097,0,False,0.9545454545454546,0.3181818181818182,0.875
24842,0,CF3,L5,0.7,dictlearn,3,2,0.5504941940307617,0,False,0.9545454545454546,0.3181818181818182,0.875
11390,0,CF3,L5,0.7,dictlearn,9,2,0.6619265079498291,0,False,0.9545454545454546,0.3181818181818182,0.875
2665,0,CF3,L5,0.7,dictlearn,9,3,0.21856817603111267,0,False,0.9545454545454546,0.3181818181818182,0.875
24741,0,CF3,L5,0.7,dictlearn,8,3,0.3301267623901367,0,False,0.9545454545454546,0.3181818181818182,0.875
17634,0,CF3,L5,0.7,dictlearn,8,4,0.3239152729511261,0,False,0.9545454545454546,0.3181818181818182,0.875
16599,0,CF3,L5,0.7,dictlearn,1,4,0.749942421913147,0,False,0.9545454545454546,0.3181818181818182,0.875
19330,0,CF3,L5,0.7,dictlearn,7,4,0.7722145915031433,0,False,0.9545454545454546,0.3181818181818182,0.875
3257,0,CF3,L5,0.7,dictlearn,1,2,0.8669560551643372,0,False,0.9545454545454546,0.3181818181818182,0.875
1114,0,CF3,L5,0.7,dictlearn,9,2,0.3910149931907654,0,False,0.9545454545454546,0.3181818181818182,0.875
11738,0,CF3,L5,0.7,dictlearn,8,8,0.26998260617256165,1,False,0.9545454545454546,0.3181818181818182,0.875
13077,0,CF3,L5,0.7,dictlearn,8,8,0.6880837082862854,1,False,0.9545454545454546,0.3181818181818182,0.875
5168,0,CF3,L5,0.7,dictlearn,3,2,0.698756992816925,0,False,0.9545454545454546,0.3181818181818182,0.875
26013,0,CF3,L5,0.7,dictlearn,8,2,0.6716572046279907,0,False,0.9545454545454546,0.3181818181818182,0.875
5611,0,CF3,L5,0.7,dictlearn,7,5,0.4591614007949829,0,False,0.9545454545454546,0.3181818181818182,0.875
9389,0,CF3,L5,0.7,dictlearn,6,4,0.3193191885948181,0,False,0.9545454545454546,0.3181818181818182,0.875
25070,0,CF3,L5,0.7,dictlearn,2,2,0.9724361896514893,1,False,0.9545454545454546,0.3181818181818182,0.875
11322,0,CF3,L5,0.7,dictlearn,8,0,0.49491024017333984,0,False,0.9545454545454546,0.3181818181818182,0.875
3051,0,CF3,L5,0.7,dictlearn,0,2,0.5951894521713257,0,False,0.9545454545454546,0.3181818181818182,0.875
18770,0,CF3,L5,0.7,dictlearn,4,2,0.590282678604126,0,False,0.9545454545454546,0.3181818181818182,0.875
14692,0,CF3,L5,0.7,dictlearn,2,2,0.9743589758872986,1,False,0.9545454545454546,0.3181818181818182,0.875
4561,0,CF3,L5,0.7,dictlearn,5,0,0.25680631399154663,0,False,0.9545454545454546,0.3181818181818182,0.875
16994,0,CF3,L5,0.7,dictlearn,0,0,0.8032429814338684,1,False,0.9545454545454546,0.3181818181818182,0.875
4156,0,CF3,L5,0.7,dictlearn,5,5,0.26416054368019104,1,False,0.9545454545454546,0.3181818181818182,0.875
5884,0,CF3,L5,0.7,dictlearn,1,2,0.8722293376922607,0,False,0.9545454545454546,0.3181818181818182,0.875
18233,0,CF3,L5,0.7,dictlearn,0,0,0.4071376919746399,1,False,0.9545454545454546,0.3181818181818182,0.875
17044,0,CF3,L5,0.7,dictlearn,6,0,0.4709628224372864,0,False,0.9545454545454546,0.3181818181818182,0.875
18857,0,CF3,L5,0.7,dictlearn,6,2,0.5483087301254272,0,False,0.9545454545454546,0.3181818181818182,0.875
21917,0,CF3,L5,0.7,dictlearn,9,2,0.8053076267242432,0,False,0.9545454545454546,0.3181818181818182,0.875
5054,0,CF3,L5,0.7,dictlearn,3,8,0.7207673192024231,0,False,0.9545454545454546,0.3181818181818182,0.875
7882,0,CF3,L5,0.7,dictlearn,4,2,0.43187078833580017,0,False,0.9545454545454546,0.3181818181818182,0.875
15688,0,CF3,L5,0.7,dictlearn,4,4,0.9352843165397644,1,False,0.9545454545454546,0.3181818181818182,0.875
5612,0,CF3,L5,0.7,dictlearn,8,4,0.604340672492981,0,False,0.9545454545454546,0.3181818181818182,0.875
13934,0,CF3,L5,0.7,dictlearn,9,2,0.8091955184936523,0,False,0.9545454545454546,0.3181818181818182,0.875
16689,0,CF3,L5,0.7,dictlearn,2,2,0.5786687731742859,1,False,0.9545454545454546,0.3181818181818182,0.875
23844,0,CF3,L5,0.7,dictlearn,6,2,0.5528851747512817,0,False,0.9545454545454546,0.3181818181818182,0.875
7944,0,CF3,L5,0.7,dictlearn,7,5,0.34154126048088074,0,False,0.9545454545454546,0.3181818181818182,0.875
11370,0,CF3,L5,0.7,dictlearn,8,8,0.6109083294868469,1,False,0.9545454545454546,0.3181818181818182,0.875
24569,0,CF3,L5,0.7,dictlearn,1,4,0.49399226903915405,0,False,0.9545454545454546,0.3181818181818182,0.875
7529,0,CF3,L5,0.7,dictlearn,5,0,0.26330527663230896,0,False,0.9545454545454546,0.3181818181818182,0.875
5092,0,CF3,L5,0.7,dictlearn,2,2,0.9330589771270752,1,False,0.9545454545454546,0.3181818181818182,0.875
20673,0,CF3,L5,0.7,dictlearn,2,2,0.768824577331543,1,False,0.9545454545454546,0.3181818181818182,0.875
10096,0,CF3,L5,0.7,dictlearn,7,4,0.359443724155426,0,False,0.9545454545454546,0.3181818181818182,0.875
2059,0,CF3,L5,0.7,dictlearn,3,5,0.3219747245311737,0,False,0.9545454545454546,0.3181818181818182,0.875
19318,0,CF3,L5,0.7,dictlearn,0,0,0.5748886466026306,1,False,0.9545454545454546,0.3181818181818182,0.875
12977,0,CF3,L5,0.7,dictlearn,8,2,0.7118018269538879,0,False,0.9545454545454546,0.3181818181818182,0.875
17673,0,CF3,L5,0.7,dictlearn,0,4,0.33494362235069275,0,False,0.9545454545454546,0.3181818181818182,0.875
18750,0,CF3,L5,0.7,dictlearn,0,0,0.26390203833580017,1,False,0.9545454545454546,0.3181818181818182,0.875
16728,0,CF3,L5,0.7,dictlearn,3,2,0.7822576761245728,0,False,0.9545454545454546,0.3181818181818182,0.875
14776,0,CF3,L5,0.7,dictlearn,8,0,0.27579402923583984,0,False,0.9545454545454546,0.3181818181818182,0.875
6941,0,CF3,L5,0.7,dictlearn,9,9,0.26963353157043457,1,False,0.9545454545454546,0.3181818181818182,0.875
16787,0,CF3,L5,0.7,dictlearn,6,2,0.3479131758213043,0,False,0.9545454545454546,0.3181818181818182,0.875
25932,0,CF3,L5,0.7,dictlearn,5,3,0.3504956066608429,0,False,0.9545454545454546,0.3181818181818182,0.875
614,0,CF3,L5,0.7,dictlearn,0,0,0.2228209227323532,1,False,0.9545454545454546,0.3181818181818182,0.875
25690,0,CF3,L5,0.7,dictlearn,5,0,0.29385924339294434,0,False,0.9545454545454546,0.3181818181818182,0.875
25968,0,CF3,L5,0.7,dictlearn,5,2,0.3834421932697296,0,False,0.9545454545454546,0.3181818181818182,0.875
20123,0,CF3,L5,0.7,dictlearn,3,0,0.40541595220565796,0,False,0.9545454545454546,0.3181818181818182,0.875
13341,0,CF3,L5,0.7,dictlearn,5,8,0.4549964368343353,0,False,0.9545454545454546,0.3181818181818182,0.875
24697,0,CF3,L5,0.7,dictlearn,4,4,0.6256043314933777,1,False,0.9545454545454546,0.3181818181818182,0.875
15157,0,CF3,L5,0.7,dictlearn,6,8,0.3075599670410156,0,False,0.9545454545454546,0.3181818181818182,0.875
23115,0,CF3,L5,0.7,dictlearn,1,2,0.2693072259426117,0,False,0.9545454545454546,0.3181818181818182,0.875
6396,0,CF3,L5,0.7,dictlearn,0,2,0.8614829778671265,0,False,0.9545454545454546,0.3181818181818182,0.875
19142,0,CF3,L5,0.7,dictlearn,4,4,0.541183352470398,1,False,0.9545454545454546,0.3181818181818182,0.875
13157,0,CF3,L5,0.7,dictlearn,3,8,0.3835291564464569,0,False,0.9545454545454546,0.3181818181818182,0.875
19866,0,CF3,L5,0.7,dictlearn,1,2,0.9151548743247986,0,False,0.9545454545454546,0.3181818181818182,0.875
25996,0,CF3,L5,0.7,dictlearn,8,0,0.4861527681350708,0,False,0.9545454545454546,0.3181818181818182,0.875
25515,0,CF3,L5,0.7,dictlearn,7,4,0.8351163268089294,0,False,0.9545454545454546,0.3181818181818182,0.875
12876,0,CF3,L5,0.7,dictlearn,0,0,0.5007059574127197,1,False,0.9545454545454546,0.3181818181818182,0.875
17565,0,CF3,L5,0.7,dictlearn,6,0,0.4749344289302826,0,False,0.9545454545454546,0.3181818181818182,0.875
17511,0,CF3,L5,0.7,dictlearn,4,4,0.8513140082359314,1,False,0.9545454545454546,0.3181818181818182,0.875
19996,0,CF3,L5,0.7,dictlearn,0,0,0.3010599613189697,1,False,0.9545454545454546,0.3181818181818182,0.875
12807,0,CF3,L5,0.7,dictlearn,1,8,0.3560526669025421,0,False,0.9545454545454546,0.3181818181818182,0.875
11001,0,CF3,L5,0.7,dictlearn,9,2,0.3554287850856781,0,False,0.9545454545454546,0.3181818181818182,0.875
13107,0,CF3,L5,0.7,dictlearn,0,2,0.4001029133796692,0,False,0.9545454545454546,0.3181818181818182,0.875
12641,0,CF3,L5,0.7,dictlearn,6,0,0.8580079078674316,0,False,0.9545454545454546,0.3181818181818182,0.875
22667,0,CF3,L5,0.7,dictlearn,5,2,0.3311268985271454,0,False,0.9545454545454546,0.3181818181818182,0.875
7310,0,CF3,L5,0.7,dictlearn,7,2,0.54244065284729,0,False,0.9545454545454546,0.3181818181818182,0.875
764,0,CF3,L5,0.7,dictlearn,1,2,0.6700328588485718,0,False,0.9545454545454546,0.3181818181818182,0.875
14813,0,CF3,L5,0.7,dictlearn,4,2,0.8411672711372375,0,False,0.9545454545454546,0.3181818181818182,0.875
7132,0,CF3,L5,0.7,dictlearn,2,2,0.6834350824356079,1,False,0.9545454545454546,0.3181818181818182,0.875
23884,0,CF3,L5,0.7,dictlearn,1,4,0.3110043704509735,0,False,0.9545454545454546,0.3181818181818182,0.875
22735,0,CF3,L5,0.7,dictlearn,8,2,0.3923248052597046,0,False,0.9545454545454546,0.3181818181818182,0.875
12483,0,CF3,L5,0.7,dictlearn,2,2,0.8632625341415405,1,False,0.9545454545454546,0.3181818181818182,0.875
10442,0,CF3,L5,0.7,dictlearn,6,4,0.37442654371261597,0,False,0.9545454545454546,0.3181818181818182,0.875
3733,0,CF3,L5,0.7,dictlearn,8,0,0.4860175848007202,0,False,0.9545454545454546,0.3181818181818182,0.875
20089,0,CF3,L5,0.7,dictlearn,4,4,0.5729708075523376,1,False,0.9545454545454546,0.3181818181818182,0.875
20411,0,CF3,L5,0.7,dictlearn,4,4,0.5580117702484131,1,False,0.9545454545454546,0.3181818181818182,0.875
10695,0,CF3,L5,0.7,dictlearn,4,2,0.4506191611289978,0,False,0.9545454545454546,0.3181818181818182,0.875
11992,0,CF3,L5,0.7,dictlearn,2,2,0.8519222736358643,1,False,0.9545454545454546,0.3181818181818182,0.875
20712,0,CF3,L5,0.7,dictlearn,7,4,0.4537542164325714,0,False,0.9545454545454546,0.3181818181818182,0.875
6518,0,CF3,L5,0.7,dictlearn,8,4,0.6370759010314941,0,False,0.9545454545454546,0.3181818181818182,0.875
6015,0,CF3,L5,0.7,dictlearn,9,3,0.2828413248062134,0,False,0.9545454545454546,0.3181818181818182,0.875
8396,0,CF3,L5,0.7,dictlearn,5,2,0.6894243955612183,0,False,0.9545454545454546,0.3181818181818182,0.875
12097,0,CF3,L5,0.7,dictlearn,9,5,0.48385295271873474,0,False,0.9545454545454546,0.3181818181818182,0.875
12565,0,CF3,L5,0.7,dictlearn,2,4,0.40728336572647095,0,False,0.9545454545454546,0.3181818181818182,0.875
22474,0,CF3,L5,0.7,dictlearn,4,2,0.6758763194084167,0,False,0.9545454545454546,0.3181818181818182,0.875
25110,0,CF3,L5,0.7,dictlearn,9,8,0.29407089948654175,0,False,0.9545454545454546,0.3181818181818182,0.875
8275,0,CF3,L5,0.7,dictlearn,8,8,0.4516986608505249,1,False,0.9545454545454546,0.3181818181818182,0.875
3871,0,CF3,L5,0.7,dictlearn,1,2,0.4790334701538086,0,False,0.9545454545454546,0.3181818181818182,0.875
24639,0,CF3,L5,0.7,dictlearn,2,2,0.8409295678138733,1,False,0.9545454545454546,0.3181818181818182,0.875
15979,0,CF3,L5,0.7,dictlearn,3,2,0.34970590472221375,0,False,0.9545454545454546,0.3181818181818182,0.875
24513,0,CF3,L5,0.7,dictlearn,6,3,0.28792816400527954,0,False,0.9545454545454546,0.3181818181818182,0.875
10926,0,CF3,L5,0.7,dictlearn,7,9,0.21245352923870087,0,False,0.9545454545454546,0.3181818181818182,0.875
25564,0,CF3,L5,0.7,dictlearn,0,2,0.5730509757995605,0,False,0.9545454545454546,0.3181818181818182,0.875
2118,0,CF3,L5,0.7,dictlearn,0,0,0.34556493163108826,1,False,0.9545454545454546,0.3181818181818182,0.875
4358,0,CF3,L5,0.7,dictlearn,9,2,0.46463966369628906,0,False,0.9545454545454546,0.3181818181818182,0.875
5674,0,CF3,L5,0.7,dictlearn,8,3,0.41101765632629395,0,False,0.9545454545454546,0.3181818181818182,0.875
3397,0,CF3,L5,0.7,dictlearn,7,5,0.26550039649009705,0,False,0.9545454545454546,0.3181818181818182,0.875
5183,0,CF3,L5,0.7,dictlearn,7,5,0.2965905964374542,0,False,0.9545454545454546,0.3181818181818182,0.875
7505,0,CF3,L5,0.7,dictlearn,9,3,0.31651607155799866,0,False,0.9545454545454546,0.3181818181818182,0.875
17539,0,CF3,L5,0.7,dictlearn,0,2,0.4410540461540222,0,False,0.9545454545454546,0.3181818181818182,0.875
23918,0,CF3,L5,0.7,dictlearn,6,0,0.32888808846473694,0,False,0.9545454545454546,0.3181818181818182,0.875
19449,0,CF3,L5,0.7,dictlearn,2,2,0.8830355405807495,1,False,0.9545454545454546,0.3181818181818182,0.875
18599,0,CF3,L5,0.7,dictlearn,3,2,0.4130098819732666,0,False,0.9545454545454546,0.3181818181818182,0.875
8175,0,CF3,L5,0.7,dictlearn,8,0,0.39652472734451294,0,False,0.9545454545454546,0.3181818181818182,0.875
18412,0,CF3,L5,0.7,dictlearn,7,1,0.1907997578382492,0,False,0.9545454545454546,0.3181818181818182,0.875
20667,0,CF3,L5,0.7,dictlearn,1,8,0.45712074637413025,0,False,0.9545454545454546,0.3181818181818182,0.875
8672,0,CF3,L5,0.7,dictlearn,9,2,0.390177845954895,0,False,0.9545454545454546,0.3181818181818182,0.875
22087,0,CF3,L5,0.7,dictlearn,1,2,0.8164558410644531,0,False,0.9545454545454546,0.3181818181818182,0.875
6910,0,CF3,L5,0.7,dictlearn,2,2,0.9136963486671448,1,False,0.9545454545454546,0.3181818181818182,0.875
19205,0,CF3,L5,0.7,dictlearn,3,3,0.251099169254303,1,False,0.9545454545454546,0.3181818181818182,0.875
10581,0,CF3,L5,0.7,dictlearn,3,2,0.4923037588596344,0,False,0.9545454545454546,0.3181818181818182,0.875
14516,0,CF3,L5,0.7,dictlearn,4,4,0.4781711995601654,1,False,0.9545454545454546,0.3181818181818182,0.875
22602,0,CF3,L5,0.7,dictlearn,4,2,0.5813853740692139,0,False,0.9545454545454546,0.3181818181818182,0.875
1944,0,CF3,L5,0.7,dictlearn,0,4,0.42481914162635803,0,False,0.9545454545454546,0.3181818181818182,0.875
19718,0,CF3,L5,0.7,dictlearn,0,1,0.191197469830513,0,False,0.9545454545454546,0.3181818181818182,0.875
15599,0,CF3,L5,0.7,dictlearn,7,2,0.39836475253105164,0,False,0.9545454545454546,0.3181818181818182,0.875
16766,0,CF3,L5,0.7,dictlearn,9,5,0.23595954477787018,0,False,0.9545454545454546,0.3181818181818182,0.875
12317,0,CF3,L5,0.7,dictlearn,5,2,0.9351571202278137,0,False,0.9545454545454546,0.3181818181818182,0.875
6275,0,CF3,L5,0.7,dictlearn,6,2,0.5905265808105469,0,False,0.9545454545454546,0.3181818181818182,0.875
14332,0,CF3,L5,0.7,dictlearn,3,0,0.4282342493534088,0,False,0.9545454545454546,0.3181818181818182,0.875
25615,0,CF3,L5,0.7,dictlearn,8,2,0.38376399874687195,0,False,0.9545454545454546,0.3181818181818182,0.875
7680,0,CF3,L5,0.7,dictlearn,7,2,0.5160344243049622,0,False,0.9545454545454546,0.3181818181818182,0.875
22105,0,CF3,L5,0.7,dictlearn,7,8,0.4224063754081726,0,False,0.9545454545454546,0.3181818181818182,0.875
19179,0,CF3,L5,0.7,dictlearn,5,0,0.5434660315513611,0,False,0.9545454545454546,0.3181818181818182,0.875
22379,0,CF3,L5,0.7,dictlearn,5,2,0.7526302337646484,0,False,0.9545454545454546,0.3181818181818182,0.875
11796,0,CF3,L5,0.7,dictlearn,0,2,0.32638266682624817,0,False,0.9545454545454546,0.3181818181818182,0.875
16929,0,CF3,L5,0.7,dictlearn,0,0,0.48410600423812866,1,False,0.9545454545454546,0.3181818181818182,0.875
20580,0,CF3,L5,0.7,dictlearn,2,2,0.6797680258750916,1,False,0.9545454545454546,0.3181818181818182,0.875
21272,0,CF3,L5,0.7,dictlearn,7,4,0.23317581415176392,0,False,0.9545454545454546,0.3181818181818182,0.875
12963,0,CF3,L5,0.7,dictlearn,4,4,0.4755691587924957,1,False,0.9545454545454546,0.3181818181818182,0.875
15648,0,CF3,L5,0.7,dictlearn,9,2,0.3600770831108093,0,False,0.9545454545454546,0.3181818181818182,0.875
10831,0,CF3,L5,0.7,dictlearn,6,3,0.3492988348007202,0,False,0.9545454545454546,0.3181818181818182,0.875
12228,0,CF3,L5,0.7,dictlearn,3,2,0.8947679400444031,0,False,0.9545454545454546,0.3181818181818182,0.875
2242,0,CF3,L5,0.7,dictlearn,7,2,0.7074355483055115,0,False,0.9545454545454546,0.3181818181818182,0.875
25443,0,CF3,L5,0.7,dictlearn,3,3,0.49453428387641907,1,False,0.9545454545454546,0.3181818181818182,0.875
23913,0,CF3,L5,0.7,dictlearn,1,2,0.8876007199287415,0,False,0.9545454545454546,0.3181818181818182,0.875
18452,0,CF3,L5,0.7,dictlearn,1,2,0.2358051836490631,0,False,0.9545454545454546,0.3181818181818182,0.875
12210,0,CF3,L5,0.7,dictlearn,0,8,0.4131028950214386,0,False,0.9545454545454546,0.3181818181818182,0.875
3532,0,CF3,L5,0.7,dictlearn,6,3,0.23523922264575958,0,False,0.9545454545454546,0.3181818181818182,0.875
13678,0,CF3,L5,0.7,dictlearn,9,2,0.3711477518081665,0,False,0.9545454545454546,0.3181818181818182,0.875
21370,0,CF3,L5,0.7,dictlearn,5,9,0.32528218626976013,0,False,0.9545454545454546,0.3181818181818182,0.875
23728,0,CF3,L5,0.7,dictlearn,9,8,0.4280329942703247,0,False,0.9545454545454546,0.3181818181818182,0.875
7460,0,CF3,L5,0.7,dictlearn,0,8,0.37840956449508667,0,False,0.9545454545454546,0.3181818181818182,0.875
25354,0,CF3,L5,0.7,dictlearn,2,2,0.9537696242332458,1,False,0.9545454545454546,0.3181818181818182,0.875
18984,0,CF3,L5,0.7,dictlearn,8,8,0.8779862523078918,1,False,0.9545454545454546,0.3181818181818182,0.875
12422,0,CF3,L5,0.7,dictlearn,6,8,0.5320867896080017,0,False,0.9545454545454546,0.3181818181818182,0.875
7413,0,CF3,L5,0.7,dictlearn,4,4,0.5665212273597717,1,False,0.9545454545454546,0.3181818181818182,0.875
