family,level,seed,method,metric,n,mean,sd,ci_lo,ci_hi
CF1,L1,0,zero_fill,psnr,300,20.74784864634781,3.5376663677165925,20.347881005931868,21.153577105528672
CF1,L1,0,zero_fill,psnr_masked,300,7.741787768332861,3.537666378614829,7.34171521451747,8.147175605491036
CF1,L1,0,zero_fill,ssim,300,0.5379777688856143,0.22245102485066126,0.5123926032990959,0.5625519331686227
CF1,L1,0,zero_fill,hrp,300,3.2597300921877226,2.7129019171538817,2.9661014349659287,3.5738103900278606
CF1,L1,0,bilinear,psnr,300,42.93664560739436,8.536461085327506,41.992307846154446,43.92245761501392
CF1,L1,0,bilinear,psnr_masked,300,29.93058474753913,8.536461072727734,28.98575559392167,30.900894512565507
CF1,L1,0,bilinear,ssim,300,0.9924402072106909,0.003772965777275929,0.9920095786780587,0.9928615479618286
CF1,L1,0,bilinear,hrp,300,0.7542991690337658,0.11770570843117695,0.7405332737242182,0.7675703732197483
CF1,L1,0,inpaint_telea,psnr,300,41.41175018120265,7.02563244160752,40.63061825061285,42.21116655740924
CF1,L1,0,inpaint_telea,psnr_masked,300,28.405689319610016,7.025632458522709,27.64117102415018,29.217438491009673
CF1,L1,0,inpaint_telea,ssim,300,0.9891086223981154,0.0032128891188066225,0.9887433062255755,0.9894676025089111
CF1,L1,0,inpaint_telea,hrp,300,0.7093793718516826,0.13720185371736288,0.6937583693514268,0.724759280713896
CF1,L1,0,inpaint_ns,psnr,300,43.53762335114316,8.358148547454626,42.60252289082394,44.499138951339724
CF1,L1,0,inpaint_ns,psnr_masked,300,30.531562483963977,8.358148561137382,29.614531278019047,31.48042969109092
CF1,L1,0,inpaint_ns,ssim,300,0.9926620440760697,0.0030886293294179615,0.9923112341923425,0.9930083425859817
CF1,L1,0,inpaint_ns,hrp,300,0.7256328419347604,0.13383714391609675,0.7106858322458963,0.7405250747998555
CF1,L1,0,dictlearn,psnr,300,30.009373752255815,5.209908999230845,29.41467866523539,30.600542593883862
CF1,L1,0,dictlearn,psnr_masked,300,17.00331281639937,5.209909024530435,16.401394125799946,17.58719718415687
CF1,L1,0,dictlearn,ssim,300,0.8341811985565903,0.13255686322838792,0.8189369778388133,0.848665902890301
CF1,L1,0,dictlearn,hrp,300,0.0021978153785069785,0.03806727901230309,0.0,0.006593446135520935
CF1,L1,0,csfr,psnr,300,44.70263315918774,9.078282609997464,43.709322457010124,45.72230153175365
CF1,L1,0,csfr,psnr_masked,300,31.696572281690486,9.078282607463086,30.675631127161672,32.72239503492231
CF1,L1,0,csfr,ssim,300,0.9935683490005199,0.0032471039738043443,0.9931999740442081,0.9939262937131976
CF1,L1,0,csfr,hrp,300,0.7511897932986419,0.12669945808983177,0.7369429400227964,0.765406389636298
CF1,L1,1,zero_fill,psnr,300,20.689158182011568,3.410487712614014,20.312954828631852,21.07977729645067
CF1,L1,1,zero_fill,psnr_masked,300,7.6830973249452805,3.4104877185912383,7.299967160571882,8.069167847481824
CF1,L1,1,zero_fill,ssim,300,0.5369762460926082,0.22314091656030158,0.5112137163631143,0.5614767788600791
CF1,L1,1,zero_fill,hrp,300,3.2604063533743224,2.7264624515985236,2.9609740817993884,3.586673062150677
CF1,L1,1,bilinear,psnr,300,42.76302427659743,8.589366920970829,41.80282437541914,43.70699887896598
CF1,L1,1,bilinear,psnr_masked,300,29.756963389168693,8.589366928963827,28.771200413311984,30.75565671171465
CF1,L1,1,bilinear,ssim,300,0.9923240229134276,0.0037335316316386806,0.9918986966392709,0.9927361641060336
CF1,L1,1,bilinear,hrp,300,0.7571297375361125,0.1201298306385032,0.7431809521044294,0.7703127125228445
CF1,L1,1,inpaint_telea,psnr,300,41.31907872736918,6.997550644636662,40.54108972986299,42.108733371655205
CF1,L1,1,inpaint_telea,psnr_masked,300,28.313017864410668,6.997550638022593,27.52877179543195,29.12293793178557
CF1,L1,1,inpaint_telea,ssim,300,0.9891418269483851,0.0031502643681054683,0.988780356405519,0.9894893296946136
CF1,L1,1,inpaint_telea,hrp,300,0.7105981436371803,0.13685571774820204,0.6948533801486095,0.7257737921824058
CF1,L1,1,inpaint_ns,psnr,300,43.4477357592734,8.361989121287264,42.502684175131684,44.38627684308871
CF1,L1,1,inpaint_ns,psnr_masked,300,30.441674890311756,8.361989121795068,29.513825537267756,31.385369241833473
CF1,L1,1,inpaint_ns,ssim,300,0.9926528509271864,0.002945682846798411,0.9923234442774003,0.9929883269790906
CF1,L1,1,inpaint_ns,hrp,300,0.725848978360494,0.13371317873932065,0.7106339954584837,0.740656885271271
CF1,L1,1,dictlearn,psnr,300,30.05255302066206,5.228284576981706,29.468554494444398,30.654126713795876
CF1,L1,1,dictlearn,psnr_masked,300,17.046492102873593,5.228284551864298,16.461281723491865,17.633168261465357
CF1,L1,1,dictlearn,ssim,300,0.8362021790375669,0.13215855657575773,0.8208184711189898,0.8507485199741046
CF1,L1,1,dictlearn,hrp,300,0.007347108721733093,0.07334022888199816,0.0,0.01683459758758545
CF1,L1,1,csfr,psnr,300,44.66527885282442,9.141997503278727,43.6512889806833,45.73061752735275
CF1,L1,1,csfr,psnr_masked,300,31.659217945608045,9.141997512899668,30.671699503264698,32.680010744553776
CF1,L1,1,csfr,ssim,300,0.9936135972380119,0.0030745786248801118,0.9932689063702012,0.9939541773583312
CF1,L1,1,csfr,hrp,300,0.7515366388360659,0.1261450908904003,0.7371472397769491,0.7656845598121483
CF1,L1,2,zero_fill,psnr,300,20.728865128217027,3.4956513188908076,20.348167610085387,21.124706507554684
CF1,L1,2,zero_fill,psnr_masked,300,7.722804264557893,3.495651314597083,7.334545845858175,8.122099912432185
CF1,L1,2,zero_fill,ssim,300,0.538028246087697,0.22235599004768206,0.512879352515271,0.5629393642847941
CF1,L1,2,zero_fill,hrp,300,3.255456463098526,2.7046015338075806,2.9590067985455195,3.5797261826743685
CF1,L1,2,bilinear,psnr,300,42.93906280396713,8.574272535354265,41.99769555321555,43.92941750843827
CF1,L1,2,bilinear,psnr_masked,300,29.9330019319243,8.574272545302643,28.962288497124696,30.91927835572468
CF1,L1,2,bilinear,ssim,300,0.9924237095517854,0.003647047143653016,0.9920053734141839,0.9928340362053326
CF1,L1,2,bilinear,hrp,300,0.7518460720777511,0.1205248389362979,0.7379056119720141,0.7655141382863123
CF1,L1,2,inpaint_telea,psnr,300,41.426246883177,6.964867256564851,40.617916740519235,42.21954480701512
CF1,L1,2,inpaint_telea,psnr_masked,300,28.420186017077818,6.964867268280679,27.645982760260086,29.220794158395446
CF1,L1,2,inpaint_telea,ssim,300,0.9891297854726461,0.0030276345258814083,0.9887916802803397,0.9894831481988213
CF1,L1,2,inpaint_telea,hrp,300,0.7069434759020805,0.13764857423875146,0.6913809859106937,0.7226336982200543
CF1,L1,2,inpaint_ns,psnr,300,43.48246660862597,8.325185980845209,42.544485102493326,44.453257324866385
CF1,L1,2,inpaint_ns,psnr_masked,300,30.476405733865775,8.325185978121564,29.557738015988622,31.435719440732214
CF1,L1,2,inpaint_ns,ssim,300,0.9926201229637729,0.0030477256360981276,0.9922752203912105,0.9929621844547573
CF1,L1,2,inpaint_ns,hrp,300,0.7223409296075503,0.1344471089217097,0.7068590801060199,0.7372801055436332
CF1,L1,2,dictlearn,psnr,300,30.100235105750752,5.336108015805701,29.505556417975694,30.705534717760745
CF1,L1,2,dictlearn,psnr_masked,300,17.094174233260087,5.336108009936445,16.486159639295277,17.70882579940763
CF1,L1,2,dictlearn,ssim,300,0.834957371806037,0.1330282394589811,0.8197258139589287,0.8497003207283601
CF1,L1,2,dictlearn,hrp,300,0.004891661206881205,0.05992460759409745,0.0,0.012380065123240153
CF1,L1,2,csfr,psnr,300,44.679124946934465,8.979340583765694,43.68975533313748,45.71176883572356
CF1,L1,2,csfr,psnr_masked,300,31.673064066422448,8.979340606210059,30.6793307782021,32.70015539747402
CF1,L1,2,csfr,ssim,300,0.9935725538727017,0.0032124982952632998,0.9932114806408214,0.9939422536533011
CF1,L1,2,csfr,hrp,300,0.7475684235493342,0.12767576478777823,0.7326489567706982,0.7616790042469899
CF1,L2,0,zero_fill,psnr,300,15.937048092123684,3.4490977794530164,15.5524830875007,16.33850846692799
CF1,L2,0,zero_fill,psnr_masked,300,7.69513232353839,3.449097779547952,7.305335828551304,8.093996998968837
CF1,L2,0,zero_fill,ssim,300,0.3341243128069863,0.20104714175063415,0.3117913786263984,0.3569655095519554
CF1,L2,0,zero_fill,hrp,300,3.258517991602421,2.710744262772171,2.9620465466926493,3.576329539132615
CF1,L2,0,bilinear,psnr,300,37.02371385105916,7.222404468786755,36.2107833024251,37.84605024449598
CF1,L2,0,bilinear,psnr_masked,300,28.781798086485807,7.222404461144061,27.979784567825657,29.618604714773728
CF1,L2,0,bilinear,ssim,300,0.9767979015444488,0.010701919496104686,0.9755857110775485,0.9779976419218807
CF1,L2,0,bilinear,hrp,300,0.7559262692928315,0.11561817930717765,0.7427653186097741,0.7689162036751707
CF1,L2,0,inpaint_telea,psnr,300,35.705068916820565,6.932095288009827,34.91861583139625,36.513716058173515
CF1,L2,0,inpaint_telea,psnr_masked,300,27.463153149890683,6.932095284950485,26.710065235603942,28.25308593513756
CF1,L2,0,inpaint_telea,ssim,300,0.9606155717587965,0.013674226968860687,0.9589249366600651,0.9620848793441056
CF1,L2,0,inpaint_telea,hrp,300,0.7019322407245636,0.13853606173199753,0.6862964975213012,0.7175816030924519
CF1,L2,0,inpaint_ns,psnr,300,38.30564964604691,8.19746694123257,37.410988481352824,39.2354075613579
CF1,L2,0,inpaint_ns,psnr_masked,300,30.063733880942102,8.197466944041661,29.158608883059784,31.0190311510735
CF1,L2,0,inpaint_ns,ssim,300,0.9762269460193854,0.00908654624346147,0.9752119438799762,0.9772470764402009
CF1,L2,0,inpaint_ns,hrp,300,0.7256124258041382,0.13187488030120706,0.7104364334767064,0.7402052286490798
CF1,L2,0,dictlearn,psnr,300,25.214070491740433,5.214713188241705,24.62684199195891,25.801198097592735
CF1,L2,0,dictlearn,psnr_masked,300,16.972154724314855,5.214713164105296,16.37407657900312,17.558849957137934
CF1,L2,0,dictlearn,ssim,300,0.6939629949664715,0.1719428942009341,0.6739441233494862,0.7130677864157469
CF1,L2,0,dictlearn,hrp,300,0.0,0.0,0.0,0.0
CF1,L2,0,csfr,psnr,300,39.36227209101225,8.81580500254884,38.386669203569326,40.36020640975086
CF1,L2,0,csfr,psnr_masked,300,31.12035629388164,8.815805010555687,30.114188711378215,32.119544200806466
CF1,L2,0,csfr,ssim,300,0.9787087453763049,0.009763747666421208,0.9775958315547983,0.9798065333977105
CF1,L2,0,csfr,hrp,300,0.7493126769860585,0.12589389221774402,0.7348874271189173,0.7638538970972101
CF1,L2,1,zero_fill,psnr,300,15.935990938256658,3.4275619723021586,15.545464274915206,16.327551007519258
CF1,L2,1,zero_fill,psnr_masked,300,7.694075160642696,3.42756196960878,7.305060256316869,8.085759381647941
CF1,L2,1,zero_fill,ssim,300,0.33328191568845306,0.20041232129717196,0.3108074421033939,0.35574977375503064
CF1,L2,1,zero_fill,hrp,300,3.2575522220134734,2.6938340453110015,2.9597685073465105,3.5706938886791466
CF1,L2,1,bilinear,psnr,300,37.08842084347078,7.386609381443092,36.26572921164584,37.936722179888825
CF1,L2,1,bilinear,psnr_masked,300,28.846505072757658,7.3866093682106575,28.01093678248334,29.684888996115262
CF1,L2,1,bilinear,ssim,300,0.9763997156734564,0.011006298721540722,0.9751845319268071,0.9776478695152487
CF1,L2,1,bilinear,hrp,300,0.7551791735490163,0.11494966314357177,0.742060263822476,0.7679934900378188
CF1,L2,1,inpaint_telea,psnr,300,35.62356642956353,6.990341509524327,34.84310780180683,36.42396328129604
CF1,L2,1,inpaint_telea,psnr_masked,300,27.381650661096938,6.990341517649236,26.58388337836767,28.184482593841615
CF1,L2,1,inpaint_telea,ssim,300,0.9599788868711482,0.013824502748065156,0.9583639971540654,0.961451380161554
CF1,L2,1,inpaint_telea,hrp,300,0.7007725605368614,0.13781540772361192,0.684723962234954,0.7161482824236154
CF1,L2,1,inpaint_ns,psnr,300,38.21054946081819,8.283638443727138,37.29949509601341,39.17275677919773
CF1,L2,1,inpaint_ns,psnr_masked,300,29.968633699701307,8.283638451741682,29.043356231696773,30.933284013556108
CF1,L2,1,inpaint_ns,ssim,300,0.9758043992704389,0.009376864863828842,0.974768830169219,0.9768716667951725
CF1,L2,1,inpaint_ns,hrp,300,0.7250080198049546,0.13077839872755428,0.7100680540626249,0.739665524063011
CF1,L2,1,dictlearn,psnr,300,25.194198869794178,5.229544265304078,24.61743578986125,25.795961912709185
CF1,L2,1,dictlearn,psnr_masked,300,16.9522831201215,5.229544306645966,16.374621490320305,17.552852698119857
CF1,L2,1,dictlearn,ssim,300,0.6942072093784106,0.17142429342458548,0.6746260249188174,0.7128253384102325
CF1,L2,1,dictlearn,hrp,300,0.0,0.0,0.0,0.0
CF1,L2,1,csfr,psnr,300,39.26830885982461,8.74167817026761,38.2690305624198,40.288808100055476
CF1,L2,1,csfr,psnr_masked,300,31.026393109669964,8.741678145269512,30.052292634171145,32.01316146152839
CF1,L2,1,csfr,ssim,300,0.9783449435137505,0.01008512802983885,0.9771889811791856,0.9794922835804841
CF1,L2,1,csfr,hrp,300,0.7495104253292084,0.12407742800986152,0.7350612120230993,0.7633182145481309
CF1,L2,2,zero_fill,psnr,300,15.946002068805129,3.4460436655248055,15.562418065045074,16.34398876521057
CF1,L2,2,zero_fill,psnr_masked,300,7.7040863014349465,3.446043668117557,7.310973024165181,8.10737128641299
CF1,L2,2,zero_fill,ssim,300,0.3339813580037349,0.20102135253756492,0.3113939635530077,0.35692756334954207
CF1,L2,2,zero_fill,hrp,300,3.2590126980344456,2.7140607883896988,2.963668151959777,3.5701965453500546
CF1,L2,2,bilinear,psnr,300,37.18172468514953,7.444602579647224,36.34398482811052,38.03081086048488
CF1,L2,2,bilinear,psnr_masked,300,28.939808892584747,7.4446025702881835,28.101803116908094,29.777960993037368
CF1,L2,2,bilinear,ssim,300,0.9765106152072129,0.011040894923416138,0.9752515091309607,0.977765195120878
CF1,L2,2,bilinear,hrp,300,0.7537282294531663,0.1148267997430506,0.7402735493332148,0.7667051640885572
CF1,L2,2,inpaint_telea,psnr,300,35.66488002852343,6.962828685137597,34.88817293748843,36.447485008579264
CF1,L2,2,inpaint_telea,psnr_masked,300,27.422964250966633,6.962828689045059,26.645615037821678,28.22086488709442
CF1,L2,2,inpaint_telea,ssim,300,0.9604041518447595,0.013619006026455879,0.9587381658861883,0.9618816306964334
CF1,L2,2,inpaint_telea,hrp,300,0.699966561794281,0.13762397614494043,0.6838699453870456,0.7153597769017022
CF1,L2,2,inpaint_ns,psnr,300,38.298535894020006,8.263430647726317,37.3685301159256,39.249308652281215
CF1,L2,2,inpaint_ns,psnr_masked,300,30.056620132958134,8.263430647022162,29.125561451125424,30.990608688199817
CF1,L2,2,inpaint_ns,ssim,300,0.976049113836784,0.009454938098671444,0.9749773229616004,0.9771025620523817
CF1,L2,2,inpaint_ns,hrp,300,0.7236391491691272,0.13076178297700283,0.7090464402064681,0.738206161044538
CF1,L2,2,dictlearn,psnr,300,25.220642441418743,5.222040944063522,24.647818119149285,25.80987273633076
CF1,L2,2,dictlearn,psnr_masked,300,16.978726652924085,5.222040926022266,16.40171761793495,17.58517609337941
CF1,L2,2,dictlearn,ssim,300,0.6946303958901988,0.1715308208754799,0.6753928343775512,0.7135400254115772
CF1,L2,2,dictlearn,hrp,300,0.0,0.0,0.0,0.0
CF1,L2,2,csfr,psnr,300,39.34703977526027,8.801287059336339,38.37605604717461,40.36875507131388
CF1,L2,2,csfr,psnr_masked,300,31.10512401294104,8.80128706556019,30.12760988430308,32.1098122665637
CF1,L2,2,csfr,ssim,300,0.9785211716637495,0.010102407431255884,0.9773910716011888,0.9796582322031181
CF1,L2,2,csfr,hrp,300,0.7477888557314872,0.12449287326089009,0.7338420223444699,0.7615559097106258
CF1,L3,0,zero_fill,psnr,300,12.932189846713651,3.44326868528777,12.544521005822563,13.329594511653957
CF1,L3,0,zero_fill,psnr_masked,300,7.704109202800332,3.443268677129294,7.310090285408738,8.101122681991603
CF1,L3,0,zero_fill,ssim,300,0.22252652185713753,0.15356532329292436,0.20489278768068508,0.24005723243346194
CF1,L3,0,zero_fill,hrp,300,3.2540033112963043,2.6722945835939313,2.9647052137851713,3.5716480315799513
CF1,L3,0,bilinear,psnr,300,33.18734758292118,6.482960229435357,32.47116993273099,33.93494729446431
CF1,L3,0,bilinear,psnr_masked,300,27.959266896157782,6.482960231762444,27.23155058952858,28.715808767205658
CF1,L3,0,bilinear,ssim,300,0.9495251242195741,0.0230510365382412,0.9469253055957674,0.9521229999313633
CF1,L3,0,bilinear,hrp,300,0.751755004276832,0.11594875662491914,0.7388795687009891,0.7648799144898851
CF1,L3,0,inpaint_telea,psnr,300,31.84228374582673,6.959337793461329,31.07228795490949,32.64529768854149
CF1,L3,0,inpaint_telea,psnr_masked,300,26.6142030994194,6.959337802003946,25.840531221947657,27.430868670776526
CF1,L3,0,inpaint_telea,ssim,300,0.9065944123068864,0.0296973827024238,0.9030652540872153,0.9098130259760506
CF1,L3,0,inpaint_telea,hrp,300,0.6897879929840565,0.1403864120348169,0.6738964815003177,0.7052636844267447
CF1,L3,0,inpaint_ns,psnr,300,34.62040606539321,8.197088251280485,33.718044152173974,35.55496770090219
CF1,L3,0,inpaint_ns,psnr_masked,300,29.392325408355862,8.197088257240411,28.456793143360866,30.337200142853337
CF1,L3,0,inpaint_ns,ssim,300,0.9451355479980398,0.021113650267481954,0.9427547085242333,0.9474794700712312
CF1,L3,0,inpaint_ns,hrp,300,0.7206584110856056,0.1311530352936658,0.7059629338209827,0.7350199341227611
CF1,L3,0,dictlearn,psnr,300,22.2116774290958,5.236882984282245,21.607737948510476,22.81132885863679
CF1,L3,0,dictlearn,psnr_masked,300,16.983596750192483,5.236882995013805,16.400162861224295,17.584913403778007
CF1,L3,0,dictlearn,ssim,300,0.5761523719896848,0.16964703391325903,0.5568674301941258,0.5951761962991834
CF1,L3,0,dictlearn,hrp,300,0.0,0.0,0.0,0.0
CF1,L3,0,csfr,psnr,300,35.62539591949502,8.65111634895364,34.65067252042788,36.61128132952458
CF1,L3,0,csfr,psnr_masked,300,30.397315259583024,8.651116369895254,29.442873766967114,31.395167630373113
CF1,L3,0,csfr,ssim,300,0.9499650981600439,0.02274694386573105,0.947351212720124,0.9525321618635794
CF1,L3,0,csfr,hrp,300,0.7425686314702034,0.12708235861849213,0.7278508226970832,0.7566307746171951
CF1,L3,1,zero_fill,psnr,300,12.940689795224507,3.4718410570636595,12.561344426890214,13.331738463688149
CF1,L3,1,zero_fill,psnr_masked,300,7.712609140655395,3.471841059146255,7.319643205416399,8.10930769545173
CF1,L3,1,zero_fill,ssim,300,0.22169321634067335,0.15316174051637746,0.20454691665690572,0.23911693690293903
CF1,L3,1,zero_fill,hrp,300,3.2536778141061466,2.6827966398348155,2.9672002125283083,3.568302721939981
CF1,L3,1,bilinear,psnr,300,33.2267393548068,6.628764204782187,32.48151159526154,33.96459312582255
CF1,L3,1,bilinear,psnr_masked,300,27.99865871236132,6.628764222912208,27.25331058854434,28.753995692731976
CF1,L3,1,bilinear,ssim,300,0.9497207496646249,0.02272316220113724,0.9472280754043484,0.9522682557208876
CF1,L3,1,bilinear,hrp,300,0.7526781023542086,0.11426943471502853,0.7398163184995453,0.7654915079002579
CF1,L3,1,inpaint_telea,psnr,300,31.846078368284797,6.9434082054237765,31.083288802860068,32.64979624988806
CF1,L3,1,inpaint_telea,psnr_masked,300,26.61799771569119,6.943408208661349,25.85822320380577,27.39668615949364
CF1,L3,1,inpaint_telea,ssim,300,0.9068798368456481,0.029869353587846138,0.9034199231708592,0.9100575150202527
CF1,L3,1,inpaint_telea,hrp,300,0.6886896124482155,0.14090661822434505,0.6723354192227126,0.7044654183586438
CF1,L3,1,inpaint_ns,psnr,300,34.61764820153171,8.202868733627326,33.70810248698648,35.550051869733956
CF1,L3,1,inpaint_ns,psnr_masked,300,29.38956755217624,8.20286873049016,28.45816187313834,30.298133941974278
CF1,L3,1,inpaint_ns,ssim,300,0.9453651434777324,0.021176479570746413,0.942944632353437,0.9477860327605954
CF1,L3,1,inpaint_ns,hrp,300,0.7199578672647476,0.13145421678850627,0.7047974117572109,0.7343643782238165
CF1,L3,1,dictlearn,psnr,300,22.21792728323443,5.234531426302193,21.62455185050723,22.818661727791213
CF1,L3,1,dictlearn,psnr_masked,300,16.989846649833563,5.234531419837003,16.40434178717215,17.58781509943753
CF1,L3,1,dictlearn,ssim,300,0.5763199411973987,0.16924995508691806,0.557419498794775,0.595076831502607
CF1,L3,1,dictlearn,hrp,300,0.0,0.0,0.0,0.0
CF1,L3,1,csfr,psnr,300,35.62409392648493,8.630106152555346,34.63611963193294,36.646750228334135
CF1,L3,1,csfr,psnr_masked,300,30.3960132847879,8.630106118563159,29.453474298366906,31.360329827699278
CF1,L3,1,csfr,ssim,300,0.9502128150184306,0.022645787721684248,0.947607623100889,0.9527986472302392
CF1,L3,1,csfr,hrp,300,0.7424568302432696,0.12733397667384386,0.7280666825224955,0.7564198796252409
CF1,L3,2,zero_fill,psnr,300,12.941807702150925,3.452973542789625,12.561239073554612,13.336007086985639
CF1,L3,2,zero_fill,psnr_masked,300,7.7137270387519115,3.4529735513851607,7.321950837816567,8.106354836947729
CF1,L3,2,zero_fill,ssim,300,0.2226496000701187,0.15402752742606227,0.205381935526339,0.24074893819855644
CF1,L3,2,zero_fill,hrp,300,3.258540692528089,2.7083667455122935,2.9683574598928293,3.5702259390354154
CF1,L3,2,bilinear,psnr,300,33.23905996790036,6.60890956770779,32.50555613072165,34.002886273626835
CF1,L3,2,bilinear,psnr_masked,300,28.01097931515985,6.6089095646977265,27.258265698890334,28.780262759779387
CF1,L3,2,bilinear,ssim,300,0.9498286336582971,0.02229357110739929,0.9472324960159183,0.9523416042764486
CF1,L3,2,bilinear,hrp,300,0.7530936702092489,0.11686235892178468,0.7398620162531734,0.7662178141996264
CF1,L3,2,inpaint_telea,psnr,300,31.8698078210042,6.931302645909122,31.09692043665071,32.66761829192842
CF1,L3,2,inpaint_telea,psnr_masked,300,26.64172715783195,6.931302637690996,25.882866231880016,27.41178207785108
CF1,L3,2,inpaint_telea,ssim,300,0.9070995102139783,0.02926572999555697,0.9036477575445794,0.9102631544469316
CF1,L3,2,inpaint_telea,hrp,300,0.690179606974125,0.14248133111888914,0.6739664270977179,0.7062131027628977
CF1,L3,2,inpaint_ns,psnr,300,34.63431954421551,8.130796824173466,33.735200918441215,35.583381105756644
CF1,L3,2,inpaint_ns,psnr_masked,300,29.40623889262281,8.130796828989393,28.490888772275266,30.353176925537827
CF1,L3,2,inpaint_ns,ssim,300,0.9455175813271258,0.0204656632802473,0.9432198402855935,0.9478288064011985
CF1,L3,2,inpaint_ns,hrp,300,0.721526786784331,0.13276194401711577,0.7064192700932423,0.7362372867316007
CF1,L3,2,dictlearn,psnr,300,22.21017981033927,5.2051756667553635,21.62693235230804,22.80715995703325
CF1,L3,2,dictlearn,psnr_masked,300,16.982099157418183,5.205175660334163,16.38905728993222,17.573941450979024
CF1,L3,2,dictlearn,ssim,300,0.5764043903423841,0.16981786801814375,0.5573074971386709,0.5956495341995541
CF1,L3,2,dictlearn,hrp,300,0.0,0.0,0.0,0.0
CF1,L3,2,csfr,psnr,300,35.61531912550651,8.569276949849698,34.696711129212,36.60305108868521
CF1,L3,2,csfr,psnr_masked,300,30.38723848003334,8.569276972859237,29.431346465932823,31.35659832547329
CF1,L3,2,csfr,ssim,300,0.9502775233635108,0.02203027026176205,0.947752540767542,0.9528288656778504
CF1,L3,2,csfr,hrp,300,0.7438936341802279,0.12880951699653112,0.7292628128404418,0.7583665141711632
CF1,L4,0,zero_fill,psnr,300,10.714613054670027,3.449983433770843,10.332239319862268,11.112911520757766
CF1,L4,0,zero_fill,psnr_masked,300,7.704313100969587,3.4499834353825323,7.31767573207896,8.098461031383787
CF1,L4,0,zero_fill,ssim,300,0.1386262028956583,0.11093150776939459,0.12620488938257268,0.1514789360454269
CF1,L4,0,zero_fill,hrp,300,3.250688358147939,2.6591128177315473,2.961853181625406,3.564502275424699
CF1,L4,0,bilinear,psnr,300,29.56266854523874,5.989518075743991,28.899618526260003,30.24876716800826
CF1,L4,0,bilinear,psnr_masked,300,26.55236856413193,5.989518048515297,25.885166583569156,27.25170670144998
CF1,L4,0,bilinear,ssim,300,0.8990183375307144,0.04232727991968716,0.8943280544786405,0.9038214721204665
CF1,L4,0,bilinear,hrp,300,0.7496866013606389,0.11570160836310263,0.7364032081688444,0.7625740196083983
CF1,L4,0,inpaint_telea,psnr,300,28.879184868559047,6.814938392166555,28.11361139737019,29.64168271395197
CF1,L4,0,inpaint_telea,psnr_masked,300,25.86888491191924,6.814938392166555,25.115266831225664,26.640795396828196
CF1,L4,0,inpaint_telea,ssim,300,0.8231761919059836,0.04906807599450823,0.8174884826681684,0.8286307833511081
CF1,L4,0,inpaint_telea,hrp,300,0.6800534577667713,0.14326364599648084,0.6638864534782867,0.696024571278443
CF1,L4,0,inpaint_ns,psnr,300,31.156388333760077,7.97219999907345,30.262372936876105,32.075422924504956
CF1,L4,0,inpaint_ns,psnr_masked,300,28.14608837712026,7.97219999907345,27.256010545588754,29.055779828356574
CF1,L4,0,inpaint_ns,ssim,300,0.8854772390392641,0.041829259087677005,0.8808215593385867,0.8902504663612261
CF1,L4,0,inpaint_ns,hrp,300,0.7164967148502668,0.13149981003490469,0.7011686864917477,0.7311733801091711
CF1,L4,0,dictlearn,psnr,300,19.990246532662727,5.21046855293551,19.40060120231659,20.57975795249859
CF1,L4,0,dictlearn,psnr_masked,300,16.979946590731117,5.210468571288449,16.40835130797582,17.58076266841318
CF1,L4,0,dictlearn,ssim,300,0.45908027360084286,0.1501741625133931,0.44206756371986944,0.47591842673801354
CF1,L4,0,dictlearn,hrp,300,0.0,0.0,0.0,0.0
CF1,L4,0,csfr,psnr,300,32.33971854295218,8.329621377490273,31.425677357969267,33.27423891625286
CF1,L4,0,csfr,psnr_masked,300,29.329418610822735,8.32962136852495,28.402641384627348,30.28550487506192
CF1,L4,0,csfr,ssim,300,0.8964732781639575,0.04517796016158891,0.8913984480367012,0.9014639905667218
CF1,L4,0,csfr,hrp,300,0.7338073377807935,0.13146438620089446,0.7189607754871249,0.7484062920088569
CF1,L4,1,zero_fill,psnr,300,10.718098316873325,3.452968810108374,10.33821492106078,11.10882165495818
CF1,L4,1,zero_fill,psnr_masked,300,7.707798357830243,3.4529688130420886,7.324948768546687,8.096770564049953
CF1,L4,1,zero_fill,ssim,300,0.13946857651021363,0.11153480646599583,0.1272369410524541,0.15211865162823185
CF1,L4,1,zero_fill,hrp,300,3.2525480930010477,2.677012572600409,2.9599913394600152,3.5601184136172135
CF1,L4,1,bilinear,psnr,300,29.57186127773468,6.135047647783448,28.895370014804737,30.279109462607913
CF1,L4,1,bilinear,psnr_masked,300,26.56156133517098,6.135047648769357,25.885507297541572,27.26229657756271
CF1,L4,1,bilinear,ssim,300,0.8990850991748154,0.04266366247252813,0.8941422264463342,0.9039513791104362
CF1,L4,1,bilinear,hrp,300,0.7485961046814918,0.11626820031865934,0.7353815357560913,0.7617031034876902
CF1,L4,1,inpaint_telea,psnr,300,28.87820194363044,6.84084749798062,28.11444409496069,29.64848035553671
CF1,L4,1,inpaint_telea,psnr_masked,300,25.86790198699063,6.84084749798062,25.0987843668332,26.641583081435552
CF1,L4,1,inpaint_telea,ssim,300,0.822983194980227,0.04942943555694892,0.8172991946441166,0.8283639645940885
CF1,L4,1,inpaint_telea,hrp,300,0.6793320090572039,0.14326852120456535,0.6631192312985659,0.6955798867965738
CF1,L4,1,inpaint_ns,psnr,300,31.184952827590582,7.996403977848581,30.30010989828987,32.1114907057984
CF1,L4,1,inpaint_ns,psnr_masked,300,28.174652870950766,7.996403977848581,27.283160661526818,29.098073406393688
CF1,L4,1,inpaint_ns,ssim,300,0.8857872190414351,0.04237318688150175,0.8810928218263726,0.8906444325123012
CF1,L4,1,inpaint_ns,hrp,300,0.7159472766021887,0.13173284740474803,0.7011380534954369,0.7307079984930654
CF1,L4,1,dictlearn,psnr,300,19.99367959090175,5.217465137355839,19.40595746868639,20.581471927558795
CF1,L4,1,dictlearn,psnr_masked,300,16.983379638957466,5.217465113991537,16.397895892824007,17.579684477707385
CF1,L4,1,dictlearn,ssim,300,0.45919599080218365,0.1490928579921221,0.4419959049701363,0.475567192925054
CF1,L4,1,dictlearn,hrp,300,0.0,0.0,0.0,0.0
CF1,L4,1,csfr,psnr,300,32.35296566120141,8.317413244557606,31.4342432737283,33.27461801090551
CF1,L4,1,csfr,psnr_masked,300,29.34266570977207,8.317413234149331,28.41332887403626,30.285124763083072
CF1,L4,1,csfr,ssim,300,0.8965862407058862,0.0454995557059677,0.8914282864801771,0.9017795369148857
CF1,L4,1,csfr,hrp,300,0.7329423607389132,0.13187188303260006,0.717955209578077,0.7476596903180083
CF1,L4,2,zero_fill,psnr,300,10.72126121874811,3.456267411479545,10.337715362578194,11.113437237321785
CF1,L4,2,zero_fill,psnr_masked,300,7.710961256176834,3.456267413144371,7.326063650372989,8.110470244499924
CF1,L4,2,zero_fill,ssim,300,0.13907285979247774,0.11133942477506223,0.12696055256793334,0.15206139274847139
CF1,L4,2,zero_fill,hrp,300,3.2609779316186907,2.7408724662377244,2.9608600004861754,3.5874507518907386
CF1,L4,2,bilinear,psnr,300,29.43331896370266,5.69207479140681,28.794975486148157,30.085422196407976
CF1,L4,2,bilinear,psnr_masked,300,26.423019004052268,5.692074776007873,25.787239362820376,27.08049744675042
CF1,L4,2,bilinear,ssim,300,0.8988341439290763,0.04277305372191407,0.8940998918262331,0.9036458263501628
CF1,L4,2,bilinear,hrp,300,0.7488884084423383,0.11267393444498411,0.7358109564557672,0.7615460885763168
CF1,L4,2,inpaint_telea,psnr,300,28.917978970041045,6.820812729436491,28.159460059696862,29.69381123645123
CF1,L4,2,inpaint_telea,psnr_masked,300,25.907679013401232,6.820812729436492,25.15804434135126,26.67874043649308
CF1,L4,2,inpaint_telea,ssim,300,0.8237102216506992,0.04957025300934052,0.8180231131054614,0.8291623701185475
CF1,L4,2,inpaint_telea,hrp,300,0.6798616089423497,0.14088696577512116,0.6638897107566396,0.695340504574279
CF1,L4,2,inpaint_ns,psnr,300,31.219389811442028,7.970025511911042,30.316640159177084,32.150191700701974
CF1,L4,2,inpaint_ns,psnr_masked,300,28.209089854802222,7.970025511911042,27.302502150838567,29.131538909292633
CF1,L4,2,inpaint_ns,ssim,300,0.8861303442467342,0.04208645260895601,0.8814109773171663,0.8908510901878852
CF1,L4,2,inpaint_ns,hrp,300,0.7160912775993347,0.129306347382648,0.7015685330828031,0.7304503592823942
CF1,L4,2,dictlearn,psnr,300,19.99736420685087,5.202452322702077,19.403327839536217,20.59591100249874
CF1,L4,2,dictlearn,psnr_masked,300,16.98706421496799,5.202452302377558,16.40716770557268,17.585888538664346
CF1,L4,2,dictlearn,ssim,300,0.4604626687080942,0.1491154525250275,0.4436488272257369,0.47715514129643866
CF1,L4,2,dictlearn,hrp,300,0.0,0.0,0.0,0.0
CF1,L4,2,csfr,psnr,300,32.35824192086522,8.331433002720127,31.417068045681162,33.301492761543955
CF1,L4,2,csfr,psnr_masked,300,29.34794195507782,8.331432970628818,28.443224146787465,30.335974408483626
CF1,L4,2,csfr,ssim,300,0.8963933947857373,0.045548949118014076,0.8912865419614241,0.9014415753102506
CF1,L4,2,csfr,hrp,300,0.7325287694235643,0.1297802399083468,0.71775993533805,0.7470341081321239
CF1,L5,0,zero_fill,psnr,300,9.256836743204861,3.451224144356931,8.874845307495566,9.647482185038564
CF1,L5,0,zero_fill,psnr_masked,300,7.707514187155963,3.451224159249533,7.328839861910271,8.091935563514117
CF1,L5,0,zero_fill,ssim,300,0.07758598600901001,0.08174118636991518,0.06886334275427138,0.0873399718551327
CF1,L5,0,zero_fill,hrp,300,3.2711859061320623,2.7604700232406056,2.9690536763618387,3.590927207370599
CF1,L5,0,bilinear,psnr,300,25.86951807732227,5.025313879438362,25.312755922726424,26.44063180591525
CF1,L5,0,bilinear,psnr_masked,300,24.32019554373476,5.025313923707543,23.75569443036853,24.89683454178379
CF1,L5,0,bilinear,ssim,300,0.8136215323433956,0.07365783884022899,0.8053187487905525,0.821992043968379
CF1,L5,0,bilinear,hrp,300,0.749595525364081,0.11378076437870543,0.7367209604357681,0.7622811386063695
CF1,L5,0,inpaint_telea,psnr,300,26.654311620168343,6.711422358587965,25.91171846628691,27.411550252529253
CF1,L5,0,inpaint_telea,psnr_masked,300,25.104989068641885,6.711422351826868,24.350926538434422,25.865621186666445
CF1,L5,0,inpaint_telea,ssim,300,0.7214430426110882,0.07487919937840266,0.7127717784221402,0.7300735531391225
CF1,L5,0,inpaint_telea,hrp,300,0.6728497840960821,0.14051732578142617,0.657170804788669,0.6886832750837009
CF1,L5,0,inpaint_ns,psnr,300,28.05434020662021,7.739105728499965,27.19346011605643,28.92239715882902
CF1,L5,0,inpaint_ns,psnr_masked,300,26.505017647684568,7.739105725982386,25.647468762751213,27.39374504786617
CF1,L5,0,inpaint_ns,ssim,300,0.7873773085181277,0.07464977018530622,0.7791436862202352,0.7957892456662955
CF1,L5,0,inpaint_ns,hrp,300,0.7129708045224349,0.12697100093350613,0.6989211950972677,0.7271735229343176
CF1,L5,0,dictlearn,psnr,300,18.522435364658588,5.203125174174972,17.93805553782124,19.10933125449087
CF1,L5,0,dictlearn,psnr_masked,300,16.973112810842498,5.203125172102752,16.39706598438929,17.5735918127192
CF1,L5,0,dictlearn,ssim,300,0.3546044664968616,0.12510322679389532,0.34064897332006366,0.3687357507488253
CF1,L5,0,dictlearn,hrp,300,0.0,0.0,0.0,0.0
CF1,L5,0,csfr,psnr,300,29.504405725049104,8.071330154873902,28.600687760669054,30.427110507529758
CF1,L5,0,csfr,psnr_masked,300,27.955083189789427,8.071330168906425,27.0574739347534,28.879844917513804
CF1,L5,0,csfr,ssim,300,0.8081880639910011,0.08194853913935077,0.7989152394304231,0.8175466134976643
CF1,L5,0,csfr,hrp,300,0.7145696645478408,0.1383155979865184,0.6984134480456511,0.7300040039891998
CF1,L5,1,zero_fill,psnr,300,9.253747208299226,3.44632463717654,8.86189539660857,9.650129777128827
CF1,L5,1,zero_fill,psnr_masked,300,7.7044246510926495,3.4463246467339945,7.317817201647563,8.094367763684302
CF1,L5,1,zero_fill,ssim,300,0.07791179281195139,0.08207053269519092,0.06909199181464777,0.08775069837028152
CF1,L5,1,zero_fill,hrp,300,3.2415777646501858,2.6021493310495845,2.9579175224180023,3.5451609715372325
CF1,L5,1,bilinear,psnr,300,25.99490969739134,5.20030442409058,25.41658295286639,26.585649398832647
CF1,L5,1,bilinear,psnr_masked,300,24.44558714959202,5.200304440991506,23.860328459633244,25.047482159453498
CF1,L5,1,bilinear,ssim,300,0.8140618685414691,0.07462663574787665,0.8056799303845638,0.8226040400889223
CF1,L5,1,bilinear,hrp,300,0.7476419315238794,0.11623405048640018,0.7344008104788761,0.7606364063471556
CF1,L5,1,inpaint_telea,psnr,300,26.65782604594533,6.738769930435084,25.901785394156686,27.43416226364682
CF1,L5,1,inpaint_telea,psnr_masked,300,25.108503495889494,6.7387699396499805,24.356806094088775,25.868478534233393
CF1,L5,1,inpaint_telea,ssim,300,0.7222208802058739,0.07508044320792671,0.7136370131944034,0.7304926657740984
CF1,L5,1,inpaint_telea,hrp,300,0.6723438802858194,0.14259271664826043,0.656510545436293,0.6882954386596878
CF1,L5,1,inpaint_ns,psnr,300,28.066872770001677,7.756911668501611,27.197132922521295,28.948651512347663
CF1,L5,1,inpaint_ns,psnr_masked,300,26.517550216795176,7.756911666213499,25.65259456877344,27.38832118640536
CF1,L5,1,inpaint_ns,ssim,300,0.7879419902465922,0.07506366498172036,0.7796535655902957,0.7962105809783099
CF1,L5,1,inpaint_ns,hrp,300,0.7124175282816092,0.12948271914622436,0.6974695395330588,0.72660103524973
CF1,L5,1,dictlearn,psnr,300,18.528177526106823,5.21027786703619,17.961847165503634,19.116773745720447
CF1,L5,1,dictlearn,psnr_masked,300,16.978854985002304,5.210277860698358,16.39298090177291,17.571532833652697
CF1,L5,1,dictlearn,ssim,300,0.35553417022618167,0.12585091628102274,0.340870119132052,0.3697565250388874
CF1,L5,1,dictlearn,hrp,300,0.0,0.0,0.0,0.0
CF1,L5,1,csfr,psnr,300,29.47684917698918,8.069445642344538,28.5790137091666,30.39551576252658
CF1,L5,1,csfr,psnr_masked,300,27.92752660851916,8.069445677766625,27.037213304456085,28.86593294958972
CF1,L5,1,csfr,ssim,300,0.808474257836976,0.08247904971531574,0.7990744731400103,0.8176927844092815
CF1,L5,1,csfr,hrp,300,0.7140843274692694,0.13969112881915294,0.6978578422789773,0.7296612179068227
CF1,L5,2,zero_fill,psnr,300,9.252586981602335,3.4462407113695184,8.864091541097503,9.644871298742586
CF1,L5,2,zero_fill,psnr_masked,300,7.703264451554723,3.4462407065395686,7.313940580401963,8.101162485806757
CF1,L5,2,zero_fill,ssim,300,0.07826406743727693,0.08224793125178372,0.06963610241703899,0.0881449583636485
CF1,L5,2,zero_fill,hrp,300,3.262998041113218,2.70040403663876,2.968382903883855,3.5754224820286034
CF1,L5,2,bilinear,psnr,300,25.863109434507933,5.190038694975813,25.275575058689995,26.45922934319702
CF1,L5,2,bilinear,psnr_masked,300,24.313786874104427,5.190038684917342,23.73168472263637,24.92501333850918
CF1,L5,2,bilinear,ssim,300,0.8133824922426466,0.07458010484953385,0.8051676935343304,0.8219682223413967
CF1,L5,2,bilinear,hrp,300,0.7493530168135961,0.1139303802444315,0.7362843432873488,0.7622636951282621
CF1,L5,2,inpaint_telea,psnr,300,26.639981504112562,6.712377640636404,25.894614338068738,27.413566079684678
CF1,L5,2,inpaint_telea,psnr_masked,300,25.090658955184946,6.712377643006146,24.357394265944965,25.85084565647105
CF1,L5,2,inpaint_telea,ssim,300,0.7213019786112261,0.07480426831798351,0.7129681656922441,0.729685805863067
CF1,L5,2,inpaint_telea,hrp,300,0.6727789775530497,0.14052160649916762,0.6569210212752222,0.6886775363658866
CF1,L5,2,inpaint_ns,psnr,300,28.029446438066067,7.718682434091641,27.156475704917955,28.909092112946364
CF1,L5,2,inpaint_ns,psnr_masked,300,26.480123888171516,7.718682433720867,25.617388814326443,27.331709988603176
CF1,L5,2,inpaint_ns,ssim,300,0.7867779299469828,0.07524526743738717,0.778378175097809,0.7953387300376896
CF1,L5,2,inpaint_ns,hrp,300,0.7128975724677244,0.12664998001769254,0.6986913554668427,0.7274430725599329
CF1,L5,2,dictlearn,psnr,300,18.519038914391665,5.2063129597515125,17.94472845234919,19.118061443338274
CF1,L5,2,dictlearn,psnr_masked,300,16.969716349667905,5.206312962342649,16.37925748797654,17.55066916448584
CF1,L5,2,dictlearn,ssim,300,0.3548883425025812,0.12652706487709067,0.3405104345282175,0.3690863030816315
CF1,L5,2,dictlearn,hrp,300,0.0,0.0,0.0,0.0
CF1,L5,2,csfr,psnr,300,29.490644669657414,8.040853432682002,28.589588346813066,30.39129896516682
CF1,L5,2,csfr,psnr_masked,300,27.941322119665333,8.040853428289376,27.052786592310664,28.888924890546487
CF1,L5,2,csfr,ssim,300,0.8085428194471046,0.08229660310583316,0.7991868736965289,0.8178927170849005
CF1,L5,2,csfr,hrp,300,0.7148242046932379,0.13740568875087752,0.6991843141367039,0.730258360111465
CF2,L1,0,zero_fill,psnr,300,18.483757957313678,5.107274548185359,17.92082191052322,19.080645186350882
CF2,L1,0,zero_fill,psnr_masked,300,8.547449124027217,4.720281027114737,8.013532043085641,9.08870097714999
CF2,L1,0,zero_fill,ssim,300,0.8128641241251326,0.06686263709694241,0.8052437854088321,0.8205197361085508
CF2,L1,0,zero_fill,hrp,300,3.2534641976157825,2.705178858765523,2.9602008737276,3.5712222140108545
CF2,L1,0,bilinear,psnr,300,34.328931142947724,10.607006480803422,33.14273854963895,35.54403994916182
CF2,L1,0,bilinear,psnr_masked,300,24.425906246087575,10.505736881554405,23.244487452656273,25.640599190247237
CF2,L1,0,bilinear,ssim,300,0.9253519344873793,0.050156810171460384,0.9196151744533787,0.930910639940534
CF2,L1,0,bilinear,hrp,300,0.6978979635983705,0.2896434820156356,0.6665580227101843,0.7308434672591587
CF2,L1,0,inpaint_telea,psnr,300,33.50002758686132,8.711809572056376,32.52810119303698,34.493449216896806
CF2,L1,0,inpaint_telea,psnr_masked,300,23.56371876161336,8.332557789778061,22.606008791683557,24.52476207750682
CF2,L1,0,inpaint_telea,ssim,300,0.9278445654203252,0.043320149075869605,0.9229344347529858,0.9326261946769966
CF2,L1,0,inpaint_telea,hrp,300,0.6984915795425574,0.28343558466590796,0.6663229762812455,0.7303944948601226
CF2,L1,0,inpaint_ns,psnr,300,33.70665804282883,9.830025353682565,32.60378818982994,34.804492479156565
CF2,L1,0,inpaint_ns,psnr_masked,300,23.803633155794177,9.73823688789375,22.716186374223653,24.92161968591153
CF2,L1,0,inpaint_ns,ssim,300,0.9273902495056552,0.044959927728208754,0.9222356909270758,0.9323308341253654
CF2,L1,0,inpaint_ns,hrp,300,0.7061035250127315,0.2894803692261524,0.6735204941617946,0.739510454101488
CF2,L1,0,dictlearn,psnr,300,29.548147614696113,7.692624202345467,28.706770498419377,30.417867789408323
CF2,L1,0,dictlearn,psnr_masked,300,19.611838817510918,7.324385711755959,18.789738378329158,20.469369773114508
CF2,L1,0,dictlearn,ssim,300,0.8947748533612468,0.05057840840448579,0.8889261266134161,0.9002309207874895
CF2,L1,0,dictlearn,hrp,300,0.5316523556907972,0.28667944339885,0.49988516128559907,0.5644797722436488
CF2,L1,0,csfr,psnr,300,33.905242951657634,10.735061314914681,32.69218669447294,35.10304685659472
CF2,L1,0,csfr,psnr_masked,300,23.96893409446562,10.281776531908827,22.823888312715923,25.147123205367304
CF2,L1,0,csfr,ssim,300,0.9236806964935407,0.053096806520523475,0.9176077702250316,0.9295789752698945
CF2,L1,0,csfr,hrp,300,0.6521661172062159,0.609488829290004,0.5904314147935559,0.7280011720738062
CF2,L1,1,zero_fill,psnr,300,18.59086373687777,7.191738733298059,17.83329330632472,19.47928095459776
CF2,L1,1,zero_fill,psnr_masked,300,8.708699236046286,7.35582431957913,7.959798867563632,9.61857625213804
CF2,L1,1,zero_fill,ssim,300,0.808314584474478,0.0739094248850574,0.799949486393986,0.8166853868718864
CF2,L1,1,zero_fill,hrp,300,3.2410168210665384,2.686877939257674,2.946915988393128,3.5604400909369187
CF2,L1,1,bilinear,psnr,300,34.086840838680594,11.600019833076633,32.80399034263687,35.41520037546664
CF2,L1,1,bilinear,psnr_masked,300,24.274418573583823,11.84199089377774,22.993398921652677,25.638926407274656
CF2,L1,1,bilinear,ssim,300,0.9217494406442805,0.05319115737295703,0.9156975493528516,0.9276885541960682
CF2,L1,1,bilinear,hrp,300,0.6840037876367568,0.272732897620989,0.6536548395889501,0.714741936467588
CF2,L1,1,inpaint_telea,psnr,300,33.40160984731346,9.6483067862317,32.334813654242346,34.51465781993435
CF2,L1,1,inpaint_telea,psnr_masked,300,23.519445337181338,9.478148990091883,22.472195683259706,24.625977300931254
CF2,L1,1,inpaint_telea,ssim,300,0.9257131829259564,0.04521054940936797,0.9205155940148774,0.9307318900523549
CF2,L1,1,inpaint_telea,hrp,300,0.6883157825718323,0.26832199033284626,0.6579166398892801,0.7186893278962622
CF2,L1,1,inpaint_ns,psnr,300,33.58142786296985,10.57607942372936,32.419576448408385,34.812189190021684
CF2,L1,1,inpaint_ns,psnr_masked,300,23.732233719646285,10.64184664611452,22.57055111130668,24.98735330150772
CF2,L1,1,inpaint_ns,ssim,300,0.9256031477605582,0.04631216183079541,0.9202762752047035,0.9307160019457822
CF2,L1,1,inpaint_ns,hrp,300,0.692487973968188,0.26748384356457144,0.6623835924006998,0.722707588079075
CF2,L1,1,dictlearn,psnr,300,29.627517635060563,8.059032038009565,28.72062313520265,30.553112004089158
CF2,L1,1,dictlearn,psnr_masked,300,19.707798535651527,7.6097241567255836,18.868531818567504,20.59561755735664
CF2,L1,1,dictlearn,ssim,300,0.8940417984212795,0.05189032638864071,0.8881674601139887,0.8999248220336676
CF2,L1,1,dictlearn,hrp,300,0.5290974292904138,0.26440735822732075,0.499688285589839,0.5592037440470109
CF2,L1,1,csfr,psnr,300,33.97630021241752,11.127084720061665,32.728670189842624,35.22380228226563
CF2,L1,1,csfr,psnr_masked,300,24.05658106935814,10.623833404627227,22.899988325613574,25.27199636522337
CF2,L1,1,csfr,ssim,300,0.9226837167717145,0.0555568097802429,0.9163918476571219,0.9288406074670955
CF2,L1,1,csfr,hrp,300,0.607511604676644,0.3136791830221461,0.5731367344744503,0.6437610250705231
CF2,L1,2,zero_fill,psnr,300,18.76011235624396,6.158202292624937,18.107933554865575,19.500851544818083
CF2,L1,2,zero_fill,psnr_masked,300,8.714477267603682,6.070279136711567,8.083620842123828,9.443422202503543
CF2,L1,2,zero_fill,ssim,300,0.814220783424763,0.07039588498587866,0.8059345575328838,0.8220635764939701
CF2,L1,2,zero_fill,hrp,300,3.235998274187247,2.66035767748433,2.949303816542029,3.548411616429686
CF2,L1,2,bilinear,psnr,300,34.02196129242836,10.175951952198082,32.904408200572675,35.19925701862609
CF2,L1,2,bilinear,psnr_masked,300,24.015063233556333,10.228972677531955,22.893283156143006,25.181646381489248
CF2,L1,2,bilinear,ssim,300,0.9264108284322996,0.04737326649796898,0.9210157198515028,0.9316459460495327
CF2,L1,2,bilinear,hrp,300,0.6760868616402149,0.2798898006990184,0.6451935116313399,0.7085509404738745
CF2,L1,2,inpaint_telea,psnr,300,33.3839413831573,8.411607633287106,32.41987880767745,34.34219236172741
CF2,L1,2,inpaint_telea,psnr_masked,300,23.33830629854111,8.146236348177023,22.439266339223114,24.268777643894122
CF2,L1,2,inpaint_telea,ssim,300,0.9297451176137804,0.03960072140545038,0.9252333264019529,0.9341685375703644
CF2,L1,2,inpaint_telea,hrp,300,0.6734142393618822,0.2599487170976394,0.6444189872499556,0.7030564607673635
CF2,L1,2,inpaint_ns,psnr,300,33.52099391080184,9.403466610854107,32.49957002137376,34.59563887918784
CF2,L1,2,inpaint_ns,psnr_masked,300,23.514095852987534,9.446420654836407,22.498133688436,24.61521493307327
CF2,L1,2,inpaint_ns,ssim,300,0.9297940289985798,0.04005216553697992,0.9252650608719282,0.9342926110516226
CF2,L1,2,inpaint_ns,hrp,300,0.6825454294184844,0.26369801877471427,0.6535169456303119,0.7121687154757479
CF2,L1,2,dictlearn,psnr,300,29.782663315719184,7.783318095549082,28.94004887924615,30.672718822025207
CF2,L1,2,dictlearn,psnr_masked,300,19.737028277093838,7.496240967035809,18.911385747324598,20.606034007320144
CF2,L1,2,dictlearn,ssim,300,0.8991799674543066,0.04985714415374775,0.8934569640664571,0.9047388718439557
CF2,L1,2,dictlearn,hrp,300,0.5365322964638471,0.2685276754981131,0.5070093614077196,0.5681123072179035
CF2,L1,2,csfr,psnr,300,33.950894249739314,10.431637558541409,32.78369019845396,35.15869969150886
CF2,L1,2,csfr,psnr_masked,300,23.90525917340694,10.119150549194531,22.767742806188696,25.031922096325204
CF2,L1,2,csfr,ssim,300,0.926500431380147,0.050803700336086714,0.9208212104110995,0.9321713950051627
CF2,L1,2,csfr,hrp,300,0.5937136780718962,0.3471681029946656,0.5554626947088788,0.6341580469980835
CF2,L2,0,zero_fill,psnr,300,15.341298120360367,4.476096443451283,14.854183869725798,15.854865693283667
CF2,L2,0,zero_fill,psnr_masked,300,8.252195513208976,4.500825585039263,7.763705334612246,8.77619788819296
CF2,L2,0,zero_fill,ssim,300,0.6747023941713283,0.06955888497971915,0.666912793556043,0.6826907113431626
CF2,L2,0,zero_fill,hrp,300,3.2052773788571356,2.610650725051641,2.923523708293835,3.508524804073075
CF2,L2,0,bilinear,psnr,300,30.12718282717719,10.12467832697811,29.000549598442223,31.284339995366764
CF2,L2,0,bilinear,psnr_masked,300,23.063087830908554,10.240932561171965,21.969216445520644,24.265776050788062
CF2,L2,0,bilinear,ssim,300,0.8602018828051899,0.06080160597426637,0.8533215188165919,0.867087074582517
CF2,L2,0,bilinear,hrp,300,0.656315376808246,0.21308766271520146,0.631990261665235,0.6805077121282617
CF2,L2,0,inpaint_telea,psnr,300,29.56511113540669,8.010550704882117,28.676981047428605,30.484958084886674
CF2,L2,0,inpaint_telea,psnr_masked,300,22.47600852371471,7.9461109352186785,21.599758069651045,23.35696088921951
CF2,L2,0,inpaint_telea,ssim,300,0.8658464510309061,0.04976728914681162,0.8601600205341109,0.8713999645475048
CF2,L2,0,inpaint_telea,hrp,300,0.6753331809739271,0.2234293450268664,0.6506613984753689,0.7002973348721862
CF2,L2,0,inpaint_ns,psnr,300,29.65133688835562,8.339078014507058,28.713338596261192,30.60158852937999
CF2,L2,0,inpaint_ns,psnr_masked,300,22.56223426867531,8.272727356056182,21.642182115056077,23.476479739510065
CF2,L2,0,inpaint_ns,ssim,300,0.8666045968188287,0.052146853055346894,0.8608038707320764,0.8726320837111732
CF2,L2,0,inpaint_ns,hrp,300,0.681384166876475,0.22602034513205435,0.6557258893785377,0.7072578196922937
CF2,L2,0,dictlearn,psnr,300,25.997968378469647,6.9229140826695135,25.22340831160712,26.80456450400761
CF2,L2,0,dictlearn,psnr_masked,300,18.908865749899533,6.877678005999369,18.134607371908825,19.695272825472614
CF2,L2,0,dictlearn,ssim,300,0.8096671211549626,0.05217676301252981,0.8037046074726872,0.8154417825033679
CF2,L2,0,dictlearn,hrp,300,0.46600507202247776,0.18463068189574186,0.4451602365281433,0.48678583133406933
CF2,L2,0,csfr,psnr,300,29.149621726514987,10.218258402527114,28.004285096218325,30.337481865139356
CF2,L2,0,csfr,psnr_masked,300,22.060519122667166,10.189063436547071,20.92487169913555,23.227086355236302
CF2,L2,0,csfr,ssim,300,0.8573326325700691,0.06388149536114157,0.8499435252424408,0.8645094286257633
CF2,L2,0,csfr,hrp,300,0.6382078538835049,0.47456085235688833,0.5896511307327699,0.6945632245025287
CF2,L2,1,zero_fill,psnr,300,15.167603959709249,3.989578126992996,14.728996341980482,15.628197554939879
CF2,L2,1,zero_fill,psnr_masked,300,8.058710805867499,3.9399636638514344,7.620371519965556,8.516916353907705
CF2,L2,1,zero_fill,ssim,300,0.6731804937648385,0.06677215631998674,0.6654258164294719,0.6807105298360929
CF2,L2,1,zero_fill,hrp,300,3.211164375245571,2.60617276678069,2.931795311465859,3.5218302867462237
CF2,L2,1,bilinear,psnr,300,29.869364783427965,8.781507727488467,28.899899039761046,30.85936824194063
CF2,L2,1,bilinear,psnr_masked,300,22.76047162784221,8.697878359753615,21.778769398122503,23.749595427407055
CF2,L2,1,bilinear,ssim,300,0.8627035709604892,0.06266628596372907,0.8555547362565217,0.869821466375016
CF2,L2,1,bilinear,hrp,300,0.6766520553330581,0.2363475526636596,0.6499011645801365,0.7038469026001791
CF2,L2,1,inpaint_telea,psnr,300,29.363847038797843,7.6601585843749564,28.49710783235404,30.23580088982086
CF2,L2,1,inpaint_telea,psnr_masked,300,22.254953874776522,7.550233282250196,21.410898840261552,23.10771939905876
CF2,L2,1,inpaint_telea,ssim,300,0.8677078176851132,0.051534815369108075,0.8619660102318867,0.8735038236114888
CF2,L2,1,inpaint_telea,hrp,300,0.6917753460630774,0.24303723461700616,0.6644424976374332,0.7196650469216208
CF2,L2,1,inpaint_ns,psnr,300,29.404780608268776,7.910604662248143,28.513328749410515,30.312250119413942
CF2,L2,1,inpaint_ns,psnr_masked,300,22.295887444296223,7.803078126202405,21.425902158193196,23.178704470125233
CF2,L2,1,inpaint_ns,ssim,300,0.8684102720621536,0.053234286598945454,0.8624043560134041,0.8744590056228717
CF2,L2,1,inpaint_ns,hrp,300,0.6912925016134978,0.23606217955776607,0.6648559580054134,0.7177410859322796
CF2,L2,1,dictlearn,psnr,300,25.970281339447077,6.892887152217562,25.205860662052768,26.76863038458166
CF2,L2,1,dictlearn,psnr_masked,300,18.86138815053963,6.801941208626937,18.090881221199812,19.635795928724644
CF2,L2,1,dictlearn,ssim,300,0.8111296384768045,0.054350798117200075,0.8049389254479626,0.8172376921848652
CF2,L2,1,dictlearn,hrp,300,0.47299910520513855,0.18984247430825382,0.45187825306815405,0.49438689832451443
CF2,L2,1,csfr,psnr,300,29.126863305119915,9.396520300295474,28.065959660358335,30.195197198698082
CF2,L2,1,csfr,psnr_masked,300,22.017970156676633,9.290049936926092,20.977833443403124,23.098127981141136
CF2,L2,1,csfr,ssim,300,0.8609438030594655,0.06538384208299872,0.8537634418734522,0.8683811474466984
CF2,L2,1,csfr,hrp,300,0.6455042578652501,0.4721591579645003,0.5987908257512997,0.7044772741726288
CF2,L2,2,zero_fill,psnr,300,15.500595721080439,6.310352148854397,14.875246122034376,16.32095413281648
CF2,L2,2,zero_fill,psnr_masked,300,8.387472906334505,6.638684414078679,7.746774875813529,9.209595305085646
CF2,L2,2,zero_fill,ssim,300,0.6754040006512932,0.07232083171349243,0.6671870251453877,0.6837108608788875
CF2,L2,2,zero_fill,hrp,300,3.209190296928088,2.618873693203455,2.92146265189598,3.5190797231718896
CF2,L2,2,bilinear,psnr,300,30.47670483610941,10.355384709601129,29.345894303187148,31.69541361072326
CF2,L2,2,bilinear,psnr_masked,300,23.386656592135424,10.66329729004219,22.24806516180542,24.653097804509795
CF2,L2,2,bilinear,ssim,300,0.8654293911163793,0.05776213132665847,0.8587401258325703,0.8719125893341652
CF2,L2,2,bilinear,hrp,300,0.652221118013064,0.22942117769201997,0.6267063206769526,0.6783087871136765
CF2,L2,2,inpaint_telea,psnr,300,29.644856086933366,7.9795564771114496,28.770784592444357,30.554979984481253
CF2,L2,2,inpaint_telea,psnr_masked,300,22.506565681804773,7.947936453522712,21.632346979061115,23.405191148209006
CF2,L2,2,inpaint_telea,ssim,300,0.8704693785482759,0.046570368173587014,0.8652100093396559,0.8756529563945786
CF2,L2,2,inpaint_telea,hrp,300,0.6746157055099805,0.2310421051856889,0.6482901486878594,0.7007896055790286
CF2,L2,2,inpaint_ns,psnr,300,29.871455481843157,9.24202038291517,28.841695164690243,30.95763460606021
CF2,L2,2,inpaint_ns,psnr_masked,300,22.75623962877876,9.397352395428474,21.737468920770567,23.84507680463383
CF2,L2,2,inpaint_ns,ssim,300,0.8700298262545781,0.04907987939104909,0.8644774285299764,0.8755803424514075
CF2,L2,2,inpaint_ns,hrp,300,0.6777185411254565,0.22884686030777687,0.6517677088094255,0.7031837732195854
CF2,L2,2,dictlearn,psnr,300,26.13015038895483,6.732792096420475,25.363359826944727,26.90934827775721
CF2,L2,2,dictlearn,psnr_masked,300,18.991860041249176,6.672867115442398,18.242382396572193,19.74337980095742
CF2,L2,2,dictlearn,ssim,300,0.8131587515105275,0.05178339256463293,0.8071959268190668,0.8189876561545718
CF2,L2,2,dictlearn,hrp,300,0.46901340459783875,0.1827302997499397,0.4482804135425637,0.48940675651840865
CF2,L2,2,csfr,psnr,300,29.291750396528066,9.5051170469285,28.240150609032213,30.392704752604317
CF2,L2,2,csfr,psnr_masked,300,22.153459981671627,9.442851779316427,21.13303831088336,23.215245873018862
CF2,L2,2,csfr,ssim,300,0.8601134769108285,0.06176482838137221,0.8530954153022952,0.8672120599517719
CF2,L2,2,csfr,hrp,300,0.6512586713333924,0.46655629650645986,0.6018445271557817,0.7069237050383042
CF2,L3,0,zero_fill,psnr,300,12.687849440641749,3.8701359761730947,12.259804682358208,13.14152156795422
CF2,L3,0,zero_fill,psnr_masked,300,7.953474064392585,3.8804532203645623,7.516678969057756,8.387520259641455
CF2,L3,0,zero_fill,ssim,300,0.4807187613785112,0.0739342198092855,0.4726951092125329,0.4892976810717001
CF2,L3,0,zero_fill,hrp,300,3.1682343503832815,2.4895616835831356,2.9024407374337318,3.4598378867109614
CF2,L3,0,bilinear,psnr,300,26.538680356142176,8.214600590356042,25.613316235607773,27.47965105507009
CF2,L3,0,bilinear,psnr_masked,300,21.804304990424225,8.2114646969948,20.876716054676102,22.728291883256045
CF2,L3,0,bilinear,ssim,300,0.761868805433719,0.08378614188788237,0.7525072294553515,0.7710596123076252
CF2,L3,0,bilinear,hrp,300,0.6843389363090198,0.2455389668301628,0.6581869947724044,0.7138303144325813
CF2,L3,0,inpaint_telea,psnr,300,26.190588142899216,7.2821562085468,25.370530662097156,27.01896631557507
CF2,L3,0,inpaint_telea,psnr_masked,300,21.456212767385786,7.279129921200144,20.61758147352084,22.30736438629862
CF2,L3,0,inpaint_telea,ssim,300,0.7696823841222398,0.0684544250970126,0.7618349138292823,0.7774039972102373
CF2,L3,0,inpaint_telea,hrp,300,0.699992738266786,0.19785159616473716,0.6776462003824612,0.7220521292077998
CF2,L3,0,inpaint_ns,psnr,300,26.226202531681082,7.593814972636312,25.382371460699776,27.08837006515366
CF2,L3,0,inpaint_ns,psnr_masked,300,21.49182715811164,7.592092230708038,20.654042407901272,22.347962294841125
CF2,L3,0,inpaint_ns,ssim,300,0.7706027132170161,0.07144776648609388,0.7627056988834764,0.7787206433348972
CF2,L3,0,inpaint_ns,hrp,300,0.7042903730273247,0.196573605524512,0.6822158523437877,0.7267572855477532
CF2,L3,0,dictlearn,psnr,300,22.972380151249414,6.468324212020202,22.24750502411811,23.711459952185606
CF2,L3,0,dictlearn,psnr_masked,300,18.238004801023568,6.47421192396982,17.517647686959627,18.980188816681437
CF2,L3,0,dictlearn,ssim,300,0.6794124400746667,0.05998717297052865,0.6726527403179904,0.6862027308839463
CF2,L3,0,dictlearn,hrp,300,0.4432141243418058,0.1493692184969942,0.4265049460890392,0.4603896413184702
CF2,L3,0,csfr,psnr,300,25.06697387723376,8.897338452831878,24.082677337816044,26.10277452800254
CF2,L3,0,csfr,psnr_masked,300,20.33259847854931,8.883643034909605,19.373006561396533,21.360235296508733
CF2,L3,0,csfr,ssim,300,0.750467906540716,0.08857199589953045,0.7405198666595366,0.7604783716714397
CF2,L3,0,csfr,hrp,300,0.723256806631883,0.6196243490535287,0.6580747079029678,0.7993599962430695
CF2,L3,1,zero_fill,psnr,300,12.728309236231832,3.9195871627605894,12.291969300594323,13.178036317387361
CF2,L3,1,zero_fill,psnr_masked,300,8.008700853707095,3.9045619398591676,7.571115087496817,8.455500077409706
CF2,L3,1,zero_fill,ssim,300,0.4739808359076503,0.07332190241105337,0.4659236207065631,0.4825510283095614
CF2,L3,1,zero_fill,hrp,300,3.1793312014142674,2.5645766089147557,2.9017112327963113,3.4821023872792716
CF2,L3,1,bilinear,psnr,300,26.75441039621145,9.107573426505356,25.75158943600364,27.802255379777076
CF2,L3,1,bilinear,psnr_masked,300,22.04935395509708,9.192565648287749,21.034221862230716,23.122263451425038
CF2,L3,1,bilinear,ssim,300,0.7572796221956897,0.08753301046827798,0.7474815904028609,0.7672697925815328
CF2,L3,1,bilinear,hrp,300,0.6651763353993495,0.17749727344321356,0.6452356758912404,0.685294566873461
CF2,L3,1,inpaint_telea,psnr,300,26.080254656070267,7.228736575910582,25.27066095008875,26.904544825382164
CF2,L3,1,inpaint_telea,psnr_masked,300,21.36064628377577,7.176238202110241,20.566613369451726,22.17914152716849
CF2,L3,1,inpaint_telea,ssim,300,0.7661283455610088,0.07152011147262329,0.7579682431062709,0.7740006554247086
CF2,L3,1,inpaint_telea,hrp,300,0.6984343415002028,0.1907462767344796,0.677425172029684,0.7197682436928152
CF2,L3,1,inpaint_ns,psnr,300,26.051523550437334,7.432214025150018,25.2116438931676,26.889068360639193
CF2,L3,1,inpaint_ns,psnr_masked,300,21.33191518121901,7.381350963872606,20.516823721862558,22.155580813906507
CF2,L3,1,inpaint_ns,ssim,300,0.7673537377922507,0.07442573706354978,0.7591745283752431,0.7757518758104612
CF2,L3,1,inpaint_ns,hrp,300,0.7022952987750372,0.1898287406069772,0.6812473650040726,0.7242215102091432
CF2,L3,1,dictlearn,psnr,300,23.00716642710211,6.412211563840066,22.292400417926647,23.719080087450696
CF2,L3,1,dictlearn,psnr_masked,300,18.287558007542625,6.374628913908127,17.57519488796556,19.004680088354505
CF2,L3,1,dictlearn,ssim,300,0.6758704584777896,0.06373281964068687,0.6688321213978975,0.6829859206093057
CF2,L3,1,dictlearn,hrp,300,0.4483176825692256,0.13195676528954348,0.43313774221700924,0.46373962022736664
CF2,L3,1,csfr,psnr,300,25.07295009476013,8.639354899751979,24.10377642295261,26.0670961760132
CF2,L3,1,csfr,psnr_masked,300,20.353341706464587,8.591194874191196,19.395917110158766,21.343629409388488
CF2,L3,1,csfr,ssim,300,0.7483568196940262,0.09061902366427904,0.7382521274209228,0.7587284142640959
CF2,L3,1,csfr,hrp,300,0.7031416603426138,0.5114594288020894,0.6497799805489679,0.7633133070940773
CF2,L3,2,zero_fill,psnr,300,12.733993843462242,3.946020982286247,12.305239185408793,13.185197928005115
CF2,L3,2,zero_fill,psnr_masked,300,7.986674102372947,3.957972085301539,7.543498283243772,8.434689624388259
CF2,L3,2,zero_fill,ssim,300,0.4781544402906,0.07077861965533697,0.4703015093159721,0.4863136381728545
CF2,L3,2,zero_fill,hrp,300,3.185656021734079,2.584934054203209,2.907300371845563,3.486459897642334
CF2,L3,2,bilinear,psnr,300,26.725711109749383,8.449208501623987,25.780511199182097,27.690674536041858
CF2,L3,2,bilinear,psnr_masked,300,21.978391345811897,8.427217188054287,21.05560389831383,22.968692640194
CF2,L3,2,bilinear,ssim,300,0.7622359557800599,0.08576915450101968,0.7526849292667029,0.7718376014948946
CF2,L3,2,bilinear,hrp,300,0.6592723243683577,0.18925229291540444,0.6382252675803999,0.6806657594492037
CF2,L3,2,inpaint_telea,psnr,300,26.113287710016447,7.279182670796949,25.308378889132918,26.96171950270448
CF2,L3,2,inpaint_telea,psnr_masked,300,21.36596795975295,7.251745520315648,20.561812570925177,22.206816877191237
CF2,L3,2,inpaint_telea,ssim,300,0.7677195109167171,0.06960850529974588,0.7601129904193481,0.7757134353309486
CF2,L3,2,inpaint_telea,hrp,300,0.6857425715525945,0.20173152082586077,0.663022985573858,0.7089374827221036
CF2,L3,2,inpaint_ns,psnr,300,26.181129948887193,7.570458229336726,25.343110344123897,27.042836275670908
CF2,L3,2,inpaint_ns,psnr_masked,300,21.433810197437875,7.542377625140746,20.583768793207355,22.305352002128984
CF2,L3,2,inpaint_ns,ssim,300,0.7696593557113518,0.07387892182691776,0.7615405089438367,0.7782294719745144
CF2,L3,2,inpaint_ns,hrp,300,0.6923227105041345,0.19924794700886528,0.6695624612296621,0.7149613199693461
CF2,L3,2,dictlearn,psnr,300,22.961386000902934,6.340725430041299,22.233289017048826,23.689095756955954
CF2,L3,2,dictlearn,psnr_masked,300,18.214066223370697,6.31757967136132,17.496672325018416,18.93636472597468
CF2,L3,2,dictlearn,ssim,300,0.6788646316106904,0.06167186623357565,0.672066522974292,0.6858254801109348
CF2,L3,2,dictlearn,hrp,300,0.4358274491876364,0.140933414944721,0.41976161844345433,0.4512654852916797
CF2,L3,2,csfr,psnr,300,24.924995396913644,8.946197768066154,23.936841367994383,25.931177092019187
CF2,L3,2,csfr,psnr_masked,300,20.177675614226185,8.918938376870193,19.160861698864757,21.18679913505928
CF2,L3,2,csfr,ssim,300,0.7476846483474481,0.08981194886331964,0.7376650392534474,0.7578973324985839
CF2,L3,2,csfr,hrp,300,0.7164058192571005,0.49888024468644265,0.6618319508520265,0.7750571023051938
CF2,L4,0,zero_fill,psnr,300,10.672824842401502,3.9371590174136193,10.238799777445475,11.121118443050586
CF2,L4,0,zero_fill,psnr_masked,300,7.890002940289466,3.902166196084368,7.461750512926095,8.345439614923153
CF2,L4,0,zero_fill,ssim,300,0.2634753072874156,0.07179748617237282,0.2557351050683506,0.27204474026993697
CF2,L4,0,zero_fill,hrp,300,3.1280210860570272,2.448708429010985,2.8639229608550667,3.4095468724419673
CF2,L4,0,bilinear,psnr,300,23.626363722959216,7.999375908134072,22.732460901650025,24.52646057160989
CF2,L4,0,bilinear,psnr_masked,300,20.843541815515074,7.969182606499531,19.95700207037424,21.740788768582355
CF2,L4,0,bilinear,ssim,300,0.6074037283053452,0.12457969392534456,0.5934511854263596,0.6214231280539205
CF2,L4,0,bilinear,hrp,300,0.6519107918192943,0.17904866770872255,0.632204491144667,0.6721608121736596
CF2,L4,0,inpaint_telea,psnr,300,23.20662761695671,7.135493881572317,22.413951863027656,24.016997169909242
CF2,L4,0,inpaint_telea,psnr_masked,300,20.423805706042767,7.112029397830329,19.62920394939394,21.21592002628364
CF2,L4,0,inpaint_telea,ssim,300,0.6184222551855451,0.09988875702063885,0.6069382651997246,0.6296987045057821
CF2,L4,0,inpaint_telea,hrp,300,0.6968562724689643,0.1891845866610494,0.6748340816609562,0.7180873610948523
CF2,L4,0,inpaint_ns,psnr,300,23.218795340828297,7.321321427707054,22.413387597931973,24.06656100766966
CF2,L4,0,inpaint_ns,psnr_masked,300,20.435973440538927,7.29786446984604,19.612490810562857,21.27360562785499
CF2,L4,0,inpaint_ns,ssim,300,0.6195964625094772,0.10622124158725825,0.6077231187974127,0.6319108288373786
CF2,L4,0,inpaint_ns,hrp,300,0.7013012985636791,0.18521169503835794,0.6806591087169945,0.7219967619925737
CF2,L4,0,dictlearn,psnr,300,20.57274919824164,6.0766139995762,19.880187147653942,21.272637518559296
CF2,L4,0,dictlearn,psnr_masked,300,17.789927330713915,6.051446281286314,17.117166916872794,18.498961250119134
CF2,L4,0,dictlearn,ssim,300,0.5013037546721101,0.08065102995720282,0.4924414020835354,0.5105284849489606
CF2,L4,0,dictlearn,hrp,300,0.3707328607638677,0.11479240457403987,0.3578493066572895,0.38342161823560794
CF2,L4,0,csfr,psnr,300,20.195914665050385,8.214566030081665,19.28663272424316,21.137229856516424
CF2,L4,0,csfr,psnr_masked,300,17.413092771633895,8.169948898150638,16.490165569214323,18.334651982713545
CF2,L4,0,csfr,ssim,300,0.5687914293186324,0.12270919611743149,0.5552623001247663,0.5827439133185787
CF2,L4,0,csfr,hrp,300,0.9357515264550845,0.8430180119869423,0.8435278218599658,1.0347372144634526
CF2,L4,1,zero_fill,psnr,300,10.682731654401941,3.9322320242866056,10.244499580294208,11.128093832770428
CF2,L4,1,zero_fill,psnr_masked,300,7.901097297376037,3.914745381858285,7.46925827604179,8.35887826202897
CF2,L4,1,zero_fill,ssim,300,0.2605162642753346,0.07802367530300595,0.2520775030292554,0.26982389794209277
CF2,L4,1,zero_fill,hrp,300,3.166579784254233,2.505116542160587,2.8924269816130397,3.4679848547379173
CF2,L4,1,bilinear,psnr,300,23.75988464204942,8.00859062215245,22.87936715364723,24.65754063034165
CF2,L4,1,bilinear,psnr_masked,300,20.978250309092,8.00551677029383,20.07890215686971,21.900488013097334
CF2,L4,1,bilinear,ssim,300,0.6105288276246771,0.12384111119187725,0.5967336367939404,0.6246400176679121
CF2,L4,1,bilinear,hrp,300,0.6510713943839073,0.1565880208042853,0.6336174191311001,0.6689332388738791
CF2,L4,1,inpaint_telea,psnr,300,23.299228773533418,7.070374105362437,22.515509250177562,24.093704830506137
CF2,L4,1,inpaint_telea,psnr_masked,300,20.51759441120541,7.064148119357658,19.725623385821475,21.317038930780225
CF2,L4,1,inpaint_telea,ssim,300,0.6196038678312845,0.0984773768914152,0.6086267537084623,0.6309710797502587
CF2,L4,1,inpaint_telea,hrp,300,0.6984844346841176,0.17660652014134506,0.6781957174725831,0.7185186598338187
CF2,L4,1,inpaint_ns,psnr,300,23.25764624577661,7.215802826911128,22.45833239334008,24.089397000166326
CF2,L4,1,inpaint_ns,psnr_masked,300,20.476011895998,7.2101031367526565,19.675639385670156,21.29349076883434
CF2,L4,1,inpaint_ns,ssim,300,0.6216851249185292,0.10411152255202136,0.6099420459462878,0.6334438365595721
CF2,L4,1,inpaint_ns,hrp,300,0.7058853972951571,0.17640945755202486,0.6857155895084143,0.7255375047797957
CF2,L4,1,dictlearn,psnr,300,20.386395830604663,5.852623794122406,19.723968807773428,21.068577740032982
CF2,L4,1,dictlearn,psnr_masked,300,17.60476145528912,5.828057259541171,16.968674912988693,18.275434873051825
CF2,L4,1,dictlearn,ssim,300,0.4948760415865312,0.0835648087762567,0.4855115005796981,0.5043952537667847
CF2,L4,1,dictlearn,hrp,300,0.3739602002004782,0.11678240234543587,0.36059071319798625,0.3868758385106921
CF2,L4,1,csfr,psnr,300,20.503893009684337,8.378208040307513,19.561430074178332,21.46847897893524
CF2,L4,1,csfr,psnr_masked,300,17.722258642169503,8.359165544914037,16.818521093575736,18.667712634078843
CF2,L4,1,csfr,ssim,300,0.5693022889198653,0.12550993147298165,0.5552500814513144,0.5834712185874742
CF2,L4,1,csfr,hrp,300,0.9291948366661866,0.9141491387584981,0.8324363179306189,1.0393328649811446
CF2,L4,2,zero_fill,psnr,300,10.727216236700823,3.7898812024425736,10.305678252228411,11.153281315672649
CF2,L4,2,zero_fill,psnr_masked,300,7.9198234629005055,3.7764765565353144,7.492652782392219,8.361776688507195
CF2,L4,2,zero_fill,ssim,300,0.26525058265199875,0.07554520430550726,0.2569673326277148,0.27410089988841874
CF2,L4,2,zero_fill,hrp,300,3.144910126825174,2.464301779257856,2.8820400911321244,3.4381705041006203
CF2,L4,2,bilinear,psnr,300,23.929427102721657,7.797778727442342,23.05988759115476,24.851272905904974
CF2,L4,2,bilinear,psnr_masked,300,21.12203429852815,7.786526826637657,20.27483085614364,22.040241540139775
CF2,L4,2,bilinear,ssim,300,0.61303301410144,0.12351080237321616,0.5994377144420557,0.627008202332607
CF2,L4,2,bilinear,hrp,300,0.6584192955493927,0.16921913882986475,0.6397942920327186,0.6778190734237433
CF2,L4,2,inpaint_telea,psnr,300,23.228431595475993,6.648177670410946,22.489026416309702,23.96571577657476
CF2,L4,2,inpaint_telea,psnr_masked,300,20.42103880234768,6.638658291821457,19.678796819448532,21.175272401829517
CF2,L4,2,inpaint_telea,ssim,300,0.6204268113624122,0.09979180886627764,0.609045135232085,0.6315369320393688
CF2,L4,2,inpaint_telea,hrp,300,0.7066773131986459,0.18302300253297513,0.6859527476305762,0.7275124364607036
CF2,L4,2,inpaint_ns,psnr,300,23.26016017760835,6.8394149995035995,22.508753488485013,24.040574871416997
CF2,L4,2,inpaint_ns,psnr_masked,300,20.45276738148303,6.829566908041973,19.686492363786186,21.237148940263168
CF2,L4,2,inpaint_ns,ssim,300,0.6220612648339056,0.10405544942722553,0.6103190090340609,0.6337932139684566
CF2,L4,2,inpaint_ns,hrp,300,0.7119770848751068,0.18297865148845602,0.6911987580706676,0.7331759253814816
CF2,L4,2,dictlearn,psnr,300,20.45458095655304,5.902513202434025,19.794413008907902,21.13347976225505
CF2,L4,2,dictlearn,psnr_masked,300,17.647188183377263,5.897057882165722,16.995328191455638,18.3305616685371
CF2,L4,2,dictlearn,ssim,300,0.5014539327006889,0.07760907094143597,0.4926363281817798,0.5101321248009222
CF2,L4,2,dictlearn,hrp,300,0.37836202981571354,0.1125426801146686,0.3655378459400187,0.3911789333069076
CF2,L4,2,csfr,psnr,300,20.367900316214726,8.028366270353475,19.47303039577556,21.303340810687107
CF2,L4,2,csfr,psnr_masked,300,17.560507563107535,8.013180013441637,16.67109242892508,18.478401523844635
CF2,L4,2,csfr,ssim,300,0.5705953132814451,0.12217172843856478,0.557014291182442,0.5845814462617742
CF2,L4,2,csfr,hrp,300,0.9175014965732893,0.7458694408304577,0.838104170208176,1.0051512344367801
CF2,L5,0,zero_fill,psnr,300,9.23208282822527,3.549329827561336,8.822948078556804,9.639836777510924
CF2,L5,0,zero_fill,psnr_masked,300,7.775771631987121,3.548752620482913,7.3786134526111455,8.188344706747277
CF2,L5,0,zero_fill,ssim,300,0.10333553885956404,0.06934792164114853,0.09616042064067741,0.1116725866310422
CF2,L5,0,zero_fill,hrp,300,3.0825764858722686,2.3731699095673093,2.8176930179670454,3.3561241230716305
CF2,L5,0,bilinear,psnr,300,21.12869969850891,7.302983806769268,20.30488631953174,21.96101491042189
CF2,L5,0,bilinear,psnr_masked,300,19.67238850066413,7.303222989957897,18.848413614281164,20.504066460576038
CF2,L5,0,bilinear,ssim,300,0.45023008562266814,0.1623096238542835,0.43221607336582873,0.4689699718585226
CF2,L5,0,bilinear,hrp,300,0.6376394567390283,0.1614545880174321,0.6196770477394262,0.6562854109220206
CF2,L5,0,inpaint_telea,psnr,300,20.512189919826692,6.5469574457707544,19.788776461216568,21.25742221554806
CF2,L5,0,inpaint_telea,psnr_masked,300,19.055878729918156,6.548246150085313,18.32881278933767,19.816807237461607
CF2,L5,0,inpaint_telea,ssim,300,0.4560443638679279,0.13068105993894438,0.44127043005136135,0.4709115883010065
CF2,L5,0,inpaint_telea,hrp,300,0.7128172215322653,0.17831804830094644,0.6925549415213366,0.7325676309367021
CF2,L5,0,inpaint_ns,psnr,300,20.515109803894187,6.595655196721886,19.771776242743588,21.279944551742734
CF2,L5,0,inpaint_ns,psnr_masked,300,19.05879860704325,6.596316633295661,18.337938248757528,19.797326499194682
CF2,L5,0,inpaint_ns,ssim,300,0.45964079437921024,0.1381699192570416,0.4438202241428031,0.47540943581608075
CF2,L5,0,inpaint_ns,hrp,300,0.718779393384854,0.17733286436644888,0.6984280638732016,0.7385303777803978
CF2,L5,0,dictlearn,psnr,300,18.336407773235518,5.57294966885047,17.723235521131436,18.975524957447483
CF2,L5,0,dictlearn,psnr_masked,300,16.880096601390402,5.576548827673144,16.238006079102036,17.517284511853717
CF2,L5,0,dictlearn,ssim,300,0.3387180589664926,0.11792663459457255,0.32562012840768717,0.3523612516653068
CF2,L5,0,dictlearn,hrp,300,0.017462454239527383,0.06753662669469776,0.01025430051361521,0.025722180782506862
CF2,L5,0,csfr,psnr,300,15.782747583034716,6.712706932073352,15.023675347937807,16.54981525755061
CF2,L5,0,csfr,psnr_masked,300,14.326436364102058,6.710329031870078,13.584794601277702,15.101743083795713
CF2,L5,0,csfr,ssim,300,0.3723960915823696,0.13965094712850873,0.3568257461340459,0.3885698092735691
CF2,L5,0,csfr,hrp,300,1.3192277247210344,1.2871986977120917,1.185121935116748,1.4755341358631848
CF2,L5,1,zero_fill,psnr,300,9.249167894145275,3.5296745270532006,8.854057100481516,9.654725279292837
CF2,L5,1,zero_fill,psnr_masked,300,7.796211418002286,3.536165189727837,7.397322374599953,8.197509503992476
CF2,L5,1,zero_fill,ssim,300,0.10054448168412836,0.0673686147702487,0.09377013982692485,0.10875338636461096
CF2,L5,1,zero_fill,hrp,300,3.1011814934015276,2.3507531891799256,2.8458990712265173,3.3767962315306064
CF2,L5,1,bilinear,psnr,300,21.153480221876787,7.24367184358566,20.327753188290835,21.978746978648342
CF2,L5,1,bilinear,psnr_masked,300,19.700523734075567,7.238616277242698,18.89500364306656,20.533679791281813
CF2,L5,1,bilinear,ssim,300,0.4474913251781438,0.15377742946616405,0.43032093538516164,0.46511962991736144
CF2,L5,1,bilinear,hrp,300,0.6419665684799353,0.16745825396383862,0.6238459631788235,0.6615142725420495
CF2,L5,1,inpaint_telea,psnr,300,20.543220342451015,6.385403670896389,19.829324472968175,21.27872683639886
CF2,L5,1,inpaint_telea,psnr_masked,300,19.090263864996984,6.381013613513074,18.39194218119928,19.82009011682572
CF2,L5,1,inpaint_telea,ssim,300,0.4592819159285949,0.1257506820887037,0.44515639469234125,0.47396040630237785
CF2,L5,1,inpaint_telea,hrp,300,0.720665059487025,0.1716304336843443,0.7008964630340536,0.7399624890287717
CF2,L5,1,inpaint_ns,psnr,300,20.50126611211535,6.483087197554692,19.772286072250022,21.24553872353127
CF2,L5,1,inpaint_ns,psnr_masked,300,19.04830963671086,6.479149686138341,18.344487903193915,19.792226758307688
CF2,L5,1,inpaint_ns,ssim,300,0.46067403032439047,0.13068429946774668,0.44599312267617497,0.47599251386295915
CF2,L5,1,inpaint_ns,hrp,300,0.7272759417196115,0.16795469359827925,0.7082800008766353,0.7459354434919854
CF2,L5,1,dictlearn,psnr,300,18.2792345099613,5.529840448521928,17.65825444145129,18.920622375172368
CF2,L5,1,dictlearn,psnr_masked,300,16.82627802293141,5.529724547288152,16.21431886251509,17.454538286917963
CF2,L5,1,dictlearn,ssim,300,0.33720517177730724,0.11397534288865964,0.32471874258527744,0.3503702386582293
CF2,L5,1,dictlearn,hrp,300,0.025567151059707006,0.08581007424216336,0.01654991337408622,0.0357797412648797
CF2,L5,1,csfr,psnr,300,16.002135005878767,6.881324522167634,15.21927723556975,16.78688929780093
CF2,L5,1,csfr,psnr_masked,300,14.5491785257574,6.8842981305716275,13.79812887614977,15.332401324947048
CF2,L5,1,csfr,ssim,300,0.3706264773666572,0.14400148758293768,0.3544840847234787,0.38705397080325366
CF2,L5,1,csfr,hrp,300,1.307988630582889,1.1403526871052483,1.1851954926985004,1.4436558830402793
CF2,L5,2,zero_fill,psnr,300,9.247650443392619,3.564408011682138,8.85939906190889,9.652382577819697
CF2,L5,2,zero_fill,psnr_masked,300,7.791331733827498,3.5630281099838266,7.389940839262683,8.204572680954916
CF2,L5,2,zero_fill,ssim,300,0.10104965439618672,0.06847022319519264,0.09397553652827671,0.10953544196436546
CF2,L5,2,zero_fill,hrp,300,3.1035464450716974,2.400960525060848,2.839512033926944,3.3833708626652754
CF2,L5,2,bilinear,psnr,300,21.23879889233658,7.478027305560065,20.409315475608068,22.090543324570536
CF2,L5,2,bilinear,psnr_masked,300,19.78248019977323,7.474527689886628,18.97237093955858,20.656441755630894
CF2,L5,2,bilinear,ssim,300,0.4497737913079158,0.1620767185391311,0.43147828714233805,0.4681671938344514
CF2,L5,2,bilinear,hrp,300,0.656966747144858,0.1624779222441793,0.638374881931891,0.6753643070496619
CF2,L5,2,inpaint_telea,psnr,300,20.582661626576378,6.492286032002565,19.845930075893396,21.31772381489357
CF2,L5,2,inpaint_telea,psnr_masked,300,19.126342934431,6.487212013106748,18.39143230480147,19.87882277320491
CF2,L5,2,inpaint_telea,ssim,300,0.4574579826921114,0.12808484514492244,0.44300711068280546,0.47189947822233097
CF2,L5,2,inpaint_telea,hrp,300,0.7379497015476226,0.17704906161497788,0.7177456947515408,0.7572928114136059
CF2,L5,2,inpaint_ns,psnr,300,20.607054616013276,6.64315102143162,19.853306516546503,21.348171209585413
CF2,L5,2,inpaint_ns,psnr_masked,300,19.150735909560765,6.6382773669899215,18.419871125192927,19.918976944219896
CF2,L5,2,inpaint_ns,ssim,300,0.4606305044372118,0.13423057660775176,0.44583484503767273,0.4759129337797318
CF2,L5,2,inpaint_ns,hrp,300,0.7409164245426655,0.1748623076699765,0.7208482680109639,0.7612005395678183
CF2,L5,2,dictlearn,psnr,300,18.354285745287314,5.574965721166675,17.740371432642725,18.981079799539184
CF2,L5,2,dictlearn,psnr_masked,300,16.897967045586544,5.572217905662155,16.27279069970721,17.5385421750614
CF2,L5,2,dictlearn,ssim,300,0.340329359372452,0.11709785322576528,0.32722662591348345,0.35364024233375996
CF2,L5,2,dictlearn,hrp,300,0.028393138895432154,0.0943259400304382,0.018444936095426478,0.03990424908200899
CF2,L5,2,csfr,psnr,300,16.002117989318165,6.918368728585303,15.241226331931292,16.821174702551243
CF2,L5,2,csfr,psnr_masked,300,14.545799287099884,6.912875982155029,13.787238856124558,15.35430438069709
CF2,L5,2,csfr,ssim,300,0.37350874171498016,0.14195070191118123,0.35794689557565096,0.3900540244297401
CF2,L5,2,csfr,hrp,300,1.2985494767626127,1.1464114868087711,1.1780792366837463,1.4338470557679732
CF3,L1,0,zero_fill,psnr,300,21.62761768704866,4.625976294918844,21.117728115526226,22.163574900958494
CF3,L1,0,zero_fill,psnr_masked,300,8.337030498812618,4.6259762854579956,7.819177378863286,8.869727335946642
CF3,L1,0,zero_fill,ssim,300,0.9592536074102394,0.009714328832703444,0.9581399614815579,0.9603514361810199
CF3,L1,0,zero_fill,hrp,300,3.5480274816354114,5.750320538382262,3.0274679267456137,4.284678532970448
CF3,L1,0,bilinear,psnr,300,21.62761768704866,4.625976294918844,21.116137782822396,22.168239708405864
CF3,L1,0,bilinear,psnr_masked,300,8.337030498812618,4.6259762854579956,7.821398311681444,8.864373187203404
CF3,L1,0,bilinear,ssim,300,0.9592536074102394,0.009714328832703444,0.9581630877419751,0.9603626386421916
CF3,L1,0,bilinear,hrp,300,3.5480274816354114,5.750320538382262,3.042833106999596,4.283979819635551
CF3,L1,0,inpaint_telea,psnr,300,38.42311723761615,8.917354149389855,37.40589768371255,39.41382403438532
CF3,L1,0,inpaint_telea,psnr_masked,300,25.132530045415614,8.91735415278345,24.155287192928977,26.14235809030735
CF3,L1,0,inpaint_telea,ssim,300,0.9929287560089294,0.00452933894145663,0.9924076618815473,0.9934215095666262
CF3,L1,0,inpaint_telea,hrp,300,0.8995369426657757,0.5777731252190996,0.8369247384878497,0.9671228719546148
CF3,L1,0,inpaint_ns,psnr,300,38.63634293538375,10.207636489584765,37.516473595496926,39.82265616245609
CF3,L1,0,inpaint_ns,psnr_masked,300,25.39005769447286,10.499518380557355,24.21578338984387,26.607166894444404
CF3,L1,0,inpaint_ns,ssim,300,0.9929979378773468,0.0048158243507201055,0.9924279481324929,0.9935184057882736
CF3,L1,0,inpaint_ns,hrp,300,0.9000190545121829,0.5754333134526243,0.8386342339764038,0.9677724597131213
CF3,L1,0,dictlearn,psnr,300,34.99195848606982,9.337816333497017,33.94138105350353,36.064247215204
CF3,L1,0,dictlearn,psnr_masked,300,21.70137127893085,9.337816323003551,20.646255611640655,22.759800342699357
CF3,L1,0,dictlearn,ssim,300,0.9876956662566742,0.006496602545878235,0.986952867715352,0.9884147272280749
CF3,L1,0,dictlearn,hrp,300,0.947788064305981,0.504247734933906,0.8919638936022918,1.005507984076937
CF3,L1,0,csfr,psnr,300,38.89621628526699,9.737862502487841,37.81016842598961,39.9983132074888
CF3,L1,0,csfr,psnr_masked,300,25.60562906533712,9.73786253768962,24.512255307919435,26.701029608986914
CF3,L1,0,csfr,ssim,300,0.9933584821053884,0.0047507806708367555,0.9927994176576346,0.9938741738797571
CF3,L1,0,csfr,hrp,300,0.8956693907578787,0.5839125757138959,0.8311378452591598,0.9634136100212733
CF3,L1,1,zero_fill,psnr,300,21.62761768704866,4.625976294918844,21.1139451465984,22.15963050245385
CF3,L1,1,zero_fill,psnr_masked,300,8.337030498812618,4.6259762854579956,7.823821563006155,8.86401526616364
CF3,L1,1,zero_fill,ssim,300,0.9592536074102394,0.009714328832703444,0.9581672607693664,0.9603710352709598
CF3,L1,1,zero_fill,hrp,300,3.5480274816354114,5.750320538382262,3.034808408190807,4.328532247163355
CF3,L1,1,bilinear,psnr,300,21.62761768704866,4.625976294918844,21.10464611980938,22.16671644706491
CF3,L1,1,bilinear,psnr_masked,300,8.337030498812618,4.6259762854579956,7.826717418210346,8.863073761856425
CF3,L1,1,bilinear,ssim,300,0.9592536074102394,0.009714328832703444,0.9581701786529863,0.960378493436725
CF3,L1,1,bilinear,hrp,300,3.5480274816354114,5.750320538382262,3.0323477729459607,4.295480612652997
CF3,L1,1,inpaint_telea,psnr,300,38.42311723761615,8.917354149389855,37.42122316964393,39.45230007434179
CF3,L1,1,inpaint_telea,psnr_masked,300,25.132530045415614,8.91735415278345,24.130956373987317,26.16978505039976
CF3,L1,1,inpaint_telea,ssim,300,0.9929287560089294,0.00452933894145663,0.992390646921552,0.9934200366981096
CF3,L1,1,inpaint_telea,hrp,300,0.8995369426657757,0.5777731252190996,0.8370773556288331,0.9667738816527028
CF3,L1,1,inpaint_ns,psnr,300,38.63634293538375,10.207636489584765,37.51014227561812,39.81078144926015
CF3,L1,1,inpaint_ns,psnr_masked,300,25.39005769447286,10.499518380557355,24.229038697336847,26.584610719153904
CF3,L1,1,inpaint_ns,ssim,300,0.9929979378773468,0.0048158243507201055,0.9924524166000747,0.9935418057569019
CF3,L1,1,inpaint_ns,hrp,300,0.9000190545121829,0.5754333134526243,0.8375533113057414,0.9665139456192653
CF3,L1,1,dictlearn,psnr,300,34.541464135109166,9.452846798966952,33.50956800593483,35.63953161449233
CF3,L1,1,dictlearn,psnr_masked,300,21.250876957483555,9.452846821749729,20.184192729424993,22.32184617827881
CF3,L1,1,dictlearn,ssim,300,0.9870302033579909,0.006858744550566909,0.986233549624208,0.9877845948710362
CF3,L1,1,dictlearn,hrp,300,0.9386798532803854,0.4862910531642033,0.8843350605666637,0.9941630706054468
CF3,L1,1,csfr,psnr,300,38.89621628526699,9.737862502487841,37.82421963018314,40.030033831998914
CF3,L1,1,csfr,psnr_masked,300,25.60562906533712,9.73786253768962,24.518022798661377,26.719202461991532
CF3,L1,1,csfr,ssim,300,0.9933584821053884,0.0047507806708367555,0.9928031877122953,0.9938695403157961
CF3,L1,1,csfr,hrp,300,0.8956693907578787,0.5839125757138959,0.8312825386685629,0.9629298820272088
CF3,L1,2,zero_fill,psnr,300,21.62761768704866,4.625976294918844,21.112068505038124,22.150007226003126
CF3,L1,2,zero_fill,psnr_masked,300,8.337030498812618,4.6259762854579956,7.829230984052606,8.879862030017767
CF3,L1,2,zero_fill,ssim,300,0.9592536074102394,0.009714328832703444,0.9581833778707599,0.9603556587781213
CF3,L1,2,zero_fill,hrp,300,3.5480274816354114,5.750320538382262,3.0363349848041934,4.285202078002194
CF3,L1,2,bilinear,psnr,300,21.62761768704866,4.625976294918844,21.1038488922031,22.14180592523812
CF3,L1,2,bilinear,psnr_masked,300,8.337030498812618,4.6259762854579956,7.821726674086479,8.861032956804488
CF3,L1,2,bilinear,ssim,300,0.9592536074102394,0.009714328832703444,0.9581485222752865,0.960333750284149
CF3,L1,2,bilinear,hrp,300,3.5480274816354114,5.750320538382262,3.03987147924304,4.270490065445502
CF3,L1,2,inpaint_telea,psnr,300,38.42311723761615,8.917354149389855,37.4012446127765,39.46004686676198
CF3,L1,2,inpaint_telea,psnr_masked,300,25.132530045415614,8.91735415278345,24.140604779461118,26.131920003525813
CF3,L1,2,inpaint_telea,ssim,300,0.9929287560089294,0.00452933894145663,0.9924028654980797,0.9934089923707851
CF3,L1,2,inpaint_telea,hrp,300,0.8995369426657757,0.5777731252190996,0.837609961827596,0.9656939522437751
CF3,L1,2,inpaint_ns,psnr,300,38.63634293538375,10.207636489584765,37.497373710622355,39.80832270648013
CF3,L1,2,inpaint_ns,psnr_masked,300,25.39005769447286,10.499518380557355,24.24044261209569,26.59420517045892
CF3,L1,2,inpaint_ns,ssim,300,0.9929979378773468,0.0048158243507201055,0.9924443222072129,0.9935359689241109
CF3,L1,2,inpaint_ns,hrp,300,0.9000190545121829,0.5754333134526243,0.8364383000011246,0.9660151643119752
CF3,L1,2,dictlearn,psnr,300,34.4322555263423,9.24098152218474,33.40428032596048,35.479237081777875
CF3,L1,2,dictlearn,psnr_masked,300,21.14166831201777,9.240981518879144,20.122496386397597,22.189844059751913
CF3,L1,2,dictlearn,ssim,300,0.9868334604506216,0.006864878468120424,0.9860351324038685,0.9875913752393609
CF3,L1,2,dictlearn,hrp,300,0.9332239323854447,0.43944864191487987,0.8847502969702085,0.9829845425536236
CF3,L1,2,csfr,psnr,300,38.89621628526699,9.737862502487841,37.798574263638635,40.00267806465311
CF3,L1,2,csfr,psnr_masked,300,25.60562906533712,9.73786253768962,24.50376557466479,26.70712840537912
CF3,L1,2,csfr,ssim,300,0.9933584821053884,0.0047507806708367555,0.9928079823258528,0.9938801177616511
CF3,L1,2,csfr,hrp,300,0.8956693907578787,0.5839125757138959,0.832010874842604,0.9643147993187109
CF3,L2,0,zero_fill,psnr,300,16.418063887119782,4.452234386390927,15.921573425973444,16.913163504829267
CF3,L2,0,zero_fill,psnr_masked,300,8.356264132880652,4.4522343791184475,7.855338750678395,8.870354531309664
CF3,L2,0,zero_fill,ssim,300,0.8425700112816993,0.018100142996404136,0.8405448809400625,0.8446702584690121
CF3,L2,0,zero_fill,hrp,300,3.884258978664875,7.442193042555586,3.251698286943138,4.875877385539313
CF3,L2,0,bilinear,psnr,300,16.418063887119782,4.452234386390927,15.931620233417426,16.92931655163579
CF3,L2,0,bilinear,psnr_masked,300,8.356264132880652,4.4522343791184475,7.855881352395394,8.85936213740523
CF3,L2,0,bilinear,ssim,300,0.8425700112816993,0.018100142996404136,0.8405442524088103,0.8446177597795774
CF3,L2,0,bilinear,hrp,300,3.884258978664875,7.442193042555586,3.23291475494951,4.875993255230287
CF3,L2,0,inpaint_telea,psnr,300,29.480282327869304,8.61159011244167,28.509467866996122,30.452393050299843
CF3,L2,0,inpaint_telea,psnr_masked,300,21.41848259334412,8.61159011265217,20.4518888937887,22.401834570490557
CF3,L2,0,inpaint_telea,ssim,300,0.9257605945157877,0.025363924698242193,0.9229017256477279,0.928587903958854
CF3,L2,0,inpaint_telea,hrp,300,0.8360881421963374,0.47566518732200597,0.7836019470915199,0.8911846011442442
CF3,L2,0,inpaint_ns,psnr,300,29.39534742614087,9.818616865225225,28.322911020875953,30.503198060474276
CF3,L2,0,inpaint_ns,psnr_masked,300,21.36042034815687,10.021439058057455,20.283680190538725,22.527489759026345
CF3,L2,0,inpaint_ns,ssim,300,0.9227002524684489,0.027374327807438835,0.91960533054072,0.9258841620622752
CF3,L2,0,inpaint_ns,hrp,300,0.8342784205575784,0.4755498296606729,0.7818016237268846,0.8891724260561168
CF3,L2,0,dictlearn,psnr,300,25.056431237148878,6.169488169590769,24.384620944082474,25.759421824292144
CF3,L2,0,dictlearn,psnr_masked,300,16.994631489746187,6.169488170004809,16.29559160743529,17.701862815032374
CF3,L2,0,dictlearn,ssim,300,0.8952841121342866,0.01973135462522766,0.8930789447835717,0.8975181082395232
CF3,L2,0,dictlearn,hrp,300,0.18302348567793766,0.0945045009739778,0.17293124998547135,0.19406701226873946
CF3,L2,0,csfr,psnr,300,24.352853105334457,8.904238144477487,23.365359182465582,25.389463378357576
CF3,L2,0,csfr,psnr_masked,300,16.291053396293307,8.904238139343596,15.30100814531976,17.29940586735664
CF3,L2,0,csfr,ssim,300,0.8988486960738566,0.03526352439913028,0.8949004259098894,0.9028389692776561
CF3,L2,0,csfr,hrp,300,1.6489055122683445,4.74326886114857,1.2522264430901655,2.2867138928957282
CF3,L2,1,zero_fill,psnr,300,16.418063887119782,4.452234386390927,15.92054478911164,16.926737067970002
CF3,L2,1,zero_fill,psnr_masked,300,8.356264132880652,4.4522343791184475,7.864916109940982,8.864149927408501
CF3,L2,1,zero_fill,ssim,300,0.8425700112816993,0.018100142996404136,0.8406287011421159,0.8446418760489871
CF3,L2,1,zero_fill,hrp,300,3.884258978664875,7.442193042555586,3.2438978223105273,4.864667566602428
CF3,L2,1,bilinear,psnr,300,16.418063887119782,4.452234386390927,15.934540432734652,16.928957636637758
CF3,L2,1,bilinear,psnr_masked,300,8.356264132880652,4.4522343791184475,7.857335279752349,8.867734413910531
CF3,L2,1,bilinear,ssim,300,0.8425700112816993,0.018100142996404136,0.8405634230015165,0.8446609863077645
CF3,L2,1,bilinear,hrp,300,3.884258978664875,7.442193042555586,3.2373552765225373,4.856275644116104
CF3,L2,1,inpaint_telea,psnr,300,29.480282327869304,8.61159011244167,28.511768296244995,30.434439453309174
CF3,L2,1,inpaint_telea,psnr_masked,300,21.41848259334412,8.61159011265217,20.470003214041235,22.41729599165835
CF3,L2,1,inpaint_telea,ssim,300,0.9257605945157877,0.025363924698242193,0.9229270473633814,0.92860263133051
CF3,L2,1,inpaint_telea,hrp,300,0.8360881421963374,0.47566518732200597,0.7831317192862431,0.891078726845483
CF3,L2,1,inpaint_ns,psnr,300,29.39534742614087,9.818616865225225,28.300010564469552,30.508425903005033
CF3,L2,1,inpaint_ns,psnr_masked,300,21.36042034815687,10.021439058057455,20.280943383270024,22.528454474783498
CF3,L2,1,inpaint_ns,ssim,300,0.9227002524684489,0.027374327807438835,0.9196419131301541,0.9258172986777794
CF3,L2,1,inpaint_ns,hrp,300,0.8342784205575784,0.4755498296606729,0.781963578823954,0.8892517378218472
CF3,L2,1,dictlearn,psnr,300,25.033285456077554,6.143320465643701,24.330537072231067,25.723378784268146
CF3,L2,1,dictlearn,psnr_masked,300,16.971485717327752,6.1433204636832714,16.27572748476632,17.66516684718291
CF3,L2,1,dictlearn,ssim,300,0.8946018598487243,0.019422560332910933,0.8923848392383803,0.8967903232878915
CF3,L2,1,dictlearn,hrp,300,0.18406636999299128,0.09514934102684779,0.17323058266844601,0.19517311306049426
CF3,L2,1,csfr,psnr,300,24.352853105334457,8.904238144477487,23.354351674934776,25.380183603389394
CF3,L2,1,csfr,psnr_masked,300,16.291053396293307,8.904238139343596,15.303265621285165,17.310550279296155
CF3,L2,1,csfr,ssim,300,0.8988486960738566,0.03526352439913028,0.8948826117786615,0.9028329331099323
CF3,L2,1,csfr,hrp,300,1.6489055122683445,4.74326886114857,1.2549656221562375,2.2746000280299534
CF3,L2,2,zero_fill,psnr,300,16.418063887119782,4.452234386390927,15.934504473365868,16.923167021224494
CF3,L2,2,zero_fill,psnr_masked,300,8.356264132880652,4.4522343791184475,7.8561174885475396,8.850038010009461
CF3,L2,2,zero_fill,ssim,300,0.8425700112816993,0.018100142996404136,0.8405353477730214,0.8446864149336153
CF3,L2,2,zero_fill,hrp,300,3.884258978664875,7.442193042555586,3.239173094078898,4.875359861450891
CF3,L2,2,bilinear,psnr,300,16.418063887119782,4.452234386390927,15.928389339248499,16.909295352345442
CF3,L2,2,bilinear,psnr_masked,300,8.356264132880652,4.4522343791184475,7.8566909357953705,8.8816852695379
CF3,L2,2,bilinear,ssim,300,0.8425700112816993,0.018100142996404136,0.840554201155563,0.8446616495158631
CF3,L2,2,bilinear,hrp,300,3.884258978664875,7.442193042555586,3.2415005889584623,4.874318190907438
CF3,L2,2,inpaint_telea,psnr,300,29.480282327869304,8.61159011244167,28.5132910461583,30.480489610741394
CF3,L2,2,inpaint_telea,psnr_masked,300,21.41848259334412,8.61159011265217,20.477880708463662,22.401806653662963
CF3,L2,2,inpaint_telea,ssim,300,0.9257605945157877,0.025363924698242193,0.9229295887661263,0.9286387623725859
CF3,L2,2,inpaint_telea,hrp,300,0.8360881421963374,0.47566518732200597,0.784188695958505,0.8891024792554477
CF3,L2,2,inpaint_ns,psnr,300,29.39534742614087,9.818616865225225,28.33482602142406,30.52124275188522
CF3,L2,2,inpaint_ns,psnr_masked,300,21.36042034815687,10.021439058057455,20.259146218916786,22.52989514023487
CF3,L2,2,inpaint_ns,ssim,300,0.9227002524684489,0.027374327807438835,0.9196697050810175,0.9258406715098992
CF3,L2,2,inpaint_ns,hrp,300,0.8342784205575784,0.4755498296606729,0.7816117932510872,0.8896404420907299
CF3,L2,2,dictlearn,psnr,300,25.05829369167169,6.146892504541772,24.381969039561024,25.76788017779907
CF3,L2,2,dictlearn,psnr_masked,300,16.996493946708913,6.146892503673139,16.29541230058897,17.682532153820947
CF3,L2,2,dictlearn,ssim,300,0.8950627615675669,0.019553241709391364,0.8928423776764637,0.8972927504189401
CF3,L2,2,dictlearn,hrp,300,0.18234195462117592,0.09437912562012614,0.17187094997428357,0.19317935270412515
CF3,L2,2,csfr,psnr,300,24.352853105334457,8.904238144477487,23.38783009423279,25.391576109113092
CF3,L2,2,csfr,psnr_masked,300,16.291053396293307,8.904238139343596,15.301184920853402,17.288558303045342
CF3,L2,2,csfr,ssim,300,0.8988486960738566,0.03526352439913028,0.8947713127875249,0.9029016910750266
CF3,L2,2,csfr,hrp,300,1.6489055122683445,4.74326886114857,1.2543846694168945,2.273732188882306
CF3,L3,0,zero_fill,psnr,300,13.402521727975827,4.050827156911,12.957068031912893,13.86103398161045
CF3,L3,0,zero_fill,psnr_masked,300,8.128257998187133,4.050827157376621,7.683053931521398,8.594057002526624
CF3,L3,0,zero_fill,ssim,300,0.6884326424077437,0.020657002166513054,0.6862833703508049,0.6908883556484244
CF3,L3,0,zero_fill,hrp,300,4.15831276545922,8.112502791246378,3.455902151043216,5.235050010594229
CF3,L3,0,bilinear,psnr,300,13.402521727975827,4.050827156911,12.9582458238809,13.8719244486004
CF3,L3,0,bilinear,psnr_masked,300,8.128257998187133,4.050827157376621,7.686258090945801,8.591622640396018
CF3,L3,0,bilinear,ssim,300,0.6884326424077437,0.020657002166513054,0.6863398008421714,0.690962756629404
CF3,L3,0,bilinear,hrp,300,4.15831276545922,8.112502791246378,3.448681396737695,5.213243776043257
CF3,L3,0,inpaint_telea,psnr,300,24.410029636192817,8.043061759436009,23.50880328306382,25.328301673872463
CF3,L3,0,inpaint_telea,psnr_masked,300,19.135765904384776,8.043061775378277,18.233996942366765,20.057677135474183
CF3,L3,0,inpaint_telea,ssim,300,0.8126340412231986,0.05657253552116183,0.8061993820154418,0.8191010818100347
CF3,L3,0,inpaint_telea,hrp,300,0.785506244674325,0.4567873934227064,0.7344289593516539,0.8380270261491338
CF3,L3,0,inpaint_ns,psnr,300,24.397584539786646,9.5943386309573,23.33497935983374,25.52577462042336
CF3,L3,0,inpaint_ns,psnr_masked,300,19.140901682297876,9.737107602680224,18.066642104246128,20.312950092745925
CF3,L3,0,inpaint_ns,ssim,300,0.8074475515984818,0.05964785314522032,0.8007918692328692,0.8144714273311371
CF3,L3,0,inpaint_ns,hrp,300,0.7891514841467142,0.453877710140586,0.738583776704346,0.84197543071645
CF3,L3,0,dictlearn,psnr,300,21.90921223281986,5.835373799671676,21.25605371996097,22.57800960762147
CF3,L3,0,dictlearn,psnr_masked,300,16.634948513566638,5.835373841625166,15.964960388052935,17.28998499150885
CF3,L3,0,dictlearn,ssim,300,0.7795686237277674,0.04101367277077949,0.7749598244019593,0.7843138390071032
CF3,L3,0,dictlearn,hrp,300,0.14074382526800036,0.06553776854052783,0.13348168955386305,0.14823762049914027
CF3,L3,0,csfr,psnr,300,16.965184332428368,6.143582105960436,16.276657781124882,17.656828023087403
CF3,L3,0,csfr,psnr_masked,300,11.690920588601474,6.143582093840354,11.019473951069472,12.390656020243572
CF3,L3,0,csfr,ssim,300,0.7566493568650388,0.051744722565851865,0.750982413734863,0.7626469456107948
CF3,L3,0,csfr,hrp,300,2.8104021369417507,6.606716215485519,2.243527099695057,3.699724887644251
CF3,L3,1,zero_fill,psnr,300,13.402521727975827,4.050827156911,12.954048468956634,13.871821095862952
CF3,L3,1,zero_fill,psnr_masked,300,8.128257998187133,4.050827157376621,7.673843078381544,8.586317025546261
CF3,L3,1,zero_fill,ssim,300,0.6884326424077437,0.020657002166513054,0.6863301710574441,0.6909060333897683
CF3,L3,1,zero_fill,hrp,300,4.15831276545922,8.112502791246378,3.4516267545595767,5.2297857121974225
CF3,L3,1,bilinear,psnr,300,13.402521727975827,4.050827156911,12.95083879342895,13.868288548049192
CF3,L3,1,bilinear,psnr_masked,300,8.128257998187133,4.050827157376621,7.667059185189938,8.598849507692117
CF3,L3,1,bilinear,ssim,300,0.6884326424077437,0.020657002166513054,0.6863412890584139,0.6909720195202612
CF3,L3,1,bilinear,hrp,300,4.15831276545922,8.112502791246378,3.452318702454368,5.230694042963285
CF3,L3,1,inpaint_telea,psnr,300,24.410029636192817,8.043061759436009,23.500697330777804,25.32895943655363
CF3,L3,1,inpaint_telea,psnr_masked,300,19.135765904384776,8.043061775378277,18.225923275343877,20.050506348929893
CF3,L3,1,inpaint_telea,ssim,300,0.8126340412231986,0.05657253552116183,0.8063077640640591,0.819115331303528
CF3,L3,1,inpaint_telea,hrp,300,0.785506244674325,0.4567873934227064,0.735002958552291,0.8372830512188374
CF3,L3,1,inpaint_ns,psnr,300,24.397584539786646,9.5943386309573,23.36667788676785,25.52341138246001
CF3,L3,1,inpaint_ns,psnr_masked,300,19.140901682297876,9.737107602680224,18.10919822436572,20.275046650783175
CF3,L3,1,inpaint_ns,ssim,300,0.8074475515984818,0.05964785314522032,0.8006992564425162,0.8142708261199428
CF3,L3,1,inpaint_ns,hrp,300,0.7891514841467142,0.453877710140586,0.7387116467903058,0.8418577943481504
CF3,L3,1,dictlearn,psnr,300,21.892495705188697,5.851470124568722,21.25045801187967,22.559908225002694
CF3,L3,1,dictlearn,psnr_masked,300,16.61823196512133,5.851470154112132,15.960119750146436,17.308126836078376
CF3,L3,1,dictlearn,ssim,300,0.7794461695202961,0.04112350599334582,0.7748315279530268,0.7840360494745258
CF3,L3,1,dictlearn,hrp,300,0.13968182167659204,0.06329446515711522,0.1327345570024724,0.14680874103680253
CF3,L3,1,csfr,psnr,300,16.965184332428368,6.143582105960436,16.292993701872057,17.685546976829713
CF3,L3,1,csfr,psnr_masked,300,11.690920588601474,6.143582093840354,11.021024338524303,12.413276823590369
CF3,L3,1,csfr,ssim,300,0.7566493568650388,0.051744722565851865,0.7510406697733885,0.7625086525141697
CF3,L3,1,csfr,hrp,300,2.8104021369417507,6.606716215485519,2.2397847949353356,3.6951531815739966
CF3,L3,2,zero_fill,psnr,300,13.402521727975827,4.050827156911,12.955052025220803,13.864664644289276
CF3,L3,2,zero_fill,psnr_masked,300,8.128257998187133,4.050827157376621,7.677353003724613,8.58470773717043
CF3,L3,2,zero_fill,ssim,300,0.6884326424077437,0.020657002166513054,0.6862969364039732,0.6909612004852831
CF3,L3,2,zero_fill,hrp,300,4.15831276545922,8.112502791246378,3.4546627418572706,5.213963585515817
CF3,L3,2,bilinear,psnr,300,13.402521727975827,4.050827156911,12.943562517630735,13.858109395247562
CF3,L3,2,bilinear,psnr_masked,300,8.128257998187133,4.050827157376621,7.683802948209603,8.588843198824385
CF3,L3,2,bilinear,ssim,300,0.6884326424077437,0.020657002166513054,0.6863018394176191,0.6909401027242039
CF3,L3,2,bilinear,hrp,300,4.15831276545922,8.112502791246378,3.445659143867592,5.219518466683724
CF3,L3,2,inpaint_telea,psnr,300,24.410029636192817,8.043061759436009,23.500564410570192,25.33558731498164
CF3,L3,2,inpaint_telea,psnr_masked,300,19.135765904384776,8.043061775378277,18.222664225842315,20.03615309073103
CF3,L3,2,inpaint_telea,ssim,300,0.8126340412231986,0.05657253552116183,0.8062376592690762,0.818988384954455
CF3,L3,2,inpaint_telea,hrp,300,0.785506244674325,0.4567873934227064,0.7351091976054013,0.8375733788013457
CF3,L3,2,inpaint_ns,psnr,300,24.397584539786646,9.5943386309573,23.35473556477229,25.49941121153585
CF3,L3,2,inpaint_ns,psnr_masked,300,19.140901682297876,9.737107602680224,18.05609714152515,20.29951887386045
CF3,L3,2,inpaint_ns,ssim,300,0.8074475515984818,0.05964785314522032,0.8009195696675466,0.8141568246922996
CF3,L3,2,inpaint_ns,hrp,300,0.7891514841467142,0.453877710140586,0.7389607259072364,0.8412155821565538
CF3,L3,2,dictlearn,psnr,300,21.8888970227984,5.841315294155664,21.250767691912145,22.560747189623868
CF3,L3,2,dictlearn,psnr_masked,300,16.614633279148777,5.841315311854935,15.97158826146607,17.27010278177081
CF3,L3,2,dictlearn,ssim,300,0.7791724247436546,0.04123422719586026,0.7745108708803536,0.7838040130087517
CF3,L3,2,dictlearn,hrp,300,0.14171650563677152,0.06827150259230662,0.1341032095005115,0.14952443584396194
CF3,L3,2,csfr,psnr,300,16.965184332428368,6.143582105960436,16.297047245583705,17.673168268804
CF3,L3,2,csfr,psnr_masked,300,11.690920588601474,6.143582093840354,11.020645659840348,12.393821539837765
CF3,L3,2,csfr,ssim,300,0.7566493568650388,0.051744722565851865,0.7509984987560436,0.7625621110198415
CF3,L3,2,csfr,hrp,300,2.8104021369417507,6.606716215485519,2.2328558313163622,3.6992330788634713
CF3,L4,0,zero_fill,psnr,300,11.025344907199012,3.9259849189216305,10.589146407594708,11.477106199253837
CF3,L4,0,zero_fill,psnr_masked,300,8.015044950559199,3.9259849189216305,7.58185760340214,8.464685486209405
CF3,L4,0,zero_fill,ssim,300,0.4665292888386782,0.03369959216042232,0.4632408512297829,0.4706910276768615
CF3,L4,0,zero_fill,hrp,300,4.859029970069726,10.038400378408534,3.9186550248935816,6.185278890848159
CF3,L4,0,bilinear,psnr,300,11.025344907199012,3.9259849189216305,10.59771104755224,11.481388395105052
CF3,L4,0,bilinear,psnr_masked,300,8.015044950559199,3.9259849189216305,7.5789132632336145,8.463844426672713
CF3,L4,0,bilinear,ssim,300,0.4665292888386782,0.03369959216042232,0.46322570176423944,0.47068627758854353
CF3,L4,0,bilinear,hrp,300,4.859029970069726,10.038400378408534,3.8890397234857086,6.14384564923495
CF3,L4,0,inpaint_telea,psnr,300,20.59671586913204,6.852349701468282,19.815565936209595,21.355220060697178
CF3,L4,0,inpaint_telea,psnr_masked,300,17.586415912492228,6.852349701468282,16.82008545840828,18.381948428338042
CF3,L4,0,inpaint_telea,ssim,300,0.6464523034398635,0.0923133351276169,0.6361314115887884,0.6569881186639587
CF3,L4,0,inpaint_telea,hrp,300,0.7586791323373715,0.3878363015123392,0.7148820887990296,0.8026262996854882
CF3,L4,0,inpaint_ns,psnr,300,20.59866688890712,8.347271417708567,19.699002908629748,21.590802002546454
CF3,L4,0,inpaint_ns,psnr_masked,300,17.598401265456104,8.44428532787413,16.70002846310877,18.613285762310475
CF3,L4,0,inpaint_ns,ssim,300,0.6368929822116013,0.09446545111401093,0.6264822196457951,0.6477078131738887
CF3,L4,0,inpaint_ns,hrp,300,0.740220824678739,0.37052877138098544,0.6993098720597725,0.7824657622699936
CF3,L4,0,dictlearn,psnr,300,19.087417564091776,5.664267615402642,18.440475262655973,19.725118364238188
CF3,L4,0,dictlearn,psnr_masked,300,16.07711760745196,5.664267615402642,15.450524635985666,16.718412416151285
CF3,L4,0,dictlearn,ssim,300,0.6058583900542304,0.08335302199554682,0.5966828736590476,0.6154848009369113
CF3,L4,0,dictlearn,hrp,300,0.0,0.0,0.0,0.0
CF3,L4,0,csfr,psnr,300,12.799099701784842,4.823356744906569,12.266938218324032,13.347313816391427
CF3,L4,0,csfr,psnr_masked,300,9.788799745145027,4.823356744906569,9.24522183056084,10.355581664333698
CF3,L4,0,csfr,ssim,300,0.5456348959552215,0.0715488958984151,0.5379888470467918,0.5541626666798136
CF3,L4,0,csfr,hrp,300,3.94172364115715,8.937000859560657,3.10498712643981,5.096425052138666
CF3,L4,1,zero_fill,psnr,300,11.025344907199012,3.9259849189216305,10.58494048001394,11.474098118684466
CF3,L4,1,zero_fill,psnr_masked,300,8.015044950559199,3.9259849189216305,7.577946569616097,8.470328555878186
CF3,L4,1,zero_fill,ssim,300,0.4665292888386782,0.03369959216042232,0.4632169079892624,0.47082316160658005
CF3,L4,1,zero_fill,hrp,300,4.859029970069726,10.038400378408534,3.8899983978842694,6.162490003024537
CF3,L4,1,bilinear,psnr,300,11.025344907199012,3.9259849189216305,10.583494850005772,11.47509462273401
CF3,L4,1,bilinear,psnr_masked,300,8.015044950559199,3.9259849189216305,7.569485377491239,8.471505933077488
CF3,L4,1,bilinear,ssim,300,0.4665292888386782,0.03369959216042232,0.46324106718945396,0.47076451236940264
CF3,L4,1,bilinear,hrp,300,4.859029970069726,10.038400378408534,3.9050156064927575,6.166334169139465
CF3,L4,1,inpaint_telea,psnr,300,20.59671586913204,6.852349701468282,19.829324243553646,21.38985782996516
CF3,L4,1,inpaint_telea,psnr_masked,300,17.586415912492228,6.852349701468282,16.82916136805259,18.3667263328266
CF3,L4,1,inpaint_telea,ssim,300,0.6464523034398635,0.0923133351276169,0.6362726788481765,0.6570134595230432
CF3,L4,1,inpaint_telea,hrp,300,0.7586791323373715,0.3878363015123392,0.7149472093290339,0.8027039361378799
CF3,L4,1,inpaint_ns,psnr,300,20.59866688890712,8.347271417708567,19.711467381658974,21.547878649803025
CF3,L4,1,inpaint_ns,psnr_masked,300,17.598401265456104,8.44428532787413,16.685311804516473,18.600117746046543
CF3,L4,1,inpaint_ns,ssim,300,0.6368929822116013,0.09446545111401093,0.6263107393745437,0.6479714337759019
CF3,L4,1,inpaint_ns,hrp,300,0.740220824678739,0.37052877138098544,0.6987979651677112,0.7828960640107592
CF3,L4,1,dictlearn,psnr,300,19.087417564091776,5.664267615402642,18.441417407967943,19.73673563187833
CF3,L4,1,dictlearn,psnr_masked,300,16.07711760745196,5.664267615402642,15.433895784666005,16.72100068900115
CF3,L4,1,dictlearn,ssim,300,0.6058583900542304,0.08335302199554682,0.5965701182661288,0.615296406884867
CF3,L4,1,dictlearn,hrp,300,0.0,0.0,0.0,0.0
CF3,L4,1,csfr,psnr,300,12.799099701784842,4.823356744906569,12.264466693852185,13.356841047260023
CF3,L4,1,csfr,psnr_masked,300,9.788799745145027,4.823356744906569,9.251866539204551,10.342806645881804
CF3,L4,1,csfr,ssim,300,0.5456348959552215,0.0715488958984151,0.5378581223242439,0.5540624885641742
CF3,L4,1,csfr,hrp,300,3.94172364115715,8.937000859560657,3.088587057992816,5.098003702158728
CF3,L4,2,zero_fill,psnr,300,11.025344907199012,3.9259849189216305,10.600069293799052,11.476782930421319
CF3,L4,2,zero_fill,psnr_masked,300,8.015044950559199,3.9259849189216305,7.575970632306608,8.465652690300628
CF3,L4,2,zero_fill,ssim,300,0.4665292888386782,0.03369959216042232,0.46324769438206875,0.47088105601960006
CF3,L4,2,zero_fill,hrp,300,4.859029970069726,10.038400378408534,3.9023475226610898,6.13691816634933
CF3,L4,2,bilinear,psnr,300,11.025344907199012,3.9259849189216305,10.595610041838826,11.473041276440403
CF3,L4,2,bilinear,psnr_masked,300,8.015044950559199,3.9259849189216305,7.584203947622382,8.465221455132502
CF3,L4,2,bilinear,ssim,300,0.4665292888386782,0.03369959216042232,0.4632628702757529,0.47088948372951467
CF3,L4,2,bilinear,hrp,300,4.859029970069726,10.038400378408534,3.9035916724329196,6.131387825737397
CF3,L4,2,inpaint_telea,psnr,300,20.59671586913204,6.852349701468282,19.840344788076404,21.372499109694107
CF3,L4,2,inpaint_telea,psnr_masked,300,17.586415912492228,6.852349701468282,16.816732971043262,18.386893404254092
CF3,L4,2,inpaint_telea,ssim,300,0.6464523034398635,0.0923133351276169,0.636436759144004,0.6568130180096264
CF3,L4,2,inpaint_telea,hrp,300,0.7586791323373715,0.3878363015123392,0.7153365598699699,0.8044254648250838
CF3,L4,2,inpaint_ns,psnr,300,20.59866688890712,8.347271417708567,19.69576950559193,21.569832145187824
CF3,L4,2,inpaint_ns,psnr_masked,300,17.598401265456104,8.44428532787413,16.70666366843714,18.585451258961932
CF3,L4,2,inpaint_ns,ssim,300,0.6368929822116013,0.09446545111401093,0.6264083756094422,0.6476929759606233
CF3,L4,2,inpaint_ns,hrp,300,0.740220824678739,0.37052877138098544,0.6996308736565212,0.7823191136022408
CF3,L4,2,dictlearn,psnr,300,19.087417564091776,5.664267615402642,18.4443883363148,19.734590722680508
CF3,L4,2,dictlearn,psnr_masked,300,16.07711760745196,5.664267615402642,15.44643148546032,16.72573810643454
CF3,L4,2,dictlearn,ssim,300,0.6058583900542304,0.08335302199554682,0.5965990772910237,0.6154614291878912
CF3,L4,2,dictlearn,hrp,300,0.0,0.0,0.0,0.0
CF3,L4,2,csfr,psnr,300,12.799099701784842,4.823356744906569,12.276075310142163,13.347600900663766
CF3,L4,2,csfr,psnr_masked,300,9.788799745145027,4.823356744906569,9.237381705179812,10.33932469612402
CF3,L4,2,csfr,ssim,300,0.5456348959552215,0.0715488958984151,0.5377233194557575,0.5539757630100158
CF3,L4,2,csfr,hrp,300,3.94172364115715,8.937000859560657,3.0888326353654265,5.0814056389356645
CF3,L5,0,zero_fill,psnr,300,9.453288122311044,3.7268449791039044,9.034831239328692,9.888393037771467
CF3,L5,0,zero_fill,psnr_masked,300,7.923613513592946,3.7268449820129197,7.5062014020526995,8.33890457552111
CF3,L5,0,zero_fill,ssim,300,0.2454510556004066,0.049115664276679405,0.24070210822968155,0.25169013066748985
CF3,L5,0,zero_fill,hrp,300,5.8374261062553465,12.657630196052716,4.581843258001473,7.470131009856026
CF3,L5,0,bilinear,psnr,300,9.453288122311044,3.7268449791039044,9.032190022661899,9.869992608433087
CF3,L5,0,bilinear,psnr_masked,300,7.923613513592946,3.7268449820129197,7.518605530405074,8.343528742102134
CF3,L5,0,bilinear,ssim,300,0.2454510556004066,0.049115664276679405,0.24069016683301797,0.25155374544393483
CF3,L5,0,bilinear,hrp,300,5.8374261062553465,12.657630196052716,4.571168010573679,7.4022966679309805
CF3,L5,0,inpaint_telea,psnr,300,17.873714625199355,6.165378942973206,17.175371798711037,18.57267918691883
CF3,L5,0,inpaint_telea,psnr_masked,300,16.344040025226718,6.165378935491195,15.6704195699637,17.047315722360196
CF3,L5,0,inpaint_telea,ssim,300,0.46981863363322873,0.12663643315249573,0.4558796915507716,0.48473105798990807
CF3,L5,0,inpaint_telea,hrp,300,0.7362904895593723,0.39081985858675794,0.692985662980626,0.7818518012271574
CF3,L5,0,inpaint_ns,psnr,300,18.05062502330147,7.8245958085675635,17.228618213448076,19.01522646308319
CF3,L5,0,inpaint_ns,psnr_masked,300,16.526049324350677,7.878489720292321,15.692051486111096,17.441886197368962
CF3,L5,0,inpaint_ns,ssim,300,0.4609680348780342,0.1308060342348054,0.4467660656297312,0.4755536172349173
CF3,L5,0,inpaint_ns,hrp,300,0.6771710571646691,0.3348263644793967,0.6399285185051461,0.7154718460353712
CF3,L5,0,dictlearn,psnr,300,17.2117445945452,5.678678277602331,16.559699718806787,17.857711942541464
CF3,L5,0,dictlearn,psnr_masked,300,15.68207000669817,5.678678302175334,15.055208392472881,16.3395148354494
CF3,L5,0,dictlearn,ssim,300,0.44188628411538305,0.11554172264662044,0.42906270019876946,0.45540575912738246
CF3,L5,0,dictlearn,hrp,300,0.09940459353849292,0.036607014580076334,0.09540083739502978,0.10366741806113472
CF3,L5,0,csfr,psnr,300,10.605039721201935,4.209751492780845,10.131421017043367,11.083726523446478
CF3,L5,0,csfr,psnr_masked,300,9.075365102879465,4.2097514739979935,8.615081644308122,9.55486049817558
CF3,L5,0,csfr,ssim,300,0.3279265091153505,0.08565817873815838,0.31856654422086067,0.33809895679791524
CF3,L5,0,csfr,hrp,300,5.076158498376608,11.671965090264855,3.9284713694142797,6.5494709803213675
CF3,L5,1,zero_fill,psnr,300,9.453288122311044,3.7268449791039044,9.044031327410604,9.883137181219238
CF3,L5,1,zero_fill,psnr_masked,300,7.923613513592946,3.7268449820129197,7.523514723446349,8.346798068527784
CF3,L5,1,zero_fill,ssim,300,0.2454510556004066,0.049115664276679405,0.24070245463209944,0.2515544729454418
CF3,L5,1,zero_fill,hrp,300,5.8374261062553465,12.657630196052716,4.6042572969799895,7.400706087648558
CF3,L5,1,bilinear,psnr,300,9.453288122311044,3.7268449791039044,9.044938161717274,9.884218577094257
CF3,L5,1,bilinear,psnr_masked,300,7.923613513592946,3.7268449820129197,7.516634574831386,8.345573232736339
CF3,L5,1,bilinear,ssim,300,0.2454510556004066,0.049115664276679405,0.24071122616853782,0.25170836653204715
CF3,L5,1,bilinear,hrp,300,5.8374261062553465,12.657630196052716,4.566757781363752,7.464673856942449
CF3,L5,1,inpaint_telea,psnr,300,17.873714625199355,6.165378942973206,17.174443314864185,18.578116703102555
CF3,L5,1,inpaint_telea,psnr_masked,300,16.344040025226718,6.165378935491195,15.647068486588983,17.0309367246663
CF3,L5,1,inpaint_telea,ssim,300,0.46981863363322873,0.12663643315249573,0.4554675646787369,0.48464355888392574
CF3,L5,1,inpaint_telea,hrp,300,0.7362904895593723,0.39081985858675794,0.6931449768164506,0.7818321186807007
CF3,L5,1,inpaint_ns,psnr,300,18.05062502330147,7.8245958085675635,17.227887505332202,18.992387856882207
CF3,L5,1,inpaint_ns,psnr_masked,300,16.526049324350677,7.878489720292321,15.680837916076769,17.448647888382723
CF3,L5,1,inpaint_ns,ssim,300,0.4609680348780342,0.1308060342348054,0.44642204072000313,0.475868021163671
CF3,L5,1,inpaint_ns,hrp,300,0.6771710571646691,0.3348263644793967,0.6397979092597962,0.7155264515466988
CF3,L5,1,dictlearn,psnr,300,17.198495999869564,5.684567202658045,16.581942352817094,17.84837219490863
CF3,L5,1,dictlearn,psnr_masked,300,15.66882139916462,5.684567202685585,15.034329169135711,16.321720912020897
CF3,L5,1,dictlearn,ssim,300,0.44183159869286176,0.11541425355379091,0.4290637503309826,0.45520491436568356
CF3,L5,1,dictlearn,hrp,300,0.0989302063973931,0.03619710123589141,0.0950957534587748,0.10305468336106666
CF3,L5,1,csfr,psnr,300,10.605039721201935,4.209751492780845,10.137819700339632,11.087556484433298
CF3,L5,1,csfr,psnr_masked,300,9.075365102879465,4.2097514739979935,8.603300731511409,9.549704302280283
CF3,L5,1,csfr,ssim,300,0.3279265091153505,0.08565817873815838,0.3185912976015255,0.3378690343741197
CF3,L5,1,csfr,hrp,300,5.076158498376608,11.671965090264855,3.9325580477304753,6.590915639847517
CF3,L5,2,zero_fill,psnr,300,9.453288122311044,3.7268449791039044,9.037616280397113,9.864749019340337
CF3,L5,2,zero_fill,psnr_masked,300,7.923613513592946,3.7268449820129197,7.504800548406909,8.343841308449324
CF3,L5,2,zero_fill,ssim,300,0.2454510556004066,0.049115664276679405,0.24071065540659592,0.25153568884515276
CF3,L5,2,zero_fill,hrp,300,5.8374261062553465,12.657630196052716,4.567614206960891,7.39862681589685
CF3,L5,2,bilinear,psnr,300,9.453288122311044,3.7268449791039044,9.037776305567023,9.875783695892245
CF3,L5,2,bilinear,psnr_masked,300,7.923613513592946,3.7268449820129197,7.511803001780286,8.347340974419884
CF3,L5,2,bilinear,ssim,300,0.2454510556004066,0.049115664276679405,0.24078869734957684,0.2516368107273285
CF3,L5,2,bilinear,hrp,300,5.8374261062553465,12.657630196052716,4.609644147884469,7.431146110915734
CF3,L5,2,inpaint_telea,psnr,300,17.873714625199355,6.165378942973206,17.18152418558788,18.571504883811002
CF3,L5,2,inpaint_telea,psnr_masked,300,16.344040025226718,6.165378935491195,15.657316570725063,17.0363288866386
CF3,L5,2,inpaint_telea,ssim,300,0.46981863363322873,0.12663643315249573,0.45577505252101796,0.4844890097858336
CF3,L5,2,inpaint_telea,hrp,300,0.7362904895593723,0.39081985858675794,0.6928573707900941,0.7819158354755491
CF3,L5,2,inpaint_ns,psnr,300,18.05062502330147,7.8245958085675635,17.216766120263358,18.97839845237253
CF3,L5,2,inpaint_ns,psnr_masked,300,16.526049324350677,7.878489720292321,15.688502150337492,17.478144624933876
CF3,L5,2,inpaint_ns,ssim,300,0.4609680348780342,0.1308060342348054,0.446599846509114,0.475960988127355
CF3,L5,2,inpaint_ns,hrp,300,0.6771710571646691,0.3348263644793967,0.6402082552090287,0.7157869445135195
CF3,L5,2,dictlearn,psnr,300,17.200378448840443,5.684002170209373,16.56618682313011,17.839762063863745
CF3,L5,2,dictlearn,psnr_masked,300,15.670703836125115,5.684002172929776,15.028903139722031,16.319947505888187
CF3,L5,2,dictlearn,ssim,300,0.441825164013981,0.11638114514603297,0.4288997863916588,0.45520032776912495
CF3,L5,2,dictlearn,hrp,300,0.10030216036597267,0.0408712068535055,0.09584463860711548,0.10504279486514861
CF3,L5,2,csfr,psnr,300,10.605039721201935,4.209751492780845,10.138290608927692,11.091968644626668
CF3,L5,2,csfr,psnr_masked,300,9.075365102879465,4.2097514739979935,8.601750980496949,9.550943499391934
CF3,L5,2,csfr,ssim,300,0.3279265091153505,0.08565817873815838,0.3185340041465597,0.3378674720870969
CF3,L5,2,csfr,hrp,300,5.076158498376608,11.671965090264855,3.9263591175787154,6.470183081805706
CF4,L1,0,zero_fill,psnr,300,22.26793852310748,8.583166941181515,21.39052367267699,23.33116049584798
CF4,L1,0,zero_fill,psnr_masked,300,9.065955235210325,9.416220766129314,8.122858393466105,10.236286164154444
CF4,L1,0,zero_fill,ssim,300,0.9600724859941746,0.010835763378427978,0.9588639381726684,0.9613140250274143
CF4,L1,0,zero_fill,hrp,300,3.282902830541134,2.740878670611774,2.981524690382183,3.61261190127333
CF4,L1,0,bilinear,psnr,300,22.26793852310748,8.583166941181515,21.386513576907003,23.350123936484724
CF4,L1,0,bilinear,psnr_masked,300,9.065955235210325,9.416220766129314,8.123444097821885,10.263380589538512
CF4,L1,0,bilinear,ssim,300,0.9600724859941746,0.010835763378427978,0.9588759078445177,0.9612933868589278
CF4,L1,0,bilinear,hrp,300,3.282902830541134,2.740878670611774,2.9876299531062447,3.5974409354353947
CF4,L1,0,inpaint_telea,psnr,300,39.1941516116947,10.462460774522572,38.06237386307782,40.42392906990342
CF4,L1,0,inpaint_telea,psnr_masked,300,26.03647029544302,11.288694892012014,24.781911383851543,27.355103442598086
CF4,L1,0,inpaint_telea,ssim,300,0.9936376026630118,0.0029342425561865284,0.9933055501284118,0.9939605640323107
CF4,L1,0,inpaint_telea,hrp,300,0.8322315555314223,0.3929823916478371,0.7871033411485453,0.8765074185989797
CF4,L1,0,inpaint_ns,psnr,300,39.50152996459152,10.749402101714683,38.33526773774262,40.75084434074696
CF4,L1,0,inpaint_ns,psnr_masked,300,26.343848646258873,11.551589250964096,25.084669077870597,27.699484132531385
CF4,L1,0,inpaint_ns,ssim,300,0.993948703077356,0.003127931768619489,0.9935937322138394,0.9942942547438699
CF4,L1,0,inpaint_ns,hrp,300,0.8414706229170164,0.393372190463007,0.7979455402878424,0.8875708565302193
CF4,L1,0,dictlearn,psnr,300,35.81131912363119,10.094615555904639,34.70025990448181,37.01649045735126
CF4,L1,0,dictlearn,psnr_masked,300,22.565033870266106,10.401752355627924,21.42296591551807,23.80053493532685
CF4,L1,0,dictlearn,ssim,300,0.9884597345910913,0.004645096258118645,0.9879373458412467,0.9889710771667105
CF4,L1,0,dictlearn,hrp,300,0.9050181447217862,0.40963740808373317,0.8597692735002687,0.951828790989394
CF4,L1,0,csfr,psnr,300,39.30015356849121,9.885440804360027,38.183834380001095,40.41704480464987
CF4,L1,0,csfr,psnr_masked,300,26.009566337354908,9.885440780223238,24.92181582860079,27.131076814027434
CF4,L1,0,csfr,ssim,300,0.9939711457719579,0.0030444082711091392,0.9936287281947797,0.9943159877521517
CF4,L1,0,csfr,hrp,300,0.8286434076229732,0.40010725750215187,0.7844617338279882,0.8744087166214982
CF4,L1,1,zero_fill,psnr,300,22.26793852310748,8.583166941181515,21.380834574264124,23.283838376146512
CF4,L1,1,zero_fill,psnr_masked,300,9.065955235210325,9.416220766129314,8.113038647877225,10.221941299581184
CF4,L1,1,zero_fill,ssim,300,0.9600724859941746,0.010835763378427978,0.9588795006905432,0.9612864155304143
CF4,L1,1,zero_fill,hrp,300,3.282902830541134,2.740878670611774,2.985161243083576,3.605067830542723
CF4,L1,1,bilinear,psnr,300,22.26793852310748,8.583166941181515,21.40166562302567,23.340428055226663
CF4,L1,1,bilinear,psnr_masked,300,9.065955235210325,9.416220766129314,8.107253568675834,10.201435115747017
CF4,L1,1,bilinear,ssim,300,0.9600724859941746,0.010835763378427978,0.9588799151936829,0.961311362782804
CF4,L1,1,bilinear,hrp,300,3.282902830541134,2.740878670611774,2.9882549389277897,3.5959537893856566
CF4,L1,1,inpaint_telea,psnr,300,39.1941516116947,10.462460774522572,38.037650826228045,40.42128275405852
CF4,L1,1,inpaint_telea,psnr_masked,300,26.03647029544302,11.288694892012014,24.843595117157093,27.372653156796567
CF4,L1,1,inpaint_telea,ssim,300,0.9936376026630118,0.0029342425561865284,0.9932990633630193,0.9939603340495596
CF4,L1,1,inpaint_telea,hrp,300,0.8322315555314223,0.3929823916478371,0.7874226542574664,0.8773903581251701
CF4,L1,1,inpaint_ns,psnr,300,39.50152996459152,10.749402101714683,38.33008133657405,40.754208318942936
CF4,L1,1,inpaint_ns,psnr_masked,300,26.343848646258873,11.551589250964096,25.09634561826221,27.70835269174464
CF4,L1,1,inpaint_ns,ssim,300,0.993948703077356,0.003127931768619489,0.9935898084886734,0.9942986066581945
CF4,L1,1,inpaint_ns,hrp,300,0.8414706229170164,0.393372190463007,0.79689101171121,0.8860212873195609
CF4,L1,1,dictlearn,psnr,300,35.66178549216363,8.999993364242979,34.648518877618514,36.70246070175598
CF4,L1,1,dictlearn,psnr_masked,300,22.371198296288025,8.999993378277967,21.376053791799112,23.4003750989318
CF4,L1,1,dictlearn,ssim,300,0.988606068920448,0.004798228254829291,0.9880668236205197,0.9891472740408048
CF4,L1,1,dictlearn,hrp,300,0.9107129873335361,0.4120039657066299,0.8649136837770541,0.9577236295305191
CF4,L1,1,csfr,psnr,300,39.30015356849121,9.885440804360027,38.233105388857716,40.440099810569286
CF4,L1,1,csfr,psnr_masked,300,26.009566337354908,9.885440780223238,24.92590956968955,27.140560536316475
CF4,L1,1,csfr,ssim,300,0.9939711457719579,0.0030444082711091392,0.9936257427370381,0.9943179091926032
CF4,L1,1,csfr,hrp,300,0.8286434076229732,0.40010725750215187,0.7829652904048562,0.8744615505548815
CF4,L1,2,zero_fill,psnr,300,22.26793852310748,8.583166941181515,21.388270208556968,23.313398336073227
CF4,L1,2,zero_fill,psnr_masked,300,9.065955235210325,9.416220766129314,8.108222077272307,10.245225132900488
CF4,L1,2,zero_fill,ssim,300,0.9600724859941746,0.010835763378427978,0.9588250838280126,0.9612891259077874
CF4,L1,2,zero_fill,hrp,300,3.282902830541134,2.740878670611774,2.985412078626454,3.610302795643608
CF4,L1,2,bilinear,psnr,300,22.26793852310748,8.583166941181515,21.370712448557192,23.30738784364212
CF4,L1,2,bilinear,psnr_masked,300,9.065955235210325,9.416220766129314,8.097970257389665,10.20799901972668
CF4,L1,2,bilinear,ssim,300,0.9600724859941746,0.010835763378427978,0.9588598061083599,0.9613075220815884
CF4,L1,2,bilinear,hrp,300,3.282902830541134,2.740878670611774,2.985924167697628,3.6078568832625946
CF4,L1,2,inpaint_telea,psnr,300,39.1941516116947,10.462460774522572,38.061144304107884,40.380223720818925
CF4,L1,2,inpaint_telea,psnr_masked,300,26.03647029544302,11.288694892012014,24.80416397263767,27.356093298501495
CF4,L1,2,inpaint_telea,ssim,300,0.9936376026630118,0.0029342425561865284,0.9932999221227503,0.9939643233921829
CF4,L1,2,inpaint_telea,hrp,300,0.8322315555314223,0.3929823916478371,0.788315419383347,0.8776825496430198
CF4,L1,2,inpaint_ns,psnr,300,39.50152996459152,10.749402101714683,38.32680868609391,40.76814344130533
CF4,L1,2,inpaint_ns,psnr_masked,300,26.343848646258873,11.551589250964096,25.07919076197402,27.669379985382847
CF4,L1,2,inpaint_ns,ssim,300,0.993948703077356,0.003127931768619489,0.9935971531993987,0.9943027631082553
CF4,L1,2,inpaint_ns,hrp,300,0.8414706229170164,0.393372190463007,0.7975134196542204,0.8866167375048001
CF4,L1,2,dictlearn,psnr,300,35.695678266430455,9.975731871674038,34.6054046320352,36.88797444216449
CF4,L1,2,dictlearn,psnr_masked,300,22.449393026379425,10.286918640353818,21.3261073549578,23.637598262920722
CF4,L1,2,dictlearn,ssim,300,0.9883547453935692,0.00469652160289243,0.98782876816306,0.9888859153404613
CF4,L1,2,dictlearn,hrp,300,0.9036992317438126,0.40337188826007336,0.8588406016454101,0.949481380943209
CF4,L1,2,csfr,psnr,300,39.30015356849121,9.885440804360027,38.21990482048901,40.46217602785869
CF4,L1,2,csfr,psnr_masked,300,26.009566337354908,9.885440780223238,24.891605663327386,27.166868451253002
CF4,L1,2,csfr,ssim,300,0.9939711457719579,0.0030444082711091392,0.9936242841027808,0.9943133069736492
CF4,L1,2,csfr,hrp,300,0.8286434076229732,0.40010725750215187,0.7835640878106157,0.8745951002575457
CF4,L2,0,zero_fill,psnr,300,16.808726682040632,8.21437084880253,15.981219495507851,17.81783677499269
CF4,L2,0,zero_fill,psnr_masked,300,8.800672278554158,8.768119283897347,7.91865074286681,9.921049632081605
CF4,L2,0,zero_fill,ssim,300,0.8444868629206936,0.022008263962225463,0.8421325721422159,0.8470568481938128
CF4,L2,0,zero_fill,hrp,300,3.3456992506980896,2.7751245155616275,3.0450137026508646,3.6667570960223674
CF4,L2,0,bilinear,psnr,300,16.808726682040632,8.21437084880253,15.977270468035917,17.81445577963776
CF4,L2,0,bilinear,psnr_masked,300,8.800672278554158,8.768119283897347,7.918679576275652,9.861175488994688
CF4,L2,0,bilinear,ssim,300,0.8444868629206936,0.022008263962225463,0.8420971176955258,0.8471042711667154
CF4,L2,0,bilinear,hrp,300,3.3456992506980896,2.7751245155616275,3.0428010091334583,3.667337089702487
CF4,L2,0,inpaint_telea,psnr,300,30.274258462529165,10.13047684787029,29.174846094976814,31.460492969659285
CF4,L2,0,inpaint_telea,psnr_masked,300,22.26620405683912,10.515623079034686,21.13134233379037,23.52612493197662
CF4,L2,0,inpaint_telea,ssim,300,0.9277347620968355,0.026201246115706085,0.9247984062682155,0.9307543752776993
CF4,L2,0,inpaint_telea,hrp,300,0.846033237427473,0.44024329715392807,0.7965550358705222,0.8966294758468867
CF4,L2,0,inpaint_ns,psnr,300,30.661158627567122,11.145284087272007,29.46961840600634,31.98094400126445
CF4,L2,0,inpaint_ns,psnr_masked,300,22.679976885844116,11.665343724278975,21.42351373339002,24.025510027483335
CF4,L2,0,inpaint_ns,ssim,300,0.9292684052714102,0.027579604130752184,0.9262459584194056,0.9324211332345002
CF4,L2,0,inpaint_ns,hrp,300,0.8627477913598219,0.4401624011607228,0.814652603028963,0.9128676601325472
CF4,L2,0,dictlearn,psnr,300,25.396501204038344,6.363188007232824,24.69289600430384,26.11297161572005
CF4,L2,0,dictlearn,psnr_masked,300,17.334701489310095,6.363187994711364,16.627483585398064,18.075175668731344
CF4,L2,0,dictlearn,ssim,300,0.8960623856734632,0.019560624951592987,0.8938996409959731,0.8983130546263115
CF4,L2,0,dictlearn,hrp,300,0.18210856257627409,0.0811238610453774,0.17295241684652865,0.19141946663459142
CF4,L2,0,csfr,psnr,300,24.095803224432935,9.01931364630162,23.112207062106673,25.148330592231236
CF4,L2,0,csfr,psnr_masked,300,16.03400346297263,9.01931365945232,15.036396003767607,17.06259543880812
CF4,L2,0,csfr,ssim,300,0.8975800264634286,0.03493304070519405,0.8936810832356229,0.9015446304404978
CF4,L2,0,csfr,hrp,300,1.3615784590194622,1.5023014598775255,1.2041545433538656,1.5359908839166165
CF4,L2,1,zero_fill,psnr,300,16.808726682040632,8.21437084880253,15.957647377852876,17.830605344122183
CF4,L2,1,zero_fill,psnr_masked,300,8.800672278554158,8.768119283897347,7.926281132520134,9.905396100445735
CF4,L2,1,zero_fill,ssim,300,0.8444868629206936,0.022008263962225463,0.842140931433483,0.8470725084400134
CF4,L2,1,zero_fill,hrp,300,3.3456992506980896,2.7751245155616275,3.0448022173643112,3.6701472895840803
CF4,L2,1,bilinear,psnr,300,16.808726682040632,8.21437084880253,15.970523086426983,17.834354580151878
CF4,L2,1,bilinear,psnr_masked,300,8.800672278554158,8.768119283897347,7.917108449125381,9.903674052320897
CF4,L2,1,bilinear,ssim,300,0.8444868629206936,0.022008263962225463,0.8421476837969947,0.8471785649782446
CF4,L2,1,bilinear,hrp,300,3.3456992506980896,2.7751245155616275,3.0429045427441594,3.6619629826496043
CF4,L2,1,inpaint_telea,psnr,300,30.274258462529165,10.13047684787029,29.166444710233346,31.45674205408786
CF4,L2,1,inpaint_telea,psnr_masked,300,22.26620405683912,10.515623079034686,21.156017263807072,23.54538866910057
CF4,L2,1,inpaint_telea,ssim,300,0.9277347620968355,0.026201246115706085,0.9247449729595466,0.930673070318437
CF4,L2,1,inpaint_telea,hrp,300,0.846033237427473,0.44024329715392807,0.7978203162240486,0.8963334375234941
CF4,L2,1,inpaint_ns,psnr,300,30.661158627567122,11.145284087272007,29.428975361965342,31.982694001590882
CF4,L2,1,inpaint_ns,psnr_masked,300,22.679976885844116,11.665343724278975,21.43487272931052,24.050141701343538
CF4,L2,1,inpaint_ns,ssim,300,0.9292684052714102,0.027579604130752184,0.9261949543915929,0.9324182666553746
CF4,L2,1,inpaint_ns,hrp,300,0.8627477913598219,0.4401624011607228,0.8146889780312776,0.9139114098871748
CF4,L2,1,dictlearn,psnr,300,25.386062088048327,6.349437085834671,24.674133107322834,26.085458671442026
CF4,L2,1,dictlearn,psnr_masked,300,17.324262368541937,6.349437077911501,16.60996358339924,18.033635132242278
CF4,L2,1,dictlearn,ssim,300,0.8957423459019986,0.01972916739927077,0.8935052385749599,0.8979611779439217
CF4,L2,1,dictlearn,hrp,300,0.18140510058651368,0.0807440645816255,0.17248385250723608,0.19074364141623176
CF4,L2,1,csfr,psnr,300,24.095803224432935,9.01931364630162,23.084341235464354,25.126786028334823
CF4,L2,1,csfr,psnr_masked,300,16.03400346297263,9.01931365945232,15.039640923099526,17.108775660939404
CF4,L2,1,csfr,ssim,300,0.8975800264634286,0.03493304070519405,0.8936971263695098,0.9016460131692204
CF4,L2,1,csfr,hrp,300,1.3615784590194622,1.5023014598775255,1.2012605371462803,1.5442751685287803
CF4,L2,2,zero_fill,psnr,300,16.808726682040632,8.21437084880253,15.979282484444434,17.814987297543762
CF4,L2,2,zero_fill,psnr_masked,300,8.800672278554158,8.768119283897347,7.9259847159643835,9.900535070812982
CF4,L2,2,zero_fill,ssim,300,0.8444868629206936,0.022008263962225463,0.842134034100601,0.8470431673845101
CF4,L2,2,zero_fill,hrp,300,3.3456992506980896,2.7751245155616275,3.0424676119635503,3.6635636025071143
CF4,L2,2,bilinear,psnr,300,16.808726682040632,8.21437084880253,15.966583755416034,17.811765163094186
CF4,L2,2,bilinear,psnr_masked,300,8.800672278554158,8.768119283897347,7.939026100020874,9.884815047208402
CF4,L2,2,bilinear,ssim,300,0.8444868629206936,0.022008263962225463,0.8422112916025924,0.8471522496819491
CF4,L2,2,bilinear,hrp,300,3.3456992506980896,2.7751245155616275,3.051993852282564,3.672661255771915
CF4,L2,2,inpaint_telea,psnr,300,30.274258462529165,10.13047684787029,29.16152034012995,31.44034545776332
CF4,L2,2,inpaint_telea,psnr_masked,300,22.26620405683912,10.515623079034686,21.122733437602353,23.5140793130875
CF4,L2,2,inpaint_telea,ssim,300,0.9277347620968355,0.026201246115706085,0.9247675288914486,0.9307173447702417
CF4,L2,2,inpaint_telea,hrp,300,0.846033237427473,0.44024329715392807,0.7980317313410341,0.8960012443649272
CF4,L2,2,inpaint_ns,psnr,300,30.661158627567122,11.145284087272007,29.44901142931444,31.954726633979806
CF4,L2,2,inpaint_ns,psnr_masked,300,22.679976885844116,11.665343724278975,21.435518795256844,24.037554850073565
CF4,L2,2,inpaint_ns,ssim,300,0.9292684052714102,0.027579604130752184,0.9262580631898272,0.9324261334640486
CF4,L2,2,inpaint_ns,hrp,300,0.8627477913598219,0.4401624011607228,0.8136461813698213,0.9131433803724747
CF4,L2,2,dictlearn,psnr,300,25.401009225923723,6.393227029025596,24.6768349300795,26.126354407460035
CF4,L2,2,dictlearn,psnr_masked,300,17.339209510397463,6.393227013982631,16.607937415062523,18.0671562691079
CF4,L2,2,dictlearn,ssim,300,0.896155446398869,0.020050595834065946,0.8938638577440379,0.8984374527291736
CF4,L2,2,dictlearn,hrp,300,0.18258926067501308,0.08276894539253439,0.17351199949719012,0.19210221053970358
CF4,L2,2,csfr,psnr,300,24.095803224432935,9.01931364630162,23.091189674250277,25.100627717738043
CF4,L2,2,csfr,psnr_masked,300,16.03400346297263,9.01931365945232,15.037451095919142,17.070768140320737
CF4,L2,2,csfr,ssim,300,0.8975800264634286,0.03493304070519405,0.8935040330454306,0.9015996081195532
CF4,L2,2,csfr,hrp,300,1.3615784590194622,1.5023014598775255,1.2005011134501546,1.5386479242456454
CF4,L3,0,zero_fill,psnr,300,13.837337202290064,7.657671993252968,13.077187544495995,14.776382207072306
CF4,L3,0,zero_fill,psnr_masked,300,8.580654354727983,7.859543856938808,7.781604956846746,9.562647560187477
CF4,L3,0,zero_fill,ssim,300,0.6913181031513178,0.03406675515750423,0.6878091645250515,0.6955075258615585
CF4,L3,0,zero_fill,hrp,300,3.927005048294862,7.4543556271605,3.271861054254075,4.934085107984642
CF4,L3,0,bilinear,psnr,300,13.837337202290064,7.657671993252968,13.063372334283137,14.781889299293486
CF4,L3,0,bilinear,psnr_masked,300,8.580654354727983,7.859543856938808,7.801237449949282,9.539427246449756
CF4,L3,0,bilinear,ssim,300,0.6913181031513178,0.03406675515750423,0.6878626642443139,0.6954775753708445
CF4,L3,0,bilinear,hrp,300,3.927005048294862,7.4543556271605,3.2778040226300558,4.888521853889028
CF4,L3,0,inpaint_telea,psnr,300,25.214883109116478,8.950378134253313,24.220875192794598,26.255527760031807
CF4,L3,0,inpaint_telea,psnr_masked,300,19.958200247137825,9.101668301925843,18.947726755024572,21.027039568501205
CF4,L3,0,inpaint_telea,ssim,300,0.8162803137337414,0.057065955466136506,0.8100347062373711,0.8228128460056948
CF4,L3,0,inpaint_telea,hrp,300,0.7945213078459104,0.37115331048980615,0.7541250255070626,0.8370135861362019
CF4,L3,0,inpaint_ns,psnr,300,25.43650233225093,9.514568515909453,24.404758520304654,26.52565609963364
CF4,L3,0,inpaint_ns,psnr_masked,300,20.179819499015974,9.65661909995352,19.118097611651343,21.288253314203125
CF4,L3,0,inpaint_ns,ssim,300,0.81946658053912,0.059994766806909974,0.812732631194809,0.8264185995552723
CF4,L3,0,inpaint_ns,hrp,300,0.8080293994645278,0.3662063240639184,0.7678981162793934,0.8493282869607209
CF4,L3,0,dictlearn,psnr,300,22.049460483588447,6.372607882661996,21.349778306601397,22.77381803231363
CF4,L3,0,dictlearn,psnr_masked,300,16.775196783158368,6.372607908530404,16.07634376929107,17.509652019534524
CF4,L3,0,dictlearn,ssim,300,0.7790136712018947,0.043408183812187806,0.7742393370143171,0.7838942908912222
CF4,L3,0,dictlearn,hrp,300,0.14415923406680425,0.06605246650091834,0.13672491069852064,0.15183333930031706
CF4,L3,0,csfr,psnr,300,17.061525424802724,7.354421396454013,16.255512399401518,17.92548456131764
CF4,L3,0,csfr,psnr_masked,300,11.787261691519774,7.354421412386302,10.98558232316129,12.64720037741419
CF4,L3,0,csfr,ssim,300,0.7556413207344758,0.05310312880179742,0.749727139485038,0.7616949092398415
CF4,L3,0,csfr,hrp,300,2.5985461675127346,5.41860124678101,2.12445204830418,3.3254526545119782
CF4,L3,1,zero_fill,psnr,300,13.837337202290064,7.657671993252968,13.063681112286888,14.790438040119566
CF4,L3,1,zero_fill,psnr_masked,300,8.580654354727983,7.859543856938808,7.79727114097078,9.573926317654209
CF4,L3,1,zero_fill,ssim,300,0.6913181031513178,0.03406675515750423,0.6878320309180049,0.6954352654189279
CF4,L3,1,zero_fill,hrp,300,3.927005048294862,7.4543556271605,3.2822372737824916,4.896763028576969
CF4,L3,1,bilinear,psnr,300,13.837337202290064,7.657671993252968,13.06095820048104,14.78590343256513
CF4,L3,1,bilinear,psnr_masked,300,8.580654354727983,7.859543856938808,7.793748023948751,9.566198606979151
CF4,L3,1,bilinear,ssim,300,0.6913181031513178,0.03406675515750423,0.6877967120311633,0.6954207693785491
CF4,L3,1,bilinear,hrp,300,3.927005048294862,7.4543556271605,3.2703191257193684,4.921696526274085
CF4,L3,1,inpaint_telea,psnr,300,25.214883109116478,8.950378134253313,24.24102337766642,26.272510578837743
CF4,L3,1,inpaint_telea,psnr_masked,300,19.958200247137825,9.101668301925843,18.980029588369856,21.030057477479044
CF4,L3,1,inpaint_telea,ssim,300,0.8162803137337414,0.057065955466136506,0.8098166129934132,0.8228503405263552
CF4,L3,1,inpaint_telea,hrp,300,0.7945213078459104,0.37115331048980615,0.7527949596345425,0.8379428916188578
CF4,L3,1,inpaint_ns,psnr,300,25.43650233225093,9.514568515909453,24.381887733842834,26.537044541634273
CF4,L3,1,inpaint_ns,psnr_masked,300,20.179819499015974,9.65661909995352,19.120503183051405,21.313818805997748
CF4,L3,1,inpaint_ns,ssim,300,0.81946658053912,0.059994766806909974,0.8127744221563988,0.8262234294084508
CF4,L3,1,inpaint_ns,hrp,300,0.8080293994645278,0.3662063240639184,0.7677952323233087,0.8508570945349833
CF4,L3,1,dictlearn,psnr,300,22.066191614015924,6.370469640844716,21.35641655457937,22.791239974475403
CF4,L3,1,dictlearn,psnr_masked,300,16.791927914001256,6.3704696320247205,16.080646336962065,17.525820604613077
CF4,L3,1,dictlearn,ssim,300,0.7792313349350881,0.04317389044791945,0.7743993927499552,0.7841227969949413
CF4,L3,1,dictlearn,hrp,300,0.14325328666716813,0.06485415736324156,0.13619080974177147,0.15069696175151814
CF4,L3,1,csfr,psnr,300,17.061525424802724,7.354421396454013,16.270383920492925,17.940739578504505
CF4,L3,1,csfr,psnr_masked,300,11.787261691519774,7.354421412386302,10.99102108123524,12.638644090369372
CF4,L3,1,csfr,ssim,300,0.7556413207344758,0.05310312880179742,0.7499120506511046,0.7616908876045982
CF4,L3,1,csfr,hrp,300,2.5985461675127346,5.41860124678101,2.12272199472785,3.312562011152506
CF4,L3,2,zero_fill,psnr,300,13.837337202290064,7.657671993252968,13.064654921624888,14.78104183570204
CF4,L3,2,zero_fill,psnr_masked,300,8.580654354727983,7.859543856938808,7.798453041306537,9.557274148046881
CF4,L3,2,zero_fill,ssim,300,0.6913181031513178,0.03406675515750423,0.6878111586911175,0.6954656330909634
CF4,L3,2,zero_fill,hrp,300,3.927005048294862,7.4543556271605,3.27691257810841,4.919196005672216
CF4,L3,2,bilinear,psnr,300,13.837337202290064,7.657671993252968,13.054776590883353,14.776871925476655
CF4,L3,2,bilinear,psnr_masked,300,8.580654354727983,7.859543856938808,7.793992135475629,9.545331725345404
CF4,L3,2,bilinear,ssim,300,0.6913181031513178,0.03406675515750423,0.6878322931305502,0.6955214672560635
CF4,L3,2,bilinear,hrp,300,3.927005048294862,7.4543556271605,3.2730985280176004,4.9132782593990365
CF4,L3,2,inpaint_telea,psnr,300,25.214883109116478,8.950378134253313,24.24239710065906,26.25215299355742
CF4,L3,2,inpaint_telea,psnr_masked,300,19.958200247137825,9.101668301925843,18.945178272088537,21.032994287096308
CF4,L3,2,inpaint_telea,ssim,300,0.8162803137337414,0.057065955466136506,0.8100218835469104,0.8228330531813165
CF4,L3,2,inpaint_telea,hrp,300,0.7945213078459104,0.37115331048980615,0.7540453240635494,0.8372800367052355
CF4,L3,2,inpaint_ns,psnr,300,25.43650233225093,9.514568515909453,24.40074831543389,26.52768861829082
CF4,L3,2,inpaint_ns,psnr_masked,300,20.179819499015974,9.65661909995352,19.119325995972453,21.30768731048216
CF4,L3,2,inpaint_ns,ssim,300,0.81946658053912,0.059994766806909974,0.8126126487611219,0.826408717384015
CF4,L3,2,inpaint_ns,hrp,300,0.8080293994645278,0.3662063240639184,0.7673641631255548,0.8496453438227376
CF4,L3,2,dictlearn,psnr,300,22.042696196816976,6.372262886378283,21.327147457282646,22.767856184795924
CF4,L3,2,dictlearn,psnr_masked,300,16.768432492630684,6.372262883332586,16.048282650778386,17.515185162879
CF4,L3,2,dictlearn,ssim,300,0.7782076035656337,0.04390194848061519,0.7733117193356724,0.7833509371892905
CF4,L3,2,dictlearn,hrp,300,0.1418505111709237,0.06303492762633,0.13491278887229663,0.1490986249477913
CF4,L3,2,csfr,psnr,300,17.061525424802724,7.354421396454013,16.265355346241243,17.935737424302044
CF4,L3,2,csfr,psnr_masked,300,11.787261691519774,7.354421412386302,10.996302910832526,12.660267406148277
CF4,L3,2,csfr,ssim,300,0.7556413207344758,0.05310312880179742,0.7497189146828049,0.7616117012571609
CF4,L3,2,csfr,hrp,300,2.5985461675127346,5.41860124678101,2.122687766225388,3.323959688654789
CF4,L4,0,zero_fill,psnr,300,11.288109387867939,6.587984109151741,10.632216641126254,12.129179065273645
CF4,L4,0,zero_fill,psnr_masked,300,8.287843764416928,6.724434890036266,7.63320152949361,9.144707788693827
CF4,L4,0,zero_fill,ssim,300,0.4679294787606877,0.04851481732252028,0.4631487077028052,0.4741746452775886
CF4,L4,0,zero_fill,hrp,300,4.306149130364259,7.657473275672992,3.6067764129216475,5.273475870080293
CF4,L4,0,bilinear,psnr,300,11.288109387867939,6.587984109151741,10.640943625239549,12.106635478450789
CF4,L4,0,bilinear,psnr_masked,300,8.287843764416928,6.724434890036266,7.632194444448763,9.152276972667709
CF4,L4,0,bilinear,ssim,300,0.4679294787606877,0.04851481732252028,0.46313682108999155,0.4739927639400796
CF4,L4,0,bilinear,hrp,300,4.306149130364259,7.657473275672992,3.605413461630543,5.3467650481387965
CF4,L4,0,inpaint_telea,psnr,300,21.04249679796433,8.225159024802672,20.15126578761556,22.006339052769988
CF4,L4,0,inpaint_telea,psnr_masked,300,18.04223117451332,8.323059455334262,17.147093544620077,19.011742472043263
CF4,L4,0,inpaint_telea,ssim,300,0.6474167850937494,0.09556742655027269,0.636721143275118,0.6583403382830286
CF4,L4,0,inpaint_telea,hrp,300,0.7501033943146467,0.37157704531404323,0.7094927496860424,0.7939709466192871
CF4,L4,0,inpaint_ns,psnr,300,21.12044471089919,8.474128648021559,20.20487228897441,22.135693538481572
CF4,L4,0,inpaint_ns,psnr_masked,300,18.120179087448175,8.569093564344374,17.198262020055,19.112574221071274
CF4,L4,0,inpaint_ns,ssim,300,0.6504368535809711,0.09712150133043082,0.6396095797389879,0.6613656649091404
CF4,L4,0,inpaint_ns,hrp,300,0.755407018562158,0.3452699959754563,0.7174717512180409,0.7947737578687569
CF4,L4,0,dictlearn,psnr,300,19.174509905906458,5.949310176743625,18.515864979931152,19.86898566827757
CF4,L4,0,dictlearn,psnr_masked,300,16.16420994926665,5.949310176743625,15.503025933437597,16.843043637589147
CF4,L4,0,dictlearn,ssim,300,0.6014166442192724,0.08219320649234438,0.5921090305701842,0.6108676054427516
CF4,L4,0,dictlearn,hrp,300,0.0,0.0,0.0,0.0
CF4,L4,0,csfr,psnr,300,12.921735073283674,5.719440423134872,12.301169114078254,13.607563987862328
CF4,L4,0,csfr,psnr_masked,300,9.911435116643862,5.719440423134872,9.2923943013035,10.581526914410608
CF4,L4,0,csfr,ssim,300,0.5424273482467237,0.07405248565404791,0.5343137903663048,0.5508968490273115
CF4,L4,0,csfr,hrp,300,3.4140698726971945,6.409026401952895,2.8351943002243836,4.23301617492487
CF4,L4,1,zero_fill,psnr,300,11.288109387867939,6.587984109151741,10.639558196880376,12.127043700964308
CF4,L4,1,zero_fill,psnr_masked,300,8.287843764416928,6.724434890036266,7.622104768504439,9.150814523544225
CF4,L4,1,zero_fill,ssim,300,0.4679294787606877,0.04851481732252028,0.46309589313006017,0.4739130196057575
CF4,L4,1,zero_fill,hrp,300,4.306149130364259,7.657473275672992,3.623807818852365,5.287509480531015
CF4,L4,1,bilinear,psnr,300,11.288109387867939,6.587984109151741,10.639002558419687,12.11219990184271
CF4,L4,1,bilinear,psnr_masked,300,8.287843764416928,6.724434890036266,7.631028261856956,9.145335405593931
CF4,L4,1,bilinear,ssim,300,0.4679294787606877,0.04851481732252028,0.4630640823516964,0.47399934875752653
CF4,L4,1,bilinear,hrp,300,4.306149130364259,7.657473275672992,3.619635959232847,5.321427718142668
CF4,L4,1,inpaint_telea,psnr,300,21.04249679796433,8.225159024802672,20.152593214272315,21.99750037682346
CF4,L4,1,inpaint_telea,psnr_masked,300,18.04223117451332,8.323059455334262,17.139220288508945,18.997958560111222
CF4,L4,1,inpaint_telea,ssim,300,0.6474167850937494,0.09556742655027269,0.6367891470692383,0.6585933276012379
CF4,L4,1,inpaint_telea,hrp,300,0.7501033943146467,0.37157704531404323,0.7082836346942932,0.7934479723634819
CF4,L4,1,inpaint_ns,psnr,300,21.12044471089919,8.474128648021559,20.193108054971322,22.12845292351655
CF4,L4,1,inpaint_ns,psnr_masked,300,18.120179087448175,8.569093564344374,17.20381096997861,19.138015975549756
CF4,L4,1,inpaint_ns,ssim,300,0.6504368535809711,0.09712150133043082,0.6398337530365864,0.6613447811843953
CF4,L4,1,inpaint_ns,hrp,300,0.755407018562158,0.3452699959754563,0.7176583874287704,0.7958075768885513
CF4,L4,1,dictlearn,psnr,300,19.174509905906458,5.949310176743625,18.506248916132645,19.853677325775077
CF4,L4,1,dictlearn,psnr_masked,300,16.16420994926665,5.949310176743625,15.49965438632392,16.85539844620574
CF4,L4,1,dictlearn,ssim,300,0.6014166442192724,0.08219320649234438,0.5922921070921038,0.610953678473467
CF4,L4,1,dictlearn,hrp,300,0.0,0.0,0.0,0.0
CF4,L4,1,csfr,psnr,300,12.921735073283674,5.719440423134872,12.30042899346395,13.581747804064658
CF4,L4,1,csfr,psnr_masked,300,9.911435116643862,5.719440423134872,9.28376994764478,10.571806989693847
CF4,L4,1,csfr,ssim,300,0.5424273482467237,0.07405248565404791,0.5344357817585605,0.550912346826368
CF4,L4,1,csfr,hrp,300,3.4140698726971945,6.409026401952895,2.827836870290339,4.263212973276774
CF4,L4,2,zero_fill,psnr,300,11.288109387867939,6.587984109151741,10.649270349817316,12.106722956292916
CF4,L4,2,zero_fill,psnr_masked,300,8.287843764416928,6.724434890036266,7.617086787053792,9.142287597753393
CF4,L4,2,zero_fill,ssim,300,0.4679294787606877,0.04851481732252028,0.46312460782449455,0.4737634847939778
CF4,L4,2,zero_fill,hrp,300,4.306149130364259,7.657473275672992,3.6122816532924773,5.2947618314151965
CF4,L4,2,bilinear,psnr,300,11.288109387867939,6.587984109151741,10.625109288050568,12.126342518123549
CF4,L4,2,bilinear,psnr_masked,300,8.287843764416928,6.724434890036266,7.623821379577738,9.12629451121731
CF4,L4,2,bilinear,ssim,300,0.4679294787606877,0.04851481732252028,0.4631540189297719,0.4738711525113184
CF4,L4,2,bilinear,hrp,300,4.306149130364259,7.657473275672992,3.6028062706713877,5.3271553544849155
CF4,L4,2,inpaint_telea,psnr,300,21.04249679796433,8.225159024802672,20.162898588084232,22.007724935892963
CF4,L4,2,inpaint_telea,psnr_masked,300,18.04223117451332,8.323059455334262,17.13926589276237,19.017491133431708
CF4,L4,2,inpaint_telea,ssim,300,0.6474167850937494,0.09556742655027269,0.6370170745774665,0.6582356825405572
CF4,L4,2,inpaint_telea,hrp,300,0.7501033943146467,0.37157704531404323,0.7091107654385269,0.7924340231871853
CF4,L4,2,inpaint_ns,psnr,300,21.12044471089919,8.474128648021559,20.201392915791544,22.093826673453854
CF4,L4,2,inpaint_ns,psnr_masked,300,18.120179087448175,8.569093564344374,17.180819310604065,19.148176329132305
CF4,L4,2,inpaint_ns,ssim,300,0.6504368535809711,0.09712150133043082,0.6396506653098426,0.6615445805084382
CF4,L4,2,inpaint_ns,hrp,300,0.755407018562158,0.3452699959754563,0.7175194922101994,0.7946851315125822
CF4,L4,2,dictlearn,psnr,300,19.174509905906458,5.949310176743625,18.522897456458107,19.86330738715188
CF4,L4,2,dictlearn,psnr_masked,300,16.16420994926665,5.949310176743625,15.496516106961392,16.832992691312292
CF4,L4,2,dictlearn,ssim,300,0.6014166442192724,0.08219320649234438,0.5921372955841042,0.6109775134350794
CF4,L4,2,dictlearn,hrp,300,0.0,0.0,0.0,0.0
CF4,L4,2,csfr,psnr,300,12.921735073283674,5.719440423134872,12.288594594987837,13.59593108749533
CF4,L4,2,csfr,psnr_masked,300,9.911435116643862,5.719440423134872,9.295655113113995,10.581853102408672
CF4,L4,2,csfr,ssim,300,0.5424273482467237,0.07405248565404791,0.5343950867468125,0.5512781959560705
CF4,L4,2,csfr,hrp,300,3.4140698726971945,6.409026401952895,2.834889784241716,4.2282759441336
CF4,L5,0,zero_fill,psnr,300,9.60868845738462,6.339114530847648,9.004448799372815,10.431166755750205
CF4,L5,0,zero_fill,psnr_masked,300,8.084112769209405,6.41225786104382,7.466111746139207,8.890616830297958
CF4,L5,0,zero_fill,ssim,300,0.24505248343939873,0.059321000300068816,0.2394422213803948,0.2526650327404254
CF4,L5,0,zero_fill,hrp,300,4.980939748485883,8.763581622366932,4.139147136151791,6.1132485034565125
CF4,L5,0,bilinear,psnr,300,9.60868845738462,6.339114530847648,9.003797347206145,10.410393624113246
CF4,L5,0,bilinear,psnr_masked,300,8.084112769209405,6.41225786104382,7.463828168749223,8.905052071709274
CF4,L5,0,bilinear,ssim,300,0.24505248343939873,0.059321000300068816,0.23927820916221612,0.2525872252726925
CF4,L5,0,bilinear,hrp,300,4.980939748485883,8.763581622366932,4.130559449295203,6.095943575948477
CF4,L5,0,inpaint_telea,psnr,300,18.22916556728287,6.394257650551982,17.507214230596375,18.957181914794603
CF4,L5,0,inpaint_telea,psnr_masked,300,16.69949096837499,6.394257641952365,15.993665623669788,17.44139877576635
CF4,L5,0,inpaint_telea,ssim,300,0.4723764279678392,0.12391985416311174,0.4583243237718807,0.48689320089887284
CF4,L5,0,inpaint_telea,hrp,300,0.7734078618884087,0.47042232816898727,0.7235694928690791,0.8291965309493243
CF4,L5,0,inpaint_ns,psnr,300,18.216598422759763,6.633414603162061,17.467028840720943,18.987065201620332
CF4,L5,0,inpaint_ns,psnr_masked,300,16.686923830012674,6.633414595856039,15.936543007436386,17.45523948260608
CF4,L5,0,inpaint_ns,ssim,300,0.4760666483369059,0.12913818997225418,0.4618006937010528,0.4907314289379631
CF4,L5,0,inpaint_ns,hrp,300,0.743024093657732,0.33207847582299954,0.7058326101861895,0.7808085680541893
CF4,L5,0,dictlearn,psnr,300,17.290269512112268,5.705279222967668,16.65420658709519,17.944798016063366
CF4,L5,0,dictlearn,psnr_masked,300,15.760594910642716,5.705279214766249,15.120209278414025,16.41418394014921
CF4,L5,0,dictlearn,ssim,300,0.43829819404730375,0.11605785941128086,0.4253034441034645,0.45162304694931843
CF4,L5,0,dictlearn,hrp,300,0.10220373262961706,0.05073064334370321,0.09686765486824638,0.1082447462991501
CF4,L5,0,csfr,psnr,300,10.627802720066912,4.875963973837062,10.091426343331015,11.222078862143746
CF4,L5,0,csfr,psnr_masked,300,9.098128123081413,4.8759639550951235,8.565966896400758,9.671676578546966
CF4,L5,0,csfr,ssim,300,0.32604705395649797,0.08382152073792645,0.3170728271777379,0.3358882917796601
CF4,L5,0,csfr,hrp,300,4.208741701344649,7.523045289521507,3.480995114934941,5.161729419218997
CF4,L5,1,zero_fill,psnr,300,9.60868845738462,6.339114530847648,9.001013408544289,10.401791842346984
CF4,L5,1,zero_fill,psnr_masked,300,8.084112769209405,6.41225786104382,7.471480616372163,8.907320951229606
CF4,L5,1,zero_fill,ssim,300,0.24505248343939873,0.059321000300068816,0.23933918560168924,0.25281867950286097
CF4,L5,1,zero_fill,hrp,300,4.980939748485883,8.763581622366932,4.122668413112561,6.101945022091268
CF4,L5,1,bilinear,psnr,300,9.60868845738462,6.339114530847648,9.000284039672476,10.411573909292212
CF4,L5,1,bilinear,psnr_masked,300,8.084112769209405,6.41225786104382,7.4675253119744305,8.896756516604203
CF4,L5,1,bilinear,ssim,300,0.24505248343939873,0.059321000300068816,0.23923496321043008,0.25262102063871544
CF4,L5,1,bilinear,hrp,300,4.980939748485883,8.763581622366932,4.135012683972716,6.116171265895169
CF4,L5,1,inpaint_telea,psnr,300,18.22916556728287,6.394257650551982,17.522931638573507,18.956941203310937
CF4,L5,1,inpaint_telea,psnr_masked,300,16.69949096837499,6.394257641952365,15.980564493568204,17.425642098551055
CF4,L5,1,inpaint_telea,ssim,300,0.4723764279678392,0.12391985416311174,0.458634357588827,0.4867520959956485
CF4,L5,1,inpaint_telea,hrp,300,0.7734078618884087,0.47042232816898727,0.7216472156718373,0.8285950707135101
CF4,L5,1,inpaint_ns,psnr,300,18.216598422759763,6.633414603162061,17.477169959156022,18.957790536386252
CF4,L5,1,inpaint_ns,psnr_masked,300,16.686923830012674,6.633414595856039,15.938260634339898,17.453601980394104
CF4,L5,1,inpaint_ns,ssim,300,0.4760666483369059,0.12913818997225418,0.46166201768292064,0.49111403230691664
CF4,L5,1,inpaint_ns,hrp,300,0.743024093657732,0.33207847582299954,0.7066209248540303,0.7801242430483301
CF4,L5,1,dictlearn,psnr,300,17.289854959086977,5.6576516814023385,16.67160734690087,17.930898391371134
CF4,L5,1,dictlearn,psnr_masked,300,15.760180366906413,5.657651699818703,15.11815646988482,16.406726912477254
CF4,L5,1,dictlearn,ssim,300,0.4388145927648304,0.11524402016766147,0.42624844466534934,0.45235559339393266
CF4,L5,1,dictlearn,hrp,300,0.10311808749412497,0.0524292756320953,0.09757407546664278,0.10946789560715357
CF4,L5,1,csfr,psnr,300,10.627802720066912,4.875963973837062,10.102158737428477,11.219605254988062
CF4,L5,1,csfr,psnr_masked,300,9.098128123081413,4.8759639550951235,8.568337858572736,9.676595997882936
CF4,L5,1,csfr,ssim,300,0.32604705395649797,0.08382152073792645,0.31696851959591,0.33603904775514987
CF4,L5,1,csfr,hrp,300,4.208741701344649,7.523045289521507,3.4739258302425347,5.17007404106607
CF4,L5,2,zero_fill,psnr,300,9.60868845738462,6.339114530847648,9.001281554742121,10.408862803093315
CF4,L5,2,zero_fill,psnr_masked,300,8.084112769209405,6.41225786104382,7.468215624401305,8.91024901261841
CF4,L5,2,zero_fill,ssim,300,0.24505248343939873,0.059321000300068816,0.239266252052118,0.2524893264888017
CF4,L5,2,zero_fill,hrp,300,4.980939748485883,8.763581622366932,4.111021228869756,6.098399471779664
CF4,L5,2,bilinear,psnr,300,9.60868845738462,6.339114530847648,9.01455916645474,10.432110273524124
CF4,L5,2,bilinear,psnr_masked,300,8.084112769209405,6.41225786104382,7.470503560326776,8.907905567009696
CF4,L5,2,bilinear,ssim,300,0.24505248343939873,0.059321000300068816,0.23942089146933632,0.2528343281011888
CF4,L5,2,bilinear,hrp,300,4.980939748485883,8.763581622366932,4.121211431215207,6.062173081432777
CF4,L5,2,inpaint_telea,psnr,300,18.22916556728287,6.394257650551982,17.50892062964655,18.95716473124499
CF4,L5,2,inpaint_telea,psnr_masked,300,16.69949096837499,6.394257641952365,15.982686776478955,17.422125118857252
CF4,L5,2,inpaint_telea,ssim,300,0.4723764279678392,0.12391985416311174,0.45868495463412473,0.48675115506858513
CF4,L5,2,inpaint_telea,hrp,300,0.7734078618884087,0.47042232816898727,0.7222138031112652,0.8284074704187612
CF4,L5,2,inpaint_ns,psnr,300,18.216598422759763,6.633414603162061,17.473028149341527,18.977994169017855
CF4,L5,2,inpaint_ns,psnr_masked,300,16.686923830012674,6.633414595856039,15.96620706237229,17.44780714135562
CF4,L5,2,inpaint_ns,ssim,300,0.4760666483369059,0.12913818997225418,0.46142106465382393,0.49096113856438534
CF4,L5,2,inpaint_ns,hrp,300,0.743024093657732,0.33207847582299954,0.7063483555478355,0.781551152193298
CF4,L5,2,dictlearn,psnr,300,17.25997592574472,5.674984522045204,16.62131749542623,17.913452708854823
CF4,L5,2,dictlearn,psnr_masked,300,15.730301327939168,5.674984535468158,15.096164771880206,16.366969977526878
CF4,L5,2,dictlearn,ssim,300,0.43777783837819045,0.11597948114640665,0.4248997651733988,0.45114782924784985
CF4,L5,2,dictlearn,hrp,300,0.1054003225111713,0.05395708851877758,0.09962787682702764,0.11181923782685771
CF4,L5,2,csfr,psnr,300,10.627802720066912,4.875963973837062,10.10393490437824,11.19127508267528
CF4,L5,2,csfr,psnr_masked,300,9.098128123081413,4.8759639550951235,8.568387254660923,9.686160353781457
CF4,L5,2,csfr,ssim,300,0.32604705395649797,0.08382152073792645,0.3168218333451608,0.33609568752462166
CF4,L5,2,csfr,hrp,300,4.208741701344649,7.523045289521507,3.4763219152366123,5.15058064884444
