patch_id,seed,family,level,frac,method,true_label,prediction,confidence,correct,bounded_unknown,isolated_missing_frac,mask_overlap_centre,centre_erased_frac
17222,0,CF1,L5,0.7,bilinear,8,8,0.563391923904419,1,False,0.2524407252440725,0.2412831241283124,0.67578125
7987,0,CF1,L5,0.7,bilinear,4,4,0.44151297211647034,1,False,0.23709902370990238,0.23570432357043236,0.66015625
14403,0,CF1,L5,0.7,bilinear,1,4,0.4841788113117218,0,False,0.23570432357043236,0.2482566248256625,0.6953125
12904,0,CF1,L5,0.7,bilinear,1,1,0.8082641959190369,1,False,0.24686192468619247,0.2496513249651325,0.69921875
1024,0,CF1,L5,0.7,bilinear,2,2,0.7085121273994446,1,False,0.28312412831241285,0.24686192468619247,0.69140625
15700,0,CF1,L5,0.7,bilinear,3,0,0.9999703168869019,0,False,0.26220362622036264,0.26220362622036264,0.734375
12639,0,CF1,L5,0.7,bilinear,7,7,0.7309464812278748,1,False,0.2580195258019526,0.25523012552301255,0.71484375
20658,0,CF1,L5,0.7,bilinear,4,2,0.36126673221588135,0,False,0.23430962343096234,0.25523012552301255,0.71484375
2642,0,CF1,L5,0.7,bilinear,7,7,0.49731582403182983,1,False,0.2524407252440725,0.25662482566248257,0.71875
9392,0,CF1,L5,0.7,bilinear,9,9,0.9633548855781555,1,False,0.2412831241283124,0.24407252440725244,0.68359375
23357,0,CF1,L5,0.7,bilinear,5,5,0.7777113318443298,1,False,0.26359832635983266,0.2580195258019526,0.72265625
15977,0,CF1,L5,0.7,bilinear,0,0,0.6888164281845093,1,False,0.2719665271966527,0.24267782426778242,0.6796875
10440,0,CF1,L5,0.7,bilinear,0,0,0.989346981048584,1,False,0.28451882845188287,0.2608089260808926,0.73046875
14216,0,CF1,L5,0.7,bilinear,3,3,0.6520839929580688,1,False,0.26638772663877264,0.2482566248256625,0.6953125
18353,0,CF1,L5,0.7,bilinear,7,7,0.9402027130126953,1,False,0.26778242677824265,0.2496513249651325,0.69921875
17404,0,CF1,L5,0.7,bilinear,3,9,0.506081759929657,0,False,0.2691771269177127,0.25383542538354253,0.7109375
8424,0,CF1,L5,0.7,bilinear,8,9,0.3612750768661499,0,False,0.23291492329149233,0.2482566248256625,0.6953125
4744,0,CF1,L5,0.7,bilinear,8,8,0.5756503939628601,1,False,0.26220362622036264,0.2482566248256625,0.6953125
18797,0,CF1,L5,0.7,bilinear,7,7,0.998989999294281,1,False,0.2594142259414226,0.2482566248256625,0.6953125
3156,0,CF1,L5,0.7,bilinear,7,7,0.9738538861274719,1,False,0.26359832635983266,0.23570432357043236,0.66015625
17024,0,CF1,L5,0.7,bilinear,2,2,0.9262919425964355,1,False,0.24686192468619247,0.2580195258019526,0.72265625
7807,0,CF1,L5,0.7,bilinear,8,8,0.8364803194999695,1,False,0.25523012552301255,0.23709902370990238,0.6640625
138,0,CF1,L5,0.7,bilinear,0,0,0.9955719709396362,1,False,0.25523012552301255,0.25523012552301255,0.71484375
20222,0,CF1,L5,0.7,bilinear,2,2,0.999600350856781,1,False,0.2594142259414226,0.2594142259414226,0.7265625
24734,0,CF1,L5,0.7,bilinear,9,0,0.48918288946151733,0,False,0.24407252440725244,0.2496513249651325,0.69921875
8909,0,CF1,L5,0.7,bilinear,0,0,0.7252470254898071,1,False,0.2719665271966527,0.2398884239888424,0.671875
4684,0,CF1,L5,0.7,bilinear,1,1,0.9976508021354675,1,False,0.2524407252440725,0.24686192468619247,0.69140625
15978,0,CF1,L5,0.7,bilinear,6,6,0.7598275542259216,1,False,0.2524407252440725,0.25383542538354253,0.7109375
21495,0,CF1,L5,0.7,bilinear,7,7,0.8520616888999939,1,False,0.2524407252440725,0.26359832635983266,0.73828125
5107,0,CF1,L5,0.7,bilinear,6,1,0.5272676944732666,0,False,0.24407252440725244,0.2482566248256625,0.6953125
1914,0,CF1,L5,0.7,bilinear,2,2,0.8782960176467896,1,False,0.26638772663877264,0.24267782426778242,0.6796875
21307,0,CF1,L5,0.7,bilinear,1,1,0.9999469518661499,1,False,0.2914923291492329,0.23430962343096234,0.65625
7178,0,CF1,L5,0.7,bilinear,4,4,0.45175209641456604,1,False,0.24267782426778242,0.25662482566248257,0.71875
13264,0,CF1,L5,0.7,bilinear,4,6,0.5016608238220215,0,False,0.24686192468619247,0.25523012552301255,0.71484375
21507,0,CF1,L5,0.7,bilinear,1,1,0.9927459359169006,1,False,0.28451882845188287,0.23570432357043236,0.66015625
8399,0,CF1,L5,0.7,bilinear,9,0,0.44900843501091003,0,False,0.2649930264993027,0.26359832635983266,0.73828125
4384,0,CF1,L5,0.7,bilinear,0,0,0.9996402263641357,1,False,0.21896792189679218,0.24686192468619247,0.69140625
5820,0,CF1,L5,0.7,bilinear,0,1,0.4434487819671631,0,False,0.26220362622036264,0.2412831241283124,0.67578125
22865,0,CF1,L5,0.7,bilinear,0,0,0.9519177079200745,1,False,0.24407252440725244,0.24546722454672246,0.6875
65,0,CF1,L5,0.7,bilinear,0,0,0.5888033509254456,1,False,0.25662482566248257,0.2482566248256625,0.6953125
15494,0,CF1,L5,0.7,bilinear,6,6,0.655326247215271,1,False,0.23291492329149233,0.26220362622036264,0.734375
2327,0,CF1,L5,0.7,bilinear,5,5,0.9192870259284973,1,False,0.25383542538354253,0.2496513249651325,0.69921875
24596,0,CF1,L5,0.7,bilinear,7,6,0.3423997759819031,0,False,0.2524407252440725,0.2496513249651325,0.69921875
3825,0,CF1,L5,0.7,bilinear,5,5,0.6100248694419861,1,False,0.2691771269177127,0.26778242677824265,0.75
17168,0,CF1,L5,0.7,bilinear,7,7,0.8875507712364197,1,False,0.2496513249651325,0.2580195258019526,0.72265625
4357,0,CF1,L5,0.7,bilinear,3,3,0.6804955005645752,1,False,0.24407252440725244,0.23430962343096234,0.65625
2364,0,CF1,L5,0.7,bilinear,9,9,0.7402235269546509,1,False,0.2412831241283124,0.2649930264993027,0.7421875
8703,0,CF1,L5,0.7,bilinear,9,9,0.9535895586013794,1,False,0.2398884239888424,0.23709902370990238,0.6640625
19390,0,CF1,L5,0.7,bilinear,9,9,0.927703857421875,1,False,0.2580195258019526,0.2482566248256625,0.6953125
17853,0,CF1,L5,0.7,bilinear,6,4,0.45839032530784607,0,False,0.27475592747559274,0.24686192468619247,0.69140625
4930,0,CF1,L5,0.7,bilinear,4,1,0.6901738047599792,0,False,0.27475592747559274,0.2510460251046025,0.703125
5314,0,CF1,L5,0.7,bilinear,8,5,0.42568719387054443,0,False,0.25662482566248257,0.2524407252440725,0.70703125
4478,0,CF1,L5,0.7,bilinear,8,8,0.5918493866920471,1,False,0.2510460251046025,0.2594142259414226,0.7265625
23679,0,CF1,L5,0.7,bilinear,4,1,0.7887452840805054,0,False,0.27475592747559274,0.2510460251046025,0.703125
5449,0,CF1,L5,0.7,bilinear,1,1,0.8016623854637146,1,False,0.24407252440725244,0.2594142259414226,0.7265625
24183,0,CF1,L5,0.7,bilinear,0,0,0.9318714737892151,1,False,0.24686192468619247,0.2524407252440725,0.70703125
20842,0,CF1,L5,0.7,bilinear,3,3,0.9574313759803772,1,False,0.24407252440725244,0.2412831241283124,0.67578125
18825,0,CF1,L5,0.7,bilinear,9,0,0.7985106110572815,0,False,0.23430962343096234,0.24407252440725244,0.68359375
6265,0,CF1,L5,0.7,bilinear,1,1,0.8871346712112427,1,False,0.24686192468619247,0.2496513249651325,0.69921875
24932,0,CF1,L5,0.7,bilinear,4,5,0.4804016351699829,0,False,0.26778242677824265,0.25383542538354253,0.7109375
14427,0,CF1,L5,0.7,bilinear,8,9,0.4491555988788605,0,False,0.2398884239888424,0.23430962343096234,0.65625
3740,0,CF1,L5,0.7,bilinear,7,7,0.9886841177940369,1,False,0.2719665271966527,0.25523012552301255,0.71484375
16809,0,CF1,L5,0.7,bilinear,9,0,0.3217000365257263,0,False,0.26220362622036264,0.2496513249651325,0.69921875
1136,0,CF1,L5,0.7,bilinear,1,1,0.6742078065872192,1,False,0.25383542538354253,0.25662482566248257,0.71875
25757,0,CF1,L5,0.7,bilinear,5,5,0.9693133234977722,1,False,0.2482566248256625,0.2412831241283124,0.67578125
7356,0,CF1,L5,0.7,bilinear,4,4,0.6327155828475952,1,False,0.2315202231520223,0.25383542538354253,0.7109375
12298,0,CF1,L5,0.7,bilinear,0,0,0.9344542622566223,1,False,0.2482566248256625,0.24546722454672246,0.6875
5700,0,CF1,L5,0.7,bilinear,3,2,0.4208221137523651,0,False,0.26638772663877264,0.24546722454672246,0.6875
22753,0,CF1,L5,0.7,bilinear,6,6,0.8183178901672363,1,False,0.26220362622036264,0.2412831241283124,0.67578125
16813,0,CF1,L5,0.7,bilinear,6,8,0.5148999691009521,0,False,0.2301255230125523,0.2496513249651325,0.69921875
7373,0,CF1,L5,0.7,bilinear,8,8,0.8090365529060364,1,False,0.24267782426778242,0.26638772663877264,0.74609375
20149,0,CF1,L5,0.7,bilinear,2,2,0.5409716963768005,1,False,0.25662482566248257,0.26359832635983266,0.73828125
15874,0,CF1,L5,0.7,bilinear,9,9,0.9804999828338623,1,False,0.25383542538354253,0.22733612273361228,0.63671875
26011,0,CF1,L5,0.7,bilinear,0,0,0.7606027126312256,1,False,0.2524407252440725,0.2691771269177127,0.75390625
4196,0,CF1,L5,0.7,bilinear,9,9,0.4934854507446289,1,False,0.24407252440725244,0.24407252440725244,0.68359375
11227,0,CF1,L5,0.7,bilinear,3,3,0.6469645500183105,1,False,0.26220362622036264,0.26220362622036264,0.734375
15736,0,CF1,L5,0.7,bilinear,3,3,0.9850850701332092,1,False,0.24686192468619247,0.26778242677824265,0.75
6339,0,CF1,L5,0.7,bilinear,6,6,0.6617588400840759,1,False,0.27615062761506276,0.2496513249651325,0.69921875
25704,0,CF1,L5,0.7,bilinear,2,2,0.9547222852706909,1,False,0.24546722454672246,0.2412831241283124,0.67578125
3190,0,CF1,L5,0.7,bilinear,7,7,0.8161709904670715,1,False,0.2524407252440725,0.2524407252440725,0.70703125
737,0,CF1,L5,0.7,bilinear,4,4,0.8354199528694153,1,False,0.2398884239888424,0.2412831241283124,0.67578125
22875,0,CF1,L5,0.7,bilinear,9,9,0.8004826903343201,1,False,0.25383542538354253,0.26220362622036264,0.734375
22749,0,CF1,L5,0.7,bilinear,3,3,0.6691001653671265,1,False,0.2775453277545328,0.2482566248256625,0.6953125
22998,0,CF1,L5,0.7,bilinear,3,3,0.9148942828178406,1,False,0.2524407252440725,0.2510460251046025,0.703125
24210,0,CF1,L5,0.7,bilinear,5,5,0.8513607382774353,1,False,0.2608089260808926,0.2482566248256625,0.6953125
6800,0,CF1,L5,0.7,bilinear,4,4,0.6632755994796753,1,False,0.24546722454672246,0.25523012552301255,0.71484375
16602,0,CF1,L5,0.7,bilinear,9,9,0.36746183037757874,1,False,0.24267782426778242,0.25662482566248257,0.71875
10822,0,CF1,L5,0.7,bilinear,6,6,0.7505359053611755,1,False,0.2510460251046025,0.2649930264993027,0.7421875
12822,0,CF1,L5,0.7,bilinear,1,1,0.9989703893661499,1,False,0.25523012552301255,0.25523012552301255,0.71484375
12758,0,CF1,L5,0.7,bilinear,5,5,0.9275850653648376,1,False,0.2649930264993027,0.2496513249651325,0.69921875
21144,0,CF1,L5,0.7,bilinear,4,4,0.9749265313148499,1,False,0.23291492329149233,0.24407252440725244,0.68359375
4900,0,CF1,L5,0.7,bilinear,6,6,0.3772609233856201,1,False,0.23709902370990238,0.2524407252440725,0.70703125
22888,0,CF1,L5,0.7,bilinear,9,9,0.9974204301834106,1,False,0.2733612273361227,0.2594142259414226,0.7265625
19935,0,CF1,L5,0.7,bilinear,9,9,0.26523926854133606,1,False,0.2398884239888424,0.24407252440725244,0.68359375
21896,0,CF1,L5,0.7,bilinear,7,7,0.8871638774871826,1,False,0.2580195258019526,0.2510460251046025,0.703125
3475,0,CF1,L5,0.7,bilinear,3,3,0.8244515061378479,1,False,0.26638772663877264,0.2510460251046025,0.703125
16171,0,CF1,L5,0.7,bilinear,0,0,0.9994844198226929,1,False,0.2733612273361227,0.2398884239888424,0.671875
4672,0,CF1,L5,0.7,bilinear,4,7,0.9356995224952698,0,False,0.2691771269177127,0.23430962343096234,0.65625
10146,0,CF1,L5,0.7,bilinear,2,2,0.9998230338096619,1,False,0.26220362622036264,0.24407252440725244,0.68359375
9207,0,CF1,L5,0.7,bilinear,7,7,0.7339752316474915,1,False,0.24686192468619247,0.25383542538354253,0.7109375
17745,0,CF1,L5,0.7,bilinear,9,2,0.9991663694381714,0,False,0.24267782426778242,0.2412831241283124,0.67578125
432,0,CF1,L5,0.7,bilinear,7,7,0.73841392993927,1,False,0.2524407252440725,0.2719665271966527,0.76171875
6608,0,CF1,L5,0.7,bilinear,4,4,0.9646843075752258,1,False,0.27615062761506276,0.2733612273361227,0.765625
25769,0,CF1,L5,0.7,bilinear,9,9,0.9561316967010498,1,False,0.2733612273361227,0.24686192468619247,0.69140625
14774,0,CF1,L5,0.7,bilinear,3,9,0.8392965793609619,0,False,0.25383542538354253,0.25383542538354253,0.7109375
21627,0,CF1,L5,0.7,bilinear,4,4,0.8085395097732544,1,False,0.2733612273361227,0.23709902370990238,0.6640625
8133,0,CF1,L5,0.7,bilinear,2,2,0.9999256134033203,1,False,0.2384937238493724,0.2412831241283124,0.67578125
12554,0,CF1,L5,0.7,bilinear,4,4,0.9948928356170654,1,False,0.2691771269177127,0.2398884239888424,0.671875
10856,0,CF1,L5,0.7,bilinear,1,1,0.9480552673339844,1,False,0.2412831241283124,0.24686192468619247,0.69140625
15931,0,CF1,L5,0.7,bilinear,3,3,0.9721975922584534,1,False,0.24267782426778242,0.24686192468619247,0.69140625
2367,0,CF1,L5,0.7,bilinear,2,2,0.8714250922203064,1,False,0.2608089260808926,0.2482566248256625,0.6953125
25563,0,CF1,L5,0.7,bilinear,7,7,0.8024610280990601,1,False,0.24546722454672246,0.24546722454672246,0.6875
6748,0,CF1,L5,0.7,bilinear,2,2,0.9688201546669006,1,False,0.25662482566248257,0.24546722454672246,0.6875
5368,0,CF1,L5,0.7,bilinear,8,8,0.9909459352493286,1,False,0.2649930264993027,0.23430962343096234,0.65625
25951,0,CF1,L5,0.7,bilinear,6,6,0.9699620604515076,1,False,0.2705718270571827,0.25662482566248257,0.71875
22082,0,CF1,L5,0.7,bilinear,7,7,0.9967016577720642,1,False,0.2496513249651325,0.24546722454672246,0.6875
19301,0,CF1,L5,0.7,bilinear,4,4,0.9967412352561951,1,False,0.25523012552301255,0.2482566248256625,0.6953125
13302,0,CF1,L5,0.7,bilinear,4,4,0.987234890460968,1,False,0.28172942817294283,0.25662482566248257,0.71875
15358,0,CF1,L5,0.7,bilinear,0,0,0.7090047001838684,1,False,0.23570432357043236,0.2496513249651325,0.69921875
23572,0,CF1,L5,0.7,bilinear,2,2,0.9378730058670044,1,False,0.2649930264993027,0.2649930264993027,0.7421875
14736,0,CF1,L5,0.7,bilinear,4,4,0.9949132204055786,1,False,0.24407252440725244,0.2524407252440725,0.70703125
16685,0,CF1,L5,0.7,bilinear,2,2,0.617583692073822,1,False,0.2524407252440725,0.24267782426778242,0.6796875
21902,0,CF1,L5,0.7,bilinear,7,1,0.4839251935482025,0,False,0.24686192468619247,0.2608089260808926,0.73046875
6713,0,CF1,L5,0.7,bilinear,5,6,0.4190808832645416,0,False,0.21896792189679218,0.2705718270571827,0.7578125
8771,0,CF1,L5,0.7,bilinear,4,4,0.9717939496040344,1,False,0.2608089260808926,0.25383542538354253,0.7109375
20264,0,CF1,L5,0.7,bilinear,3,6,0.6679168939590454,0,False,0.24267782426778242,0.25383542538354253,0.7109375
24489,0,CF1,L5,0.7,bilinear,1,1,0.9999923706054688,1,False,0.22873082287308227,0.25383542538354253,0.7109375
24852,0,CF1,L5,0.7,bilinear,1,4,0.6694063544273376,0,False,0.2175732217573222,0.25523012552301255,0.71484375
6746,0,CF1,L5,0.7,bilinear,1,1,0.9007195830345154,1,False,0.24407252440725244,0.2510460251046025,0.703125
5951,0,CF1,L5,0.7,bilinear,5,5,0.8511438369750977,1,False,0.24407252440725244,0.2524407252440725,0.70703125
6438,0,CF1,L5,0.7,bilinear,4,4,0.9988089799880981,1,False,0.24546722454672246,0.2510460251046025,0.703125
11126,0,CF1,L5,0.7,bilinear,9,6,0.6611409783363342,0,False,0.25662482566248257,0.25523012552301255,0.71484375
24241,0,CF1,L5,0.7,bilinear,3,3,0.8797206282615662,1,False,0.2789400278940028,0.26359832635983266,0.73828125
23621,0,CF1,L5,0.7,bilinear,6,6,0.5332404375076294,1,False,0.27475592747559274,0.2524407252440725,0.70703125
14358,0,CF1,L5,0.7,bilinear,6,6,0.46057868003845215,1,False,0.23709902370990238,0.24546722454672246,0.6875
19003,0,CF1,L5,0.7,bilinear,6,5,0.5342133045196533,0,False,0.24407252440725244,0.2580195258019526,0.72265625
3760,0,CF1,L5,0.7,bilinear,9,9,0.6799826622009277,1,False,0.2803347280334728,0.23570432357043236,0.66015625
1155,0,CF1,L5,0.7,bilinear,5,5,0.9931888580322266,1,False,0.2649930264993027,0.2496513249651325,0.69921875
22044,0,CF1,L5,0.7,bilinear,8,1,0.32450249791145325,0,False,0.2608089260808926,0.26220362622036264,0.734375
17521,0,CF1,L5,0.7,bilinear,4,4,0.9364929795265198,1,False,0.2510460251046025,0.24267782426778242,0.6796875
15177,0,CF1,L5,0.7,bilinear,9,9,0.497274249792099,1,False,0.2649930264993027,0.2524407252440725,0.70703125
21080,0,CF1,L5,0.7,bilinear,0,0,0.9983342289924622,1,False,0.2649930264993027,0.2524407252440725,0.70703125
4507,0,CF1,L5,0.7,bilinear,5,5,0.9050343036651611,1,False,0.2594142259414226,0.2580195258019526,0.72265625
10600,0,CF1,L5,0.7,bilinear,7,7,0.9662973284721375,1,False,0.24267782426778242,0.2608089260808926,0.73046875
11754,0,CF1,L5,0.7,bilinear,1,1,0.9987678527832031,1,False,0.2705718270571827,0.2315202231520223,0.6484375
22934,0,CF1,L5,0.7,bilinear,4,4,0.7246082425117493,1,False,0.2580195258019526,0.2482566248256625,0.6953125
19094,0,CF1,L5,0.7,bilinear,3,3,0.9991434812545776,1,False,0.2315202231520223,0.2510460251046025,0.703125
25246,0,CF1,L5,0.7,bilinear,7,7,0.89557945728302,1,False,0.2384937238493724,0.2412831241283124,0.67578125
14745,0,CF1,L5,0.7,bilinear,2,2,0.9999698400497437,1,False,0.2580195258019526,0.24267782426778242,0.6796875
3177,0,CF1,L5,0.7,bilinear,8,9,0.7053073048591614,0,False,0.26220362622036264,0.24267782426778242,0.6796875
13870,0,CF1,L5,0.7,bilinear,5,1,0.32233545184135437,0,False,0.22733612273361228,0.2496513249651325,0.69921875
5605,0,CF1,L5,0.7,bilinear,6,6,0.9417240023612976,1,False,0.23430962343096234,0.2524407252440725,0.70703125
5202,0,CF1,L5,0.7,bilinear,8,8,0.9192191362380981,1,False,0.24407252440725244,0.2608089260808926,0.73046875
8800,0,CF1,L5,0.7,bilinear,5,5,0.9951611161231995,1,False,0.24546722454672246,0.2384937238493724,0.66796875
645,0,CF1,L5,0.7,bilinear,3,3,0.9862357974052429,1,False,0.2649930264993027,0.25523012552301255,0.71484375
16077,0,CF1,L5,0.7,bilinear,5,5,0.9746313095092773,1,False,0.25383542538354253,0.2580195258019526,0.72265625
15336,0,CF1,L5,0.7,bilinear,5,5,0.9108880162239075,1,False,0.24407252440725244,0.24267782426778242,0.6796875
20933,0,CF1,L5,0.7,bilinear,0,0,0.9499260783195496,1,False,0.2775453277545328,0.2580195258019526,0.72265625
10580,0,CF1,L5,0.7,bilinear,8,8,0.865363597869873,1,False,0.2705718270571827,0.24686192468619247,0.69140625
25902,0,CF1,L5,0.7,bilinear,6,6,0.9437128901481628,1,False,0.2217573221757322,0.25383542538354253,0.7109375
4666,0,CF1,L5,0.7,bilinear,8,8,0.9996289014816284,1,False,0.24407252440725244,0.2398884239888424,0.671875
14541,0,CF1,L5,0.7,bilinear,4,4,0.9632099270820618,1,False,0.2524407252440725,0.24686192468619247,0.69140625
7374,0,CF1,L5,0.7,bilinear,5,5,0.8595952987670898,1,False,0.23709902370990238,0.2594142259414226,0.7265625
4697,0,CF1,L5,0.7,bilinear,5,0,0.4082605540752411,0,False,0.2496513249651325,0.25662482566248257,0.71875
6317,0,CF1,L5,0.7,bilinear,5,5,0.6434954404830933,1,False,0.2524407252440725,0.2482566248256625,0.6953125
16623,0,CF1,L5,0.7,bilinear,6,6,0.8459717631340027,1,False,0.28172942817294283,0.24546722454672246,0.6875
16511,0,CF1,L5,0.7,bilinear,6,5,0.49244096875190735,0,False,0.24407252440725244,0.27475592747559274,0.76953125
16162,0,CF1,L5,0.7,bilinear,3,9,0.5939050912857056,0,False,0.2412831241283124,0.2649930264993027,0.7421875
5989,0,CF1,L5,0.7,bilinear,1,1,0.9144679307937622,1,False,0.26778242677824265,0.24546722454672246,0.6875
18753,0,CF1,L5,0.7,bilinear,5,5,0.94693922996521,1,False,0.2608089260808926,0.24407252440725244,0.68359375
20853,0,CF1,L5,0.7,bilinear,4,4,0.8286399245262146,1,False,0.2608089260808926,0.2524407252440725,0.70703125
16556,0,CF1,L5,0.7,bilinear,0,0,0.949417769908905,1,False,0.2859135285913529,0.2580195258019526,0.72265625
7019,0,CF1,L5,0.7,bilinear,9,9,0.9210911393165588,1,False,0.2608089260808926,0.24267782426778242,0.6796875
3090,0,CF1,L5,0.7,bilinear,6,6,0.9774301052093506,1,False,0.2594142259414226,0.25383542538354253,0.7109375
14680,0,CF1,L5,0.7,bilinear,3,3,0.9551973342895508,1,False,0.2719665271966527,0.26220362622036264,0.734375
869,0,CF1,L5,0.7,bilinear,3,3,0.4545479714870453,1,False,0.24407252440725244,0.25383542538354253,0.7109375
7595,0,CF1,L5,0.7,bilinear,6,6,0.8770550489425659,1,False,0.25383542538354253,0.24546722454672246,0.6875
14417,0,CF1,L5,0.7,bilinear,1,1,0.9405154585838318,1,False,0.23709902370990238,0.25662482566248257,0.71875
13624,0,CF1,L5,0.7,bilinear,9,9,0.988017201423645,1,False,0.24686192468619247,0.24686192468619247,0.69140625
21083,0,CF1,L5,0.7,bilinear,0,0,0.9984843134880066,1,False,0.2733612273361227,0.22873082287308227,0.640625
7556,0,CF1,L5,0.7,bilinear,1,1,0.9966751337051392,1,False,0.2384937238493724,0.24267782426778242,0.6796875
9289,0,CF1,L5,0.7,bilinear,8,8,0.617793083190918,1,False,0.26220362622036264,0.2524407252440725,0.70703125
19944,0,CF1,L5,0.7,bilinear,3,3,0.902402400970459,1,False,0.2733612273361227,0.24407252440725244,0.68359375
6057,0,CF1,L5,0.7,bilinear,1,1,0.5345162749290466,1,False,0.2510460251046025,0.24546722454672246,0.6875
23029,0,CF1,L5,0.7,bilinear,8,0,0.519062340259552,0,False,0.24546722454672246,0.25523012552301255,0.71484375
23668,0,CF1,L5,0.7,bilinear,5,5,0.9113848805427551,1,False,0.25662482566248257,0.25662482566248257,0.71875
13115,0,CF1,L5,0.7,bilinear,8,8,0.9476392865180969,1,False,0.2594142259414226,0.24686192468619247,0.69140625
20635,0,CF1,L5,0.7,bilinear,3,3,0.3867872655391693,1,False,0.2789400278940028,0.2203626220362622,0.6171875
4281,0,CF1,L5,0.7,bilinear,4,4,0.849003255367279,1,False,0.26359832635983266,0.2496513249651325,0.69921875
4139,0,CF1,L5,0.7,bilinear,9,2,0.489500492811203,0,False,0.2482566248256625,0.25523012552301255,0.71484375
10652,0,CF1,L5,0.7,bilinear,1,1,0.8975281715393066,1,False,0.2412831241283124,0.24686192468619247,0.69140625
700,0,CF1,L5,0.7,bilinear,1,1,0.9906176924705505,1,False,0.2900976290097629,0.2482566248256625,0.6953125
5772,0,CF1,L5,0.7,bilinear,3,7,0.4030723571777344,0,False,0.2384937238493724,0.2524407252440725,0.70703125
8114,0,CF1,L5,0.7,bilinear,9,0,0.5295702815055847,0,False,0.2705718270571827,0.2482566248256625,0.6953125
5964,0,CF1,L5,0.7,bilinear,6,6,0.5263015031814575,1,False,0.23570432357043236,0.2496513249651325,0.69921875
17278,0,CF1,L5,0.7,bilinear,7,2,0.511544406414032,0,False,0.23291492329149233,0.2580195258019526,0.72265625
9961,0,CF1,L5,0.7,bilinear,0,0,0.5627946257591248,1,False,0.28172942817294283,0.24407252440725244,0.68359375
25974,0,CF1,L5,0.7,bilinear,7,7,0.9994640946388245,1,False,0.26638772663877264,0.24686192468619247,0.69140625
14317,0,CF1,L5,0.7,bilinear,3,3,0.9228065609931946,1,False,0.2649930264993027,0.2398884239888424,0.671875
6485,0,CF1,L5,0.7,bilinear,0,0,0.9998242259025574,1,False,0.2496513249651325,0.2398884239888424,0.671875
18287,0,CF1,L5,0.7,bilinear,0,0,0.9735653400421143,1,False,0.2691771269177127,0.2580195258019526,0.72265625
11840,0,CF1,L5,0.7,bilinear,4,4,0.93070387840271,1,False,0.24267782426778242,0.2315202231520223,0.6484375
864,0,CF1,L5,0.7,bilinear,0,0,0.9981366395950317,1,False,0.24546722454672246,0.23430962343096234,0.65625
20612,0,CF1,L5,0.7,bilinear,1,1,0.6389865875244141,1,False,0.2510460251046025,0.25662482566248257,0.71875
21079,0,CF1,L5,0.7,bilinear,1,1,0.9999037981033325,1,False,0.24407252440725244,0.23570432357043236,0.66015625
11286,0,CF1,L5,0.7,bilinear,5,5,0.9768591523170471,1,False,0.2859135285913529,0.2580195258019526,0.72265625
788,0,CF1,L5,0.7,bilinear,0,0,0.7500444650650024,1,False,0.2510460251046025,0.24686192468619247,0.69140625
15932,0,CF1,L5,0.7,bilinear,3,3,0.8384907841682434,1,False,0.23709902370990238,0.24686192468619247,0.69140625
18511,0,CF1,L5,0.7,bilinear,3,3,0.9378252625465393,1,False,0.2594142259414226,0.25662482566248257,0.71875
21576,0,CF1,L5,0.7,bilinear,5,1,0.4518745541572571,0,False,0.23430962343096234,0.24267782426778242,0.6796875
17237,0,CF1,L5,0.7,bilinear,2,2,0.9989031553268433,1,False,0.2482566248256625,0.24686192468619247,0.69140625
2966,0,CF1,L5,0.7,bilinear,2,2,0.999997615814209,1,False,0.24407252440725244,0.2510460251046025,0.703125
16416,0,CF1,L5,0.7,bilinear,5,5,0.9850364923477173,1,False,0.2594142259414226,0.25383542538354253,0.7109375
1280,0,CF1,L5,0.7,bilinear,5,5,0.8589659333229065,1,False,0.24407252440725244,0.2510460251046025,0.703125
24928,0,CF1,L5,0.7,bilinear,0,0,0.9176591038703918,1,False,0.26220362622036264,0.24686192468619247,0.69140625
23837,0,CF1,L5,0.7,bilinear,1,1,0.8357216715812683,1,False,0.25383542538354253,0.24407252440725244,0.68359375
20230,0,CF1,L5,0.7,bilinear,1,1,0.9881000518798828,1,False,0.25523012552301255,0.2496513249651325,0.69921875
23434,0,CF1,L5,0.7,bilinear,5,5,0.9760392904281616,1,False,0.2496513249651325,0.2482566248256625,0.6953125
20522,0,CF1,L5,0.7,bilinear,6,2,0.34343552589416504,0,False,0.2482566248256625,0.24267782426778242,0.6796875
7789,0,CF1,L5,0.7,bilinear,3,7,0.33817794919013977,0,False,0.2524407252440725,0.2412831241283124,0.67578125
22086,0,CF1,L5,0.7,bilinear,6,6,0.976058840751648,1,False,0.2580195258019526,0.2398884239888424,0.671875
21339,0,CF1,L5,0.7,bilinear,0,8,0.32146501541137695,0,False,0.25662482566248257,0.25383542538354253,0.7109375
6830,0,CF1,L5,0.7,bilinear,9,9,0.9980373978614807,1,False,0.2691771269177127,0.2580195258019526,0.72265625
20902,0,CF1,L5,0.7,bilinear,2,2,0.9928165674209595,1,False,0.2649930264993027,0.25523012552301255,0.71484375
17481,0,CF1,L5,0.7,bilinear,5,5,0.9660472869873047,1,False,0.25523012552301255,0.2398884239888424,0.671875
3050,0,CF1,L5,0.7,bilinear,6,6,0.5827137231826782,1,False,0.23291492329149233,0.2398884239888424,0.671875
409,0,CF1,L5,0.7,bilinear,1,4,0.667685866355896,0,False,0.2412831241283124,0.25662482566248257,0.71875
14823,0,CF1,L5,0.7,bilinear,7,7,0.8230957388877869,1,False,0.23709902370990238,0.2496513249651325,0.69921875
22892,0,CF1,L5,0.7,bilinear,9,9,0.6951500773429871,1,False,0.2580195258019526,0.2733612273361227,0.765625
9470,0,CF1,L5,0.7,bilinear,8,8,0.5480038523674011,1,False,0.2301255230125523,0.2524407252440725,0.70703125
9543,0,CF1,L5,0.7,bilinear,6,6,0.5351940989494324,1,False,0.2649930264993027,0.25523012552301255,0.71484375
22090,0,CF1,L5,0.7,bilinear,5,5,0.9934189915657043,1,False,0.2482566248256625,0.24407252440725244,0.68359375
6045,0,CF1,L5,0.7,bilinear,6,6,0.9898013472557068,1,False,0.25662482566248257,0.24267782426778242,0.6796875
317,0,CF1,L5,0.7,bilinear,8,8,0.9715695381164551,1,False,0.2691771269177127,0.2482566248256625,0.6953125
15812,0,CF1,L5,0.7,bilinear,0,0,0.9415000081062317,1,False,0.2803347280334728,0.26220362622036264,0.734375
18170,0,CF1,L5,0.7,bilinear,9,9,0.9532470107078552,1,False,0.2217573221757322,0.2580195258019526,0.72265625
14781,0,CF1,L5,0.7,bilinear,0,0,0.746606707572937,1,False,0.23291492329149233,0.2384937238493724,0.66796875
17886,0,CF1,L5,0.7,bilinear,9,9,0.9174488186836243,1,False,0.24686192468619247,0.25383542538354253,0.7109375
20049,0,CF1,L5,0.7,bilinear,3,0,0.7492505311965942,0,False,0.25383542538354253,0.25383542538354253,0.7109375
13283,0,CF1,L5,0.7,bilinear,0,0,0.8094075918197632,1,False,0.2580195258019526,0.2524407252440725,0.70703125
25830,0,CF1,L5,0.7,bilinear,5,5,0.9985866546630859,1,False,0.2524407252440725,0.26220362622036264,0.734375
14277,0,CF1,L5,0.7,bilinear,9,9,0.9455568790435791,1,False,0.26220362622036264,0.23291492329149233,0.65234375
5908,0,CF1,L5,0.7,bilinear,1,1,0.9987882971763611,1,False,0.2733612273361227,0.24267782426778242,0.6796875
9731,0,CF1,L5,0.7,bilinear,8,8,0.8364560604095459,1,False,0.2524407252440725,0.2301255230125523,0.64453125
14180,0,CF1,L5,0.7,bilinear,9,9,0.9924153685569763,1,False,0.2705718270571827,0.2398884239888424,0.671875
9246,0,CF1,L5,0.7,bilinear,2,2,0.9978908896446228,1,False,0.24686192468619247,0.2496513249651325,0.69921875
1656,0,CF1,L5,0.7,bilinear,2,2,0.6008986830711365,1,False,0.26638772663877264,0.24546722454672246,0.6875
17712,0,CF1,L5,0.7,bilinear,1,1,0.8386477828025818,1,False,0.2482566248256625,0.2384937238493724,0.66796875
25544,0,CF1,L5,0.7,bilinear,9,9,0.5373225212097168,1,False,0.24407252440725244,0.25383542538354253,0.7109375
1120,0,CF1,L5,0.7,bilinear,5,5,0.9955476522445679,1,False,0.23570432357043236,0.2594142259414226,0.7265625
1298,0,CF1,L5,0.7,bilinear,6,6,0.8514101505279541,1,False,0.2594142259414226,0.25383542538354253,0.7109375
25570,0,CF1,L5,0.7,bilinear,2,2,0.9870977997779846,1,False,0.26220362622036264,0.2510460251046025,0.703125
5370,0,CF1,L5,0.7,bilinear,7,7,0.7523642182350159,1,False,0.26638772663877264,0.2384937238493724,0.66796875
19075,0,CF1,L5,0.7,bilinear,2,2,0.9975416660308838,1,False,0.2803347280334728,0.2482566248256625,0.6953125
8583,0,CF1,L5,0.7,bilinear,0,1,0.4366852641105652,0,False,0.25523012552301255,0.2580195258019526,0.72265625
2133,0,CF1,L5,0.7,bilinear,0,0,0.2917932868003845,1,False,0.18688981868898186,0.2482566248256625,0.6953125
1982,0,CF1,L5,0.7,bilinear,2,2,0.7835700511932373,1,False,0.2608089260808926,0.25662482566248257,0.71875
950,0,CF1,L5,0.7,bilinear,8,8,0.6087295413017273,1,False,0.23430962343096234,0.24546722454672246,0.6875
19563,0,CF1,L5,0.7,bilinear,4,4,0.98039311170578,1,False,0.2384937238493724,0.2524407252440725,0.70703125
21023,0,CF1,L5,0.7,bilinear,6,6,0.9662518501281738,1,False,0.2482566248256625,0.2524407252440725,0.70703125
15687,0,CF1,L5,0.7,bilinear,0,0,0.7357845306396484,1,False,0.25523012552301255,0.25523012552301255,0.71484375
6444,0,CF1,L5,0.7,bilinear,6,6,0.9656084775924683,1,False,0.2315202231520223,0.25383542538354253,0.7109375
15735,0,CF1,L5,0.7,bilinear,4,4,0.9987290501594543,1,False,0.2733612273361227,0.25662482566248257,0.71875
10651,0,CF1,L5,0.7,bilinear,0,0,0.5814530253410339,1,False,0.26220362622036264,0.24686192468619247,0.69140625
13256,0,CF1,L5,0.7,bilinear,1,1,0.9986276626586914,1,False,0.24686192468619247,0.2384937238493724,0.66796875
16855,0,CF1,L5,0.7,bilinear,6,0,0.24867822229862213,0,False,0.2594142259414226,0.2524407252440725,0.70703125
14884,0,CF1,L5,0.7,bilinear,9,9,0.9845580458641052,1,False,0.2315202231520223,0.2691771269177127,0.75390625
21884,0,CF1,L5,0.7,bilinear,6,6,0.6060855984687805,1,False,0.23709902370990238,0.2398884239888424,0.671875
5078,0,CF1,L5,0.7,bilinear,3,6,0.7954078912734985,0,False,0.2775453277545328,0.2398884239888424,0.671875
20419,0,CF1,L5,0.7,bilinear,9,2,0.47219550609588623,0,False,0.28451882845188287,0.27475592747559274,0.76953125
20521,0,CF1,L5,0.7,bilinear,5,5,0.9043908715248108,1,False,0.23570432357043236,0.2482566248256625,0.6953125
23257,0,CF1,L5,0.7,bilinear,5,5,0.633840799331665,1,False,0.2580195258019526,0.2608089260808926,0.73046875
17190,0,CF1,L5,0.7,bilinear,2,2,0.9732296466827393,1,False,0.2510460251046025,0.2580195258019526,0.72265625
15631,0,CF1,L5,0.7,bilinear,8,8,0.9699394702911377,1,False,0.2398884239888424,0.2496513249651325,0.69921875
504,0,CF1,L5,0.7,bilinear,0,0,0.9403046369552612,1,False,0.24267782426778242,0.2384937238493724,0.66796875
14990,0,CF1,L5,0.7,bilinear,3,3,0.9975143671035767,1,False,0.2775453277545328,0.2496513249651325,0.69921875
24512,0,CF1,L5,0.7,bilinear,8,8,0.8772552013397217,1,False,0.23430962343096234,0.2496513249651325,0.69921875
23120,0,CF1,L5,0.7,bilinear,7,1,0.5234754085540771,0,False,0.2482566248256625,0.26220362622036264,0.734375
3357,0,CF1,L5,0.7,bilinear,2,2,0.9883777499198914,1,False,0.2719665271966527,0.2496513249651325,0.69921875
8088,0,CF1,L5,0.7,bilinear,1,1,0.8526602387428284,1,False,0.24546722454672246,0.23570432357043236,0.66015625
21849,0,CF1,L5,0.7,bilinear,9,9,0.8236183524131775,1,False,0.2649930264993027,0.24546722454672246,0.6875
13683,0,CF1,L5,0.7,bilinear,0,0,0.9802775979042053,1,False,0.25523012552301255,0.2384937238493724,0.66796875
22718,0,CF1,L5,0.7,bilinear,9,3,0.6167842745780945,0,False,0.2510460251046025,0.2384937238493724,0.66796875
9927,0,CF1,L5,0.7,bilinear,4,4,0.9280207753181458,1,False,0.2496513249651325,0.24686192468619247,0.69140625
11425,0,CF1,L5,0.7,bilinear,0,0,0.9945380091667175,1,False,0.23570432357043236,0.2524407252440725,0.70703125
14578,0,CF1,L5,0.7,bilinear,0,0,0.7273718118667603,1,False,0.2928870292887029,0.23709902370990238,0.6640625
25481,0,CF1,L5,0.7,bilinear,8,3,0.5072684288024902,0,False,0.2608089260808926,0.25662482566248257,0.71875
11269,0,CF1,L5,0.7,bilinear,5,5,0.9974960684776306,1,False,0.2482566248256625,0.23709902370990238,0.6640625
12877,0,CF1,L5,0.7,bilinear,5,5,0.9173407554626465,1,False,0.2594142259414226,0.2496513249651325,0.69921875
22531,0,CF1,L5,0.7,bilinear,9,9,0.23383192718029022,1,False,0.2398884239888424,0.25523012552301255,0.71484375
13150,0,CF1,L5,0.7,bilinear,3,7,0.2715977430343628,0,False,0.2580195258019526,0.25383542538354253,0.7109375
5654,0,CF1,L5,0.7,bilinear,8,8,0.612643837928772,1,False,0.24686192468619247,0.26778242677824265,0.75
1286,0,CF1,L5,0.7,bilinear,7,7,0.9924449324607849,1,False,0.23570432357043236,0.24686192468619247,0.69140625
1652,0,CF1,L5,0.7,bilinear,1,1,0.9993463158607483,1,False,0.23709902370990238,0.2510460251046025,0.703125
22335,0,CF1,L5,0.7,bilinear,2,2,0.8976170420646667,1,False,0.2705718270571827,0.2496513249651325,0.69921875
23848,0,CF1,L5,0.7,bilinear,3,3,0.9103286862373352,1,False,0.24546722454672246,0.2580195258019526,0.72265625
2892,0,CF1,L5,0.7,bilinear,6,6,0.9828495383262634,1,False,0.25662482566248257,0.2482566248256625,0.6953125
16530,0,CF1,L5,0.7,bilinear,8,8,0.9318206310272217,1,False,0.2691771269177127,0.2580195258019526,0.72265625
12848,0,CF1,L5,0.7,bilinear,8,8,0.9799843430519104,1,False,0.28451882845188287,0.24267782426778242,0.6796875
7330,0,CF1,L5,0.7,bilinear,7,7,0.937691330909729,1,False,0.24267782426778242,0.2580195258019526,0.72265625
3676,0,CF1,L5,0.7,bilinear,1,1,0.9567679166793823,1,False,0.25523012552301255,0.23430962343096234,0.65625
19966,0,CF1,L5,0.7,bilinear,8,8,0.7312782406806946,1,False,0.21896792189679218,0.24686192468619247,0.69140625
8382,0,CF1,L5,0.7,bilinear,5,6,0.6662363409996033,0,False,0.24686192468619247,0.25523012552301255,0.71484375
19660,0,CF1,L5,0.7,bilinear,7,5,0.2538004517555237,0,False,0.25383542538354253,0.2524407252440725,0.70703125
2508,0,CF1,L5,0.7,bilinear,9,9,0.8417237401008606,1,False,0.27475592747559274,0.2580195258019526,0.72265625
2360,0,CF1,L5,0.7,bilinear,4,4,0.5212998986244202,1,False,0.2914923291492329,0.2524407252440725,0.70703125
16796,0,CF1,L5,0.7,bilinear,1,1,0.9971151351928711,1,False,0.29707112970711297,0.2482566248256625,0.6953125
23426,0,CF1,L5,0.7,bilinear,9,0,0.4035913050174713,0,False,0.25523012552301255,0.25383542538354253,0.7109375
15590,0,CF1,L5,0.7,bilinear,2,9,0.7456871271133423,0,False,0.2482566248256625,0.2482566248256625,0.6953125
6302,0,CF1,L5,0.7,bilinear,3,3,0.6748164296150208,1,False,0.24267782426778242,0.24686192468619247,0.69140625
24519,0,CF1,L5,0.7,bilinear,7,7,0.7713310718536377,1,False,0.26778242677824265,0.22873082287308227,0.640625
23276,0,CF1,L5,0.7,bilinear,2,3,0.38638317584991455,0,False,0.23291492329149233,0.2608089260808926,0.73046875
24566,0,CF1,L5,0.7,bilinear,8,8,0.9160647392272949,1,False,0.2510460251046025,0.24267782426778242,0.6796875
20978,0,CF1,L5,0.7,bilinear,1,4,0.9234819412231445,0,False,0.2580195258019526,0.2608089260808926,0.73046875
8990,0,CF1,L5,0.7,bilinear,3,3,0.8398007154464722,1,False,0.27475592747559274,0.2496513249651325,0.69921875
11061,0,CF1,L5,0.7,bilinear,7,7,0.7987527847290039,1,False,0.2789400278940028,0.25662482566248257,0.71875
7075,0,CF1,L5,0.7,bilinear,9,5,0.7219246625900269,0,False,0.2482566248256625,0.24686192468619247,0.69140625
17641,0,CF1,L5,0.7,bilinear,2,2,0.9995154142379761,1,False,0.2524407252440725,0.25383542538354253,0.7109375
12077,0,CF1,L5,0.7,bilinear,9,9,0.9969974756240845,1,False,0.24546722454672246,0.2608089260808926,0.73046875
1779,0,CF1,L5,0.7,bilinear,7,7,0.9948931932449341,1,False,0.2398884239888424,0.2580195258019526,0.72265625
11519,0,CF1,L5,0.7,bilinear,4,4,0.6367406249046326,1,False,0.26778242677824265,0.2412831241283124,0.67578125
8549,0,CF1,L5,0.7,bilinear,3,3,0.724699079990387,1,False,0.23570432357043236,0.2510460251046025,0.703125
14623,0,CF1,L5,0.7,bilinear,6,6,0.6399775147438049,1,False,0.2649930264993027,0.24546722454672246,0.6875
10846,0,CF1,L5,0.7,bilinear,3,3,0.9974887371063232,1,False,0.2580195258019526,0.2580195258019526,0.72265625
16289,0,CF1,L5,0.7,bilinear,3,3,0.9349067807197571,1,False,0.25383542538354253,0.2482566248256625,0.6953125
12311,0,CF1,L5,0.7,bilinear,8,8,0.8009013533592224,1,False,0.25523012552301255,0.24407252440725244,0.68359375
6068,0,CF1,L5,0.7,bilinear,8,8,0.8385236859321594,1,False,0.24546722454672246,0.26359832635983266,0.73828125
9629,0,CF1,L5,0.7,bilinear,6,6,0.681310772895813,1,False,0.27615062761506276,0.2412831241283124,0.67578125
19560,0,CF1,L5,0.7,bilinear,3,9,0.4638407528400421,0,False,0.23709902370990238,0.24267782426778242,0.6796875
10379,0,CF1,L5,0.7,bilinear,8,8,0.9741422533988953,1,False,0.2524407252440725,0.24546722454672246,0.6875
6499,0,CF1,L5,0.7,bilinear,9,6,0.8216612935066223,0,False,0.24267782426778242,0.24546722454672246,0.6875
1159,0,CF1,L5,0.7,bilinear,0,0,0.9918354749679565,1,False,0.24267782426778242,0.2398884239888424,0.671875
4366,0,CF1,L5,0.7,bilinear,7,7,0.9967597126960754,1,False,0.2608089260808926,0.25383542538354253,0.7109375
8397,0,CF1,L5,0.7,bilinear,1,0,0.5901810526847839,0,False,0.26778242677824265,0.24546722454672246,0.6875
20905,0,CF1,L5,0.7,bilinear,9,2,0.48873063921928406,0,False,0.2412831241283124,0.2412831241283124,0.67578125
15746,0,CF1,L5,0.7,bilinear,5,5,0.9051544070243835,1,False,0.26359832635983266,0.2524407252440725,0.70703125
9402,0,CF1,L5,0.7,bilinear,3,8,0.926581859588623,0,False,0.2398884239888424,0.26778242677824265,0.75
8164,0,CF1,L5,0.7,bilinear,2,1,0.5589117407798767,0,False,0.26220362622036264,0.2510460251046025,0.703125
510,0,CF1,L5,0.7,bilinear,5,5,0.5928387641906738,1,False,0.2691771269177127,0.2496513249651325,0.69921875
24070,0,CF1,L5,0.7,bilinear,9,1,0.7165169715881348,0,False,0.2594142259414226,0.2594142259414226,0.7265625
2401,0,CF1,L5,0.7,bilinear,4,4,0.9882424473762512,1,False,0.24267782426778242,0.26220362622036264,0.734375
12147,0,CF1,L5,0.7,bilinear,3,4,0.6595183610916138,0,False,0.22733612273361228,0.2649930264993027,0.7421875
14499,0,CF1,L5,0.7,bilinear,6,6,0.7271584272384644,1,False,0.23709902370990238,0.23709902370990238,0.6640625
3530,0,CF1,L5,0.7,bilinear,6,6,0.9958357810974121,1,False,0.2384937238493724,0.2482566248256625,0.6953125
14723,0,CF1,L5,0.7,bilinear,7,2,0.5818041563034058,0,False,0.24546722454672246,0.22873082287308227,0.640625
4435,0,CF1,L5,0.7,bilinear,3,3,0.7968329787254333,1,False,0.24686192468619247,0.2524407252440725,0.70703125
22852,0,CF1,L5,0.7,bilinear,2,2,0.7232117652893066,1,False,0.23709902370990238,0.24546722454672246,0.6875
8461,0,CF1,L5,0.7,bilinear,3,3,0.992385745048523,1,False,0.2315202231520223,0.24407252440725244,0.68359375
21972,0,CF1,L5,0.7,bilinear,7,7,0.9958881735801697,1,False,0.2608089260808926,0.2496513249651325,0.69921875
5410,0,CF1,L5,0.7,bilinear,4,4,0.9670044779777527,1,False,0.2608089260808926,0.24407252440725244,0.68359375
17754,0,CF1,L5,0.7,bilinear,6,6,0.9820559620857239,1,False,0.26638772663877264,0.25523012552301255,0.71484375
15311,0,CF1,L5,0.7,bilinear,2,2,0.9960514903068542,1,False,0.27475592747559274,0.2719665271966527,0.76171875
15185,0,CF1,L5,0.7,bilinear,1,1,0.97765052318573,1,False,0.2594142259414226,0.24546722454672246,0.6875
5663,0,CF1,L5,0.7,bilinear,4,4,0.7499009370803833,1,False,0.2803347280334728,0.25523012552301255,0.71484375
6247,0,CF1,L5,0.7,bilinear,6,6,0.8993355631828308,1,False,0.24267782426778242,0.25523012552301255,0.71484375
15287,0,CF1,L5,0.7,bilinear,0,2,0.7211035490036011,0,False,0.26359832635983266,0.24686192468619247,0.69140625
19902,0,CF1,L5,0.7,bilinear,0,0,0.9780926704406738,1,False,0.25662482566248257,0.25662482566248257,0.71875
25188,0,CF1,L5,0.7,bilinear,4,4,0.8922392725944519,1,False,0.25523012552301255,0.2594142259414226,0.7265625
11195,0,CF1,L5,0.7,bilinear,8,8,0.5235739350318909,1,False,0.23291492329149233,0.26220362622036264,0.734375
4828,0,CF1,L5,0.7,bilinear,7,1,0.25112926959991455,0,False,0.27615062761506276,0.2580195258019526,0.72265625
23751,0,CF1,L5,0.7,bilinear,5,5,0.9102617502212524,1,False,0.2649930264993027,0.2412831241283124,0.67578125
9464,0,CF1,L5,0.7,bilinear,3,1,0.6654185056686401,0,False,0.25383542538354253,0.24686192468619247,0.69140625
25723,0,CF1,L5,0.7,bilinear,0,0,0.9786505699157715,1,False,0.23430962343096234,0.26359832635983266,0.73828125
16859,0,CF1,L5,0.7,bilinear,5,5,0.9646192789077759,1,False,0.2580195258019526,0.2482566248256625,0.6953125
3601,0,CF1,L5,0.7,bilinear,1,1,0.9956492781639099,1,False,0.2691771269177127,0.2594142259414226,0.7265625
11679,0,CF1,L5,0.7,bilinear,6,6,0.9782734513282776,1,False,0.2482566248256625,0.24686192468619247,0.69140625
12135,0,CF1,L5,0.7,bilinear,7,1,0.5643143057823181,0,False,0.2608089260808926,0.2384937238493724,0.66796875
16329,0,CF1,L5,0.7,bilinear,1,1,0.6624871492385864,1,False,0.2510460251046025,0.2315202231520223,0.6484375
94,0,CF1,L5,0.7,bilinear,4,4,0.40443164110183716,1,False,0.25662482566248257,0.23430962343096234,0.65625
14517,0,CF1,L5,0.7,bilinear,9,5,0.5917382836341858,0,False,0.26778242677824265,0.2580195258019526,0.72265625
16852,0,CF1,L5,0.7,bilinear,3,3,0.9906560778617859,1,False,0.2217573221757322,0.26220362622036264,0.734375
6852,0,CF1,L5,0.7,bilinear,6,6,0.5360642075538635,1,False,0.2775453277545328,0.2524407252440725,0.70703125
24858,0,CF1,L5,0.7,bilinear,3,3,0.9891176819801331,1,False,0.2691771269177127,0.2594142259414226,0.7265625
297,0,CF1,L5,0.7,bilinear,9,9,0.8169635534286499,1,False,0.27615062761506276,0.2384937238493724,0.66796875
12339,0,CF1,L5,0.7,bilinear,2,2,0.9994727969169617,1,False,0.2691771269177127,0.2510460251046025,0.703125
20811,0,CF1,L5,0.7,bilinear,8,8,0.9391218423843384,1,False,0.2315202231520223,0.26359832635983266,0.73828125
12439,0,CF1,L5,0.7,bilinear,5,5,0.8742815256118774,1,False,0.2496513249651325,0.25383542538354253,0.7109375
16632,0,CF1,L5,0.7,bilinear,9,0,0.9461126923561096,0,False,0.2705718270571827,0.2482566248256625,0.6953125
5798,0,CF1,L5,0.7,bilinear,4,9,0.3018108308315277,0,False,0.2524407252440725,0.24686192468619247,0.69140625
18458,0,CF1,L5,0.7,bilinear,3,3,0.9718471765518188,1,False,0.2775453277545328,0.2496513249651325,0.69921875
6105,0,CF1,L5,0.7,bilinear,5,5,0.8795349597930908,1,False,0.26778242677824265,0.2580195258019526,0.72265625
10321,0,CF1,L5,0.7,bilinear,6,6,0.9022838473320007,1,False,0.26638772663877264,0.24686192468619247,0.69140625
21771,0,CF1,L5,0.7,bilinear,7,7,0.9917060136795044,1,False,0.2482566248256625,0.2496513249651325,0.69921875
22194,0,CF1,L5,0.7,bilinear,0,0,0.971427857875824,1,False,0.2691771269177127,0.25383542538354253,0.7109375
6,0,CF1,L5,0.7,bilinear,9,9,0.520721435546875,1,False,0.23570432357043236,0.24686192468619247,0.69140625
912,0,CF1,L5,0.7,bilinear,7,7,0.9751362800598145,1,False,0.2705718270571827,0.2496513249651325,0.69921875
16910,0,CF1,L5,0.7,bilinear,5,5,0.8888598084449768,1,False,0.26638772663877264,0.2608089260808926,0.73046875
18738,0,CF1,L5,0.7,bilinear,7,7,0.9943048357963562,1,False,0.2175732217573222,0.25383542538354253,0.7109375
18020,0,CF1,L5,0.7,bilinear,9,9,0.9280232191085815,1,False,0.22873082287308227,0.2510460251046025,0.703125
3462,0,CF1,L5,0.7,bilinear,8,5,0.3303959369659424,0,False,0.26220362622036264,0.25523012552301255,0.71484375
5696,0,CF1,L5,0.7,bilinear,1,0,0.2820577025413513,0,False,0.2719665271966527,0.2594142259414226,0.7265625
15066,0,CF1,L5,0.7,bilinear,3,3,0.9698145985603333,1,False,0.27475592747559274,0.24267782426778242,0.6796875
10653,0,CF1,L5,0.7,bilinear,9,9,0.49641022086143494,1,False,0.2719665271966527,0.26220362622036264,0.734375
13337,0,CF1,L5,0.7,bilinear,2,2,0.9997634291648865,1,False,0.2580195258019526,0.2398884239888424,0.671875
12340,0,CF1,L5,0.7,bilinear,5,5,0.9863442182540894,1,False,0.21199442119944212,0.25383542538354253,0.7109375
9536,0,CF1,L5,0.7,bilinear,0,0,0.9976369142532349,1,False,0.2775453277545328,0.23430962343096234,0.65625
3566,0,CF1,L5,0.7,bilinear,4,1,0.5811356902122498,0,False,0.2384937238493724,0.2524407252440725,0.70703125
20090,0,CF1,L5,0.7,bilinear,4,4,0.8889267444610596,1,False,0.24686192468619247,0.2580195258019526,0.72265625
211,0,CF1,L5,0.7,bilinear,0,0,0.8949041962623596,1,False,0.2496513249651325,0.24686192468619247,0.69140625
55,0,CF1,L5,0.7,bilinear,8,6,0.7820887565612793,0,False,0.2412831241283124,0.24407252440725244,0.68359375
1477,0,CF1,L5,0.7,bilinear,2,1,0.26215484738349915,0,False,0.2719665271966527,0.24686192468619247,0.69140625
25898,0,CF1,L5,0.7,bilinear,0,6,0.8288333415985107,0,False,0.2580195258019526,0.2580195258019526,0.72265625
25713,0,CF1,L5,0.7,bilinear,0,0,0.7440468668937683,1,False,0.2301255230125523,0.24686192468619247,0.69140625
18055,0,CF1,L5,0.7,bilinear,3,3,0.9909487366676331,1,False,0.24267782426778242,0.2496513249651325,0.69921875
17461,0,CF1,L5,0.7,bilinear,3,3,0.9409019947052002,1,False,0.23709902370990238,0.26359832635983266,0.73828125
14237,0,CF1,L5,0.7,bilinear,7,7,0.8066844344139099,1,False,0.24267782426778242,0.2594142259414226,0.7265625
13858,0,CF1,L5,0.7,bilinear,1,1,0.9966428279876709,1,False,0.2649930264993027,0.23430962343096234,0.65625
12386,0,CF1,L5,0.7,bilinear,5,5,0.49719926714897156,1,False,0.22594142259414227,0.26220362622036264,0.734375
7223,0,CF1,L5,0.7,bilinear,9,9,0.9856767654418945,1,False,0.26220362622036264,0.26778242677824265,0.75
3153,0,CF1,L5,0.7,bilinear,5,5,0.6875099539756775,1,False,0.22873082287308227,0.2510460251046025,0.703125
23265,0,CF1,L5,0.7,bilinear,8,4,0.35344114899635315,0,False,0.25383542538354253,0.2496513249651325,0.69921875
9465,0,CF1,L5,0.7,bilinear,0,0,0.4641050696372986,1,False,0.2510460251046025,0.24686192468619247,0.69140625
7419,0,CF1,L5,0.7,bilinear,0,0,0.9666159152984619,1,False,0.25383542538354253,0.26778242677824265,0.75
4722,0,CF1,L5,0.7,bilinear,6,6,0.7867332696914673,1,False,0.2301255230125523,0.25662482566248257,0.71875
23448,0,CF1,L5,0.7,bilinear,6,0,0.45947739481925964,0,False,0.25662482566248257,0.2580195258019526,0.72265625
8222,0,CF1,L5,0.7,bilinear,2,2,0.9598775506019592,1,False,0.2384937238493724,0.23709902370990238,0.6640625
20898,0,CF1,L5,0.7,bilinear,8,8,0.9155388474464417,1,False,0.28870292887029286,0.23709902370990238,0.6640625
23313,0,CF1,L5,0.7,bilinear,2,2,0.9987666606903076,1,False,0.2719665271966527,0.2580195258019526,0.72265625
13426,0,CF1,L5,0.7,bilinear,2,2,0.9778163433074951,1,False,0.24686192468619247,0.2691771269177127,0.75390625
25136,0,CF1,L5,0.7,bilinear,4,4,0.9998346567153931,1,False,0.28870292887029286,0.22733612273361228,0.63671875
9268,0,CF1,L5,0.7,bilinear,4,4,0.995051920413971,1,False,0.26638772663877264,0.23430962343096234,0.65625
3892,0,CF1,L5,0.7,bilinear,1,1,0.9989761114120483,1,False,0.2482566248256625,0.24407252440725244,0.68359375
4115,0,CF1,L5,0.7,bilinear,3,0,0.6974683403968811,0,False,0.2384937238493724,0.25523012552301255,0.71484375
5166,0,CF1,L5,0.7,bilinear,7,7,0.9929466843605042,1,False,0.28172942817294283,0.2594142259414226,0.7265625
14984,0,CF1,L5,0.7,bilinear,3,4,0.6020280718803406,0,False,0.2594142259414226,0.2510460251046025,0.703125
10520,0,CF1,L5,0.7,bilinear,1,1,0.7296704649925232,1,False,0.2496513249651325,0.2594142259414226,0.7265625
4379,0,CF1,L5,0.7,bilinear,2,2,0.9999053478240967,1,False,0.2691771269177127,0.2524407252440725,0.70703125
8937,0,CF1,L5,0.7,bilinear,1,1,0.9871190786361694,1,False,0.25662482566248257,0.2384937238493724,0.66796875
17550,0,CF1,L5,0.7,bilinear,9,9,0.9856520891189575,1,False,0.2705718270571827,0.24686192468619247,0.69140625
19085,0,CF1,L5,0.7,bilinear,9,9,0.9806004166603088,1,False,0.2608089260808926,0.25383542538354253,0.7109375
17902,0,CF1,L5,0.7,bilinear,6,6,0.7261695265769958,1,False,0.26359832635983266,0.2482566248256625,0.6953125
14780,0,CF1,L5,0.7,bilinear,8,2,0.4152311682701111,0,False,0.2580195258019526,0.2608089260808926,0.73046875
8401,0,CF1,L5,0.7,bilinear,0,6,0.8319204449653625,0,False,0.2649930264993027,0.2608089260808926,0.73046875
11230,0,CF1,L5,0.7,bilinear,2,2,0.94536292552948,1,False,0.27475592747559274,0.2691771269177127,0.75390625
1772,0,CF1,L5,0.7,bilinear,3,3,0.9818500876426697,1,False,0.24267782426778242,0.24407252440725244,0.68359375
13326,0,CF1,L5,0.7,bilinear,4,4,0.9993346333503723,1,False,0.24686192468619247,0.25523012552301255,0.71484375
15230,0,CF1,L5,0.7,bilinear,5,2,0.8054460883140564,0,False,0.2496513249651325,0.2412831241283124,0.67578125
20557,0,CF1,L5,0.7,bilinear,0,0,0.9814578890800476,1,False,0.24407252440725244,0.23570432357043236,0.66015625
9555,0,CF1,L5,0.7,bilinear,1,1,0.9944721460342407,1,False,0.2649930264993027,0.24686192468619247,0.69140625
3667,0,CF1,L5,0.7,bilinear,6,6,0.957535982131958,1,False,0.26220362622036264,0.2412831241283124,0.67578125
5316,0,CF1,L5,0.7,bilinear,5,5,0.572689950466156,1,False,0.2580195258019526,0.2524407252440725,0.70703125
3606,0,CF1,L5,0.7,bilinear,5,5,0.3475140333175659,1,False,0.26359832635983266,0.2524407252440725,0.70703125
25776,0,CF1,L5,0.7,bilinear,6,6,0.9009838104248047,1,False,0.2412831241283124,0.2594142259414226,0.7265625
22231,0,CF1,L5,0.7,bilinear,1,1,0.9929070472717285,1,False,0.28451882845188287,0.2510460251046025,0.703125
10855,0,CF1,L5,0.7,bilinear,7,7,0.9979578256607056,1,False,0.26638772663877264,0.2510460251046025,0.703125
130,0,CF1,L5,0.7,bilinear,6,6,0.9985218644142151,1,False,0.2510460251046025,0.2524407252440725,0.70703125
434,0,CF1,L5,0.7,bilinear,8,8,0.3155553936958313,1,False,0.2510460251046025,0.26638772663877264,0.74609375
5308,0,CF1,L5,0.7,bilinear,5,5,0.2785133719444275,1,False,0.2301255230125523,0.2580195258019526,0.72265625
17682,0,CF1,L5,0.7,bilinear,4,4,0.7539675235748291,1,False,0.2803347280334728,0.2580195258019526,0.72265625
16682,0,CF1,L5,0.7,bilinear,8,8,0.9088063836097717,1,False,0.25662482566248257,0.24546722454672246,0.6875
12660,0,CF1,L5,0.7,bilinear,5,5,0.9613633751869202,1,False,0.2482566248256625,0.2580195258019526,0.72265625
21362,0,CF1,L5,0.7,bilinear,5,5,0.9932025074958801,1,False,0.2398884239888424,0.25523012552301255,0.71484375
15483,0,CF1,L5,0.7,bilinear,4,4,0.7967188954353333,1,False,0.23570432357043236,0.2580195258019526,0.72265625
5289,0,CF1,L5,0.7,bilinear,5,3,0.29063865542411804,0,False,0.26359832635983266,0.2482566248256625,0.6953125
19757,0,CF1,L5,0.7,bilinear,1,1,0.9965528249740601,1,False,0.24267782426778242,0.24407252440725244,0.68359375
6799,0,CF1,L5,0.7,bilinear,2,2,0.9924005270004272,1,False,0.2482566248256625,0.24546722454672246,0.6875
18871,0,CF1,L5,0.7,bilinear,2,2,0.9947431087493896,1,False,0.2496513249651325,0.24546722454672246,0.6875
4740,0,CF1,L5,0.7,bilinear,3,3,0.8908064961433411,1,False,0.24686192468619247,0.25523012552301255,0.71484375
14926,0,CF1,L5,0.7,bilinear,5,5,0.9153784513473511,1,False,0.2524407252440725,0.2384937238493724,0.66796875
3549,0,CF1,L5,0.7,bilinear,4,4,0.7484432458877563,1,False,0.2482566248256625,0.2384937238493724,0.66796875
13336,0,CF1,L5,0.7,bilinear,9,0,0.4093949496746063,0,False,0.26220362622036264,0.23709902370990238,0.6640625
8302,0,CF1,L5,0.7,bilinear,3,2,0.33123838901519775,0,False,0.2594142259414226,0.2594142259414226,0.7265625
19884,0,CF1,L5,0.7,bilinear,8,8,0.8237309455871582,1,False,0.24686192468619247,0.2524407252440725,0.70703125
6927,0,CF1,L5,0.7,bilinear,1,1,0.9503828883171082,1,False,0.2719665271966527,0.25662482566248257,0.71875
15277,0,CF1,L5,0.7,bilinear,6,6,0.9734665155410767,1,False,0.2594142259414226,0.24546722454672246,0.6875
20278,0,CF1,L5,0.7,bilinear,3,3,0.6963821649551392,1,False,0.2482566248256625,0.2482566248256625,0.6953125
654,0,CF1,L5,0.7,bilinear,8,8,0.9138057827949524,1,False,0.24686192468619247,0.2482566248256625,0.6953125
19020,0,CF1,L5,0.7,bilinear,0,0,0.9732353091239929,1,False,0.2510460251046025,0.2510460251046025,0.703125
25403,0,CF1,L5,0.7,bilinear,3,3,0.7745357751846313,1,False,0.23291492329149233,0.25383542538354253,0.7109375
1745,0,CF1,L5,0.7,bilinear,8,8,0.8867464661598206,1,False,0.2203626220362622,0.25662482566248257,0.71875
10726,0,CF1,L5,0.7,bilinear,4,4,0.9631794095039368,1,False,0.25523012552301255,0.25662482566248257,0.71875
23431,0,CF1,L5,0.7,bilinear,4,4,0.9987560510635376,1,False,0.24267782426778242,0.25523012552301255,0.71484375
231,0,CF1,L5,0.7,bilinear,5,5,0.9947562217712402,1,False,0.23291492329149233,0.2398884239888424,0.671875
20678,0,CF1,L5,0.7,bilinear,7,8,0.4111466109752655,0,False,0.2580195258019526,0.26220362622036264,0.734375
15851,0,CF1,L5,0.7,bilinear,1,1,0.9982509016990662,1,False,0.2580195258019526,0.2412831241283124,0.67578125
24015,0,CF1,L5,0.7,bilinear,0,0,0.9999161958694458,1,False,0.24546722454672246,0.2412831241283124,0.67578125
1082,0,CF1,L5,0.7,bilinear,6,6,0.5025935173034668,1,False,0.26638772663877264,0.25523012552301255,0.71484375
5573,0,CF1,L5,0.7,bilinear,8,8,0.55805903673172,1,False,0.2524407252440725,0.25662482566248257,0.71875
11289,0,CF1,L5,0.7,bilinear,1,1,0.9997034668922424,1,False,0.28730822873082285,0.2384937238493724,0.66796875
1751,0,CF1,L5,0.7,bilinear,0,6,0.45101433992385864,0,False,0.2412831241283124,0.2398884239888424,0.671875
4594,0,CF1,L5,0.7,bilinear,6,6,0.9781370759010315,1,False,0.26359832635983266,0.2608089260808926,0.73046875
21127,0,CF1,L5,0.7,bilinear,8,8,0.9711011648178101,1,False,0.23570432357043236,0.24546722454672246,0.6875
12370,0,CF1,L5,0.7,bilinear,4,4,0.8703447580337524,1,False,0.25383542538354253,0.2482566248256625,0.6953125
4125,0,CF1,L5,0.7,bilinear,6,6,0.9942083358764648,1,False,0.2384937238493724,0.2482566248256625,0.6953125
11008,0,CF1,L5,0.7,bilinear,1,1,0.9851395487785339,1,False,0.2580195258019526,0.23291492329149233,0.65234375
23395,0,CF1,L5,0.7,bilinear,7,7,0.9702813029289246,1,False,0.2510460251046025,0.2510460251046025,0.703125
3080,0,CF1,L5,0.7,bilinear,3,3,0.9870577454566956,1,False,0.26778242677824265,0.26778242677824265,0.75
22400,0,CF1,L5,0.7,bilinear,0,0,0.9991082549095154,1,False,0.2496513249651325,0.25662482566248257,0.71875
22514,0,CF1,L5,0.7,bilinear,1,1,0.9771440625190735,1,False,0.2510460251046025,0.24546722454672246,0.6875
15137,0,CF1,L5,0.7,bilinear,0,0,0.9959139227867126,1,False,0.28870292887029286,0.24407252440725244,0.68359375
6681,0,CF1,L5,0.7,bilinear,0,0,0.9772439002990723,1,False,0.24407252440725244,0.2649930264993027,0.7421875
5219,0,CF1,L5,0.7,bilinear,5,4,0.4699501395225525,0,False,0.27615062761506276,0.2398884239888424,0.671875
2355,0,CF1,L5,0.7,bilinear,2,2,0.47481682896614075,1,False,0.27615062761506276,0.25383542538354253,0.7109375
4674,0,CF1,L5,0.7,bilinear,5,3,0.4413202702999115,0,False,0.26359832635983266,0.2524407252440725,0.70703125
14575,0,CF1,L5,0.7,bilinear,1,1,0.9999967813491821,1,False,0.2859135285913529,0.25662482566248257,0.71875
6563,0,CF1,L5,0.7,bilinear,5,5,0.8851906061172485,1,False,0.23291492329149233,0.2510460251046025,0.703125
17492,0,CF1,L5,0.7,bilinear,9,0,0.6754147410392761,0,False,0.23430962343096234,0.26359832635983266,0.73828125
15770,0,CF1,L5,0.7,bilinear,7,7,0.9871245622634888,1,False,0.26220362622036264,0.2301255230125523,0.64453125
20830,0,CF1,L5,0.7,bilinear,1,1,0.9988610744476318,1,False,0.2398884239888424,0.2398884239888424,0.671875
1777,0,CF1,L5,0.7,bilinear,2,2,0.9889571070671082,1,False,0.298465829846583,0.25523012552301255,0.71484375
21617,0,CF1,L5,0.7,bilinear,7,7,0.9961875081062317,1,False,0.2412831241283124,0.24686192468619247,0.69140625
21293,0,CF1,L5,0.7,bilinear,4,6,0.33870846033096313,0,False,0.3110181311018131,0.24407252440725244,0.68359375
14504,0,CF1,L5,0.7,bilinear,0,3,0.5886800289154053,0,False,0.2482566248256625,0.2608089260808926,0.73046875
21236,0,CF1,L5,0.7,bilinear,7,7,0.9186413288116455,1,False,0.23709902370990238,0.2398884239888424,0.671875
18558,0,CF1,L5,0.7,bilinear,4,4,0.9838745594024658,1,False,0.26220362622036264,0.25383542538354253,0.7109375
22916,0,CF1,L5,0.7,bilinear,8,6,0.4411717355251312,0,False,0.23430962343096234,0.2691771269177127,0.75390625
18760,0,CF1,L5,0.7,bilinear,6,2,0.9092753529548645,0,False,0.24546722454672246,0.2510460251046025,0.703125
17389,0,CF1,L5,0.7,bilinear,8,8,0.6318311095237732,1,False,0.24267782426778242,0.2580195258019526,0.72265625
13155,0,CF1,L5,0.7,bilinear,8,8,0.2904520034790039,1,False,0.2524407252440725,0.24267782426778242,0.6796875
13999,0,CF1,L5,0.7,bilinear,5,5,0.9649806618690491,1,False,0.2384937238493724,0.22733612273361228,0.63671875
10265,0,CF1,L5,0.7,bilinear,8,8,0.9603481888771057,1,False,0.2719665271966527,0.2524407252440725,0.70703125
17239,0,CF1,L5,0.7,bilinear,2,2,0.9997739195823669,1,False,0.2580195258019526,0.2510460251046025,0.703125
6288,0,CF1,L5,0.7,bilinear,3,3,0.5186034440994263,1,False,0.23291492329149233,0.2510460251046025,0.703125
11514,0,CF1,L5,0.7,bilinear,6,6,0.7643476724624634,1,False,0.24686192468619247,0.2412831241283124,0.67578125
23652,0,CF1,L5,0.7,bilinear,1,1,0.9990068078041077,1,False,0.23570432357043236,0.24407252440725244,0.68359375
11939,0,CF1,L5,0.7,bilinear,6,6,0.9947375655174255,1,False,0.2594142259414226,0.24686192468619247,0.69140625
2174,0,CF1,L5,0.7,bilinear,7,7,0.9432117938995361,1,False,0.26778242677824265,0.2510460251046025,0.703125
15441,0,CF1,L5,0.7,bilinear,4,4,0.9925922155380249,1,False,0.2608089260808926,0.2608089260808926,0.73046875
12260,0,CF1,L5,0.7,bilinear,1,1,0.9753839373588562,1,False,0.26220362622036264,0.24686192468619247,0.69140625
25046,0,CF1,L5,0.7,bilinear,6,6,0.8412038087844849,1,False,0.24267782426778242,0.26359832635983266,0.73828125
13958,0,CF1,L5,0.7,bilinear,9,4,0.42012831568717957,0,False,0.26220362622036264,0.2412831241283124,0.67578125
20974,0,CF1,L5,0.7,bilinear,8,8,0.7095767855644226,1,False,0.2524407252440725,0.26359832635983266,0.73828125
10626,0,CF1,L5,0.7,bilinear,6,6,0.7789709568023682,1,False,0.2510460251046025,0.2496513249651325,0.69921875
22545,0,CF1,L5,0.7,bilinear,5,5,0.5262576341629028,1,False,0.24407252440725244,0.25383542538354253,0.7109375
20288,0,CF1,L5,0.7,bilinear,5,3,0.38546568155288696,0,False,0.2705718270571827,0.2412831241283124,0.67578125
13790,0,CF1,L5,0.7,bilinear,7,7,0.9875319600105286,1,False,0.2482566248256625,0.25523012552301255,0.71484375
2817,0,CF1,L5,0.7,bilinear,4,4,0.8377432227134705,1,False,0.20781032078103207,0.25383542538354253,0.7109375
8344,0,CF1,L5,0.7,bilinear,4,4,0.9955873489379883,1,False,0.22873082287308227,0.2580195258019526,0.72265625
11708,0,CF1,L5,0.7,bilinear,1,1,0.9995317459106445,1,False,0.27615062761506276,0.24267782426778242,0.6796875
2379,0,CF1,L5,0.7,bilinear,1,1,0.8545596599578857,1,False,0.24686192468619247,0.24686192468619247,0.69140625
23602,0,CF1,L5,0.7,bilinear,2,2,0.9910410046577454,1,False,0.2496513249651325,0.24546722454672246,0.6875
24357,0,CF1,L5,0.7,bilinear,8,6,0.5498095750808716,0,False,0.2384937238493724,0.24267782426778242,0.6796875
16783,0,CF1,L5,0.7,bilinear,4,4,0.978480339050293,1,False,0.22315202231520223,0.2412831241283124,0.67578125
11723,0,CF1,L5,0.7,bilinear,9,9,0.9870645999908447,1,False,0.2496513249651325,0.25523012552301255,0.71484375
5140,0,CF1,L5,0.7,bilinear,5,5,0.9134619832038879,1,False,0.2580195258019526,0.2580195258019526,0.72265625
14563,0,CF1,L5,0.7,bilinear,1,1,0.9994297623634338,1,False,0.2594142259414226,0.24267782426778242,0.6796875
11905,0,CF1,L5,0.7,bilinear,7,1,0.4569098949432373,0,False,0.25662482566248257,0.2510460251046025,0.703125
4657,0,CF1,L5,0.7,bilinear,5,5,0.9711211919784546,1,False,0.23570432357043236,0.24267782426778242,0.6796875
9888,0,CF1,L5,0.7,bilinear,7,7,0.9951348900794983,1,False,0.2775453277545328,0.24546722454672246,0.6875
22827,0,CF1,L5,0.7,bilinear,6,6,0.7709568738937378,1,False,0.23291492329149233,0.24267782426778242,0.6796875
23911,0,CF1,L5,0.7,bilinear,7,7,0.9971725940704346,1,False,0.2733612273361227,0.24407252440725244,0.68359375
968,0,CF1,L5,0.7,bilinear,3,3,0.769620418548584,1,False,0.24267782426778242,0.24546722454672246,0.6875
18416,0,CF1,L5,0.7,bilinear,2,2,0.9558890461921692,1,False,0.2496513249651325,0.2524407252440725,0.70703125
15166,0,CF1,L5,0.7,bilinear,7,7,0.9752527475357056,1,False,0.26778242677824265,0.2496513249651325,0.69921875
15537,0,CF1,L5,0.7,bilinear,6,5,0.3781629204750061,0,False,0.2719665271966527,0.26220362622036264,0.734375
112,0,CF1,L5,0.7,bilinear,6,6,0.8613463044166565,1,False,0.23570432357043236,0.2510460251046025,0.703125
9754,0,CF1,L5,0.7,bilinear,8,8,0.959201991558075,1,False,0.2580195258019526,0.26778242677824265,0.75
3827,0,CF1,L5,0.7,bilinear,1,1,0.9970731735229492,1,False,0.2412831241283124,0.2315202231520223,0.6484375
16427,0,CF1,L5,0.7,bilinear,8,8,0.9068528413772583,1,False,0.23570432357043236,0.2580195258019526,0.72265625
4853,0,CF1,L5,0.7,bilinear,8,1,0.4897093176841736,0,False,0.2482566248256625,0.24267782426778242,0.6796875
5025,0,CF1,L5,0.7,bilinear,8,1,0.5534924864768982,0,False,0.23430962343096234,0.2482566248256625,0.6953125
5497,0,CF1,L5,0.7,bilinear,5,5,0.5128622651100159,1,False,0.2496513249651325,0.2398884239888424,0.671875
415,0,CF1,L5,0.7,bilinear,5,5,0.748036801815033,1,False,0.2705718270571827,0.2580195258019526,0.72265625
6055,0,CF1,L5,0.7,bilinear,2,2,0.9997287392616272,1,False,0.25523012552301255,0.24686192468619247,0.69140625
4242,0,CF1,L5,0.7,bilinear,6,5,0.611205518245697,0,False,0.26359832635983266,0.2594142259414226,0.7265625
16007,0,CF1,L5,0.7,bilinear,3,3,0.9945756196975708,1,False,0.24686192468619247,0.25523012552301255,0.71484375
16184,0,CF1,L5,0.7,bilinear,6,6,0.7899351119995117,1,False,0.2482566248256625,0.24407252440725244,0.68359375
15180,0,CF1,L5,0.7,bilinear,2,2,0.45825836062431335,1,False,0.2705718270571827,0.2608089260808926,0.73046875
16402,0,CF1,L5,0.7,bilinear,3,3,0.9979366064071655,1,False,0.24546722454672246,0.2384937238493724,0.66796875
12883,0,CF1,L5,0.7,bilinear,7,7,0.9816044569015503,1,False,0.24546722454672246,0.2384937238493724,0.66796875
12596,0,CF1,L5,0.7,bilinear,2,2,0.9998279809951782,1,False,0.25523012552301255,0.2580195258019526,0.72265625
13383,0,CF1,L5,0.7,bilinear,0,0,0.9978973865509033,1,False,0.2691771269177127,0.2524407252440725,0.70703125
17140,0,CF1,L5,0.7,bilinear,0,0,0.987079381942749,1,False,0.2315202231520223,0.25383542538354253,0.7109375
11249,0,CF1,L5,0.7,bilinear,7,7,0.9801421165466309,1,False,0.24407252440725244,0.2412831241283124,0.67578125
2927,0,CF1,L5,0.7,bilinear,3,3,0.9280430674552917,1,False,0.23709902370990238,0.25523012552301255,0.71484375
13380,0,CF1,L5,0.7,bilinear,3,3,0.9519495368003845,1,False,0.2412831241283124,0.2510460251046025,0.703125
24593,0,CF1,L5,0.7,bilinear,5,5,0.958264946937561,1,False,0.2524407252440725,0.25662482566248257,0.71875
14507,0,CF1,L5,0.7,bilinear,8,3,0.4442962408065796,0,False,0.2733612273361227,0.2398884239888424,0.671875
9355,0,CF1,L5,0.7,bilinear,8,8,0.6783130764961243,1,False,0.2928870292887029,0.24407252440725244,0.68359375
3943,0,CF1,L5,0.7,bilinear,3,3,0.7273280024528503,1,False,0.26638772663877264,0.2608089260808926,0.73046875
4913,0,CF1,L5,0.7,bilinear,4,4,0.9904091358184814,1,False,0.2301255230125523,0.2594142259414226,0.7265625
23440,0,CF1,L5,0.7,bilinear,4,4,0.49916622042655945,1,False,0.26220362622036264,0.25523012552301255,0.71484375
19289,0,CF1,L5,0.7,bilinear,7,7,0.9496893286705017,1,False,0.2384937238493724,0.25523012552301255,0.71484375
17841,0,CF1,L5,0.7,bilinear,6,6,0.9824563264846802,1,False,0.2203626220362622,0.2482566248256625,0.6953125
18139,0,CF1,L5,0.7,bilinear,0,0,0.8642414808273315,1,False,0.25523012552301255,0.2580195258019526,0.72265625
18549,0,CF1,L5,0.7,bilinear,7,7,0.9995501637458801,1,False,0.2733612273361227,0.2482566248256625,0.6953125
7215,0,CF1,L5,0.7,bilinear,7,7,0.9999678134918213,1,False,0.24267782426778242,0.24546722454672246,0.6875
10574,0,CF1,L5,0.7,bilinear,7,7,0.47325363755226135,1,False,0.2524407252440725,0.2412831241283124,0.67578125
10329,0,CF1,L5,0.7,bilinear,7,7,0.48151513934135437,1,False,0.25523012552301255,0.25523012552301255,0.71484375
21502,0,CF1,L5,0.7,bilinear,4,4,0.9245595932006836,1,False,0.23430962343096234,0.24407252440725244,0.68359375
1209,0,CF1,L5,0.7,bilinear,8,5,0.45344293117523193,0,False,0.2482566248256625,0.23570432357043236,0.66015625
22202,0,CF1,L5,0.7,bilinear,6,6,0.9314371943473816,1,False,0.26220362622036264,0.2649930264993027,0.7421875
12914,0,CF1,L5,0.7,bilinear,2,2,0.8522073030471802,1,False,0.2594142259414226,0.24686192468619247,0.69140625
23477,0,CF1,L5,0.7,bilinear,6,6,0.883493959903717,1,False,0.2412831241283124,0.2608089260808926,0.73046875
13286,0,CF1,L5,0.7,bilinear,5,5,0.6685352921485901,1,False,0.2594142259414226,0.2705718270571827,0.7578125
24957,0,CF1,L5,0.7,bilinear,2,2,0.9913235902786255,1,False,0.24546722454672246,0.2496513249651325,0.69921875
23215,0,CF1,L5,0.7,bilinear,9,9,0.6888682246208191,1,False,0.24267782426778242,0.2482566248256625,0.6953125
8171,0,CF1,L5,0.7,bilinear,3,8,0.5286453366279602,0,False,0.24546722454672246,0.2496513249651325,0.69921875
13427,0,CF1,L5,0.7,bilinear,4,4,0.9876107573509216,1,False,0.2608089260808926,0.25662482566248257,0.71875
1985,0,CF1,L5,0.7,bilinear,9,9,0.8719913363456726,1,False,0.2482566248256625,0.2482566248256625,0.6953125
19607,0,CF1,L5,0.7,bilinear,1,1,0.7715580463409424,1,False,0.24267782426778242,0.23570432357043236,0.66015625
15138,0,CF1,L5,0.7,bilinear,4,4,0.9143440127372742,1,False,0.2510460251046025,0.2524407252440725,0.70703125
18496,0,CF1,L5,0.7,bilinear,3,3,0.9769476652145386,1,False,0.2691771269177127,0.25523012552301255,0.71484375
11341,0,CF1,L5,0.7,bilinear,5,5,0.6216952800750732,1,False,0.26778242677824265,0.25662482566248257,0.71875
3210,0,CF1,L5,0.7,bilinear,6,5,0.4717053472995758,0,False,0.2649930264993027,0.2384937238493724,0.66796875
9044,0,CF1,L5,0.7,bilinear,3,3,0.9864274859428406,1,False,0.2580195258019526,0.25523012552301255,0.71484375
1784,0,CF1,L5,0.7,bilinear,1,1,0.7217131853103638,1,False,0.23430962343096234,0.2608089260808926,0.73046875
20687,0,CF1,L5,0.7,bilinear,7,7,0.9961382746696472,1,False,0.26220362622036264,0.2580195258019526,0.72265625
21479,0,CF1,L5,0.7,bilinear,1,1,0.9993022680282593,1,False,0.24546722454672246,0.2398884239888424,0.671875
4465,0,CF1,L5,0.7,bilinear,7,7,0.9957239627838135,1,False,0.24407252440725244,0.25523012552301255,0.71484375
8098,0,CF1,L5,0.7,bilinear,3,3,0.9999648332595825,1,False,0.2594142259414226,0.23709902370990238,0.6640625
1105,0,CF1,L5,0.7,bilinear,1,1,0.9893475770950317,1,False,0.2510460251046025,0.25383542538354253,0.7109375
24036,0,CF1,L5,0.7,bilinear,0,0,0.9980456829071045,1,False,0.22733612273361228,0.2580195258019526,0.72265625
24825,0,CF1,L5,0.7,bilinear,1,1,0.9997710585594177,1,False,0.2705718270571827,0.2482566248256625,0.6953125
20081,0,CF1,L5,0.7,bilinear,4,4,0.8451406359672546,1,False,0.2608089260808926,0.23430962343096234,0.65625
11780,0,CF1,L5,0.7,bilinear,5,6,0.4414104223251343,0,False,0.25662482566248257,0.2496513249651325,0.69921875
18228,0,CF1,L5,0.7,bilinear,2,2,0.8577002882957458,1,False,0.26220362622036264,0.2510460251046025,0.703125
4363,0,CF1,L5,0.7,bilinear,4,4,0.9983441829681396,1,False,0.2691771269177127,0.2608089260808926,0.73046875
10210,0,CF1,L5,0.7,bilinear,7,1,0.6945539116859436,0,False,0.24546722454672246,0.2482566248256625,0.6953125
7005,0,CF1,L5,0.7,bilinear,2,2,0.9974701404571533,1,False,0.25662482566248257,0.2594142259414226,0.7265625
7071,0,CF1,L5,0.7,bilinear,3,3,0.4417073428630829,1,False,0.2524407252440725,0.24546722454672246,0.6875
25299,0,CF1,L5,0.7,bilinear,4,4,0.9321661591529846,1,False,0.25662482566248257,0.23291492329149233,0.65234375
3393,0,CF1,L5,0.7,bilinear,0,0,0.7536610960960388,1,False,0.25662482566248257,0.24686192468619247,0.69140625
10532,0,CF1,L5,0.7,bilinear,8,9,0.3486458659172058,0,False,0.2398884239888424,0.2496513249651325,0.69921875
14271,0,CF1,L5,0.7,bilinear,3,3,0.8386416435241699,1,False,0.24267782426778242,0.23570432357043236,0.66015625
12814,0,CF1,L5,0.7,bilinear,4,4,0.9826979041099548,1,False,0.2217573221757322,0.23430962343096234,0.65625
1763,0,CF1,L5,0.7,bilinear,1,1,0.6834349632263184,1,False,0.24267782426778242,0.2524407252440725,0.70703125
2795,0,CF1,L5,0.7,bilinear,4,4,0.9669442772865295,1,False,0.2719665271966527,0.2524407252440725,0.70703125
5329,0,CF1,L5,0.7,bilinear,2,2,0.8572055101394653,1,False,0.2859135285913529,0.24686192468619247,0.69140625
11024,0,CF1,L5,0.7,bilinear,8,6,0.8862738609313965,0,False,0.25523012552301255,0.24267782426778242,0.6796875
23383,0,CF1,L5,0.7,bilinear,6,6,0.9395871758460999,1,False,0.2482566248256625,0.24407252440725244,0.68359375
582,0,CF1,L5,0.7,bilinear,2,2,0.7965372800827026,1,False,0.26359832635983266,0.24407252440725244,0.68359375
20037,0,CF1,L5,0.7,bilinear,5,5,0.8750572204589844,1,False,0.22733612273361228,0.2496513249651325,0.69921875
4876,0,CF1,L5,0.7,bilinear,3,3,0.752662181854248,1,False,0.23430962343096234,0.24267782426778242,0.6796875
16157,0,CF1,L5,0.7,bilinear,1,1,0.9988718628883362,1,False,0.2412831241283124,0.2594142259414226,0.7265625
24155,0,CF1,L5,0.7,bilinear,7,7,0.9995477795600891,1,False,0.24267782426778242,0.2524407252440725,0.70703125
21035,0,CF1,L5,0.7,bilinear,1,1,0.9993492960929871,1,False,0.2384937238493724,0.2510460251046025,0.703125
2530,0,CF1,L5,0.7,bilinear,2,2,0.6207061409950256,1,False,0.27615062761506276,0.24686192468619247,0.69140625
20951,0,CF1,L5,0.7,bilinear,4,4,0.9571537971496582,1,False,0.2580195258019526,0.24686192468619247,0.69140625
9752,0,CF1,L5,0.7,bilinear,9,9,0.6523213386535645,1,False,0.26359832635983266,0.24407252440725244,0.68359375
20362,0,CF1,L5,0.7,bilinear,9,8,0.5159718990325928,0,False,0.2510460251046025,0.2580195258019526,0.72265625
5669,0,CF1,L5,0.7,bilinear,2,2,0.8735315203666687,1,False,0.26220362622036264,0.24407252440725244,0.68359375
9395,0,CF1,L5,0.7,bilinear,6,6,0.7716144323348999,1,False,0.2398884239888424,0.25383542538354253,0.7109375
22115,0,CF1,L5,0.7,bilinear,2,2,0.4921724498271942,1,False,0.25383542538354253,0.24267782426778242,0.6796875
3784,0,CF1,L5,0.7,bilinear,5,5,0.6194721460342407,1,False,0.2412831241283124,0.2524407252440725,0.70703125
15518,0,CF1,L5,0.7,bilinear,1,1,0.9299773573875427,1,False,0.28172942817294283,0.26778242677824265,0.75
22913,0,CF1,L5,0.7,bilinear,1,1,0.7323472499847412,1,False,0.25523012552301255,0.2691771269177127,0.75390625
22485,0,CF1,L5,0.7,bilinear,8,8,0.9810616374015808,1,False,0.19525801952580196,0.2524407252440725,0.70703125
14166,0,CF1,L5,0.7,bilinear,9,9,0.5197682976722717,1,False,0.2384937238493724,0.27475592747559274,0.76953125
4606,0,CF1,L5,0.7,bilinear,8,8,0.2811811864376068,1,False,0.26220362622036264,0.24546722454672246,0.6875
12043,0,CF1,L5,0.7,bilinear,8,8,0.17251327633857727,1,False,0.26359832635983266,0.24267782426778242,0.6796875
20255,0,CF1,L5,0.7,bilinear,9,9,0.9409527778625488,1,False,0.26220362622036264,0.2384937238493724,0.66796875
21390,0,CF1,L5,0.7,bilinear,8,8,0.5324036478996277,1,False,0.27475592747559274,0.22873082287308227,0.640625
13388,0,CF1,L5,0.7,bilinear,6,6,0.88322913646698,1,False,0.23570432357043236,0.23570432357043236,0.66015625
9382,0,CF1,L5,0.7,bilinear,0,0,0.9989796280860901,1,False,0.2398884239888424,0.2482566248256625,0.6953125
11878,0,CF1,L5,0.7,bilinear,4,4,0.9947633743286133,1,False,0.23430962343096234,0.2649930264993027,0.7421875
10774,0,CF1,L5,0.7,bilinear,1,1,0.998193085193634,1,False,0.2482566248256625,0.24267782426778242,0.6796875
2211,0,CF1,L5,0.7,bilinear,4,4,0.9975742697715759,1,False,0.24686192468619247,0.2496513249651325,0.69921875
22804,0,CF1,L5,0.7,bilinear,1,1,0.9759962558746338,1,False,0.26638772663877264,0.2524407252440725,0.70703125
17903,0,CF1,L5,0.7,bilinear,3,0,0.5451344847679138,0,False,0.25523012552301255,0.2482566248256625,0.6953125
16889,0,CF1,L5,0.7,bilinear,1,1,0.5838766694068909,1,False,0.25523012552301255,0.2482566248256625,0.6953125
3013,0,CF1,L5,0.7,bilinear,8,8,0.8013012409210205,1,False,0.24407252440725244,0.25523012552301255,0.71484375
19919,0,CF1,L5,0.7,bilinear,8,8,0.4618717432022095,1,False,0.26359832635983266,0.23570432357043236,0.66015625
7911,0,CF1,L5,0.7,bilinear,0,0,0.48168709874153137,1,False,0.27475592747559274,0.2510460251046025,0.703125
6473,0,CF1,L5,0.7,bilinear,5,5,0.9393087029457092,1,False,0.25523012552301255,0.2524407252440725,0.70703125
14963,0,CF1,L5,0.7,bilinear,2,2,0.8999336957931519,1,False,0.21617852161785217,0.24407252440725244,0.68359375
3189,0,CF1,L5,0.7,bilinear,3,3,0.47768673300743103,1,False,0.24407252440725244,0.2384937238493724,0.66796875
21433,0,CF1,L5,0.7,bilinear,6,6,0.8137767314910889,1,False,0.23430962343096234,0.23570432357043236,0.66015625
21534,0,CF1,L5,0.7,bilinear,9,9,0.9995294809341431,1,False,0.2384937238493724,0.2496513249651325,0.69921875
4378,0,CF1,L5,0.7,bilinear,4,4,0.7731876373291016,1,False,0.26638772663877264,0.25662482566248257,0.71875
4179,0,CF1,L5,0.7,bilinear,3,3,0.9998549222946167,1,False,0.2580195258019526,0.2510460251046025,0.703125
20275,0,CF1,L5,0.7,bilinear,7,7,0.8529789447784424,1,False,0.2412831241283124,0.2580195258019526,0.72265625
724,0,CF1,L5,0.7,bilinear,4,4,0.8678030967712402,1,False,0.24407252440725244,0.2608089260808926,0.73046875
15532,0,CF1,L5,0.7,bilinear,5,5,0.9882336854934692,1,False,0.2496513249651325,0.24407252440725244,0.68359375
7808,0,CF1,L5,0.7,bilinear,4,3,0.4014366567134857,0,False,0.24686192468619247,0.2580195258019526,0.72265625
3185,0,CF1,L5,0.7,bilinear,7,7,0.9909891486167908,1,False,0.2691771269177127,0.2594142259414226,0.7265625
8217,0,CF1,L5,0.7,bilinear,5,3,0.5562237501144409,0,False,0.2705718270571827,0.2594142259414226,0.7265625
15284,0,CF1,L5,0.7,bilinear,2,2,0.9919887185096741,1,False,0.22733612273361228,0.2496513249651325,0.69921875
2195,0,CF1,L5,0.7,bilinear,1,1,0.8445344567298889,1,False,0.24267782426778242,0.24407252440725244,0.68359375
21296,0,CF1,L5,0.7,bilinear,0,5,0.26851266622543335,0,False,0.26778242677824265,0.2594142259414226,0.7265625
14286,0,CF1,L5,0.7,bilinear,3,3,0.9841291904449463,1,False,0.26220362622036264,0.2510460251046025,0.703125
4261,0,CF1,L5,0.7,bilinear,0,0,0.9986370205879211,1,False,0.23709902370990238,0.23709902370990238,0.6640625
24480,0,CF1,L5,0.7,bilinear,2,2,0.9985009431838989,1,False,0.23570432357043236,0.2608089260808926,0.73046875
23581,0,CF1,L5,0.7,bilinear,7,7,0.9846280813217163,1,False,0.26778242677824265,0.2496513249651325,0.69921875
24364,0,CF1,L5,0.7,bilinear,7,7,0.9949331879615784,1,False,0.24546722454672246,0.2649930264993027,0.7421875
4259,0,CF1,L5,0.7,bilinear,4,4,0.8315013647079468,1,False,0.28730822873082285,0.24686192468619247,0.69140625
4323,0,CF1,L5,0.7,bilinear,8,8,0.7153505086898804,1,False,0.2398884239888424,0.23709902370990238,0.6640625
26017,0,CF1,L5,0.7,bilinear,2,2,0.99993896484375,1,False,0.2398884239888424,0.25523012552301255,0.71484375
4055,0,CF1,L5,0.7,bilinear,9,5,0.45651280879974365,0,False,0.2412831241283124,0.2580195258019526,0.72265625
23968,0,CF1,L5,0.7,bilinear,6,6,0.9606282114982605,1,False,0.27615062761506276,0.25383542538354253,0.7109375
4914,0,CF1,L5,0.7,bilinear,2,2,0.9958949089050293,1,False,0.24546722454672246,0.2482566248256625,0.6953125
17310,0,CF1,L5,0.7,bilinear,7,7,0.24701690673828125,1,False,0.2705718270571827,0.23291492329149233,0.65234375
14981,0,CF1,L5,0.7,bilinear,2,2,0.528488039970398,1,False,0.26778242677824265,0.25523012552301255,0.71484375
7511,0,CF1,L5,0.7,bilinear,6,6,0.828073263168335,1,False,0.2524407252440725,0.26638772663877264,0.74609375
4136,0,CF1,L5,0.7,bilinear,9,9,0.9834278225898743,1,False,0.2315202231520223,0.2398884239888424,0.671875
8043,0,CF1,L5,0.7,bilinear,2,2,0.9801009893417358,1,False,0.24686192468619247,0.2510460251046025,0.703125
14360,0,CF1,L5,0.7,bilinear,4,4,0.990753173828125,1,False,0.2412831241283124,0.25523012552301255,0.71484375
6364,0,CF1,L5,0.7,bilinear,0,0,0.989896297454834,1,False,0.2705718270571827,0.23709902370990238,0.6640625
8827,0,CF1,L5,0.7,bilinear,4,4,0.9468162059783936,1,False,0.26638772663877264,0.25383542538354253,0.7109375
24886,0,CF1,L5,0.7,bilinear,9,2,0.991925060749054,0,False,0.26220362622036264,0.24407252440725244,0.68359375
21392,0,CF1,L5,0.7,bilinear,2,2,0.9891091585159302,1,False,0.26220362622036264,0.25383542538354253,0.7109375
18654,0,CF1,L5,0.7,bilinear,6,6,0.900841474533081,1,False,0.2594142259414226,0.2482566248256625,0.6953125
21766,0,CF1,L5,0.7,bilinear,1,1,0.646145761013031,1,False,0.23709902370990238,0.26220362622036264,0.734375
25433,0,CF1,L5,0.7,bilinear,8,4,0.4885730743408203,0,False,0.2691771269177127,0.2482566248256625,0.6953125
10927,0,CF1,L5,0.7,bilinear,8,1,0.8490322232246399,0,False,0.24267782426778242,0.25523012552301255,0.71484375
14092,0,CF1,L5,0.7,bilinear,6,6,0.9984116554260254,1,False,0.2315202231520223,0.2482566248256625,0.6953125
20936,0,CF1,L5,0.7,bilinear,9,6,0.47581446170806885,0,False,0.25523012552301255,0.24686192468619247,0.69140625
23711,0,CF1,L5,0.7,bilinear,4,4,0.9514767527580261,1,False,0.23709902370990238,0.24267782426778242,0.6796875
19260,0,CF1,L5,0.7,bilinear,7,7,0.9035317897796631,1,False,0.2719665271966527,0.2594142259414226,0.7265625
17360,0,CF1,L5,0.7,bilinear,3,3,0.9476231932640076,1,False,0.23709902370990238,0.26220362622036264,0.734375
965,0,CF1,L5,0.7,bilinear,0,0,0.7632773518562317,1,False,0.2398884239888424,0.2510460251046025,0.703125
463,0,CF1,L5,0.7,bilinear,6,9,0.36338290572166443,0,False,0.25662482566248257,0.25523012552301255,0.71484375
8945,0,CF1,L5,0.7,bilinear,6,6,0.5532723665237427,1,False,0.2384937238493724,0.2482566248256625,0.6953125
14090,0,CF1,L5,0.7,bilinear,2,2,0.9964004755020142,1,False,0.25383542538354253,0.2524407252440725,0.70703125
8479,0,CF1,L5,0.7,bilinear,9,9,0.9943665862083435,1,False,0.24407252440725244,0.2496513249651325,0.69921875
24477,0,CF1,L5,0.7,bilinear,2,2,0.9932428002357483,1,False,0.24407252440725244,0.24546722454672246,0.6875
8195,0,CF1,L5,0.7,bilinear,0,0,0.9986322522163391,1,False,0.26638772663877264,0.2384937238493724,0.66796875
1773,0,CF1,L5,0.7,bilinear,0,0,0.6213215589523315,1,False,0.2482566248256625,0.24686192468619247,0.69140625
11776,0,CF1,L5,0.7,bilinear,2,2,0.3958137333393097,1,False,0.23570432357043236,0.25662482566248257,0.71875
3313,0,CF1,L5,0.7,bilinear,6,6,0.9826399683952332,1,False,0.2775453277545328,0.24407252440725244,0.68359375
5424,0,CF1,L5,0.7,bilinear,9,9,0.8388846516609192,1,False,0.2510460251046025,0.26638772663877264,0.74609375
19606,0,CF1,L5,0.7,bilinear,2,2,0.9022324085235596,1,False,0.26220362622036264,0.24267782426778242,0.6796875
10110,0,CF1,L5,0.7,bilinear,9,9,0.9773624539375305,1,False,0.2315202231520223,0.2482566248256625,0.6953125
22872,0,CF1,L5,0.7,bilinear,6,7,0.9195479154586792,0,False,0.22454672245467225,0.25383542538354253,0.7109375
7573,0,CF1,L5,0.7,bilinear,1,1,0.9967316389083862,1,False,0.22315202231520223,0.2608089260808926,0.73046875
7105,0,CF1,L5,0.7,bilinear,3,3,0.9961608648300171,1,False,0.25383542538354253,0.24686192468619247,0.69140625
18854,0,CF1,L5,0.7,bilinear,1,1,0.9593189358711243,1,False,0.23709902370990238,0.24686192468619247,0.69140625
14576,0,CF1,L5,0.7,bilinear,9,9,0.999514102935791,1,False,0.2580195258019526,0.23709902370990238,0.6640625
9376,0,CF1,L5,0.7,bilinear,0,0,0.9681845903396606,1,False,0.23570432357043236,0.24686192468619247,0.69140625
20128,0,CF1,L5,0.7,bilinear,8,8,0.995704710483551,1,False,0.2482566248256625,0.24686192468619247,0.69140625
24854,0,CF1,L5,0.7,bilinear,9,9,0.999810516834259,1,False,0.23570432357043236,0.2398884239888424,0.671875
4937,0,CF1,L5,0.7,bilinear,2,2,0.631003201007843,1,False,0.27475592747559274,0.24407252440725244,0.68359375
338,0,CF1,L5,0.7,bilinear,3,3,0.9632934331893921,1,False,0.2524407252440725,0.2608089260808926,0.73046875
9981,0,CF1,L5,0.7,bilinear,3,3,0.6675758361816406,1,False,0.2398884239888424,0.24686192468619247,0.69140625
6665,0,CF1,L5,0.7,bilinear,8,8,0.9493837952613831,1,False,0.2649930264993027,0.26359832635983266,0.73828125
6704,0,CF1,L5,0.7,bilinear,0,0,0.9473977088928223,1,False,0.2482566248256625,0.23291492329149233,0.65234375
23255,0,CF1,L5,0.7,bilinear,2,2,0.9998317956924438,1,False,0.26778242677824265,0.26778242677824265,0.75
5355,0,CF1,L5,0.7,bilinear,5,5,0.9389087557792664,1,False,0.2482566248256625,0.2524407252440725,0.70703125
22422,0,CF1,L5,0.7,bilinear,1,1,0.8916128873825073,1,False,0.2412831241283124,0.2580195258019526,0.72265625
7367,0,CF1,L5,0.7,bilinear,9,9,0.8380316495895386,1,False,0.24407252440725244,0.2594142259414226,0.7265625
13489,0,CF1,L5,0.7,bilinear,7,1,0.48494452238082886,0,False,0.2384937238493724,0.2580195258019526,0.72265625
20955,0,CF1,L5,0.7,bilinear,7,7,0.9788123965263367,1,False,0.2384937238493724,0.25662482566248257,0.71875
25439,0,CF1,L5,0.7,bilinear,9,9,0.9999644756317139,1,False,0.27475592747559274,0.24686192468619247,0.69140625
12711,0,CF1,L5,0.7,bilinear,8,8,0.703416109085083,1,False,0.2594142259414226,0.25523012552301255,0.71484375
7671,0,CF1,L5,0.7,bilinear,6,6,0.5994643568992615,1,False,0.2510460251046025,0.2691771269177127,0.75390625
20420,0,CF1,L5,0.7,bilinear,8,6,0.46886032819747925,0,False,0.24686192468619247,0.2524407252440725,0.70703125
12630,0,CF1,L5,0.7,bilinear,2,8,0.3417930603027344,0,False,0.2496513249651325,0.2649930264993027,0.7421875
21394,0,CF1,L5,0.7,bilinear,1,1,0.9237048625946045,1,False,0.27475592747559274,0.2510460251046025,0.703125
7095,0,CF1,L5,0.7,bilinear,1,1,0.8650446534156799,1,False,0.26778242677824265,0.2412831241283124,0.67578125
11532,0,CF1,L5,0.7,bilinear,9,9,0.7607576251029968,1,False,0.26359832635983266,0.24267782426778242,0.6796875
2853,0,CF1,L5,0.7,bilinear,3,3,0.999541163444519,1,False,0.25662482566248257,0.2398884239888424,0.671875
13487,0,CF1,L5,0.7,bilinear,0,0,0.9825922250747681,1,False,0.24686192468619247,0.2510460251046025,0.703125
9350,0,CF1,L5,0.7,bilinear,9,9,0.9801968336105347,1,False,0.2510460251046025,0.2398884239888424,0.671875
24164,0,CF1,L5,0.7,bilinear,4,4,0.9424636363983154,1,False,0.2412831241283124,0.2315202231520223,0.6484375
23155,0,CF1,L5,0.7,bilinear,7,7,0.9466208815574646,1,False,0.24546722454672246,0.24546722454672246,0.6875
1588,0,CF1,L5,0.7,bilinear,8,3,0.4292231798171997,0,False,0.25523012552301255,0.25523012552301255,0.71484375
5400,0,CF1,L5,0.7,bilinear,5,5,0.4443330466747284,1,False,0.25523012552301255,0.25523012552301255,0.71484375
8913,0,CF1,L5,0.7,bilinear,6,6,0.9753956198692322,1,False,0.26638772663877264,0.24546722454672246,0.6875
4990,0,CF1,L5,0.7,bilinear,8,2,0.6149471402168274,0,False,0.2496513249651325,0.2510460251046025,0.703125
13364,0,CF1,L5,0.7,bilinear,7,7,0.9994943141937256,1,False,0.2691771269177127,0.2412831241283124,0.67578125
1157,0,CF1,L5,0.7,bilinear,1,1,0.9483927488327026,1,False,0.2524407252440725,0.2384937238493724,0.66796875
19432,0,CF1,L5,0.7,bilinear,6,6,0.9970914125442505,1,False,0.2705718270571827,0.25662482566248257,0.71875
24861,0,CF1,L5,0.7,bilinear,1,1,0.8758893609046936,1,False,0.24546722454672246,0.24686192468619247,0.69140625
16303,0,CF1,L5,0.7,bilinear,0,9,0.6016111969947815,0,False,0.26638772663877264,0.2524407252440725,0.70703125
23675,0,CF1,L5,0.7,bilinear,1,1,0.9825916290283203,1,False,0.24407252440725244,0.25523012552301255,0.71484375
10816,0,CF1,L5,0.7,bilinear,5,5,0.9268150925636292,1,False,0.2496513249651325,0.2384937238493724,0.66796875
25683,0,CF1,L5,0.7,bilinear,7,7,0.9971670508384705,1,False,0.24407252440725244,0.24546722454672246,0.6875
6680,0,CF1,L5,0.7,bilinear,7,7,0.8010169267654419,1,False,0.2412831241283124,0.2412831241283124,0.67578125
15541,0,CF1,L5,0.7,bilinear,1,1,0.8383464813232422,1,False,0.2510460251046025,0.23430962343096234,0.65625
129,0,CF1,L5,0.7,bilinear,9,9,0.9422451853752136,1,False,0.22315202231520223,0.26359832635983266,0.73828125
10977,0,CF1,L5,0.7,bilinear,5,5,0.9802947640419006,1,False,0.28172942817294283,0.24546722454672246,0.6875
7518,0,CF1,L5,0.7,bilinear,5,5,0.6858283281326294,1,False,0.2175732217573222,0.2608089260808926,0.73046875
15350,0,CF1,L5,0.7,bilinear,0,0,0.9735884070396423,1,False,0.2384937238493724,0.2524407252440725,0.70703125
4712,0,CF1,L5,0.7,bilinear,2,2,0.9984832406044006,1,False,0.26638772663877264,0.2510460251046025,0.703125
3234,0,CF1,L5,0.7,bilinear,1,1,0.9333069920539856,1,False,0.2608089260808926,0.26220362622036264,0.734375
21292,0,CF1,L5,0.7,bilinear,8,6,0.6250937581062317,0,False,0.25662482566248257,0.24407252440725244,0.68359375
6439,0,CF1,L5,0.7,bilinear,6,8,0.7648481726646423,0,False,0.25383542538354253,0.25662482566248257,0.71875
16930,0,CF1,L5,0.7,bilinear,4,4,0.7212722897529602,1,False,0.25383542538354253,0.23709902370990238,0.6640625
25255,0,CF1,L5,0.7,bilinear,6,2,0.44585710763931274,0,False,0.2496513249651325,0.2510460251046025,0.703125
5562,0,CF1,L5,0.7,bilinear,6,6,0.9981762170791626,1,False,0.2691771269177127,0.2580195258019526,0.72265625
20888,0,CF1,L5,0.7,bilinear,6,6,0.4760627746582031,1,False,0.24267782426778242,0.25383542538354253,0.7109375
17907,0,CF1,L5,0.7,bilinear,0,0,0.9788069128990173,1,False,0.2649930264993027,0.2524407252440725,0.70703125
15282,0,CF1,L5,0.7,bilinear,5,6,0.5545765161514282,0,False,0.25383542538354253,0.25662482566248257,0.71875
9564,0,CF1,L5,0.7,bilinear,5,5,0.9915615916252136,1,False,0.2482566248256625,0.25662482566248257,0.71875
2105,0,CF1,L5,0.7,bilinear,5,5,0.572982907295227,1,False,0.2580195258019526,0.24686192468619247,0.69140625
2188,0,CF1,L5,0.7,bilinear,5,5,0.9742214679718018,1,False,0.25523012552301255,0.24686192468619247,0.69140625
10587,0,CF1,L5,0.7,bilinear,9,9,0.960686981678009,1,False,0.26220362622036264,0.24686192468619247,0.69140625
20421,0,CF1,L5,0.7,bilinear,8,9,0.7613650560379028,0,False,0.2315202231520223,0.25383542538354253,0.7109375
23070,0,CF1,L5,0.7,bilinear,0,0,0.9974272847175598,1,False,0.2914923291492329,0.2496513249651325,0.69921875
19127,0,CF1,L5,0.7,bilinear,6,6,0.9081906080245972,1,False,0.2803347280334728,0.26359832635983266,0.73828125
7302,0,CF1,L5,0.7,bilinear,3,3,0.9913384914398193,1,False,0.26220362622036264,0.2496513249651325,0.69921875
8409,0,CF1,L5,0.7,bilinear,4,4,0.9947056174278259,1,False,0.28312412831241285,0.23709902370990238,0.6640625
11086,0,CF1,L5,0.7,bilinear,7,7,0.9617951512336731,1,False,0.2510460251046025,0.26359832635983266,0.73828125
17122,0,CF1,L5,0.7,bilinear,5,5,0.998847246170044,1,False,0.21338912133891214,0.25383542538354253,0.7109375
3555,0,CF1,L5,0.7,bilinear,2,2,0.9994702935218811,1,False,0.25383542538354253,0.2412831241283124,0.67578125
19437,0,CF1,L5,0.7,bilinear,4,4,0.671416699886322,1,False,0.24267782426778242,0.2580195258019526,0.72265625
594,0,CF1,L5,0.7,bilinear,9,9,0.9888184666633606,1,False,0.21617852161785217,0.25383542538354253,0.7109375
21863,0,CF1,L5,0.7,bilinear,3,3,0.9888472557067871,1,False,0.26359832635983266,0.2482566248256625,0.6953125
19765,0,CF1,L5,0.7,bilinear,5,5,0.9917423725128174,1,False,0.2384937238493724,0.2482566248256625,0.6953125
16909,0,CF1,L5,0.7,bilinear,2,2,0.9708093404769897,1,False,0.24267782426778242,0.2510460251046025,0.703125
21154,0,CF1,L5,0.7,bilinear,7,7,0.9987123012542725,1,False,0.26220362622036264,0.25383542538354253,0.7109375
18615,0,CF1,L5,0.7,bilinear,7,7,0.9638090133666992,1,False,0.22733612273361228,0.25523012552301255,0.71484375
18171,0,CF1,L5,0.7,bilinear,7,7,0.9999587535858154,1,False,0.24267782426778242,0.2412831241283124,0.67578125
24434,0,CF1,L5,0.7,bilinear,5,5,0.7751017808914185,1,False,0.2594142259414226,0.2649930264993027,0.7421875
9664,0,CF1,L5,0.7,bilinear,0,0,0.9853949546813965,1,False,0.21896792189679218,0.23709902370990238,0.6640625
2013,0,CF1,L5,0.7,bilinear,5,5,0.9735259413719177,1,False,0.28172942817294283,0.2594142259414226,0.7265625
13537,0,CF1,L5,0.7,bilinear,4,0,0.6119548678398132,0,False,0.24407252440725244,0.24407252440725244,0.68359375
23942,0,CF1,L5,0.7,bilinear,9,6,0.31314384937286377,0,False,0.2705718270571827,0.2496513249651325,0.69921875
12415,0,CF1,L5,0.7,bilinear,4,4,0.6172307133674622,1,False,0.25383542538354253,0.23570432357043236,0.66015625
13735,0,CF1,L5,0.7,bilinear,0,6,0.5486381649971008,0,False,0.24686192468619247,0.25523012552301255,0.71484375
6873,0,CF1,L5,0.7,bilinear,1,1,0.9965757727622986,1,False,0.2594142259414226,0.23430962343096234,0.65625
16233,0,CF1,L5,0.7,bilinear,2,2,0.9676808714866638,1,False,0.21617852161785217,0.2580195258019526,0.72265625
13108,0,CF1,L5,0.7,bilinear,5,5,0.5734238028526306,1,False,0.2719665271966527,0.24267782426778242,0.6796875
18114,0,CF1,L5,0.7,bilinear,7,7,0.9945822358131409,1,False,0.2510460251046025,0.2398884239888424,0.671875
25318,0,CF1,L5,0.7,bilinear,0,1,0.2707812190055847,0,False,0.22594142259414227,0.24407252440725244,0.68359375
22387,0,CF1,L5,0.7,bilinear,7,7,0.9629268050193787,1,False,0.21338912133891214,0.2580195258019526,0.72265625
19911,0,CF1,L5,0.7,bilinear,7,7,0.8205441832542419,1,False,0.2398884239888424,0.24407252440725244,0.68359375
9953,0,CF1,L5,0.7,bilinear,2,2,0.9862205982208252,1,False,0.2203626220362622,0.2496513249651325,0.69921875
18500,0,CF1,L5,0.7,bilinear,1,1,0.9897671341896057,1,False,0.2649930264993027,0.24267782426778242,0.6796875
12463,0,CF1,L5,0.7,bilinear,2,5,0.5393902063369751,0,False,0.2705718270571827,0.24686192468619247,0.69140625
12143,0,CF1,L5,0.7,bilinear,8,8,0.9055280089378357,1,False,0.23430962343096234,0.25523012552301255,0.71484375
14588,0,CF1,L5,0.7,bilinear,8,8,0.8981595635414124,1,False,0.2315202231520223,0.25523012552301255,0.71484375
22152,0,CF1,L5,0.7,bilinear,2,2,0.9236013889312744,1,False,0.25383542538354253,0.2412831241283124,0.67578125
16563,0,CF1,L5,0.7,bilinear,4,4,0.6296831369400024,1,False,0.2775453277545328,0.24546722454672246,0.6875
25225,0,CF1,L5,0.7,bilinear,9,9,0.8923189043998718,1,False,0.2594142259414226,0.2384937238493724,0.66796875
1161,0,CF1,L5,0.7,bilinear,2,4,0.34188637137413025,0,False,0.28312412831241285,0.2691771269177127,0.75390625
9891,0,CF1,L5,0.7,bilinear,5,5,0.8979644775390625,1,False,0.2719665271966527,0.24407252440725244,0.68359375
18833,0,CF1,L5,0.7,bilinear,2,2,0.9322408437728882,1,False,0.2510460251046025,0.2398884239888424,0.671875
6162,0,CF1,L5,0.7,bilinear,2,2,0.8735790848731995,1,False,0.2900976290097629,0.2524407252440725,0.70703125
22638,0,CF1,L5,0.7,bilinear,0,0,0.684970498085022,1,False,0.25662482566248257,0.2412831241283124,0.67578125
6112,0,CF1,L5,0.7,bilinear,6,6,0.7321420907974243,1,False,0.2482566248256625,0.2482566248256625,0.6953125
24259,0,CF1,L5,0.7,bilinear,9,9,0.8873164653778076,1,False,0.2524407252440725,0.2580195258019526,0.72265625
18029,0,CF1,L5,0.7,bilinear,2,2,0.9736972451210022,1,False,0.23430962343096234,0.24267782426778242,0.6796875
13233,0,CF1,L5,0.7,bilinear,0,0,0.8789684176445007,1,False,0.26220362622036264,0.2496513249651325,0.69921875
22560,0,CF1,L5,0.7,bilinear,3,3,0.482033371925354,1,False,0.24546722454672246,0.24546722454672246,0.6875
17100,0,CF1,L5,0.7,bilinear,7,7,0.9770405292510986,1,False,0.23291492329149233,0.25383542538354253,0.7109375
13394,0,CF1,L5,0.7,bilinear,7,7,0.8296107053756714,1,False,0.22733612273361228,0.2496513249651325,0.69921875
25173,0,CF1,L5,0.7,bilinear,3,7,0.4723529815673828,0,False,0.23570432357043236,0.23291492329149233,0.65234375
17342,0,CF1,L5,0.7,bilinear,4,4,0.9957177042961121,1,False,0.25523012552301255,0.23430962343096234,0.65625
5881,0,CF1,L5,0.7,bilinear,1,1,0.9697363376617432,1,False,0.2608089260808926,0.2496513249651325,0.69921875
16982,0,CF1,L5,0.7,bilinear,3,9,0.42213302850723267,0,False,0.29707112970711297,0.24546722454672246,0.6875
12959,0,CF1,L5,0.7,bilinear,2,2,0.9828013777732849,1,False,0.26359832635983266,0.2594142259414226,0.7265625
3410,0,CF1,L5,0.7,bilinear,2,2,0.9956069588661194,1,False,0.24407252440725244,0.2510460251046025,0.703125
1939,0,CF1,L5,0.7,bilinear,2,2,0.9998764991760254,1,False,0.26220362622036264,0.2510460251046025,0.703125
13563,0,CF1,L5,0.7,bilinear,4,2,0.5016880631446838,0,False,0.23291492329149233,0.2496513249651325,0.69921875
9659,0,CF1,L5,0.7,bilinear,4,1,0.7718687057495117,0,False,0.26220362622036264,0.26359832635983266,0.73828125
23588,0,CF1,L5,0.7,bilinear,9,9,0.9839200377464294,1,False,0.2649930264993027,0.25523012552301255,0.71484375
12156,0,CF1,L5,0.7,bilinear,9,9,0.639604389667511,1,False,0.28451882845188287,0.2510460251046025,0.703125
24790,0,CF1,L5,0.7,bilinear,4,4,0.4359322786331177,1,False,0.2803347280334728,0.25523012552301255,0.71484375
894,0,CF1,L5,0.7,bilinear,8,8,0.8059646487236023,1,False,0.28451882845188287,0.26638772663877264,0.74609375
13738,0,CF1,L5,0.7,bilinear,7,7,0.9978541731834412,1,False,0.2691771269177127,0.24407252440725244,0.68359375
20555,0,CF1,L5,0.7,bilinear,5,5,0.8403215408325195,1,False,0.2398884239888424,0.23430962343096234,0.65625
20457,0,CF1,L5,0.7,bilinear,3,1,0.6400006413459778,0,False,0.2398884239888424,0.2524407252440725,0.70703125
24842,0,CF1,L5,0.7,bilinear,3,3,0.32690927386283875,1,False,0.24546722454672246,0.2524407252440725,0.70703125
11390,0,CF1,L5,0.7,bilinear,9,8,0.33188769221305847,0,False,0.26359832635983266,0.24267782426778242,0.6796875
2665,0,CF1,L5,0.7,bilinear,9,9,0.9303399324417114,1,False,0.2496513249651325,0.2705718270571827,0.7578125
24741,0,CF1,L5,0.7,bilinear,8,8,0.7857452034950256,1,False,0.24686192468619247,0.2412831241283124,0.67578125
17634,0,CF1,L5,0.7,bilinear,8,5,0.5131283402442932,0,False,0.24267782426778242,0.24686192468619247,0.69140625
16599,0,CF1,L5,0.7,bilinear,1,1,0.9750729203224182,1,False,0.24267782426778242,0.2608089260808926,0.73046875
19330,0,CF1,L5,0.7,bilinear,7,7,0.7757968306541443,1,False,0.25523012552301255,0.2510460251046025,0.703125
3257,0,CF1,L5,0.7,bilinear,1,1,0.9727815985679626,1,False,0.24686192468619247,0.25383542538354253,0.7109375
1114,0,CF1,L5,0.7,bilinear,9,9,0.9990420937538147,1,False,0.25662482566248257,0.2733612273361227,0.765625
11738,0,CF1,L5,0.7,bilinear,8,8,0.5353444218635559,1,False,0.24686192468619247,0.25383542538354253,0.7109375
13077,0,CF1,L5,0.7,bilinear,8,8,0.9996964931488037,1,False,0.2496513249651325,0.24686192468619247,0.69140625
5168,0,CF1,L5,0.7,bilinear,3,4,0.6869367361068726,0,False,0.25523012552301255,0.24546722454672246,0.6875
26013,0,CF1,L5,0.7,bilinear,8,8,0.9414203763008118,1,False,0.24267782426778242,0.24546722454672246,0.6875
5611,0,CF1,L5,0.7,bilinear,7,7,0.9910904169082642,1,False,0.27615062761506276,0.2496513249651325,0.69921875
9389,0,CF1,L5,0.7,bilinear,6,6,0.926585853099823,1,False,0.2580195258019526,0.2649930264993027,0.7421875
25070,0,CF1,L5,0.7,bilinear,2,2,0.9986830353736877,1,False,0.2594142259414226,0.26778242677824265,0.75
11322,0,CF1,L5,0.7,bilinear,8,8,0.8591267466545105,1,False,0.2775453277545328,0.2398884239888424,0.671875
3051,0,CF1,L5,0.7,bilinear,0,0,0.5739030241966248,1,False,0.23709902370990238,0.24407252440725244,0.68359375
18770,0,CF1,L5,0.7,bilinear,4,1,0.20592854917049408,0,False,0.2691771269177127,0.26359832635983266,0.73828125
14692,0,CF1,L5,0.7,bilinear,2,2,0.9753735065460205,1,False,0.2482566248256625,0.25383542538354253,0.7109375
4561,0,CF1,L5,0.7,bilinear,5,5,0.6969121098518372,1,False,0.2649930264993027,0.2608089260808926,0.73046875
16994,0,CF1,L5,0.7,bilinear,0,0,0.9998416900634766,1,False,0.2496513249651325,0.2510460251046025,0.703125
4156,0,CF1,L5,0.7,bilinear,5,5,0.248030424118042,1,False,0.25523012552301255,0.25523012552301255,0.71484375
5884,0,CF1,L5,0.7,bilinear,1,2,0.7428270578384399,0,False,0.22733612273361228,0.26638772663877264,0.74609375
18233,0,CF1,L5,0.7,bilinear,0,0,0.9904754757881165,1,False,0.2524407252440725,0.23430962343096234,0.65625
17044,0,CF1,L5,0.7,bilinear,6,6,0.9915354251861572,1,False,0.24267782426778242,0.25662482566248257,0.71875
18857,0,CF1,L5,0.7,bilinear,6,6,0.7201323509216309,1,False,0.24407252440725244,0.24407252440725244,0.68359375
21917,0,CF1,L5,0.7,bilinear,9,9,0.772898256778717,1,False,0.23709902370990238,0.2580195258019526,0.72265625
5054,0,CF1,L5,0.7,bilinear,3,9,0.8289406895637512,0,False,0.2580195258019526,0.26220362622036264,0.734375
7882,0,CF1,L5,0.7,bilinear,4,4,0.9115236401557922,1,False,0.22873082287308227,0.2594142259414226,0.7265625
15688,0,CF1,L5,0.7,bilinear,4,4,0.9999469518661499,1,False,0.2315202231520223,0.24267782426778242,0.6796875
5612,0,CF1,L5,0.7,bilinear,8,8,0.8912484645843506,1,False,0.2524407252440725,0.24686192468619247,0.69140625
13934,0,CF1,L5,0.7,bilinear,9,9,0.8562650084495544,1,False,0.28451882845188287,0.2412831241283124,0.67578125
16689,0,CF1,L5,0.7,bilinear,2,2,0.992570698261261,1,False,0.2510460251046025,0.23291492329149233,0.65234375
23844,0,CF1,L5,0.7,bilinear,6,6,0.9547629952430725,1,False,0.25523012552301255,0.2384937238493724,0.66796875
7944,0,CF1,L5,0.7,bilinear,7,7,0.8681485056877136,1,False,0.25383542538354253,0.25383542538354253,0.7109375
11370,0,CF1,L5,0.7,bilinear,8,8,0.995751142501831,1,False,0.25383542538354253,0.25523012552301255,0.71484375
24569,0,CF1,L5,0.7,bilinear,1,1,0.9998007416725159,1,False,0.25383542538354253,0.2398884239888424,0.671875
7529,0,CF1,L5,0.7,bilinear,5,5,0.9488060474395752,1,False,0.2691771269177127,0.2580195258019526,0.72265625
5092,0,CF1,L5,0.7,bilinear,2,2,0.9867304563522339,1,False,0.23709902370990238,0.2510460251046025,0.703125
20673,0,CF1,L5,0.7,bilinear,2,2,0.9998185038566589,1,False,0.2649930264993027,0.26778242677824265,0.75
10096,0,CF1,L5,0.7,bilinear,7,7,0.8789491653442383,1,False,0.25662482566248257,0.2384937238493724,0.66796875
2059,0,CF1,L5,0.7,bilinear,3,3,0.6773897409439087,1,False,0.22733612273361228,0.2608089260808926,0.73046875
19318,0,CF1,L5,0.7,bilinear,0,0,0.9966667294502258,1,False,0.2524407252440725,0.2482566248256625,0.6953125
12977,0,CF1,L5,0.7,bilinear,8,0,0.3450489342212677,0,False,0.2496513249651325,0.25383542538354253,0.7109375
17673,0,CF1,L5,0.7,bilinear,0,0,0.8350399732589722,1,False,0.26359832635983266,0.2315202231520223,0.6484375
18750,0,CF1,L5,0.7,bilinear,0,0,0.8392195701599121,1,False,0.2594142259414226,0.24407252440725244,0.68359375
16728,0,CF1,L5,0.7,bilinear,3,3,0.9610175490379333,1,False,0.2482566248256625,0.25523012552301255,0.71484375
14776,0,CF1,L5,0.7,bilinear,8,8,0.9691943526268005,1,False,0.24407252440725244,0.24546722454672246,0.6875
6941,0,CF1,L5,0.7,bilinear,9,9,0.9043868780136108,1,False,0.26359832635983266,0.26638772663877264,0.74609375
16787,0,CF1,L5,0.7,bilinear,6,8,0.89728844165802,0,False,0.2719665271966527,0.2496513249651325,0.69921875
25932,0,CF1,L5,0.7,bilinear,5,5,0.7391090989112854,1,False,0.2524407252440725,0.24686192468619247,0.69140625
614,0,CF1,L5,0.7,bilinear,0,0,0.5382314324378967,1,False,0.2719665271966527,0.25662482566248257,0.71875
25690,0,CF1,L5,0.7,bilinear,5,5,0.7631027698516846,1,False,0.2859135285913529,0.24686192468619247,0.69140625
25968,0,CF1,L5,0.7,bilinear,5,5,0.9836924076080322,1,False,0.24686192468619247,0.2496513249651325,0.69921875
20123,0,CF1,L5,0.7,bilinear,3,3,0.9490739107131958,1,False,0.21478382147838215,0.26220362622036264,0.734375
13341,0,CF1,L5,0.7,bilinear,5,5,0.899646520614624,1,False,0.2789400278940028,0.2510460251046025,0.703125
24697,0,CF1,L5,0.7,bilinear,4,4,0.9981529116630554,1,False,0.26359832635983266,0.2580195258019526,0.72265625
15157,0,CF1,L5,0.7,bilinear,6,6,0.4323063790798187,1,False,0.25523012552301255,0.24686192468619247,0.69140625
23115,0,CF1,L5,0.7,bilinear,1,0,0.6045769453048706,0,False,0.25662482566248257,0.25383542538354253,0.7109375
6396,0,CF1,L5,0.7,bilinear,0,0,0.9967451095581055,1,False,0.22454672245467225,0.2482566248256625,0.6953125
19142,0,CF1,L5,0.7,bilinear,4,4,0.6810839176177979,1,False,0.27615062761506276,0.22733612273361228,0.63671875
13157,0,CF1,L5,0.7,bilinear,3,3,0.7717953324317932,1,False,0.2384937238493724,0.25383542538354253,0.7109375
19866,0,CF1,L5,0.7,bilinear,1,1,0.9803652763366699,1,False,0.25523012552301255,0.24686192468619247,0.69140625
25996,0,CF1,L5,0.7,bilinear,8,8,0.9927670955657959,1,False,0.25383542538354253,0.24546722454672246,0.6875
25515,0,CF1,L5,0.7,bilinear,7,1,0.9470943808555603,0,False,0.2775453277545328,0.2384937238493724,0.66796875
12876,0,CF1,L5,0.7,bilinear,0,0,0.9913779497146606,1,False,0.2315202231520223,0.26220362622036264,0.734375
17565,0,CF1,L5,0.7,bilinear,6,6,0.9928072690963745,1,False,0.2524407252440725,0.25383542538354253,0.7109375
17511,0,CF1,L5,0.7,bilinear,4,4,0.5350887775421143,1,False,0.2733612273361227,0.2482566248256625,0.6953125
19996,0,CF1,L5,0.7,bilinear,0,0,0.9959898591041565,1,False,0.2649930264993027,0.2482566248256625,0.6953125
12807,0,CF1,L5,0.7,bilinear,1,1,0.9996275901794434,1,False,0.25523012552301255,0.2580195258019526,0.72265625
11001,0,CF1,L5,0.7,bilinear,9,9,0.8935112357139587,1,False,0.26359832635983266,0.24546722454672246,0.6875
13107,0,CF1,L5,0.7,bilinear,0,0,0.9979109168052673,1,False,0.27475592747559274,0.2608089260808926,0.73046875
12641,0,CF1,L5,0.7,bilinear,6,6,0.9911694526672363,1,False,0.25662482566248257,0.24267782426778242,0.6796875
22667,0,CF1,L5,0.7,bilinear,5,5,0.9945987462997437,1,False,0.2496513249651325,0.2524407252440725,0.70703125
7310,0,CF1,L5,0.7,bilinear,7,7,0.9570201635360718,1,False,0.2412831241283124,0.23430962343096234,0.65625
764,0,CF1,L5,0.7,bilinear,1,1,0.6297726035118103,1,False,0.24407252440725244,0.24546722454672246,0.6875
14813,0,CF1,L5,0.7,bilinear,4,4,0.9936595559120178,1,False,0.2510460251046025,0.2482566248256625,0.6953125
7132,0,CF1,L5,0.7,bilinear,2,2,0.9979985356330872,1,False,0.2705718270571827,0.24546722454672246,0.6875
23884,0,CF1,L5,0.7,bilinear,1,1,0.40363526344299316,1,False,0.23570432357043236,0.25383542538354253,0.7109375
22735,0,CF1,L5,0.7,bilinear,8,8,0.952035129070282,1,False,0.25523012552301255,0.24267782426778242,0.6796875
12483,0,CF1,L5,0.7,bilinear,2,2,0.9902976155281067,1,False,0.22454672245467225,0.2510460251046025,0.703125
10442,0,CF1,L5,0.7,bilinear,6,6,0.8085780739784241,1,False,0.2510460251046025,0.25523012552301255,0.71484375
3733,0,CF1,L5,0.7,bilinear,8,8,0.9856764078140259,1,False,0.25662482566248257,0.2594142259414226,0.7265625
20089,0,CF1,L5,0.7,bilinear,4,4,0.9157215356826782,1,False,0.2496513249651325,0.2524407252440725,0.70703125
20411,0,CF1,L5,0.7,bilinear,4,4,0.3979945480823517,1,False,0.2580195258019526,0.2482566248256625,0.6953125
10695,0,CF1,L5,0.7,bilinear,4,1,0.48286712169647217,0,False,0.2398884239888424,0.26220362622036264,0.734375
11992,0,CF1,L5,0.7,bilinear,2,2,0.9993577599525452,1,False,0.2524407252440725,0.24546722454672246,0.6875
20712,0,CF1,L5,0.7,bilinear,7,7,0.953039824962616,1,False,0.2580195258019526,0.24686192468619247,0.69140625
6518,0,CF1,L5,0.7,bilinear,8,8,0.6149885058403015,1,False,0.2928870292887029,0.2496513249651325,0.69921875
6015,0,CF1,L5,0.7,bilinear,9,9,0.6361107230186462,1,False,0.2719665271966527,0.2594142259414226,0.7265625
8396,0,CF1,L5,0.7,bilinear,5,2,0.7326408624649048,0,False,0.23430962343096234,0.2608089260808926,0.73046875
12097,0,CF1,L5,0.7,bilinear,9,9,0.9947458505630493,1,False,0.2789400278940028,0.2496513249651325,0.69921875
12565,0,CF1,L5,0.7,bilinear,2,2,0.9599901437759399,1,False,0.26778242677824265,0.24407252440725244,0.68359375
22474,0,CF1,L5,0.7,bilinear,4,4,0.4882970154285431,1,False,0.26220362622036264,0.26778242677824265,0.75
25110,0,CF1,L5,0.7,bilinear,9,9,0.9917848110198975,1,False,0.2775453277545328,0.25383542538354253,0.7109375
8275,0,CF1,L5,0.7,bilinear,8,8,0.9727353453636169,1,False,0.24407252440725244,0.2524407252440725,0.70703125
3871,0,CF1,L5,0.7,bilinear,1,1,0.8721451759338379,1,False,0.2315202231520223,0.24407252440725244,0.68359375
24639,0,CF1,L5,0.7,bilinear,2,2,0.9986028075218201,1,False,0.2482566248256625,0.2580195258019526,0.72265625
15979,0,CF1,L5,0.7,bilinear,3,3,0.6242108345031738,1,False,0.22454672245467225,0.24267782426778242,0.6796875
24513,0,CF1,L5,0.7,bilinear,6,6,0.9977352619171143,1,False,0.2482566248256625,0.2412831241283124,0.67578125
10926,0,CF1,L5,0.7,bilinear,7,7,0.9382731914520264,1,False,0.2398884239888424,0.23291492329149233,0.65234375
25564,0,CF1,L5,0.7,bilinear,0,0,0.8519834876060486,1,False,0.23430962343096234,0.24546722454672246,0.6875
2118,0,CF1,L5,0.7,bilinear,0,0,0.8463928699493408,1,False,0.2580195258019526,0.23709902370990238,0.6640625
4358,0,CF1,L5,0.7,bilinear,9,2,0.3359473943710327,0,False,0.2705718270571827,0.24407252440725244,0.68359375
5674,0,CF1,L5,0.7,bilinear,8,3,0.5859794616699219,0,False,0.2691771269177127,0.23291492329149233,0.65234375
3397,0,CF1,L5,0.7,bilinear,7,7,0.998417854309082,1,False,0.23291492329149233,0.24686192468619247,0.69140625
5183,0,CF1,L5,0.7,bilinear,7,7,0.9495745301246643,1,False,0.2705718270571827,0.24267782426778242,0.6796875
7505,0,CF1,L5,0.7,bilinear,9,9,0.9999171495437622,1,False,0.2691771269177127,0.2594142259414226,0.7265625
17539,0,CF1,L5,0.7,bilinear,0,0,0.6422523260116577,1,False,0.2733612273361227,0.2594142259414226,0.7265625
23918,0,CF1,L5,0.7,bilinear,6,5,0.6607328653335571,0,False,0.2594142259414226,0.25662482566248257,0.71875
19449,0,CF1,L5,0.7,bilinear,2,2,0.9961666464805603,1,False,0.2510460251046025,0.2482566248256625,0.6953125
18599,0,CF1,L5,0.7,bilinear,3,3,0.49168261885643005,1,False,0.22733612273361228,0.25662482566248257,0.71875
8175,0,CF1,L5,0.7,bilinear,8,6,0.4957435131072998,0,False,0.25383542538354253,0.24686192468619247,0.69140625
18412,0,CF1,L5,0.7,bilinear,7,7,0.9576970338821411,1,False,0.2384937238493724,0.23570432357043236,0.66015625
20667,0,CF1,L5,0.7,bilinear,1,1,0.9073176383972168,1,False,0.26359832635983266,0.2580195258019526,0.72265625
8672,0,CF1,L5,0.7,bilinear,9,9,0.9009798169136047,1,False,0.24546722454672246,0.2384937238493724,0.66796875
22087,0,CF1,L5,0.7,bilinear,1,1,0.9989365935325623,1,False,0.2301255230125523,0.2608089260808926,0.73046875
6910,0,CF1,L5,0.7,bilinear,2,2,0.9993723034858704,1,False,0.2496513249651325,0.24267782426778242,0.6796875
19205,0,CF1,L5,0.7,bilinear,3,8,0.4451068341732025,0,False,0.2524407252440725,0.24686192468619247,0.69140625
10581,0,CF1,L5,0.7,bilinear,3,3,0.825670063495636,1,False,0.2580195258019526,0.24686192468619247,0.69140625
14516,0,CF1,L5,0.7,bilinear,4,4,0.5587499737739563,1,False,0.2398884239888424,0.2412831241283124,0.67578125
22602,0,CF1,L5,0.7,bilinear,4,4,0.9845663905143738,1,False,0.23291492329149233,0.25523012552301255,0.71484375
1944,0,CF1,L5,0.7,bilinear,0,0,0.9415215849876404,1,False,0.2398884239888424,0.24407252440725244,0.68359375
19718,0,CF1,L5,0.7,bilinear,0,9,0.3746890127658844,0,False,0.2691771269177127,0.2594142259414226,0.7265625
15599,0,CF1,L5,0.7,bilinear,7,7,0.9911598563194275,1,False,0.2412831241283124,0.24546722454672246,0.6875
16766,0,CF1,L5,0.7,bilinear,9,9,0.9281840324401855,1,False,0.2412831241283124,0.24686192468619247,0.69140625
12317,0,CF1,L5,0.7,bilinear,5,5,0.5312978625297546,1,False,0.2594142259414226,0.24686192468619247,0.69140625
6275,0,CF1,L5,0.7,bilinear,6,6,0.8071892857551575,1,False,0.24546722454672246,0.2510460251046025,0.703125
14332,0,CF1,L5,0.7,bilinear,3,3,0.46485963463783264,1,False,0.22873082287308227,0.2594142259414226,0.7265625
25615,0,CF1,L5,0.7,bilinear,8,8,0.9726196527481079,1,False,0.26220362622036264,0.2510460251046025,0.703125
7680,0,CF1,L5,0.7,bilinear,7,7,0.9989186525344849,1,False,0.23570432357043236,0.2594142259414226,0.7265625
22105,0,CF1,L5,0.7,bilinear,7,7,0.9958802461624146,1,False,0.23709902370990238,0.26220362622036264,0.734375
19179,0,CF1,L5,0.7,bilinear,5,5,0.43142327666282654,1,False,0.25662482566248257,0.2524407252440725,0.70703125
22379,0,CF1,L5,0.7,bilinear,5,5,0.7722381949424744,1,False,0.23709902370990238,0.26778242677824265,0.75
11796,0,CF1,L5,0.7,bilinear,0,0,0.9880276918411255,1,False,0.25383542538354253,0.2510460251046025,0.703125
16929,0,CF1,L5,0.7,bilinear,0,0,0.9995613694190979,1,False,0.26220362622036264,0.26220362622036264,0.734375
20580,0,CF1,L5,0.7,bilinear,2,5,0.5520949363708496,0,False,0.22733612273361228,0.2580195258019526,0.72265625
21272,0,CF1,L5,0.7,bilinear,7,7,0.5272104144096375,1,False,0.2412831241283124,0.24267782426778242,0.6796875
12963,0,CF1,L5,0.7,bilinear,4,4,0.9869983792304993,1,False,0.23709902370990238,0.23570432357043236,0.66015625
15648,0,CF1,L5,0.7,bilinear,9,9,0.9515298008918762,1,False,0.26638772663877264,0.24267782426778242,0.6796875
10831,0,CF1,L5,0.7,bilinear,6,6,0.9969835877418518,1,False,0.24686192468619247,0.2580195258019526,0.72265625
12228,0,CF1,L5,0.7,bilinear,3,3,0.8377495408058167,1,False,0.2482566248256625,0.2510460251046025,0.703125
2242,0,CF1,L5,0.7,bilinear,7,9,0.8197665810585022,0,False,0.21478382147838215,0.2496513249651325,0.69921875
25443,0,CF1,L5,0.7,bilinear,3,3,0.9999876022338867,1,False,0.26638772663877264,0.23709902370990238,0.6640625
23913,0,CF1,L5,0.7,bilinear,1,1,0.9554774165153503,1,False,0.2398884239888424,0.25523012552301255,0.71484375
18452,0,CF1,L5,0.7,bilinear,1,1,0.9809824824333191,1,False,0.2384937238493724,0.23570432357043236,0.66015625
12210,0,CF1,L5,0.7,bilinear,0,0,0.998934805393219,1,False,0.2496513249651325,0.23570432357043236,0.66015625
3532,0,CF1,L5,0.7,bilinear,6,6,0.3970881998538971,1,False,0.22873082287308227,0.2412831241283124,0.67578125
13678,0,CF1,L5,0.7,bilinear,9,9,0.9954637885093689,1,False,0.2496513249651325,0.24546722454672246,0.6875
21370,0,CF1,L5,0.7,bilinear,5,5,0.4460737705230713,1,False,0.2384937238493724,0.23709902370990238,0.6640625
23728,0,CF1,L5,0.7,bilinear,9,9,0.9993990659713745,1,False,0.26778242677824265,0.2510460251046025,0.703125
7460,0,CF1,L5,0.7,bilinear,0,0,0.9987708926200867,1,False,0.25523012552301255,0.2510460251046025,0.703125
25354,0,CF1,L5,0.7,bilinear,2,2,0.9936594367027283,1,False,0.25383542538354253,0.2580195258019526,0.72265625
18984,0,CF1,L5,0.7,bilinear,8,8,0.9833327531814575,1,False,0.25662482566248257,0.2524407252440725,0.70703125
12422,0,CF1,L5,0.7,bilinear,6,6,0.9995483756065369,1,False,0.2412831241283124,0.2398884239888424,0.671875
7413,0,CF1,L5,0.7,bilinear,4,4,0.6719284653663635,1,False,0.22594142259414227,0.24686192468619247,0.69140625
