patch_id,seed,family,level,frac,method,true_label,prediction,confidence,correct,bounded_unknown,isolated_missing_frac,mask_overlap_centre,centre_erased_frac
17222,0,CF1,L5,0.7,csfr,8,2,0.739554762840271,0,False,0.2524407252440725,0.2412831241283124,0.67578125
7987,0,CF1,L5,0.7,csfr,4,4,0.4793044328689575,1,False,0.23709902370990238,0.23570432357043236,0.66015625
14403,0,CF1,L5,0.7,csfr,1,1,0.44912290573120117,1,False,0.23570432357043236,0.2482566248256625,0.6953125
12904,0,CF1,L5,0.7,csfr,1,1,0.8064332604408264,1,False,0.24686192468619247,0.2496513249651325,0.69921875
1024,0,CF1,L5,0.7,csfr,2,2,0.7451183795928955,1,False,0.28312412831241285,0.24686192468619247,0.69140625
15700,0,CF1,L5,0.7,csfr,3,0,0.9999704360961914,0,False,0.26220362622036264,0.26220362622036264,0.734375
12639,0,CF1,L5,0.7,csfr,7,7,0.6869462728500366,1,False,0.2580195258019526,0.25523012552301255,0.71484375
20658,0,CF1,L5,0.7,csfr,4,2,0.2720879018306732,0,False,0.23430962343096234,0.25523012552301255,0.71484375
2642,0,CF1,L5,0.7,csfr,7,7,0.6216999888420105,1,False,0.2524407252440725,0.25662482566248257,0.71875
9392,0,CF1,L5,0.7,csfr,9,9,0.9553758502006531,1,False,0.2412831241283124,0.24407252440725244,0.68359375
23357,0,CF1,L5,0.7,csfr,5,5,0.8112819194793701,1,False,0.26359832635983266,0.2580195258019526,0.72265625
15977,0,CF1,L5,0.7,csfr,0,0,0.5641524791717529,1,False,0.2719665271966527,0.24267782426778242,0.6796875
10440,0,CF1,L5,0.7,csfr,0,0,0.9848192930221558,1,False,0.28451882845188287,0.2608089260808926,0.73046875
14216,0,CF1,L5,0.7,csfr,3,3,0.47231170535087585,1,False,0.26638772663877264,0.2482566248256625,0.6953125
18353,0,CF1,L5,0.7,csfr,7,7,0.8968543410301208,1,False,0.26778242677824265,0.2496513249651325,0.69921875
17404,0,CF1,L5,0.7,csfr,3,3,0.5042972564697266,1,False,0.2691771269177127,0.25383542538354253,0.7109375
8424,0,CF1,L5,0.7,csfr,8,9,0.44361570477485657,0,False,0.23291492329149233,0.2482566248256625,0.6953125
4744,0,CF1,L5,0.7,csfr,8,6,0.7699969410896301,0,False,0.26220362622036264,0.2482566248256625,0.6953125
18797,0,CF1,L5,0.7,csfr,7,7,0.9997881054878235,1,False,0.2594142259414226,0.2482566248256625,0.6953125
3156,0,CF1,L5,0.7,csfr,7,7,0.9757206439971924,1,False,0.26359832635983266,0.23570432357043236,0.66015625
17024,0,CF1,L5,0.7,csfr,2,2,0.8609399199485779,1,False,0.24686192468619247,0.2580195258019526,0.72265625
7807,0,CF1,L5,0.7,csfr,8,8,0.7474194765090942,1,False,0.25523012552301255,0.23709902370990238,0.6640625
138,0,CF1,L5,0.7,csfr,0,0,0.9921616911888123,1,False,0.25523012552301255,0.25523012552301255,0.71484375
20222,0,CF1,L5,0.7,csfr,2,2,0.9999294281005859,1,False,0.2594142259414226,0.2594142259414226,0.7265625
24734,0,CF1,L5,0.7,csfr,9,9,0.42488938570022583,1,False,0.24407252440725244,0.2496513249651325,0.69921875
8909,0,CF1,L5,0.7,csfr,0,0,0.8004770278930664,1,False,0.2719665271966527,0.2398884239888424,0.671875
4684,0,CF1,L5,0.7,csfr,1,1,0.9987095594406128,1,False,0.2524407252440725,0.24686192468619247,0.69140625
15978,0,CF1,L5,0.7,csfr,6,6,0.8139866590499878,1,False,0.2524407252440725,0.25383542538354253,0.7109375
21495,0,CF1,L5,0.7,csfr,7,7,0.8505903482437134,1,False,0.2524407252440725,0.26359832635983266,0.73828125
5107,0,CF1,L5,0.7,csfr,6,1,0.47872066497802734,0,False,0.24407252440725244,0.2482566248256625,0.6953125
1914,0,CF1,L5,0.7,csfr,2,2,0.7584599256515503,1,False,0.26638772663877264,0.24267782426778242,0.6796875
21307,0,CF1,L5,0.7,csfr,1,1,0.9999634027481079,1,False,0.2914923291492329,0.23430962343096234,0.65625
7178,0,CF1,L5,0.7,csfr,4,4,0.5640453100204468,1,False,0.24267782426778242,0.25662482566248257,0.71875
13264,0,CF1,L5,0.7,csfr,4,6,0.5588852167129517,0,False,0.24686192468619247,0.25523012552301255,0.71484375
21507,0,CF1,L5,0.7,csfr,1,1,0.9974599480628967,1,False,0.28451882845188287,0.23570432357043236,0.66015625
8399,0,CF1,L5,0.7,csfr,9,2,0.4552461504936218,0,False,0.2649930264993027,0.26359832635983266,0.73828125
4384,0,CF1,L5,0.7,csfr,0,0,0.9994240999221802,1,False,0.21896792189679218,0.24686192468619247,0.69140625
5820,0,CF1,L5,0.7,csfr,0,1,0.74019455909729,0,False,0.26220362622036264,0.2412831241283124,0.67578125
22865,0,CF1,L5,0.7,csfr,0,0,0.9102188348770142,1,False,0.24407252440725244,0.24546722454672246,0.6875
65,0,CF1,L5,0.7,csfr,0,0,0.41875284910202026,1,False,0.25662482566248257,0.2482566248256625,0.6953125
15494,0,CF1,L5,0.7,csfr,6,6,0.4767192304134369,1,False,0.23291492329149233,0.26220362622036264,0.734375
2327,0,CF1,L5,0.7,csfr,5,5,0.8409436345100403,1,False,0.25383542538354253,0.2496513249651325,0.69921875
24596,0,CF1,L5,0.7,csfr,7,7,0.26492151618003845,1,False,0.2524407252440725,0.2496513249651325,0.69921875
3825,0,CF1,L5,0.7,csfr,5,5,0.454901784658432,1,False,0.2691771269177127,0.26778242677824265,0.75
17168,0,CF1,L5,0.7,csfr,7,7,0.9169517159461975,1,False,0.2496513249651325,0.2580195258019526,0.72265625
4357,0,CF1,L5,0.7,csfr,3,3,0.5800256133079529,1,False,0.24407252440725244,0.23430962343096234,0.65625
2364,0,CF1,L5,0.7,csfr,9,9,0.5784270167350769,1,False,0.2412831241283124,0.2649930264993027,0.7421875
8703,0,CF1,L5,0.7,csfr,9,9,0.970772385597229,1,False,0.2398884239888424,0.23709902370990238,0.6640625
19390,0,CF1,L5,0.7,csfr,9,9,0.9803393483161926,1,False,0.2580195258019526,0.2482566248256625,0.6953125
17853,0,CF1,L5,0.7,csfr,6,2,0.5501487255096436,0,False,0.27475592747559274,0.24686192468619247,0.69140625
4930,0,CF1,L5,0.7,csfr,4,1,0.45976316928863525,0,False,0.27475592747559274,0.2510460251046025,0.703125
5314,0,CF1,L5,0.7,csfr,8,6,0.33829063177108765,0,False,0.25662482566248257,0.2524407252440725,0.70703125
4478,0,CF1,L5,0.7,csfr,8,8,0.5516954660415649,1,False,0.2510460251046025,0.2594142259414226,0.7265625
23679,0,CF1,L5,0.7,csfr,4,1,0.7778828144073486,0,False,0.27475592747559274,0.2510460251046025,0.703125
5449,0,CF1,L5,0.7,csfr,1,1,0.8360590934753418,1,False,0.24407252440725244,0.2594142259414226,0.7265625
24183,0,CF1,L5,0.7,csfr,0,0,0.9215538501739502,1,False,0.24686192468619247,0.2524407252440725,0.70703125
20842,0,CF1,L5,0.7,csfr,3,3,0.9629979729652405,1,False,0.24407252440725244,0.2412831241283124,0.67578125
18825,0,CF1,L5,0.7,csfr,9,0,0.5922240018844604,0,False,0.23430962343096234,0.24407252440725244,0.68359375
6265,0,CF1,L5,0.7,csfr,1,1,0.9433401823043823,1,False,0.24686192468619247,0.2496513249651325,0.69921875
24932,0,CF1,L5,0.7,csfr,4,2,0.3762723505496979,0,False,0.26778242677824265,0.25383542538354253,0.7109375
14427,0,CF1,L5,0.7,csfr,8,9,0.4452701807022095,0,False,0.2398884239888424,0.23430962343096234,0.65625
3740,0,CF1,L5,0.7,csfr,7,7,0.9860132336616516,1,False,0.2719665271966527,0.25523012552301255,0.71484375
16809,0,CF1,L5,0.7,csfr,9,0,0.3001546561717987,0,False,0.26220362622036264,0.2496513249651325,0.69921875
1136,0,CF1,L5,0.7,csfr,1,1,0.49690210819244385,1,False,0.25383542538354253,0.25662482566248257,0.71875
25757,0,CF1,L5,0.7,csfr,5,5,0.9476293325424194,1,False,0.2482566248256625,0.2412831241283124,0.67578125
7356,0,CF1,L5,0.7,csfr,4,4,0.5485304594039917,1,False,0.2315202231520223,0.25383542538354253,0.7109375
12298,0,CF1,L5,0.7,csfr,0,0,0.8616195321083069,1,False,0.2482566248256625,0.24546722454672246,0.6875
5700,0,CF1,L5,0.7,csfr,3,2,0.7254686951637268,0,False,0.26638772663877264,0.24546722454672246,0.6875
22753,0,CF1,L5,0.7,csfr,6,6,0.7608543634414673,1,False,0.26220362622036264,0.2412831241283124,0.67578125
16813,0,CF1,L5,0.7,csfr,6,8,0.6413565874099731,0,False,0.2301255230125523,0.2496513249651325,0.69921875
7373,0,CF1,L5,0.7,csfr,8,8,0.7199634313583374,1,False,0.24267782426778242,0.26638772663877264,0.74609375
20149,0,CF1,L5,0.7,csfr,2,2,0.5476267337799072,1,False,0.25662482566248257,0.26359832635983266,0.73828125
15874,0,CF1,L5,0.7,csfr,9,9,0.9714199900627136,1,False,0.25383542538354253,0.22733612273361228,0.63671875
26011,0,CF1,L5,0.7,csfr,0,0,0.5746801495552063,1,False,0.2524407252440725,0.2691771269177127,0.75390625
4196,0,CF1,L5,0.7,csfr,9,9,0.45049700140953064,1,False,0.24407252440725244,0.24407252440725244,0.68359375
11227,0,CF1,L5,0.7,csfr,3,3,0.5616097450256348,1,False,0.26220362622036264,0.26220362622036264,0.734375
15736,0,CF1,L5,0.7,csfr,3,3,0.9846417307853699,1,False,0.24686192468619247,0.26778242677824265,0.75
6339,0,CF1,L5,0.7,csfr,6,6,0.7064514756202698,1,False,0.27615062761506276,0.2496513249651325,0.69921875
25704,0,CF1,L5,0.7,csfr,2,2,0.9603343605995178,1,False,0.24546722454672246,0.2412831241283124,0.67578125
3190,0,CF1,L5,0.7,csfr,7,7,0.8864008784294128,1,False,0.2524407252440725,0.2524407252440725,0.70703125
737,0,CF1,L5,0.7,csfr,4,4,0.7824112176895142,1,False,0.2398884239888424,0.2412831241283124,0.67578125
22875,0,CF1,L5,0.7,csfr,9,9,0.9681161046028137,1,False,0.25383542538354253,0.26220362622036264,0.734375
22749,0,CF1,L5,0.7,csfr,3,3,0.8516742587089539,1,False,0.2775453277545328,0.2482566248256625,0.6953125
22998,0,CF1,L5,0.7,csfr,3,3,0.983809232711792,1,False,0.2524407252440725,0.2510460251046025,0.703125
24210,0,CF1,L5,0.7,csfr,5,5,0.8957362174987793,1,False,0.2608089260808926,0.2482566248256625,0.6953125
6800,0,CF1,L5,0.7,csfr,4,4,0.8509284257888794,1,False,0.24546722454672246,0.25523012552301255,0.71484375
16602,0,CF1,L5,0.7,csfr,9,9,0.2948209047317505,1,False,0.24267782426778242,0.25662482566248257,0.71875
10822,0,CF1,L5,0.7,csfr,6,4,0.3185829520225525,0,False,0.2510460251046025,0.2649930264993027,0.7421875
12822,0,CF1,L5,0.7,csfr,1,1,0.9999182224273682,1,False,0.25523012552301255,0.25523012552301255,0.71484375
12758,0,CF1,L5,0.7,csfr,5,5,0.9631094336509705,1,False,0.2649930264993027,0.2496513249651325,0.69921875
21144,0,CF1,L5,0.7,csfr,4,4,0.9578693509101868,1,False,0.23291492329149233,0.24407252440725244,0.68359375
4900,0,CF1,L5,0.7,csfr,6,3,0.47848430275917053,0,False,0.23709902370990238,0.2524407252440725,0.70703125
22888,0,CF1,L5,0.7,csfr,9,9,0.9952995777130127,1,False,0.2733612273361227,0.2594142259414226,0.7265625
19935,0,CF1,L5,0.7,csfr,9,5,0.34998568892478943,0,False,0.2398884239888424,0.24407252440725244,0.68359375
21896,0,CF1,L5,0.7,csfr,7,7,0.9721951484680176,1,False,0.2580195258019526,0.2510460251046025,0.703125
3475,0,CF1,L5,0.7,csfr,3,3,0.8612990379333496,1,False,0.26638772663877264,0.2510460251046025,0.703125
16171,0,CF1,L5,0.7,csfr,0,0,0.9985873699188232,1,False,0.2733612273361227,0.2398884239888424,0.671875
4672,0,CF1,L5,0.7,csfr,4,7,0.9369860887527466,0,False,0.2691771269177127,0.23430962343096234,0.65625
10146,0,CF1,L5,0.7,csfr,2,2,0.9996792078018188,1,False,0.26220362622036264,0.24407252440725244,0.68359375
9207,0,CF1,L5,0.7,csfr,7,7,0.7655920386314392,1,False,0.24686192468619247,0.25383542538354253,0.7109375
17745,0,CF1,L5,0.7,csfr,9,2,0.9995760321617126,0,False,0.24267782426778242,0.2412831241283124,0.67578125
432,0,CF1,L5,0.7,csfr,7,7,0.8155563473701477,1,False,0.2524407252440725,0.2719665271966527,0.76171875
6608,0,CF1,L5,0.7,csfr,4,4,0.9606853127479553,1,False,0.27615062761506276,0.2733612273361227,0.765625
25769,0,CF1,L5,0.7,csfr,9,9,0.9930865168571472,1,False,0.2733612273361227,0.24686192468619247,0.69140625
14774,0,CF1,L5,0.7,csfr,3,3,0.5375562906265259,1,False,0.25383542538354253,0.25383542538354253,0.7109375
21627,0,CF1,L5,0.7,csfr,4,4,0.6637610793113708,1,False,0.2733612273361227,0.23709902370990238,0.6640625
8133,0,CF1,L5,0.7,csfr,2,2,0.9997186064720154,1,False,0.2384937238493724,0.2412831241283124,0.67578125
12554,0,CF1,L5,0.7,csfr,4,4,0.9980056881904602,1,False,0.2691771269177127,0.2398884239888424,0.671875
10856,0,CF1,L5,0.7,csfr,1,1,0.9221386909484863,1,False,0.2412831241283124,0.24686192468619247,0.69140625
15931,0,CF1,L5,0.7,csfr,3,3,0.9786491990089417,1,False,0.24267782426778242,0.24686192468619247,0.69140625
2367,0,CF1,L5,0.7,csfr,2,2,0.8843865394592285,1,False,0.2608089260808926,0.2482566248256625,0.6953125
25563,0,CF1,L5,0.7,csfr,7,7,0.8260940909385681,1,False,0.24546722454672246,0.24546722454672246,0.6875
6748,0,CF1,L5,0.7,csfr,2,2,0.9567076563835144,1,False,0.25662482566248257,0.24546722454672246,0.6875
5368,0,CF1,L5,0.7,csfr,8,8,0.9898717999458313,1,False,0.2649930264993027,0.23430962343096234,0.65625
25951,0,CF1,L5,0.7,csfr,6,6,0.9453737735748291,1,False,0.2705718270571827,0.25662482566248257,0.71875
22082,0,CF1,L5,0.7,csfr,7,7,0.9987545013427734,1,False,0.2496513249651325,0.24546722454672246,0.6875
19301,0,CF1,L5,0.7,csfr,4,4,0.9970968961715698,1,False,0.25523012552301255,0.2482566248256625,0.6953125
13302,0,CF1,L5,0.7,csfr,4,4,0.9866417646408081,1,False,0.28172942817294283,0.25662482566248257,0.71875
15358,0,CF1,L5,0.7,csfr,0,0,0.7332081198692322,1,False,0.23570432357043236,0.2496513249651325,0.69921875
23572,0,CF1,L5,0.7,csfr,2,2,0.8897237181663513,1,False,0.2649930264993027,0.2649930264993027,0.7421875
14736,0,CF1,L5,0.7,csfr,4,4,0.9912996888160706,1,False,0.24407252440725244,0.2524407252440725,0.70703125
16685,0,CF1,L5,0.7,csfr,2,2,0.7872350811958313,1,False,0.2524407252440725,0.24267782426778242,0.6796875
21902,0,CF1,L5,0.7,csfr,7,1,0.5704140067100525,0,False,0.24686192468619247,0.2608089260808926,0.73046875
6713,0,CF1,L5,0.7,csfr,5,6,0.45274636149406433,0,False,0.21896792189679218,0.2705718270571827,0.7578125
8771,0,CF1,L5,0.7,csfr,4,4,0.9457764625549316,1,False,0.2608089260808926,0.25383542538354253,0.7109375
20264,0,CF1,L5,0.7,csfr,3,6,0.7190790772438049,0,False,0.24267782426778242,0.25383542538354253,0.7109375
24489,0,CF1,L5,0.7,csfr,1,1,0.9999961853027344,1,False,0.22873082287308227,0.25383542538354253,0.7109375
24852,0,CF1,L5,0.7,csfr,1,4,0.5539339780807495,0,False,0.2175732217573222,0.25523012552301255,0.71484375
6746,0,CF1,L5,0.7,csfr,1,1,0.8920066356658936,1,False,0.24407252440725244,0.2510460251046025,0.703125
5951,0,CF1,L5,0.7,csfr,5,5,0.764201819896698,1,False,0.24407252440725244,0.2524407252440725,0.70703125
6438,0,CF1,L5,0.7,csfr,4,4,0.9990373849868774,1,False,0.24546722454672246,0.2510460251046025,0.703125
11126,0,CF1,L5,0.7,csfr,9,6,0.6823701858520508,0,False,0.25662482566248257,0.25523012552301255,0.71484375
24241,0,CF1,L5,0.7,csfr,3,3,0.8863659501075745,1,False,0.2789400278940028,0.26359832635983266,0.73828125
23621,0,CF1,L5,0.7,csfr,6,6,0.5749828219413757,1,False,0.27475592747559274,0.2524407252440725,0.70703125
14358,0,CF1,L5,0.7,csfr,6,6,0.39835411310195923,1,False,0.23709902370990238,0.24546722454672246,0.6875
19003,0,CF1,L5,0.7,csfr,6,6,0.5001553893089294,1,False,0.24407252440725244,0.2580195258019526,0.72265625
3760,0,CF1,L5,0.7,csfr,9,9,0.5031672716140747,1,False,0.2803347280334728,0.23570432357043236,0.66015625
1155,0,CF1,L5,0.7,csfr,5,5,0.9957773685455322,1,False,0.2649930264993027,0.2496513249651325,0.69921875
22044,0,CF1,L5,0.7,csfr,8,1,0.38720786571502686,0,False,0.2608089260808926,0.26220362622036264,0.734375
17521,0,CF1,L5,0.7,csfr,4,4,0.9277334809303284,1,False,0.2510460251046025,0.24267782426778242,0.6796875
15177,0,CF1,L5,0.7,csfr,9,9,0.5760294795036316,1,False,0.2649930264993027,0.2524407252440725,0.70703125
21080,0,CF1,L5,0.7,csfr,0,0,0.9979032278060913,1,False,0.2649930264993027,0.2524407252440725,0.70703125
4507,0,CF1,L5,0.7,csfr,5,5,0.7767016291618347,1,False,0.2594142259414226,0.2580195258019526,0.72265625
10600,0,CF1,L5,0.7,csfr,7,7,0.9641819000244141,1,False,0.24267782426778242,0.2608089260808926,0.73046875
11754,0,CF1,L5,0.7,csfr,1,1,0.9995480179786682,1,False,0.2705718270571827,0.2315202231520223,0.6484375
22934,0,CF1,L5,0.7,csfr,4,4,0.3806762397289276,1,False,0.2580195258019526,0.2482566248256625,0.6953125
19094,0,CF1,L5,0.7,csfr,3,3,0.9993883371353149,1,False,0.2315202231520223,0.2510460251046025,0.703125
25246,0,CF1,L5,0.7,csfr,7,7,0.8706631660461426,1,False,0.2384937238493724,0.2412831241283124,0.67578125
14745,0,CF1,L5,0.7,csfr,2,2,0.9999648332595825,1,False,0.2580195258019526,0.24267782426778242,0.6796875
3177,0,CF1,L5,0.7,csfr,8,9,0.605711817741394,0,False,0.26220362622036264,0.24267782426778242,0.6796875
13870,0,CF1,L5,0.7,csfr,5,1,0.5128259658813477,0,False,0.22733612273361228,0.2496513249651325,0.69921875
5605,0,CF1,L5,0.7,csfr,6,6,0.8441935777664185,1,False,0.23430962343096234,0.2524407252440725,0.70703125
5202,0,CF1,L5,0.7,csfr,8,8,0.9276968836784363,1,False,0.24407252440725244,0.2608089260808926,0.73046875
8800,0,CF1,L5,0.7,csfr,5,5,0.9969868063926697,1,False,0.24546722454672246,0.2384937238493724,0.66796875
645,0,CF1,L5,0.7,csfr,3,3,0.9954357743263245,1,False,0.2649930264993027,0.25523012552301255,0.71484375
16077,0,CF1,L5,0.7,csfr,5,5,0.9901161789894104,1,False,0.25383542538354253,0.2580195258019526,0.72265625
15336,0,CF1,L5,0.7,csfr,5,5,0.8976045250892639,1,False,0.24407252440725244,0.24267782426778242,0.6796875
20933,0,CF1,L5,0.7,csfr,0,0,0.7239101529121399,1,False,0.2775453277545328,0.2580195258019526,0.72265625
10580,0,CF1,L5,0.7,csfr,8,8,0.7589333653450012,1,False,0.2705718270571827,0.24686192468619247,0.69140625
25902,0,CF1,L5,0.7,csfr,6,6,0.9402034282684326,1,False,0.2217573221757322,0.25383542538354253,0.7109375
4666,0,CF1,L5,0.7,csfr,8,8,0.9996893405914307,1,False,0.24407252440725244,0.2398884239888424,0.671875
14541,0,CF1,L5,0.7,csfr,4,4,0.9336837530136108,1,False,0.2524407252440725,0.24686192468619247,0.69140625
7374,0,CF1,L5,0.7,csfr,5,5,0.7750852108001709,1,False,0.23709902370990238,0.2594142259414226,0.7265625
4697,0,CF1,L5,0.7,csfr,5,9,0.4141864776611328,0,False,0.2496513249651325,0.25662482566248257,0.71875
6317,0,CF1,L5,0.7,csfr,5,5,0.7303577065467834,1,False,0.2524407252440725,0.2482566248256625,0.6953125
16623,0,CF1,L5,0.7,csfr,6,6,0.8726848363876343,1,False,0.28172942817294283,0.24546722454672246,0.6875
16511,0,CF1,L5,0.7,csfr,6,5,0.5918682813644409,0,False,0.24407252440725244,0.27475592747559274,0.76953125
16162,0,CF1,L5,0.7,csfr,3,3,0.5712563991546631,1,False,0.2412831241283124,0.2649930264993027,0.7421875
5989,0,CF1,L5,0.7,csfr,1,1,0.9039762020111084,1,False,0.26778242677824265,0.24546722454672246,0.6875
18753,0,CF1,L5,0.7,csfr,5,3,0.6001567840576172,0,False,0.2608089260808926,0.24407252440725244,0.68359375
20853,0,CF1,L5,0.7,csfr,4,4,0.7983856797218323,1,False,0.2608089260808926,0.2524407252440725,0.70703125
16556,0,CF1,L5,0.7,csfr,0,0,0.9273231625556946,1,False,0.2859135285913529,0.2580195258019526,0.72265625
7019,0,CF1,L5,0.7,csfr,9,9,0.9292272925376892,1,False,0.2608089260808926,0.24267782426778242,0.6796875
3090,0,CF1,L5,0.7,csfr,6,6,0.9821065664291382,1,False,0.2594142259414226,0.25383542538354253,0.7109375
14680,0,CF1,L5,0.7,csfr,3,3,0.7372153997421265,1,False,0.2719665271966527,0.26220362622036264,0.734375
869,0,CF1,L5,0.7,csfr,3,3,0.5053291916847229,1,False,0.24407252440725244,0.25383542538354253,0.7109375
7595,0,CF1,L5,0.7,csfr,6,6,0.8324739933013916,1,False,0.25383542538354253,0.24546722454672246,0.6875
14417,0,CF1,L5,0.7,csfr,1,1,0.9728863835334778,1,False,0.23709902370990238,0.25662482566248257,0.71875
13624,0,CF1,L5,0.7,csfr,9,9,0.9889999032020569,1,False,0.24686192468619247,0.24686192468619247,0.69140625
21083,0,CF1,L5,0.7,csfr,0,0,0.9959470629692078,1,False,0.2733612273361227,0.22873082287308227,0.640625
7556,0,CF1,L5,0.7,csfr,1,1,0.9973408579826355,1,False,0.2384937238493724,0.24267782426778242,0.6796875
9289,0,CF1,L5,0.7,csfr,8,8,0.6312288641929626,1,False,0.26220362622036264,0.2524407252440725,0.70703125
19944,0,CF1,L5,0.7,csfr,3,3,0.8700687885284424,1,False,0.2733612273361227,0.24407252440725244,0.68359375
6057,0,CF1,L5,0.7,csfr,1,1,0.9924231767654419,1,False,0.2510460251046025,0.24546722454672246,0.6875
23029,0,CF1,L5,0.7,csfr,8,0,0.4900503158569336,0,False,0.24546722454672246,0.25523012552301255,0.71484375
23668,0,CF1,L5,0.7,csfr,5,5,0.8993265628814697,1,False,0.25662482566248257,0.25662482566248257,0.71875
13115,0,CF1,L5,0.7,csfr,8,8,0.922951340675354,1,False,0.2594142259414226,0.24686192468619247,0.69140625
20635,0,CF1,L5,0.7,csfr,3,3,0.4765965938568115,1,False,0.2789400278940028,0.2203626220362622,0.6171875
4281,0,CF1,L5,0.7,csfr,4,4,0.6519615650177002,1,False,0.26359832635983266,0.2496513249651325,0.69921875
4139,0,CF1,L5,0.7,csfr,9,2,0.4226665794849396,0,False,0.2482566248256625,0.25523012552301255,0.71484375
10652,0,CF1,L5,0.7,csfr,1,1,0.965385377407074,1,False,0.2412831241283124,0.24686192468619247,0.69140625
700,0,CF1,L5,0.7,csfr,1,1,0.9951320886611938,1,False,0.2900976290097629,0.2482566248256625,0.6953125
5772,0,CF1,L5,0.7,csfr,3,7,0.2879536747932434,0,False,0.2384937238493724,0.2524407252440725,0.70703125
8114,0,CF1,L5,0.7,csfr,9,9,0.4739346504211426,1,False,0.2705718270571827,0.2482566248256625,0.6953125
5964,0,CF1,L5,0.7,csfr,6,6,0.5454358458518982,1,False,0.23570432357043236,0.2496513249651325,0.69921875
17278,0,CF1,L5,0.7,csfr,7,7,0.5044391751289368,1,False,0.23291492329149233,0.2580195258019526,0.72265625
9961,0,CF1,L5,0.7,csfr,0,0,0.515435516834259,1,False,0.28172942817294283,0.24407252440725244,0.68359375
25974,0,CF1,L5,0.7,csfr,7,7,0.9994581341743469,1,False,0.26638772663877264,0.24686192468619247,0.69140625
14317,0,CF1,L5,0.7,csfr,3,3,0.887485146522522,1,False,0.2649930264993027,0.2398884239888424,0.671875
6485,0,CF1,L5,0.7,csfr,0,0,0.9998587369918823,1,False,0.2496513249651325,0.2398884239888424,0.671875
18287,0,CF1,L5,0.7,csfr,0,0,0.9226464033126831,1,False,0.2691771269177127,0.2580195258019526,0.72265625
11840,0,CF1,L5,0.7,csfr,4,4,0.8829047679901123,1,False,0.24267782426778242,0.2315202231520223,0.6484375
864,0,CF1,L5,0.7,csfr,0,0,0.995960533618927,1,False,0.24546722454672246,0.23430962343096234,0.65625
20612,0,CF1,L5,0.7,csfr,1,1,0.6906192302703857,1,False,0.2510460251046025,0.25662482566248257,0.71875
21079,0,CF1,L5,0.7,csfr,1,1,0.9998999834060669,1,False,0.24407252440725244,0.23570432357043236,0.66015625
11286,0,CF1,L5,0.7,csfr,5,5,0.9741374254226685,1,False,0.2859135285913529,0.2580195258019526,0.72265625
788,0,CF1,L5,0.7,csfr,0,0,0.9308542609214783,1,False,0.2510460251046025,0.24686192468619247,0.69140625
15932,0,CF1,L5,0.7,csfr,3,3,0.7990930676460266,1,False,0.23709902370990238,0.24686192468619247,0.69140625
18511,0,CF1,L5,0.7,csfr,3,3,0.8023526072502136,1,False,0.2594142259414226,0.25662482566248257,0.71875
21576,0,CF1,L5,0.7,csfr,5,1,0.4907952845096588,0,False,0.23430962343096234,0.24267782426778242,0.6796875
17237,0,CF1,L5,0.7,csfr,2,2,0.9990836381912231,1,False,0.2482566248256625,0.24686192468619247,0.69140625
2966,0,CF1,L5,0.7,csfr,2,2,0.9999953508377075,1,False,0.24407252440725244,0.2510460251046025,0.703125
16416,0,CF1,L5,0.7,csfr,5,5,0.9821276664733887,1,False,0.2594142259414226,0.25383542538354253,0.7109375
1280,0,CF1,L5,0.7,csfr,5,5,0.8892776966094971,1,False,0.24407252440725244,0.2510460251046025,0.703125
24928,0,CF1,L5,0.7,csfr,0,0,0.8819267153739929,1,False,0.26220362622036264,0.24686192468619247,0.69140625
23837,0,CF1,L5,0.7,csfr,1,1,0.8616811037063599,1,False,0.25383542538354253,0.24407252440725244,0.68359375
20230,0,CF1,L5,0.7,csfr,1,1,0.9974038004875183,1,False,0.25523012552301255,0.2496513249651325,0.69921875
23434,0,CF1,L5,0.7,csfr,5,5,0.9888315200805664,1,False,0.2496513249651325,0.2482566248256625,0.6953125
20522,0,CF1,L5,0.7,csfr,6,1,0.34984952211380005,0,False,0.2482566248256625,0.24267782426778242,0.6796875
7789,0,CF1,L5,0.7,csfr,3,1,0.3780065178871155,0,False,0.2524407252440725,0.2412831241283124,0.67578125
22086,0,CF1,L5,0.7,csfr,6,6,0.9790883660316467,1,False,0.2580195258019526,0.2398884239888424,0.671875
21339,0,CF1,L5,0.7,csfr,0,0,0.9248211979866028,1,False,0.25662482566248257,0.25383542538354253,0.7109375
6830,0,CF1,L5,0.7,csfr,9,9,0.9970526695251465,1,False,0.2691771269177127,0.2580195258019526,0.72265625
20902,0,CF1,L5,0.7,csfr,2,2,0.992424726486206,1,False,0.2649930264993027,0.25523012552301255,0.71484375
17481,0,CF1,L5,0.7,csfr,5,5,0.9851775169372559,1,False,0.25523012552301255,0.2398884239888424,0.671875
3050,0,CF1,L5,0.7,csfr,6,6,0.5276247262954712,1,False,0.23291492329149233,0.2398884239888424,0.671875
409,0,CF1,L5,0.7,csfr,1,4,0.7377472519874573,0,False,0.2412831241283124,0.25662482566248257,0.71875
14823,0,CF1,L5,0.7,csfr,7,7,0.9125558733940125,1,False,0.23709902370990238,0.2496513249651325,0.69921875
22892,0,CF1,L5,0.7,csfr,9,9,0.3532952666282654,1,False,0.2580195258019526,0.2733612273361227,0.765625
9470,0,CF1,L5,0.7,csfr,8,8,0.5785783529281616,1,False,0.2301255230125523,0.2524407252440725,0.70703125
9543,0,CF1,L5,0.7,csfr,6,8,0.5694059729576111,0,False,0.2649930264993027,0.25523012552301255,0.71484375
22090,0,CF1,L5,0.7,csfr,5,5,0.993281364440918,1,False,0.2482566248256625,0.24407252440725244,0.68359375
6045,0,CF1,L5,0.7,csfr,6,6,0.9719821214675903,1,False,0.25662482566248257,0.24267782426778242,0.6796875
317,0,CF1,L5,0.7,csfr,8,8,0.9545987248420715,1,False,0.2691771269177127,0.2482566248256625,0.6953125
15812,0,CF1,L5,0.7,csfr,0,0,0.9400961995124817,1,False,0.2803347280334728,0.26220362622036264,0.734375
18170,0,CF1,L5,0.7,csfr,9,9,0.9368081092834473,1,False,0.2217573221757322,0.2580195258019526,0.72265625
14781,0,CF1,L5,0.7,csfr,0,8,0.3261215388774872,0,False,0.23291492329149233,0.2384937238493724,0.66796875
17886,0,CF1,L5,0.7,csfr,9,9,0.9700490832328796,1,False,0.24686192468619247,0.25383542538354253,0.7109375
20049,0,CF1,L5,0.7,csfr,3,0,0.5380891561508179,0,False,0.25383542538354253,0.25383542538354253,0.7109375
13283,0,CF1,L5,0.7,csfr,0,0,0.8231365084648132,1,False,0.2580195258019526,0.2524407252440725,0.70703125
25830,0,CF1,L5,0.7,csfr,5,5,0.9988559484481812,1,False,0.2524407252440725,0.26220362622036264,0.734375
14277,0,CF1,L5,0.7,csfr,9,9,0.9464980959892273,1,False,0.26220362622036264,0.23291492329149233,0.65234375
5908,0,CF1,L5,0.7,csfr,1,1,0.999788224697113,1,False,0.2733612273361227,0.24267782426778242,0.6796875
9731,0,CF1,L5,0.7,csfr,8,8,0.8670194149017334,1,False,0.2524407252440725,0.2301255230125523,0.64453125
14180,0,CF1,L5,0.7,csfr,9,9,0.9934606552124023,1,False,0.2705718270571827,0.2398884239888424,0.671875
9246,0,CF1,L5,0.7,csfr,2,2,0.9986129999160767,1,False,0.24686192468619247,0.2496513249651325,0.69921875
1656,0,CF1,L5,0.7,csfr,2,2,0.5304057002067566,1,False,0.26638772663877264,0.24546722454672246,0.6875
17712,0,CF1,L5,0.7,csfr,1,1,0.8606880307197571,1,False,0.2482566248256625,0.2384937238493724,0.66796875
25544,0,CF1,L5,0.7,csfr,9,9,0.6404319405555725,1,False,0.24407252440725244,0.25383542538354253,0.7109375
1120,0,CF1,L5,0.7,csfr,5,5,0.9970979690551758,1,False,0.23570432357043236,0.2594142259414226,0.7265625
1298,0,CF1,L5,0.7,csfr,6,6,0.8507407903671265,1,False,0.2594142259414226,0.25383542538354253,0.7109375
25570,0,CF1,L5,0.7,csfr,2,2,0.9871511459350586,1,False,0.26220362622036264,0.2510460251046025,0.703125
5370,0,CF1,L5,0.7,csfr,7,7,0.7848366498947144,1,False,0.26638772663877264,0.2384937238493724,0.66796875
19075,0,CF1,L5,0.7,csfr,2,2,0.9917426705360413,1,False,0.2803347280334728,0.2482566248256625,0.6953125
8583,0,CF1,L5,0.7,csfr,0,0,0.21736641228199005,1,False,0.25523012552301255,0.2580195258019526,0.72265625
2133,0,CF1,L5,0.7,csfr,0,0,0.27385663986206055,1,False,0.18688981868898186,0.2482566248256625,0.6953125
1982,0,CF1,L5,0.7,csfr,2,2,0.8706580400466919,1,False,0.2608089260808926,0.25662482566248257,0.71875
950,0,CF1,L5,0.7,csfr,8,8,0.4787926971912384,1,False,0.23430962343096234,0.24546722454672246,0.6875
19563,0,CF1,L5,0.7,csfr,4,4,0.9732781052589417,1,False,0.2384937238493724,0.2524407252440725,0.70703125
21023,0,CF1,L5,0.7,csfr,6,6,0.9129385352134705,1,False,0.2482566248256625,0.2524407252440725,0.70703125
15687,0,CF1,L5,0.7,csfr,0,0,0.6871078610420227,1,False,0.25523012552301255,0.25523012552301255,0.71484375
6444,0,CF1,L5,0.7,csfr,6,6,0.9611436724662781,1,False,0.2315202231520223,0.25383542538354253,0.7109375
15735,0,CF1,L5,0.7,csfr,4,4,0.9991605281829834,1,False,0.2733612273361227,0.25662482566248257,0.71875
10651,0,CF1,L5,0.7,csfr,0,0,0.33580806851387024,1,False,0.26220362622036264,0.24686192468619247,0.69140625
13256,0,CF1,L5,0.7,csfr,1,1,0.9997361302375793,1,False,0.24686192468619247,0.2384937238493724,0.66796875
16855,0,CF1,L5,0.7,csfr,6,6,0.21688351035118103,1,False,0.2594142259414226,0.2524407252440725,0.70703125
14884,0,CF1,L5,0.7,csfr,9,9,0.9654392600059509,1,False,0.2315202231520223,0.2691771269177127,0.75390625
21884,0,CF1,L5,0.7,csfr,6,6,0.6369967460632324,1,False,0.23709902370990238,0.2398884239888424,0.671875
5078,0,CF1,L5,0.7,csfr,3,6,0.808720052242279,0,False,0.2775453277545328,0.2398884239888424,0.671875
20419,0,CF1,L5,0.7,csfr,9,9,0.4955025315284729,1,False,0.28451882845188287,0.27475592747559274,0.76953125
20521,0,CF1,L5,0.7,csfr,5,5,0.9517804980278015,1,False,0.23570432357043236,0.2482566248256625,0.6953125
23257,0,CF1,L5,0.7,csfr,5,5,0.5937370657920837,1,False,0.2580195258019526,0.2608089260808926,0.73046875
17190,0,CF1,L5,0.7,csfr,2,2,0.9510831832885742,1,False,0.2510460251046025,0.2580195258019526,0.72265625
15631,0,CF1,L5,0.7,csfr,8,8,0.9809473752975464,1,False,0.2398884239888424,0.2496513249651325,0.69921875
504,0,CF1,L5,0.7,csfr,0,0,0.9265292882919312,1,False,0.24267782426778242,0.2384937238493724,0.66796875
14990,0,CF1,L5,0.7,csfr,3,3,0.9981153011322021,1,False,0.2775453277545328,0.2496513249651325,0.69921875
24512,0,CF1,L5,0.7,csfr,8,8,0.8822081089019775,1,False,0.23430962343096234,0.2496513249651325,0.69921875
23120,0,CF1,L5,0.7,csfr,7,1,0.5424450039863586,0,False,0.2482566248256625,0.26220362622036264,0.734375
3357,0,CF1,L5,0.7,csfr,2,2,0.9955875873565674,1,False,0.2719665271966527,0.2496513249651325,0.69921875
8088,0,CF1,L5,0.7,csfr,1,1,0.9651806354522705,1,False,0.24546722454672246,0.23570432357043236,0.66015625
21849,0,CF1,L5,0.7,csfr,9,9,0.5391799211502075,1,False,0.2649930264993027,0.24546722454672246,0.6875
13683,0,CF1,L5,0.7,csfr,0,0,0.962946891784668,1,False,0.25523012552301255,0.2384937238493724,0.66796875
22718,0,CF1,L5,0.7,csfr,9,3,0.6185057759284973,0,False,0.2510460251046025,0.2384937238493724,0.66796875
9927,0,CF1,L5,0.7,csfr,4,4,0.9296284317970276,1,False,0.2496513249651325,0.24686192468619247,0.69140625
11425,0,CF1,L5,0.7,csfr,0,0,0.9943999648094177,1,False,0.23570432357043236,0.2524407252440725,0.70703125
14578,0,CF1,L5,0.7,csfr,0,0,0.5026800036430359,1,False,0.2928870292887029,0.23709902370990238,0.6640625
25481,0,CF1,L5,0.7,csfr,8,8,0.6307740807533264,1,False,0.2608089260808926,0.25662482566248257,0.71875
11269,0,CF1,L5,0.7,csfr,5,5,0.9968371391296387,1,False,0.2482566248256625,0.23709902370990238,0.6640625
12877,0,CF1,L5,0.7,csfr,5,5,0.9297028183937073,1,False,0.2594142259414226,0.2496513249651325,0.69921875
22531,0,CF1,L5,0.7,csfr,9,9,0.25567910075187683,1,False,0.2398884239888424,0.25523012552301255,0.71484375
13150,0,CF1,L5,0.7,csfr,3,7,0.384334921836853,0,False,0.2580195258019526,0.25383542538354253,0.7109375
5654,0,CF1,L5,0.7,csfr,8,6,0.4353935718536377,0,False,0.24686192468619247,0.26778242677824265,0.75
1286,0,CF1,L5,0.7,csfr,7,7,0.993328332901001,1,False,0.23570432357043236,0.24686192468619247,0.69140625
1652,0,CF1,L5,0.7,csfr,1,1,0.9997046589851379,1,False,0.23709902370990238,0.2510460251046025,0.703125
22335,0,CF1,L5,0.7,csfr,2,2,0.8426346182823181,1,False,0.2705718270571827,0.2496513249651325,0.69921875
23848,0,CF1,L5,0.7,csfr,3,3,0.7295271754264832,1,False,0.24546722454672246,0.2580195258019526,0.72265625
2892,0,CF1,L5,0.7,csfr,6,6,0.9878156781196594,1,False,0.25662482566248257,0.2482566248256625,0.6953125
16530,0,CF1,L5,0.7,csfr,8,8,0.8227564096450806,1,False,0.2691771269177127,0.2580195258019526,0.72265625
12848,0,CF1,L5,0.7,csfr,8,8,0.9676616787910461,1,False,0.28451882845188287,0.24267782426778242,0.6796875
7330,0,CF1,L5,0.7,csfr,7,7,0.9037339687347412,1,False,0.24267782426778242,0.2580195258019526,0.72265625
3676,0,CF1,L5,0.7,csfr,1,1,0.9738368391990662,1,False,0.25523012552301255,0.23430962343096234,0.65625
19966,0,CF1,L5,0.7,csfr,8,8,0.6719229817390442,1,False,0.21896792189679218,0.24686192468619247,0.69140625
8382,0,CF1,L5,0.7,csfr,5,6,0.6836153268814087,0,False,0.24686192468619247,0.25523012552301255,0.71484375
19660,0,CF1,L5,0.7,csfr,7,5,0.40619993209838867,0,False,0.25383542538354253,0.2524407252440725,0.70703125
2508,0,CF1,L5,0.7,csfr,9,9,0.7175347208976746,1,False,0.27475592747559274,0.2580195258019526,0.72265625
2360,0,CF1,L5,0.7,csfr,4,4,0.7898299694061279,1,False,0.2914923291492329,0.2524407252440725,0.70703125
16796,0,CF1,L5,0.7,csfr,1,1,0.9988235831260681,1,False,0.29707112970711297,0.2482566248256625,0.6953125
23426,0,CF1,L5,0.7,csfr,9,0,0.3747984766960144,0,False,0.25523012552301255,0.25383542538354253,0.7109375
15590,0,CF1,L5,0.7,csfr,2,9,0.8255678415298462,0,False,0.2482566248256625,0.2482566248256625,0.6953125
6302,0,CF1,L5,0.7,csfr,3,3,0.7233458757400513,1,False,0.24267782426778242,0.24686192468619247,0.69140625
24519,0,CF1,L5,0.7,csfr,7,7,0.7728381156921387,1,False,0.26778242677824265,0.22873082287308227,0.640625
23276,0,CF1,L5,0.7,csfr,2,3,0.3423071503639221,0,False,0.23291492329149233,0.2608089260808926,0.73046875
24566,0,CF1,L5,0.7,csfr,8,8,0.9090834259986877,1,False,0.2510460251046025,0.24267782426778242,0.6796875
20978,0,CF1,L5,0.7,csfr,1,4,0.8844126462936401,0,False,0.2580195258019526,0.2608089260808926,0.73046875
8990,0,CF1,L5,0.7,csfr,3,3,0.7892572283744812,1,False,0.27475592747559274,0.2496513249651325,0.69921875
11061,0,CF1,L5,0.7,csfr,7,7,0.8535446524620056,1,False,0.2789400278940028,0.25662482566248257,0.71875
7075,0,CF1,L5,0.7,csfr,9,5,0.7995901107788086,0,False,0.2482566248256625,0.24686192468619247,0.69140625
17641,0,CF1,L5,0.7,csfr,2,2,0.9996322393417358,1,False,0.2524407252440725,0.25383542538354253,0.7109375
12077,0,CF1,L5,0.7,csfr,9,9,0.9983505010604858,1,False,0.24546722454672246,0.2608089260808926,0.73046875
1779,0,CF1,L5,0.7,csfr,7,7,0.995140790939331,1,False,0.2398884239888424,0.2580195258019526,0.72265625
11519,0,CF1,L5,0.7,csfr,4,4,0.6904410719871521,1,False,0.26778242677824265,0.2412831241283124,0.67578125
8549,0,CF1,L5,0.7,csfr,3,3,0.5199688076972961,1,False,0.23570432357043236,0.2510460251046025,0.703125
14623,0,CF1,L5,0.7,csfr,6,5,0.36028504371643066,0,False,0.2649930264993027,0.24546722454672246,0.6875
10846,0,CF1,L5,0.7,csfr,3,3,0.998457670211792,1,False,0.2580195258019526,0.2580195258019526,0.72265625
16289,0,CF1,L5,0.7,csfr,3,3,0.9274601340293884,1,False,0.25383542538354253,0.2482566248256625,0.6953125
12311,0,CF1,L5,0.7,csfr,8,8,0.7644628286361694,1,False,0.25523012552301255,0.24407252440725244,0.68359375
6068,0,CF1,L5,0.7,csfr,8,8,0.6963508129119873,1,False,0.24546722454672246,0.26359832635983266,0.73828125
9629,0,CF1,L5,0.7,csfr,6,6,0.7812720537185669,1,False,0.27615062761506276,0.2412831241283124,0.67578125
19560,0,CF1,L5,0.7,csfr,3,9,0.5350187420845032,0,False,0.23709902370990238,0.24267782426778242,0.6796875
10379,0,CF1,L5,0.7,csfr,8,8,0.9154018759727478,1,False,0.2524407252440725,0.24546722454672246,0.6875
6499,0,CF1,L5,0.7,csfr,9,6,0.8659656047821045,0,False,0.24267782426778242,0.24546722454672246,0.6875
1159,0,CF1,L5,0.7,csfr,0,0,0.9904666543006897,1,False,0.24267782426778242,0.2398884239888424,0.671875
4366,0,CF1,L5,0.7,csfr,7,7,0.9953591227531433,1,False,0.2608089260808926,0.25383542538354253,0.7109375
8397,0,CF1,L5,0.7,csfr,1,0,0.6543521285057068,0,False,0.26778242677824265,0.24546722454672246,0.6875
20905,0,CF1,L5,0.7,csfr,9,9,0.4589574635028839,1,False,0.2412831241283124,0.2412831241283124,0.67578125
15746,0,CF1,L5,0.7,csfr,5,5,0.9057672023773193,1,False,0.26359832635983266,0.2524407252440725,0.70703125
9402,0,CF1,L5,0.7,csfr,3,8,0.9300972819328308,0,False,0.2398884239888424,0.26778242677824265,0.75
8164,0,CF1,L5,0.7,csfr,2,1,0.6756013035774231,0,False,0.26220362622036264,0.2510460251046025,0.703125
510,0,CF1,L5,0.7,csfr,5,5,0.47061705589294434,1,False,0.2691771269177127,0.2496513249651325,0.69921875
24070,0,CF1,L5,0.7,csfr,9,1,0.7675500512123108,0,False,0.2594142259414226,0.2594142259414226,0.7265625
2401,0,CF1,L5,0.7,csfr,4,4,0.9921323657035828,1,False,0.24267782426778242,0.26220362622036264,0.734375
12147,0,CF1,L5,0.7,csfr,3,3,0.5497408509254456,1,False,0.22733612273361228,0.2649930264993027,0.7421875
14499,0,CF1,L5,0.7,csfr,6,6,0.6615524888038635,1,False,0.23709902370990238,0.23709902370990238,0.6640625
3530,0,CF1,L5,0.7,csfr,6,6,0.9943488240242004,1,False,0.2384937238493724,0.2482566248256625,0.6953125
14723,0,CF1,L5,0.7,csfr,7,2,0.5758180022239685,0,False,0.24546722454672246,0.22873082287308227,0.640625
4435,0,CF1,L5,0.7,csfr,3,3,0.9488394260406494,1,False,0.24686192468619247,0.2524407252440725,0.70703125
22852,0,CF1,L5,0.7,csfr,2,2,0.489182710647583,1,False,0.23709902370990238,0.24546722454672246,0.6875
8461,0,CF1,L5,0.7,csfr,3,3,0.9935769438743591,1,False,0.2315202231520223,0.24407252440725244,0.68359375
21972,0,CF1,L5,0.7,csfr,7,7,0.9923432469367981,1,False,0.2608089260808926,0.2496513249651325,0.69921875
5410,0,CF1,L5,0.7,csfr,4,4,0.9100243449211121,1,False,0.2608089260808926,0.24407252440725244,0.68359375
17754,0,CF1,L5,0.7,csfr,6,6,0.9412667751312256,1,False,0.26638772663877264,0.25523012552301255,0.71484375
15311,0,CF1,L5,0.7,csfr,2,2,0.9682716727256775,1,False,0.27475592747559274,0.2719665271966527,0.76171875
15185,0,CF1,L5,0.7,csfr,1,1,0.9886121153831482,1,False,0.2594142259414226,0.24546722454672246,0.6875
5663,0,CF1,L5,0.7,csfr,4,4,0.641464352607727,1,False,0.2803347280334728,0.25523012552301255,0.71484375
6247,0,CF1,L5,0.7,csfr,6,6,0.8838868141174316,1,False,0.24267782426778242,0.25523012552301255,0.71484375
15287,0,CF1,L5,0.7,csfr,0,2,0.5139105916023254,0,False,0.26359832635983266,0.24686192468619247,0.69140625
19902,0,CF1,L5,0.7,csfr,0,0,0.9618776440620422,1,False,0.25662482566248257,0.25662482566248257,0.71875
25188,0,CF1,L5,0.7,csfr,4,4,0.6252144575119019,1,False,0.25523012552301255,0.2594142259414226,0.7265625
11195,0,CF1,L5,0.7,csfr,8,8,0.5227163434028625,1,False,0.23291492329149233,0.26220362622036264,0.734375
4828,0,CF1,L5,0.7,csfr,7,1,0.31356555223464966,0,False,0.27615062761506276,0.2580195258019526,0.72265625
23751,0,CF1,L5,0.7,csfr,5,5,0.9198288321495056,1,False,0.2649930264993027,0.2412831241283124,0.67578125
9464,0,CF1,L5,0.7,csfr,3,1,0.7836328148841858,0,False,0.25383542538354253,0.24686192468619247,0.69140625
25723,0,CF1,L5,0.7,csfr,0,0,0.9665497541427612,1,False,0.23430962343096234,0.26359832635983266,0.73828125
16859,0,CF1,L5,0.7,csfr,5,5,0.9645289778709412,1,False,0.2580195258019526,0.2482566248256625,0.6953125
3601,0,CF1,L5,0.7,csfr,1,1,0.9994895458221436,1,False,0.2691771269177127,0.2594142259414226,0.7265625
11679,0,CF1,L5,0.7,csfr,6,6,0.9783081412315369,1,False,0.2482566248256625,0.24686192468619247,0.69140625
12135,0,CF1,L5,0.7,csfr,7,1,0.5486212968826294,0,False,0.2608089260808926,0.2384937238493724,0.66796875
16329,0,CF1,L5,0.7,csfr,1,1,0.730911374092102,1,False,0.2510460251046025,0.2315202231520223,0.6484375
94,0,CF1,L5,0.7,csfr,4,4,0.3180794417858124,1,False,0.25662482566248257,0.23430962343096234,0.65625
14517,0,CF1,L5,0.7,csfr,9,5,0.5679032802581787,0,False,0.26778242677824265,0.2580195258019526,0.72265625
16852,0,CF1,L5,0.7,csfr,3,3,0.9906531572341919,1,False,0.2217573221757322,0.26220362622036264,0.734375
6852,0,CF1,L5,0.7,csfr,6,6,0.21810796856880188,1,False,0.2775453277545328,0.2524407252440725,0.70703125
24858,0,CF1,L5,0.7,csfr,3,3,0.9933289289474487,1,False,0.2691771269177127,0.2594142259414226,0.7265625
297,0,CF1,L5,0.7,csfr,9,9,0.5869312286376953,1,False,0.27615062761506276,0.2384937238493724,0.66796875
12339,0,CF1,L5,0.7,csfr,2,2,0.9993109703063965,1,False,0.2691771269177127,0.2510460251046025,0.703125
20811,0,CF1,L5,0.7,csfr,8,8,0.9143929481506348,1,False,0.2315202231520223,0.26359832635983266,0.73828125
12439,0,CF1,L5,0.7,csfr,5,5,0.881270706653595,1,False,0.2496513249651325,0.25383542538354253,0.7109375
16632,0,CF1,L5,0.7,csfr,9,0,0.9706558585166931,0,False,0.2705718270571827,0.2482566248256625,0.6953125
5798,0,CF1,L5,0.7,csfr,4,4,0.3164413273334503,1,False,0.2524407252440725,0.24686192468619247,0.69140625
18458,0,CF1,L5,0.7,csfr,3,3,0.9257441163063049,1,False,0.2775453277545328,0.2496513249651325,0.69921875
6105,0,CF1,L5,0.7,csfr,5,5,0.8095240592956543,1,False,0.26778242677824265,0.2580195258019526,0.72265625
10321,0,CF1,L5,0.7,csfr,6,6,0.8629486560821533,1,False,0.26638772663877264,0.24686192468619247,0.69140625
21771,0,CF1,L5,0.7,csfr,7,7,0.9939888715744019,1,False,0.2482566248256625,0.2496513249651325,0.69921875
22194,0,CF1,L5,0.7,csfr,0,0,0.9858418107032776,1,False,0.2691771269177127,0.25383542538354253,0.7109375
6,0,CF1,L5,0.7,csfr,9,9,0.535683274269104,1,False,0.23570432357043236,0.24686192468619247,0.69140625
912,0,CF1,L5,0.7,csfr,7,7,0.9813306927680969,1,False,0.2705718270571827,0.2496513249651325,0.69921875
16910,0,CF1,L5,0.7,csfr,5,5,0.8396122455596924,1,False,0.26638772663877264,0.2608089260808926,0.73046875
18738,0,CF1,L5,0.7,csfr,7,7,0.997281551361084,1,False,0.2175732217573222,0.25383542538354253,0.7109375
18020,0,CF1,L5,0.7,csfr,9,9,0.9035395979881287,1,False,0.22873082287308227,0.2510460251046025,0.703125
3462,0,CF1,L5,0.7,csfr,8,5,0.2936406433582306,0,False,0.26220362622036264,0.25523012552301255,0.71484375
5696,0,CF1,L5,0.7,csfr,1,0,0.3559553623199463,0,False,0.2719665271966527,0.2594142259414226,0.7265625
15066,0,CF1,L5,0.7,csfr,3,3,0.9801071882247925,1,False,0.27475592747559274,0.24267782426778242,0.6796875
10653,0,CF1,L5,0.7,csfr,9,9,0.6541531682014465,1,False,0.2719665271966527,0.26220362622036264,0.734375
13337,0,CF1,L5,0.7,csfr,2,2,0.9998173117637634,1,False,0.2580195258019526,0.2398884239888424,0.671875
12340,0,CF1,L5,0.7,csfr,5,5,0.9916573762893677,1,False,0.21199442119944212,0.25383542538354253,0.7109375
9536,0,CF1,L5,0.7,csfr,0,0,0.9973052740097046,1,False,0.2775453277545328,0.23430962343096234,0.65625
3566,0,CF1,L5,0.7,csfr,4,1,0.6114943623542786,0,False,0.2384937238493724,0.2524407252440725,0.70703125
20090,0,CF1,L5,0.7,csfr,4,4,0.8638060688972473,1,False,0.24686192468619247,0.2580195258019526,0.72265625
211,0,CF1,L5,0.7,csfr,0,0,0.9011240601539612,1,False,0.2496513249651325,0.24686192468619247,0.69140625
55,0,CF1,L5,0.7,csfr,8,6,0.8065717220306396,0,False,0.2412831241283124,0.24407252440725244,0.68359375
1477,0,CF1,L5,0.7,csfr,2,5,0.19084317982196808,0,False,0.2719665271966527,0.24686192468619247,0.69140625
25898,0,CF1,L5,0.7,csfr,0,0,0.46568918228149414,1,False,0.2580195258019526,0.2580195258019526,0.72265625
25713,0,CF1,L5,0.7,csfr,0,0,0.6008509397506714,1,False,0.2301255230125523,0.24686192468619247,0.69140625
18055,0,CF1,L5,0.7,csfr,3,3,0.9872474670410156,1,False,0.24267782426778242,0.2496513249651325,0.69921875
17461,0,CF1,L5,0.7,csfr,3,3,0.9530239105224609,1,False,0.23709902370990238,0.26359832635983266,0.73828125
14237,0,CF1,L5,0.7,csfr,7,7,0.8534559011459351,1,False,0.24267782426778242,0.2594142259414226,0.7265625
13858,0,CF1,L5,0.7,csfr,1,1,0.9980559349060059,1,False,0.2649930264993027,0.23430962343096234,0.65625
12386,0,CF1,L5,0.7,csfr,5,5,0.48987340927124023,1,False,0.22594142259414227,0.26220362622036264,0.734375
7223,0,CF1,L5,0.7,csfr,9,9,0.9750255346298218,1,False,0.26220362622036264,0.26778242677824265,0.75
3153,0,CF1,L5,0.7,csfr,5,5,0.6798253655433655,1,False,0.22873082287308227,0.2510460251046025,0.703125
23265,0,CF1,L5,0.7,csfr,8,8,0.4261316657066345,1,False,0.25383542538354253,0.2496513249651325,0.69921875
9465,0,CF1,L5,0.7,csfr,0,0,0.5427853465080261,1,False,0.2510460251046025,0.24686192468619247,0.69140625
7419,0,CF1,L5,0.7,csfr,0,0,0.9933837056159973,1,False,0.25383542538354253,0.26778242677824265,0.75
4722,0,CF1,L5,0.7,csfr,6,6,0.7469183802604675,1,False,0.2301255230125523,0.25662482566248257,0.71875
23448,0,CF1,L5,0.7,csfr,6,6,0.4466739296913147,1,False,0.25662482566248257,0.2580195258019526,0.72265625
8222,0,CF1,L5,0.7,csfr,2,2,0.9398133754730225,1,False,0.2384937238493724,0.23709902370990238,0.6640625
20898,0,CF1,L5,0.7,csfr,8,8,0.8779151439666748,1,False,0.28870292887029286,0.23709902370990238,0.6640625
23313,0,CF1,L5,0.7,csfr,2,2,0.9854260683059692,1,False,0.2719665271966527,0.2580195258019526,0.72265625
13426,0,CF1,L5,0.7,csfr,2,2,0.9477246999740601,1,False,0.24686192468619247,0.2691771269177127,0.75390625
25136,0,CF1,L5,0.7,csfr,4,4,0.9998451471328735,1,False,0.28870292887029286,0.22733612273361228,0.63671875
9268,0,CF1,L5,0.7,csfr,4,4,0.9837856888771057,1,False,0.26638772663877264,0.23430962343096234,0.65625
3892,0,CF1,L5,0.7,csfr,1,1,0.9994722008705139,1,False,0.2482566248256625,0.24407252440725244,0.68359375
4115,0,CF1,L5,0.7,csfr,3,0,0.8414393067359924,0,False,0.2384937238493724,0.25523012552301255,0.71484375
5166,0,CF1,L5,0.7,csfr,7,7,0.9939828515052795,1,False,0.28172942817294283,0.2594142259414226,0.7265625
14984,0,CF1,L5,0.7,csfr,3,4,0.2950509488582611,0,False,0.2594142259414226,0.2510460251046025,0.703125
10520,0,CF1,L5,0.7,csfr,1,1,0.8285278677940369,1,False,0.2496513249651325,0.2594142259414226,0.7265625
4379,0,CF1,L5,0.7,csfr,2,2,0.9997532963752747,1,False,0.2691771269177127,0.2524407252440725,0.70703125
8937,0,CF1,L5,0.7,csfr,1,1,0.9862889051437378,1,False,0.25662482566248257,0.2384937238493724,0.66796875
17550,0,CF1,L5,0.7,csfr,9,9,0.992783784866333,1,False,0.2705718270571827,0.24686192468619247,0.69140625
19085,0,CF1,L5,0.7,csfr,9,9,0.9683942794799805,1,False,0.2608089260808926,0.25383542538354253,0.7109375
17902,0,CF1,L5,0.7,csfr,6,6,0.47750964760780334,1,False,0.26359832635983266,0.2482566248256625,0.6953125
14780,0,CF1,L5,0.7,csfr,8,3,0.29671749472618103,0,False,0.2580195258019526,0.2608089260808926,0.73046875
8401,0,CF1,L5,0.7,csfr,0,6,0.6737839579582214,0,False,0.2649930264993027,0.2608089260808926,0.73046875
11230,0,CF1,L5,0.7,csfr,2,2,0.8763993382453918,1,False,0.27475592747559274,0.2691771269177127,0.75390625
1772,0,CF1,L5,0.7,csfr,3,3,0.9786863923072815,1,False,0.24267782426778242,0.24407252440725244,0.68359375
13326,0,CF1,L5,0.7,csfr,4,4,0.9987707734107971,1,False,0.24686192468619247,0.25523012552301255,0.71484375
15230,0,CF1,L5,0.7,csfr,5,2,0.8580496907234192,0,False,0.2496513249651325,0.2412831241283124,0.67578125
20557,0,CF1,L5,0.7,csfr,0,0,0.9929063320159912,1,False,0.24407252440725244,0.23570432357043236,0.66015625
9555,0,CF1,L5,0.7,csfr,1,1,0.9992896318435669,1,False,0.2649930264993027,0.24686192468619247,0.69140625
3667,0,CF1,L5,0.7,csfr,6,6,0.959169864654541,1,False,0.26220362622036264,0.2412831241283124,0.67578125
5316,0,CF1,L5,0.7,csfr,5,5,0.7044854164123535,1,False,0.2580195258019526,0.2524407252440725,0.70703125
3606,0,CF1,L5,0.7,csfr,5,1,0.3477718234062195,0,False,0.26359832635983266,0.2524407252440725,0.70703125
25776,0,CF1,L5,0.7,csfr,6,6,0.9284853339195251,1,False,0.2412831241283124,0.2594142259414226,0.7265625
22231,0,CF1,L5,0.7,csfr,1,1,0.999347984790802,1,False,0.28451882845188287,0.2510460251046025,0.703125
10855,0,CF1,L5,0.7,csfr,7,7,0.9972583055496216,1,False,0.26638772663877264,0.2510460251046025,0.703125
130,0,CF1,L5,0.7,csfr,6,6,0.997789740562439,1,False,0.2510460251046025,0.2524407252440725,0.70703125
434,0,CF1,L5,0.7,csfr,8,5,0.44032010436058044,0,False,0.2510460251046025,0.26638772663877264,0.74609375
5308,0,CF1,L5,0.7,csfr,5,3,0.20123334228992462,0,False,0.2301255230125523,0.2580195258019526,0.72265625
17682,0,CF1,L5,0.7,csfr,4,4,0.6309098601341248,1,False,0.2803347280334728,0.2580195258019526,0.72265625
16682,0,CF1,L5,0.7,csfr,8,8,0.8956249952316284,1,False,0.25662482566248257,0.24546722454672246,0.6875
12660,0,CF1,L5,0.7,csfr,5,5,0.9235299229621887,1,False,0.2482566248256625,0.2580195258019526,0.72265625
21362,0,CF1,L5,0.7,csfr,5,5,0.9766222834587097,1,False,0.2398884239888424,0.25523012552301255,0.71484375
15483,0,CF1,L5,0.7,csfr,4,4,0.9429540634155273,1,False,0.23570432357043236,0.2580195258019526,0.72265625
5289,0,CF1,L5,0.7,csfr,5,5,0.3888474702835083,1,False,0.26359832635983266,0.2482566248256625,0.6953125
19757,0,CF1,L5,0.7,csfr,1,1,0.9967845678329468,1,False,0.24267782426778242,0.24407252440725244,0.68359375
6799,0,CF1,L5,0.7,csfr,2,2,0.9842711091041565,1,False,0.2482566248256625,0.24546722454672246,0.6875
18871,0,CF1,L5,0.7,csfr,2,2,0.9970139265060425,1,False,0.2496513249651325,0.24546722454672246,0.6875
4740,0,CF1,L5,0.7,csfr,3,3,0.8595594167709351,1,False,0.24686192468619247,0.25523012552301255,0.71484375
14926,0,CF1,L5,0.7,csfr,5,5,0.9126602411270142,1,False,0.2524407252440725,0.2384937238493724,0.66796875
3549,0,CF1,L5,0.7,csfr,4,4,0.6851929426193237,1,False,0.2482566248256625,0.2384937238493724,0.66796875
13336,0,CF1,L5,0.7,csfr,9,0,0.3560110926628113,0,False,0.26220362622036264,0.23709902370990238,0.6640625
8302,0,CF1,L5,0.7,csfr,3,2,0.5929763913154602,0,False,0.2594142259414226,0.2594142259414226,0.7265625
19884,0,CF1,L5,0.7,csfr,8,8,0.7240728139877319,1,False,0.24686192468619247,0.2524407252440725,0.70703125
6927,0,CF1,L5,0.7,csfr,1,1,0.9681054949760437,1,False,0.2719665271966527,0.25662482566248257,0.71875
15277,0,CF1,L5,0.7,csfr,6,6,0.9563114047050476,1,False,0.2594142259414226,0.24546722454672246,0.6875
20278,0,CF1,L5,0.7,csfr,3,3,0.9303485751152039,1,False,0.2482566248256625,0.2482566248256625,0.6953125
654,0,CF1,L5,0.7,csfr,8,8,0.9127830862998962,1,False,0.24686192468619247,0.2482566248256625,0.6953125
19020,0,CF1,L5,0.7,csfr,0,0,0.9716410040855408,1,False,0.2510460251046025,0.2510460251046025,0.703125
25403,0,CF1,L5,0.7,csfr,3,3,0.9410402774810791,1,False,0.23291492329149233,0.25383542538354253,0.7109375
1745,0,CF1,L5,0.7,csfr,8,8,0.9072479605674744,1,False,0.2203626220362622,0.25662482566248257,0.71875
10726,0,CF1,L5,0.7,csfr,4,4,0.9705883860588074,1,False,0.25523012552301255,0.25662482566248257,0.71875
23431,0,CF1,L5,0.7,csfr,4,4,0.9990637898445129,1,False,0.24267782426778242,0.25523012552301255,0.71484375
231,0,CF1,L5,0.7,csfr,5,5,0.9959805011749268,1,False,0.23291492329149233,0.2398884239888424,0.671875
20678,0,CF1,L5,0.7,csfr,7,7,0.45025068521499634,1,False,0.2580195258019526,0.26220362622036264,0.734375
15851,0,CF1,L5,0.7,csfr,1,1,0.9991924166679382,1,False,0.2580195258019526,0.2412831241283124,0.67578125
24015,0,CF1,L5,0.7,csfr,0,0,0.9999314546585083,1,False,0.24546722454672246,0.2412831241283124,0.67578125
1082,0,CF1,L5,0.7,csfr,6,6,0.3723336160182953,1,False,0.26638772663877264,0.25523012552301255,0.71484375
5573,0,CF1,L5,0.7,csfr,8,8,0.47321513295173645,1,False,0.2524407252440725,0.25662482566248257,0.71875
11289,0,CF1,L5,0.7,csfr,1,1,0.9996857643127441,1,False,0.28730822873082285,0.2384937238493724,0.66796875
1751,0,CF1,L5,0.7,csfr,0,6,0.44754159450531006,0,False,0.2412831241283124,0.2398884239888424,0.671875
4594,0,CF1,L5,0.7,csfr,6,6,0.9829261302947998,1,False,0.26359832635983266,0.2608089260808926,0.73046875
21127,0,CF1,L5,0.7,csfr,8,8,0.9467498660087585,1,False,0.23570432357043236,0.24546722454672246,0.6875
12370,0,CF1,L5,0.7,csfr,4,4,0.7826555371284485,1,False,0.25383542538354253,0.2482566248256625,0.6953125
4125,0,CF1,L5,0.7,csfr,6,6,0.9938661456108093,1,False,0.2384937238493724,0.2482566248256625,0.6953125
11008,0,CF1,L5,0.7,csfr,1,1,0.9870144128799438,1,False,0.2580195258019526,0.23291492329149233,0.65234375
23395,0,CF1,L5,0.7,csfr,7,7,0.97477787733078,1,False,0.2510460251046025,0.2510460251046025,0.703125
3080,0,CF1,L5,0.7,csfr,3,3,0.9840765595436096,1,False,0.26778242677824265,0.26778242677824265,0.75
22400,0,CF1,L5,0.7,csfr,0,0,0.9999393224716187,1,False,0.2496513249651325,0.25662482566248257,0.71875
22514,0,CF1,L5,0.7,csfr,1,1,0.9837214350700378,1,False,0.2510460251046025,0.24546722454672246,0.6875
15137,0,CF1,L5,0.7,csfr,0,0,0.990685760974884,1,False,0.28870292887029286,0.24407252440725244,0.68359375
6681,0,CF1,L5,0.7,csfr,0,0,0.9740387797355652,1,False,0.24407252440725244,0.2649930264993027,0.7421875
5219,0,CF1,L5,0.7,csfr,5,4,0.337605744600296,0,False,0.27615062761506276,0.2398884239888424,0.671875
2355,0,CF1,L5,0.7,csfr,2,2,0.37187477946281433,1,False,0.27615062761506276,0.25383542538354253,0.7109375
4674,0,CF1,L5,0.7,csfr,5,3,0.412405401468277,0,False,0.26359832635983266,0.2524407252440725,0.70703125
14575,0,CF1,L5,0.7,csfr,1,1,0.9999990463256836,1,False,0.2859135285913529,0.25662482566248257,0.71875
6563,0,CF1,L5,0.7,csfr,5,5,0.8906582593917847,1,False,0.23291492329149233,0.2510460251046025,0.703125
17492,0,CF1,L5,0.7,csfr,9,0,0.40476295351982117,0,False,0.23430962343096234,0.26359832635983266,0.73828125
15770,0,CF1,L5,0.7,csfr,7,7,0.9839016795158386,1,False,0.26220362622036264,0.2301255230125523,0.64453125
20830,0,CF1,L5,0.7,csfr,1,1,0.9988106489181519,1,False,0.2398884239888424,0.2398884239888424,0.671875
1777,0,CF1,L5,0.7,csfr,2,2,0.992597222328186,1,False,0.298465829846583,0.25523012552301255,0.71484375
21617,0,CF1,L5,0.7,csfr,7,7,0.9967787861824036,1,False,0.2412831241283124,0.24686192468619247,0.69140625
21293,0,CF1,L5,0.7,csfr,4,6,0.3304825723171234,0,False,0.3110181311018131,0.24407252440725244,0.68359375
14504,0,CF1,L5,0.7,csfr,0,3,0.5529177188873291,0,False,0.2482566248256625,0.2608089260808926,0.73046875
21236,0,CF1,L5,0.7,csfr,7,7,0.987581729888916,1,False,0.23709902370990238,0.2398884239888424,0.671875
18558,0,CF1,L5,0.7,csfr,4,4,0.927875816822052,1,False,0.26220362622036264,0.25383542538354253,0.7109375
22916,0,CF1,L5,0.7,csfr,8,8,0.5357272624969482,1,False,0.23430962343096234,0.2691771269177127,0.75390625
18760,0,CF1,L5,0.7,csfr,6,2,0.6309927105903625,0,False,0.24546722454672246,0.2510460251046025,0.703125
17389,0,CF1,L5,0.7,csfr,8,8,0.5942486524581909,1,False,0.24267782426778242,0.2580195258019526,0.72265625
13155,0,CF1,L5,0.7,csfr,8,6,0.32977157831192017,0,False,0.2524407252440725,0.24267782426778242,0.6796875
13999,0,CF1,L5,0.7,csfr,5,5,0.9589560627937317,1,False,0.2384937238493724,0.22733612273361228,0.63671875
10265,0,CF1,L5,0.7,csfr,8,8,0.9510153532028198,1,False,0.2719665271966527,0.2524407252440725,0.70703125
17239,0,CF1,L5,0.7,csfr,2,2,0.999757707118988,1,False,0.2580195258019526,0.2510460251046025,0.703125
6288,0,CF1,L5,0.7,csfr,3,3,0.41072291135787964,1,False,0.23291492329149233,0.2510460251046025,0.703125
11514,0,CF1,L5,0.7,csfr,6,6,0.8575655817985535,1,False,0.24686192468619247,0.2412831241283124,0.67578125
23652,0,CF1,L5,0.7,csfr,1,1,0.9995294809341431,1,False,0.23570432357043236,0.24407252440725244,0.68359375
11939,0,CF1,L5,0.7,csfr,6,6,0.9933633804321289,1,False,0.2594142259414226,0.24686192468619247,0.69140625
2174,0,CF1,L5,0.7,csfr,7,7,0.9128533005714417,1,False,0.26778242677824265,0.2510460251046025,0.703125
15441,0,CF1,L5,0.7,csfr,4,4,0.9860965609550476,1,False,0.2608089260808926,0.2608089260808926,0.73046875
12260,0,CF1,L5,0.7,csfr,1,1,0.9673744440078735,1,False,0.26220362622036264,0.24686192468619247,0.69140625
25046,0,CF1,L5,0.7,csfr,6,6,0.7967349290847778,1,False,0.24267782426778242,0.26359832635983266,0.73828125
13958,0,CF1,L5,0.7,csfr,9,4,0.4637744724750519,0,False,0.26220362622036264,0.2412831241283124,0.67578125
20974,0,CF1,L5,0.7,csfr,8,8,0.7112985253334045,1,False,0.2524407252440725,0.26359832635983266,0.73828125
10626,0,CF1,L5,0.7,csfr,6,6,0.7651574611663818,1,False,0.2510460251046025,0.2496513249651325,0.69921875
22545,0,CF1,L5,0.7,csfr,5,5,0.6521973013877869,1,False,0.24407252440725244,0.25383542538354253,0.7109375
20288,0,CF1,L5,0.7,csfr,5,5,0.2710331976413727,1,False,0.2705718270571827,0.2412831241283124,0.67578125
13790,0,CF1,L5,0.7,csfr,7,7,0.99001544713974,1,False,0.2482566248256625,0.25523012552301255,0.71484375
2817,0,CF1,L5,0.7,csfr,4,4,0.8632358312606812,1,False,0.20781032078103207,0.25383542538354253,0.7109375
8344,0,CF1,L5,0.7,csfr,4,4,0.9937066435813904,1,False,0.22873082287308227,0.2580195258019526,0.72265625
11708,0,CF1,L5,0.7,csfr,1,1,0.9996321201324463,1,False,0.27615062761506276,0.24267782426778242,0.6796875
2379,0,CF1,L5,0.7,csfr,1,1,0.918546736240387,1,False,0.24686192468619247,0.24686192468619247,0.69140625
23602,0,CF1,L5,0.7,csfr,2,2,0.9785101413726807,1,False,0.2496513249651325,0.24546722454672246,0.6875
24357,0,CF1,L5,0.7,csfr,8,8,0.4045485258102417,1,False,0.2384937238493724,0.24267782426778242,0.6796875
16783,0,CF1,L5,0.7,csfr,4,4,0.9782124161720276,1,False,0.22315202231520223,0.2412831241283124,0.67578125
11723,0,CF1,L5,0.7,csfr,9,9,0.9896852970123291,1,False,0.2496513249651325,0.25523012552301255,0.71484375
5140,0,CF1,L5,0.7,csfr,5,5,0.8994519114494324,1,False,0.2580195258019526,0.2580195258019526,0.72265625
14563,0,CF1,L5,0.7,csfr,1,1,0.9997921586036682,1,False,0.2594142259414226,0.24267782426778242,0.6796875
11905,0,CF1,L5,0.7,csfr,7,1,0.578407347202301,0,False,0.25662482566248257,0.2510460251046025,0.703125
4657,0,CF1,L5,0.7,csfr,5,5,0.9772786498069763,1,False,0.23570432357043236,0.24267782426778242,0.6796875
9888,0,CF1,L5,0.7,csfr,7,7,0.989319384098053,1,False,0.2775453277545328,0.24546722454672246,0.6875
22827,0,CF1,L5,0.7,csfr,6,6,0.6776959300041199,1,False,0.23291492329149233,0.24267782426778242,0.6796875
23911,0,CF1,L5,0.7,csfr,7,7,0.9963138699531555,1,False,0.2733612273361227,0.24407252440725244,0.68359375
968,0,CF1,L5,0.7,csfr,3,3,0.8303810954093933,1,False,0.24267782426778242,0.24546722454672246,0.6875
18416,0,CF1,L5,0.7,csfr,2,2,0.9512119889259338,1,False,0.2496513249651325,0.2524407252440725,0.70703125
15166,0,CF1,L5,0.7,csfr,7,7,0.9903531670570374,1,False,0.26778242677824265,0.2496513249651325,0.69921875
15537,0,CF1,L5,0.7,csfr,6,5,0.3318006098270416,0,False,0.2719665271966527,0.26220362622036264,0.734375
112,0,CF1,L5,0.7,csfr,6,6,0.8633255362510681,1,False,0.23570432357043236,0.2510460251046025,0.703125
9754,0,CF1,L5,0.7,csfr,8,8,0.9306841492652893,1,False,0.2580195258019526,0.26778242677824265,0.75
3827,0,CF1,L5,0.7,csfr,1,1,0.9975226521492004,1,False,0.2412831241283124,0.2315202231520223,0.6484375
16427,0,CF1,L5,0.7,csfr,8,8,0.8521498441696167,1,False,0.23570432357043236,0.2580195258019526,0.72265625
4853,0,CF1,L5,0.7,csfr,8,1,0.4447983205318451,0,False,0.2482566248256625,0.24267782426778242,0.6796875
5025,0,CF1,L5,0.7,csfr,8,1,0.760784387588501,0,False,0.23430962343096234,0.2482566248256625,0.6953125
5497,0,CF1,L5,0.7,csfr,5,8,0.3249184489250183,0,False,0.2496513249651325,0.2398884239888424,0.671875
415,0,CF1,L5,0.7,csfr,5,5,0.5736008882522583,1,False,0.2705718270571827,0.2580195258019526,0.72265625
6055,0,CF1,L5,0.7,csfr,2,2,0.9989940524101257,1,False,0.25523012552301255,0.24686192468619247,0.69140625
4242,0,CF1,L5,0.7,csfr,6,5,0.681941568851471,0,False,0.26359832635983266,0.2594142259414226,0.7265625
16007,0,CF1,L5,0.7,csfr,3,3,0.9852827787399292,1,False,0.24686192468619247,0.25523012552301255,0.71484375
16184,0,CF1,L5,0.7,csfr,6,6,0.7435337901115417,1,False,0.2482566248256625,0.24407252440725244,0.68359375
15180,0,CF1,L5,0.7,csfr,2,2,0.42925795912742615,1,False,0.2705718270571827,0.2608089260808926,0.73046875
16402,0,CF1,L5,0.7,csfr,3,3,0.9984398484230042,1,False,0.24546722454672246,0.2384937238493724,0.66796875
12883,0,CF1,L5,0.7,csfr,7,7,0.9786403775215149,1,False,0.24546722454672246,0.2384937238493724,0.66796875
12596,0,CF1,L5,0.7,csfr,2,2,0.9993159770965576,1,False,0.25523012552301255,0.2580195258019526,0.72265625
13383,0,CF1,L5,0.7,csfr,0,0,0.9986982345581055,1,False,0.2691771269177127,0.2524407252440725,0.70703125
17140,0,CF1,L5,0.7,csfr,0,0,0.9632657170295715,1,False,0.2315202231520223,0.25383542538354253,0.7109375
11249,0,CF1,L5,0.7,csfr,7,7,0.9768933057785034,1,False,0.24407252440725244,0.2412831241283124,0.67578125
2927,0,CF1,L5,0.7,csfr,3,3,0.9869551062583923,1,False,0.23709902370990238,0.25523012552301255,0.71484375
13380,0,CF1,L5,0.7,csfr,3,3,0.9645060300827026,1,False,0.2412831241283124,0.2510460251046025,0.703125
24593,0,CF1,L5,0.7,csfr,5,5,0.8706161975860596,1,False,0.2524407252440725,0.25662482566248257,0.71875
14507,0,CF1,L5,0.7,csfr,8,3,0.3561234772205353,0,False,0.2733612273361227,0.2398884239888424,0.671875
9355,0,CF1,L5,0.7,csfr,8,8,0.6820745468139648,1,False,0.2928870292887029,0.24407252440725244,0.68359375
3943,0,CF1,L5,0.7,csfr,3,3,0.8351993560791016,1,False,0.26638772663877264,0.2608089260808926,0.73046875
4913,0,CF1,L5,0.7,csfr,4,4,0.9886181354522705,1,False,0.2301255230125523,0.2594142259414226,0.7265625
23440,0,CF1,L5,0.7,csfr,4,4,0.4914597272872925,1,False,0.26220362622036264,0.25523012552301255,0.71484375
19289,0,CF1,L5,0.7,csfr,7,7,0.9821125268936157,1,False,0.2384937238493724,0.25523012552301255,0.71484375
17841,0,CF1,L5,0.7,csfr,6,6,0.9781158566474915,1,False,0.2203626220362622,0.2482566248256625,0.6953125
18139,0,CF1,L5,0.7,csfr,0,0,0.889418363571167,1,False,0.25523012552301255,0.2580195258019526,0.72265625
18549,0,CF1,L5,0.7,csfr,7,7,0.9985930323600769,1,False,0.2733612273361227,0.2482566248256625,0.6953125
7215,0,CF1,L5,0.7,csfr,7,7,0.9999731779098511,1,False,0.24267782426778242,0.24546722454672246,0.6875
10574,0,CF1,L5,0.7,csfr,7,7,0.4032318592071533,1,False,0.2524407252440725,0.2412831241283124,0.67578125
10329,0,CF1,L5,0.7,csfr,7,7,0.5532625913619995,1,False,0.25523012552301255,0.25523012552301255,0.71484375
21502,0,CF1,L5,0.7,csfr,4,4,0.9661285281181335,1,False,0.23430962343096234,0.24407252440725244,0.68359375
1209,0,CF1,L5,0.7,csfr,8,5,0.45203423500061035,0,False,0.2482566248256625,0.23570432357043236,0.66015625
22202,0,CF1,L5,0.7,csfr,6,6,0.8844684958457947,1,False,0.26220362622036264,0.2649930264993027,0.7421875
12914,0,CF1,L5,0.7,csfr,2,2,0.7382770776748657,1,False,0.2594142259414226,0.24686192468619247,0.69140625
23477,0,CF1,L5,0.7,csfr,6,6,0.8846025466918945,1,False,0.2412831241283124,0.2608089260808926,0.73046875
13286,0,CF1,L5,0.7,csfr,5,5,0.7908103466033936,1,False,0.2594142259414226,0.2705718270571827,0.7578125
24957,0,CF1,L5,0.7,csfr,2,2,0.9928514957427979,1,False,0.24546722454672246,0.2496513249651325,0.69921875
23215,0,CF1,L5,0.7,csfr,9,9,0.4954875409603119,1,False,0.24267782426778242,0.2482566248256625,0.6953125
8171,0,CF1,L5,0.7,csfr,3,3,0.5613454580307007,1,False,0.24546722454672246,0.2496513249651325,0.69921875
13427,0,CF1,L5,0.7,csfr,4,4,0.9818726181983948,1,False,0.2608089260808926,0.25662482566248257,0.71875
1985,0,CF1,L5,0.7,csfr,9,9,0.827059268951416,1,False,0.2482566248256625,0.2482566248256625,0.6953125
19607,0,CF1,L5,0.7,csfr,1,1,0.6908887624740601,1,False,0.24267782426778242,0.23570432357043236,0.66015625
15138,0,CF1,L5,0.7,csfr,4,4,0.9053469300270081,1,False,0.2510460251046025,0.2524407252440725,0.70703125
18496,0,CF1,L5,0.7,csfr,3,3,0.9656422734260559,1,False,0.2691771269177127,0.25523012552301255,0.71484375
11341,0,CF1,L5,0.7,csfr,5,5,0.531222939491272,1,False,0.26778242677824265,0.25662482566248257,0.71875
3210,0,CF1,L5,0.7,csfr,6,5,0.6369084119796753,0,False,0.2649930264993027,0.2384937238493724,0.66796875
9044,0,CF1,L5,0.7,csfr,3,3,0.9917091727256775,1,False,0.2580195258019526,0.25523012552301255,0.71484375
1784,0,CF1,L5,0.7,csfr,1,1,0.717593789100647,1,False,0.23430962343096234,0.2608089260808926,0.73046875
20687,0,CF1,L5,0.7,csfr,7,7,0.9965837001800537,1,False,0.26220362622036264,0.2580195258019526,0.72265625
21479,0,CF1,L5,0.7,csfr,1,1,0.9992307424545288,1,False,0.24546722454672246,0.2398884239888424,0.671875
4465,0,CF1,L5,0.7,csfr,7,7,0.9957367181777954,1,False,0.24407252440725244,0.25523012552301255,0.71484375
8098,0,CF1,L5,0.7,csfr,3,3,0.9999945163726807,1,False,0.2594142259414226,0.23709902370990238,0.6640625
1105,0,CF1,L5,0.7,csfr,1,1,0.9931429624557495,1,False,0.2510460251046025,0.25383542538354253,0.7109375
24036,0,CF1,L5,0.7,csfr,0,0,0.9980125427246094,1,False,0.22733612273361228,0.2580195258019526,0.72265625
24825,0,CF1,L5,0.7,csfr,1,1,0.999717652797699,1,False,0.2705718270571827,0.2482566248256625,0.6953125
20081,0,CF1,L5,0.7,csfr,4,4,0.4982204735279083,1,False,0.2608089260808926,0.23430962343096234,0.65625
11780,0,CF1,L5,0.7,csfr,5,5,0.5086913704872131,1,False,0.25662482566248257,0.2496513249651325,0.69921875
18228,0,CF1,L5,0.7,csfr,2,2,0.7664711475372314,1,False,0.26220362622036264,0.2510460251046025,0.703125
4363,0,CF1,L5,0.7,csfr,4,4,0.9973682761192322,1,False,0.2691771269177127,0.2608089260808926,0.73046875
10210,0,CF1,L5,0.7,csfr,7,1,0.8364677429199219,0,False,0.24546722454672246,0.2482566248256625,0.6953125
7005,0,CF1,L5,0.7,csfr,2,2,0.9948676824569702,1,False,0.25662482566248257,0.2594142259414226,0.7265625
7071,0,CF1,L5,0.7,csfr,3,3,0.7079195976257324,1,False,0.2524407252440725,0.24546722454672246,0.6875
25299,0,CF1,L5,0.7,csfr,4,4,0.9592750668525696,1,False,0.25662482566248257,0.23291492329149233,0.65234375
3393,0,CF1,L5,0.7,csfr,0,9,0.5952883958816528,0,False,0.25662482566248257,0.24686192468619247,0.69140625
10532,0,CF1,L5,0.7,csfr,8,9,0.5174371600151062,0,False,0.2398884239888424,0.2496513249651325,0.69921875
14271,0,CF1,L5,0.7,csfr,3,3,0.9418207406997681,1,False,0.24267782426778242,0.23570432357043236,0.66015625
12814,0,CF1,L5,0.7,csfr,4,4,0.990105926990509,1,False,0.2217573221757322,0.23430962343096234,0.65625
1763,0,CF1,L5,0.7,csfr,1,1,0.5493476390838623,1,False,0.24267782426778242,0.2524407252440725,0.70703125
2795,0,CF1,L5,0.7,csfr,4,4,0.974418044090271,1,False,0.2719665271966527,0.2524407252440725,0.70703125
5329,0,CF1,L5,0.7,csfr,2,2,0.8516376614570618,1,False,0.2859135285913529,0.24686192468619247,0.69140625
11024,0,CF1,L5,0.7,csfr,8,6,0.8903515934944153,0,False,0.25523012552301255,0.24267782426778242,0.6796875
23383,0,CF1,L5,0.7,csfr,6,6,0.939418613910675,1,False,0.2482566248256625,0.24407252440725244,0.68359375
582,0,CF1,L5,0.7,csfr,2,2,0.6632197499275208,1,False,0.26359832635983266,0.24407252440725244,0.68359375
20037,0,CF1,L5,0.7,csfr,5,5,0.8767750263214111,1,False,0.22733612273361228,0.2496513249651325,0.69921875
4876,0,CF1,L5,0.7,csfr,3,3,0.4892486333847046,1,False,0.23430962343096234,0.24267782426778242,0.6796875
16157,0,CF1,L5,0.7,csfr,1,1,0.9989122152328491,1,False,0.2412831241283124,0.2594142259414226,0.7265625
24155,0,CF1,L5,0.7,csfr,7,7,0.9996036887168884,1,False,0.24267782426778242,0.2524407252440725,0.70703125
21035,0,CF1,L5,0.7,csfr,1,1,0.9995051622390747,1,False,0.2384937238493724,0.2510460251046025,0.703125
2530,0,CF1,L5,0.7,csfr,2,2,0.4717292785644531,1,False,0.27615062761506276,0.24686192468619247,0.69140625
20951,0,CF1,L5,0.7,csfr,4,4,0.9935418367385864,1,False,0.2580195258019526,0.24686192468619247,0.69140625
9752,0,CF1,L5,0.7,csfr,9,9,0.7521291971206665,1,False,0.26359832635983266,0.24407252440725244,0.68359375
20362,0,CF1,L5,0.7,csfr,9,8,0.45754361152648926,0,False,0.2510460251046025,0.2580195258019526,0.72265625
5669,0,CF1,L5,0.7,csfr,2,2,0.8955476880073547,1,False,0.26220362622036264,0.24407252440725244,0.68359375
9395,0,CF1,L5,0.7,csfr,6,5,0.6271905899047852,0,False,0.2398884239888424,0.25383542538354253,0.7109375
22115,0,CF1,L5,0.7,csfr,2,2,0.5181127190589905,1,False,0.25383542538354253,0.24267782426778242,0.6796875
3784,0,CF1,L5,0.7,csfr,5,5,0.5939354300498962,1,False,0.2412831241283124,0.2524407252440725,0.70703125
15518,0,CF1,L5,0.7,csfr,1,1,0.9272388815879822,1,False,0.28172942817294283,0.26778242677824265,0.75
22913,0,CF1,L5,0.7,csfr,1,1,0.612590491771698,1,False,0.25523012552301255,0.2691771269177127,0.75390625
22485,0,CF1,L5,0.7,csfr,8,8,0.960211455821991,1,False,0.19525801952580196,0.2524407252440725,0.70703125
14166,0,CF1,L5,0.7,csfr,9,9,0.3934391140937805,1,False,0.2384937238493724,0.27475592747559274,0.76953125
4606,0,CF1,L5,0.7,csfr,8,8,0.22494979202747345,1,False,0.26220362622036264,0.24546722454672246,0.6875
12043,0,CF1,L5,0.7,csfr,8,0,0.16604235768318176,0,False,0.26359832635983266,0.24267782426778242,0.6796875
20255,0,CF1,L5,0.7,csfr,9,9,0.7994813323020935,1,False,0.26220362622036264,0.2384937238493724,0.66796875
21390,0,CF1,L5,0.7,csfr,8,8,0.4259260296821594,1,False,0.27475592747559274,0.22873082287308227,0.640625
13388,0,CF1,L5,0.7,csfr,6,6,0.846453070640564,1,False,0.23570432357043236,0.23570432357043236,0.66015625
9382,0,CF1,L5,0.7,csfr,0,0,0.9983847141265869,1,False,0.2398884239888424,0.2482566248256625,0.6953125
11878,0,CF1,L5,0.7,csfr,4,4,0.9895484447479248,1,False,0.23430962343096234,0.2649930264993027,0.7421875
10774,0,CF1,L5,0.7,csfr,1,1,0.9999942779541016,1,False,0.2482566248256625,0.24267782426778242,0.6796875
2211,0,CF1,L5,0.7,csfr,4,4,0.9982550740242004,1,False,0.24686192468619247,0.2496513249651325,0.69921875
22804,0,CF1,L5,0.7,csfr,1,1,0.9877139329910278,1,False,0.26638772663877264,0.2524407252440725,0.70703125
17903,0,CF1,L5,0.7,csfr,3,0,0.7089273929595947,0,False,0.25523012552301255,0.2482566248256625,0.6953125
16889,0,CF1,L5,0.7,csfr,1,1,0.7569025754928589,1,False,0.25523012552301255,0.2482566248256625,0.6953125
3013,0,CF1,L5,0.7,csfr,8,8,0.6859250068664551,1,False,0.24407252440725244,0.25523012552301255,0.71484375
19919,0,CF1,L5,0.7,csfr,8,8,0.38546085357666016,1,False,0.26359832635983266,0.23570432357043236,0.66015625
7911,0,CF1,L5,0.7,csfr,0,6,0.43492838740348816,0,False,0.27475592747559274,0.2510460251046025,0.703125
6473,0,CF1,L5,0.7,csfr,5,5,0.9585612416267395,1,False,0.25523012552301255,0.2524407252440725,0.70703125
14963,0,CF1,L5,0.7,csfr,2,2,0.951190173625946,1,False,0.21617852161785217,0.24407252440725244,0.68359375
3189,0,CF1,L5,0.7,csfr,3,3,0.46569743752479553,1,False,0.24407252440725244,0.2384937238493724,0.66796875
21433,0,CF1,L5,0.7,csfr,6,6,0.7781742811203003,1,False,0.23430962343096234,0.23570432357043236,0.66015625
21534,0,CF1,L5,0.7,csfr,9,9,0.9986818432807922,1,False,0.2384937238493724,0.2496513249651325,0.69921875
4378,0,CF1,L5,0.7,csfr,4,4,0.6936725974082947,1,False,0.26638772663877264,0.25662482566248257,0.71875
4179,0,CF1,L5,0.7,csfr,3,3,0.9999896287918091,1,False,0.2580195258019526,0.2510460251046025,0.703125
20275,0,CF1,L5,0.7,csfr,7,7,0.9059680104255676,1,False,0.2412831241283124,0.2580195258019526,0.72265625
724,0,CF1,L5,0.7,csfr,4,4,0.8628861308097839,1,False,0.24407252440725244,0.2608089260808926,0.73046875
15532,0,CF1,L5,0.7,csfr,5,5,0.9941509366035461,1,False,0.2496513249651325,0.24407252440725244,0.68359375
7808,0,CF1,L5,0.7,csfr,4,3,0.37436309456825256,0,False,0.24686192468619247,0.2580195258019526,0.72265625
3185,0,CF1,L5,0.7,csfr,7,7,0.991664469242096,1,False,0.2691771269177127,0.2594142259414226,0.7265625
8217,0,CF1,L5,0.7,csfr,5,5,0.5750397443771362,1,False,0.2705718270571827,0.2594142259414226,0.7265625
15284,0,CF1,L5,0.7,csfr,2,2,0.9916395545005798,1,False,0.22733612273361228,0.2496513249651325,0.69921875
2195,0,CF1,L5,0.7,csfr,1,1,0.7608479857444763,1,False,0.24267782426778242,0.24407252440725244,0.68359375
21296,0,CF1,L5,0.7,csfr,0,0,0.6566249132156372,1,False,0.26778242677824265,0.2594142259414226,0.7265625
14286,0,CF1,L5,0.7,csfr,3,3,0.9859078526496887,1,False,0.26220362622036264,0.2510460251046025,0.703125
4261,0,CF1,L5,0.7,csfr,0,0,0.9993742108345032,1,False,0.23709902370990238,0.23709902370990238,0.6640625
24480,0,CF1,L5,0.7,csfr,2,2,0.9970484375953674,1,False,0.23570432357043236,0.2608089260808926,0.73046875
23581,0,CF1,L5,0.7,csfr,7,7,0.9799403548240662,1,False,0.26778242677824265,0.2496513249651325,0.69921875
24364,0,CF1,L5,0.7,csfr,7,7,0.9951752424240112,1,False,0.24546722454672246,0.2649930264993027,0.7421875
4259,0,CF1,L5,0.7,csfr,4,4,0.7014156579971313,1,False,0.28730822873082285,0.24686192468619247,0.69140625
4323,0,CF1,L5,0.7,csfr,8,8,0.6638718843460083,1,False,0.2398884239888424,0.23709902370990238,0.6640625
26017,0,CF1,L5,0.7,csfr,2,2,0.9999239444732666,1,False,0.2398884239888424,0.25523012552301255,0.71484375
4055,0,CF1,L5,0.7,csfr,9,9,0.4101308584213257,1,False,0.2412831241283124,0.2580195258019526,0.72265625
23968,0,CF1,L5,0.7,csfr,6,6,0.9425933957099915,1,False,0.27615062761506276,0.25383542538354253,0.7109375
4914,0,CF1,L5,0.7,csfr,2,2,0.9975337982177734,1,False,0.24546722454672246,0.2482566248256625,0.6953125
17310,0,CF1,L5,0.7,csfr,7,5,0.2583931088447571,0,False,0.2705718270571827,0.23291492329149233,0.65234375
14981,0,CF1,L5,0.7,csfr,2,2,0.4120752811431885,1,False,0.26778242677824265,0.25523012552301255,0.71484375
7511,0,CF1,L5,0.7,csfr,6,0,0.5363124012947083,0,False,0.2524407252440725,0.26638772663877264,0.74609375
4136,0,CF1,L5,0.7,csfr,9,9,0.9669423699378967,1,False,0.2315202231520223,0.2398884239888424,0.671875
8043,0,CF1,L5,0.7,csfr,2,2,0.9142289161682129,1,False,0.24686192468619247,0.2510460251046025,0.703125
14360,0,CF1,L5,0.7,csfr,4,4,0.9862027168273926,1,False,0.2412831241283124,0.25523012552301255,0.71484375
6364,0,CF1,L5,0.7,csfr,0,0,0.9899330139160156,1,False,0.2705718270571827,0.23709902370990238,0.6640625
8827,0,CF1,L5,0.7,csfr,4,4,0.8830503225326538,1,False,0.26638772663877264,0.25383542538354253,0.7109375
24886,0,CF1,L5,0.7,csfr,9,2,0.9900708794593811,0,False,0.26220362622036264,0.24407252440725244,0.68359375
21392,0,CF1,L5,0.7,csfr,2,2,0.9758029580116272,1,False,0.26220362622036264,0.25383542538354253,0.7109375
18654,0,CF1,L5,0.7,csfr,6,6,0.9618256688117981,1,False,0.2594142259414226,0.2482566248256625,0.6953125
21766,0,CF1,L5,0.7,csfr,1,1,0.6865456104278564,1,False,0.23709902370990238,0.26220362622036264,0.734375
25433,0,CF1,L5,0.7,csfr,8,1,0.5383797883987427,0,False,0.2691771269177127,0.2482566248256625,0.6953125
10927,0,CF1,L5,0.7,csfr,8,1,0.8484569191932678,0,False,0.24267782426778242,0.25523012552301255,0.71484375
14092,0,CF1,L5,0.7,csfr,6,6,0.9970145225524902,1,False,0.2315202231520223,0.2482566248256625,0.6953125
20936,0,CF1,L5,0.7,csfr,9,5,0.6325022578239441,0,False,0.25523012552301255,0.24686192468619247,0.69140625
23711,0,CF1,L5,0.7,csfr,4,4,0.9526973962783813,1,False,0.23709902370990238,0.24267782426778242,0.6796875
19260,0,CF1,L5,0.7,csfr,7,7,0.8956465721130371,1,False,0.2719665271966527,0.2594142259414226,0.7265625
17360,0,CF1,L5,0.7,csfr,3,3,0.9614197015762329,1,False,0.23709902370990238,0.26220362622036264,0.734375
965,0,CF1,L5,0.7,csfr,0,0,0.781488299369812,1,False,0.2398884239888424,0.2510460251046025,0.703125
463,0,CF1,L5,0.7,csfr,6,9,0.3684687912464142,0,False,0.25662482566248257,0.25523012552301255,0.71484375
8945,0,CF1,L5,0.7,csfr,6,6,0.56950443983078,1,False,0.2384937238493724,0.2482566248256625,0.6953125
14090,0,CF1,L5,0.7,csfr,2,2,0.9956372380256653,1,False,0.25383542538354253,0.2524407252440725,0.70703125
8479,0,CF1,L5,0.7,csfr,9,9,0.9935391545295715,1,False,0.24407252440725244,0.2496513249651325,0.69921875
24477,0,CF1,L5,0.7,csfr,2,2,0.9965247511863708,1,False,0.24407252440725244,0.24546722454672246,0.6875
8195,0,CF1,L5,0.7,csfr,0,0,0.9966832995414734,1,False,0.26638772663877264,0.2384937238493724,0.66796875
1773,0,CF1,L5,0.7,csfr,0,0,0.8149104118347168,1,False,0.2482566248256625,0.24686192468619247,0.69140625
11776,0,CF1,L5,0.7,csfr,2,2,0.5499797463417053,1,False,0.23570432357043236,0.25662482566248257,0.71875
3313,0,CF1,L5,0.7,csfr,6,6,0.9820480346679688,1,False,0.2775453277545328,0.24407252440725244,0.68359375
5424,0,CF1,L5,0.7,csfr,9,9,0.7830120921134949,1,False,0.2510460251046025,0.26638772663877264,0.74609375
19606,0,CF1,L5,0.7,csfr,2,2,0.7870495915412903,1,False,0.26220362622036264,0.24267782426778242,0.6796875
10110,0,CF1,L5,0.7,csfr,9,9,0.9684343338012695,1,False,0.2315202231520223,0.2482566248256625,0.6953125
22872,0,CF1,L5,0.7,csfr,6,7,0.8053041696548462,0,False,0.22454672245467225,0.25383542538354253,0.7109375
7573,0,CF1,L5,0.7,csfr,1,1,0.9988532066345215,1,False,0.22315202231520223,0.2608089260808926,0.73046875
7105,0,CF1,L5,0.7,csfr,3,3,0.9962875843048096,1,False,0.25383542538354253,0.24686192468619247,0.69140625
18854,0,CF1,L5,0.7,csfr,1,1,0.9883728623390198,1,False,0.23709902370990238,0.24686192468619247,0.69140625
14576,0,CF1,L5,0.7,csfr,9,9,0.999582827091217,1,False,0.2580195258019526,0.23709902370990238,0.6640625
9376,0,CF1,L5,0.7,csfr,0,0,0.9710908532142639,1,False,0.23570432357043236,0.24686192468619247,0.69140625
20128,0,CF1,L5,0.7,csfr,8,8,0.9956250786781311,1,False,0.2482566248256625,0.24686192468619247,0.69140625
24854,0,CF1,L5,0.7,csfr,9,9,0.9998444318771362,1,False,0.23570432357043236,0.2398884239888424,0.671875
4937,0,CF1,L5,0.7,csfr,2,2,0.7505720853805542,1,False,0.27475592747559274,0.24407252440725244,0.68359375
338,0,CF1,L5,0.7,csfr,3,3,0.9621016979217529,1,False,0.2524407252440725,0.2608089260808926,0.73046875
9981,0,CF1,L5,0.7,csfr,3,3,0.5635314583778381,1,False,0.2398884239888424,0.24686192468619247,0.69140625
6665,0,CF1,L5,0.7,csfr,8,8,0.939487636089325,1,False,0.2649930264993027,0.26359832635983266,0.73828125
6704,0,CF1,L5,0.7,csfr,0,0,0.8943296074867249,1,False,0.2482566248256625,0.23291492329149233,0.65234375
23255,0,CF1,L5,0.7,csfr,2,2,0.9996378421783447,1,False,0.26778242677824265,0.26778242677824265,0.75
5355,0,CF1,L5,0.7,csfr,5,5,0.9511047601699829,1,False,0.2482566248256625,0.2524407252440725,0.70703125
22422,0,CF1,L5,0.7,csfr,1,1,0.8424298167228699,1,False,0.2412831241283124,0.2580195258019526,0.72265625
7367,0,CF1,L5,0.7,csfr,9,9,0.8417445421218872,1,False,0.24407252440725244,0.2594142259414226,0.7265625
13489,0,CF1,L5,0.7,csfr,7,7,0.6300462484359741,1,False,0.2384937238493724,0.2580195258019526,0.72265625
20955,0,CF1,L5,0.7,csfr,7,7,0.9690502882003784,1,False,0.2384937238493724,0.25662482566248257,0.71875
25439,0,CF1,L5,0.7,csfr,9,9,0.9999785423278809,1,False,0.27475592747559274,0.24686192468619247,0.69140625
12711,0,CF1,L5,0.7,csfr,8,8,0.7629817128181458,1,False,0.2594142259414226,0.25523012552301255,0.71484375
7671,0,CF1,L5,0.7,csfr,6,6,0.6371942162513733,1,False,0.2510460251046025,0.2691771269177127,0.75390625
20420,0,CF1,L5,0.7,csfr,8,9,0.31148165464401245,0,False,0.24686192468619247,0.2524407252440725,0.70703125
12630,0,CF1,L5,0.7,csfr,2,7,0.3242906928062439,0,False,0.2496513249651325,0.2649930264993027,0.7421875
21394,0,CF1,L5,0.7,csfr,1,1,0.940448522567749,1,False,0.27475592747559274,0.2510460251046025,0.703125
7095,0,CF1,L5,0.7,csfr,1,1,0.9473708868026733,1,False,0.26778242677824265,0.2412831241283124,0.67578125
11532,0,CF1,L5,0.7,csfr,9,9,0.8129993677139282,1,False,0.26359832635983266,0.24267782426778242,0.6796875
2853,0,CF1,L5,0.7,csfr,3,3,0.9995999932289124,1,False,0.25662482566248257,0.2398884239888424,0.671875
13487,0,CF1,L5,0.7,csfr,0,0,0.5871963500976562,1,False,0.24686192468619247,0.2510460251046025,0.703125
9350,0,CF1,L5,0.7,csfr,9,9,0.9800549745559692,1,False,0.2510460251046025,0.2398884239888424,0.671875
24164,0,CF1,L5,0.7,csfr,4,4,0.9404767751693726,1,False,0.2412831241283124,0.2315202231520223,0.6484375
23155,0,CF1,L5,0.7,csfr,7,7,0.9731578230857849,1,False,0.24546722454672246,0.24546722454672246,0.6875
1588,0,CF1,L5,0.7,csfr,8,3,0.3643052577972412,0,False,0.25523012552301255,0.25523012552301255,0.71484375
5400,0,CF1,L5,0.7,csfr,5,6,0.47488418221473694,0,False,0.25523012552301255,0.25523012552301255,0.71484375
8913,0,CF1,L5,0.7,csfr,6,6,0.9656879901885986,1,False,0.26638772663877264,0.24546722454672246,0.6875
4990,0,CF1,L5,0.7,csfr,8,2,0.3961220681667328,0,False,0.2496513249651325,0.2510460251046025,0.703125
13364,0,CF1,L5,0.7,csfr,7,7,0.9991912245750427,1,False,0.2691771269177127,0.2412831241283124,0.67578125
1157,0,CF1,L5,0.7,csfr,1,1,0.9009431600570679,1,False,0.2524407252440725,0.2384937238493724,0.66796875
19432,0,CF1,L5,0.7,csfr,6,6,0.998755931854248,1,False,0.2705718270571827,0.25662482566248257,0.71875
24861,0,CF1,L5,0.7,csfr,1,1,0.9563645124435425,1,False,0.24546722454672246,0.24686192468619247,0.69140625
16303,0,CF1,L5,0.7,csfr,0,9,0.6778229475021362,0,False,0.26638772663877264,0.2524407252440725,0.70703125
23675,0,CF1,L5,0.7,csfr,1,1,0.9767394065856934,1,False,0.24407252440725244,0.25523012552301255,0.71484375
10816,0,CF1,L5,0.7,csfr,5,5,0.9557173252105713,1,False,0.2496513249651325,0.2384937238493724,0.66796875
25683,0,CF1,L5,0.7,csfr,7,7,0.9974746108055115,1,False,0.24407252440725244,0.24546722454672246,0.6875
6680,0,CF1,L5,0.7,csfr,7,7,0.7008265852928162,1,False,0.2412831241283124,0.2412831241283124,0.67578125
15541,0,CF1,L5,0.7,csfr,1,1,0.9487196803092957,1,False,0.2510460251046025,0.23430962343096234,0.65625
129,0,CF1,L5,0.7,csfr,9,9,0.8978915214538574,1,False,0.22315202231520223,0.26359832635983266,0.73828125
10977,0,CF1,L5,0.7,csfr,5,5,0.9868232011795044,1,False,0.28172942817294283,0.24546722454672246,0.6875
7518,0,CF1,L5,0.7,csfr,5,5,0.6739045977592468,1,False,0.2175732217573222,0.2608089260808926,0.73046875
15350,0,CF1,L5,0.7,csfr,0,0,0.9787838459014893,1,False,0.2384937238493724,0.2524407252440725,0.70703125
4712,0,CF1,L5,0.7,csfr,2,2,0.9987486600875854,1,False,0.26638772663877264,0.2510460251046025,0.703125
3234,0,CF1,L5,0.7,csfr,1,1,0.9726229906082153,1,False,0.2608089260808926,0.26220362622036264,0.734375
21292,0,CF1,L5,0.7,csfr,8,6,0.4886341392993927,0,False,0.25662482566248257,0.24407252440725244,0.68359375
6439,0,CF1,L5,0.7,csfr,6,8,0.6860002875328064,0,False,0.25383542538354253,0.25662482566248257,0.71875
16930,0,CF1,L5,0.7,csfr,4,4,0.4310814142227173,1,False,0.25383542538354253,0.23709902370990238,0.6640625
25255,0,CF1,L5,0.7,csfr,6,2,0.5712376832962036,0,False,0.2496513249651325,0.2510460251046025,0.703125
5562,0,CF1,L5,0.7,csfr,6,6,0.998117208480835,1,False,0.2691771269177127,0.2580195258019526,0.72265625
20888,0,CF1,L5,0.7,csfr,6,8,0.6114552617073059,0,False,0.24267782426778242,0.25383542538354253,0.7109375
17907,0,CF1,L5,0.7,csfr,0,0,0.983230710029602,1,False,0.2649930264993027,0.2524407252440725,0.70703125
15282,0,CF1,L5,0.7,csfr,5,6,0.5195165276527405,0,False,0.25383542538354253,0.25662482566248257,0.71875
9564,0,CF1,L5,0.7,csfr,5,5,0.9945083260536194,1,False,0.2482566248256625,0.25662482566248257,0.71875
2105,0,CF1,L5,0.7,csfr,5,6,0.6690685153007507,0,False,0.2580195258019526,0.24686192468619247,0.69140625
2188,0,CF1,L5,0.7,csfr,5,5,0.9818637371063232,1,False,0.25523012552301255,0.24686192468619247,0.69140625
10587,0,CF1,L5,0.7,csfr,9,9,0.9727569818496704,1,False,0.26220362622036264,0.24686192468619247,0.69140625
20421,0,CF1,L5,0.7,csfr,8,9,0.7544652819633484,0,False,0.2315202231520223,0.25383542538354253,0.7109375
23070,0,CF1,L5,0.7,csfr,0,0,0.990675151348114,1,False,0.2914923291492329,0.2496513249651325,0.69921875
19127,0,CF1,L5,0.7,csfr,6,6,0.8671159744262695,1,False,0.2803347280334728,0.26359832635983266,0.73828125
7302,0,CF1,L5,0.7,csfr,3,3,0.9948693513870239,1,False,0.26220362622036264,0.2496513249651325,0.69921875
8409,0,CF1,L5,0.7,csfr,4,4,0.9997701048851013,1,False,0.28312412831241285,0.23709902370990238,0.6640625
11086,0,CF1,L5,0.7,csfr,7,7,0.9626501202583313,1,False,0.2510460251046025,0.26359832635983266,0.73828125
17122,0,CF1,L5,0.7,csfr,5,5,0.9913520812988281,1,False,0.21338912133891214,0.25383542538354253,0.7109375
3555,0,CF1,L5,0.7,csfr,2,2,0.9990242719650269,1,False,0.25383542538354253,0.2412831241283124,0.67578125
19437,0,CF1,L5,0.7,csfr,4,4,0.607020914554596,1,False,0.24267782426778242,0.2580195258019526,0.72265625
594,0,CF1,L5,0.7,csfr,9,9,0.9901822209358215,1,False,0.21617852161785217,0.25383542538354253,0.7109375
21863,0,CF1,L5,0.7,csfr,3,3,0.989081621170044,1,False,0.26359832635983266,0.2482566248256625,0.6953125
19765,0,CF1,L5,0.7,csfr,5,5,0.9944726824760437,1,False,0.2384937238493724,0.2482566248256625,0.6953125
16909,0,CF1,L5,0.7,csfr,2,2,0.9593879580497742,1,False,0.24267782426778242,0.2510460251046025,0.703125
21154,0,CF1,L5,0.7,csfr,7,7,0.998674750328064,1,False,0.26220362622036264,0.25383542538354253,0.7109375
18615,0,CF1,L5,0.7,csfr,7,7,0.9704018831253052,1,False,0.22733612273361228,0.25523012552301255,0.71484375
18171,0,CF1,L5,0.7,csfr,7,7,0.9999076128005981,1,False,0.24267782426778242,0.2412831241283124,0.67578125
24434,0,CF1,L5,0.7,csfr,5,5,0.69901442527771,1,False,0.2594142259414226,0.2649930264993027,0.7421875
9664,0,CF1,L5,0.7,csfr,0,0,0.9884566068649292,1,False,0.21896792189679218,0.23709902370990238,0.6640625
2013,0,CF1,L5,0.7,csfr,5,5,0.9284731149673462,1,False,0.28172942817294283,0.2594142259414226,0.7265625
13537,0,CF1,L5,0.7,csfr,4,0,0.3860391080379486,0,False,0.24407252440725244,0.24407252440725244,0.68359375
23942,0,CF1,L5,0.7,csfr,9,8,0.4470948874950409,0,False,0.2705718270571827,0.2496513249651325,0.69921875
12415,0,CF1,L5,0.7,csfr,4,4,0.8418917059898376,1,False,0.25383542538354253,0.23570432357043236,0.66015625
13735,0,CF1,L5,0.7,csfr,0,0,0.9384136199951172,1,False,0.24686192468619247,0.25523012552301255,0.71484375
6873,0,CF1,L5,0.7,csfr,1,1,0.998400866985321,1,False,0.2594142259414226,0.23430962343096234,0.65625
16233,0,CF1,L5,0.7,csfr,2,2,0.9380621910095215,1,False,0.21617852161785217,0.2580195258019526,0.72265625
13108,0,CF1,L5,0.7,csfr,5,5,0.6359094977378845,1,False,0.2719665271966527,0.24267782426778242,0.6796875
18114,0,CF1,L5,0.7,csfr,7,7,0.9937942028045654,1,False,0.2510460251046025,0.2398884239888424,0.671875
25318,0,CF1,L5,0.7,csfr,0,1,0.5052999258041382,0,False,0.22594142259414227,0.24407252440725244,0.68359375
22387,0,CF1,L5,0.7,csfr,7,7,0.9727353453636169,1,False,0.21338912133891214,0.2580195258019526,0.72265625
19911,0,CF1,L5,0.7,csfr,7,7,0.8868231177330017,1,False,0.2398884239888424,0.24407252440725244,0.68359375
9953,0,CF1,L5,0.7,csfr,2,2,0.9832488298416138,1,False,0.2203626220362622,0.2496513249651325,0.69921875
18500,0,CF1,L5,0.7,csfr,1,1,0.9969550371170044,1,False,0.2649930264993027,0.24267782426778242,0.6796875
12463,0,CF1,L5,0.7,csfr,2,5,0.4561704993247986,0,False,0.2705718270571827,0.24686192468619247,0.69140625
12143,0,CF1,L5,0.7,csfr,8,8,0.9048391580581665,1,False,0.23430962343096234,0.25523012552301255,0.71484375
14588,0,CF1,L5,0.7,csfr,8,8,0.9543792605400085,1,False,0.2315202231520223,0.25523012552301255,0.71484375
22152,0,CF1,L5,0.7,csfr,2,2,0.8411833047866821,1,False,0.25383542538354253,0.2412831241283124,0.67578125
16563,0,CF1,L5,0.7,csfr,4,1,0.33430761098861694,0,False,0.2775453277545328,0.24546722454672246,0.6875
25225,0,CF1,L5,0.7,csfr,9,9,0.8837646842002869,1,False,0.2594142259414226,0.2384937238493724,0.66796875
1161,0,CF1,L5,0.7,csfr,2,1,0.333147794008255,0,False,0.28312412831241285,0.2691771269177127,0.75390625
9891,0,CF1,L5,0.7,csfr,5,5,0.8984731435775757,1,False,0.2719665271966527,0.24407252440725244,0.68359375
18833,0,CF1,L5,0.7,csfr,2,2,0.9198293089866638,1,False,0.2510460251046025,0.2398884239888424,0.671875
6162,0,CF1,L5,0.7,csfr,2,2,0.8749884366989136,1,False,0.2900976290097629,0.2524407252440725,0.70703125
22638,0,CF1,L5,0.7,csfr,0,9,0.5727155208587646,0,False,0.25662482566248257,0.2412831241283124,0.67578125
6112,0,CF1,L5,0.7,csfr,6,6,0.6248559355735779,1,False,0.2482566248256625,0.2482566248256625,0.6953125
24259,0,CF1,L5,0.7,csfr,9,9,0.8442063331604004,1,False,0.2524407252440725,0.2580195258019526,0.72265625
18029,0,CF1,L5,0.7,csfr,2,2,0.9663041234016418,1,False,0.23430962343096234,0.24267782426778242,0.6796875
13233,0,CF1,L5,0.7,csfr,0,0,0.5295115113258362,1,False,0.26220362622036264,0.2496513249651325,0.69921875
22560,0,CF1,L5,0.7,csfr,3,3,0.5051859617233276,1,False,0.24546722454672246,0.24546722454672246,0.6875
17100,0,CF1,L5,0.7,csfr,7,7,0.9847455620765686,1,False,0.23291492329149233,0.25383542538354253,0.7109375
13394,0,CF1,L5,0.7,csfr,7,7,0.8560604453086853,1,False,0.22733612273361228,0.2496513249651325,0.69921875
25173,0,CF1,L5,0.7,csfr,3,7,0.5000169277191162,0,False,0.23570432357043236,0.23291492329149233,0.65234375
17342,0,CF1,L5,0.7,csfr,4,4,0.9978821873664856,1,False,0.25523012552301255,0.23430962343096234,0.65625
5881,0,CF1,L5,0.7,csfr,1,1,0.964219331741333,1,False,0.2608089260808926,0.2496513249651325,0.69921875
16982,0,CF1,L5,0.7,csfr,3,1,0.4160256087779999,0,False,0.29707112970711297,0.24546722454672246,0.6875
12959,0,CF1,L5,0.7,csfr,2,2,0.9293317794799805,1,False,0.26359832635983266,0.2594142259414226,0.7265625
3410,0,CF1,L5,0.7,csfr,2,2,0.9877380132675171,1,False,0.24407252440725244,0.2510460251046025,0.703125
1939,0,CF1,L5,0.7,csfr,2,2,0.9993721842765808,1,False,0.26220362622036264,0.2510460251046025,0.703125
13563,0,CF1,L5,0.7,csfr,4,2,0.415810227394104,0,False,0.23291492329149233,0.2496513249651325,0.69921875
9659,0,CF1,L5,0.7,csfr,4,1,0.8910931944847107,0,False,0.26220362622036264,0.26359832635983266,0.73828125
23588,0,CF1,L5,0.7,csfr,9,9,0.9689017534255981,1,False,0.2649930264993027,0.25523012552301255,0.71484375
12156,0,CF1,L5,0.7,csfr,9,9,0.5409096479415894,1,False,0.28451882845188287,0.2510460251046025,0.703125
24790,0,CF1,L5,0.7,csfr,4,2,0.4521912932395935,0,False,0.2803347280334728,0.25523012552301255,0.71484375
894,0,CF1,L5,0.7,csfr,8,8,0.7563913464546204,1,False,0.28451882845188287,0.26638772663877264,0.74609375
13738,0,CF1,L5,0.7,csfr,7,7,0.9879933595657349,1,False,0.2691771269177127,0.24407252440725244,0.68359375
20555,0,CF1,L5,0.7,csfr,5,5,0.9133847951889038,1,False,0.2398884239888424,0.23430962343096234,0.65625
20457,0,CF1,L5,0.7,csfr,3,1,0.833134114742279,0,False,0.2398884239888424,0.2524407252440725,0.70703125
24842,0,CF1,L5,0.7,csfr,3,3,0.33769360184669495,1,False,0.24546722454672246,0.2524407252440725,0.70703125
11390,0,CF1,L5,0.7,csfr,9,8,0.34614628553390503,0,False,0.26359832635983266,0.24267782426778242,0.6796875
2665,0,CF1,L5,0.7,csfr,9,9,0.9174918532371521,1,False,0.2496513249651325,0.2705718270571827,0.7578125
24741,0,CF1,L5,0.7,csfr,8,8,0.8610929250717163,1,False,0.24686192468619247,0.2412831241283124,0.67578125
17634,0,CF1,L5,0.7,csfr,8,5,0.5017253756523132,0,False,0.24267782426778242,0.24686192468619247,0.69140625
16599,0,CF1,L5,0.7,csfr,1,1,0.9787762761116028,1,False,0.24267782426778242,0.2608089260808926,0.73046875
19330,0,CF1,L5,0.7,csfr,7,7,0.42002078890800476,1,False,0.25523012552301255,0.2510460251046025,0.703125
3257,0,CF1,L5,0.7,csfr,1,1,0.9941468238830566,1,False,0.24686192468619247,0.25383542538354253,0.7109375
1114,0,CF1,L5,0.7,csfr,9,9,0.992671012878418,1,False,0.25662482566248257,0.2733612273361227,0.765625
11738,0,CF1,L5,0.7,csfr,8,8,0.4745972454547882,1,False,0.24686192468619247,0.25383542538354253,0.7109375
13077,0,CF1,L5,0.7,csfr,8,8,0.9995409250259399,1,False,0.2496513249651325,0.24686192468619247,0.69140625
5168,0,CF1,L5,0.7,csfr,3,3,0.4294605851173401,1,False,0.25523012552301255,0.24546722454672246,0.6875
26013,0,CF1,L5,0.7,csfr,8,8,0.8629790544509888,1,False,0.24267782426778242,0.24546722454672246,0.6875
5611,0,CF1,L5,0.7,csfr,7,7,0.9914265871047974,1,False,0.27615062761506276,0.2496513249651325,0.69921875
9389,0,CF1,L5,0.7,csfr,6,6,0.904353141784668,1,False,0.2580195258019526,0.2649930264993027,0.7421875
25070,0,CF1,L5,0.7,csfr,2,2,0.9981744289398193,1,False,0.2594142259414226,0.26778242677824265,0.75
11322,0,CF1,L5,0.7,csfr,8,8,0.9258384108543396,1,False,0.2775453277545328,0.2398884239888424,0.671875
3051,0,CF1,L5,0.7,csfr,0,0,0.43138426542282104,1,False,0.23709902370990238,0.24407252440725244,0.68359375
18770,0,CF1,L5,0.7,csfr,4,1,0.25500261783599854,0,False,0.2691771269177127,0.26359832635983266,0.73828125
14692,0,CF1,L5,0.7,csfr,2,2,0.9902820587158203,1,False,0.2482566248256625,0.25383542538354253,0.7109375
4561,0,CF1,L5,0.7,csfr,5,5,0.8539350628852844,1,False,0.2649930264993027,0.2608089260808926,0.73046875
16994,0,CF1,L5,0.7,csfr,0,0,0.9998716115951538,1,False,0.2496513249651325,0.2510460251046025,0.703125
4156,0,CF1,L5,0.7,csfr,5,5,0.3162977695465088,1,False,0.25523012552301255,0.25523012552301255,0.71484375
5884,0,CF1,L5,0.7,csfr,1,2,0.6268947720527649,0,False,0.22733612273361228,0.26638772663877264,0.74609375
18233,0,CF1,L5,0.7,csfr,0,0,0.9809127449989319,1,False,0.2524407252440725,0.23430962343096234,0.65625
17044,0,CF1,L5,0.7,csfr,6,6,0.9855527281761169,1,False,0.24267782426778242,0.25662482566248257,0.71875
18857,0,CF1,L5,0.7,csfr,6,6,0.6833471059799194,1,False,0.24407252440725244,0.24407252440725244,0.68359375
21917,0,CF1,L5,0.7,csfr,9,9,0.7120597958564758,1,False,0.23709902370990238,0.2580195258019526,0.72265625
5054,0,CF1,L5,0.7,csfr,3,9,0.7453229427337646,0,False,0.2580195258019526,0.26220362622036264,0.734375
7882,0,CF1,L5,0.7,csfr,4,4,0.80698162317276,1,False,0.22873082287308227,0.2594142259414226,0.7265625
15688,0,CF1,L5,0.7,csfr,4,4,0.9996273517608643,1,False,0.2315202231520223,0.24267782426778242,0.6796875
5612,0,CF1,L5,0.7,csfr,8,8,0.9355164766311646,1,False,0.2524407252440725,0.24686192468619247,0.69140625
13934,0,CF1,L5,0.7,csfr,9,9,0.8197630047798157,1,False,0.28451882845188287,0.2412831241283124,0.67578125
16689,0,CF1,L5,0.7,csfr,2,2,0.9903233051300049,1,False,0.2510460251046025,0.23291492329149233,0.65234375
23844,0,CF1,L5,0.7,csfr,6,6,0.9595826268196106,1,False,0.25523012552301255,0.2384937238493724,0.66796875
7944,0,CF1,L5,0.7,csfr,7,7,0.923976719379425,1,False,0.25383542538354253,0.25383542538354253,0.7109375
11370,0,CF1,L5,0.7,csfr,8,8,0.9951643943786621,1,False,0.25383542538354253,0.25523012552301255,0.71484375
24569,0,CF1,L5,0.7,csfr,1,1,0.9996919631958008,1,False,0.25383542538354253,0.2398884239888424,0.671875
7529,0,CF1,L5,0.7,csfr,5,5,0.8911646008491516,1,False,0.2691771269177127,0.2580195258019526,0.72265625
5092,0,CF1,L5,0.7,csfr,2,2,0.9848932027816772,1,False,0.23709902370990238,0.2510460251046025,0.703125
20673,0,CF1,L5,0.7,csfr,2,2,0.9997183680534363,1,False,0.2649930264993027,0.26778242677824265,0.75
10096,0,CF1,L5,0.7,csfr,7,7,0.8326908946037292,1,False,0.25662482566248257,0.2384937238493724,0.66796875
2059,0,CF1,L5,0.7,csfr,3,3,0.7762641906738281,1,False,0.22733612273361228,0.2608089260808926,0.73046875
19318,0,CF1,L5,0.7,csfr,0,0,0.9914660453796387,1,False,0.2524407252440725,0.2482566248256625,0.6953125
12977,0,CF1,L5,0.7,csfr,8,0,0.5253124833106995,0,False,0.2496513249651325,0.25383542538354253,0.7109375
17673,0,CF1,L5,0.7,csfr,0,0,0.911773681640625,1,False,0.26359832635983266,0.2315202231520223,0.6484375
18750,0,CF1,L5,0.7,csfr,0,0,0.8812463879585266,1,False,0.2594142259414226,0.24407252440725244,0.68359375
16728,0,CF1,L5,0.7,csfr,3,3,0.926713228225708,1,False,0.2482566248256625,0.25523012552301255,0.71484375
14776,0,CF1,L5,0.7,csfr,8,8,0.9087491631507874,1,False,0.24407252440725244,0.24546722454672246,0.6875
6941,0,CF1,L5,0.7,csfr,9,9,0.8798345923423767,1,False,0.26359832635983266,0.26638772663877264,0.74609375
16787,0,CF1,L5,0.7,csfr,6,0,0.4584084451198578,0,False,0.2719665271966527,0.2496513249651325,0.69921875
25932,0,CF1,L5,0.7,csfr,5,5,0.9194997549057007,1,False,0.2524407252440725,0.24686192468619247,0.69140625
614,0,CF1,L5,0.7,csfr,0,0,0.3983071744441986,1,False,0.2719665271966527,0.25662482566248257,0.71875
25690,0,CF1,L5,0.7,csfr,5,5,0.8190377354621887,1,False,0.2859135285913529,0.24686192468619247,0.69140625
25968,0,CF1,L5,0.7,csfr,5,5,0.9829903841018677,1,False,0.24686192468619247,0.2496513249651325,0.69921875
20123,0,CF1,L5,0.7,csfr,3,3,0.9588753581047058,1,False,0.21478382147838215,0.26220362622036264,0.734375
13341,0,CF1,L5,0.7,csfr,5,5,0.9234617352485657,1,False,0.2789400278940028,0.2510460251046025,0.703125
24697,0,CF1,L5,0.7,csfr,4,4,0.9978758096694946,1,False,0.26359832635983266,0.2580195258019526,0.72265625
15157,0,CF1,L5,0.7,csfr,6,4,0.364657998085022,0,False,0.25523012552301255,0.24686192468619247,0.69140625
23115,0,CF1,L5,0.7,csfr,1,0,0.45824289321899414,0,False,0.25662482566248257,0.25383542538354253,0.7109375
6396,0,CF1,L5,0.7,csfr,0,0,0.9958611130714417,1,False,0.22454672245467225,0.2482566248256625,0.6953125
19142,0,CF1,L5,0.7,csfr,4,4,0.6019483208656311,1,False,0.27615062761506276,0.22733612273361228,0.63671875
13157,0,CF1,L5,0.7,csfr,3,3,0.6256737112998962,1,False,0.2384937238493724,0.25383542538354253,0.7109375
19866,0,CF1,L5,0.7,csfr,1,1,0.9671808481216431,1,False,0.25523012552301255,0.24686192468619247,0.69140625
25996,0,CF1,L5,0.7,csfr,8,8,0.9863410592079163,1,False,0.25383542538354253,0.24546722454672246,0.6875
25515,0,CF1,L5,0.7,csfr,7,1,0.9717797636985779,0,False,0.2775453277545328,0.2384937238493724,0.66796875
12876,0,CF1,L5,0.7,csfr,0,0,0.9957428574562073,1,False,0.2315202231520223,0.26220362622036264,0.734375
17565,0,CF1,L5,0.7,csfr,6,6,0.9869433641433716,1,False,0.2524407252440725,0.25383542538354253,0.7109375
17511,0,CF1,L5,0.7,csfr,4,4,0.5968232154846191,1,False,0.2733612273361227,0.2482566248256625,0.6953125
19996,0,CF1,L5,0.7,csfr,0,0,0.9976746439933777,1,False,0.2649930264993027,0.2482566248256625,0.6953125
12807,0,CF1,L5,0.7,csfr,1,1,0.9996533393859863,1,False,0.25523012552301255,0.2580195258019526,0.72265625
11001,0,CF1,L5,0.7,csfr,9,9,0.9173747897148132,1,False,0.26359832635983266,0.24546722454672246,0.6875
13107,0,CF1,L5,0.7,csfr,0,0,0.9958096742630005,1,False,0.27475592747559274,0.2608089260808926,0.73046875
12641,0,CF1,L5,0.7,csfr,6,6,0.9964315891265869,1,False,0.25662482566248257,0.24267782426778242,0.6796875
22667,0,CF1,L5,0.7,csfr,5,5,0.9931736588478088,1,False,0.2496513249651325,0.2524407252440725,0.70703125
7310,0,CF1,L5,0.7,csfr,7,7,0.9522538781166077,1,False,0.2412831241283124,0.23430962343096234,0.65625
764,0,CF1,L5,0.7,csfr,1,1,0.8184410929679871,1,False,0.24407252440725244,0.24546722454672246,0.6875
14813,0,CF1,L5,0.7,csfr,4,4,0.9882497787475586,1,False,0.2510460251046025,0.2482566248256625,0.6953125
7132,0,CF1,L5,0.7,csfr,2,2,0.9973166584968567,1,False,0.2705718270571827,0.24546722454672246,0.6875
23884,0,CF1,L5,0.7,csfr,1,1,0.3564135432243347,1,False,0.23570432357043236,0.25383542538354253,0.7109375
22735,0,CF1,L5,0.7,csfr,8,8,0.9285830855369568,1,False,0.25523012552301255,0.24267782426778242,0.6796875
12483,0,CF1,L5,0.7,csfr,2,2,0.9915516376495361,1,False,0.22454672245467225,0.2510460251046025,0.703125
10442,0,CF1,L5,0.7,csfr,6,6,0.7455853819847107,1,False,0.2510460251046025,0.25523012552301255,0.71484375
3733,0,CF1,L5,0.7,csfr,8,8,0.9690731167793274,1,False,0.25662482566248257,0.2594142259414226,0.7265625
20089,0,CF1,L5,0.7,csfr,4,4,0.9241926074028015,1,False,0.2496513249651325,0.2524407252440725,0.70703125
20411,0,CF1,L5,0.7,csfr,4,4,0.6437739133834839,1,False,0.2580195258019526,0.2482566248256625,0.6953125
10695,0,CF1,L5,0.7,csfr,4,1,0.5601897239685059,0,False,0.2398884239888424,0.26220362622036264,0.734375
11992,0,CF1,L5,0.7,csfr,2,2,0.9996094107627869,1,False,0.2524407252440725,0.24546722454672246,0.6875
20712,0,CF1,L5,0.7,csfr,7,7,0.9582865834236145,1,False,0.2580195258019526,0.24686192468619247,0.69140625
6518,0,CF1,L5,0.7,csfr,8,8,0.8767483234405518,1,False,0.2928870292887029,0.2496513249651325,0.69921875
6015,0,CF1,L5,0.7,csfr,9,9,0.607089638710022,1,False,0.2719665271966527,0.2594142259414226,0.7265625
8396,0,CF1,L5,0.7,csfr,5,2,0.800447404384613,0,False,0.23430962343096234,0.2608089260808926,0.73046875
12097,0,CF1,L5,0.7,csfr,9,9,0.9952050447463989,1,False,0.2789400278940028,0.2496513249651325,0.69921875
12565,0,CF1,L5,0.7,csfr,2,2,0.9318262934684753,1,False,0.26778242677824265,0.24407252440725244,0.68359375
22474,0,CF1,L5,0.7,csfr,4,4,0.5494502186775208,1,False,0.26220362622036264,0.26778242677824265,0.75
25110,0,CF1,L5,0.7,csfr,9,9,0.9933634996414185,1,False,0.2775453277545328,0.25383542538354253,0.7109375
8275,0,CF1,L5,0.7,csfr,8,8,0.979957640171051,1,False,0.24407252440725244,0.2524407252440725,0.70703125
3871,0,CF1,L5,0.7,csfr,1,1,0.8234366774559021,1,False,0.2315202231520223,0.24407252440725244,0.68359375
24639,0,CF1,L5,0.7,csfr,2,2,0.9935448169708252,1,False,0.2482566248256625,0.2580195258019526,0.72265625
15979,0,CF1,L5,0.7,csfr,3,3,0.6736117005348206,1,False,0.22454672245467225,0.24267782426778242,0.6796875
24513,0,CF1,L5,0.7,csfr,6,6,0.9980413913726807,1,False,0.2482566248256625,0.2412831241283124,0.67578125
10926,0,CF1,L5,0.7,csfr,7,7,0.9606413841247559,1,False,0.2398884239888424,0.23291492329149233,0.65234375
25564,0,CF1,L5,0.7,csfr,0,0,0.8018461465835571,1,False,0.23430962343096234,0.24546722454672246,0.6875
2118,0,CF1,L5,0.7,csfr,0,0,0.6728947162628174,1,False,0.2580195258019526,0.23709902370990238,0.6640625
4358,0,CF1,L5,0.7,csfr,9,3,0.5280444622039795,0,False,0.2705718270571827,0.24407252440725244,0.68359375
5674,0,CF1,L5,0.7,csfr,8,3,0.44083306193351746,0,False,0.2691771269177127,0.23291492329149233,0.65234375
3397,0,CF1,L5,0.7,csfr,7,7,0.9979652166366577,1,False,0.23291492329149233,0.24686192468619247,0.69140625
5183,0,CF1,L5,0.7,csfr,7,7,0.8838167786598206,1,False,0.2705718270571827,0.24267782426778242,0.6796875
7505,0,CF1,L5,0.7,csfr,9,9,0.9998598098754883,1,False,0.2691771269177127,0.2594142259414226,0.7265625
17539,0,CF1,L5,0.7,csfr,0,0,0.6668726205825806,1,False,0.2733612273361227,0.2594142259414226,0.7265625
23918,0,CF1,L5,0.7,csfr,6,5,0.7134959101676941,0,False,0.2594142259414226,0.25662482566248257,0.71875
19449,0,CF1,L5,0.7,csfr,2,2,0.9961112141609192,1,False,0.2510460251046025,0.2482566248256625,0.6953125
18599,0,CF1,L5,0.7,csfr,3,1,0.40172967314720154,0,False,0.22733612273361228,0.25662482566248257,0.71875
8175,0,CF1,L5,0.7,csfr,8,4,0.2664134204387665,0,False,0.25383542538354253,0.24686192468619247,0.69140625
18412,0,CF1,L5,0.7,csfr,7,7,0.9666259288787842,1,False,0.2384937238493724,0.23570432357043236,0.66015625
20667,0,CF1,L5,0.7,csfr,1,1,0.8542259931564331,1,False,0.26359832635983266,0.2580195258019526,0.72265625
8672,0,CF1,L5,0.7,csfr,9,9,0.8277005553245544,1,False,0.24546722454672246,0.2384937238493724,0.66796875
22087,0,CF1,L5,0.7,csfr,1,1,0.9999483823776245,1,False,0.2301255230125523,0.2608089260808926,0.73046875
6910,0,CF1,L5,0.7,csfr,2,2,0.9967856407165527,1,False,0.2496513249651325,0.24267782426778242,0.6796875
19205,0,CF1,L5,0.7,csfr,3,5,0.504043698310852,0,False,0.2524407252440725,0.24686192468619247,0.69140625
10581,0,CF1,L5,0.7,csfr,3,3,0.7426969408988953,1,False,0.2580195258019526,0.24686192468619247,0.69140625
14516,0,CF1,L5,0.7,csfr,4,4,0.5149176716804504,1,False,0.2398884239888424,0.2412831241283124,0.67578125
22602,0,CF1,L5,0.7,csfr,4,4,0.9780306220054626,1,False,0.23291492329149233,0.25523012552301255,0.71484375
1944,0,CF1,L5,0.7,csfr,0,0,0.8701400756835938,1,False,0.2398884239888424,0.24407252440725244,0.68359375
19718,0,CF1,L5,0.7,csfr,0,9,0.39829695224761963,0,False,0.2691771269177127,0.2594142259414226,0.7265625
15599,0,CF1,L5,0.7,csfr,7,7,0.9908453822135925,1,False,0.2412831241283124,0.24546722454672246,0.6875
16766,0,CF1,L5,0.7,csfr,9,9,0.937490701675415,1,False,0.2412831241283124,0.24686192468619247,0.69140625
12317,0,CF1,L5,0.7,csfr,5,5,0.557392418384552,1,False,0.2594142259414226,0.24686192468619247,0.69140625
6275,0,CF1,L5,0.7,csfr,6,6,0.779816746711731,1,False,0.24546722454672246,0.2510460251046025,0.703125
14332,0,CF1,L5,0.7,csfr,3,3,0.4554482400417328,1,False,0.22873082287308227,0.2594142259414226,0.7265625
25615,0,CF1,L5,0.7,csfr,8,8,0.9676295518875122,1,False,0.26220362622036264,0.2510460251046025,0.703125
7680,0,CF1,L5,0.7,csfr,7,7,0.9998218417167664,1,False,0.23570432357043236,0.2594142259414226,0.7265625
22105,0,CF1,L5,0.7,csfr,7,7,0.9960156083106995,1,False,0.23709902370990238,0.26220362622036264,0.734375
19179,0,CF1,L5,0.7,csfr,5,9,0.3800589144229889,0,False,0.25662482566248257,0.2524407252440725,0.70703125
22379,0,CF1,L5,0.7,csfr,5,5,0.915692925453186,1,False,0.23709902370990238,0.26778242677824265,0.75
11796,0,CF1,L5,0.7,csfr,0,0,0.97268146276474,1,False,0.25383542538354253,0.2510460251046025,0.703125
16929,0,CF1,L5,0.7,csfr,0,0,0.9992863535881042,1,False,0.26220362622036264,0.26220362622036264,0.734375
20580,0,CF1,L5,0.7,csfr,2,5,0.3723001778125763,0,False,0.22733612273361228,0.2580195258019526,0.72265625
21272,0,CF1,L5,0.7,csfr,7,7,0.5898439288139343,1,False,0.2412831241283124,0.24267782426778242,0.6796875
12963,0,CF1,L5,0.7,csfr,4,4,0.9831143617630005,1,False,0.23709902370990238,0.23570432357043236,0.66015625
15648,0,CF1,L5,0.7,csfr,9,9,0.9256659746170044,1,False,0.26638772663877264,0.24267782426778242,0.6796875
10831,0,CF1,L5,0.7,csfr,6,6,0.9919231534004211,1,False,0.24686192468619247,0.2580195258019526,0.72265625
12228,0,CF1,L5,0.7,csfr,3,3,0.8356317281723022,1,False,0.2482566248256625,0.2510460251046025,0.703125
2242,0,CF1,L5,0.7,csfr,7,9,0.8118103742599487,0,False,0.21478382147838215,0.2496513249651325,0.69921875
25443,0,CF1,L5,0.7,csfr,3,3,0.9999845027923584,1,False,0.26638772663877264,0.23709902370990238,0.6640625
23913,0,CF1,L5,0.7,csfr,1,1,0.9707394242286682,1,False,0.2398884239888424,0.25523012552301255,0.71484375
18452,0,CF1,L5,0.7,csfr,1,1,0.9876355528831482,1,False,0.2384937238493724,0.23570432357043236,0.66015625
12210,0,CF1,L5,0.7,csfr,0,0,0.9980490207672119,1,False,0.2496513249651325,0.23570432357043236,0.66015625
3532,0,CF1,L5,0.7,csfr,6,8,0.45357030630111694,0,False,0.22873082287308227,0.2412831241283124,0.67578125
13678,0,CF1,L5,0.7,csfr,9,9,0.9933080673217773,1,False,0.2496513249651325,0.24546722454672246,0.6875
21370,0,CF1,L5,0.7,csfr,5,8,0.3787730634212494,0,False,0.2384937238493724,0.23709902370990238,0.6640625
23728,0,CF1,L5,0.7,csfr,9,9,0.999143123626709,1,False,0.26778242677824265,0.2510460251046025,0.703125
7460,0,CF1,L5,0.7,csfr,0,0,0.9985452890396118,1,False,0.25523012552301255,0.2510460251046025,0.703125
25354,0,CF1,L5,0.7,csfr,2,2,0.9907891154289246,1,False,0.25383542538354253,0.2580195258019526,0.72265625
18984,0,CF1,L5,0.7,csfr,8,8,0.9791309833526611,1,False,0.25662482566248257,0.2524407252440725,0.70703125
12422,0,CF1,L5,0.7,csfr,6,6,0.9998728036880493,1,False,0.2412831241283124,0.2398884239888424,0.671875
7413,0,CF1,L5,0.7,csfr,4,4,0.6760658025741577,1,False,0.22594142259414227,0.24686192468619247,0.69140625
