patch_id,seed,family,level,frac,method,true_label,prediction,confidence,correct,bounded_unknown,isolated_missing_frac,mask_overlap_centre,centre_erased_frac
17222,0,CF1,L5,0.7,dictlearn,8,8,0.2659262716770172,1,False,0.2524407252440725,0.2412831241283124,0.67578125
7987,0,CF1,L5,0.7,dictlearn,4,3,0.3269617259502411,0,False,0.23709902370990238,0.23570432357043236,0.66015625
14403,0,CF1,L5,0.7,dictlearn,1,5,0.5597284436225891,0,False,0.23570432357043236,0.2482566248256625,0.6953125
12904,0,CF1,L5,0.7,dictlearn,1,1,0.18666048347949982,1,False,0.24686192468619247,0.2496513249651325,0.69921875
1024,0,CF1,L5,0.7,dictlearn,2,2,0.20975373685359955,1,False,0.28312412831241285,0.24686192468619247,0.69140625
15700,0,CF1,L5,0.7,dictlearn,3,0,0.7654396295547485,0,False,0.26220362622036264,0.26220362622036264,0.734375
12639,0,CF1,L5,0.7,dictlearn,7,7,0.23319968581199646,1,False,0.2580195258019526,0.25523012552301255,0.71484375
20658,0,CF1,L5,0.7,dictlearn,4,3,0.24794699251651764,0,False,0.23430962343096234,0.25523012552301255,0.71484375
2642,0,CF1,L5,0.7,dictlearn,7,5,0.2800240218639374,0,False,0.2524407252440725,0.25662482566248257,0.71875
9392,0,CF1,L5,0.7,dictlearn,9,9,0.3593699634075165,1,False,0.2412831241283124,0.24407252440725244,0.68359375
23357,0,CF1,L5,0.7,dictlearn,5,5,0.34413212537765503,1,False,0.26359832635983266,0.2580195258019526,0.72265625
15977,0,CF1,L5,0.7,dictlearn,0,5,0.2200067639350891,0,False,0.2719665271966527,0.24267782426778242,0.6796875
10440,0,CF1,L5,0.7,dictlearn,0,2,0.27470141649246216,0,False,0.28451882845188287,0.2608089260808926,0.73046875
14216,0,CF1,L5,0.7,dictlearn,3,2,0.17249330878257751,0,False,0.26638772663877264,0.2482566248256625,0.6953125
18353,0,CF1,L5,0.7,dictlearn,7,3,0.3035863935947418,0,False,0.26778242677824265,0.2496513249651325,0.69921875
17404,0,CF1,L5,0.7,dictlearn,3,2,0.38613274693489075,0,False,0.2691771269177127,0.25383542538354253,0.7109375
8424,0,CF1,L5,0.7,dictlearn,8,2,0.30724191665649414,0,False,0.23291492329149233,0.2482566248256625,0.6953125
4744,0,CF1,L5,0.7,dictlearn,8,2,0.23131735622882843,0,False,0.26220362622036264,0.2482566248256625,0.6953125
18797,0,CF1,L5,0.7,dictlearn,7,7,0.5045085549354553,1,False,0.2594142259414226,0.2482566248256625,0.6953125
3156,0,CF1,L5,0.7,dictlearn,7,3,0.5141733884811401,0,False,0.26359832635983266,0.23570432357043236,0.66015625
17024,0,CF1,L5,0.7,dictlearn,2,3,0.364157110452652,0,False,0.24686192468619247,0.2580195258019526,0.72265625
7807,0,CF1,L5,0.7,dictlearn,8,8,0.3259788155555725,1,False,0.25523012552301255,0.23709902370990238,0.6640625
138,0,CF1,L5,0.7,dictlearn,0,5,0.15973086655139923,0,False,0.25523012552301255,0.25523012552301255,0.71484375
20222,0,CF1,L5,0.7,dictlearn,2,2,0.2059139460325241,1,False,0.2594142259414226,0.2594142259414226,0.7265625
24734,0,CF1,L5,0.7,dictlearn,9,6,0.23978261649608612,0,False,0.24407252440725244,0.2496513249651325,0.69921875
8909,0,CF1,L5,0.7,dictlearn,0,9,0.24471130967140198,0,False,0.2719665271966527,0.2398884239888424,0.671875
4684,0,CF1,L5,0.7,dictlearn,1,5,0.3683730661869049,0,False,0.2524407252440725,0.24686192468619247,0.69140625
15978,0,CF1,L5,0.7,dictlearn,6,3,0.2996728718280792,0,False,0.2524407252440725,0.25383542538354253,0.7109375
21495,0,CF1,L5,0.7,dictlearn,7,2,0.5446038842201233,0,False,0.2524407252440725,0.26359832635983266,0.73828125
5107,0,CF1,L5,0.7,dictlearn,6,5,0.4536406695842743,0,False,0.24407252440725244,0.2482566248256625,0.6953125
1914,0,CF1,L5,0.7,dictlearn,2,5,0.21860823035240173,0,False,0.26638772663877264,0.24267782426778242,0.6796875
21307,0,CF1,L5,0.7,dictlearn,1,5,0.3667704463005066,0,False,0.2914923291492329,0.23430962343096234,0.65625
7178,0,CF1,L5,0.7,dictlearn,4,5,0.3864738643169403,0,False,0.24267782426778242,0.25662482566248257,0.71875
13264,0,CF1,L5,0.7,dictlearn,4,5,0.19662414491176605,0,False,0.24686192468619247,0.25523012552301255,0.71484375
21507,0,CF1,L5,0.7,dictlearn,1,3,0.3148033022880554,0,False,0.28451882845188287,0.23570432357043236,0.66015625
8399,0,CF1,L5,0.7,dictlearn,9,2,0.6537970900535583,0,False,0.2649930264993027,0.26359832635983266,0.73828125
4384,0,CF1,L5,0.7,dictlearn,0,6,0.21189533174037933,0,False,0.21896792189679218,0.24686192468619247,0.69140625
5820,0,CF1,L5,0.7,dictlearn,0,5,0.1650240123271942,0,False,0.26220362622036264,0.2412831241283124,0.67578125
22865,0,CF1,L5,0.7,dictlearn,0,0,0.33564329147338867,1,False,0.24407252440725244,0.24546722454672246,0.6875
65,0,CF1,L5,0.7,dictlearn,0,3,0.2721676528453827,0,False,0.25662482566248257,0.2482566248256625,0.6953125
15494,0,CF1,L5,0.7,dictlearn,6,8,0.17794117331504822,0,False,0.23291492329149233,0.26220362622036264,0.734375
2327,0,CF1,L5,0.7,dictlearn,5,5,0.45517823100090027,1,False,0.25383542538354253,0.2496513249651325,0.69921875
24596,0,CF1,L5,0.7,dictlearn,7,3,0.19456599652767181,0,False,0.2524407252440725,0.2496513249651325,0.69921875
3825,0,CF1,L5,0.7,dictlearn,5,5,0.2890854477882385,1,False,0.2691771269177127,0.26778242677824265,0.75
17168,0,CF1,L5,0.7,dictlearn,7,2,0.26450851559638977,0,False,0.2496513249651325,0.2580195258019526,0.72265625
4357,0,CF1,L5,0.7,dictlearn,3,3,0.33859413862228394,1,False,0.24407252440725244,0.23430962343096234,0.65625
2364,0,CF1,L5,0.7,dictlearn,9,9,0.2587977349758148,1,False,0.2412831241283124,0.2649930264993027,0.7421875
8703,0,CF1,L5,0.7,dictlearn,9,8,0.27225443720817566,0,False,0.2398884239888424,0.23709902370990238,0.6640625
19390,0,CF1,L5,0.7,dictlearn,9,1,0.46067753434181213,0,False,0.2580195258019526,0.2482566248256625,0.6953125
17853,0,CF1,L5,0.7,dictlearn,6,2,0.8989911675453186,0,False,0.27475592747559274,0.24686192468619247,0.69140625
4930,0,CF1,L5,0.7,dictlearn,4,6,0.30396750569343567,0,False,0.27475592747559274,0.2510460251046025,0.703125
5314,0,CF1,L5,0.7,dictlearn,8,3,0.28512218594551086,0,False,0.25662482566248257,0.2524407252440725,0.70703125
4478,0,CF1,L5,0.7,dictlearn,8,5,0.3397231996059418,0,False,0.2510460251046025,0.2594142259414226,0.7265625
23679,0,CF1,L5,0.7,dictlearn,4,2,0.3529340326786041,0,False,0.27475592747559274,0.2510460251046025,0.703125
5449,0,CF1,L5,0.7,dictlearn,1,5,0.33005109429359436,0,False,0.24407252440725244,0.2594142259414226,0.7265625
24183,0,CF1,L5,0.7,dictlearn,0,5,0.25128620862960815,0,False,0.24686192468619247,0.2524407252440725,0.70703125
20842,0,CF1,L5,0.7,dictlearn,3,5,0.4302307963371277,0,False,0.24407252440725244,0.2412831241283124,0.67578125
18825,0,CF1,L5,0.7,dictlearn,9,9,0.278016597032547,1,False,0.23430962343096234,0.24407252440725244,0.68359375
6265,0,CF1,L5,0.7,dictlearn,1,5,0.23635093867778778,0,False,0.24686192468619247,0.2496513249651325,0.69921875
24932,0,CF1,L5,0.7,dictlearn,4,5,0.6076492071151733,0,False,0.26778242677824265,0.25383542538354253,0.7109375
14427,0,CF1,L5,0.7,dictlearn,8,2,0.24995411932468414,0,False,0.2398884239888424,0.23430962343096234,0.65625
3740,0,CF1,L5,0.7,dictlearn,7,7,0.3347894251346588,1,False,0.2719665271966527,0.25523012552301255,0.71484375
16809,0,CF1,L5,0.7,dictlearn,9,8,0.21823450922966003,0,False,0.26220362622036264,0.2496513249651325,0.69921875
1136,0,CF1,L5,0.7,dictlearn,1,3,0.3066047132015228,0,False,0.25383542538354253,0.25662482566248257,0.71875
25757,0,CF1,L5,0.7,dictlearn,5,5,0.4197791814804077,1,False,0.2482566248256625,0.2412831241283124,0.67578125
7356,0,CF1,L5,0.7,dictlearn,4,4,0.19198891520500183,1,False,0.2315202231520223,0.25383542538354253,0.7109375
12298,0,CF1,L5,0.7,dictlearn,0,2,0.1995033472776413,0,False,0.2482566248256625,0.24546722454672246,0.6875
5700,0,CF1,L5,0.7,dictlearn,3,2,0.22903060913085938,0,False,0.26638772663877264,0.24546722454672246,0.6875
22753,0,CF1,L5,0.7,dictlearn,6,6,0.2937481701374054,1,False,0.26220362622036264,0.2412831241283124,0.67578125
16813,0,CF1,L5,0.7,dictlearn,6,3,0.2471616417169571,0,False,0.2301255230125523,0.2496513249651325,0.69921875
7373,0,CF1,L5,0.7,dictlearn,8,8,0.2290947586297989,1,False,0.24267782426778242,0.26638772663877264,0.74609375
20149,0,CF1,L5,0.7,dictlearn,2,3,0.2881883382797241,0,False,0.25662482566248257,0.26359832635983266,0.73828125
15874,0,CF1,L5,0.7,dictlearn,9,5,0.2832047939300537,0,False,0.25383542538354253,0.22733612273361228,0.63671875
26011,0,CF1,L5,0.7,dictlearn,0,5,0.3161248564720154,0,False,0.2524407252440725,0.2691771269177127,0.75390625
4196,0,CF1,L5,0.7,dictlearn,9,2,0.2358231097459793,0,False,0.24407252440725244,0.24407252440725244,0.68359375
11227,0,CF1,L5,0.7,dictlearn,3,3,0.46954476833343506,1,False,0.26220362622036264,0.26220362622036264,0.734375
15736,0,CF1,L5,0.7,dictlearn,3,3,0.3701949119567871,1,False,0.24686192468619247,0.26778242677824265,0.75
6339,0,CF1,L5,0.7,dictlearn,6,5,0.26015862822532654,0,False,0.27615062761506276,0.2496513249651325,0.69921875
25704,0,CF1,L5,0.7,dictlearn,2,2,0.7418196797370911,1,False,0.24546722454672246,0.2412831241283124,0.67578125
3190,0,CF1,L5,0.7,dictlearn,7,2,0.40422046184539795,0,False,0.2524407252440725,0.2524407252440725,0.70703125
737,0,CF1,L5,0.7,dictlearn,4,5,0.3101120889186859,0,False,0.2398884239888424,0.2412831241283124,0.67578125
22875,0,CF1,L5,0.7,dictlearn,9,9,0.2121533751487732,1,False,0.25383542538354253,0.26220362622036264,0.734375
22749,0,CF1,L5,0.7,dictlearn,3,5,0.4056522250175476,0,False,0.2775453277545328,0.2482566248256625,0.6953125
22998,0,CF1,L5,0.7,dictlearn,3,3,0.3558052182197571,1,False,0.2524407252440725,0.2510460251046025,0.703125
24210,0,CF1,L5,0.7,dictlearn,5,5,0.32560592889785767,1,False,0.2608089260808926,0.2482566248256625,0.6953125
6800,0,CF1,L5,0.7,dictlearn,4,5,0.2957707345485687,0,False,0.24546722454672246,0.25523012552301255,0.71484375
16602,0,CF1,L5,0.7,dictlearn,9,5,0.2713810205459595,0,False,0.24267782426778242,0.25662482566248257,0.71875
10822,0,CF1,L5,0.7,dictlearn,6,2,0.4645596742630005,0,False,0.2510460251046025,0.2649930264993027,0.7421875
12822,0,CF1,L5,0.7,dictlearn,1,5,0.5165578126907349,0,False,0.25523012552301255,0.25523012552301255,0.71484375
12758,0,CF1,L5,0.7,dictlearn,5,5,0.47111639380455017,1,False,0.2649930264993027,0.2496513249651325,0.69921875
21144,0,CF1,L5,0.7,dictlearn,4,5,0.3162229061126709,0,False,0.23291492329149233,0.24407252440725244,0.68359375
4900,0,CF1,L5,0.7,dictlearn,6,3,0.688126266002655,0,False,0.23709902370990238,0.2524407252440725,0.70703125
22888,0,CF1,L5,0.7,dictlearn,9,3,0.2283349633216858,0,False,0.2733612273361227,0.2594142259414226,0.7265625
19935,0,CF1,L5,0.7,dictlearn,9,5,0.364347904920578,0,False,0.2398884239888424,0.24407252440725244,0.68359375
21896,0,CF1,L5,0.7,dictlearn,7,7,0.3144683539867401,1,False,0.2580195258019526,0.2510460251046025,0.703125
3475,0,CF1,L5,0.7,dictlearn,3,3,0.23750975728034973,1,False,0.26638772663877264,0.2510460251046025,0.703125
16171,0,CF1,L5,0.7,dictlearn,0,0,0.27425169944763184,1,False,0.2733612273361227,0.2398884239888424,0.671875
4672,0,CF1,L5,0.7,dictlearn,4,3,0.49620407819747925,0,False,0.2691771269177127,0.23430962343096234,0.65625
10146,0,CF1,L5,0.7,dictlearn,2,2,0.6793022751808167,1,False,0.26220362622036264,0.24407252440725244,0.68359375
9207,0,CF1,L5,0.7,dictlearn,7,5,0.40510809421539307,0,False,0.24686192468619247,0.25383542538354253,0.7109375
17745,0,CF1,L5,0.7,dictlearn,9,2,0.7682380080223083,0,False,0.24267782426778242,0.2412831241283124,0.67578125
432,0,CF1,L5,0.7,dictlearn,7,3,0.3311649560928345,0,False,0.2524407252440725,0.2719665271966527,0.76171875
6608,0,CF1,L5,0.7,dictlearn,4,2,0.19533833861351013,0,False,0.27615062761506276,0.2733612273361227,0.765625
25769,0,CF1,L5,0.7,dictlearn,9,3,0.3900109529495239,0,False,0.2733612273361227,0.24686192468619247,0.69140625
14774,0,CF1,L5,0.7,dictlearn,3,3,0.8320246338844299,1,False,0.25383542538354253,0.25383542538354253,0.7109375
21627,0,CF1,L5,0.7,dictlearn,4,5,0.46553295850753784,0,False,0.2733612273361227,0.23709902370990238,0.6640625
8133,0,CF1,L5,0.7,dictlearn,2,2,0.7479121685028076,1,False,0.2384937238493724,0.2412831241283124,0.67578125
12554,0,CF1,L5,0.7,dictlearn,4,4,0.27889373898506165,1,False,0.2691771269177127,0.2398884239888424,0.671875
10856,0,CF1,L5,0.7,dictlearn,1,9,0.3893027901649475,0,False,0.2412831241283124,0.24686192468619247,0.69140625
15931,0,CF1,L5,0.7,dictlearn,3,3,0.4363909661769867,1,False,0.24267782426778242,0.24686192468619247,0.69140625
2367,0,CF1,L5,0.7,dictlearn,2,2,0.4539657533168793,1,False,0.2608089260808926,0.2482566248256625,0.6953125
25563,0,CF1,L5,0.7,dictlearn,7,3,0.30736950039863586,0,False,0.24546722454672246,0.24546722454672246,0.6875
6748,0,CF1,L5,0.7,dictlearn,2,2,0.40066811442375183,1,False,0.25662482566248257,0.24546722454672246,0.6875
5368,0,CF1,L5,0.7,dictlearn,8,8,0.2726134657859802,1,False,0.2649930264993027,0.23430962343096234,0.65625
25951,0,CF1,L5,0.7,dictlearn,6,5,0.2966090738773346,0,False,0.2705718270571827,0.25662482566248257,0.71875
22082,0,CF1,L5,0.7,dictlearn,7,7,0.623723566532135,1,False,0.2496513249651325,0.24546722454672246,0.6875
19301,0,CF1,L5,0.7,dictlearn,4,1,0.20153255760669708,0,False,0.25523012552301255,0.2482566248256625,0.6953125
13302,0,CF1,L5,0.7,dictlearn,4,2,0.49428024888038635,0,False,0.28172942817294283,0.25662482566248257,0.71875
15358,0,CF1,L5,0.7,dictlearn,0,2,0.34068211913108826,0,False,0.23570432357043236,0.2496513249651325,0.69921875
23572,0,CF1,L5,0.7,dictlearn,2,2,0.41428762674331665,1,False,0.2649930264993027,0.2649930264993027,0.7421875
14736,0,CF1,L5,0.7,dictlearn,4,5,0.23095421493053436,0,False,0.24407252440725244,0.2524407252440725,0.70703125
16685,0,CF1,L5,0.7,dictlearn,2,2,0.5946789979934692,1,False,0.2524407252440725,0.24267782426778242,0.6796875
21902,0,CF1,L5,0.7,dictlearn,7,2,0.25478702783584595,0,False,0.24686192468619247,0.2608089260808926,0.73046875
6713,0,CF1,L5,0.7,dictlearn,5,5,0.31472674012184143,1,False,0.21896792189679218,0.2705718270571827,0.7578125
8771,0,CF1,L5,0.7,dictlearn,4,5,0.34678980708122253,0,False,0.2608089260808926,0.25383542538354253,0.7109375
20264,0,CF1,L5,0.7,dictlearn,3,6,0.3291057348251343,0,False,0.24267782426778242,0.25383542538354253,0.7109375
24489,0,CF1,L5,0.7,dictlearn,1,3,0.2848772406578064,0,False,0.22873082287308227,0.25383542538354253,0.7109375
24852,0,CF1,L5,0.7,dictlearn,1,8,0.25991761684417725,0,False,0.2175732217573222,0.25523012552301255,0.71484375
6746,0,CF1,L5,0.7,dictlearn,1,2,0.2570838928222656,0,False,0.24407252440725244,0.2510460251046025,0.703125
5951,0,CF1,L5,0.7,dictlearn,5,2,0.21201376616954803,0,False,0.24407252440725244,0.2524407252440725,0.70703125
6438,0,CF1,L5,0.7,dictlearn,4,5,0.2838035821914673,0,False,0.24546722454672246,0.2510460251046025,0.703125
11126,0,CF1,L5,0.7,dictlearn,9,2,0.559655487537384,0,False,0.25662482566248257,0.25523012552301255,0.71484375
24241,0,CF1,L5,0.7,dictlearn,3,5,0.4286225438117981,0,False,0.2789400278940028,0.26359832635983266,0.73828125
23621,0,CF1,L5,0.7,dictlearn,6,8,0.39142554998397827,0,False,0.27475592747559274,0.2524407252440725,0.70703125
14358,0,CF1,L5,0.7,dictlearn,6,3,0.257328063249588,0,False,0.23709902370990238,0.24546722454672246,0.6875
19003,0,CF1,L5,0.7,dictlearn,6,5,0.31757527589797974,0,False,0.24407252440725244,0.2580195258019526,0.72265625
3760,0,CF1,L5,0.7,dictlearn,9,2,0.303030788898468,0,False,0.2803347280334728,0.23570432357043236,0.66015625
1155,0,CF1,L5,0.7,dictlearn,5,5,0.6838456988334656,1,False,0.2649930264993027,0.2496513249651325,0.69921875
22044,0,CF1,L5,0.7,dictlearn,8,5,0.35549265146255493,0,False,0.2608089260808926,0.26220362622036264,0.734375
17521,0,CF1,L5,0.7,dictlearn,4,3,0.26493456959724426,0,False,0.2510460251046025,0.24267782426778242,0.6796875
15177,0,CF1,L5,0.7,dictlearn,9,2,0.30628159642219543,0,False,0.2649930264993027,0.2524407252440725,0.70703125
21080,0,CF1,L5,0.7,dictlearn,0,5,0.2509218454360962,0,False,0.2649930264993027,0.2524407252440725,0.70703125
4507,0,CF1,L5,0.7,dictlearn,5,5,0.524260938167572,1,False,0.2594142259414226,0.2580195258019526,0.72265625
10600,0,CF1,L5,0.7,dictlearn,7,3,0.23566606640815735,0,False,0.24267782426778242,0.2608089260808926,0.73046875
11754,0,CF1,L5,0.7,dictlearn,1,2,0.439236044883728,0,False,0.2705718270571827,0.2315202231520223,0.6484375
22934,0,CF1,L5,0.7,dictlearn,4,3,0.40114715695381165,0,False,0.2580195258019526,0.2482566248256625,0.6953125
19094,0,CF1,L5,0.7,dictlearn,3,3,0.6895195245742798,1,False,0.2315202231520223,0.2510460251046025,0.703125
25246,0,CF1,L5,0.7,dictlearn,7,3,0.26750993728637695,0,False,0.2384937238493724,0.2412831241283124,0.67578125
14745,0,CF1,L5,0.7,dictlearn,2,2,0.8293185234069824,1,False,0.2580195258019526,0.24267782426778242,0.6796875
3177,0,CF1,L5,0.7,dictlearn,8,8,0.1760009080171585,1,False,0.26220362622036264,0.24267782426778242,0.6796875
13870,0,CF1,L5,0.7,dictlearn,5,6,0.28805655241012573,0,False,0.22733612273361228,0.2496513249651325,0.69921875
5605,0,CF1,L5,0.7,dictlearn,6,5,0.4970342516899109,0,False,0.23430962343096234,0.2524407252440725,0.70703125
5202,0,CF1,L5,0.7,dictlearn,8,8,0.3540617525577545,1,False,0.24407252440725244,0.2608089260808926,0.73046875
8800,0,CF1,L5,0.7,dictlearn,5,5,0.4299759566783905,1,False,0.24546722454672246,0.2384937238493724,0.66796875
645,0,CF1,L5,0.7,dictlearn,3,3,0.5920845866203308,1,False,0.2649930264993027,0.25523012552301255,0.71484375
16077,0,CF1,L5,0.7,dictlearn,5,5,0.33543914556503296,1,False,0.25383542538354253,0.2580195258019526,0.72265625
15336,0,CF1,L5,0.7,dictlearn,5,5,0.5760090947151184,1,False,0.24407252440725244,0.24267782426778242,0.6796875
20933,0,CF1,L5,0.7,dictlearn,0,9,0.24092082679271698,0,False,0.2775453277545328,0.2580195258019526,0.72265625
10580,0,CF1,L5,0.7,dictlearn,8,6,0.2858199179172516,0,False,0.2705718270571827,0.24686192468619247,0.69140625
25902,0,CF1,L5,0.7,dictlearn,6,8,0.3241133987903595,0,False,0.2217573221757322,0.25383542538354253,0.7109375
4666,0,CF1,L5,0.7,dictlearn,8,8,0.634745180606842,1,False,0.24407252440725244,0.2398884239888424,0.671875
14541,0,CF1,L5,0.7,dictlearn,4,3,0.2215934693813324,0,False,0.2524407252440725,0.24686192468619247,0.69140625
7374,0,CF1,L5,0.7,dictlearn,5,5,0.5517452359199524,1,False,0.23709902370990238,0.2594142259414226,0.7265625
4697,0,CF1,L5,0.7,dictlearn,5,9,0.2881890833377838,0,False,0.2496513249651325,0.25662482566248257,0.71875
6317,0,CF1,L5,0.7,dictlearn,5,5,0.286728173494339,1,False,0.2524407252440725,0.2482566248256625,0.6953125
16623,0,CF1,L5,0.7,dictlearn,6,5,0.3537500202655792,0,False,0.28172942817294283,0.24546722454672246,0.6875
16511,0,CF1,L5,0.7,dictlearn,6,5,0.504741907119751,0,False,0.24407252440725244,0.27475592747559274,0.76953125
16162,0,CF1,L5,0.7,dictlearn,3,5,0.5645741820335388,0,False,0.2412831241283124,0.2649930264993027,0.7421875
5989,0,CF1,L5,0.7,dictlearn,1,1,0.31295305490493774,1,False,0.26778242677824265,0.24546722454672246,0.6875
18753,0,CF1,L5,0.7,dictlearn,5,5,0.41490933299064636,1,False,0.2608089260808926,0.24407252440725244,0.68359375
20853,0,CF1,L5,0.7,dictlearn,4,2,0.19696995615959167,0,False,0.2608089260808926,0.2524407252440725,0.70703125
16556,0,CF1,L5,0.7,dictlearn,0,8,0.2659907341003418,0,False,0.2859135285913529,0.2580195258019526,0.72265625
7019,0,CF1,L5,0.7,dictlearn,9,3,0.21346896886825562,0,False,0.2608089260808926,0.24267782426778242,0.6796875
3090,0,CF1,L5,0.7,dictlearn,6,6,0.4732535183429718,1,False,0.2594142259414226,0.25383542538354253,0.7109375
14680,0,CF1,L5,0.7,dictlearn,3,3,0.4720595180988312,1,False,0.2719665271966527,0.26220362622036264,0.734375
869,0,CF1,L5,0.7,dictlearn,3,3,0.2508508265018463,1,False,0.24407252440725244,0.25383542538354253,0.7109375
7595,0,CF1,L5,0.7,dictlearn,6,5,0.27085381746292114,0,False,0.25383542538354253,0.24546722454672246,0.6875
14417,0,CF1,L5,0.7,dictlearn,1,2,0.3791150152683258,0,False,0.23709902370990238,0.25662482566248257,0.71875
13624,0,CF1,L5,0.7,dictlearn,9,9,0.5143787860870361,1,False,0.24686192468619247,0.24686192468619247,0.69140625
21083,0,CF1,L5,0.7,dictlearn,0,9,0.2915151119232178,0,False,0.2733612273361227,0.22873082287308227,0.640625
7556,0,CF1,L5,0.7,dictlearn,1,5,0.3916221261024475,0,False,0.2384937238493724,0.24267782426778242,0.6796875
9289,0,CF1,L5,0.7,dictlearn,8,2,0.2562108337879181,0,False,0.26220362622036264,0.2524407252440725,0.70703125
19944,0,CF1,L5,0.7,dictlearn,3,2,0.29346024990081787,0,False,0.2733612273361227,0.24407252440725244,0.68359375
6057,0,CF1,L5,0.7,dictlearn,1,1,0.34847310185432434,1,False,0.2510460251046025,0.24546722454672246,0.6875
23029,0,CF1,L5,0.7,dictlearn,8,5,0.16357523202896118,0,False,0.24546722454672246,0.25523012552301255,0.71484375
23668,0,CF1,L5,0.7,dictlearn,5,5,0.3867062032222748,1,False,0.25662482566248257,0.25662482566248257,0.71875
13115,0,CF1,L5,0.7,dictlearn,8,2,0.18749737739562988,0,False,0.2594142259414226,0.24686192468619247,0.69140625
20635,0,CF1,L5,0.7,dictlearn,3,5,0.24590124189853668,0,False,0.2789400278940028,0.2203626220362622,0.6171875
4281,0,CF1,L5,0.7,dictlearn,4,8,0.3412809669971466,0,False,0.26359832635983266,0.2496513249651325,0.69921875
4139,0,CF1,L5,0.7,dictlearn,9,5,0.2523860037326813,0,False,0.2482566248256625,0.25523012552301255,0.71484375
10652,0,CF1,L5,0.7,dictlearn,1,9,0.21466106176376343,0,False,0.2412831241283124,0.24686192468619247,0.69140625
700,0,CF1,L5,0.7,dictlearn,1,3,0.6098213791847229,0,False,0.2900976290097629,0.2482566248256625,0.6953125
5772,0,CF1,L5,0.7,dictlearn,3,3,0.21586255729198456,1,False,0.2384937238493724,0.2524407252440725,0.70703125
8114,0,CF1,L5,0.7,dictlearn,9,8,0.2494456022977829,0,False,0.2705718270571827,0.2482566248256625,0.6953125
5964,0,CF1,L5,0.7,dictlearn,6,3,0.17665158212184906,0,False,0.23570432357043236,0.2496513249651325,0.69921875
17278,0,CF1,L5,0.7,dictlearn,7,2,0.8195466995239258,0,False,0.23291492329149233,0.2580195258019526,0.72265625
9961,0,CF1,L5,0.7,dictlearn,0,5,0.28743061423301697,0,False,0.28172942817294283,0.24407252440725244,0.68359375
25974,0,CF1,L5,0.7,dictlearn,7,7,0.4810221195220947,1,False,0.26638772663877264,0.24686192468619247,0.69140625
14317,0,CF1,L5,0.7,dictlearn,3,8,0.34040558338165283,0,False,0.2649930264993027,0.2398884239888424,0.671875
6485,0,CF1,L5,0.7,dictlearn,0,3,0.5184711217880249,0,False,0.2496513249651325,0.2398884239888424,0.671875
18287,0,CF1,L5,0.7,dictlearn,0,3,0.3982910215854645,0,False,0.2691771269177127,0.2580195258019526,0.72265625
11840,0,CF1,L5,0.7,dictlearn,4,4,0.3254694938659668,1,False,0.24267782426778242,0.2315202231520223,0.6484375
864,0,CF1,L5,0.7,dictlearn,0,2,0.30865052342414856,0,False,0.24546722454672246,0.23430962343096234,0.65625
20612,0,CF1,L5,0.7,dictlearn,1,3,0.2885366380214691,0,False,0.2510460251046025,0.25662482566248257,0.71875
21079,0,CF1,L5,0.7,dictlearn,1,1,0.3732118308544159,1,False,0.24407252440725244,0.23570432357043236,0.66015625
11286,0,CF1,L5,0.7,dictlearn,5,5,0.4665035009384155,1,False,0.2859135285913529,0.2580195258019526,0.72265625
788,0,CF1,L5,0.7,dictlearn,0,3,0.6569071412086487,0,False,0.2510460251046025,0.24686192468619247,0.69140625
15932,0,CF1,L5,0.7,dictlearn,3,3,0.5239940285682678,1,False,0.23709902370990238,0.24686192468619247,0.69140625
18511,0,CF1,L5,0.7,dictlearn,3,3,0.5965781211853027,1,False,0.2594142259414226,0.25662482566248257,0.71875
21576,0,CF1,L5,0.7,dictlearn,5,7,0.4264822006225586,0,False,0.23430962343096234,0.24267782426778242,0.6796875
17237,0,CF1,L5,0.7,dictlearn,2,2,0.6972317099571228,1,False,0.2482566248256625,0.24686192468619247,0.69140625
2966,0,CF1,L5,0.7,dictlearn,2,2,0.8288275003433228,1,False,0.24407252440725244,0.2510460251046025,0.703125
16416,0,CF1,L5,0.7,dictlearn,5,5,0.684041440486908,1,False,0.2594142259414226,0.25383542538354253,0.7109375
1280,0,CF1,L5,0.7,dictlearn,5,5,0.5945572257041931,1,False,0.24407252440725244,0.2510460251046025,0.703125
24928,0,CF1,L5,0.7,dictlearn,0,4,0.3381538391113281,0,False,0.26220362622036264,0.24686192468619247,0.69140625
23837,0,CF1,L5,0.7,dictlearn,1,2,0.34261223673820496,0,False,0.25383542538354253,0.24407252440725244,0.68359375
20230,0,CF1,L5,0.7,dictlearn,1,2,0.26551276445388794,0,False,0.25523012552301255,0.2496513249651325,0.69921875
23434,0,CF1,L5,0.7,dictlearn,5,5,0.2317487895488739,1,False,0.2496513249651325,0.2482566248256625,0.6953125
20522,0,CF1,L5,0.7,dictlearn,6,3,0.184123694896698,0,False,0.2482566248256625,0.24267782426778242,0.6796875
7789,0,CF1,L5,0.7,dictlearn,3,3,0.29284170269966125,1,False,0.2524407252440725,0.2412831241283124,0.67578125
22086,0,CF1,L5,0.7,dictlearn,6,5,0.31332263350486755,0,False,0.2580195258019526,0.2398884239888424,0.671875
21339,0,CF1,L5,0.7,dictlearn,0,8,0.43002820014953613,0,False,0.25662482566248257,0.25383542538354253,0.7109375
6830,0,CF1,L5,0.7,dictlearn,9,9,0.854851484298706,1,False,0.2691771269177127,0.2580195258019526,0.72265625
20902,0,CF1,L5,0.7,dictlearn,2,3,0.27801212668418884,0,False,0.2649930264993027,0.25523012552301255,0.71484375
17481,0,CF1,L5,0.7,dictlearn,5,5,0.5608856678009033,1,False,0.25523012552301255,0.2398884239888424,0.671875
3050,0,CF1,L5,0.7,dictlearn,6,5,0.26235002279281616,0,False,0.23291492329149233,0.2398884239888424,0.671875
409,0,CF1,L5,0.7,dictlearn,1,5,0.30653032660484314,0,False,0.2412831241283124,0.25662482566248257,0.71875
14823,0,CF1,L5,0.7,dictlearn,7,3,0.35799092054367065,0,False,0.23709902370990238,0.2496513249651325,0.69921875
22892,0,CF1,L5,0.7,dictlearn,9,8,0.17662210762500763,0,False,0.2580195258019526,0.2733612273361227,0.765625
9470,0,CF1,L5,0.7,dictlearn,8,2,0.19443944096565247,0,False,0.2301255230125523,0.2524407252440725,0.70703125
9543,0,CF1,L5,0.7,dictlearn,6,8,0.2883281707763672,0,False,0.2649930264993027,0.25523012552301255,0.71484375
22090,0,CF1,L5,0.7,dictlearn,5,5,0.45929861068725586,1,False,0.2482566248256625,0.24407252440725244,0.68359375
6045,0,CF1,L5,0.7,dictlearn,6,5,0.3031550347805023,0,False,0.25662482566248257,0.24267782426778242,0.6796875
317,0,CF1,L5,0.7,dictlearn,8,5,0.3737115263938904,0,False,0.2691771269177127,0.2482566248256625,0.6953125
15812,0,CF1,L5,0.7,dictlearn,0,6,0.24685579538345337,0,False,0.2803347280334728,0.26220362622036264,0.734375
18170,0,CF1,L5,0.7,dictlearn,9,9,0.29575833678245544,1,False,0.2217573221757322,0.2580195258019526,0.72265625
14781,0,CF1,L5,0.7,dictlearn,0,5,0.35885751247406006,0,False,0.23291492329149233,0.2384937238493724,0.66796875
17886,0,CF1,L5,0.7,dictlearn,9,9,0.32450664043426514,1,False,0.24686192468619247,0.25383542538354253,0.7109375
20049,0,CF1,L5,0.7,dictlearn,3,6,0.413316935300827,0,False,0.25383542538354253,0.25383542538354253,0.7109375
13283,0,CF1,L5,0.7,dictlearn,0,6,0.2557677924633026,0,False,0.2580195258019526,0.2524407252440725,0.70703125
25830,0,CF1,L5,0.7,dictlearn,5,5,0.8563044667243958,1,False,0.2524407252440725,0.26220362622036264,0.734375
14277,0,CF1,L5,0.7,dictlearn,9,2,0.4342670440673828,0,False,0.26220362622036264,0.23291492329149233,0.65234375
5908,0,CF1,L5,0.7,dictlearn,1,5,0.4000031650066376,0,False,0.2733612273361227,0.24267782426778242,0.6796875
9731,0,CF1,L5,0.7,dictlearn,8,5,0.49972328543663025,0,False,0.2524407252440725,0.2301255230125523,0.64453125
14180,0,CF1,L5,0.7,dictlearn,9,3,0.22858615219593048,0,False,0.2705718270571827,0.2398884239888424,0.671875
9246,0,CF1,L5,0.7,dictlearn,2,2,0.7065151929855347,1,False,0.24686192468619247,0.2496513249651325,0.69921875
1656,0,CF1,L5,0.7,dictlearn,2,3,0.24045787751674652,0,False,0.26638772663877264,0.24546722454672246,0.6875
17712,0,CF1,L5,0.7,dictlearn,1,3,0.2234196662902832,0,False,0.2482566248256625,0.2384937238493724,0.66796875
25544,0,CF1,L5,0.7,dictlearn,9,9,0.2967369258403778,1,False,0.24407252440725244,0.25383542538354253,0.7109375
1120,0,CF1,L5,0.7,dictlearn,5,5,0.6747505068778992,1,False,0.23570432357043236,0.2594142259414226,0.7265625
1298,0,CF1,L5,0.7,dictlearn,6,5,0.6501612067222595,0,False,0.2594142259414226,0.25383542538354253,0.7109375
25570,0,CF1,L5,0.7,dictlearn,2,2,0.6553377509117126,1,False,0.26220362622036264,0.2510460251046025,0.703125
5370,0,CF1,L5,0.7,dictlearn,7,5,0.40088650584220886,0,False,0.26638772663877264,0.2384937238493724,0.66796875
19075,0,CF1,L5,0.7,dictlearn,2,2,0.7307261824607849,1,False,0.2803347280334728,0.2482566248256625,0.6953125
8583,0,CF1,L5,0.7,dictlearn,0,3,0.16856813430786133,0,False,0.25523012552301255,0.2580195258019526,0.72265625
2133,0,CF1,L5,0.7,dictlearn,0,8,0.3183545768260956,0,False,0.18688981868898186,0.2482566248256625,0.6953125
1982,0,CF1,L5,0.7,dictlearn,2,2,0.8348034620285034,1,False,0.2608089260808926,0.25662482566248257,0.71875
950,0,CF1,L5,0.7,dictlearn,8,2,0.24537687003612518,0,False,0.23430962343096234,0.24546722454672246,0.6875
19563,0,CF1,L5,0.7,dictlearn,4,5,0.24073578417301178,0,False,0.2384937238493724,0.2524407252440725,0.70703125
21023,0,CF1,L5,0.7,dictlearn,6,6,0.4714617133140564,1,False,0.2482566248256625,0.2524407252440725,0.70703125
15687,0,CF1,L5,0.7,dictlearn,0,2,0.18668384850025177,0,False,0.25523012552301255,0.25523012552301255,0.71484375
6444,0,CF1,L5,0.7,dictlearn,6,5,0.38629385828971863,0,False,0.2315202231520223,0.25383542538354253,0.7109375
15735,0,CF1,L5,0.7,dictlearn,4,4,0.3656361401081085,1,False,0.2733612273361227,0.25662482566248257,0.71875
10651,0,CF1,L5,0.7,dictlearn,0,8,0.31948328018188477,0,False,0.26220362622036264,0.24686192468619247,0.69140625
13256,0,CF1,L5,0.7,dictlearn,1,5,0.3956194519996643,0,False,0.24686192468619247,0.2384937238493724,0.66796875
16855,0,CF1,L5,0.7,dictlearn,6,5,0.3718276917934418,0,False,0.2594142259414226,0.2524407252440725,0.70703125
14884,0,CF1,L5,0.7,dictlearn,9,9,0.25896963477134705,1,False,0.2315202231520223,0.2691771269177127,0.75390625
21884,0,CF1,L5,0.7,dictlearn,6,3,0.32654669880867004,0,False,0.23709902370990238,0.2398884239888424,0.671875
5078,0,CF1,L5,0.7,dictlearn,3,5,0.184623584151268,0,False,0.2775453277545328,0.2398884239888424,0.671875
20419,0,CF1,L5,0.7,dictlearn,9,2,0.162370502948761,0,False,0.28451882845188287,0.27475592747559274,0.76953125
20521,0,CF1,L5,0.7,dictlearn,5,5,0.6252487301826477,1,False,0.23570432357043236,0.2482566248256625,0.6953125
23257,0,CF1,L5,0.7,dictlearn,5,5,0.29159674048423767,1,False,0.2580195258019526,0.2608089260808926,0.73046875
17190,0,CF1,L5,0.7,dictlearn,2,2,0.34494921565055847,1,False,0.2510460251046025,0.2580195258019526,0.72265625
15631,0,CF1,L5,0.7,dictlearn,8,8,0.4153006374835968,1,False,0.2398884239888424,0.2496513249651325,0.69921875
504,0,CF1,L5,0.7,dictlearn,0,5,0.2302297055721283,0,False,0.24267782426778242,0.2384937238493724,0.66796875
14990,0,CF1,L5,0.7,dictlearn,3,3,0.47578898072242737,1,False,0.2775453277545328,0.2496513249651325,0.69921875
24512,0,CF1,L5,0.7,dictlearn,8,8,0.30840036273002625,1,False,0.23430962343096234,0.2496513249651325,0.69921875
23120,0,CF1,L5,0.7,dictlearn,7,1,0.2664194703102112,0,False,0.2482566248256625,0.26220362622036264,0.734375
3357,0,CF1,L5,0.7,dictlearn,2,2,0.7707173824310303,1,False,0.2719665271966527,0.2496513249651325,0.69921875
8088,0,CF1,L5,0.7,dictlearn,1,9,0.17702767252922058,0,False,0.24546722454672246,0.23570432357043236,0.66015625
21849,0,CF1,L5,0.7,dictlearn,9,5,0.24454320967197418,0,False,0.2649930264993027,0.24546722454672246,0.6875
13683,0,CF1,L5,0.7,dictlearn,0,6,0.24962981045246124,0,False,0.25523012552301255,0.2384937238493724,0.66796875
22718,0,CF1,L5,0.7,dictlearn,9,3,0.5123885273933411,0,False,0.2510460251046025,0.2384937238493724,0.66796875
9927,0,CF1,L5,0.7,dictlearn,4,5,0.3517901599407196,0,False,0.2496513249651325,0.24686192468619247,0.69140625
11425,0,CF1,L5,0.7,dictlearn,0,6,0.50883549451828,0,False,0.23570432357043236,0.2524407252440725,0.70703125
14578,0,CF1,L5,0.7,dictlearn,0,4,0.5342091917991638,0,False,0.2928870292887029,0.23709902370990238,0.6640625
25481,0,CF1,L5,0.7,dictlearn,8,3,0.43550923466682434,0,False,0.2608089260808926,0.25662482566248257,0.71875
11269,0,CF1,L5,0.7,dictlearn,5,5,0.59649258852005,1,False,0.2482566248256625,0.23709902370990238,0.6640625
12877,0,CF1,L5,0.7,dictlearn,5,5,0.27738213539123535,1,False,0.2594142259414226,0.2496513249651325,0.69921875
22531,0,CF1,L5,0.7,dictlearn,9,3,0.23170016705989838,0,False,0.2398884239888424,0.25523012552301255,0.71484375
13150,0,CF1,L5,0.7,dictlearn,3,3,0.46970200538635254,1,False,0.2580195258019526,0.25383542538354253,0.7109375
5654,0,CF1,L5,0.7,dictlearn,8,8,0.2758668065071106,1,False,0.24686192468619247,0.26778242677824265,0.75
1286,0,CF1,L5,0.7,dictlearn,7,3,0.4441415071487427,0,False,0.23570432357043236,0.24686192468619247,0.69140625
1652,0,CF1,L5,0.7,dictlearn,1,5,0.2468554675579071,0,False,0.23709902370990238,0.2510460251046025,0.703125
22335,0,CF1,L5,0.7,dictlearn,2,3,0.2501041293144226,0,False,0.2705718270571827,0.2496513249651325,0.69921875
23848,0,CF1,L5,0.7,dictlearn,3,4,0.16360516846179962,0,False,0.24546722454672246,0.2580195258019526,0.72265625
2892,0,CF1,L5,0.7,dictlearn,6,6,0.5337153673171997,1,False,0.25662482566248257,0.2482566248256625,0.6953125
16530,0,CF1,L5,0.7,dictlearn,8,2,0.2833206355571747,0,False,0.2691771269177127,0.2580195258019526,0.72265625
12848,0,CF1,L5,0.7,dictlearn,8,8,0.7023123502731323,1,False,0.28451882845188287,0.24267782426778242,0.6796875
7330,0,CF1,L5,0.7,dictlearn,7,2,0.26090022921562195,0,False,0.24267782426778242,0.2580195258019526,0.72265625
3676,0,CF1,L5,0.7,dictlearn,1,5,0.5774075984954834,0,False,0.25523012552301255,0.23430962343096234,0.65625
19966,0,CF1,L5,0.7,dictlearn,8,8,0.32816579937934875,1,False,0.21896792189679218,0.24686192468619247,0.69140625
8382,0,CF1,L5,0.7,dictlearn,5,5,0.3990357518196106,1,False,0.24686192468619247,0.25523012552301255,0.71484375
19660,0,CF1,L5,0.7,dictlearn,7,2,0.3320734202861786,0,False,0.25383542538354253,0.2524407252440725,0.70703125
2508,0,CF1,L5,0.7,dictlearn,9,2,0.38178348541259766,0,False,0.27475592747559274,0.2580195258019526,0.72265625
2360,0,CF1,L5,0.7,dictlearn,4,3,0.31823328137397766,0,False,0.2914923291492329,0.2524407252440725,0.70703125
16796,0,CF1,L5,0.7,dictlearn,1,3,0.34548109769821167,0,False,0.29707112970711297,0.2482566248256625,0.6953125
23426,0,CF1,L5,0.7,dictlearn,9,5,0.2654922604560852,0,False,0.25523012552301255,0.25383542538354253,0.7109375
15590,0,CF1,L5,0.7,dictlearn,2,5,0.23251350224018097,0,False,0.2482566248256625,0.2482566248256625,0.6953125
6302,0,CF1,L5,0.7,dictlearn,3,5,0.3605290949344635,0,False,0.24267782426778242,0.24686192468619247,0.69140625
24519,0,CF1,L5,0.7,dictlearn,7,6,0.18478432297706604,0,False,0.26778242677824265,0.22873082287308227,0.640625
23276,0,CF1,L5,0.7,dictlearn,2,3,0.23001952469348907,0,False,0.23291492329149233,0.2608089260808926,0.73046875
24566,0,CF1,L5,0.7,dictlearn,8,5,0.3961893618106842,0,False,0.2510460251046025,0.24267782426778242,0.6796875
20978,0,CF1,L5,0.7,dictlearn,1,2,0.6058675646781921,0,False,0.2580195258019526,0.2608089260808926,0.73046875
8990,0,CF1,L5,0.7,dictlearn,3,3,0.4010286331176758,1,False,0.27475592747559274,0.2496513249651325,0.69921875
11061,0,CF1,L5,0.7,dictlearn,7,2,0.3346726596355438,0,False,0.2789400278940028,0.25662482566248257,0.71875
7075,0,CF1,L5,0.7,dictlearn,9,9,0.1722375452518463,1,False,0.2482566248256625,0.24686192468619247,0.69140625
17641,0,CF1,L5,0.7,dictlearn,2,2,0.7484339475631714,1,False,0.2524407252440725,0.25383542538354253,0.7109375
12077,0,CF1,L5,0.7,dictlearn,9,2,0.15231192111968994,0,False,0.24546722454672246,0.2608089260808926,0.73046875
1779,0,CF1,L5,0.7,dictlearn,7,3,0.26678135991096497,0,False,0.2398884239888424,0.2580195258019526,0.72265625
11519,0,CF1,L5,0.7,dictlearn,4,5,0.28460291028022766,0,False,0.26778242677824265,0.2412831241283124,0.67578125
8549,0,CF1,L5,0.7,dictlearn,3,2,0.2998429834842682,0,False,0.23570432357043236,0.2510460251046025,0.703125
14623,0,CF1,L5,0.7,dictlearn,6,5,0.3466697633266449,0,False,0.2649930264993027,0.24546722454672246,0.6875
10846,0,CF1,L5,0.7,dictlearn,3,3,0.32430174946784973,1,False,0.2580195258019526,0.2580195258019526,0.72265625
16289,0,CF1,L5,0.7,dictlearn,3,3,0.2490503042936325,1,False,0.25383542538354253,0.2482566248256625,0.6953125
12311,0,CF1,L5,0.7,dictlearn,8,5,0.35560131072998047,0,False,0.25523012552301255,0.24407252440725244,0.68359375
6068,0,CF1,L5,0.7,dictlearn,8,8,0.2513906955718994,1,False,0.24546722454672246,0.26359832635983266,0.73828125
9629,0,CF1,L5,0.7,dictlearn,6,3,0.2558552324771881,0,False,0.27615062761506276,0.2412831241283124,0.67578125
19560,0,CF1,L5,0.7,dictlearn,3,3,0.30580684542655945,1,False,0.23709902370990238,0.24267782426778242,0.6796875
10379,0,CF1,L5,0.7,dictlearn,8,8,0.3296798765659332,1,False,0.2524407252440725,0.24546722454672246,0.6875
6499,0,CF1,L5,0.7,dictlearn,9,5,0.69629967212677,0,False,0.24267782426778242,0.24546722454672246,0.6875
1159,0,CF1,L5,0.7,dictlearn,0,5,0.2274578958749771,0,False,0.24267782426778242,0.2398884239888424,0.671875
4366,0,CF1,L5,0.7,dictlearn,7,2,0.2845973074436188,0,False,0.2608089260808926,0.25383542538354253,0.7109375
8397,0,CF1,L5,0.7,dictlearn,1,4,0.17662332952022552,0,False,0.26778242677824265,0.24546722454672246,0.6875
20905,0,CF1,L5,0.7,dictlearn,9,8,0.29153159260749817,0,False,0.2412831241283124,0.2412831241283124,0.67578125
15746,0,CF1,L5,0.7,dictlearn,5,5,0.33762234449386597,1,False,0.26359832635983266,0.2524407252440725,0.70703125
9402,0,CF1,L5,0.7,dictlearn,3,8,0.3000488877296448,0,False,0.2398884239888424,0.26778242677824265,0.75
8164,0,CF1,L5,0.7,dictlearn,2,2,0.2114352285861969,1,False,0.26220362622036264,0.2510460251046025,0.703125
510,0,CF1,L5,0.7,dictlearn,5,2,0.198778435587883,0,False,0.2691771269177127,0.2496513249651325,0.69921875
24070,0,CF1,L5,0.7,dictlearn,9,5,0.20897701382637024,0,False,0.2594142259414226,0.2594142259414226,0.7265625
2401,0,CF1,L5,0.7,dictlearn,4,5,0.3422641456127167,0,False,0.24267782426778242,0.26220362622036264,0.734375
12147,0,CF1,L5,0.7,dictlearn,3,3,0.36953994631767273,1,False,0.22733612273361228,0.2649930264993027,0.7421875
14499,0,CF1,L5,0.7,dictlearn,6,5,0.28124624490737915,0,False,0.23709902370990238,0.23709902370990238,0.6640625
3530,0,CF1,L5,0.7,dictlearn,6,5,0.6814249753952026,0,False,0.2384937238493724,0.2482566248256625,0.6953125
14723,0,CF1,L5,0.7,dictlearn,7,2,0.45046499371528625,0,False,0.24546722454672246,0.22873082287308227,0.640625
4435,0,CF1,L5,0.7,dictlearn,3,3,0.6862024664878845,1,False,0.24686192468619247,0.2524407252440725,0.70703125
22852,0,CF1,L5,0.7,dictlearn,2,6,0.3921854794025421,0,False,0.23709902370990238,0.24546722454672246,0.6875
8461,0,CF1,L5,0.7,dictlearn,3,3,0.5897241234779358,1,False,0.2315202231520223,0.24407252440725244,0.68359375
21972,0,CF1,L5,0.7,dictlearn,7,3,0.33087316155433655,0,False,0.2608089260808926,0.2496513249651325,0.69921875
5410,0,CF1,L5,0.7,dictlearn,4,2,0.15993492305278778,0,False,0.2608089260808926,0.24407252440725244,0.68359375
17754,0,CF1,L5,0.7,dictlearn,6,2,0.2016475647687912,0,False,0.26638772663877264,0.25523012552301255,0.71484375
15311,0,CF1,L5,0.7,dictlearn,2,3,0.4527554214000702,0,False,0.27475592747559274,0.2719665271966527,0.76171875
15185,0,CF1,L5,0.7,dictlearn,1,9,0.2414291948080063,0,False,0.2594142259414226,0.24546722454672246,0.6875
5663,0,CF1,L5,0.7,dictlearn,4,5,0.28578945994377136,0,False,0.2803347280334728,0.25523012552301255,0.71484375
6247,0,CF1,L5,0.7,dictlearn,6,5,0.5369576215744019,0,False,0.24267782426778242,0.25523012552301255,0.71484375
15287,0,CF1,L5,0.7,dictlearn,0,2,0.19486358761787415,0,False,0.26359832635983266,0.24686192468619247,0.69140625
19902,0,CF1,L5,0.7,dictlearn,0,5,0.21525026857852936,0,False,0.25662482566248257,0.25662482566248257,0.71875
25188,0,CF1,L5,0.7,dictlearn,4,8,0.1717628389596939,0,False,0.25523012552301255,0.2594142259414226,0.7265625
11195,0,CF1,L5,0.7,dictlearn,8,1,0.234484001994133,0,False,0.23291492329149233,0.26220362622036264,0.734375
4828,0,CF1,L5,0.7,dictlearn,7,5,0.40498656034469604,0,False,0.27615062761506276,0.2580195258019526,0.72265625
23751,0,CF1,L5,0.7,dictlearn,5,5,0.3823656141757965,1,False,0.2649930264993027,0.2412831241283124,0.67578125
9464,0,CF1,L5,0.7,dictlearn,3,5,0.5076972246170044,0,False,0.25383542538354253,0.24686192468619247,0.69140625
25723,0,CF1,L5,0.7,dictlearn,0,2,0.2488982230424881,0,False,0.23430962343096234,0.26359832635983266,0.73828125
16859,0,CF1,L5,0.7,dictlearn,5,3,0.3509201407432556,0,False,0.2580195258019526,0.2482566248256625,0.6953125
3601,0,CF1,L5,0.7,dictlearn,1,3,0.20542943477630615,0,False,0.2691771269177127,0.2594142259414226,0.7265625
11679,0,CF1,L5,0.7,dictlearn,6,6,0.3159792423248291,1,False,0.2482566248256625,0.24686192468619247,0.69140625
12135,0,CF1,L5,0.7,dictlearn,7,2,0.2653222680091858,0,False,0.2608089260808926,0.2384937238493724,0.66796875
16329,0,CF1,L5,0.7,dictlearn,1,5,0.24934884905815125,0,False,0.2510460251046025,0.2315202231520223,0.6484375
94,0,CF1,L5,0.7,dictlearn,4,5,0.41511133313179016,0,False,0.25662482566248257,0.23430962343096234,0.65625
14517,0,CF1,L5,0.7,dictlearn,9,2,0.23919366300106049,0,False,0.26778242677824265,0.2580195258019526,0.72265625
16852,0,CF1,L5,0.7,dictlearn,3,3,0.40976420044898987,1,False,0.2217573221757322,0.26220362622036264,0.734375
6852,0,CF1,L5,0.7,dictlearn,6,2,0.25409412384033203,0,False,0.2775453277545328,0.2524407252440725,0.70703125
24858,0,CF1,L5,0.7,dictlearn,3,3,0.4256417155265808,1,False,0.2691771269177127,0.2594142259414226,0.7265625
297,0,CF1,L5,0.7,dictlearn,9,5,0.3373207151889801,0,False,0.27615062761506276,0.2384937238493724,0.66796875
12339,0,CF1,L5,0.7,dictlearn,2,2,0.8317854404449463,1,False,0.2691771269177127,0.2510460251046025,0.703125
20811,0,CF1,L5,0.7,dictlearn,8,8,0.43600183725357056,1,False,0.2315202231520223,0.26359832635983266,0.73828125
12439,0,CF1,L5,0.7,dictlearn,5,5,0.27243077754974365,1,False,0.2496513249651325,0.25383542538354253,0.7109375
16632,0,CF1,L5,0.7,dictlearn,9,5,0.2967357337474823,0,False,0.2705718270571827,0.2482566248256625,0.6953125
5798,0,CF1,L5,0.7,dictlearn,4,2,0.1764230579137802,0,False,0.2524407252440725,0.24686192468619247,0.69140625
18458,0,CF1,L5,0.7,dictlearn,3,5,0.22283808887004852,0,False,0.2775453277545328,0.2496513249651325,0.69921875
6105,0,CF1,L5,0.7,dictlearn,5,5,0.2932092249393463,1,False,0.26778242677824265,0.2580195258019526,0.72265625
10321,0,CF1,L5,0.7,dictlearn,6,5,0.23859135806560516,0,False,0.26638772663877264,0.24686192468619247,0.69140625
21771,0,CF1,L5,0.7,dictlearn,7,7,0.4491727352142334,1,False,0.2482566248256625,0.2496513249651325,0.69921875
22194,0,CF1,L5,0.7,dictlearn,0,3,0.1839083433151245,0,False,0.2691771269177127,0.25383542538354253,0.7109375
6,0,CF1,L5,0.7,dictlearn,9,2,0.30600208044052124,0,False,0.23570432357043236,0.24686192468619247,0.69140625
912,0,CF1,L5,0.7,dictlearn,7,2,0.5148347616195679,0,False,0.2705718270571827,0.2496513249651325,0.69921875
16910,0,CF1,L5,0.7,dictlearn,5,5,0.684576690196991,1,False,0.26638772663877264,0.2608089260808926,0.73046875
18738,0,CF1,L5,0.7,dictlearn,7,7,0.5576828718185425,1,False,0.2175732217573222,0.25383542538354253,0.7109375
18020,0,CF1,L5,0.7,dictlearn,9,5,0.2829723060131073,0,False,0.22873082287308227,0.2510460251046025,0.703125
3462,0,CF1,L5,0.7,dictlearn,8,5,0.2176630198955536,0,False,0.26220362622036264,0.25523012552301255,0.71484375
5696,0,CF1,L5,0.7,dictlearn,1,6,0.16749224066734314,0,False,0.2719665271966527,0.2594142259414226,0.7265625
15066,0,CF1,L5,0.7,dictlearn,3,3,0.38626620173454285,1,False,0.27475592747559274,0.24267782426778242,0.6796875
10653,0,CF1,L5,0.7,dictlearn,9,9,0.3629327118396759,1,False,0.2719665271966527,0.26220362622036264,0.734375
13337,0,CF1,L5,0.7,dictlearn,2,2,0.701878011226654,1,False,0.2580195258019526,0.2398884239888424,0.671875
12340,0,CF1,L5,0.7,dictlearn,5,5,0.6076933741569519,1,False,0.21199442119944212,0.25383542538354253,0.7109375
9536,0,CF1,L5,0.7,dictlearn,0,9,0.19018249213695526,0,False,0.2775453277545328,0.23430962343096234,0.65625
3566,0,CF1,L5,0.7,dictlearn,4,5,0.28465571999549866,0,False,0.2384937238493724,0.2524407252440725,0.70703125
20090,0,CF1,L5,0.7,dictlearn,4,5,0.24673070013523102,0,False,0.24686192468619247,0.2580195258019526,0.72265625
211,0,CF1,L5,0.7,dictlearn,0,5,0.20814171433448792,0,False,0.2496513249651325,0.24686192468619247,0.69140625
55,0,CF1,L5,0.7,dictlearn,8,6,0.3409540057182312,0,False,0.2412831241283124,0.24407252440725244,0.68359375
1477,0,CF1,L5,0.7,dictlearn,2,5,0.2961375415325165,0,False,0.2719665271966527,0.24686192468619247,0.69140625
25898,0,CF1,L5,0.7,dictlearn,0,3,0.2672065496444702,0,False,0.2580195258019526,0.2580195258019526,0.72265625
25713,0,CF1,L5,0.7,dictlearn,0,5,0.3052424490451813,0,False,0.2301255230125523,0.24686192468619247,0.69140625
18055,0,CF1,L5,0.7,dictlearn,3,3,0.4029003977775574,1,False,0.24267782426778242,0.2496513249651325,0.69921875
17461,0,CF1,L5,0.7,dictlearn,3,5,0.5933499932289124,0,False,0.23709902370990238,0.26359832635983266,0.73828125
14237,0,CF1,L5,0.7,dictlearn,7,7,0.2701117992401123,1,False,0.24267782426778242,0.2594142259414226,0.7265625
13858,0,CF1,L5,0.7,dictlearn,1,1,0.18157322704792023,1,False,0.2649930264993027,0.23430962343096234,0.65625
12386,0,CF1,L5,0.7,dictlearn,5,3,0.34586384892463684,0,False,0.22594142259414227,0.26220362622036264,0.734375
7223,0,CF1,L5,0.7,dictlearn,9,5,0.5928953886032104,0,False,0.26220362622036264,0.26778242677824265,0.75
3153,0,CF1,L5,0.7,dictlearn,5,3,0.2569064199924469,0,False,0.22873082287308227,0.2510460251046025,0.703125
23265,0,CF1,L5,0.7,dictlearn,8,8,0.20790721476078033,1,False,0.25383542538354253,0.2496513249651325,0.69921875
9465,0,CF1,L5,0.7,dictlearn,0,8,0.31516146659851074,0,False,0.2510460251046025,0.24686192468619247,0.69140625
7419,0,CF1,L5,0.7,dictlearn,0,6,0.25324761867523193,0,False,0.25383542538354253,0.26778242677824265,0.75
4722,0,CF1,L5,0.7,dictlearn,6,2,0.2797139585018158,0,False,0.2301255230125523,0.25662482566248257,0.71875
23448,0,CF1,L5,0.7,dictlearn,6,5,0.307758629322052,0,False,0.25662482566248257,0.2580195258019526,0.72265625
8222,0,CF1,L5,0.7,dictlearn,2,2,0.580990195274353,1,False,0.2384937238493724,0.23709902370990238,0.6640625
20898,0,CF1,L5,0.7,dictlearn,8,8,0.2521204948425293,1,False,0.28870292887029286,0.23709902370990238,0.6640625
23313,0,CF1,L5,0.7,dictlearn,2,2,0.5895619988441467,1,False,0.2719665271966527,0.2580195258019526,0.72265625
13426,0,CF1,L5,0.7,dictlearn,2,2,0.33110058307647705,1,False,0.24686192468619247,0.2691771269177127,0.75390625
25136,0,CF1,L5,0.7,dictlearn,4,4,0.33110541105270386,1,False,0.28870292887029286,0.22733612273361228,0.63671875
9268,0,CF1,L5,0.7,dictlearn,4,4,0.2645297646522522,1,False,0.26638772663877264,0.23430962343096234,0.65625
3892,0,CF1,L5,0.7,dictlearn,1,3,0.3592931032180786,0,False,0.2482566248256625,0.24407252440725244,0.68359375
4115,0,CF1,L5,0.7,dictlearn,3,8,0.2141912877559662,0,False,0.2384937238493724,0.25523012552301255,0.71484375
5166,0,CF1,L5,0.7,dictlearn,7,2,0.429740309715271,0,False,0.28172942817294283,0.2594142259414226,0.7265625
14984,0,CF1,L5,0.7,dictlearn,3,2,0.3010418117046356,0,False,0.2594142259414226,0.2510460251046025,0.703125
10520,0,CF1,L5,0.7,dictlearn,1,3,0.4375055134296417,0,False,0.2496513249651325,0.2594142259414226,0.7265625
4379,0,CF1,L5,0.7,dictlearn,2,2,0.26089680194854736,1,False,0.2691771269177127,0.2524407252440725,0.70703125
8937,0,CF1,L5,0.7,dictlearn,1,3,0.32734259963035583,0,False,0.25662482566248257,0.2384937238493724,0.66796875
17550,0,CF1,L5,0.7,dictlearn,9,9,0.5096920132637024,1,False,0.2705718270571827,0.24686192468619247,0.69140625
19085,0,CF1,L5,0.7,dictlearn,9,2,0.4567049741744995,0,False,0.2608089260808926,0.25383542538354253,0.7109375
17902,0,CF1,L5,0.7,dictlearn,6,3,0.21732187271118164,0,False,0.26359832635983266,0.2482566248256625,0.6953125
14780,0,CF1,L5,0.7,dictlearn,8,5,0.326782763004303,0,False,0.2580195258019526,0.2608089260808926,0.73046875
8401,0,CF1,L5,0.7,dictlearn,0,6,0.44355565309524536,0,False,0.2649930264993027,0.2608089260808926,0.73046875
11230,0,CF1,L5,0.7,dictlearn,2,2,0.3115358352661133,1,False,0.27475592747559274,0.2691771269177127,0.75390625
1772,0,CF1,L5,0.7,dictlearn,3,5,0.5365495085716248,0,False,0.24267782426778242,0.24407252440725244,0.68359375
13326,0,CF1,L5,0.7,dictlearn,4,5,0.27990561723709106,0,False,0.24686192468619247,0.25523012552301255,0.71484375
15230,0,CF1,L5,0.7,dictlearn,5,2,0.2284548431634903,0,False,0.2496513249651325,0.2412831241283124,0.67578125
20557,0,CF1,L5,0.7,dictlearn,0,9,0.21133090555667877,0,False,0.24407252440725244,0.23570432357043236,0.66015625
9555,0,CF1,L5,0.7,dictlearn,1,3,0.34122300148010254,0,False,0.2649930264993027,0.24686192468619247,0.69140625
3667,0,CF1,L5,0.7,dictlearn,6,5,0.2553923726081848,0,False,0.26220362622036264,0.2412831241283124,0.67578125
5316,0,CF1,L5,0.7,dictlearn,5,5,0.28797072172164917,1,False,0.2580195258019526,0.2524407252440725,0.70703125
3606,0,CF1,L5,0.7,dictlearn,5,5,0.36920246481895447,1,False,0.26359832635983266,0.2524407252440725,0.70703125
25776,0,CF1,L5,0.7,dictlearn,6,5,0.2011164426803589,0,False,0.2412831241283124,0.2594142259414226,0.7265625
22231,0,CF1,L5,0.7,dictlearn,1,2,0.25933536887168884,0,False,0.28451882845188287,0.2510460251046025,0.703125
10855,0,CF1,L5,0.7,dictlearn,7,2,0.47373583912849426,0,False,0.26638772663877264,0.2510460251046025,0.703125
130,0,CF1,L5,0.7,dictlearn,6,8,0.2710081934928894,0,False,0.2510460251046025,0.2524407252440725,0.70703125
434,0,CF1,L5,0.7,dictlearn,8,3,0.39200690388679504,0,False,0.2510460251046025,0.26638772663877264,0.74609375
5308,0,CF1,L5,0.7,dictlearn,5,5,0.18883338570594788,1,False,0.2301255230125523,0.2580195258019526,0.72265625
17682,0,CF1,L5,0.7,dictlearn,4,3,0.2029215693473816,0,False,0.2803347280334728,0.2580195258019526,0.72265625
16682,0,CF1,L5,0.7,dictlearn,8,9,0.22993138432502747,0,False,0.25662482566248257,0.24546722454672246,0.6875
12660,0,CF1,L5,0.7,dictlearn,5,8,0.28464770317077637,0,False,0.2482566248256625,0.2580195258019526,0.72265625
21362,0,CF1,L5,0.7,dictlearn,5,5,0.30590298771858215,1,False,0.2398884239888424,0.25523012552301255,0.71484375
15483,0,CF1,L5,0.7,dictlearn,4,2,0.67798912525177,0,False,0.23570432357043236,0.2580195258019526,0.72265625
5289,0,CF1,L5,0.7,dictlearn,5,3,0.3974142372608185,0,False,0.26359832635983266,0.2482566248256625,0.6953125
19757,0,CF1,L5,0.7,dictlearn,1,5,0.5220784544944763,0,False,0.24267782426778242,0.24407252440725244,0.68359375
6799,0,CF1,L5,0.7,dictlearn,2,3,0.356661319732666,0,False,0.2482566248256625,0.24546722454672246,0.6875
18871,0,CF1,L5,0.7,dictlearn,2,2,0.6455909013748169,1,False,0.2496513249651325,0.24546722454672246,0.6875
4740,0,CF1,L5,0.7,dictlearn,3,8,0.3708219528198242,0,False,0.24686192468619247,0.25523012552301255,0.71484375
14926,0,CF1,L5,0.7,dictlearn,5,5,0.4225611090660095,1,False,0.2524407252440725,0.2384937238493724,0.66796875
3549,0,CF1,L5,0.7,dictlearn,4,3,0.27440008521080017,0,False,0.2482566248256625,0.2384937238493724,0.66796875
13336,0,CF1,L5,0.7,dictlearn,9,2,0.87639981508255,0,False,0.26220362622036264,0.23709902370990238,0.6640625
8302,0,CF1,L5,0.7,dictlearn,3,2,0.20407117903232574,0,False,0.2594142259414226,0.2594142259414226,0.7265625
19884,0,CF1,L5,0.7,dictlearn,8,5,0.355197548866272,0,False,0.24686192468619247,0.2524407252440725,0.70703125
6927,0,CF1,L5,0.7,dictlearn,1,3,0.23487438261508942,0,False,0.2719665271966527,0.25662482566248257,0.71875
15277,0,CF1,L5,0.7,dictlearn,6,5,0.21349915862083435,0,False,0.2594142259414226,0.24546722454672246,0.6875
20278,0,CF1,L5,0.7,dictlearn,3,5,0.25460055470466614,0,False,0.2482566248256625,0.2482566248256625,0.6953125
654,0,CF1,L5,0.7,dictlearn,8,8,0.3597862720489502,1,False,0.24686192468619247,0.2482566248256625,0.6953125
19020,0,CF1,L5,0.7,dictlearn,0,6,0.17361679673194885,0,False,0.2510460251046025,0.2510460251046025,0.703125
25403,0,CF1,L5,0.7,dictlearn,3,8,0.312980055809021,0,False,0.23291492329149233,0.25383542538354253,0.7109375
1745,0,CF1,L5,0.7,dictlearn,8,3,0.38412874937057495,0,False,0.2203626220362622,0.25662482566248257,0.71875
10726,0,CF1,L5,0.7,dictlearn,4,3,0.3808641731739044,0,False,0.25523012552301255,0.25662482566248257,0.71875
23431,0,CF1,L5,0.7,dictlearn,4,3,0.2578054368495941,0,False,0.24267782426778242,0.25523012552301255,0.71484375
231,0,CF1,L5,0.7,dictlearn,5,5,0.7005921006202698,1,False,0.23291492329149233,0.2398884239888424,0.671875
20678,0,CF1,L5,0.7,dictlearn,7,5,0.2006915807723999,0,False,0.2580195258019526,0.26220362622036264,0.734375
15851,0,CF1,L5,0.7,dictlearn,1,2,0.2520962655544281,0,False,0.2580195258019526,0.2412831241283124,0.67578125
24015,0,CF1,L5,0.7,dictlearn,0,6,0.2916194498538971,0,False,0.24546722454672246,0.2412831241283124,0.67578125
1082,0,CF1,L5,0.7,dictlearn,6,6,0.3049934208393097,1,False,0.26638772663877264,0.25523012552301255,0.71484375
5573,0,CF1,L5,0.7,dictlearn,8,2,0.2527276873588562,0,False,0.2524407252440725,0.25662482566248257,0.71875
11289,0,CF1,L5,0.7,dictlearn,1,3,0.2967941164970398,0,False,0.28730822873082285,0.2384937238493724,0.66796875
1751,0,CF1,L5,0.7,dictlearn,0,5,0.2038264125585556,0,False,0.2412831241283124,0.2398884239888424,0.671875
4594,0,CF1,L5,0.7,dictlearn,6,8,0.23632100224494934,0,False,0.26359832635983266,0.2608089260808926,0.73046875
21127,0,CF1,L5,0.7,dictlearn,8,8,0.2562222182750702,1,False,0.23570432357043236,0.24546722454672246,0.6875
12370,0,CF1,L5,0.7,dictlearn,4,6,0.3565130829811096,0,False,0.25383542538354253,0.2482566248256625,0.6953125
4125,0,CF1,L5,0.7,dictlearn,6,6,0.35561108589172363,1,False,0.2384937238493724,0.2482566248256625,0.6953125
11008,0,CF1,L5,0.7,dictlearn,1,5,0.22630906105041504,0,False,0.2580195258019526,0.23291492329149233,0.65234375
23395,0,CF1,L5,0.7,dictlearn,7,2,0.6297096610069275,0,False,0.2510460251046025,0.2510460251046025,0.703125
3080,0,CF1,L5,0.7,dictlearn,3,3,0.5094216465950012,1,False,0.26778242677824265,0.26778242677824265,0.75
22400,0,CF1,L5,0.7,dictlearn,0,5,0.29316213726997375,0,False,0.2496513249651325,0.25662482566248257,0.71875
22514,0,CF1,L5,0.7,dictlearn,1,3,0.34827861189842224,0,False,0.2510460251046025,0.24546722454672246,0.6875
15137,0,CF1,L5,0.7,dictlearn,0,2,0.17915590107440948,0,False,0.28870292887029286,0.24407252440725244,0.68359375
6681,0,CF1,L5,0.7,dictlearn,0,3,0.1757955402135849,0,False,0.24407252440725244,0.2649930264993027,0.7421875
5219,0,CF1,L5,0.7,dictlearn,5,5,0.4525972306728363,1,False,0.27615062761506276,0.2398884239888424,0.671875
2355,0,CF1,L5,0.7,dictlearn,2,3,0.1740369349718094,0,False,0.27615062761506276,0.25383542538354253,0.7109375
4674,0,CF1,L5,0.7,dictlearn,5,3,0.328106164932251,0,False,0.26359832635983266,0.2524407252440725,0.70703125
14575,0,CF1,L5,0.7,dictlearn,1,5,0.3325405418872833,0,False,0.2859135285913529,0.25662482566248257,0.71875
6563,0,CF1,L5,0.7,dictlearn,5,5,0.48489344120025635,1,False,0.23291492329149233,0.2510460251046025,0.703125
17492,0,CF1,L5,0.7,dictlearn,9,0,0.19487811625003815,0,False,0.23430962343096234,0.26359832635983266,0.73828125
15770,0,CF1,L5,0.7,dictlearn,7,3,0.30646026134490967,0,False,0.26220362622036264,0.2301255230125523,0.64453125
20830,0,CF1,L5,0.7,dictlearn,1,3,0.3634881377220154,0,False,0.2398884239888424,0.2398884239888424,0.671875
1777,0,CF1,L5,0.7,dictlearn,2,7,0.34361883997917175,0,False,0.298465829846583,0.25523012552301255,0.71484375
21617,0,CF1,L5,0.7,dictlearn,7,2,0.29281213879585266,0,False,0.2412831241283124,0.24686192468619247,0.69140625
21293,0,CF1,L5,0.7,dictlearn,4,5,0.3562746047973633,0,False,0.3110181311018131,0.24407252440725244,0.68359375
14504,0,CF1,L5,0.7,dictlearn,0,3,0.49564802646636963,0,False,0.2482566248256625,0.2608089260808926,0.73046875
21236,0,CF1,L5,0.7,dictlearn,7,4,0.1838090568780899,0,False,0.23709902370990238,0.2398884239888424,0.671875
18558,0,CF1,L5,0.7,dictlearn,4,3,0.6314491629600525,0,False,0.26220362622036264,0.25383542538354253,0.7109375
22916,0,CF1,L5,0.7,dictlearn,8,6,0.19507144391536713,0,False,0.23430962343096234,0.2691771269177127,0.75390625
18760,0,CF1,L5,0.7,dictlearn,6,2,0.26337093114852905,0,False,0.24546722454672246,0.2510460251046025,0.703125
17389,0,CF1,L5,0.7,dictlearn,8,9,0.2366962730884552,0,False,0.24267782426778242,0.2580195258019526,0.72265625
13155,0,CF1,L5,0.7,dictlearn,8,5,0.43887558579444885,0,False,0.2524407252440725,0.24267782426778242,0.6796875
13999,0,CF1,L5,0.7,dictlearn,5,5,0.2669712007045746,1,False,0.2384937238493724,0.22733612273361228,0.63671875
10265,0,CF1,L5,0.7,dictlearn,8,8,0.3655499517917633,1,False,0.2719665271966527,0.2524407252440725,0.70703125
17239,0,CF1,L5,0.7,dictlearn,2,2,0.9506766200065613,1,False,0.2580195258019526,0.2510460251046025,0.703125
6288,0,CF1,L5,0.7,dictlearn,3,5,0.3670792877674103,0,False,0.23291492329149233,0.2510460251046025,0.703125
11514,0,CF1,L5,0.7,dictlearn,6,3,0.2714345455169678,0,False,0.24686192468619247,0.2412831241283124,0.67578125
23652,0,CF1,L5,0.7,dictlearn,1,5,0.5807823538780212,0,False,0.23570432357043236,0.24407252440725244,0.68359375
11939,0,CF1,L5,0.7,dictlearn,6,5,0.2648681402206421,0,False,0.2594142259414226,0.24686192468619247,0.69140625
2174,0,CF1,L5,0.7,dictlearn,7,3,0.21504119038581848,0,False,0.26778242677824265,0.2510460251046025,0.703125
15441,0,CF1,L5,0.7,dictlearn,4,2,0.2813485264778137,0,False,0.2608089260808926,0.2608089260808926,0.73046875
12260,0,CF1,L5,0.7,dictlearn,1,1,0.3737194240093231,1,False,0.26220362622036264,0.24686192468619247,0.69140625
25046,0,CF1,L5,0.7,dictlearn,6,8,0.2680523693561554,0,False,0.24267782426778242,0.26359832635983266,0.73828125
13958,0,CF1,L5,0.7,dictlearn,9,9,0.29447072744369507,1,False,0.26220362622036264,0.2412831241283124,0.67578125
20974,0,CF1,L5,0.7,dictlearn,8,2,0.49756649136543274,0,False,0.2524407252440725,0.26359832635983266,0.73828125
10626,0,CF1,L5,0.7,dictlearn,6,5,0.296867698431015,0,False,0.2510460251046025,0.2496513249651325,0.69921875
22545,0,CF1,L5,0.7,dictlearn,5,5,0.4388802647590637,1,False,0.24407252440725244,0.25383542538354253,0.7109375
20288,0,CF1,L5,0.7,dictlearn,5,5,0.3404466211795807,1,False,0.2705718270571827,0.2412831241283124,0.67578125
13790,0,CF1,L5,0.7,dictlearn,7,7,0.3207820653915405,1,False,0.2482566248256625,0.25523012552301255,0.71484375
2817,0,CF1,L5,0.7,dictlearn,4,5,0.3174300193786621,0,False,0.20781032078103207,0.25383542538354253,0.7109375
8344,0,CF1,L5,0.7,dictlearn,4,5,0.2604660987854004,0,False,0.22873082287308227,0.2580195258019526,0.72265625
11708,0,CF1,L5,0.7,dictlearn,1,2,0.22034448385238647,0,False,0.27615062761506276,0.24267782426778242,0.6796875
2379,0,CF1,L5,0.7,dictlearn,1,3,0.2973315417766571,0,False,0.24686192468619247,0.24686192468619247,0.69140625
23602,0,CF1,L5,0.7,dictlearn,2,2,0.6824264526367188,1,False,0.2496513249651325,0.24546722454672246,0.6875
24357,0,CF1,L5,0.7,dictlearn,8,2,0.26084432005882263,0,False,0.2384937238493724,0.24267782426778242,0.6796875
16783,0,CF1,L5,0.7,dictlearn,4,4,0.3045386075973511,1,False,0.22315202231520223,0.2412831241283124,0.67578125
11723,0,CF1,L5,0.7,dictlearn,9,3,0.27420032024383545,0,False,0.2496513249651325,0.25523012552301255,0.71484375
5140,0,CF1,L5,0.7,dictlearn,5,5,0.5800746083259583,1,False,0.2580195258019526,0.2580195258019526,0.72265625
14563,0,CF1,L5,0.7,dictlearn,1,1,0.28061798214912415,1,False,0.2594142259414226,0.24267782426778242,0.6796875
11905,0,CF1,L5,0.7,dictlearn,7,5,0.6231804490089417,0,False,0.25662482566248257,0.2510460251046025,0.703125
4657,0,CF1,L5,0.7,dictlearn,5,5,0.7256627082824707,1,False,0.23570432357043236,0.24267782426778242,0.6796875
9888,0,CF1,L5,0.7,dictlearn,7,3,0.3308975100517273,0,False,0.2775453277545328,0.24546722454672246,0.6875
22827,0,CF1,L5,0.7,dictlearn,6,5,0.26050373911857605,0,False,0.23291492329149233,0.24267782426778242,0.6796875
23911,0,CF1,L5,0.7,dictlearn,7,7,0.6697219014167786,1,False,0.2733612273361227,0.24407252440725244,0.68359375
968,0,CF1,L5,0.7,dictlearn,3,3,0.30351853370666504,1,False,0.24267782426778242,0.24546722454672246,0.6875
18416,0,CF1,L5,0.7,dictlearn,2,5,0.545350193977356,0,False,0.2496513249651325,0.2524407252440725,0.70703125
15166,0,CF1,L5,0.7,dictlearn,7,2,0.3728846311569214,0,False,0.26778242677824265,0.2496513249651325,0.69921875
15537,0,CF1,L5,0.7,dictlearn,6,5,0.3434586226940155,0,False,0.2719665271966527,0.26220362622036264,0.734375
112,0,CF1,L5,0.7,dictlearn,6,5,0.24466486275196075,0,False,0.23570432357043236,0.2510460251046025,0.703125
9754,0,CF1,L5,0.7,dictlearn,8,8,0.2934640944004059,1,False,0.2580195258019526,0.26778242677824265,0.75
3827,0,CF1,L5,0.7,dictlearn,1,5,0.3085256516933441,0,False,0.2412831241283124,0.2315202231520223,0.6484375
16427,0,CF1,L5,0.7,dictlearn,8,6,0.29135140776634216,0,False,0.23570432357043236,0.2580195258019526,0.72265625
4853,0,CF1,L5,0.7,dictlearn,8,3,0.30299633741378784,0,False,0.2482566248256625,0.24267782426778242,0.6796875
5025,0,CF1,L5,0.7,dictlearn,8,9,0.2029828429222107,0,False,0.23430962343096234,0.2482566248256625,0.6953125
5497,0,CF1,L5,0.7,dictlearn,5,5,0.35193684697151184,1,False,0.2496513249651325,0.2398884239888424,0.671875
415,0,CF1,L5,0.7,dictlearn,5,3,0.2305273413658142,0,False,0.2705718270571827,0.2580195258019526,0.72265625
6055,0,CF1,L5,0.7,dictlearn,2,2,0.5778275728225708,1,False,0.25523012552301255,0.24686192468619247,0.69140625
4242,0,CF1,L5,0.7,dictlearn,6,2,0.23027671873569489,0,False,0.26359832635983266,0.2594142259414226,0.7265625
16007,0,CF1,L5,0.7,dictlearn,3,5,0.3647894561290741,0,False,0.24686192468619247,0.25523012552301255,0.71484375
16184,0,CF1,L5,0.7,dictlearn,6,5,0.1695012003183365,0,False,0.2482566248256625,0.24407252440725244,0.68359375
15180,0,CF1,L5,0.7,dictlearn,2,8,0.24705548584461212,0,False,0.2705718270571827,0.2608089260808926,0.73046875
16402,0,CF1,L5,0.7,dictlearn,3,3,0.8851210474967957,1,False,0.24546722454672246,0.2384937238493724,0.66796875
12883,0,CF1,L5,0.7,dictlearn,7,7,0.329486608505249,1,False,0.24546722454672246,0.2384937238493724,0.66796875
12596,0,CF1,L5,0.7,dictlearn,2,2,0.4622027277946472,1,False,0.25523012552301255,0.2580195258019526,0.72265625
13383,0,CF1,L5,0.7,dictlearn,0,3,0.32066425681114197,0,False,0.2691771269177127,0.2524407252440725,0.70703125
17140,0,CF1,L5,0.7,dictlearn,0,8,0.21145939826965332,0,False,0.2315202231520223,0.25383542538354253,0.7109375
11249,0,CF1,L5,0.7,dictlearn,7,5,0.3436359465122223,0,False,0.24407252440725244,0.2412831241283124,0.67578125
2927,0,CF1,L5,0.7,dictlearn,3,3,0.32137155532836914,1,False,0.23709902370990238,0.25523012552301255,0.71484375
13380,0,CF1,L5,0.7,dictlearn,3,5,0.391886830329895,0,False,0.2412831241283124,0.2510460251046025,0.703125
24593,0,CF1,L5,0.7,dictlearn,5,5,0.5552563667297363,1,False,0.2524407252440725,0.25662482566248257,0.71875
14507,0,CF1,L5,0.7,dictlearn,8,5,0.26138317584991455,0,False,0.2733612273361227,0.2398884239888424,0.671875
9355,0,CF1,L5,0.7,dictlearn,8,8,0.21094505488872528,1,False,0.2928870292887029,0.24407252440725244,0.68359375
3943,0,CF1,L5,0.7,dictlearn,3,3,0.3650937080383301,1,False,0.26638772663877264,0.2608089260808926,0.73046875
4913,0,CF1,L5,0.7,dictlearn,4,5,0.21268218755722046,0,False,0.2301255230125523,0.2594142259414226,0.7265625
23440,0,CF1,L5,0.7,dictlearn,4,5,0.24027523398399353,0,False,0.26220362622036264,0.25523012552301255,0.71484375
19289,0,CF1,L5,0.7,dictlearn,7,3,0.37610504031181335,0,False,0.2384937238493724,0.25523012552301255,0.71484375
17841,0,CF1,L5,0.7,dictlearn,6,5,0.43938156962394714,0,False,0.2203626220362622,0.2482566248256625,0.6953125
18139,0,CF1,L5,0.7,dictlearn,0,5,0.18625716865062714,0,False,0.25523012552301255,0.2580195258019526,0.72265625
18549,0,CF1,L5,0.7,dictlearn,7,3,0.44240185618400574,0,False,0.2733612273361227,0.2482566248256625,0.6953125
7215,0,CF1,L5,0.7,dictlearn,7,7,0.8231703639030457,1,False,0.24267782426778242,0.24546722454672246,0.6875
10574,0,CF1,L5,0.7,dictlearn,7,2,0.2162581831216812,0,False,0.2524407252440725,0.2412831241283124,0.67578125
10329,0,CF1,L5,0.7,dictlearn,7,5,0.37907150387763977,0,False,0.25523012552301255,0.25523012552301255,0.71484375
21502,0,CF1,L5,0.7,dictlearn,4,5,0.5699595808982849,0,False,0.23430962343096234,0.24407252440725244,0.68359375
1209,0,CF1,L5,0.7,dictlearn,8,5,0.3059396743774414,0,False,0.2482566248256625,0.23570432357043236,0.66015625
22202,0,CF1,L5,0.7,dictlearn,6,5,0.5988362431526184,0,False,0.26220362622036264,0.2649930264993027,0.7421875
12914,0,CF1,L5,0.7,dictlearn,2,7,0.3984394073486328,0,False,0.2594142259414226,0.24686192468619247,0.69140625
23477,0,CF1,L5,0.7,dictlearn,6,3,0.2175207883119583,0,False,0.2412831241283124,0.2608089260808926,0.73046875
13286,0,CF1,L5,0.7,dictlearn,5,2,0.43690744042396545,0,False,0.2594142259414226,0.2705718270571827,0.7578125
24957,0,CF1,L5,0.7,dictlearn,2,2,0.7876834273338318,1,False,0.24546722454672246,0.2496513249651325,0.69921875
23215,0,CF1,L5,0.7,dictlearn,9,3,0.21064062416553497,0,False,0.24267782426778242,0.2482566248256625,0.6953125
8171,0,CF1,L5,0.7,dictlearn,3,2,0.3604397773742676,0,False,0.24546722454672246,0.2496513249651325,0.69921875
13427,0,CF1,L5,0.7,dictlearn,4,4,0.34004053473472595,1,False,0.2608089260808926,0.25662482566248257,0.71875
1985,0,CF1,L5,0.7,dictlearn,9,2,0.18276380002498627,0,False,0.2482566248256625,0.2482566248256625,0.6953125
19607,0,CF1,L5,0.7,dictlearn,1,5,0.19801270961761475,0,False,0.24267782426778242,0.23570432357043236,0.66015625
15138,0,CF1,L5,0.7,dictlearn,4,5,0.33074870705604553,0,False,0.2510460251046025,0.2524407252440725,0.70703125
18496,0,CF1,L5,0.7,dictlearn,3,3,0.48248350620269775,1,False,0.2691771269177127,0.25523012552301255,0.71484375
11341,0,CF1,L5,0.7,dictlearn,5,2,0.32726216316223145,0,False,0.26778242677824265,0.25662482566248257,0.71875
3210,0,CF1,L5,0.7,dictlearn,6,5,0.6094736456871033,0,False,0.2649930264993027,0.2384937238493724,0.66796875
9044,0,CF1,L5,0.7,dictlearn,3,3,0.49427086114883423,1,False,0.2580195258019526,0.25523012552301255,0.71484375
1784,0,CF1,L5,0.7,dictlearn,1,5,0.31662845611572266,0,False,0.23430962343096234,0.2608089260808926,0.73046875
20687,0,CF1,L5,0.7,dictlearn,7,7,0.25531867146492004,1,False,0.26220362622036264,0.2580195258019526,0.72265625
21479,0,CF1,L5,0.7,dictlearn,1,1,0.8290182948112488,1,False,0.24546722454672246,0.2398884239888424,0.671875
4465,0,CF1,L5,0.7,dictlearn,7,2,0.3733818233013153,0,False,0.24407252440725244,0.25523012552301255,0.71484375
8098,0,CF1,L5,0.7,dictlearn,3,3,0.8121926188468933,1,False,0.2594142259414226,0.23709902370990238,0.6640625
1105,0,CF1,L5,0.7,dictlearn,1,5,0.290091872215271,0,False,0.2510460251046025,0.25383542538354253,0.7109375
24036,0,CF1,L5,0.7,dictlearn,0,0,0.5047892332077026,1,False,0.22733612273361228,0.2580195258019526,0.72265625
24825,0,CF1,L5,0.7,dictlearn,1,5,0.2392531782388687,0,False,0.2705718270571827,0.2482566248256625,0.6953125
20081,0,CF1,L5,0.7,dictlearn,4,3,0.2397392839193344,0,False,0.2608089260808926,0.23430962343096234,0.65625
11780,0,CF1,L5,0.7,dictlearn,5,5,0.3527691960334778,1,False,0.25662482566248257,0.2496513249651325,0.69921875
18228,0,CF1,L5,0.7,dictlearn,2,2,0.3747127056121826,1,False,0.26220362622036264,0.2510460251046025,0.703125
4363,0,CF1,L5,0.7,dictlearn,4,3,0.1577482968568802,0,False,0.2691771269177127,0.2608089260808926,0.73046875
10210,0,CF1,L5,0.7,dictlearn,7,2,0.20149146020412445,0,False,0.24546722454672246,0.2482566248256625,0.6953125
7005,0,CF1,L5,0.7,dictlearn,2,2,0.37024804949760437,1,False,0.25662482566248257,0.2594142259414226,0.7265625
7071,0,CF1,L5,0.7,dictlearn,3,9,0.25215664505958557,0,False,0.2524407252440725,0.24546722454672246,0.6875
25299,0,CF1,L5,0.7,dictlearn,4,5,0.33723968267440796,0,False,0.25662482566248257,0.23291492329149233,0.65234375
3393,0,CF1,L5,0.7,dictlearn,0,9,0.3625304698944092,0,False,0.25662482566248257,0.24686192468619247,0.69140625
10532,0,CF1,L5,0.7,dictlearn,8,8,0.3946909010410309,1,False,0.2398884239888424,0.2496513249651325,0.69921875
14271,0,CF1,L5,0.7,dictlearn,3,5,0.19050927460193634,0,False,0.24267782426778242,0.23570432357043236,0.66015625
12814,0,CF1,L5,0.7,dictlearn,4,4,0.5616617202758789,1,False,0.2217573221757322,0.23430962343096234,0.65625
1763,0,CF1,L5,0.7,dictlearn,1,2,0.25104814767837524,0,False,0.24267782426778242,0.2524407252440725,0.70703125
2795,0,CF1,L5,0.7,dictlearn,4,5,0.3457298278808594,0,False,0.2719665271966527,0.2524407252440725,0.70703125
5329,0,CF1,L5,0.7,dictlearn,2,2,0.2960797846317291,1,False,0.2859135285913529,0.24686192468619247,0.69140625
11024,0,CF1,L5,0.7,dictlearn,8,3,0.23628316819667816,0,False,0.25523012552301255,0.24267782426778242,0.6796875
23383,0,CF1,L5,0.7,dictlearn,6,8,0.3617303669452667,0,False,0.2482566248256625,0.24407252440725244,0.68359375
582,0,CF1,L5,0.7,dictlearn,2,3,0.2811269164085388,0,False,0.26359832635983266,0.24407252440725244,0.68359375
20037,0,CF1,L5,0.7,dictlearn,5,2,0.33026280999183655,0,False,0.22733612273361228,0.2496513249651325,0.69921875
4876,0,CF1,L5,0.7,dictlearn,3,3,0.5996583700180054,1,False,0.23430962343096234,0.24267782426778242,0.6796875
16157,0,CF1,L5,0.7,dictlearn,1,3,0.31519439816474915,0,False,0.2412831241283124,0.2594142259414226,0.7265625
24155,0,CF1,L5,0.7,dictlearn,7,3,0.22003912925720215,0,False,0.24267782426778242,0.2524407252440725,0.70703125
21035,0,CF1,L5,0.7,dictlearn,1,5,0.37591788172721863,0,False,0.2384937238493724,0.2510460251046025,0.703125
2530,0,CF1,L5,0.7,dictlearn,2,2,0.4420979917049408,1,False,0.27615062761506276,0.24686192468619247,0.69140625
20951,0,CF1,L5,0.7,dictlearn,4,5,0.2659735679626465,0,False,0.2580195258019526,0.24686192468619247,0.69140625
9752,0,CF1,L5,0.7,dictlearn,9,5,0.38353073596954346,0,False,0.26359832635983266,0.24407252440725244,0.68359375
20362,0,CF1,L5,0.7,dictlearn,9,3,0.2855035066604614,0,False,0.2510460251046025,0.2580195258019526,0.72265625
5669,0,CF1,L5,0.7,dictlearn,2,2,0.2205786108970642,1,False,0.26220362622036264,0.24407252440725244,0.68359375
9395,0,CF1,L5,0.7,dictlearn,6,5,0.2199041098356247,0,False,0.2398884239888424,0.25383542538354253,0.7109375
22115,0,CF1,L5,0.7,dictlearn,2,2,0.23856551945209503,1,False,0.25383542538354253,0.24267782426778242,0.6796875
3784,0,CF1,L5,0.7,dictlearn,5,8,0.4768578112125397,0,False,0.2412831241283124,0.2524407252440725,0.70703125
15518,0,CF1,L5,0.7,dictlearn,1,5,0.35042181611061096,0,False,0.28172942817294283,0.26778242677824265,0.75
22913,0,CF1,L5,0.7,dictlearn,1,1,0.7265112400054932,1,False,0.25523012552301255,0.2691771269177127,0.75390625
22485,0,CF1,L5,0.7,dictlearn,8,8,0.25125181674957275,1,False,0.19525801952580196,0.2524407252440725,0.70703125
14166,0,CF1,L5,0.7,dictlearn,9,1,0.181005597114563,0,False,0.2384937238493724,0.27475592747559274,0.76953125
4606,0,CF1,L5,0.7,dictlearn,8,5,0.4073869287967682,0,False,0.26220362622036264,0.24546722454672246,0.6875
12043,0,CF1,L5,0.7,dictlearn,8,6,0.19789688289165497,0,False,0.26359832635983266,0.24267782426778242,0.6796875
20255,0,CF1,L5,0.7,dictlearn,9,2,0.4293675124645233,0,False,0.26220362622036264,0.2384937238493724,0.66796875
21390,0,CF1,L5,0.7,dictlearn,8,5,0.42292067408561707,0,False,0.27475592747559274,0.22873082287308227,0.640625
13388,0,CF1,L5,0.7,dictlearn,6,6,0.38413676619529724,1,False,0.23570432357043236,0.23570432357043236,0.66015625
9382,0,CF1,L5,0.7,dictlearn,0,0,0.23561909794807434,1,False,0.2398884239888424,0.2482566248256625,0.6953125
11878,0,CF1,L5,0.7,dictlearn,4,4,0.2689172923564911,1,False,0.23430962343096234,0.2649930264993027,0.7421875
10774,0,CF1,L5,0.7,dictlearn,1,5,0.5025482773780823,0,False,0.2482566248256625,0.24267782426778242,0.6796875
2211,0,CF1,L5,0.7,dictlearn,4,5,0.25107523798942566,0,False,0.24686192468619247,0.2496513249651325,0.69921875
22804,0,CF1,L5,0.7,dictlearn,1,3,0.26872876286506653,0,False,0.26638772663877264,0.2524407252440725,0.70703125
17903,0,CF1,L5,0.7,dictlearn,3,5,0.3138045370578766,0,False,0.25523012552301255,0.2482566248256625,0.6953125
16889,0,CF1,L5,0.7,dictlearn,1,1,0.5100154876708984,1,False,0.25523012552301255,0.2482566248256625,0.6953125
3013,0,CF1,L5,0.7,dictlearn,8,5,0.23378907144069672,0,False,0.24407252440725244,0.25523012552301255,0.71484375
19919,0,CF1,L5,0.7,dictlearn,8,8,0.45465484261512756,1,False,0.26359832635983266,0.23570432357043236,0.66015625
7911,0,CF1,L5,0.7,dictlearn,0,5,0.29159674048423767,0,False,0.27475592747559274,0.2510460251046025,0.703125
6473,0,CF1,L5,0.7,dictlearn,5,5,0.5200923681259155,1,False,0.25523012552301255,0.2524407252440725,0.70703125
14963,0,CF1,L5,0.7,dictlearn,2,3,0.2787257730960846,0,False,0.21617852161785217,0.24407252440725244,0.68359375
3189,0,CF1,L5,0.7,dictlearn,3,5,0.24296413362026215,0,False,0.24407252440725244,0.2384937238493724,0.66796875
21433,0,CF1,L5,0.7,dictlearn,6,6,0.3584250807762146,1,False,0.23430962343096234,0.23570432357043236,0.66015625
21534,0,CF1,L5,0.7,dictlearn,9,9,0.3912133276462555,1,False,0.2384937238493724,0.2496513249651325,0.69921875
4378,0,CF1,L5,0.7,dictlearn,4,6,0.31911492347717285,0,False,0.26638772663877264,0.25662482566248257,0.71875
4179,0,CF1,L5,0.7,dictlearn,3,3,0.9410070180892944,1,False,0.2580195258019526,0.2510460251046025,0.703125
20275,0,CF1,L5,0.7,dictlearn,7,5,0.3812800943851471,0,False,0.2412831241283124,0.2580195258019526,0.72265625
724,0,CF1,L5,0.7,dictlearn,4,3,0.21588899195194244,0,False,0.24407252440725244,0.2608089260808926,0.73046875
15532,0,CF1,L5,0.7,dictlearn,5,5,0.4408230483531952,1,False,0.2496513249651325,0.24407252440725244,0.68359375
7808,0,CF1,L5,0.7,dictlearn,4,3,0.25003260374069214,0,False,0.24686192468619247,0.2580195258019526,0.72265625
3185,0,CF1,L5,0.7,dictlearn,7,6,0.2989596128463745,0,False,0.2691771269177127,0.2594142259414226,0.7265625
8217,0,CF1,L5,0.7,dictlearn,5,5,0.5928613543510437,1,False,0.2705718270571827,0.2594142259414226,0.7265625
15284,0,CF1,L5,0.7,dictlearn,2,3,0.1999845951795578,0,False,0.22733612273361228,0.2496513249651325,0.69921875
2195,0,CF1,L5,0.7,dictlearn,1,5,0.39966678619384766,0,False,0.24267782426778242,0.24407252440725244,0.68359375
21296,0,CF1,L5,0.7,dictlearn,0,2,0.2480195015668869,0,False,0.26778242677824265,0.2594142259414226,0.7265625
14286,0,CF1,L5,0.7,dictlearn,3,3,0.6297071576118469,1,False,0.26220362622036264,0.2510460251046025,0.703125
4261,0,CF1,L5,0.7,dictlearn,0,0,0.4627739489078522,1,False,0.23709902370990238,0.23709902370990238,0.6640625
24480,0,CF1,L5,0.7,dictlearn,2,2,0.43577954173088074,1,False,0.23570432357043236,0.2608089260808926,0.73046875
23581,0,CF1,L5,0.7,dictlearn,7,2,0.49852272868156433,0,False,0.26778242677824265,0.2496513249651325,0.69921875
24364,0,CF1,L5,0.7,dictlearn,7,3,0.40358826518058777,0,False,0.24546722454672246,0.2649930264993027,0.7421875
4259,0,CF1,L5,0.7,dictlearn,4,1,0.5282742977142334,0,False,0.28730822873082285,0.24686192468619247,0.69140625
4323,0,CF1,L5,0.7,dictlearn,8,2,0.229885995388031,0,False,0.2398884239888424,0.23709902370990238,0.6640625
26017,0,CF1,L5,0.7,dictlearn,2,3,0.26642099022865295,0,False,0.2398884239888424,0.25523012552301255,0.71484375
4055,0,CF1,L5,0.7,dictlearn,9,5,0.342306911945343,0,False,0.2412831241283124,0.2580195258019526,0.72265625
23968,0,CF1,L5,0.7,dictlearn,6,5,0.22276897728443146,0,False,0.27615062761506276,0.25383542538354253,0.7109375
4914,0,CF1,L5,0.7,dictlearn,2,2,0.3704476058483124,1,False,0.24546722454672246,0.2482566248256625,0.6953125
17310,0,CF1,L5,0.7,dictlearn,7,2,0.20289713144302368,0,False,0.2705718270571827,0.23291492329149233,0.65234375
14981,0,CF1,L5,0.7,dictlearn,2,5,0.5199143886566162,0,False,0.26778242677824265,0.25523012552301255,0.71484375
7511,0,CF1,L5,0.7,dictlearn,6,5,0.23800785839557648,0,False,0.2524407252440725,0.26638772663877264,0.74609375
4136,0,CF1,L5,0.7,dictlearn,9,9,0.41783663630485535,1,False,0.2315202231520223,0.2398884239888424,0.671875
8043,0,CF1,L5,0.7,dictlearn,2,2,0.40129148960113525,1,False,0.24686192468619247,0.2510460251046025,0.703125
14360,0,CF1,L5,0.7,dictlearn,4,5,0.19392599165439606,0,False,0.2412831241283124,0.25523012552301255,0.71484375
6364,0,CF1,L5,0.7,dictlearn,0,2,0.1752583235502243,0,False,0.2705718270571827,0.23709902370990238,0.6640625
8827,0,CF1,L5,0.7,dictlearn,4,3,0.466911256313324,0,False,0.26638772663877264,0.25383542538354253,0.7109375
24886,0,CF1,L5,0.7,dictlearn,9,2,0.3283424973487854,0,False,0.26220362622036264,0.24407252440725244,0.68359375
21392,0,CF1,L5,0.7,dictlearn,2,2,0.51229327917099,1,False,0.26220362622036264,0.25383542538354253,0.7109375
18654,0,CF1,L5,0.7,dictlearn,6,5,0.3696803152561188,0,False,0.2594142259414226,0.2482566248256625,0.6953125
21766,0,CF1,L5,0.7,dictlearn,1,6,0.24688684940338135,0,False,0.23709902370990238,0.26220362622036264,0.734375
25433,0,CF1,L5,0.7,dictlearn,8,6,0.2502005994319916,0,False,0.2691771269177127,0.2482566248256625,0.6953125
10927,0,CF1,L5,0.7,dictlearn,8,5,0.2754081189632416,0,False,0.24267782426778242,0.25523012552301255,0.71484375
14092,0,CF1,L5,0.7,dictlearn,6,5,0.2740256190299988,0,False,0.2315202231520223,0.2482566248256625,0.6953125
20936,0,CF1,L5,0.7,dictlearn,9,5,0.3238010108470917,0,False,0.25523012552301255,0.24686192468619247,0.69140625
23711,0,CF1,L5,0.7,dictlearn,4,4,0.3008691370487213,1,False,0.23709902370990238,0.24267782426778242,0.6796875
19260,0,CF1,L5,0.7,dictlearn,7,5,0.3201040029525757,0,False,0.2719665271966527,0.2594142259414226,0.7265625
17360,0,CF1,L5,0.7,dictlearn,3,2,0.426480770111084,0,False,0.23709902370990238,0.26220362622036264,0.734375
965,0,CF1,L5,0.7,dictlearn,0,5,0.27544891834259033,0,False,0.2398884239888424,0.2510460251046025,0.703125
463,0,CF1,L5,0.7,dictlearn,6,5,0.38019147515296936,0,False,0.25662482566248257,0.25523012552301255,0.71484375
8945,0,CF1,L5,0.7,dictlearn,6,8,0.20155291259288788,0,False,0.2384937238493724,0.2482566248256625,0.6953125
14090,0,CF1,L5,0.7,dictlearn,2,2,0.38062790036201477,1,False,0.25383542538354253,0.2524407252440725,0.70703125
8479,0,CF1,L5,0.7,dictlearn,9,9,0.3013775050640106,1,False,0.24407252440725244,0.2496513249651325,0.69921875
24477,0,CF1,L5,0.7,dictlearn,2,2,0.38277292251586914,1,False,0.24407252440725244,0.24546722454672246,0.6875
8195,0,CF1,L5,0.7,dictlearn,0,3,0.35405415296554565,0,False,0.26638772663877264,0.2384937238493724,0.66796875
1773,0,CF1,L5,0.7,dictlearn,0,6,0.16060329973697662,0,False,0.2482566248256625,0.24686192468619247,0.69140625
11776,0,CF1,L5,0.7,dictlearn,2,2,0.4276186227798462,1,False,0.23570432357043236,0.25662482566248257,0.71875
3313,0,CF1,L5,0.7,dictlearn,6,6,0.264659583568573,1,False,0.2775453277545328,0.24407252440725244,0.68359375
5424,0,CF1,L5,0.7,dictlearn,9,9,0.3384324908256531,1,False,0.2510460251046025,0.26638772663877264,0.74609375
19606,0,CF1,L5,0.7,dictlearn,2,5,0.3024143874645233,0,False,0.26220362622036264,0.24267782426778242,0.6796875
10110,0,CF1,L5,0.7,dictlearn,9,5,0.2417251169681549,0,False,0.2315202231520223,0.2482566248256625,0.6953125
22872,0,CF1,L5,0.7,dictlearn,6,6,0.25869590044021606,1,False,0.22454672245467225,0.25383542538354253,0.7109375
7573,0,CF1,L5,0.7,dictlearn,1,1,0.2403436005115509,1,False,0.22315202231520223,0.2608089260808926,0.73046875
7105,0,CF1,L5,0.7,dictlearn,3,3,0.5560168027877808,1,False,0.25383542538354253,0.24686192468619247,0.69140625
18854,0,CF1,L5,0.7,dictlearn,1,5,0.6016320586204529,0,False,0.23709902370990238,0.24686192468619247,0.69140625
14576,0,CF1,L5,0.7,dictlearn,9,9,0.7376595735549927,1,False,0.2580195258019526,0.23709902370990238,0.6640625
9376,0,CF1,L5,0.7,dictlearn,0,6,0.3920796811580658,0,False,0.23570432357043236,0.24686192468619247,0.69140625
20128,0,CF1,L5,0.7,dictlearn,8,8,0.4565095603466034,1,False,0.2482566248256625,0.24686192468619247,0.69140625
24854,0,CF1,L5,0.7,dictlearn,9,3,0.36971956491470337,0,False,0.23570432357043236,0.2398884239888424,0.671875
4937,0,CF1,L5,0.7,dictlearn,2,4,0.5339173078536987,0,False,0.27475592747559274,0.24407252440725244,0.68359375
338,0,CF1,L5,0.7,dictlearn,3,3,0.2933100163936615,1,False,0.2524407252440725,0.2608089260808926,0.73046875
9981,0,CF1,L5,0.7,dictlearn,3,2,0.46194037795066833,0,False,0.2398884239888424,0.24686192468619247,0.69140625
6665,0,CF1,L5,0.7,dictlearn,8,8,0.4772913157939911,1,False,0.2649930264993027,0.26359832635983266,0.73828125
6704,0,CF1,L5,0.7,dictlearn,0,1,0.242101788520813,0,False,0.2482566248256625,0.23291492329149233,0.65234375
23255,0,CF1,L5,0.7,dictlearn,2,3,0.26347485184669495,0,False,0.26778242677824265,0.26778242677824265,0.75
5355,0,CF1,L5,0.7,dictlearn,5,5,0.5205698013305664,1,False,0.2482566248256625,0.2524407252440725,0.70703125
22422,0,CF1,L5,0.7,dictlearn,1,6,0.3223385512828827,0,False,0.2412831241283124,0.2580195258019526,0.72265625
7367,0,CF1,L5,0.7,dictlearn,9,9,0.20365610718727112,1,False,0.24407252440725244,0.2594142259414226,0.7265625
13489,0,CF1,L5,0.7,dictlearn,7,5,0.4516931176185608,0,False,0.2384937238493724,0.2580195258019526,0.72265625
20955,0,CF1,L5,0.7,dictlearn,7,2,0.25609180331230164,0,False,0.2384937238493724,0.25662482566248257,0.71875
25439,0,CF1,L5,0.7,dictlearn,9,2,0.6263046264648438,0,False,0.27475592747559274,0.24686192468619247,0.69140625
12711,0,CF1,L5,0.7,dictlearn,8,6,0.400762677192688,0,False,0.2594142259414226,0.25523012552301255,0.71484375
7671,0,CF1,L5,0.7,dictlearn,6,8,0.27685844898223877,0,False,0.2510460251046025,0.2691771269177127,0.75390625
20420,0,CF1,L5,0.7,dictlearn,8,5,0.3216691017150879,0,False,0.24686192468619247,0.2524407252440725,0.70703125
12630,0,CF1,L5,0.7,dictlearn,2,9,0.31056997179985046,0,False,0.2496513249651325,0.2649930264993027,0.7421875
21394,0,CF1,L5,0.7,dictlearn,1,1,0.38154709339141846,1,False,0.27475592747559274,0.2510460251046025,0.703125
7095,0,CF1,L5,0.7,dictlearn,1,9,0.24895206093788147,0,False,0.26778242677824265,0.2412831241283124,0.67578125
11532,0,CF1,L5,0.7,dictlearn,9,3,0.23618453741073608,0,False,0.26359832635983266,0.24267782426778242,0.6796875
2853,0,CF1,L5,0.7,dictlearn,3,3,0.9393962025642395,1,False,0.25662482566248257,0.2398884239888424,0.671875
13487,0,CF1,L5,0.7,dictlearn,0,8,0.374889612197876,0,False,0.24686192468619247,0.2510460251046025,0.703125
9350,0,CF1,L5,0.7,dictlearn,9,3,0.4055136442184448,0,False,0.2510460251046025,0.2398884239888424,0.671875
24164,0,CF1,L5,0.7,dictlearn,4,5,0.32576486468315125,0,False,0.2412831241283124,0.2315202231520223,0.6484375
23155,0,CF1,L5,0.7,dictlearn,7,7,0.2694132924079895,1,False,0.24546722454672246,0.24546722454672246,0.6875
1588,0,CF1,L5,0.7,dictlearn,8,5,0.18064336478710175,0,False,0.25523012552301255,0.25523012552301255,0.71484375
5400,0,CF1,L5,0.7,dictlearn,5,2,0.1580316424369812,0,False,0.25523012552301255,0.25523012552301255,0.71484375
8913,0,CF1,L5,0.7,dictlearn,6,5,0.31413933634757996,0,False,0.26638772663877264,0.24546722454672246,0.6875
4990,0,CF1,L5,0.7,dictlearn,8,2,0.31524232029914856,0,False,0.2496513249651325,0.2510460251046025,0.703125
13364,0,CF1,L5,0.7,dictlearn,7,7,0.8461714386940002,1,False,0.2691771269177127,0.2412831241283124,0.67578125
1157,0,CF1,L5,0.7,dictlearn,1,5,0.30791059136390686,0,False,0.2524407252440725,0.2384937238493724,0.66796875
19432,0,CF1,L5,0.7,dictlearn,6,5,0.5914888978004456,0,False,0.2705718270571827,0.25662482566248257,0.71875
24861,0,CF1,L5,0.7,dictlearn,1,9,0.2317020297050476,0,False,0.24546722454672246,0.24686192468619247,0.69140625
16303,0,CF1,L5,0.7,dictlearn,0,8,0.39284175634384155,0,False,0.26638772663877264,0.2524407252440725,0.70703125
23675,0,CF1,L5,0.7,dictlearn,1,2,0.2735287845134735,0,False,0.24407252440725244,0.25523012552301255,0.71484375
10816,0,CF1,L5,0.7,dictlearn,5,5,0.3997206687927246,1,False,0.2496513249651325,0.2384937238493724,0.66796875
25683,0,CF1,L5,0.7,dictlearn,7,3,0.3186701834201813,0,False,0.24407252440725244,0.24546722454672246,0.6875
6680,0,CF1,L5,0.7,dictlearn,7,2,0.22732114791870117,0,False,0.2412831241283124,0.2412831241283124,0.67578125
15541,0,CF1,L5,0.7,dictlearn,1,5,0.36717310547828674,0,False,0.2510460251046025,0.23430962343096234,0.65625
129,0,CF1,L5,0.7,dictlearn,9,9,0.2595991790294647,1,False,0.22315202231520223,0.26359832635983266,0.73828125
10977,0,CF1,L5,0.7,dictlearn,5,5,0.306867778301239,1,False,0.28172942817294283,0.24546722454672246,0.6875
7518,0,CF1,L5,0.7,dictlearn,5,5,0.4063851833343506,1,False,0.2175732217573222,0.2608089260808926,0.73046875
15350,0,CF1,L5,0.7,dictlearn,0,5,0.178552508354187,0,False,0.2384937238493724,0.2524407252440725,0.70703125
4712,0,CF1,L5,0.7,dictlearn,2,2,0.6713936924934387,1,False,0.26638772663877264,0.2510460251046025,0.703125
3234,0,CF1,L5,0.7,dictlearn,1,1,0.2993903160095215,1,False,0.2608089260808926,0.26220362622036264,0.734375
21292,0,CF1,L5,0.7,dictlearn,8,5,0.5190647840499878,0,False,0.25662482566248257,0.24407252440725244,0.68359375
6439,0,CF1,L5,0.7,dictlearn,6,3,0.25823572278022766,0,False,0.25383542538354253,0.25662482566248257,0.71875
16930,0,CF1,L5,0.7,dictlearn,4,7,0.25021833181381226,0,False,0.25383542538354253,0.23709902370990238,0.6640625
25255,0,CF1,L5,0.7,dictlearn,6,4,0.40241414308547974,0,False,0.2496513249651325,0.2510460251046025,0.703125
5562,0,CF1,L5,0.7,dictlearn,6,6,0.5951491594314575,1,False,0.2691771269177127,0.2580195258019526,0.72265625
20888,0,CF1,L5,0.7,dictlearn,6,3,0.2500987648963928,0,False,0.24267782426778242,0.25383542538354253,0.7109375
17907,0,CF1,L5,0.7,dictlearn,0,0,0.20501498878002167,1,False,0.2649930264993027,0.2524407252440725,0.70703125
15282,0,CF1,L5,0.7,dictlearn,5,2,0.2642327845096588,0,False,0.25383542538354253,0.25662482566248257,0.71875
9564,0,CF1,L5,0.7,dictlearn,5,5,0.5877030491828918,1,False,0.2482566248256625,0.25662482566248257,0.71875
2105,0,CF1,L5,0.7,dictlearn,5,8,0.2427472472190857,0,False,0.2580195258019526,0.24686192468619247,0.69140625
2188,0,CF1,L5,0.7,dictlearn,5,5,0.24572819471359253,1,False,0.25523012552301255,0.24686192468619247,0.69140625
10587,0,CF1,L5,0.7,dictlearn,9,9,0.24530629813671112,1,False,0.26220362622036264,0.24686192468619247,0.69140625
20421,0,CF1,L5,0.7,dictlearn,8,2,0.24493937194347382,0,False,0.2315202231520223,0.25383542538354253,0.7109375
23070,0,CF1,L5,0.7,dictlearn,0,0,0.6377787590026855,1,False,0.2914923291492329,0.2496513249651325,0.69921875
19127,0,CF1,L5,0.7,dictlearn,6,6,0.34470629692077637,1,False,0.2803347280334728,0.26359832635983266,0.73828125
7302,0,CF1,L5,0.7,dictlearn,3,3,0.5680711269378662,1,False,0.26220362622036264,0.2496513249651325,0.69921875
8409,0,CF1,L5,0.7,dictlearn,4,4,0.5803354382514954,1,False,0.28312412831241285,0.23709902370990238,0.6640625
11086,0,CF1,L5,0.7,dictlearn,7,7,0.4100750982761383,1,False,0.2510460251046025,0.26359832635983266,0.73828125
17122,0,CF1,L5,0.7,dictlearn,5,5,0.8507527112960815,1,False,0.21338912133891214,0.25383542538354253,0.7109375
3555,0,CF1,L5,0.7,dictlearn,2,2,0.8688331842422485,1,False,0.25383542538354253,0.2412831241283124,0.67578125
19437,0,CF1,L5,0.7,dictlearn,4,5,0.6336715817451477,0,False,0.24267782426778242,0.2580195258019526,0.72265625
594,0,CF1,L5,0.7,dictlearn,9,5,0.3316205143928528,0,False,0.21617852161785217,0.25383542538354253,0.7109375
21863,0,CF1,L5,0.7,dictlearn,3,3,0.4143703579902649,1,False,0.26359832635983266,0.2482566248256625,0.6953125
19765,0,CF1,L5,0.7,dictlearn,5,5,0.5478198528289795,1,False,0.2384937238493724,0.2482566248256625,0.6953125
16909,0,CF1,L5,0.7,dictlearn,2,2,0.49936309456825256,1,False,0.24267782426778242,0.2510460251046025,0.703125
21154,0,CF1,L5,0.7,dictlearn,7,5,0.3975061774253845,0,False,0.26220362622036264,0.25383542538354253,0.7109375
18615,0,CF1,L5,0.7,dictlearn,7,3,0.2642369568347931,0,False,0.22733612273361228,0.25523012552301255,0.71484375
18171,0,CF1,L5,0.7,dictlearn,7,7,0.5551539063453674,1,False,0.24267782426778242,0.2412831241283124,0.67578125
24434,0,CF1,L5,0.7,dictlearn,5,5,0.32148608565330505,1,False,0.2594142259414226,0.2649930264993027,0.7421875
9664,0,CF1,L5,0.7,dictlearn,0,6,0.3936609923839569,0,False,0.21896792189679218,0.23709902370990238,0.6640625
2013,0,CF1,L5,0.7,dictlearn,5,5,0.40224689245224,1,False,0.28172942817294283,0.2594142259414226,0.7265625
13537,0,CF1,L5,0.7,dictlearn,4,8,0.5713440179824829,0,False,0.24407252440725244,0.24407252440725244,0.68359375
23942,0,CF1,L5,0.7,dictlearn,9,5,0.28201165795326233,0,False,0.2705718270571827,0.2496513249651325,0.69921875
12415,0,CF1,L5,0.7,dictlearn,4,4,0.18113699555397034,1,False,0.25383542538354253,0.23570432357043236,0.66015625
13735,0,CF1,L5,0.7,dictlearn,0,8,0.3933349549770355,0,False,0.24686192468619247,0.25523012552301255,0.71484375
6873,0,CF1,L5,0.7,dictlearn,1,3,0.3557129502296448,0,False,0.2594142259414226,0.23430962343096234,0.65625
16233,0,CF1,L5,0.7,dictlearn,2,3,0.2927704155445099,0,False,0.21617852161785217,0.2580195258019526,0.72265625
13108,0,CF1,L5,0.7,dictlearn,5,3,0.21999339759349823,0,False,0.2719665271966527,0.24267782426778242,0.6796875
18114,0,CF1,L5,0.7,dictlearn,7,3,0.2585761547088623,0,False,0.2510460251046025,0.2398884239888424,0.671875
25318,0,CF1,L5,0.7,dictlearn,0,5,0.2993506193161011,0,False,0.22594142259414227,0.24407252440725244,0.68359375
22387,0,CF1,L5,0.7,dictlearn,7,3,0.4847620129585266,0,False,0.21338912133891214,0.2580195258019526,0.72265625
19911,0,CF1,L5,0.7,dictlearn,7,7,0.26219069957733154,1,False,0.2398884239888424,0.24407252440725244,0.68359375
9953,0,CF1,L5,0.7,dictlearn,2,2,0.6161155104637146,1,False,0.2203626220362622,0.2496513249651325,0.69921875
18500,0,CF1,L5,0.7,dictlearn,1,3,0.3156794011592865,0,False,0.2649930264993027,0.24267782426778242,0.6796875
12463,0,CF1,L5,0.7,dictlearn,2,5,0.4150252938270569,0,False,0.2705718270571827,0.24686192468619247,0.69140625
12143,0,CF1,L5,0.7,dictlearn,8,8,0.44196370244026184,1,False,0.23430962343096234,0.25523012552301255,0.71484375
14588,0,CF1,L5,0.7,dictlearn,8,3,0.41437608003616333,0,False,0.2315202231520223,0.25523012552301255,0.71484375
22152,0,CF1,L5,0.7,dictlearn,2,2,0.7318738102912903,1,False,0.25383542538354253,0.2412831241283124,0.67578125
16563,0,CF1,L5,0.7,dictlearn,4,5,0.6768567562103271,0,False,0.2775453277545328,0.24546722454672246,0.6875
25225,0,CF1,L5,0.7,dictlearn,9,5,0.3669268786907196,0,False,0.2594142259414226,0.2384937238493724,0.66796875
1161,0,CF1,L5,0.7,dictlearn,2,3,0.20367848873138428,0,False,0.28312412831241285,0.2691771269177127,0.75390625
9891,0,CF1,L5,0.7,dictlearn,5,5,0.5927515625953674,1,False,0.2719665271966527,0.24407252440725244,0.68359375
18833,0,CF1,L5,0.7,dictlearn,2,2,0.3236544132232666,1,False,0.2510460251046025,0.2398884239888424,0.671875
6162,0,CF1,L5,0.7,dictlearn,2,2,0.46957841515541077,1,False,0.2900976290097629,0.2524407252440725,0.70703125
22638,0,CF1,L5,0.7,dictlearn,0,5,0.2712784707546234,0,False,0.25662482566248257,0.2412831241283124,0.67578125
6112,0,CF1,L5,0.7,dictlearn,6,6,0.2333066612482071,1,False,0.2482566248256625,0.2482566248256625,0.6953125
24259,0,CF1,L5,0.7,dictlearn,9,2,0.31393319368362427,0,False,0.2524407252440725,0.2580195258019526,0.72265625
18029,0,CF1,L5,0.7,dictlearn,2,5,0.29537636041641235,0,False,0.23430962343096234,0.24267782426778242,0.6796875
13233,0,CF1,L5,0.7,dictlearn,0,8,0.2831740379333496,0,False,0.26220362622036264,0.2496513249651325,0.69921875
22560,0,CF1,L5,0.7,dictlearn,3,2,0.37293553352355957,0,False,0.24546722454672246,0.24546722454672246,0.6875
17100,0,CF1,L5,0.7,dictlearn,7,7,0.5166226625442505,1,False,0.23291492329149233,0.25383542538354253,0.7109375
13394,0,CF1,L5,0.7,dictlearn,7,3,0.30012890696525574,0,False,0.22733612273361228,0.2496513249651325,0.69921875
25173,0,CF1,L5,0.7,dictlearn,3,7,0.36185771226882935,0,False,0.23570432357043236,0.23291492329149233,0.65234375
17342,0,CF1,L5,0.7,dictlearn,4,4,0.25605225563049316,1,False,0.25523012552301255,0.23430962343096234,0.65625
5881,0,CF1,L5,0.7,dictlearn,1,5,0.46361443400382996,0,False,0.2608089260808926,0.2496513249651325,0.69921875
16982,0,CF1,L5,0.7,dictlearn,3,2,0.2481871098279953,0,False,0.29707112970711297,0.24546722454672246,0.6875
12959,0,CF1,L5,0.7,dictlearn,2,3,0.3414556682109833,0,False,0.26359832635983266,0.2594142259414226,0.7265625
3410,0,CF1,L5,0.7,dictlearn,2,3,0.27004823088645935,0,False,0.24407252440725244,0.2510460251046025,0.703125
1939,0,CF1,L5,0.7,dictlearn,2,2,0.8102869391441345,1,False,0.26220362622036264,0.2510460251046025,0.703125
13563,0,CF1,L5,0.7,dictlearn,4,5,0.24331924319267273,0,False,0.23291492329149233,0.2496513249651325,0.69921875
9659,0,CF1,L5,0.7,dictlearn,4,2,0.23564699292182922,0,False,0.26220362622036264,0.26359832635983266,0.73828125
23588,0,CF1,L5,0.7,dictlearn,9,9,0.3446460962295532,1,False,0.2649930264993027,0.25523012552301255,0.71484375
12156,0,CF1,L5,0.7,dictlearn,9,2,0.2564282715320587,0,False,0.28451882845188287,0.2510460251046025,0.703125
24790,0,CF1,L5,0.7,dictlearn,4,2,0.28044384717941284,0,False,0.2803347280334728,0.25523012552301255,0.71484375
894,0,CF1,L5,0.7,dictlearn,8,9,0.21833012998104095,0,False,0.28451882845188287,0.26638772663877264,0.74609375
13738,0,CF1,L5,0.7,dictlearn,7,7,0.41528764367103577,1,False,0.2691771269177127,0.24407252440725244,0.68359375
20555,0,CF1,L5,0.7,dictlearn,5,7,0.24668557941913605,0,False,0.2398884239888424,0.23430962343096234,0.65625
20457,0,CF1,L5,0.7,dictlearn,3,3,0.20991680026054382,1,False,0.2398884239888424,0.2524407252440725,0.70703125
24842,0,CF1,L5,0.7,dictlearn,3,5,0.38935354351997375,0,False,0.24546722454672246,0.2524407252440725,0.70703125
11390,0,CF1,L5,0.7,dictlearn,9,9,0.24459344148635864,1,False,0.26359832635983266,0.24267782426778242,0.6796875
2665,0,CF1,L5,0.7,dictlearn,9,5,0.29874491691589355,0,False,0.2496513249651325,0.2705718270571827,0.7578125
24741,0,CF1,L5,0.7,dictlearn,8,3,0.40710189938545227,0,False,0.24686192468619247,0.2412831241283124,0.67578125
17634,0,CF1,L5,0.7,dictlearn,8,5,0.441594660282135,0,False,0.24267782426778242,0.24686192468619247,0.69140625
16599,0,CF1,L5,0.7,dictlearn,1,5,0.1750635951757431,0,False,0.24267782426778242,0.2608089260808926,0.73046875
19330,0,CF1,L5,0.7,dictlearn,7,2,0.33864492177963257,0,False,0.25523012552301255,0.2510460251046025,0.703125
3257,0,CF1,L5,0.7,dictlearn,1,5,0.4872177243232727,0,False,0.24686192468619247,0.25383542538354253,0.7109375
1114,0,CF1,L5,0.7,dictlearn,9,3,0.3780350685119629,0,False,0.25662482566248257,0.2733612273361227,0.765625
11738,0,CF1,L5,0.7,dictlearn,8,8,0.2400198131799698,1,False,0.24686192468619247,0.25383542538354253,0.7109375
13077,0,CF1,L5,0.7,dictlearn,8,8,0.8795797824859619,1,False,0.2496513249651325,0.24686192468619247,0.69140625
5168,0,CF1,L5,0.7,dictlearn,3,5,0.5418873429298401,0,False,0.25523012552301255,0.24546722454672246,0.6875
26013,0,CF1,L5,0.7,dictlearn,8,5,0.3924185335636139,0,False,0.24267782426778242,0.24546722454672246,0.6875
5611,0,CF1,L5,0.7,dictlearn,7,5,0.2341243475675583,0,False,0.27615062761506276,0.2496513249651325,0.69921875
9389,0,CF1,L5,0.7,dictlearn,6,4,0.20454131066799164,0,False,0.2580195258019526,0.2649930264993027,0.7421875
25070,0,CF1,L5,0.7,dictlearn,2,2,0.5875168442726135,1,False,0.2594142259414226,0.26778242677824265,0.75
11322,0,CF1,L5,0.7,dictlearn,8,3,0.28447315096855164,0,False,0.2775453277545328,0.2398884239888424,0.671875
3051,0,CF1,L5,0.7,dictlearn,0,5,0.34070274233818054,0,False,0.23709902370990238,0.24407252440725244,0.68359375
18770,0,CF1,L5,0.7,dictlearn,4,3,0.21070899069309235,0,False,0.2691771269177127,0.26359832635983266,0.73828125
14692,0,CF1,L5,0.7,dictlearn,2,2,0.6548976302146912,1,False,0.2482566248256625,0.25383542538354253,0.7109375
4561,0,CF1,L5,0.7,dictlearn,5,3,0.24799898266792297,0,False,0.2649930264993027,0.2608089260808926,0.73046875
16994,0,CF1,L5,0.7,dictlearn,0,0,0.3099115192890167,1,False,0.2496513249651325,0.2510460251046025,0.703125
4156,0,CF1,L5,0.7,dictlearn,5,5,0.3197934627532959,1,False,0.25523012552301255,0.25523012552301255,0.71484375
5884,0,CF1,L5,0.7,dictlearn,1,3,0.39051634073257446,0,False,0.22733612273361228,0.26638772663877264,0.74609375
18233,0,CF1,L5,0.7,dictlearn,0,0,0.26066654920578003,1,False,0.2524407252440725,0.23430962343096234,0.65625
17044,0,CF1,L5,0.7,dictlearn,6,5,0.39943450689315796,0,False,0.24267782426778242,0.25662482566248257,0.71875
18857,0,CF1,L5,0.7,dictlearn,6,2,0.2085290104150772,0,False,0.24407252440725244,0.24407252440725244,0.68359375
21917,0,CF1,L5,0.7,dictlearn,9,5,0.24196971952915192,0,False,0.23709902370990238,0.2580195258019526,0.72265625
5054,0,CF1,L5,0.7,dictlearn,3,8,0.40126270055770874,0,False,0.2580195258019526,0.26220362622036264,0.734375
7882,0,CF1,L5,0.7,dictlearn,4,2,0.43801483511924744,0,False,0.22873082287308227,0.2594142259414226,0.7265625
15688,0,CF1,L5,0.7,dictlearn,4,4,0.485923707485199,1,False,0.2315202231520223,0.24267782426778242,0.6796875
5612,0,CF1,L5,0.7,dictlearn,8,3,0.27393075823783875,0,False,0.2524407252440725,0.24686192468619247,0.69140625
13934,0,CF1,L5,0.7,dictlearn,9,9,0.315295547246933,1,False,0.28451882845188287,0.2412831241283124,0.67578125
16689,0,CF1,L5,0.7,dictlearn,2,2,0.35845133662223816,1,False,0.2510460251046025,0.23291492329149233,0.65234375
23844,0,CF1,L5,0.7,dictlearn,6,5,0.40658697485923767,0,False,0.25523012552301255,0.2384937238493724,0.66796875
7944,0,CF1,L5,0.7,dictlearn,7,7,0.29850324988365173,1,False,0.25383542538354253,0.25383542538354253,0.7109375
11370,0,CF1,L5,0.7,dictlearn,8,8,0.7264388799667358,1,False,0.25383542538354253,0.25523012552301255,0.71484375
24569,0,CF1,L5,0.7,dictlearn,1,5,0.4021109640598297,0,False,0.25383542538354253,0.2398884239888424,0.671875
7529,0,CF1,L5,0.7,dictlearn,5,5,0.3752945065498352,1,False,0.2691771269177127,0.2580195258019526,0.72265625
5092,0,CF1,L5,0.7,dictlearn,2,3,0.30803433060646057,0,False,0.23709902370990238,0.2510460251046025,0.703125
20673,0,CF1,L5,0.7,dictlearn,2,2,0.3759506642818451,1,False,0.2649930264993027,0.26778242677824265,0.75
10096,0,CF1,L5,0.7,dictlearn,7,3,0.41824275255203247,0,False,0.25662482566248257,0.2384937238493724,0.66796875
2059,0,CF1,L5,0.7,dictlearn,3,1,0.2656359076499939,0,False,0.22733612273361228,0.2608089260808926,0.73046875
19318,0,CF1,L5,0.7,dictlearn,0,0,0.46198177337646484,1,False,0.2524407252440725,0.2482566248256625,0.6953125
12977,0,CF1,L5,0.7,dictlearn,8,6,0.3101918697357178,0,False,0.2496513249651325,0.25383542538354253,0.7109375
17673,0,CF1,L5,0.7,dictlearn,0,5,0.35544294118881226,0,False,0.26359832635983266,0.2315202231520223,0.6484375
18750,0,CF1,L5,0.7,dictlearn,0,5,0.3090165853500366,0,False,0.2594142259414226,0.24407252440725244,0.68359375
16728,0,CF1,L5,0.7,dictlearn,3,3,0.32744279503822327,1,False,0.2482566248256625,0.25523012552301255,0.71484375
14776,0,CF1,L5,0.7,dictlearn,8,5,0.4397447109222412,0,False,0.24407252440725244,0.24546722454672246,0.6875
6941,0,CF1,L5,0.7,dictlearn,9,5,0.3609214723110199,0,False,0.26359832635983266,0.26638772663877264,0.74609375
16787,0,CF1,L5,0.7,dictlearn,6,8,0.24619325995445251,0,False,0.2719665271966527,0.2496513249651325,0.69921875
25932,0,CF1,L5,0.7,dictlearn,5,5,0.31420668959617615,1,False,0.2524407252440725,0.24686192468619247,0.69140625
614,0,CF1,L5,0.7,dictlearn,0,2,0.3414946496486664,0,False,0.2719665271966527,0.25662482566248257,0.71875
25690,0,CF1,L5,0.7,dictlearn,5,3,0.2913523018360138,0,False,0.2859135285913529,0.24686192468619247,0.69140625
25968,0,CF1,L5,0.7,dictlearn,5,5,0.4174637198448181,1,False,0.24686192468619247,0.2496513249651325,0.69921875
20123,0,CF1,L5,0.7,dictlearn,3,2,0.2558830678462982,0,False,0.21478382147838215,0.26220362622036264,0.734375
13341,0,CF1,L5,0.7,dictlearn,5,5,0.34829390048980713,1,False,0.2789400278940028,0.2510460251046025,0.703125
24697,0,CF1,L5,0.7,dictlearn,4,5,0.42569130659103394,0,False,0.26359832635983266,0.2580195258019526,0.72265625
15157,0,CF1,L5,0.7,dictlearn,6,1,0.3232896029949188,0,False,0.25523012552301255,0.24686192468619247,0.69140625
23115,0,CF1,L5,0.7,dictlearn,1,2,0.2248837649822235,0,False,0.25662482566248257,0.25383542538354253,0.7109375
6396,0,CF1,L5,0.7,dictlearn,0,0,0.3525300920009613,1,False,0.22454672245467225,0.2482566248256625,0.6953125
19142,0,CF1,L5,0.7,dictlearn,4,6,0.25927600264549255,0,False,0.27615062761506276,0.22733612273361228,0.63671875
13157,0,CF1,L5,0.7,dictlearn,3,2,0.19694913923740387,0,False,0.2384937238493724,0.25383542538354253,0.7109375
19866,0,CF1,L5,0.7,dictlearn,1,2,0.39762330055236816,0,False,0.25523012552301255,0.24686192468619247,0.69140625
25996,0,CF1,L5,0.7,dictlearn,8,8,0.31074589490890503,1,False,0.25383542538354253,0.24546722454672246,0.6875
25515,0,CF1,L5,0.7,dictlearn,7,5,0.32764333486557007,0,False,0.2775453277545328,0.2384937238493724,0.66796875
12876,0,CF1,L5,0.7,dictlearn,0,9,0.4154823124408722,0,False,0.2315202231520223,0.26220362622036264,0.734375
17565,0,CF1,L5,0.7,dictlearn,6,6,0.2286936193704605,1,False,0.2524407252440725,0.25383542538354253,0.7109375
17511,0,CF1,L5,0.7,dictlearn,4,5,0.32360032200813293,0,False,0.2733612273361227,0.2482566248256625,0.6953125
19996,0,CF1,L5,0.7,dictlearn,0,0,0.2723158597946167,1,False,0.2649930264993027,0.2482566248256625,0.6953125
12807,0,CF1,L5,0.7,dictlearn,1,3,0.45666423439979553,0,False,0.25523012552301255,0.2580195258019526,0.72265625
11001,0,CF1,L5,0.7,dictlearn,9,2,0.16707460582256317,0,False,0.26359832635983266,0.24546722454672246,0.6875
13107,0,CF1,L5,0.7,dictlearn,0,8,0.28735828399658203,0,False,0.27475592747559274,0.2608089260808926,0.73046875
12641,0,CF1,L5,0.7,dictlearn,6,6,0.4654747545719147,1,False,0.25662482566248257,0.24267782426778242,0.6796875
22667,0,CF1,L5,0.7,dictlearn,5,5,0.5591756701469421,1,False,0.2496513249651325,0.2524407252440725,0.70703125
7310,0,CF1,L5,0.7,dictlearn,7,3,0.273032009601593,0,False,0.2412831241283124,0.23430962343096234,0.65625
764,0,CF1,L5,0.7,dictlearn,1,1,0.3157842457294464,1,False,0.24407252440725244,0.24546722454672246,0.6875
14813,0,CF1,L5,0.7,dictlearn,4,9,0.2239404320716858,0,False,0.2510460251046025,0.2482566248256625,0.6953125
7132,0,CF1,L5,0.7,dictlearn,2,2,0.45848914980888367,1,False,0.2705718270571827,0.24546722454672246,0.6875
23884,0,CF1,L5,0.7,dictlearn,1,8,0.3150389492511749,0,False,0.23570432357043236,0.25383542538354253,0.7109375
22735,0,CF1,L5,0.7,dictlearn,8,8,0.4279617667198181,1,False,0.25523012552301255,0.24267782426778242,0.6796875
12483,0,CF1,L5,0.7,dictlearn,2,2,0.5973666310310364,1,False,0.22454672245467225,0.2510460251046025,0.703125
10442,0,CF1,L5,0.7,dictlearn,6,8,0.2286861538887024,0,False,0.2510460251046025,0.25523012552301255,0.71484375
3733,0,CF1,L5,0.7,dictlearn,8,8,0.5700660347938538,1,False,0.25662482566248257,0.2594142259414226,0.7265625
20089,0,CF1,L5,0.7,dictlearn,4,4,0.27530306577682495,1,False,0.2496513249651325,0.2524407252440725,0.70703125
20411,0,CF1,L5,0.7,dictlearn,4,9,0.26119890809059143,0,False,0.2580195258019526,0.2482566248256625,0.6953125
10695,0,CF1,L5,0.7,dictlearn,4,1,0.19839759171009064,0,False,0.2398884239888424,0.26220362622036264,0.734375
11992,0,CF1,L5,0.7,dictlearn,2,2,0.9063138365745544,1,False,0.2524407252440725,0.24546722454672246,0.6875
20712,0,CF1,L5,0.7,dictlearn,7,2,0.3061160743236542,0,False,0.2580195258019526,0.24686192468619247,0.69140625
6518,0,CF1,L5,0.7,dictlearn,8,3,0.20392586290836334,0,False,0.2928870292887029,0.2496513249651325,0.69921875
6015,0,CF1,L5,0.7,dictlearn,9,9,0.2060885727405548,1,False,0.2719665271966527,0.2594142259414226,0.7265625
8396,0,CF1,L5,0.7,dictlearn,5,5,0.28883010149002075,1,False,0.23430962343096234,0.2608089260808926,0.73046875
12097,0,CF1,L5,0.7,dictlearn,9,3,0.24834893643856049,0,False,0.2789400278940028,0.2496513249651325,0.69921875
12565,0,CF1,L5,0.7,dictlearn,2,2,0.3189271092414856,1,False,0.26778242677824265,0.24407252440725244,0.68359375
22474,0,CF1,L5,0.7,dictlearn,4,5,0.2822932302951813,0,False,0.26220362622036264,0.26778242677824265,0.75
25110,0,CF1,L5,0.7,dictlearn,9,2,0.22220875322818756,0,False,0.2775453277545328,0.25383542538354253,0.7109375
8275,0,CF1,L5,0.7,dictlearn,8,8,0.40626659989356995,1,False,0.24407252440725244,0.2524407252440725,0.70703125
3871,0,CF1,L5,0.7,dictlearn,1,5,0.1977727860212326,0,False,0.2315202231520223,0.24407252440725244,0.68359375
24639,0,CF1,L5,0.7,dictlearn,2,3,0.25914639234542847,0,False,0.2482566248256625,0.2580195258019526,0.72265625
15979,0,CF1,L5,0.7,dictlearn,3,5,0.19693124294281006,0,False,0.22454672245467225,0.24267782426778242,0.6796875
24513,0,CF1,L5,0.7,dictlearn,6,6,0.5746278166770935,1,False,0.2482566248256625,0.2412831241283124,0.67578125
10926,0,CF1,L5,0.7,dictlearn,7,7,0.3819572627544403,1,False,0.2398884239888424,0.23291492329149233,0.65234375
25564,0,CF1,L5,0.7,dictlearn,0,5,0.1881047934293747,0,False,0.23430962343096234,0.24546722454672246,0.6875
2118,0,CF1,L5,0.7,dictlearn,0,6,0.2835325002670288,0,False,0.2580195258019526,0.23709902370990238,0.6640625
4358,0,CF1,L5,0.7,dictlearn,9,7,0.3263663351535797,0,False,0.2705718270571827,0.24407252440725244,0.68359375
5674,0,CF1,L5,0.7,dictlearn,8,5,0.24565954506397247,0,False,0.2691771269177127,0.23291492329149233,0.65234375
3397,0,CF1,L5,0.7,dictlearn,7,7,0.6770811676979065,1,False,0.23291492329149233,0.24686192468619247,0.69140625
5183,0,CF1,L5,0.7,dictlearn,7,7,0.19861455261707306,1,False,0.2705718270571827,0.24267782426778242,0.6796875
7505,0,CF1,L5,0.7,dictlearn,9,9,0.5725067257881165,1,False,0.2691771269177127,0.2594142259414226,0.7265625
17539,0,CF1,L5,0.7,dictlearn,0,5,0.21010002493858337,0,False,0.2733612273361227,0.2594142259414226,0.7265625
23918,0,CF1,L5,0.7,dictlearn,6,5,0.2845006585121155,0,False,0.2594142259414226,0.25662482566248257,0.71875
19449,0,CF1,L5,0.7,dictlearn,2,2,0.2871967852115631,1,False,0.2510460251046025,0.2482566248256625,0.6953125
18599,0,CF1,L5,0.7,dictlearn,3,3,0.27214133739471436,1,False,0.22733612273361228,0.25662482566248257,0.71875
8175,0,CF1,L5,0.7,dictlearn,8,6,0.18970464169979095,0,False,0.25383542538354253,0.24686192468619247,0.69140625
18412,0,CF1,L5,0.7,dictlearn,7,7,0.41682344675064087,1,False,0.2384937238493724,0.23570432357043236,0.66015625
20667,0,CF1,L5,0.7,dictlearn,1,9,0.18825143575668335,0,False,0.26359832635983266,0.2580195258019526,0.72265625
8672,0,CF1,L5,0.7,dictlearn,9,2,0.4264177978038788,0,False,0.24546722454672246,0.2384937238493724,0.66796875
22087,0,CF1,L5,0.7,dictlearn,1,3,0.27186983823776245,0,False,0.2301255230125523,0.2608089260808926,0.73046875
6910,0,CF1,L5,0.7,dictlearn,2,2,0.33336636424064636,1,False,0.2496513249651325,0.24267782426778242,0.6796875
19205,0,CF1,L5,0.7,dictlearn,3,5,0.25586605072021484,0,False,0.2524407252440725,0.24686192468619247,0.69140625
10581,0,CF1,L5,0.7,dictlearn,3,5,0.299123615026474,0,False,0.2580195258019526,0.24686192468619247,0.69140625
14516,0,CF1,L5,0.7,dictlearn,4,2,0.2959515452384949,0,False,0.2398884239888424,0.2412831241283124,0.67578125
22602,0,CF1,L5,0.7,dictlearn,4,2,0.3807029128074646,0,False,0.23291492329149233,0.25523012552301255,0.71484375
1944,0,CF1,L5,0.7,dictlearn,0,2,0.2438584864139557,0,False,0.2398884239888424,0.24407252440725244,0.68359375
19718,0,CF1,L5,0.7,dictlearn,0,9,0.22240325808525085,0,False,0.2691771269177127,0.2594142259414226,0.7265625
15599,0,CF1,L5,0.7,dictlearn,7,5,0.20329239964485168,0,False,0.2412831241283124,0.24546722454672246,0.6875
16766,0,CF1,L5,0.7,dictlearn,9,5,0.21447274088859558,0,False,0.2412831241283124,0.24686192468619247,0.69140625
12317,0,CF1,L5,0.7,dictlearn,5,5,0.6170225739479065,1,False,0.2594142259414226,0.24686192468619247,0.69140625
6275,0,CF1,L5,0.7,dictlearn,6,3,0.42824169993400574,0,False,0.24546722454672246,0.2510460251046025,0.703125
14332,0,CF1,L5,0.7,dictlearn,3,5,0.4049515724182129,0,False,0.22873082287308227,0.2594142259414226,0.7265625
25615,0,CF1,L5,0.7,dictlearn,8,8,0.28838014602661133,1,False,0.26220362622036264,0.2510460251046025,0.703125
7680,0,CF1,L5,0.7,dictlearn,7,7,0.6374821066856384,1,False,0.23570432357043236,0.2594142259414226,0.7265625
22105,0,CF1,L5,0.7,dictlearn,7,2,0.4793981611728668,0,False,0.23709902370990238,0.26220362622036264,0.734375
19179,0,CF1,L5,0.7,dictlearn,5,5,0.48715153336524963,1,False,0.25662482566248257,0.2524407252440725,0.70703125
22379,0,CF1,L5,0.7,dictlearn,5,5,0.3122837245464325,1,False,0.23709902370990238,0.26778242677824265,0.75
11796,0,CF1,L5,0.7,dictlearn,0,5,0.24444672465324402,0,False,0.25383542538354253,0.2510460251046025,0.703125
16929,0,CF1,L5,0.7,dictlearn,0,0,0.23680604994297028,1,False,0.26220362622036264,0.26220362622036264,0.734375
20580,0,CF1,L5,0.7,dictlearn,2,5,0.2950008809566498,0,False,0.22733612273361228,0.2580195258019526,0.72265625
21272,0,CF1,L5,0.7,dictlearn,7,2,0.21113668382167816,0,False,0.2412831241283124,0.24267782426778242,0.6796875
12963,0,CF1,L5,0.7,dictlearn,4,5,0.3626672029495239,0,False,0.23709902370990238,0.23570432357043236,0.66015625
15648,0,CF1,L5,0.7,dictlearn,9,3,0.396100252866745,0,False,0.26638772663877264,0.24267782426778242,0.6796875
10831,0,CF1,L5,0.7,dictlearn,6,6,0.6698441505432129,1,False,0.24686192468619247,0.2580195258019526,0.72265625
12228,0,CF1,L5,0.7,dictlearn,3,5,0.4772321879863739,0,False,0.2482566248256625,0.2510460251046025,0.703125
2242,0,CF1,L5,0.7,dictlearn,7,9,0.3881402015686035,0,False,0.21478382147838215,0.2496513249651325,0.69921875
25443,0,CF1,L5,0.7,dictlearn,3,3,0.5673019886016846,1,False,0.26638772663877264,0.23709902370990238,0.6640625
23913,0,CF1,L5,0.7,dictlearn,1,3,0.2954261600971222,0,False,0.2398884239888424,0.25523012552301255,0.71484375
18452,0,CF1,L5,0.7,dictlearn,1,1,0.23197929561138153,1,False,0.2384937238493724,0.23570432357043236,0.66015625
12210,0,CF1,L5,0.7,dictlearn,0,9,0.21538807451725006,0,False,0.2496513249651325,0.23570432357043236,0.66015625
3532,0,CF1,L5,0.7,dictlearn,6,3,0.22460739314556122,0,False,0.22873082287308227,0.2412831241283124,0.67578125
13678,0,CF1,L5,0.7,dictlearn,9,5,0.2782835364341736,0,False,0.2496513249651325,0.24546722454672246,0.6875
21370,0,CF1,L5,0.7,dictlearn,5,5,0.23868978023529053,1,False,0.2384937238493724,0.23709902370990238,0.6640625
23728,0,CF1,L5,0.7,dictlearn,9,2,0.3426026403903961,0,False,0.26778242677824265,0.2510460251046025,0.703125
7460,0,CF1,L5,0.7,dictlearn,0,2,0.2231212556362152,0,False,0.25523012552301255,0.2510460251046025,0.703125
25354,0,CF1,L5,0.7,dictlearn,2,2,0.7213473320007324,1,False,0.25383542538354253,0.2580195258019526,0.72265625
18984,0,CF1,L5,0.7,dictlearn,8,8,0.3373604714870453,1,False,0.25662482566248257,0.2524407252440725,0.70703125
12422,0,CF1,L5,0.7,dictlearn,6,5,0.7116644382476807,0,False,0.2412831241283124,0.2398884239888424,0.671875
7413,0,CF1,L5,0.7,dictlearn,4,5,0.23175382614135742,0,False,0.22594142259414227,0.24686192468619247,0.69140625
