patch_id,seed,family,level,frac,method,true_label,prediction,confidence,correct,bounded_unknown,isolated_missing_frac,mask_overlap_centre,centre_erased_frac
17222,0,CF1,L5,0.7,lama,8,9,0.2921869456768036,0,False,0.2524407252440725,0.2412831241283124,0.67578125
7987,0,CF1,L5,0.7,lama,4,4,0.43616628646850586,1,False,0.23709902370990238,0.23570432357043236,0.66015625
14403,0,CF1,L5,0.7,lama,1,1,0.8097274303436279,1,False,0.23570432357043236,0.2482566248256625,0.6953125
12904,0,CF1,L5,0.7,lama,1,2,0.18446853756904602,0,False,0.24686192468619247,0.2496513249651325,0.69921875
1024,0,CF1,L5,0.7,lama,2,2,0.810697078704834,1,False,0.28312412831241285,0.24686192468619247,0.69140625
15700,0,CF1,L5,0.7,lama,3,3,0.34065303206443787,1,False,0.26220362622036264,0.26220362622036264,0.734375
12639,0,CF1,L5,0.7,lama,7,5,0.22673101723194122,0,False,0.2580195258019526,0.25523012552301255,0.71484375
20658,0,CF1,L5,0.7,lama,4,5,0.274105042219162,0,False,0.23430962343096234,0.25523012552301255,0.71484375
2642,0,CF1,L5,0.7,lama,7,7,0.29438185691833496,1,False,0.2524407252440725,0.25662482566248257,0.71875
9392,0,CF1,L5,0.7,lama,9,9,0.5535388588905334,1,False,0.2412831241283124,0.24407252440725244,0.68359375
23357,0,CF1,L5,0.7,lama,5,5,0.4082750976085663,1,False,0.26359832635983266,0.2580195258019526,0.72265625
15977,0,CF1,L5,0.7,lama,0,5,0.4823853075504303,0,False,0.2719665271966527,0.24267782426778242,0.6796875
10440,0,CF1,L5,0.7,lama,0,6,0.4621773660182953,0,False,0.28451882845188287,0.2608089260808926,0.73046875
14216,0,CF1,L5,0.7,lama,3,3,0.3370959460735321,1,False,0.26638772663877264,0.2482566248256625,0.6953125
18353,0,CF1,L5,0.7,lama,7,3,0.38207581639289856,0,False,0.26778242677824265,0.2496513249651325,0.69921875
17404,0,CF1,L5,0.7,lama,3,9,0.4692540168762207,0,False,0.2691771269177127,0.25383542538354253,0.7109375
8424,0,CF1,L5,0.7,lama,8,8,0.5621045827865601,1,False,0.23291492329149233,0.2482566248256625,0.6953125
4744,0,CF1,L5,0.7,lama,8,8,0.7674140334129333,1,False,0.26220362622036264,0.2482566248256625,0.6953125
18797,0,CF1,L5,0.7,lama,7,7,0.9617612957954407,1,False,0.2594142259414226,0.2482566248256625,0.6953125
3156,0,CF1,L5,0.7,lama,7,7,0.6561383605003357,1,False,0.26359832635983266,0.23570432357043236,0.66015625
17024,0,CF1,L5,0.7,lama,2,2,0.3779769837856293,1,False,0.24686192468619247,0.2580195258019526,0.72265625
7807,0,CF1,L5,0.7,lama,8,8,0.606828510761261,1,False,0.25523012552301255,0.23709902370990238,0.6640625
138,0,CF1,L5,0.7,lama,0,0,0.8576372265815735,1,False,0.25523012552301255,0.25523012552301255,0.71484375
20222,0,CF1,L5,0.7,lama,2,2,0.6773681044578552,1,False,0.2594142259414226,0.2594142259414226,0.7265625
24734,0,CF1,L5,0.7,lama,9,0,0.4274640679359436,0,False,0.24407252440725244,0.2496513249651325,0.69921875
8909,0,CF1,L5,0.7,lama,0,9,0.3229806423187256,0,False,0.2719665271966527,0.2398884239888424,0.671875
4684,0,CF1,L5,0.7,lama,1,1,0.7027395963668823,1,False,0.2524407252440725,0.24686192468619247,0.69140625
15978,0,CF1,L5,0.7,lama,6,6,0.4505358934402466,1,False,0.2524407252440725,0.25383542538354253,0.7109375
21495,0,CF1,L5,0.7,lama,7,2,0.5059714913368225,0,False,0.2524407252440725,0.26359832635983266,0.73828125
5107,0,CF1,L5,0.7,lama,6,7,0.5802693963050842,0,False,0.24407252440725244,0.2482566248256625,0.6953125
1914,0,CF1,L5,0.7,lama,2,2,0.41216719150543213,1,False,0.26638772663877264,0.24267782426778242,0.6796875
21307,0,CF1,L5,0.7,lama,1,1,0.9990811347961426,1,False,0.2914923291492329,0.23430962343096234,0.65625
7178,0,CF1,L5,0.7,lama,4,5,0.3094685971736908,0,False,0.24267782426778242,0.25662482566248257,0.71875
13264,0,CF1,L5,0.7,lama,4,6,0.3739379942417145,0,False,0.24686192468619247,0.25523012552301255,0.71484375
21507,0,CF1,L5,0.7,lama,1,1,0.9160529971122742,1,False,0.28451882845188287,0.23570432357043236,0.66015625
8399,0,CF1,L5,0.7,lama,9,2,0.3622441291809082,0,False,0.2649930264993027,0.26359832635983266,0.73828125
4384,0,CF1,L5,0.7,lama,0,0,0.5528460144996643,1,False,0.21896792189679218,0.24686192468619247,0.69140625
5820,0,CF1,L5,0.7,lama,0,1,0.22771793603897095,0,False,0.26220362622036264,0.2412831241283124,0.67578125
22865,0,CF1,L5,0.7,lama,0,0,0.22877754271030426,1,False,0.24407252440725244,0.24546722454672246,0.6875
65,0,CF1,L5,0.7,lama,0,3,0.3588106334209442,0,False,0.25662482566248257,0.2482566248256625,0.6953125
15494,0,CF1,L5,0.7,lama,6,8,0.26589518785476685,0,False,0.23291492329149233,0.26220362622036264,0.734375
2327,0,CF1,L5,0.7,lama,5,1,0.25434568524360657,0,False,0.25383542538354253,0.2496513249651325,0.69921875
24596,0,CF1,L5,0.7,lama,7,7,0.4658046066761017,1,False,0.2524407252440725,0.2496513249651325,0.69921875
3825,0,CF1,L5,0.7,lama,5,5,0.5014755725860596,1,False,0.2691771269177127,0.26778242677824265,0.75
17168,0,CF1,L5,0.7,lama,7,2,0.339698851108551,0,False,0.2496513249651325,0.2580195258019526,0.72265625
4357,0,CF1,L5,0.7,lama,3,3,0.960486888885498,1,False,0.24407252440725244,0.23430962343096234,0.65625
2364,0,CF1,L5,0.7,lama,9,9,0.5108733177185059,1,False,0.2412831241283124,0.2649930264993027,0.7421875
8703,0,CF1,L5,0.7,lama,9,9,0.8675616383552551,1,False,0.2398884239888424,0.23709902370990238,0.6640625
19390,0,CF1,L5,0.7,lama,9,9,0.8585038781166077,1,False,0.2580195258019526,0.2482566248256625,0.6953125
17853,0,CF1,L5,0.7,lama,6,2,0.48952218890190125,0,False,0.27475592747559274,0.24686192468619247,0.69140625
4930,0,CF1,L5,0.7,lama,4,6,0.2517666220664978,0,False,0.27475592747559274,0.2510460251046025,0.703125
5314,0,CF1,L5,0.7,lama,8,8,0.9075250625610352,1,False,0.25662482566248257,0.2524407252440725,0.70703125
4478,0,CF1,L5,0.7,lama,8,8,0.6490026712417603,1,False,0.2510460251046025,0.2594142259414226,0.7265625
23679,0,CF1,L5,0.7,lama,4,2,0.6830294132232666,0,False,0.27475592747559274,0.2510460251046025,0.703125
5449,0,CF1,L5,0.7,lama,1,8,0.38099128007888794,0,False,0.24407252440725244,0.2594142259414226,0.7265625
24183,0,CF1,L5,0.7,lama,0,0,0.46737051010131836,1,False,0.24686192468619247,0.2524407252440725,0.70703125
20842,0,CF1,L5,0.7,lama,3,3,0.8284568190574646,1,False,0.24407252440725244,0.2412831241283124,0.67578125
18825,0,CF1,L5,0.7,lama,9,0,0.41076603531837463,0,False,0.23430962343096234,0.24407252440725244,0.68359375
6265,0,CF1,L5,0.7,lama,1,6,0.4895685911178589,0,False,0.24686192468619247,0.2496513249651325,0.69921875
24932,0,CF1,L5,0.7,lama,4,5,0.4028567969799042,0,False,0.26778242677824265,0.25383542538354253,0.7109375
14427,0,CF1,L5,0.7,lama,8,2,0.2598397433757782,0,False,0.2398884239888424,0.23430962343096234,0.65625
3740,0,CF1,L5,0.7,lama,7,7,0.5183234214782715,1,False,0.2719665271966527,0.25523012552301255,0.71484375
16809,0,CF1,L5,0.7,lama,9,7,0.5891940593719482,0,False,0.26220362622036264,0.2496513249651325,0.69921875
1136,0,CF1,L5,0.7,lama,1,5,0.37643125653266907,0,False,0.25383542538354253,0.25662482566248257,0.71875
25757,0,CF1,L5,0.7,lama,5,5,0.6241569519042969,1,False,0.2482566248256625,0.2412831241283124,0.67578125
7356,0,CF1,L5,0.7,lama,4,4,0.31799212098121643,1,False,0.2315202231520223,0.25383542538354253,0.7109375
12298,0,CF1,L5,0.7,lama,0,9,0.6140519380569458,0,False,0.2482566248256625,0.24546722454672246,0.6875
5700,0,CF1,L5,0.7,lama,3,2,0.25573745369911194,0,False,0.26638772663877264,0.24546722454672246,0.6875
22753,0,CF1,L5,0.7,lama,6,5,0.3405599892139435,0,False,0.26220362622036264,0.2412831241283124,0.67578125
16813,0,CF1,L5,0.7,lama,6,8,0.47596803307533264,0,False,0.2301255230125523,0.2496513249651325,0.69921875
7373,0,CF1,L5,0.7,lama,8,8,0.277080774307251,1,False,0.24267782426778242,0.26638772663877264,0.74609375
20149,0,CF1,L5,0.7,lama,2,2,0.6081826090812683,1,False,0.25662482566248257,0.26359832635983266,0.73828125
15874,0,CF1,L5,0.7,lama,9,9,0.9681015014648438,1,False,0.25383542538354253,0.22733612273361228,0.63671875
26011,0,CF1,L5,0.7,lama,0,0,0.6336567401885986,1,False,0.2524407252440725,0.2691771269177127,0.75390625
4196,0,CF1,L5,0.7,lama,9,7,0.4862019121646881,0,False,0.24407252440725244,0.24407252440725244,0.68359375
11227,0,CF1,L5,0.7,lama,3,3,0.5786465406417847,1,False,0.26220362622036264,0.26220362622036264,0.734375
15736,0,CF1,L5,0.7,lama,3,2,0.31874707341194153,0,False,0.24686192468619247,0.26778242677824265,0.75
6339,0,CF1,L5,0.7,lama,6,6,0.4297983944416046,1,False,0.27615062761506276,0.2496513249651325,0.69921875
25704,0,CF1,L5,0.7,lama,2,2,0.5866291522979736,1,False,0.24546722454672246,0.2412831241283124,0.67578125
3190,0,CF1,L5,0.7,lama,7,2,0.26284298300743103,0,False,0.2524407252440725,0.2524407252440725,0.70703125
737,0,CF1,L5,0.7,lama,4,4,0.34740719199180603,1,False,0.2398884239888424,0.2412831241283124,0.67578125
22875,0,CF1,L5,0.7,lama,9,9,0.742141842842102,1,False,0.25383542538354253,0.26220362622036264,0.734375
22749,0,CF1,L5,0.7,lama,3,3,0.7472333908081055,1,False,0.2775453277545328,0.2482566248256625,0.6953125
22998,0,CF1,L5,0.7,lama,3,3,0.6710192561149597,1,False,0.2524407252440725,0.2510460251046025,0.703125
24210,0,CF1,L5,0.7,lama,5,5,0.3885831832885742,1,False,0.2608089260808926,0.2482566248256625,0.6953125
6800,0,CF1,L5,0.7,lama,4,2,0.417889803647995,0,False,0.24546722454672246,0.25523012552301255,0.71484375
16602,0,CF1,L5,0.7,lama,9,3,0.26800525188446045,0,False,0.24267782426778242,0.25662482566248257,0.71875
10822,0,CF1,L5,0.7,lama,6,2,0.6514853239059448,0,False,0.2510460251046025,0.2649930264993027,0.7421875
12822,0,CF1,L5,0.7,lama,1,1,0.4697588086128235,1,False,0.25523012552301255,0.25523012552301255,0.71484375
12758,0,CF1,L5,0.7,lama,5,5,0.8284310102462769,1,False,0.2649930264993027,0.2496513249651325,0.69921875
21144,0,CF1,L5,0.7,lama,4,4,0.4403722584247589,1,False,0.23291492329149233,0.24407252440725244,0.68359375
4900,0,CF1,L5,0.7,lama,6,6,0.4091719686985016,1,False,0.23709902370990238,0.2524407252440725,0.70703125
22888,0,CF1,L5,0.7,lama,9,9,0.5411571860313416,1,False,0.2733612273361227,0.2594142259414226,0.7265625
19935,0,CF1,L5,0.7,lama,9,5,0.4086984395980835,0,False,0.2398884239888424,0.24407252440725244,0.68359375
21896,0,CF1,L5,0.7,lama,7,5,0.2697339355945587,0,False,0.2580195258019526,0.2510460251046025,0.703125
3475,0,CF1,L5,0.7,lama,3,7,0.48107871413230896,0,False,0.26638772663877264,0.2510460251046025,0.703125
16171,0,CF1,L5,0.7,lama,0,0,0.9995852112770081,1,False,0.2733612273361227,0.2398884239888424,0.671875
4672,0,CF1,L5,0.7,lama,4,7,0.9661821722984314,0,False,0.2691771269177127,0.23430962343096234,0.65625
10146,0,CF1,L5,0.7,lama,2,2,0.9503679275512695,1,False,0.26220362622036264,0.24407252440725244,0.68359375
9207,0,CF1,L5,0.7,lama,7,5,0.19110985100269318,0,False,0.24686192468619247,0.25383542538354253,0.7109375
17745,0,CF1,L5,0.7,lama,9,2,0.7601906061172485,0,False,0.24267782426778242,0.2412831241283124,0.67578125
432,0,CF1,L5,0.7,lama,7,9,0.27777108550071716,0,False,0.2524407252440725,0.2719665271966527,0.76171875
6608,0,CF1,L5,0.7,lama,4,5,0.43414953351020813,0,False,0.27615062761506276,0.2733612273361227,0.765625
25769,0,CF1,L5,0.7,lama,9,9,0.9606707692146301,1,False,0.2733612273361227,0.24686192468619247,0.69140625
14774,0,CF1,L5,0.7,lama,3,3,0.9847277402877808,1,False,0.25383542538354253,0.25383542538354253,0.7109375
21627,0,CF1,L5,0.7,lama,4,3,0.5638411641120911,0,False,0.2733612273361227,0.23709902370990238,0.6640625
8133,0,CF1,L5,0.7,lama,2,2,0.8991789817810059,1,False,0.2384937238493724,0.2412831241283124,0.67578125
12554,0,CF1,L5,0.7,lama,4,8,0.4093569815158844,0,False,0.2691771269177127,0.2398884239888424,0.671875
10856,0,CF1,L5,0.7,lama,1,1,0.8870692849159241,1,False,0.2412831241283124,0.24686192468619247,0.69140625
15931,0,CF1,L5,0.7,lama,3,3,0.6922937035560608,1,False,0.24267782426778242,0.24686192468619247,0.69140625
2367,0,CF1,L5,0.7,lama,2,2,0.54762202501297,1,False,0.2608089260808926,0.2482566248256625,0.6953125
25563,0,CF1,L5,0.7,lama,7,7,0.7252103090286255,1,False,0.24546722454672246,0.24546722454672246,0.6875
6748,0,CF1,L5,0.7,lama,2,2,0.9535250663757324,1,False,0.25662482566248257,0.24546722454672246,0.6875
5368,0,CF1,L5,0.7,lama,8,8,0.9526091814041138,1,False,0.2649930264993027,0.23430962343096234,0.65625
25951,0,CF1,L5,0.7,lama,6,3,0.21676504611968994,0,False,0.2705718270571827,0.25662482566248257,0.71875
22082,0,CF1,L5,0.7,lama,7,7,0.754858672618866,1,False,0.2496513249651325,0.24546722454672246,0.6875
19301,0,CF1,L5,0.7,lama,4,4,0.7593374848365784,1,False,0.25523012552301255,0.2482566248256625,0.6953125
13302,0,CF1,L5,0.7,lama,4,2,0.5213267803192139,0,False,0.28172942817294283,0.25662482566248257,0.71875
15358,0,CF1,L5,0.7,lama,0,2,0.3504806160926819,0,False,0.23570432357043236,0.2496513249651325,0.69921875
23572,0,CF1,L5,0.7,lama,2,2,0.7252359986305237,1,False,0.2649930264993027,0.2649930264993027,0.7421875
14736,0,CF1,L5,0.7,lama,4,4,0.9541127681732178,1,False,0.24407252440725244,0.2524407252440725,0.70703125
16685,0,CF1,L5,0.7,lama,2,2,0.7714515328407288,1,False,0.2524407252440725,0.24267782426778242,0.6796875
21902,0,CF1,L5,0.7,lama,7,2,0.2975139319896698,0,False,0.24686192468619247,0.2608089260808926,0.73046875
6713,0,CF1,L5,0.7,lama,5,1,0.5303242206573486,0,False,0.21896792189679218,0.2705718270571827,0.7578125
8771,0,CF1,L5,0.7,lama,4,4,0.8246152400970459,1,False,0.2608089260808926,0.25383542538354253,0.7109375
20264,0,CF1,L5,0.7,lama,3,6,0.40130582451820374,0,False,0.24267782426778242,0.25383542538354253,0.7109375
24489,0,CF1,L5,0.7,lama,1,1,0.994403600692749,1,False,0.22873082287308227,0.25383542538354253,0.7109375
24852,0,CF1,L5,0.7,lama,1,5,0.2575231194496155,0,False,0.2175732217573222,0.25523012552301255,0.71484375
6746,0,CF1,L5,0.7,lama,1,2,0.4139639139175415,0,False,0.24407252440725244,0.2510460251046025,0.703125
5951,0,CF1,L5,0.7,lama,5,1,0.3909955322742462,0,False,0.24407252440725244,0.2524407252440725,0.70703125
6438,0,CF1,L5,0.7,lama,4,4,0.9723426103591919,1,False,0.24546722454672246,0.2510460251046025,0.703125
11126,0,CF1,L5,0.7,lama,9,2,0.3116188943386078,0,False,0.25662482566248257,0.25523012552301255,0.71484375
24241,0,CF1,L5,0.7,lama,3,5,0.36826011538505554,0,False,0.2789400278940028,0.26359832635983266,0.73828125
23621,0,CF1,L5,0.7,lama,6,8,0.4672297239303589,0,False,0.27475592747559274,0.2524407252440725,0.70703125
14358,0,CF1,L5,0.7,lama,6,3,0.2660185992717743,0,False,0.23709902370990238,0.24546722454672246,0.6875
19003,0,CF1,L5,0.7,lama,6,5,0.35868504643440247,0,False,0.24407252440725244,0.2580195258019526,0.72265625
3760,0,CF1,L5,0.7,lama,9,2,0.520393431186676,0,False,0.2803347280334728,0.23570432357043236,0.66015625
1155,0,CF1,L5,0.7,lama,5,5,0.8821550011634827,1,False,0.2649930264993027,0.2496513249651325,0.69921875
22044,0,CF1,L5,0.7,lama,8,1,0.7138940691947937,0,False,0.2608089260808926,0.26220362622036264,0.734375
17521,0,CF1,L5,0.7,lama,4,4,0.9088038206100464,1,False,0.2510460251046025,0.24267782426778242,0.6796875
15177,0,CF1,L5,0.7,lama,9,2,0.8346254229545593,0,False,0.2649930264993027,0.2524407252440725,0.70703125
21080,0,CF1,L5,0.7,lama,0,6,0.4303823709487915,0,False,0.2649930264993027,0.2524407252440725,0.70703125
4507,0,CF1,L5,0.7,lama,5,5,0.42688238620758057,1,False,0.2594142259414226,0.2580195258019526,0.72265625
10600,0,CF1,L5,0.7,lama,7,7,0.5519789457321167,1,False,0.24267782426778242,0.2608089260808926,0.73046875
11754,0,CF1,L5,0.7,lama,1,2,0.5308664441108704,0,False,0.2705718270571827,0.2315202231520223,0.6484375
22934,0,CF1,L5,0.7,lama,4,4,0.7977304458618164,1,False,0.2580195258019526,0.2482566248256625,0.6953125
19094,0,CF1,L5,0.7,lama,3,3,0.3692758083343506,1,False,0.2315202231520223,0.2510460251046025,0.703125
25246,0,CF1,L5,0.7,lama,7,7,0.7651439309120178,1,False,0.2384937238493724,0.2412831241283124,0.67578125
14745,0,CF1,L5,0.7,lama,2,2,0.986146867275238,1,False,0.2580195258019526,0.24267782426778242,0.6796875
3177,0,CF1,L5,0.7,lama,8,9,0.32960477471351624,0,False,0.26220362622036264,0.24267782426778242,0.6796875
13870,0,CF1,L5,0.7,lama,5,5,0.29331862926483154,1,False,0.22733612273361228,0.2496513249651325,0.69921875
5605,0,CF1,L5,0.7,lama,6,5,0.4431358277797699,0,False,0.23430962343096234,0.2524407252440725,0.70703125
5202,0,CF1,L5,0.7,lama,8,8,0.3686552345752716,1,False,0.24407252440725244,0.2608089260808926,0.73046875
8800,0,CF1,L5,0.7,lama,5,5,0.7246322631835938,1,False,0.24546722454672246,0.2384937238493724,0.66796875
645,0,CF1,L5,0.7,lama,3,3,0.8149837851524353,1,False,0.2649930264993027,0.25523012552301255,0.71484375
16077,0,CF1,L5,0.7,lama,5,5,0.3268117904663086,1,False,0.25383542538354253,0.2580195258019526,0.72265625
15336,0,CF1,L5,0.7,lama,5,5,0.5234637260437012,1,False,0.24407252440725244,0.24267782426778242,0.6796875
20933,0,CF1,L5,0.7,lama,0,6,0.36872464418411255,0,False,0.2775453277545328,0.2580195258019526,0.72265625
10580,0,CF1,L5,0.7,lama,8,8,0.6411112546920776,1,False,0.2705718270571827,0.24686192468619247,0.69140625
25902,0,CF1,L5,0.7,lama,6,6,0.5197732448577881,1,False,0.2217573221757322,0.25383542538354253,0.7109375
4666,0,CF1,L5,0.7,lama,8,3,0.5658295154571533,0,False,0.24407252440725244,0.2398884239888424,0.671875
14541,0,CF1,L5,0.7,lama,4,4,0.3211154341697693,1,False,0.2524407252440725,0.24686192468619247,0.69140625
7374,0,CF1,L5,0.7,lama,5,5,0.6210769414901733,1,False,0.23709902370990238,0.2594142259414226,0.7265625
4697,0,CF1,L5,0.7,lama,5,9,0.41500991582870483,0,False,0.2496513249651325,0.25662482566248257,0.71875
6317,0,CF1,L5,0.7,lama,5,5,0.6109554171562195,1,False,0.2524407252440725,0.2482566248256625,0.6953125
16623,0,CF1,L5,0.7,lama,6,5,0.28337714076042175,0,False,0.28172942817294283,0.24546722454672246,0.6875
16511,0,CF1,L5,0.7,lama,6,5,0.4161139726638794,0,False,0.24407252440725244,0.27475592747559274,0.76953125
16162,0,CF1,L5,0.7,lama,3,5,0.5638771653175354,0,False,0.2412831241283124,0.2649930264993027,0.7421875
5989,0,CF1,L5,0.7,lama,1,1,0.6015955209732056,1,False,0.26778242677824265,0.24546722454672246,0.6875
18753,0,CF1,L5,0.7,lama,5,5,0.3681054711341858,1,False,0.2608089260808926,0.24407252440725244,0.68359375
20853,0,CF1,L5,0.7,lama,4,4,0.4837549030780792,1,False,0.2608089260808926,0.2524407252440725,0.70703125
16556,0,CF1,L5,0.7,lama,0,1,0.367674320936203,0,False,0.2859135285913529,0.2580195258019526,0.72265625
7019,0,CF1,L5,0.7,lama,9,9,0.7518182396888733,1,False,0.2608089260808926,0.24267782426778242,0.6796875
3090,0,CF1,L5,0.7,lama,6,6,0.3897300958633423,1,False,0.2594142259414226,0.25383542538354253,0.7109375
14680,0,CF1,L5,0.7,lama,3,3,0.5376221537590027,1,False,0.2719665271966527,0.26220362622036264,0.734375
869,0,CF1,L5,0.7,lama,3,3,0.3173310458660126,1,False,0.24407252440725244,0.25383542538354253,0.7109375
7595,0,CF1,L5,0.7,lama,6,5,0.38293221592903137,0,False,0.25383542538354253,0.24546722454672246,0.6875
14417,0,CF1,L5,0.7,lama,1,2,0.5691820979118347,0,False,0.23709902370990238,0.25662482566248257,0.71875
13624,0,CF1,L5,0.7,lama,9,9,0.954355776309967,1,False,0.24686192468619247,0.24686192468619247,0.69140625
21083,0,CF1,L5,0.7,lama,0,0,0.9503469467163086,1,False,0.2733612273361227,0.22873082287308227,0.640625
7556,0,CF1,L5,0.7,lama,1,1,0.9974732995033264,1,False,0.2384937238493724,0.24267782426778242,0.6796875
9289,0,CF1,L5,0.7,lama,8,8,0.19114015996456146,1,False,0.26220362622036264,0.2524407252440725,0.70703125
19944,0,CF1,L5,0.7,lama,3,3,0.40589243173599243,1,False,0.2733612273361227,0.24407252440725244,0.68359375
6057,0,CF1,L5,0.7,lama,1,1,0.45063284039497375,1,False,0.2510460251046025,0.24546722454672246,0.6875
23029,0,CF1,L5,0.7,lama,8,2,0.24008870124816895,0,False,0.24546722454672246,0.25523012552301255,0.71484375
23668,0,CF1,L5,0.7,lama,5,5,0.5330713391304016,1,False,0.25662482566248257,0.25662482566248257,0.71875
13115,0,CF1,L5,0.7,lama,8,8,0.32543259859085083,1,False,0.2594142259414226,0.24686192468619247,0.69140625
20635,0,CF1,L5,0.7,lama,3,3,0.31756535172462463,1,False,0.2789400278940028,0.2203626220362622,0.6171875
4281,0,CF1,L5,0.7,lama,4,3,0.3500576317310333,0,False,0.26359832635983266,0.2496513249651325,0.69921875
4139,0,CF1,L5,0.7,lama,9,2,0.2995155155658722,0,False,0.2482566248256625,0.25523012552301255,0.71484375
10652,0,CF1,L5,0.7,lama,1,1,0.9727845191955566,1,False,0.2412831241283124,0.24686192468619247,0.69140625
700,0,CF1,L5,0.7,lama,1,1,0.9869634509086609,1,False,0.2900976290097629,0.2482566248256625,0.6953125
5772,0,CF1,L5,0.7,lama,3,2,0.3696267008781433,0,False,0.2384937238493724,0.2524407252440725,0.70703125
8114,0,CF1,L5,0.7,lama,9,0,0.5484432578086853,0,False,0.2705718270571827,0.2482566248256625,0.6953125
5964,0,CF1,L5,0.7,lama,6,8,0.8362288475036621,0,False,0.23570432357043236,0.2496513249651325,0.69921875
17278,0,CF1,L5,0.7,lama,7,2,0.8350124955177307,0,False,0.23291492329149233,0.2580195258019526,0.72265625
9961,0,CF1,L5,0.7,lama,0,3,0.2545231282711029,0,False,0.28172942817294283,0.24407252440725244,0.68359375
25974,0,CF1,L5,0.7,lama,7,7,0.8390000462532043,1,False,0.26638772663877264,0.24686192468619247,0.69140625
14317,0,CF1,L5,0.7,lama,3,8,0.3348934054374695,0,False,0.2649930264993027,0.2398884239888424,0.671875
6485,0,CF1,L5,0.7,lama,0,0,0.9646087288856506,1,False,0.2496513249651325,0.2398884239888424,0.671875
18287,0,CF1,L5,0.7,lama,0,9,0.4437974691390991,0,False,0.2691771269177127,0.2580195258019526,0.72265625
11840,0,CF1,L5,0.7,lama,4,4,0.7570251226425171,1,False,0.24267782426778242,0.2315202231520223,0.6484375
864,0,CF1,L5,0.7,lama,0,0,0.6130760312080383,1,False,0.24546722454672246,0.23430962343096234,0.65625
20612,0,CF1,L5,0.7,lama,1,1,0.9448590278625488,1,False,0.2510460251046025,0.25662482566248257,0.71875
21079,0,CF1,L5,0.7,lama,1,1,0.9768730401992798,1,False,0.24407252440725244,0.23570432357043236,0.66015625
11286,0,CF1,L5,0.7,lama,5,5,0.574154794216156,1,False,0.2859135285913529,0.2580195258019526,0.72265625
788,0,CF1,L5,0.7,lama,0,0,0.9585671424865723,1,False,0.2510460251046025,0.24686192468619247,0.69140625
15932,0,CF1,L5,0.7,lama,3,3,0.5320846438407898,1,False,0.23709902370990238,0.24686192468619247,0.69140625
18511,0,CF1,L5,0.7,lama,3,3,0.7001556158065796,1,False,0.2594142259414226,0.25662482566248257,0.71875
21576,0,CF1,L5,0.7,lama,5,2,0.4307423532009125,0,False,0.23430962343096234,0.24267782426778242,0.6796875
17237,0,CF1,L5,0.7,lama,2,9,0.38879477977752686,0,False,0.2482566248256625,0.24686192468619247,0.69140625
2966,0,CF1,L5,0.7,lama,2,2,0.5810726881027222,1,False,0.24407252440725244,0.2510460251046025,0.703125
16416,0,CF1,L5,0.7,lama,5,5,0.8406776785850525,1,False,0.2594142259414226,0.25383542538354253,0.7109375
1280,0,CF1,L5,0.7,lama,5,5,0.6808192729949951,1,False,0.24407252440725244,0.2510460251046025,0.703125
24928,0,CF1,L5,0.7,lama,0,4,0.18690668046474457,0,False,0.26220362622036264,0.24686192468619247,0.69140625
23837,0,CF1,L5,0.7,lama,1,2,0.4520322382450104,0,False,0.25383542538354253,0.24407252440725244,0.68359375
20230,0,CF1,L5,0.7,lama,1,3,0.30825668573379517,0,False,0.25523012552301255,0.2496513249651325,0.69921875
23434,0,CF1,L5,0.7,lama,5,3,0.5577497482299805,0,False,0.2496513249651325,0.2482566248256625,0.6953125
20522,0,CF1,L5,0.7,lama,6,3,0.18245424330234528,0,False,0.2482566248256625,0.24267782426778242,0.6796875
7789,0,CF1,L5,0.7,lama,3,1,0.6165571808815002,0,False,0.2524407252440725,0.2412831241283124,0.67578125
22086,0,CF1,L5,0.7,lama,6,6,0.466474711894989,1,False,0.2580195258019526,0.2398884239888424,0.671875
21339,0,CF1,L5,0.7,lama,0,0,0.6118075251579285,1,False,0.25662482566248257,0.25383542538354253,0.7109375
6830,0,CF1,L5,0.7,lama,9,9,0.8482369780540466,1,False,0.2691771269177127,0.2580195258019526,0.72265625
20902,0,CF1,L5,0.7,lama,2,2,0.7036007642745972,1,False,0.2649930264993027,0.25523012552301255,0.71484375
17481,0,CF1,L5,0.7,lama,5,5,0.9685900807380676,1,False,0.25523012552301255,0.2398884239888424,0.671875
3050,0,CF1,L5,0.7,lama,6,6,0.24213290214538574,1,False,0.23291492329149233,0.2398884239888424,0.671875
409,0,CF1,L5,0.7,lama,1,4,0.27289319038391113,0,False,0.2412831241283124,0.25662482566248257,0.71875
14823,0,CF1,L5,0.7,lama,7,7,0.5015828013420105,1,False,0.23709902370990238,0.2496513249651325,0.69921875
22892,0,CF1,L5,0.7,lama,9,1,0.1681317389011383,0,False,0.2580195258019526,0.2733612273361227,0.765625
9470,0,CF1,L5,0.7,lama,8,3,0.3664117753505707,0,False,0.2301255230125523,0.2524407252440725,0.70703125
9543,0,CF1,L5,0.7,lama,6,8,0.41739723086357117,0,False,0.2649930264993027,0.25523012552301255,0.71484375
22090,0,CF1,L5,0.7,lama,5,5,0.9123521447181702,1,False,0.2482566248256625,0.24407252440725244,0.68359375
6045,0,CF1,L5,0.7,lama,6,6,0.3597496747970581,1,False,0.25662482566248257,0.24267782426778242,0.6796875
317,0,CF1,L5,0.7,lama,8,8,0.5664530396461487,1,False,0.2691771269177127,0.2482566248256625,0.6953125
15812,0,CF1,L5,0.7,lama,0,6,0.2519676387310028,0,False,0.2803347280334728,0.26220362622036264,0.734375
18170,0,CF1,L5,0.7,lama,9,9,0.42162030935287476,1,False,0.2217573221757322,0.2580195258019526,0.72265625
14781,0,CF1,L5,0.7,lama,0,8,0.1724948137998581,0,False,0.23291492329149233,0.2384937238493724,0.66796875
17886,0,CF1,L5,0.7,lama,9,2,0.5014970302581787,0,False,0.24686192468619247,0.25383542538354253,0.7109375
20049,0,CF1,L5,0.7,lama,3,6,0.28090572357177734,0,False,0.25383542538354253,0.25383542538354253,0.7109375
13283,0,CF1,L5,0.7,lama,0,6,0.29781341552734375,0,False,0.2580195258019526,0.2524407252440725,0.70703125
25830,0,CF1,L5,0.7,lama,5,5,0.9460850954055786,1,False,0.2524407252440725,0.26220362622036264,0.734375
14277,0,CF1,L5,0.7,lama,9,3,0.46493157744407654,0,False,0.26220362622036264,0.23291492329149233,0.65234375
5908,0,CF1,L5,0.7,lama,1,1,0.9998162388801575,1,False,0.2733612273361227,0.24267782426778242,0.6796875
9731,0,CF1,L5,0.7,lama,8,8,0.694471001625061,1,False,0.2524407252440725,0.2301255230125523,0.64453125
14180,0,CF1,L5,0.7,lama,9,9,0.9938382506370544,1,False,0.2705718270571827,0.2398884239888424,0.671875
9246,0,CF1,L5,0.7,lama,2,2,0.8291251063346863,1,False,0.24686192468619247,0.2496513249651325,0.69921875
1656,0,CF1,L5,0.7,lama,2,3,0.44337448477745056,0,False,0.26638772663877264,0.24546722454672246,0.6875
17712,0,CF1,L5,0.7,lama,1,1,0.7344176769256592,1,False,0.2482566248256625,0.2384937238493724,0.66796875
25544,0,CF1,L5,0.7,lama,9,9,0.37868475914001465,1,False,0.24407252440725244,0.25383542538354253,0.7109375
1120,0,CF1,L5,0.7,lama,5,5,0.9606736302375793,1,False,0.23570432357043236,0.2594142259414226,0.7265625
1298,0,CF1,L5,0.7,lama,6,5,0.4560205340385437,0,False,0.2594142259414226,0.25383542538354253,0.7109375
25570,0,CF1,L5,0.7,lama,2,2,0.6404711008071899,1,False,0.26220362622036264,0.2510460251046025,0.703125
5370,0,CF1,L5,0.7,lama,7,7,0.3339255750179291,1,False,0.26638772663877264,0.2384937238493724,0.66796875
19075,0,CF1,L5,0.7,lama,2,2,0.8248758316040039,1,False,0.2803347280334728,0.2482566248256625,0.6953125
8583,0,CF1,L5,0.7,lama,0,1,0.5385635495185852,0,False,0.25523012552301255,0.2580195258019526,0.72265625
2133,0,CF1,L5,0.7,lama,0,8,0.3064420819282532,0,False,0.18688981868898186,0.2482566248256625,0.6953125
1982,0,CF1,L5,0.7,lama,2,2,0.8502747416496277,1,False,0.2608089260808926,0.25662482566248257,0.71875
950,0,CF1,L5,0.7,lama,8,8,0.33434370160102844,1,False,0.23430962343096234,0.24546722454672246,0.6875
19563,0,CF1,L5,0.7,lama,4,4,0.981396496295929,1,False,0.2384937238493724,0.2524407252440725,0.70703125
21023,0,CF1,L5,0.7,lama,6,6,0.5793313384056091,1,False,0.2482566248256625,0.2524407252440725,0.70703125
15687,0,CF1,L5,0.7,lama,0,0,0.22931237518787384,1,False,0.25523012552301255,0.25523012552301255,0.71484375
6444,0,CF1,L5,0.7,lama,6,6,0.7332599759101868,1,False,0.2315202231520223,0.25383542538354253,0.7109375
15735,0,CF1,L5,0.7,lama,4,4,0.34223175048828125,1,False,0.2733612273361227,0.25662482566248257,0.71875
10651,0,CF1,L5,0.7,lama,0,8,0.48227742314338684,0,False,0.26220362622036264,0.24686192468619247,0.69140625
13256,0,CF1,L5,0.7,lama,1,1,0.7041569948196411,1,False,0.24686192468619247,0.2384937238493724,0.66796875
16855,0,CF1,L5,0.7,lama,6,5,0.2986355721950531,0,False,0.2594142259414226,0.2524407252440725,0.70703125
14884,0,CF1,L5,0.7,lama,9,3,0.4884401559829712,0,False,0.2315202231520223,0.2691771269177127,0.75390625
21884,0,CF1,L5,0.7,lama,6,6,0.5925833582878113,1,False,0.23709902370990238,0.2398884239888424,0.671875
5078,0,CF1,L5,0.7,lama,3,6,0.2775583565235138,0,False,0.2775453277545328,0.2398884239888424,0.671875
20419,0,CF1,L5,0.7,lama,9,2,0.22626836597919464,0,False,0.28451882845188287,0.27475592747559274,0.76953125
20521,0,CF1,L5,0.7,lama,5,5,0.6891399025917053,1,False,0.23570432357043236,0.2482566248256625,0.6953125
23257,0,CF1,L5,0.7,lama,5,5,0.31003469228744507,1,False,0.2580195258019526,0.2608089260808926,0.73046875
17190,0,CF1,L5,0.7,lama,2,2,0.5979424118995667,1,False,0.2510460251046025,0.2580195258019526,0.72265625
15631,0,CF1,L5,0.7,lama,8,8,0.5074150562286377,1,False,0.2398884239888424,0.2496513249651325,0.69921875
504,0,CF1,L5,0.7,lama,0,0,0.5241199135780334,1,False,0.24267782426778242,0.2384937238493724,0.66796875
14990,0,CF1,L5,0.7,lama,3,3,0.9626033902168274,1,False,0.2775453277545328,0.2496513249651325,0.69921875
24512,0,CF1,L5,0.7,lama,8,6,0.5174957513809204,0,False,0.23430962343096234,0.2496513249651325,0.69921875
23120,0,CF1,L5,0.7,lama,7,7,0.362870991230011,1,False,0.2482566248256625,0.26220362622036264,0.734375
3357,0,CF1,L5,0.7,lama,2,2,0.9035534262657166,1,False,0.2719665271966527,0.2496513249651325,0.69921875
8088,0,CF1,L5,0.7,lama,1,1,0.9786397218704224,1,False,0.24546722454672246,0.23570432357043236,0.66015625
21849,0,CF1,L5,0.7,lama,9,1,0.31509143114089966,0,False,0.2649930264993027,0.24546722454672246,0.6875
13683,0,CF1,L5,0.7,lama,0,5,0.260212779045105,0,False,0.25523012552301255,0.2384937238493724,0.66796875
22718,0,CF1,L5,0.7,lama,9,3,0.4883975684642792,0,False,0.2510460251046025,0.2384937238493724,0.66796875
9927,0,CF1,L5,0.7,lama,4,4,0.8535446524620056,1,False,0.2496513249651325,0.24686192468619247,0.69140625
11425,0,CF1,L5,0.7,lama,0,0,0.4304521381855011,1,False,0.23570432357043236,0.2524407252440725,0.70703125
14578,0,CF1,L5,0.7,lama,0,4,0.6162683367729187,0,False,0.2928870292887029,0.23709902370990238,0.6640625
25481,0,CF1,L5,0.7,lama,8,9,0.3889431059360504,0,False,0.2608089260808926,0.25662482566248257,0.71875
11269,0,CF1,L5,0.7,lama,5,5,0.9502721428871155,1,False,0.2482566248256625,0.23709902370990238,0.6640625
12877,0,CF1,L5,0.7,lama,5,5,0.3389890491962433,1,False,0.2594142259414226,0.2496513249651325,0.69921875
22531,0,CF1,L5,0.7,lama,9,5,0.19033263623714447,0,False,0.2398884239888424,0.25523012552301255,0.71484375
13150,0,CF1,L5,0.7,lama,3,3,0.5224982500076294,1,False,0.2580195258019526,0.25383542538354253,0.7109375
5654,0,CF1,L5,0.7,lama,8,8,0.38523778319358826,1,False,0.24686192468619247,0.26778242677824265,0.75
1286,0,CF1,L5,0.7,lama,7,3,0.48590418696403503,0,False,0.23570432357043236,0.24686192468619247,0.69140625
1652,0,CF1,L5,0.7,lama,1,8,0.2385215163230896,0,False,0.23709902370990238,0.2510460251046025,0.703125
22335,0,CF1,L5,0.7,lama,2,2,0.4701565206050873,1,False,0.2705718270571827,0.2496513249651325,0.69921875
23848,0,CF1,L5,0.7,lama,3,3,0.4364728331565857,1,False,0.24546722454672246,0.2580195258019526,0.72265625
2892,0,CF1,L5,0.7,lama,6,6,0.6247127652168274,1,False,0.25662482566248257,0.2482566248256625,0.6953125
16530,0,CF1,L5,0.7,lama,8,8,0.7569653987884521,1,False,0.2691771269177127,0.2580195258019526,0.72265625
12848,0,CF1,L5,0.7,lama,8,8,0.9521121382713318,1,False,0.28451882845188287,0.24267782426778242,0.6796875
7330,0,CF1,L5,0.7,lama,7,1,0.29445716738700867,0,False,0.24267782426778242,0.2580195258019526,0.72265625
3676,0,CF1,L5,0.7,lama,1,5,0.5265905857086182,0,False,0.25523012552301255,0.23430962343096234,0.65625
19966,0,CF1,L5,0.7,lama,8,8,0.636881947517395,1,False,0.21896792189679218,0.24686192468619247,0.69140625
8382,0,CF1,L5,0.7,lama,5,5,0.6445523500442505,1,False,0.24686192468619247,0.25523012552301255,0.71484375
19660,0,CF1,L5,0.7,lama,7,8,0.43664395809173584,0,False,0.25383542538354253,0.2524407252440725,0.70703125
2508,0,CF1,L5,0.7,lama,9,2,0.3063991665840149,0,False,0.27475592747559274,0.2580195258019526,0.72265625
2360,0,CF1,L5,0.7,lama,4,4,0.4042019844055176,1,False,0.2914923291492329,0.2524407252440725,0.70703125
16796,0,CF1,L5,0.7,lama,1,3,0.40277114510536194,0,False,0.29707112970711297,0.2482566248256625,0.6953125
23426,0,CF1,L5,0.7,lama,9,6,0.23342265188694,0,False,0.25523012552301255,0.25383542538354253,0.7109375
15590,0,CF1,L5,0.7,lama,2,5,0.29862454533576965,0,False,0.2482566248256625,0.2482566248256625,0.6953125
6302,0,CF1,L5,0.7,lama,3,3,0.4183761775493622,1,False,0.24267782426778242,0.24686192468619247,0.69140625
24519,0,CF1,L5,0.7,lama,7,2,0.35719239711761475,0,False,0.26778242677824265,0.22873082287308227,0.640625
23276,0,CF1,L5,0.7,lama,2,3,0.2391066700220108,0,False,0.23291492329149233,0.2608089260808926,0.73046875
24566,0,CF1,L5,0.7,lama,8,8,0.5619114637374878,1,False,0.2510460251046025,0.24267782426778242,0.6796875
20978,0,CF1,L5,0.7,lama,1,2,0.4689885675907135,0,False,0.2580195258019526,0.2608089260808926,0.73046875
8990,0,CF1,L5,0.7,lama,3,3,0.42257681488990784,1,False,0.27475592747559274,0.2496513249651325,0.69921875
11061,0,CF1,L5,0.7,lama,7,2,0.5310607552528381,0,False,0.2789400278940028,0.25662482566248257,0.71875
7075,0,CF1,L5,0.7,lama,9,2,0.3007504642009735,0,False,0.2482566248256625,0.24686192468619247,0.69140625
17641,0,CF1,L5,0.7,lama,2,2,0.9299014210700989,1,False,0.2524407252440725,0.25383542538354253,0.7109375
12077,0,CF1,L5,0.7,lama,9,9,0.9945427179336548,1,False,0.24546722454672246,0.2608089260808926,0.73046875
1779,0,CF1,L5,0.7,lama,7,7,0.9857318997383118,1,False,0.2398884239888424,0.2580195258019526,0.72265625
11519,0,CF1,L5,0.7,lama,4,9,0.17482422292232513,0,False,0.26778242677824265,0.2412831241283124,0.67578125
8549,0,CF1,L5,0.7,lama,3,2,0.3226027488708496,0,False,0.23570432357043236,0.2510460251046025,0.703125
14623,0,CF1,L5,0.7,lama,6,4,0.5226812958717346,0,False,0.2649930264993027,0.24546722454672246,0.6875
10846,0,CF1,L5,0.7,lama,3,2,0.42156004905700684,0,False,0.2580195258019526,0.2580195258019526,0.72265625
16289,0,CF1,L5,0.7,lama,3,7,0.36760789155960083,0,False,0.25383542538354253,0.2482566248256625,0.6953125
12311,0,CF1,L5,0.7,lama,8,6,0.3243632912635803,0,False,0.25523012552301255,0.24407252440725244,0.68359375
6068,0,CF1,L5,0.7,lama,8,8,0.5336182713508606,1,False,0.24546722454672246,0.26359832635983266,0.73828125
9629,0,CF1,L5,0.7,lama,6,5,0.30651557445526123,0,False,0.27615062761506276,0.2412831241283124,0.67578125
19560,0,CF1,L5,0.7,lama,3,9,0.2186608612537384,0,False,0.23709902370990238,0.24267782426778242,0.6796875
10379,0,CF1,L5,0.7,lama,8,8,0.4080731272697449,1,False,0.2524407252440725,0.24546722454672246,0.6875
6499,0,CF1,L5,0.7,lama,9,6,0.6700363159179688,0,False,0.24267782426778242,0.24546722454672246,0.6875
1159,0,CF1,L5,0.7,lama,0,0,0.9836934208869934,1,False,0.24267782426778242,0.2398884239888424,0.671875
4366,0,CF1,L5,0.7,lama,7,2,0.6355170011520386,0,False,0.2608089260808926,0.25383542538354253,0.7109375
8397,0,CF1,L5,0.7,lama,1,4,0.22440922260284424,0,False,0.26778242677824265,0.24546722454672246,0.6875
20905,0,CF1,L5,0.7,lama,9,8,0.3619748055934906,0,False,0.2412831241283124,0.2412831241283124,0.67578125
15746,0,CF1,L5,0.7,lama,5,5,0.5890209078788757,1,False,0.26359832635983266,0.2524407252440725,0.70703125
9402,0,CF1,L5,0.7,lama,3,5,0.3339627981185913,0,False,0.2398884239888424,0.26778242677824265,0.75
8164,0,CF1,L5,0.7,lama,2,1,0.27595287561416626,0,False,0.26220362622036264,0.2510460251046025,0.703125
510,0,CF1,L5,0.7,lama,5,9,0.28393810987472534,0,False,0.2691771269177127,0.2496513249651325,0.69921875
24070,0,CF1,L5,0.7,lama,9,9,0.2177748680114746,1,False,0.2594142259414226,0.2594142259414226,0.7265625
2401,0,CF1,L5,0.7,lama,4,4,0.7895488739013672,1,False,0.24267782426778242,0.26220362622036264,0.734375
12147,0,CF1,L5,0.7,lama,3,3,0.3704472482204437,1,False,0.22733612273361228,0.2649930264993027,0.7421875
14499,0,CF1,L5,0.7,lama,6,3,0.24662593007087708,0,False,0.23709902370990238,0.23709902370990238,0.6640625
3530,0,CF1,L5,0.7,lama,6,6,0.6781426072120667,1,False,0.2384937238493724,0.2482566248256625,0.6953125
14723,0,CF1,L5,0.7,lama,7,3,0.4038107693195343,0,False,0.24546722454672246,0.22873082287308227,0.640625
4435,0,CF1,L5,0.7,lama,3,3,0.9575963020324707,1,False,0.24686192468619247,0.2524407252440725,0.70703125
22852,0,CF1,L5,0.7,lama,2,6,0.2208765298128128,0,False,0.23709902370990238,0.24546722454672246,0.6875
8461,0,CF1,L5,0.7,lama,3,3,0.7410364747047424,1,False,0.2315202231520223,0.24407252440725244,0.68359375
21972,0,CF1,L5,0.7,lama,7,7,0.9967467784881592,1,False,0.2608089260808926,0.2496513249651325,0.69921875
5410,0,CF1,L5,0.7,lama,4,3,0.3226788341999054,0,False,0.2608089260808926,0.24407252440725244,0.68359375
17754,0,CF1,L5,0.7,lama,6,6,0.5092242956161499,1,False,0.26638772663877264,0.25523012552301255,0.71484375
15311,0,CF1,L5,0.7,lama,2,2,0.9859941005706787,1,False,0.27475592747559274,0.2719665271966527,0.76171875
15185,0,CF1,L5,0.7,lama,1,1,0.9920381307601929,1,False,0.2594142259414226,0.24546722454672246,0.6875
5663,0,CF1,L5,0.7,lama,4,4,0.3154427409172058,1,False,0.2803347280334728,0.25523012552301255,0.71484375
6247,0,CF1,L5,0.7,lama,6,5,0.43598416447639465,0,False,0.24267782426778242,0.25523012552301255,0.71484375
15287,0,CF1,L5,0.7,lama,0,4,0.7297688722610474,0,False,0.26359832635983266,0.24686192468619247,0.69140625
19902,0,CF1,L5,0.7,lama,0,0,0.37104275822639465,1,False,0.25662482566248257,0.25662482566248257,0.71875
25188,0,CF1,L5,0.7,lama,4,4,0.7809577584266663,1,False,0.25523012552301255,0.2594142259414226,0.7265625
11195,0,CF1,L5,0.7,lama,8,6,0.2556094825267792,0,False,0.23291492329149233,0.26220362622036264,0.734375
4828,0,CF1,L5,0.7,lama,7,1,0.8799326419830322,0,False,0.27615062761506276,0.2580195258019526,0.72265625
23751,0,CF1,L5,0.7,lama,5,5,0.708213210105896,1,False,0.2649930264993027,0.2412831241283124,0.67578125
9464,0,CF1,L5,0.7,lama,3,3,0.5921310186386108,1,False,0.25383542538354253,0.24686192468619247,0.69140625
25723,0,CF1,L5,0.7,lama,0,0,0.32971081137657166,1,False,0.23430962343096234,0.26359832635983266,0.73828125
16859,0,CF1,L5,0.7,lama,5,5,0.8913898468017578,1,False,0.2580195258019526,0.2482566248256625,0.6953125
3601,0,CF1,L5,0.7,lama,1,1,0.8727190494537354,1,False,0.2691771269177127,0.2594142259414226,0.7265625
11679,0,CF1,L5,0.7,lama,6,6,0.9543918371200562,1,False,0.2482566248256625,0.24686192468619247,0.69140625
12135,0,CF1,L5,0.7,lama,7,1,0.5445841550827026,0,False,0.2608089260808926,0.2384937238493724,0.66796875
16329,0,CF1,L5,0.7,lama,1,1,0.9753585457801819,1,False,0.2510460251046025,0.2315202231520223,0.6484375
94,0,CF1,L5,0.7,lama,4,5,0.4348670542240143,0,False,0.25662482566248257,0.23430962343096234,0.65625
14517,0,CF1,L5,0.7,lama,9,5,0.291200190782547,0,False,0.26778242677824265,0.2580195258019526,0.72265625
16852,0,CF1,L5,0.7,lama,3,3,0.9271606206893921,1,False,0.2217573221757322,0.26220362622036264,0.734375
6852,0,CF1,L5,0.7,lama,6,5,0.46110883355140686,0,False,0.2775453277545328,0.2524407252440725,0.70703125
24858,0,CF1,L5,0.7,lama,3,3,0.9185845851898193,1,False,0.2691771269177127,0.2594142259414226,0.7265625
297,0,CF1,L5,0.7,lama,9,5,0.2789202332496643,0,False,0.27615062761506276,0.2384937238493724,0.66796875
12339,0,CF1,L5,0.7,lama,2,2,0.8970595002174377,1,False,0.2691771269177127,0.2510460251046025,0.703125
20811,0,CF1,L5,0.7,lama,8,8,0.5952441692352295,1,False,0.2315202231520223,0.26359832635983266,0.73828125
12439,0,CF1,L5,0.7,lama,5,5,0.5600427389144897,1,False,0.2496513249651325,0.25383542538354253,0.7109375
16632,0,CF1,L5,0.7,lama,9,0,0.8430381417274475,0,False,0.2705718270571827,0.2482566248256625,0.6953125
5798,0,CF1,L5,0.7,lama,4,6,0.25046902894973755,0,False,0.2524407252440725,0.24686192468619247,0.69140625
18458,0,CF1,L5,0.7,lama,3,1,0.6508979201316833,0,False,0.2775453277545328,0.2496513249651325,0.69921875
6105,0,CF1,L5,0.7,lama,5,5,0.39472001791000366,1,False,0.26778242677824265,0.2580195258019526,0.72265625
10321,0,CF1,L5,0.7,lama,6,6,0.499016672372818,1,False,0.26638772663877264,0.24686192468619247,0.69140625
21771,0,CF1,L5,0.7,lama,7,7,0.5837134718894958,1,False,0.2482566248256625,0.2496513249651325,0.69921875
22194,0,CF1,L5,0.7,lama,0,5,0.23664496839046478,0,False,0.2691771269177127,0.25383542538354253,0.7109375
6,0,CF1,L5,0.7,lama,9,5,0.29572248458862305,0,False,0.23570432357043236,0.24686192468619247,0.69140625
912,0,CF1,L5,0.7,lama,7,2,0.42806196212768555,0,False,0.2705718270571827,0.2496513249651325,0.69921875
16910,0,CF1,L5,0.7,lama,5,5,0.6548324227333069,1,False,0.26638772663877264,0.2608089260808926,0.73046875
18738,0,CF1,L5,0.7,lama,7,7,0.5597295761108398,1,False,0.2175732217573222,0.25383542538354253,0.7109375
18020,0,CF1,L5,0.7,lama,9,9,0.7168224453926086,1,False,0.22873082287308227,0.2510460251046025,0.703125
3462,0,CF1,L5,0.7,lama,8,5,0.45539653301239014,0,False,0.26220362622036264,0.25523012552301255,0.71484375
5696,0,CF1,L5,0.7,lama,1,0,0.22583124041557312,0,False,0.2719665271966527,0.2594142259414226,0.7265625
15066,0,CF1,L5,0.7,lama,3,3,0.8723917603492737,1,False,0.27475592747559274,0.24267782426778242,0.6796875
10653,0,CF1,L5,0.7,lama,9,9,0.5345983505249023,1,False,0.2719665271966527,0.26220362622036264,0.734375
13337,0,CF1,L5,0.7,lama,2,2,0.9834644794464111,1,False,0.2580195258019526,0.2398884239888424,0.671875
12340,0,CF1,L5,0.7,lama,5,5,0.7509687542915344,1,False,0.21199442119944212,0.25383542538354253,0.7109375
9536,0,CF1,L5,0.7,lama,0,0,0.9968129992485046,1,False,0.2775453277545328,0.23430962343096234,0.65625
3566,0,CF1,L5,0.7,lama,4,4,0.6340609788894653,1,False,0.2384937238493724,0.2524407252440725,0.70703125
20090,0,CF1,L5,0.7,lama,4,3,0.3002355992794037,0,False,0.24686192468619247,0.2580195258019526,0.72265625
211,0,CF1,L5,0.7,lama,0,3,0.30478382110595703,0,False,0.2496513249651325,0.24686192468619247,0.69140625
55,0,CF1,L5,0.7,lama,8,6,0.40690600872039795,0,False,0.2412831241283124,0.24407252440725244,0.68359375
1477,0,CF1,L5,0.7,lama,2,5,0.2231418639421463,0,False,0.2719665271966527,0.24686192468619247,0.69140625
25898,0,CF1,L5,0.7,lama,0,6,0.8035083413124084,0,False,0.2580195258019526,0.2580195258019526,0.72265625
25713,0,CF1,L5,0.7,lama,0,5,0.29461702704429626,0,False,0.2301255230125523,0.24686192468619247,0.69140625
18055,0,CF1,L5,0.7,lama,3,3,0.5544980764389038,1,False,0.24267782426778242,0.2496513249651325,0.69921875
17461,0,CF1,L5,0.7,lama,3,5,0.5503093004226685,0,False,0.23709902370990238,0.26359832635983266,0.73828125
14237,0,CF1,L5,0.7,lama,7,6,0.19843901693820953,0,False,0.24267782426778242,0.2594142259414226,0.7265625
13858,0,CF1,L5,0.7,lama,1,1,0.8154836297035217,1,False,0.2649930264993027,0.23430962343096234,0.65625
12386,0,CF1,L5,0.7,lama,5,3,0.4562681317329407,0,False,0.22594142259414227,0.26220362622036264,0.734375
7223,0,CF1,L5,0.7,lama,9,6,0.33508336544036865,0,False,0.26220362622036264,0.26778242677824265,0.75
3153,0,CF1,L5,0.7,lama,5,8,0.24818801879882812,0,False,0.22873082287308227,0.2510460251046025,0.703125
23265,0,CF1,L5,0.7,lama,8,8,0.26741981506347656,1,False,0.25383542538354253,0.2496513249651325,0.69921875
9465,0,CF1,L5,0.7,lama,0,8,0.43258965015411377,0,False,0.2510460251046025,0.24686192468619247,0.69140625
7419,0,CF1,L5,0.7,lama,0,6,0.30808109045028687,0,False,0.25383542538354253,0.26778242677824265,0.75
4722,0,CF1,L5,0.7,lama,6,1,0.2000628411769867,0,False,0.2301255230125523,0.25662482566248257,0.71875
23448,0,CF1,L5,0.7,lama,6,5,0.3374256491661072,0,False,0.25662482566248257,0.2580195258019526,0.72265625
8222,0,CF1,L5,0.7,lama,2,2,0.535382866859436,1,False,0.2384937238493724,0.23709902370990238,0.6640625
20898,0,CF1,L5,0.7,lama,8,8,0.5626077651977539,1,False,0.28870292887029286,0.23709902370990238,0.6640625
23313,0,CF1,L5,0.7,lama,2,2,0.807208240032196,1,False,0.2719665271966527,0.2580195258019526,0.72265625
13426,0,CF1,L5,0.7,lama,2,5,0.393176794052124,0,False,0.24686192468619247,0.2691771269177127,0.75390625
25136,0,CF1,L5,0.7,lama,4,1,0.8043676614761353,0,False,0.28870292887029286,0.22733612273361228,0.63671875
9268,0,CF1,L5,0.7,lama,4,1,0.560501754283905,0,False,0.26638772663877264,0.23430962343096234,0.65625
3892,0,CF1,L5,0.7,lama,1,1,0.9996141195297241,1,False,0.2482566248256625,0.24407252440725244,0.68359375
4115,0,CF1,L5,0.7,lama,3,8,0.2235272377729416,0,False,0.2384937238493724,0.25523012552301255,0.71484375
5166,0,CF1,L5,0.7,lama,7,3,0.4256736636161804,0,False,0.28172942817294283,0.2594142259414226,0.7265625
14984,0,CF1,L5,0.7,lama,3,2,0.5064423680305481,0,False,0.2594142259414226,0.2510460251046025,0.703125
10520,0,CF1,L5,0.7,lama,1,1,0.4336015284061432,1,False,0.2496513249651325,0.2594142259414226,0.7265625
4379,0,CF1,L5,0.7,lama,2,2,0.28196972608566284,1,False,0.2691771269177127,0.2524407252440725,0.70703125
8937,0,CF1,L5,0.7,lama,1,3,0.3556959629058838,0,False,0.25662482566248257,0.2384937238493724,0.66796875
17550,0,CF1,L5,0.7,lama,9,9,0.7748331427574158,1,False,0.2705718270571827,0.24686192468619247,0.69140625
19085,0,CF1,L5,0.7,lama,9,9,0.44856080412864685,1,False,0.2608089260808926,0.25383542538354253,0.7109375
17902,0,CF1,L5,0.7,lama,6,6,0.26368987560272217,1,False,0.26359832635983266,0.2482566248256625,0.6953125
14780,0,CF1,L5,0.7,lama,8,3,0.4227256178855896,0,False,0.2580195258019526,0.2608089260808926,0.73046875
8401,0,CF1,L5,0.7,lama,0,6,0.4112296998500824,0,False,0.2649930264993027,0.2608089260808926,0.73046875
11230,0,CF1,L5,0.7,lama,2,2,0.32069090008735657,1,False,0.27475592747559274,0.2691771269177127,0.75390625
1772,0,CF1,L5,0.7,lama,3,3,0.6397882103919983,1,False,0.24267782426778242,0.24407252440725244,0.68359375
13326,0,CF1,L5,0.7,lama,4,4,0.889285147190094,1,False,0.24686192468619247,0.25523012552301255,0.71484375
15230,0,CF1,L5,0.7,lama,5,2,0.8602129220962524,0,False,0.2496513249651325,0.2412831241283124,0.67578125
20557,0,CF1,L5,0.7,lama,0,0,0.5554706454277039,1,False,0.24407252440725244,0.23570432357043236,0.66015625
9555,0,CF1,L5,0.7,lama,1,1,0.928442120552063,1,False,0.2649930264993027,0.24686192468619247,0.69140625
3667,0,CF1,L5,0.7,lama,6,6,0.6440251469612122,1,False,0.26220362622036264,0.2412831241283124,0.67578125
5316,0,CF1,L5,0.7,lama,5,8,0.3046056926250458,0,False,0.2580195258019526,0.2524407252440725,0.70703125
3606,0,CF1,L5,0.7,lama,5,5,0.321464478969574,1,False,0.26359832635983266,0.2524407252440725,0.70703125
25776,0,CF1,L5,0.7,lama,6,3,0.3700317442417145,0,False,0.2412831241283124,0.2594142259414226,0.7265625
22231,0,CF1,L5,0.7,lama,1,1,0.9991758465766907,1,False,0.28451882845188287,0.2510460251046025,0.703125
10855,0,CF1,L5,0.7,lama,7,7,0.7226582169532776,1,False,0.26638772663877264,0.2510460251046025,0.703125
130,0,CF1,L5,0.7,lama,6,5,0.30237990617752075,0,False,0.2510460251046025,0.2524407252440725,0.70703125
434,0,CF1,L5,0.7,lama,8,8,0.29025083780288696,1,False,0.2510460251046025,0.26638772663877264,0.74609375
5308,0,CF1,L5,0.7,lama,5,5,0.28838127851486206,1,False,0.2301255230125523,0.2580195258019526,0.72265625
17682,0,CF1,L5,0.7,lama,4,3,0.3986053168773651,0,False,0.2803347280334728,0.2580195258019526,0.72265625
16682,0,CF1,L5,0.7,lama,8,8,0.5137503743171692,1,False,0.25662482566248257,0.24546722454672246,0.6875
12660,0,CF1,L5,0.7,lama,5,3,0.2979751527309418,0,False,0.2482566248256625,0.2580195258019526,0.72265625
21362,0,CF1,L5,0.7,lama,5,5,0.7381923794746399,1,False,0.2398884239888424,0.25523012552301255,0.71484375
15483,0,CF1,L5,0.7,lama,4,2,0.4047800302505493,0,False,0.23570432357043236,0.2580195258019526,0.72265625
5289,0,CF1,L5,0.7,lama,5,1,0.5651853084564209,0,False,0.26359832635983266,0.2482566248256625,0.6953125
19757,0,CF1,L5,0.7,lama,1,1,0.7222768068313599,1,False,0.24267782426778242,0.24407252440725244,0.68359375
6799,0,CF1,L5,0.7,lama,2,2,0.954779326915741,1,False,0.2482566248256625,0.24546722454672246,0.6875
18871,0,CF1,L5,0.7,lama,2,2,0.8578065633773804,1,False,0.2496513249651325,0.24546722454672246,0.6875
4740,0,CF1,L5,0.7,lama,3,8,0.44083473086357117,0,False,0.24686192468619247,0.25523012552301255,0.71484375
14926,0,CF1,L5,0.7,lama,5,5,0.606497585773468,1,False,0.2524407252440725,0.2384937238493724,0.66796875
3549,0,CF1,L5,0.7,lama,4,4,0.9085723757743835,1,False,0.2482566248256625,0.2384937238493724,0.66796875
13336,0,CF1,L5,0.7,lama,9,2,0.8258906006813049,0,False,0.26220362622036264,0.23709902370990238,0.6640625
8302,0,CF1,L5,0.7,lama,3,2,0.75881028175354,0,False,0.2594142259414226,0.2594142259414226,0.7265625
19884,0,CF1,L5,0.7,lama,8,8,0.7671923041343689,1,False,0.24686192468619247,0.2524407252440725,0.70703125
6927,0,CF1,L5,0.7,lama,1,2,0.21677246689796448,0,False,0.2719665271966527,0.25662482566248257,0.71875
15277,0,CF1,L5,0.7,lama,6,6,0.3804204761981964,1,False,0.2594142259414226,0.24546722454672246,0.6875
20278,0,CF1,L5,0.7,lama,3,3,0.24541102349758148,1,False,0.2482566248256625,0.2482566248256625,0.6953125
654,0,CF1,L5,0.7,lama,8,8,0.3299165368080139,1,False,0.24686192468619247,0.2482566248256625,0.6953125
19020,0,CF1,L5,0.7,lama,0,1,0.5112209320068359,0,False,0.2510460251046025,0.2510460251046025,0.703125
25403,0,CF1,L5,0.7,lama,3,8,0.38082155585289,0,False,0.23291492329149233,0.25383542538354253,0.7109375
1745,0,CF1,L5,0.7,lama,8,3,0.5282687544822693,0,False,0.2203626220362622,0.25662482566248257,0.71875
10726,0,CF1,L5,0.7,lama,4,4,0.808961808681488,1,False,0.25523012552301255,0.25662482566248257,0.71875
23431,0,CF1,L5,0.7,lama,4,4,0.776376485824585,1,False,0.24267782426778242,0.25523012552301255,0.71484375
231,0,CF1,L5,0.7,lama,5,5,0.8502371311187744,1,False,0.23291492329149233,0.2398884239888424,0.671875
20678,0,CF1,L5,0.7,lama,7,7,0.6250824928283691,1,False,0.2580195258019526,0.26220362622036264,0.734375
15851,0,CF1,L5,0.7,lama,1,1,0.8763865232467651,1,False,0.2580195258019526,0.2412831241283124,0.67578125
24015,0,CF1,L5,0.7,lama,0,8,0.2847375273704529,0,False,0.24546722454672246,0.2412831241283124,0.67578125
1082,0,CF1,L5,0.7,lama,6,8,0.3245674669742584,0,False,0.26638772663877264,0.25523012552301255,0.71484375
5573,0,CF1,L5,0.7,lama,8,8,0.29924464225769043,1,False,0.2524407252440725,0.25662482566248257,0.71875
11289,0,CF1,L5,0.7,lama,1,1,0.9962181448936462,1,False,0.28730822873082285,0.2384937238493724,0.66796875
1751,0,CF1,L5,0.7,lama,0,3,0.26825475692749023,0,False,0.2412831241283124,0.2398884239888424,0.671875
4594,0,CF1,L5,0.7,lama,6,8,0.6647019982337952,0,False,0.26359832635983266,0.2608089260808926,0.73046875
21127,0,CF1,L5,0.7,lama,8,8,0.4225795865058899,1,False,0.23570432357043236,0.24546722454672246,0.6875
12370,0,CF1,L5,0.7,lama,4,6,0.3206714987754822,0,False,0.25383542538354253,0.2482566248256625,0.6953125
4125,0,CF1,L5,0.7,lama,6,6,0.5269073247909546,1,False,0.2384937238493724,0.2482566248256625,0.6953125
11008,0,CF1,L5,0.7,lama,1,1,0.9518890380859375,1,False,0.2580195258019526,0.23291492329149233,0.65234375
23395,0,CF1,L5,0.7,lama,7,7,0.4229110777378082,1,False,0.2510460251046025,0.2510460251046025,0.703125
3080,0,CF1,L5,0.7,lama,3,3,0.6220115423202515,1,False,0.26778242677824265,0.26778242677824265,0.75
22400,0,CF1,L5,0.7,lama,0,0,0.9851897358894348,1,False,0.2496513249651325,0.25662482566248257,0.71875
22514,0,CF1,L5,0.7,lama,1,1,0.986127495765686,1,False,0.2510460251046025,0.24546722454672246,0.6875
15137,0,CF1,L5,0.7,lama,0,0,0.7359551191329956,1,False,0.28870292887029286,0.24407252440725244,0.68359375
6681,0,CF1,L5,0.7,lama,0,0,0.7377723455429077,1,False,0.24407252440725244,0.2649930264993027,0.7421875
5219,0,CF1,L5,0.7,lama,5,2,0.2801564633846283,0,False,0.27615062761506276,0.2398884239888424,0.671875
2355,0,CF1,L5,0.7,lama,2,5,0.4207080900669098,0,False,0.27615062761506276,0.25383542538354253,0.7109375
4674,0,CF1,L5,0.7,lama,5,5,0.34709852933883667,1,False,0.26359832635983266,0.2524407252440725,0.70703125
14575,0,CF1,L5,0.7,lama,1,1,0.9470487236976624,1,False,0.2859135285913529,0.25662482566248257,0.71875
6563,0,CF1,L5,0.7,lama,5,5,0.7471557855606079,1,False,0.23291492329149233,0.2510460251046025,0.703125
17492,0,CF1,L5,0.7,lama,9,8,0.7357915043830872,0,False,0.23430962343096234,0.26359832635983266,0.73828125
15770,0,CF1,L5,0.7,lama,7,3,0.30042126774787903,0,False,0.26220362622036264,0.2301255230125523,0.64453125
20830,0,CF1,L5,0.7,lama,1,1,0.9715580344200134,1,False,0.2398884239888424,0.2398884239888424,0.671875
1777,0,CF1,L5,0.7,lama,2,2,0.9968854784965515,1,False,0.298465829846583,0.25523012552301255,0.71484375
21617,0,CF1,L5,0.7,lama,7,7,0.5530422329902649,1,False,0.2412831241283124,0.24686192468619247,0.69140625
21293,0,CF1,L5,0.7,lama,4,4,0.25527146458625793,1,False,0.3110181311018131,0.24407252440725244,0.68359375
14504,0,CF1,L5,0.7,lama,0,3,0.49650752544403076,0,False,0.2482566248256625,0.2608089260808926,0.73046875
21236,0,CF1,L5,0.7,lama,7,7,0.8393532633781433,1,False,0.23709902370990238,0.2398884239888424,0.671875
18558,0,CF1,L5,0.7,lama,4,1,0.9068857431411743,0,False,0.26220362622036264,0.25383542538354253,0.7109375
22916,0,CF1,L5,0.7,lama,8,6,0.4043819308280945,0,False,0.23430962343096234,0.2691771269177127,0.75390625
18760,0,CF1,L5,0.7,lama,6,2,0.30458584427833557,0,False,0.24546722454672246,0.2510460251046025,0.703125
17389,0,CF1,L5,0.7,lama,8,9,0.4651477634906769,0,False,0.24267782426778242,0.2580195258019526,0.72265625
13155,0,CF1,L5,0.7,lama,8,5,0.39868709444999695,0,False,0.2524407252440725,0.24267782426778242,0.6796875
13999,0,CF1,L5,0.7,lama,5,5,0.7407985925674438,1,False,0.2384937238493724,0.22733612273361228,0.63671875
10265,0,CF1,L5,0.7,lama,8,8,0.5080000162124634,1,False,0.2719665271966527,0.2524407252440725,0.70703125
17239,0,CF1,L5,0.7,lama,2,2,0.9864750504493713,1,False,0.2580195258019526,0.2510460251046025,0.703125
6288,0,CF1,L5,0.7,lama,3,5,0.4323473870754242,0,False,0.23291492329149233,0.2510460251046025,0.703125
11514,0,CF1,L5,0.7,lama,6,6,0.45032039284706116,1,False,0.24686192468619247,0.2412831241283124,0.67578125
23652,0,CF1,L5,0.7,lama,1,1,0.9707952737808228,1,False,0.23570432357043236,0.24407252440725244,0.68359375
11939,0,CF1,L5,0.7,lama,6,6,0.7952908873558044,1,False,0.2594142259414226,0.24686192468619247,0.69140625
2174,0,CF1,L5,0.7,lama,7,3,0.2939322292804718,0,False,0.26778242677824265,0.2510460251046025,0.703125
15441,0,CF1,L5,0.7,lama,4,3,0.19505345821380615,0,False,0.2608089260808926,0.2608089260808926,0.73046875
12260,0,CF1,L5,0.7,lama,1,1,0.6123669147491455,1,False,0.26220362622036264,0.24686192468619247,0.69140625
25046,0,CF1,L5,0.7,lama,6,2,0.25413087010383606,0,False,0.24267782426778242,0.26359832635983266,0.73828125
13958,0,CF1,L5,0.7,lama,9,9,0.38095566630363464,1,False,0.26220362622036264,0.2412831241283124,0.67578125
20974,0,CF1,L5,0.7,lama,8,8,0.3004327714443207,1,False,0.2524407252440725,0.26359832635983266,0.73828125
10626,0,CF1,L5,0.7,lama,6,6,0.33405983448028564,1,False,0.2510460251046025,0.2496513249651325,0.69921875
22545,0,CF1,L5,0.7,lama,5,8,0.4927460253238678,0,False,0.24407252440725244,0.25383542538354253,0.7109375
20288,0,CF1,L5,0.7,lama,5,4,0.2778210937976837,0,False,0.2705718270571827,0.2412831241283124,0.67578125
13790,0,CF1,L5,0.7,lama,7,7,0.6422044038772583,1,False,0.2482566248256625,0.25523012552301255,0.71484375
2817,0,CF1,L5,0.7,lama,4,5,0.4647175371646881,0,False,0.20781032078103207,0.25383542538354253,0.7109375
8344,0,CF1,L5,0.7,lama,4,5,0.2830285429954529,0,False,0.22873082287308227,0.2580195258019526,0.72265625
11708,0,CF1,L5,0.7,lama,1,8,0.43697357177734375,0,False,0.27615062761506276,0.24267782426778242,0.6796875
2379,0,CF1,L5,0.7,lama,1,3,0.48481154441833496,0,False,0.24686192468619247,0.24686192468619247,0.69140625
23602,0,CF1,L5,0.7,lama,2,2,0.7846158146858215,1,False,0.2496513249651325,0.24546722454672246,0.6875
24357,0,CF1,L5,0.7,lama,8,4,0.45784762501716614,0,False,0.2384937238493724,0.24267782426778242,0.6796875
16783,0,CF1,L5,0.7,lama,4,4,0.7037950158119202,1,False,0.22315202231520223,0.2412831241283124,0.67578125
11723,0,CF1,L5,0.7,lama,9,9,0.9316645860671997,1,False,0.2496513249651325,0.25523012552301255,0.71484375
5140,0,CF1,L5,0.7,lama,5,5,0.35456061363220215,1,False,0.2580195258019526,0.2580195258019526,0.72265625
14563,0,CF1,L5,0.7,lama,1,1,0.8490281105041504,1,False,0.2594142259414226,0.24267782426778242,0.6796875
11905,0,CF1,L5,0.7,lama,7,1,0.9049184918403625,0,False,0.25662482566248257,0.2510460251046025,0.703125
4657,0,CF1,L5,0.7,lama,5,5,0.8423126935958862,1,False,0.23570432357043236,0.24267782426778242,0.6796875
9888,0,CF1,L5,0.7,lama,7,3,0.33504951000213623,0,False,0.2775453277545328,0.24546722454672246,0.6875
22827,0,CF1,L5,0.7,lama,6,5,0.38893166184425354,0,False,0.23291492329149233,0.24267782426778242,0.6796875
23911,0,CF1,L5,0.7,lama,7,7,0.7929636836051941,1,False,0.2733612273361227,0.24407252440725244,0.68359375
968,0,CF1,L5,0.7,lama,3,3,0.5531705021858215,1,False,0.24267782426778242,0.24546722454672246,0.6875
18416,0,CF1,L5,0.7,lama,2,5,0.28566426038742065,0,False,0.2496513249651325,0.2524407252440725,0.70703125
15166,0,CF1,L5,0.7,lama,7,7,0.35413995385169983,1,False,0.26778242677824265,0.2496513249651325,0.69921875
15537,0,CF1,L5,0.7,lama,6,5,0.5501988530158997,0,False,0.2719665271966527,0.26220362622036264,0.734375
112,0,CF1,L5,0.7,lama,6,6,0.3965667486190796,1,False,0.23570432357043236,0.2510460251046025,0.703125
9754,0,CF1,L5,0.7,lama,8,8,0.6268023252487183,1,False,0.2580195258019526,0.26778242677824265,0.75
3827,0,CF1,L5,0.7,lama,1,5,0.39924827218055725,0,False,0.2412831241283124,0.2315202231520223,0.6484375
16427,0,CF1,L5,0.7,lama,8,5,0.35669228434562683,0,False,0.23570432357043236,0.2580195258019526,0.72265625
4853,0,CF1,L5,0.7,lama,8,6,0.33777961134910583,0,False,0.2482566248256625,0.24267782426778242,0.6796875
5025,0,CF1,L5,0.7,lama,8,1,0.9174934029579163,0,False,0.23430962343096234,0.2482566248256625,0.6953125
5497,0,CF1,L5,0.7,lama,5,5,0.37041664123535156,1,False,0.2496513249651325,0.2398884239888424,0.671875
415,0,CF1,L5,0.7,lama,5,5,0.25123342871665955,1,False,0.2705718270571827,0.2580195258019526,0.72265625
6055,0,CF1,L5,0.7,lama,2,2,0.7027488350868225,1,False,0.25523012552301255,0.24686192468619247,0.69140625
4242,0,CF1,L5,0.7,lama,6,5,0.35449984669685364,0,False,0.26359832635983266,0.2594142259414226,0.7265625
16007,0,CF1,L5,0.7,lama,3,3,0.5109018683433533,1,False,0.24686192468619247,0.25523012552301255,0.71484375
16184,0,CF1,L5,0.7,lama,6,6,0.4204780161380768,1,False,0.2482566248256625,0.24407252440725244,0.68359375
15180,0,CF1,L5,0.7,lama,2,8,0.29217877984046936,0,False,0.2705718270571827,0.2608089260808926,0.73046875
16402,0,CF1,L5,0.7,lama,3,3,0.6163113117218018,1,False,0.24546722454672246,0.2384937238493724,0.66796875
12883,0,CF1,L5,0.7,lama,7,7,0.6776487231254578,1,False,0.24546722454672246,0.2384937238493724,0.66796875
12596,0,CF1,L5,0.7,lama,2,2,0.9886455535888672,1,False,0.25523012552301255,0.2580195258019526,0.72265625
13383,0,CF1,L5,0.7,lama,0,2,0.40600621700286865,0,False,0.2691771269177127,0.2524407252440725,0.70703125
17140,0,CF1,L5,0.7,lama,0,0,0.6304564476013184,1,False,0.2315202231520223,0.25383542538354253,0.7109375
11249,0,CF1,L5,0.7,lama,7,7,0.981652557849884,1,False,0.24407252440725244,0.2412831241283124,0.67578125
2927,0,CF1,L5,0.7,lama,3,3,0.9971601963043213,1,False,0.23709902370990238,0.25523012552301255,0.71484375
13380,0,CF1,L5,0.7,lama,3,3,0.4364641010761261,1,False,0.2412831241283124,0.2510460251046025,0.703125
24593,0,CF1,L5,0.7,lama,5,5,0.5229413509368896,1,False,0.2524407252440725,0.25662482566248257,0.71875
14507,0,CF1,L5,0.7,lama,8,3,0.22679553925991058,0,False,0.2733612273361227,0.2398884239888424,0.671875
9355,0,CF1,L5,0.7,lama,8,2,0.32369479537010193,0,False,0.2928870292887029,0.24407252440725244,0.68359375
3943,0,CF1,L5,0.7,lama,3,3,0.5091597437858582,1,False,0.26638772663877264,0.2608089260808926,0.73046875
4913,0,CF1,L5,0.7,lama,4,4,0.6915873885154724,1,False,0.2301255230125523,0.2594142259414226,0.7265625
23440,0,CF1,L5,0.7,lama,4,3,0.20348802208900452,0,False,0.26220362622036264,0.25523012552301255,0.71484375
19289,0,CF1,L5,0.7,lama,7,3,0.5895602703094482,0,False,0.2384937238493724,0.25523012552301255,0.71484375
17841,0,CF1,L5,0.7,lama,6,3,0.2828165590763092,0,False,0.2203626220362622,0.2482566248256625,0.6953125
18139,0,CF1,L5,0.7,lama,0,0,0.455264687538147,1,False,0.25523012552301255,0.2580195258019526,0.72265625
18549,0,CF1,L5,0.7,lama,7,7,0.9769028425216675,1,False,0.2733612273361227,0.2482566248256625,0.6953125
7215,0,CF1,L5,0.7,lama,7,7,0.9997307658195496,1,False,0.24267782426778242,0.24546722454672246,0.6875
10574,0,CF1,L5,0.7,lama,7,1,0.7228880524635315,0,False,0.2524407252440725,0.2412831241283124,0.67578125
10329,0,CF1,L5,0.7,lama,7,7,0.43253615498542786,1,False,0.25523012552301255,0.25523012552301255,0.71484375
21502,0,CF1,L5,0.7,lama,4,1,0.3012719750404358,0,False,0.23430962343096234,0.24407252440725244,0.68359375
1209,0,CF1,L5,0.7,lama,8,5,0.2729725241661072,0,False,0.2482566248256625,0.23570432357043236,0.66015625
22202,0,CF1,L5,0.7,lama,6,5,0.6928312182426453,0,False,0.26220362622036264,0.2649930264993027,0.7421875
12914,0,CF1,L5,0.7,lama,2,2,0.44732990860939026,1,False,0.2594142259414226,0.24686192468619247,0.69140625
23477,0,CF1,L5,0.7,lama,6,6,0.6650963425636292,1,False,0.2412831241283124,0.2608089260808926,0.73046875
13286,0,CF1,L5,0.7,lama,5,2,0.5504529476165771,0,False,0.2594142259414226,0.2705718270571827,0.7578125
24957,0,CF1,L5,0.7,lama,2,2,0.9073086380958557,1,False,0.24546722454672246,0.2496513249651325,0.69921875
23215,0,CF1,L5,0.7,lama,9,9,0.39318597316741943,1,False,0.24267782426778242,0.2482566248256625,0.6953125
8171,0,CF1,L5,0.7,lama,3,2,0.3485087752342224,0,False,0.24546722454672246,0.2496513249651325,0.69921875
13427,0,CF1,L5,0.7,lama,4,4,0.4734513461589813,1,False,0.2608089260808926,0.25662482566248257,0.71875
1985,0,CF1,L5,0.7,lama,9,9,0.43132275342941284,1,False,0.2482566248256625,0.2482566248256625,0.6953125
19607,0,CF1,L5,0.7,lama,1,5,0.2353890836238861,0,False,0.24267782426778242,0.23570432357043236,0.66015625
15138,0,CF1,L5,0.7,lama,4,5,0.3540096879005432,0,False,0.2510460251046025,0.2524407252440725,0.70703125
18496,0,CF1,L5,0.7,lama,3,3,0.7570430636405945,1,False,0.2691771269177127,0.25523012552301255,0.71484375
11341,0,CF1,L5,0.7,lama,5,2,0.2753294110298157,0,False,0.26778242677824265,0.25662482566248257,0.71875
3210,0,CF1,L5,0.7,lama,6,5,0.6665810942649841,0,False,0.2649930264993027,0.2384937238493724,0.66796875
9044,0,CF1,L5,0.7,lama,3,3,0.9914692044258118,1,False,0.2580195258019526,0.25523012552301255,0.71484375
1784,0,CF1,L5,0.7,lama,1,5,0.2836523950099945,0,False,0.23430962343096234,0.2608089260808926,0.73046875
20687,0,CF1,L5,0.7,lama,7,7,0.9864930510520935,1,False,0.26220362622036264,0.2580195258019526,0.72265625
21479,0,CF1,L5,0.7,lama,1,1,0.42293888330459595,1,False,0.24546722454672246,0.2398884239888424,0.671875
4465,0,CF1,L5,0.7,lama,7,2,0.5060243606567383,0,False,0.24407252440725244,0.25523012552301255,0.71484375
8098,0,CF1,L5,0.7,lama,3,3,0.997623860836029,1,False,0.2594142259414226,0.23709902370990238,0.6640625
1105,0,CF1,L5,0.7,lama,1,1,0.9367770552635193,1,False,0.2510460251046025,0.25383542538354253,0.7109375
24036,0,CF1,L5,0.7,lama,0,0,0.36886024475097656,1,False,0.22733612273361228,0.2580195258019526,0.72265625
24825,0,CF1,L5,0.7,lama,1,1,0.9863735437393188,1,False,0.2705718270571827,0.2482566248256625,0.6953125
20081,0,CF1,L5,0.7,lama,4,3,0.3864399194717407,0,False,0.2608089260808926,0.23430962343096234,0.65625
11780,0,CF1,L5,0.7,lama,5,5,0.3782723844051361,1,False,0.25662482566248257,0.2496513249651325,0.69921875
18228,0,CF1,L5,0.7,lama,2,2,0.3289351463317871,1,False,0.26220362622036264,0.2510460251046025,0.703125
4363,0,CF1,L5,0.7,lama,4,4,0.9556866884231567,1,False,0.2691771269177127,0.2608089260808926,0.73046875
10210,0,CF1,L5,0.7,lama,7,2,0.35431286692619324,0,False,0.24546722454672246,0.2482566248256625,0.6953125
7005,0,CF1,L5,0.7,lama,2,2,0.3955462872982025,1,False,0.25662482566248257,0.2594142259414226,0.7265625
7071,0,CF1,L5,0.7,lama,3,3,0.8096541166305542,1,False,0.2524407252440725,0.24546722454672246,0.6875
25299,0,CF1,L5,0.7,lama,4,4,0.6173583269119263,1,False,0.25662482566248257,0.23291492329149233,0.65234375
3393,0,CF1,L5,0.7,lama,0,9,0.7903686761856079,0,False,0.25662482566248257,0.24686192468619247,0.69140625
10532,0,CF1,L5,0.7,lama,8,8,0.336483359336853,1,False,0.2398884239888424,0.2496513249651325,0.69921875
14271,0,CF1,L5,0.7,lama,3,3,0.6083115339279175,1,False,0.24267782426778242,0.23570432357043236,0.66015625
12814,0,CF1,L5,0.7,lama,4,4,0.301387757062912,1,False,0.2217573221757322,0.23430962343096234,0.65625
1763,0,CF1,L5,0.7,lama,1,1,0.2794296443462372,1,False,0.24267782426778242,0.2524407252440725,0.70703125
2795,0,CF1,L5,0.7,lama,4,1,0.6013685464859009,0,False,0.2719665271966527,0.2524407252440725,0.70703125
5329,0,CF1,L5,0.7,lama,2,8,0.3998892605304718,0,False,0.2859135285913529,0.24686192468619247,0.69140625
11024,0,CF1,L5,0.7,lama,8,4,0.3443809747695923,0,False,0.25523012552301255,0.24267782426778242,0.6796875
23383,0,CF1,L5,0.7,lama,6,6,0.49856942892074585,1,False,0.2482566248256625,0.24407252440725244,0.68359375
582,0,CF1,L5,0.7,lama,2,2,0.5025873184204102,1,False,0.26359832635983266,0.24407252440725244,0.68359375
20037,0,CF1,L5,0.7,lama,5,2,0.21908506751060486,0,False,0.22733612273361228,0.2496513249651325,0.69921875
4876,0,CF1,L5,0.7,lama,3,2,0.2347271889448166,0,False,0.23430962343096234,0.24267782426778242,0.6796875
16157,0,CF1,L5,0.7,lama,1,3,0.38410380482673645,0,False,0.2412831241283124,0.2594142259414226,0.7265625
24155,0,CF1,L5,0.7,lama,7,7,0.9442363381385803,1,False,0.24267782426778242,0.2524407252440725,0.70703125
21035,0,CF1,L5,0.7,lama,1,5,0.3222886323928833,0,False,0.2384937238493724,0.2510460251046025,0.703125
2530,0,CF1,L5,0.7,lama,2,2,0.5304272174835205,1,False,0.27615062761506276,0.24686192468619247,0.69140625
20951,0,CF1,L5,0.7,lama,4,8,0.5013601183891296,0,False,0.2580195258019526,0.24686192468619247,0.69140625
9752,0,CF1,L5,0.7,lama,9,3,0.29896220564842224,0,False,0.26359832635983266,0.24407252440725244,0.68359375
20362,0,CF1,L5,0.7,lama,9,8,0.6155511140823364,0,False,0.2510460251046025,0.2580195258019526,0.72265625
5669,0,CF1,L5,0.7,lama,2,2,0.32367706298828125,1,False,0.26220362622036264,0.24407252440725244,0.68359375
9395,0,CF1,L5,0.7,lama,6,5,0.2878863215446472,0,False,0.2398884239888424,0.25383542538354253,0.7109375
22115,0,CF1,L5,0.7,lama,2,8,0.2796449661254883,0,False,0.25383542538354253,0.24267782426778242,0.6796875
3784,0,CF1,L5,0.7,lama,5,8,0.4520212709903717,0,False,0.2412831241283124,0.2524407252440725,0.70703125
15518,0,CF1,L5,0.7,lama,1,5,0.3512202203273773,0,False,0.28172942817294283,0.26778242677824265,0.75
22913,0,CF1,L5,0.7,lama,1,2,0.3692449927330017,0,False,0.25523012552301255,0.2691771269177127,0.75390625
22485,0,CF1,L5,0.7,lama,8,8,0.7738039493560791,1,False,0.19525801952580196,0.2524407252440725,0.70703125
14166,0,CF1,L5,0.7,lama,9,5,0.3365366458892822,0,False,0.2384937238493724,0.27475592747559274,0.76953125
4606,0,CF1,L5,0.7,lama,8,3,0.34792786836624146,0,False,0.26220362622036264,0.24546722454672246,0.6875
12043,0,CF1,L5,0.7,lama,8,0,0.4069971740245819,0,False,0.26359832635983266,0.24267782426778242,0.6796875
20255,0,CF1,L5,0.7,lama,9,9,0.34453073143959045,1,False,0.26220362622036264,0.2384937238493724,0.66796875
21390,0,CF1,L5,0.7,lama,8,5,0.21901552379131317,0,False,0.27475592747559274,0.22873082287308227,0.640625
13388,0,CF1,L5,0.7,lama,6,6,0.5072961449623108,1,False,0.23570432357043236,0.23570432357043236,0.66015625
9382,0,CF1,L5,0.7,lama,0,0,0.973922848701477,1,False,0.2398884239888424,0.2482566248256625,0.6953125
11878,0,CF1,L5,0.7,lama,4,4,0.9461838006973267,1,False,0.23430962343096234,0.2649930264993027,0.7421875
10774,0,CF1,L5,0.7,lama,1,1,0.9975836277008057,1,False,0.2482566248256625,0.24267782426778242,0.6796875
2211,0,CF1,L5,0.7,lama,4,4,0.7536832690238953,1,False,0.24686192468619247,0.2496513249651325,0.69921875
22804,0,CF1,L5,0.7,lama,1,1,0.5983050465583801,1,False,0.26638772663877264,0.2524407252440725,0.70703125
17903,0,CF1,L5,0.7,lama,3,0,0.8035349249839783,0,False,0.25523012552301255,0.2482566248256625,0.6953125
16889,0,CF1,L5,0.7,lama,1,1,0.30566641688346863,1,False,0.25523012552301255,0.2482566248256625,0.6953125
3013,0,CF1,L5,0.7,lama,8,5,0.27106809616088867,0,False,0.24407252440725244,0.25523012552301255,0.71484375
19919,0,CF1,L5,0.7,lama,8,8,0.481884628534317,1,False,0.26359832635983266,0.23570432357043236,0.66015625
7911,0,CF1,L5,0.7,lama,0,5,0.3108155429363251,0,False,0.27475592747559274,0.2510460251046025,0.703125
6473,0,CF1,L5,0.7,lama,5,5,0.5875085592269897,1,False,0.25523012552301255,0.2524407252440725,0.70703125
14963,0,CF1,L5,0.7,lama,2,3,0.37306147813796997,0,False,0.21617852161785217,0.24407252440725244,0.68359375
3189,0,CF1,L5,0.7,lama,3,3,0.2668154835700989,1,False,0.24407252440725244,0.2384937238493724,0.66796875
21433,0,CF1,L5,0.7,lama,6,6,0.4272712171077728,1,False,0.23430962343096234,0.23570432357043236,0.66015625
21534,0,CF1,L5,0.7,lama,9,9,0.724926769733429,1,False,0.2384937238493724,0.2496513249651325,0.69921875
4378,0,CF1,L5,0.7,lama,4,5,0.5077268481254578,0,False,0.26638772663877264,0.25662482566248257,0.71875
4179,0,CF1,L5,0.7,lama,3,3,0.9638601541519165,1,False,0.2580195258019526,0.2510460251046025,0.703125
20275,0,CF1,L5,0.7,lama,7,7,0.6478310823440552,1,False,0.2412831241283124,0.2580195258019526,0.72265625
724,0,CF1,L5,0.7,lama,4,4,0.9202709197998047,1,False,0.24407252440725244,0.2608089260808926,0.73046875
15532,0,CF1,L5,0.7,lama,5,5,0.9584580659866333,1,False,0.2496513249651325,0.24407252440725244,0.68359375
7808,0,CF1,L5,0.7,lama,4,6,0.28903308510780334,0,False,0.24686192468619247,0.2580195258019526,0.72265625
3185,0,CF1,L5,0.7,lama,7,7,0.5394412279129028,1,False,0.2691771269177127,0.2594142259414226,0.7265625
8217,0,CF1,L5,0.7,lama,5,6,0.3625001907348633,0,False,0.2705718270571827,0.2594142259414226,0.7265625
15284,0,CF1,L5,0.7,lama,2,2,0.9028253555297852,1,False,0.22733612273361228,0.2496513249651325,0.69921875
2195,0,CF1,L5,0.7,lama,1,6,0.37583720684051514,0,False,0.24267782426778242,0.24407252440725244,0.68359375
21296,0,CF1,L5,0.7,lama,0,8,0.39655330777168274,0,False,0.26778242677824265,0.2594142259414226,0.7265625
14286,0,CF1,L5,0.7,lama,3,3,0.7149673700332642,1,False,0.26220362622036264,0.2510460251046025,0.703125
4261,0,CF1,L5,0.7,lama,0,0,0.9854555726051331,1,False,0.23709902370990238,0.23709902370990238,0.6640625
24480,0,CF1,L5,0.7,lama,2,2,0.5541828870773315,1,False,0.23570432357043236,0.2608089260808926,0.73046875
23581,0,CF1,L5,0.7,lama,7,2,0.5658082962036133,0,False,0.26778242677824265,0.2496513249651325,0.69921875
24364,0,CF1,L5,0.7,lama,7,7,0.9950063228607178,1,False,0.24546722454672246,0.2649930264993027,0.7421875
4259,0,CF1,L5,0.7,lama,4,1,0.2599978744983673,0,False,0.28730822873082285,0.24686192468619247,0.69140625
4323,0,CF1,L5,0.7,lama,8,8,0.351162850856781,1,False,0.2398884239888424,0.23709902370990238,0.6640625
26017,0,CF1,L5,0.7,lama,2,2,0.985926628112793,1,False,0.2398884239888424,0.25523012552301255,0.71484375
4055,0,CF1,L5,0.7,lama,9,5,0.33571693301200867,0,False,0.2412831241283124,0.2580195258019526,0.72265625
23968,0,CF1,L5,0.7,lama,6,6,0.44171813130378723,1,False,0.27615062761506276,0.25383542538354253,0.7109375
4914,0,CF1,L5,0.7,lama,2,2,0.9980747699737549,1,False,0.24546722454672246,0.2482566248256625,0.6953125
17310,0,CF1,L5,0.7,lama,7,7,0.5021569132804871,1,False,0.2705718270571827,0.23291492329149233,0.65234375
14981,0,CF1,L5,0.7,lama,2,5,0.23461319506168365,0,False,0.26778242677824265,0.25523012552301255,0.71484375
7511,0,CF1,L5,0.7,lama,6,8,0.36901986598968506,0,False,0.2524407252440725,0.26638772663877264,0.74609375
4136,0,CF1,L5,0.7,lama,9,4,0.4053477942943573,0,False,0.2315202231520223,0.2398884239888424,0.671875
8043,0,CF1,L5,0.7,lama,2,2,0.6978928446769714,1,False,0.24686192468619247,0.2510460251046025,0.703125
14360,0,CF1,L5,0.7,lama,4,8,0.1779092699289322,0,False,0.2412831241283124,0.25523012552301255,0.71484375
6364,0,CF1,L5,0.7,lama,0,0,0.9955678582191467,1,False,0.2705718270571827,0.23709902370990238,0.6640625
8827,0,CF1,L5,0.7,lama,4,3,0.4535856246948242,0,False,0.26638772663877264,0.25383542538354253,0.7109375
24886,0,CF1,L5,0.7,lama,9,2,0.9917364716529846,0,False,0.26220362622036264,0.24407252440725244,0.68359375
21392,0,CF1,L5,0.7,lama,2,2,0.6247967481613159,1,False,0.26220362622036264,0.25383542538354253,0.7109375
18654,0,CF1,L5,0.7,lama,6,6,0.4611242413520813,1,False,0.2594142259414226,0.2482566248256625,0.6953125
21766,0,CF1,L5,0.7,lama,1,1,0.28476977348327637,1,False,0.23709902370990238,0.26220362622036264,0.734375
25433,0,CF1,L5,0.7,lama,8,2,0.25789114832878113,0,False,0.2691771269177127,0.2482566248256625,0.6953125
10927,0,CF1,L5,0.7,lama,8,8,0.44903847575187683,1,False,0.24267782426778242,0.25523012552301255,0.71484375
14092,0,CF1,L5,0.7,lama,6,6,0.44891729950904846,1,False,0.2315202231520223,0.2482566248256625,0.6953125
20936,0,CF1,L5,0.7,lama,9,5,0.3386547565460205,0,False,0.25523012552301255,0.24686192468619247,0.69140625
23711,0,CF1,L5,0.7,lama,4,1,0.5370270609855652,0,False,0.23709902370990238,0.24267782426778242,0.6796875
19260,0,CF1,L5,0.7,lama,7,7,0.7421792149543762,1,False,0.2719665271966527,0.2594142259414226,0.7265625
17360,0,CF1,L5,0.7,lama,3,2,0.32194286584854126,0,False,0.23709902370990238,0.26220362622036264,0.734375
965,0,CF1,L5,0.7,lama,0,3,0.24731294810771942,0,False,0.2398884239888424,0.2510460251046025,0.703125
463,0,CF1,L5,0.7,lama,6,9,0.3691771626472473,0,False,0.25662482566248257,0.25523012552301255,0.71484375
8945,0,CF1,L5,0.7,lama,6,4,0.5861158967018127,0,False,0.2384937238493724,0.2482566248256625,0.6953125
14090,0,CF1,L5,0.7,lama,2,2,0.9097499847412109,1,False,0.25383542538354253,0.2524407252440725,0.70703125
8479,0,CF1,L5,0.7,lama,9,9,0.9461202621459961,1,False,0.24407252440725244,0.2496513249651325,0.69921875
24477,0,CF1,L5,0.7,lama,2,2,0.43225881457328796,1,False,0.24407252440725244,0.24546722454672246,0.6875
8195,0,CF1,L5,0.7,lama,0,0,0.7447258234024048,1,False,0.26638772663877264,0.2384937238493724,0.66796875
1773,0,CF1,L5,0.7,lama,0,0,0.37011468410491943,1,False,0.2482566248256625,0.24686192468619247,0.69140625
11776,0,CF1,L5,0.7,lama,2,2,0.39112797379493713,1,False,0.23570432357043236,0.25662482566248257,0.71875
3313,0,CF1,L5,0.7,lama,6,6,0.953833281993866,1,False,0.2775453277545328,0.24407252440725244,0.68359375
5424,0,CF1,L5,0.7,lama,9,9,0.8519725799560547,1,False,0.2510460251046025,0.26638772663877264,0.74609375
19606,0,CF1,L5,0.7,lama,2,5,0.16484738886356354,0,False,0.26220362622036264,0.24267782426778242,0.6796875
10110,0,CF1,L5,0.7,lama,9,9,0.7846738696098328,1,False,0.2315202231520223,0.2482566248256625,0.6953125
22872,0,CF1,L5,0.7,lama,6,1,0.19275043904781342,0,False,0.22454672245467225,0.25383542538354253,0.7109375
7573,0,CF1,L5,0.7,lama,1,1,0.35136541724205017,1,False,0.22315202231520223,0.2608089260808926,0.73046875
7105,0,CF1,L5,0.7,lama,3,3,0.9759166836738586,1,False,0.25383542538354253,0.24686192468619247,0.69140625
18854,0,CF1,L5,0.7,lama,1,1,0.8354010581970215,1,False,0.23709902370990238,0.24686192468619247,0.69140625
14576,0,CF1,L5,0.7,lama,9,9,0.9997287392616272,1,False,0.2580195258019526,0.23709902370990238,0.6640625
9376,0,CF1,L5,0.7,lama,0,6,0.4567110240459442,0,False,0.23570432357043236,0.24686192468619247,0.69140625
20128,0,CF1,L5,0.7,lama,8,8,0.8511578440666199,1,False,0.2482566248256625,0.24686192468619247,0.69140625
24854,0,CF1,L5,0.7,lama,9,9,0.9841169714927673,1,False,0.23570432357043236,0.2398884239888424,0.671875
4937,0,CF1,L5,0.7,lama,2,2,0.3668364882469177,1,False,0.27475592747559274,0.24407252440725244,0.68359375
338,0,CF1,L5,0.7,lama,3,3,0.37568601965904236,1,False,0.2524407252440725,0.2608089260808926,0.73046875
9981,0,CF1,L5,0.7,lama,3,3,0.5005176663398743,1,False,0.2398884239888424,0.24686192468619247,0.69140625
6665,0,CF1,L5,0.7,lama,8,8,0.798126220703125,1,False,0.2649930264993027,0.26359832635983266,0.73828125
6704,0,CF1,L5,0.7,lama,0,1,0.38182252645492554,0,False,0.2482566248256625,0.23291492329149233,0.65234375
23255,0,CF1,L5,0.7,lama,2,2,0.6457749605178833,1,False,0.26778242677824265,0.26778242677824265,0.75
5355,0,CF1,L5,0.7,lama,5,5,0.8761914372444153,1,False,0.2482566248256625,0.2524407252440725,0.70703125
22422,0,CF1,L5,0.7,lama,1,4,0.8654170632362366,0,False,0.2412831241283124,0.2580195258019526,0.72265625
7367,0,CF1,L5,0.7,lama,9,9,0.38769614696502686,1,False,0.24407252440725244,0.2594142259414226,0.7265625
13489,0,CF1,L5,0.7,lama,7,1,0.45409977436065674,0,False,0.2384937238493724,0.2580195258019526,0.72265625
20955,0,CF1,L5,0.7,lama,7,7,0.6561490893363953,1,False,0.2384937238493724,0.25662482566248257,0.71875
25439,0,CF1,L5,0.7,lama,9,9,0.9905810952186584,1,False,0.27475592747559274,0.24686192468619247,0.69140625
12711,0,CF1,L5,0.7,lama,8,8,0.5604099035263062,1,False,0.2594142259414226,0.25523012552301255,0.71484375
7671,0,CF1,L5,0.7,lama,6,8,0.28851714730262756,0,False,0.2510460251046025,0.2691771269177127,0.75390625
20420,0,CF1,L5,0.7,lama,8,8,0.6159459352493286,1,False,0.24686192468619247,0.2524407252440725,0.70703125
12630,0,CF1,L5,0.7,lama,2,1,0.2881809175014496,0,False,0.2496513249651325,0.2649930264993027,0.7421875
21394,0,CF1,L5,0.7,lama,1,1,0.23968221247196198,1,False,0.27475592747559274,0.2510460251046025,0.703125
7095,0,CF1,L5,0.7,lama,1,1,0.968589723110199,1,False,0.26778242677824265,0.2412831241283124,0.67578125
11532,0,CF1,L5,0.7,lama,9,0,0.3897341787815094,0,False,0.26359832635983266,0.24267782426778242,0.6796875
2853,0,CF1,L5,0.7,lama,3,2,0.5695475935935974,0,False,0.25662482566248257,0.2398884239888424,0.671875
13487,0,CF1,L5,0.7,lama,0,8,0.3245258033275604,0,False,0.24686192468619247,0.2510460251046025,0.703125
9350,0,CF1,L5,0.7,lama,9,9,0.8167099952697754,1,False,0.2510460251046025,0.2398884239888424,0.671875
24164,0,CF1,L5,0.7,lama,4,4,0.8836078643798828,1,False,0.2412831241283124,0.2315202231520223,0.6484375
23155,0,CF1,L5,0.7,lama,7,7,0.1964959353208542,1,False,0.24546722454672246,0.24546722454672246,0.6875
1588,0,CF1,L5,0.7,lama,8,3,0.3465164601802826,0,False,0.25523012552301255,0.25523012552301255,0.71484375
5400,0,CF1,L5,0.7,lama,5,5,0.20377226173877716,1,False,0.25523012552301255,0.25523012552301255,0.71484375
8913,0,CF1,L5,0.7,lama,6,6,0.6188121438026428,1,False,0.26638772663877264,0.24546722454672246,0.6875
4990,0,CF1,L5,0.7,lama,8,2,0.2751280665397644,0,False,0.2496513249651325,0.2510460251046025,0.703125
13364,0,CF1,L5,0.7,lama,7,7,0.7933239936828613,1,False,0.2691771269177127,0.2412831241283124,0.67578125
1157,0,CF1,L5,0.7,lama,1,1,0.7255809903144836,1,False,0.2524407252440725,0.2384937238493724,0.66796875
19432,0,CF1,L5,0.7,lama,6,5,0.6680370569229126,0,False,0.2705718270571827,0.25662482566248257,0.71875
24861,0,CF1,L5,0.7,lama,1,1,0.8970130681991577,1,False,0.24546722454672246,0.24686192468619247,0.69140625
16303,0,CF1,L5,0.7,lama,0,6,0.5096813440322876,0,False,0.26638772663877264,0.2524407252440725,0.70703125
23675,0,CF1,L5,0.7,lama,1,3,0.2797894775867462,0,False,0.24407252440725244,0.25523012552301255,0.71484375
10816,0,CF1,L5,0.7,lama,5,5,0.4651673138141632,1,False,0.2496513249651325,0.2384937238493724,0.66796875
25683,0,CF1,L5,0.7,lama,7,3,0.2962181270122528,0,False,0.24407252440725244,0.24546722454672246,0.6875
6680,0,CF1,L5,0.7,lama,7,1,0.40168923139572144,0,False,0.2412831241283124,0.2412831241283124,0.67578125
15541,0,CF1,L5,0.7,lama,1,5,0.20371490716934204,0,False,0.2510460251046025,0.23430962343096234,0.65625
129,0,CF1,L5,0.7,lama,9,2,0.3571665287017822,0,False,0.22315202231520223,0.26359832635983266,0.73828125
10977,0,CF1,L5,0.7,lama,5,5,0.6092677116394043,1,False,0.28172942817294283,0.24546722454672246,0.6875
7518,0,CF1,L5,0.7,lama,5,5,0.3794577121734619,1,False,0.2175732217573222,0.2608089260808926,0.73046875
15350,0,CF1,L5,0.7,lama,0,1,0.4691343307495117,0,False,0.2384937238493724,0.2524407252440725,0.70703125
4712,0,CF1,L5,0.7,lama,2,2,0.88897705078125,1,False,0.26638772663877264,0.2510460251046025,0.703125
3234,0,CF1,L5,0.7,lama,1,1,0.47467783093452454,1,False,0.2608089260808926,0.26220362622036264,0.734375
21292,0,CF1,L5,0.7,lama,8,5,0.3367912471294403,0,False,0.25662482566248257,0.24407252440725244,0.68359375
6439,0,CF1,L5,0.7,lama,6,8,0.5691462755203247,0,False,0.25383542538354253,0.25662482566248257,0.71875
16930,0,CF1,L5,0.7,lama,4,4,0.4639306366443634,1,False,0.25383542538354253,0.23709902370990238,0.6640625
25255,0,CF1,L5,0.7,lama,6,4,0.31008389592170715,0,False,0.2496513249651325,0.2510460251046025,0.703125
5562,0,CF1,L5,0.7,lama,6,6,0.33404138684272766,1,False,0.2691771269177127,0.2580195258019526,0.72265625
20888,0,CF1,L5,0.7,lama,6,6,0.49291715025901794,1,False,0.24267782426778242,0.25383542538354253,0.7109375
17907,0,CF1,L5,0.7,lama,0,6,0.18128705024719238,0,False,0.2649930264993027,0.2524407252440725,0.70703125
15282,0,CF1,L5,0.7,lama,5,8,0.3629956841468811,0,False,0.25383542538354253,0.25662482566248257,0.71875
9564,0,CF1,L5,0.7,lama,5,5,0.5652649998664856,1,False,0.2482566248256625,0.25662482566248257,0.71875
2105,0,CF1,L5,0.7,lama,5,5,0.38007852435112,1,False,0.2580195258019526,0.24686192468619247,0.69140625
2188,0,CF1,L5,0.7,lama,5,5,0.7180585861206055,1,False,0.25523012552301255,0.24686192468619247,0.69140625
10587,0,CF1,L5,0.7,lama,9,9,0.6238276362419128,1,False,0.26220362622036264,0.24686192468619247,0.69140625
20421,0,CF1,L5,0.7,lama,8,1,0.4854699373245239,0,False,0.2315202231520223,0.25383542538354253,0.7109375
23070,0,CF1,L5,0.7,lama,0,8,0.34044259786605835,0,False,0.2914923291492329,0.2496513249651325,0.69921875
19127,0,CF1,L5,0.7,lama,6,5,0.5038361549377441,0,False,0.2803347280334728,0.26359832635983266,0.73828125
7302,0,CF1,L5,0.7,lama,3,3,0.8348063826560974,1,False,0.26220362622036264,0.2496513249651325,0.69921875
8409,0,CF1,L5,0.7,lama,4,4,0.9846854209899902,1,False,0.28312412831241285,0.23709902370990238,0.6640625
11086,0,CF1,L5,0.7,lama,7,7,0.4293149411678314,1,False,0.2510460251046025,0.26359832635983266,0.73828125
17122,0,CF1,L5,0.7,lama,5,5,0.9331923723220825,1,False,0.21338912133891214,0.25383542538354253,0.7109375
3555,0,CF1,L5,0.7,lama,2,2,0.9475464820861816,1,False,0.25383542538354253,0.2412831241283124,0.67578125
19437,0,CF1,L5,0.7,lama,4,6,0.5101118683815002,0,False,0.24267782426778242,0.2580195258019526,0.72265625
594,0,CF1,L5,0.7,lama,9,9,0.27586376667022705,1,False,0.21617852161785217,0.25383542538354253,0.7109375
21863,0,CF1,L5,0.7,lama,3,3,0.8804425001144409,1,False,0.26359832635983266,0.2482566248256625,0.6953125
19765,0,CF1,L5,0.7,lama,5,5,0.5979906916618347,1,False,0.2384937238493724,0.2482566248256625,0.6953125
16909,0,CF1,L5,0.7,lama,2,2,0.46507230401039124,1,False,0.24267782426778242,0.2510460251046025,0.703125
21154,0,CF1,L5,0.7,lama,7,7,0.8897324800491333,1,False,0.26220362622036264,0.25383542538354253,0.7109375
18615,0,CF1,L5,0.7,lama,7,7,0.47118672728538513,1,False,0.22733612273361228,0.25523012552301255,0.71484375
18171,0,CF1,L5,0.7,lama,7,7,0.9793013334274292,1,False,0.24267782426778242,0.2412831241283124,0.67578125
24434,0,CF1,L5,0.7,lama,5,8,0.41409870982170105,0,False,0.2594142259414226,0.2649930264993027,0.7421875
9664,0,CF1,L5,0.7,lama,0,0,0.5966376066207886,1,False,0.21896792189679218,0.23709902370990238,0.6640625
2013,0,CF1,L5,0.7,lama,5,5,0.6723968982696533,1,False,0.28172942817294283,0.2594142259414226,0.7265625
13537,0,CF1,L5,0.7,lama,4,8,0.43729954957962036,0,False,0.24407252440725244,0.24407252440725244,0.68359375
23942,0,CF1,L5,0.7,lama,9,9,0.6465346813201904,1,False,0.2705718270571827,0.2496513249651325,0.69921875
12415,0,CF1,L5,0.7,lama,4,4,0.7799712419509888,1,False,0.25383542538354253,0.23570432357043236,0.66015625
13735,0,CF1,L5,0.7,lama,0,9,0.35391947627067566,0,False,0.24686192468619247,0.25523012552301255,0.71484375
6873,0,CF1,L5,0.7,lama,1,1,0.9961913824081421,1,False,0.2594142259414226,0.23430962343096234,0.65625
16233,0,CF1,L5,0.7,lama,2,2,0.3957374393939972,1,False,0.21617852161785217,0.2580195258019526,0.72265625
13108,0,CF1,L5,0.7,lama,5,3,0.27404987812042236,0,False,0.2719665271966527,0.24267782426778242,0.6796875
18114,0,CF1,L5,0.7,lama,7,7,0.6541187167167664,1,False,0.2510460251046025,0.2398884239888424,0.671875
25318,0,CF1,L5,0.7,lama,0,5,0.2973635196685791,0,False,0.22594142259414227,0.24407252440725244,0.68359375
22387,0,CF1,L5,0.7,lama,7,3,0.44421571493148804,0,False,0.21338912133891214,0.2580195258019526,0.72265625
19911,0,CF1,L5,0.7,lama,7,7,0.37967321276664734,1,False,0.2398884239888424,0.24407252440725244,0.68359375
9953,0,CF1,L5,0.7,lama,2,2,0.6789574027061462,1,False,0.2203626220362622,0.2496513249651325,0.69921875
18500,0,CF1,L5,0.7,lama,1,1,0.9954918026924133,1,False,0.2649930264993027,0.24267782426778242,0.6796875
12463,0,CF1,L5,0.7,lama,2,2,0.3892020583152771,1,False,0.2705718270571827,0.24686192468619247,0.69140625
12143,0,CF1,L5,0.7,lama,8,5,0.35578060150146484,0,False,0.23430962343096234,0.25523012552301255,0.71484375
14588,0,CF1,L5,0.7,lama,8,8,0.8192940354347229,1,False,0.2315202231520223,0.25523012552301255,0.71484375
22152,0,CF1,L5,0.7,lama,2,2,0.41776227951049805,1,False,0.25383542538354253,0.2412831241283124,0.67578125
16563,0,CF1,L5,0.7,lama,4,1,0.41730639338493347,0,False,0.2775453277545328,0.24546722454672246,0.6875
25225,0,CF1,L5,0.7,lama,9,9,0.7664182782173157,1,False,0.2594142259414226,0.2384937238493724,0.66796875
1161,0,CF1,L5,0.7,lama,2,1,0.7580046057701111,0,False,0.28312412831241285,0.2691771269177127,0.75390625
9891,0,CF1,L5,0.7,lama,5,5,0.7814577221870422,1,False,0.2719665271966527,0.24407252440725244,0.68359375
18833,0,CF1,L5,0.7,lama,2,2,0.7626085877418518,1,False,0.2510460251046025,0.2398884239888424,0.671875
6162,0,CF1,L5,0.7,lama,2,2,0.7282664775848389,1,False,0.2900976290097629,0.2524407252440725,0.70703125
22638,0,CF1,L5,0.7,lama,0,0,0.8722827434539795,1,False,0.25662482566248257,0.2412831241283124,0.67578125
6112,0,CF1,L5,0.7,lama,6,6,0.4489290416240692,1,False,0.2482566248256625,0.2482566248256625,0.6953125
24259,0,CF1,L5,0.7,lama,9,2,0.27054646611213684,0,False,0.2524407252440725,0.2580195258019526,0.72265625
18029,0,CF1,L5,0.7,lama,2,5,0.39829519391059875,0,False,0.23430962343096234,0.24267782426778242,0.6796875
13233,0,CF1,L5,0.7,lama,0,8,0.23354081809520721,0,False,0.26220362622036264,0.2496513249651325,0.69921875
22560,0,CF1,L5,0.7,lama,3,2,0.4510515630245209,0,False,0.24546722454672246,0.24546722454672246,0.6875
17100,0,CF1,L5,0.7,lama,7,7,0.621405303478241,1,False,0.23291492329149233,0.25383542538354253,0.7109375
13394,0,CF1,L5,0.7,lama,7,3,0.3630900979042053,0,False,0.22733612273361228,0.2496513249651325,0.69921875
25173,0,CF1,L5,0.7,lama,3,7,0.4709104597568512,0,False,0.23570432357043236,0.23291492329149233,0.65234375
17342,0,CF1,L5,0.7,lama,4,4,0.6601054072380066,1,False,0.25523012552301255,0.23430962343096234,0.65625
5881,0,CF1,L5,0.7,lama,1,1,0.6616845726966858,1,False,0.2608089260808926,0.2496513249651325,0.69921875
16982,0,CF1,L5,0.7,lama,3,2,0.6478965282440186,0,False,0.29707112970711297,0.24546722454672246,0.6875
12959,0,CF1,L5,0.7,lama,2,3,0.40175318717956543,0,False,0.26359832635983266,0.2594142259414226,0.7265625
3410,0,CF1,L5,0.7,lama,2,2,0.6001977324485779,1,False,0.24407252440725244,0.2510460251046025,0.703125
1939,0,CF1,L5,0.7,lama,2,2,0.9146578311920166,1,False,0.26220362622036264,0.2510460251046025,0.703125
13563,0,CF1,L5,0.7,lama,4,2,0.2736680507659912,0,False,0.23291492329149233,0.2496513249651325,0.69921875
9659,0,CF1,L5,0.7,lama,4,5,0.2629494071006775,0,False,0.26220362622036264,0.26359832635983266,0.73828125
23588,0,CF1,L5,0.7,lama,9,9,0.4298360347747803,1,False,0.2649930264993027,0.25523012552301255,0.71484375
12156,0,CF1,L5,0.7,lama,9,9,0.19399841129779816,1,False,0.28451882845188287,0.2510460251046025,0.703125
24790,0,CF1,L5,0.7,lama,4,5,0.3438081741333008,0,False,0.2803347280334728,0.25523012552301255,0.71484375
894,0,CF1,L5,0.7,lama,8,8,0.4599079191684723,1,False,0.28451882845188287,0.26638772663877264,0.74609375
13738,0,CF1,L5,0.7,lama,7,7,0.5334720015525818,1,False,0.2691771269177127,0.24407252440725244,0.68359375
20555,0,CF1,L5,0.7,lama,5,1,0.9355435967445374,0,False,0.2398884239888424,0.23430962343096234,0.65625
20457,0,CF1,L5,0.7,lama,3,3,0.2872703969478607,1,False,0.2398884239888424,0.2524407252440725,0.70703125
24842,0,CF1,L5,0.7,lama,3,5,0.5075787901878357,0,False,0.24546722454672246,0.2524407252440725,0.70703125
11390,0,CF1,L5,0.7,lama,9,8,0.34771251678466797,0,False,0.26359832635983266,0.24267782426778242,0.6796875
2665,0,CF1,L5,0.7,lama,9,9,0.42532190680503845,1,False,0.2496513249651325,0.2705718270571827,0.7578125
24741,0,CF1,L5,0.7,lama,8,3,0.543152928352356,0,False,0.24686192468619247,0.2412831241283124,0.67578125
17634,0,CF1,L5,0.7,lama,8,5,0.32768362760543823,0,False,0.24267782426778242,0.24686192468619247,0.69140625
16599,0,CF1,L5,0.7,lama,1,3,0.23787255585193634,0,False,0.24267782426778242,0.2608089260808926,0.73046875
19330,0,CF1,L5,0.7,lama,7,2,0.4127252995967865,0,False,0.25523012552301255,0.2510460251046025,0.703125
3257,0,CF1,L5,0.7,lama,1,1,0.9883649349212646,1,False,0.24686192468619247,0.25383542538354253,0.7109375
1114,0,CF1,L5,0.7,lama,9,3,0.8875760436058044,0,False,0.25662482566248257,0.2733612273361227,0.765625
11738,0,CF1,L5,0.7,lama,8,8,0.24324586987495422,1,False,0.24686192468619247,0.25383542538354253,0.7109375
13077,0,CF1,L5,0.7,lama,8,8,0.9595239162445068,1,False,0.2496513249651325,0.24686192468619247,0.69140625
5168,0,CF1,L5,0.7,lama,3,3,0.5617369413375854,1,False,0.25523012552301255,0.24546722454672246,0.6875
26013,0,CF1,L5,0.7,lama,8,8,0.9172496199607849,1,False,0.24267782426778242,0.24546722454672246,0.6875
5611,0,CF1,L5,0.7,lama,7,7,0.9654523730278015,1,False,0.27615062761506276,0.2496513249651325,0.69921875
9389,0,CF1,L5,0.7,lama,6,9,0.20087936520576477,0,False,0.2580195258019526,0.2649930264993027,0.7421875
25070,0,CF1,L5,0.7,lama,2,2,0.8949562907218933,1,False,0.2594142259414226,0.26778242677824265,0.75
11322,0,CF1,L5,0.7,lama,8,8,0.7544419169425964,1,False,0.2775453277545328,0.2398884239888424,0.671875
3051,0,CF1,L5,0.7,lama,0,5,0.22997480630874634,0,False,0.23709902370990238,0.24407252440725244,0.68359375
18770,0,CF1,L5,0.7,lama,4,2,0.258735328912735,0,False,0.2691771269177127,0.26359832635983266,0.73828125
14692,0,CF1,L5,0.7,lama,2,2,0.45020031929016113,1,False,0.2482566248256625,0.25383542538354253,0.7109375
4561,0,CF1,L5,0.7,lama,5,5,0.338731586933136,1,False,0.2649930264993027,0.2608089260808926,0.73046875
16994,0,CF1,L5,0.7,lama,0,0,0.991789698600769,1,False,0.2496513249651325,0.2510460251046025,0.703125
4156,0,CF1,L5,0.7,lama,5,5,0.28861597180366516,1,False,0.25523012552301255,0.25523012552301255,0.71484375
5884,0,CF1,L5,0.7,lama,1,2,0.5225563049316406,0,False,0.22733612273361228,0.26638772663877264,0.74609375
18233,0,CF1,L5,0.7,lama,0,0,0.4400787055492401,1,False,0.2524407252440725,0.23430962343096234,0.65625
17044,0,CF1,L5,0.7,lama,6,8,0.3263714909553528,0,False,0.24267782426778242,0.25662482566248257,0.71875
18857,0,CF1,L5,0.7,lama,6,5,0.19075888395309448,0,False,0.24407252440725244,0.24407252440725244,0.68359375
21917,0,CF1,L5,0.7,lama,9,9,0.25547125935554504,1,False,0.23709902370990238,0.2580195258019526,0.72265625
5054,0,CF1,L5,0.7,lama,3,2,0.3883768320083618,0,False,0.2580195258019526,0.26220362622036264,0.734375
7882,0,CF1,L5,0.7,lama,4,5,0.18842004239559174,0,False,0.22873082287308227,0.2594142259414226,0.7265625
15688,0,CF1,L5,0.7,lama,4,3,0.33945760130882263,0,False,0.2315202231520223,0.24267782426778242,0.6796875
5612,0,CF1,L5,0.7,lama,8,8,0.9623624086380005,1,False,0.2524407252440725,0.24686192468619247,0.69140625
13934,0,CF1,L5,0.7,lama,9,9,0.427172988653183,1,False,0.28451882845188287,0.2412831241283124,0.67578125
16689,0,CF1,L5,0.7,lama,2,2,0.6405459642410278,1,False,0.2510460251046025,0.23291492329149233,0.65234375
23844,0,CF1,L5,0.7,lama,6,6,0.9575779438018799,1,False,0.25523012552301255,0.2384937238493724,0.66796875
7944,0,CF1,L5,0.7,lama,7,7,0.7795354127883911,1,False,0.25383542538354253,0.25383542538354253,0.7109375
11370,0,CF1,L5,0.7,lama,8,8,0.8006832599639893,1,False,0.25383542538354253,0.25523012552301255,0.71484375
24569,0,CF1,L5,0.7,lama,1,1,0.9514362812042236,1,False,0.25383542538354253,0.2398884239888424,0.671875
7529,0,CF1,L5,0.7,lama,5,5,0.3390241861343384,1,False,0.2691771269177127,0.2580195258019526,0.72265625
5092,0,CF1,L5,0.7,lama,2,2,0.8532120585441589,1,False,0.23709902370990238,0.2510460251046025,0.703125
20673,0,CF1,L5,0.7,lama,2,2,0.9990371465682983,1,False,0.2649930264993027,0.26778242677824265,0.75
10096,0,CF1,L5,0.7,lama,7,1,0.7769200801849365,0,False,0.25662482566248257,0.2384937238493724,0.66796875
2059,0,CF1,L5,0.7,lama,3,3,0.3465871512889862,1,False,0.22733612273361228,0.2608089260808926,0.73046875
19318,0,CF1,L5,0.7,lama,0,1,0.7259209752082825,0,False,0.2524407252440725,0.2482566248256625,0.6953125
12977,0,CF1,L5,0.7,lama,8,8,0.33225777745246887,1,False,0.2496513249651325,0.25383542538354253,0.7109375
17673,0,CF1,L5,0.7,lama,0,5,0.41552481055259705,0,False,0.26359832635983266,0.2315202231520223,0.6484375
18750,0,CF1,L5,0.7,lama,0,6,0.21382632851600647,0,False,0.2594142259414226,0.24407252440725244,0.68359375
16728,0,CF1,L5,0.7,lama,3,9,0.5240337252616882,0,False,0.2482566248256625,0.25523012552301255,0.71484375
14776,0,CF1,L5,0.7,lama,8,8,0.7622645497322083,1,False,0.24407252440725244,0.24546722454672246,0.6875
6941,0,CF1,L5,0.7,lama,9,9,0.4403313100337982,1,False,0.26359832635983266,0.26638772663877264,0.74609375
16787,0,CF1,L5,0.7,lama,6,8,0.5455372929573059,0,False,0.2719665271966527,0.2496513249651325,0.69921875
25932,0,CF1,L5,0.7,lama,5,3,0.382396936416626,0,False,0.2524407252440725,0.24686192468619247,0.69140625
614,0,CF1,L5,0.7,lama,0,2,0.23568187654018402,0,False,0.2719665271966527,0.25662482566248257,0.71875
25690,0,CF1,L5,0.7,lama,5,3,0.3270963430404663,0,False,0.2859135285913529,0.24686192468619247,0.69140625
25968,0,CF1,L5,0.7,lama,5,5,0.8988600969314575,1,False,0.24686192468619247,0.2496513249651325,0.69921875
20123,0,CF1,L5,0.7,lama,3,3,0.5557985901832581,1,False,0.21478382147838215,0.26220362622036264,0.734375
13341,0,CF1,L5,0.7,lama,5,5,0.47058865427970886,1,False,0.2789400278940028,0.2510460251046025,0.703125
24697,0,CF1,L5,0.7,lama,4,4,0.6489247679710388,1,False,0.26359832635983266,0.2580195258019526,0.72265625
15157,0,CF1,L5,0.7,lama,6,1,0.5025507211685181,0,False,0.25523012552301255,0.24686192468619247,0.69140625
23115,0,CF1,L5,0.7,lama,1,2,0.4511632025241852,0,False,0.25662482566248257,0.25383542538354253,0.7109375
6396,0,CF1,L5,0.7,lama,0,0,0.9029861688613892,1,False,0.22454672245467225,0.2482566248256625,0.6953125
19142,0,CF1,L5,0.7,lama,4,5,0.48048529028892517,0,False,0.27615062761506276,0.22733612273361228,0.63671875
13157,0,CF1,L5,0.7,lama,3,2,0.33391648530960083,0,False,0.2384937238493724,0.25383542538354253,0.7109375
19866,0,CF1,L5,0.7,lama,1,1,0.7263491153717041,1,False,0.25523012552301255,0.24686192468619247,0.69140625
25996,0,CF1,L5,0.7,lama,8,8,0.950227677822113,1,False,0.25383542538354253,0.24546722454672246,0.6875
25515,0,CF1,L5,0.7,lama,7,3,0.6727321147918701,0,False,0.2775453277545328,0.2384937238493724,0.66796875
12876,0,CF1,L5,0.7,lama,0,9,0.46658703684806824,0,False,0.2315202231520223,0.26220362622036264,0.734375
17565,0,CF1,L5,0.7,lama,6,6,0.743506669998169,1,False,0.2524407252440725,0.25383542538354253,0.7109375
17511,0,CF1,L5,0.7,lama,4,4,0.510333776473999,1,False,0.2733612273361227,0.2482566248256625,0.6953125
19996,0,CF1,L5,0.7,lama,0,0,0.9076257944107056,1,False,0.2649930264993027,0.2482566248256625,0.6953125
12807,0,CF1,L5,0.7,lama,1,3,0.29601994156837463,0,False,0.25523012552301255,0.2580195258019526,0.72265625
11001,0,CF1,L5,0.7,lama,9,8,0.540012776851654,0,False,0.26359832635983266,0.24546722454672246,0.6875
13107,0,CF1,L5,0.7,lama,0,9,0.3373918831348419,0,False,0.27475592747559274,0.2608089260808926,0.73046875
12641,0,CF1,L5,0.7,lama,6,6,0.5827069878578186,1,False,0.25662482566248257,0.24267782426778242,0.6796875
22667,0,CF1,L5,0.7,lama,5,5,0.9675279855728149,1,False,0.2496513249651325,0.2524407252440725,0.70703125
7310,0,CF1,L5,0.7,lama,7,3,0.29307690262794495,0,False,0.2412831241283124,0.23430962343096234,0.65625
764,0,CF1,L5,0.7,lama,1,1,0.35148856043815613,1,False,0.24407252440725244,0.24546722454672246,0.6875
14813,0,CF1,L5,0.7,lama,4,5,0.2637203633785248,0,False,0.2510460251046025,0.2482566248256625,0.6953125
7132,0,CF1,L5,0.7,lama,2,2,0.9832891821861267,1,False,0.2705718270571827,0.24546722454672246,0.6875
23884,0,CF1,L5,0.7,lama,1,8,0.47083038091659546,0,False,0.23570432357043236,0.25383542538354253,0.7109375
22735,0,CF1,L5,0.7,lama,8,8,0.8877663612365723,1,False,0.25523012552301255,0.24267782426778242,0.6796875
12483,0,CF1,L5,0.7,lama,2,2,0.8580982685089111,1,False,0.22454672245467225,0.2510460251046025,0.703125
10442,0,CF1,L5,0.7,lama,6,6,0.4269304573535919,1,False,0.2510460251046025,0.25523012552301255,0.71484375
3733,0,CF1,L5,0.7,lama,8,8,0.5723502039909363,1,False,0.25662482566248257,0.2594142259414226,0.7265625
20089,0,CF1,L5,0.7,lama,4,6,0.2850939929485321,0,False,0.2496513249651325,0.2524407252440725,0.70703125
20411,0,CF1,L5,0.7,lama,4,4,0.537168025970459,1,False,0.2580195258019526,0.2482566248256625,0.6953125
10695,0,CF1,L5,0.7,lama,4,3,0.19148992002010345,0,False,0.2398884239888424,0.26220362622036264,0.734375
11992,0,CF1,L5,0.7,lama,2,2,0.9918864369392395,1,False,0.2524407252440725,0.24546722454672246,0.6875
20712,0,CF1,L5,0.7,lama,7,7,0.6684056520462036,1,False,0.2580195258019526,0.24686192468619247,0.69140625
6518,0,CF1,L5,0.7,lama,8,8,0.679322361946106,1,False,0.2928870292887029,0.2496513249651325,0.69921875
6015,0,CF1,L5,0.7,lama,9,9,0.24965156614780426,1,False,0.2719665271966527,0.2594142259414226,0.7265625
8396,0,CF1,L5,0.7,lama,5,5,0.3325662910938263,1,False,0.23430962343096234,0.2608089260808926,0.73046875
12097,0,CF1,L5,0.7,lama,9,9,0.9757222533226013,1,False,0.2789400278940028,0.2496513249651325,0.69921875
12565,0,CF1,L5,0.7,lama,2,2,0.725412905216217,1,False,0.26778242677824265,0.24407252440725244,0.68359375
22474,0,CF1,L5,0.7,lama,4,1,0.4269823431968689,0,False,0.26220362622036264,0.26778242677824265,0.75
25110,0,CF1,L5,0.7,lama,9,9,0.4723571836948395,1,False,0.2775453277545328,0.25383542538354253,0.7109375
8275,0,CF1,L5,0.7,lama,8,8,0.19734230637550354,1,False,0.24407252440725244,0.2524407252440725,0.70703125
3871,0,CF1,L5,0.7,lama,1,1,0.953568160533905,1,False,0.2315202231520223,0.24407252440725244,0.68359375
24639,0,CF1,L5,0.7,lama,2,3,0.4120942950248718,0,False,0.2482566248256625,0.2580195258019526,0.72265625
15979,0,CF1,L5,0.7,lama,3,8,0.28967759013175964,0,False,0.22454672245467225,0.24267782426778242,0.6796875
24513,0,CF1,L5,0.7,lama,6,6,0.9492851495742798,1,False,0.2482566248256625,0.2412831241283124,0.67578125
10926,0,CF1,L5,0.7,lama,7,7,0.44530075788497925,1,False,0.2398884239888424,0.23291492329149233,0.65234375
25564,0,CF1,L5,0.7,lama,0,0,0.8556426167488098,1,False,0.23430962343096234,0.24546722454672246,0.6875
2118,0,CF1,L5,0.7,lama,0,6,0.1958637684583664,0,False,0.2580195258019526,0.23709902370990238,0.6640625
4358,0,CF1,L5,0.7,lama,9,7,0.25587978959083557,0,False,0.2705718270571827,0.24407252440725244,0.68359375
5674,0,CF1,L5,0.7,lama,8,3,0.8953718543052673,0,False,0.2691771269177127,0.23291492329149233,0.65234375
3397,0,CF1,L5,0.7,lama,7,7,0.7804883718490601,1,False,0.23291492329149233,0.24686192468619247,0.69140625
5183,0,CF1,L5,0.7,lama,7,7,0.4162648618221283,1,False,0.2705718270571827,0.24267782426778242,0.6796875
7505,0,CF1,L5,0.7,lama,9,9,0.5083523988723755,1,False,0.2691771269177127,0.2594142259414226,0.7265625
17539,0,CF1,L5,0.7,lama,0,5,0.23118406534194946,0,False,0.2733612273361227,0.2594142259414226,0.7265625
23918,0,CF1,L5,0.7,lama,6,5,0.560839056968689,0,False,0.2594142259414226,0.25662482566248257,0.71875
19449,0,CF1,L5,0.7,lama,2,2,0.9800457954406738,1,False,0.2510460251046025,0.2482566248256625,0.6953125
18599,0,CF1,L5,0.7,lama,3,3,0.3491300046443939,1,False,0.22733612273361228,0.25662482566248257,0.71875
8175,0,CF1,L5,0.7,lama,8,3,0.2731077969074249,0,False,0.25383542538354253,0.24686192468619247,0.69140625
18412,0,CF1,L5,0.7,lama,7,7,0.680538535118103,1,False,0.2384937238493724,0.23570432357043236,0.66015625
20667,0,CF1,L5,0.7,lama,1,3,0.2899281680583954,0,False,0.26359832635983266,0.2580195258019526,0.72265625
8672,0,CF1,L5,0.7,lama,9,4,0.4374745488166809,0,False,0.24546722454672246,0.2384937238493724,0.66796875
22087,0,CF1,L5,0.7,lama,1,3,0.3458775281906128,0,False,0.2301255230125523,0.2608089260808926,0.73046875
6910,0,CF1,L5,0.7,lama,2,2,0.5435687899589539,1,False,0.2496513249651325,0.24267782426778242,0.6796875
19205,0,CF1,L5,0.7,lama,3,5,0.3229306638240814,0,False,0.2524407252440725,0.24686192468619247,0.69140625
10581,0,CF1,L5,0.7,lama,3,3,0.6085287928581238,1,False,0.2580195258019526,0.24686192468619247,0.69140625
14516,0,CF1,L5,0.7,lama,4,5,0.4150005280971527,0,False,0.2398884239888424,0.2412831241283124,0.67578125
22602,0,CF1,L5,0.7,lama,4,2,0.5840826630592346,0,False,0.23291492329149233,0.25523012552301255,0.71484375
1944,0,CF1,L5,0.7,lama,0,3,0.17195828258991241,0,False,0.2398884239888424,0.24407252440725244,0.68359375
19718,0,CF1,L5,0.7,lama,0,2,0.4310653805732727,0,False,0.2691771269177127,0.2594142259414226,0.7265625
15599,0,CF1,L5,0.7,lama,7,7,0.960467517375946,1,False,0.2412831241283124,0.24546722454672246,0.6875
16766,0,CF1,L5,0.7,lama,9,9,0.2545958459377289,1,False,0.2412831241283124,0.24686192468619247,0.69140625
12317,0,CF1,L5,0.7,lama,5,6,0.38061678409576416,0,False,0.2594142259414226,0.24686192468619247,0.69140625
6275,0,CF1,L5,0.7,lama,6,6,0.46212151646614075,1,False,0.24546722454672246,0.2510460251046025,0.703125
14332,0,CF1,L5,0.7,lama,3,5,0.46781125664711,0,False,0.22873082287308227,0.2594142259414226,0.7265625
25615,0,CF1,L5,0.7,lama,8,8,0.7878720760345459,1,False,0.26220362622036264,0.2510460251046025,0.703125
7680,0,CF1,L5,0.7,lama,7,7,0.9245187640190125,1,False,0.23570432357043236,0.2594142259414226,0.7265625
22105,0,CF1,L5,0.7,lama,7,7,0.819236159324646,1,False,0.23709902370990238,0.26220362622036264,0.734375
19179,0,CF1,L5,0.7,lama,5,5,0.39415809512138367,1,False,0.25662482566248257,0.2524407252440725,0.70703125
22379,0,CF1,L5,0.7,lama,5,5,0.5637331008911133,1,False,0.23709902370990238,0.26778242677824265,0.75
11796,0,CF1,L5,0.7,lama,0,0,0.7133661508560181,1,False,0.25383542538354253,0.2510460251046025,0.703125
16929,0,CF1,L5,0.7,lama,0,2,0.36546796560287476,0,False,0.26220362622036264,0.26220362622036264,0.734375
20580,0,CF1,L5,0.7,lama,2,3,0.4823645055294037,0,False,0.22733612273361228,0.2580195258019526,0.72265625
21272,0,CF1,L5,0.7,lama,7,2,0.27080652117729187,0,False,0.2412831241283124,0.24267782426778242,0.6796875
12963,0,CF1,L5,0.7,lama,4,4,0.41600653529167175,1,False,0.23709902370990238,0.23570432357043236,0.66015625
15648,0,CF1,L5,0.7,lama,9,3,0.25267332792282104,0,False,0.26638772663877264,0.24267782426778242,0.6796875
10831,0,CF1,L5,0.7,lama,6,6,0.5667264461517334,1,False,0.24686192468619247,0.2580195258019526,0.72265625
12228,0,CF1,L5,0.7,lama,3,3,0.35608088970184326,1,False,0.2482566248256625,0.2510460251046025,0.703125
2242,0,CF1,L5,0.7,lama,7,9,0.633354127407074,0,False,0.21478382147838215,0.2496513249651325,0.69921875
25443,0,CF1,L5,0.7,lama,3,3,0.9545347690582275,1,False,0.26638772663877264,0.23709902370990238,0.6640625
23913,0,CF1,L5,0.7,lama,1,1,0.2702485918998718,1,False,0.2398884239888424,0.25523012552301255,0.71484375
18452,0,CF1,L5,0.7,lama,1,1,0.3413243889808655,1,False,0.2384937238493724,0.23570432357043236,0.66015625
12210,0,CF1,L5,0.7,lama,0,0,0.9618985056877136,1,False,0.2496513249651325,0.23570432357043236,0.66015625
3532,0,CF1,L5,0.7,lama,6,8,0.4211586117744446,0,False,0.22873082287308227,0.2412831241283124,0.67578125
13678,0,CF1,L5,0.7,lama,9,6,0.6353574395179749,0,False,0.2496513249651325,0.24546722454672246,0.6875
21370,0,CF1,L5,0.7,lama,5,5,0.3692740499973297,1,False,0.2384937238493724,0.23709902370990238,0.6640625
23728,0,CF1,L5,0.7,lama,9,9,0.963825523853302,1,False,0.26778242677824265,0.2510460251046025,0.703125
7460,0,CF1,L5,0.7,lama,0,0,0.8267788290977478,1,False,0.25523012552301255,0.2510460251046025,0.703125
25354,0,CF1,L5,0.7,lama,2,2,0.6063072681427002,1,False,0.25383542538354253,0.2580195258019526,0.72265625
18984,0,CF1,L5,0.7,lama,8,8,0.8149287104606628,1,False,0.25662482566248257,0.2524407252440725,0.70703125
12422,0,CF1,L5,0.7,lama,6,6,0.8503706455230713,1,False,0.2412831241283124,0.2398884239888424,0.671875
7413,0,CF1,L5,0.7,lama,4,3,0.31261399388313293,0,False,0.22594142259414227,0.24686192468619247,0.69140625
