patch_id,seed,family,level,frac,method,true_label,prediction,confidence,correct,bounded_unknown,isolated_missing_frac,mask_overlap_centre,centre_erased_frac
17222,0,CF1,L5,0.7,ns,8,2,0.5531099438667297,0,False,0.2524407252440725,0.2412831241283124,0.67578125
7987,0,CF1,L5,0.7,ns,4,4,0.5042470693588257,1,False,0.23709902370990238,0.23570432357043236,0.66015625
14403,0,CF1,L5,0.7,ns,1,4,0.6588944792747498,0,False,0.23570432357043236,0.2482566248256625,0.6953125
12904,0,CF1,L5,0.7,ns,1,1,0.6664880514144897,1,False,0.24686192468619247,0.2496513249651325,0.69921875
1024,0,CF1,L5,0.7,ns,2,2,0.5114994049072266,1,False,0.28312412831241285,0.24686192468619247,0.69140625
15700,0,CF1,L5,0.7,ns,3,0,0.9996863603591919,0,False,0.26220362622036264,0.26220362622036264,0.734375
12639,0,CF1,L5,0.7,ns,7,7,0.5931359529495239,1,False,0.2580195258019526,0.25523012552301255,0.71484375
20658,0,CF1,L5,0.7,ns,4,5,0.2689880430698395,0,False,0.23430962343096234,0.25523012552301255,0.71484375
2642,0,CF1,L5,0.7,ns,7,7,0.3933102488517761,1,False,0.2524407252440725,0.25662482566248257,0.71875
9392,0,CF1,L5,0.7,ns,9,9,0.9368367791175842,1,False,0.2412831241283124,0.24407252440725244,0.68359375
23357,0,CF1,L5,0.7,ns,5,5,0.782456636428833,1,False,0.26359832635983266,0.2580195258019526,0.72265625
15977,0,CF1,L5,0.7,ns,0,0,0.38909202814102173,1,False,0.2719665271966527,0.24267782426778242,0.6796875
10440,0,CF1,L5,0.7,ns,0,0,0.8369588255882263,1,False,0.28451882845188287,0.2608089260808926,0.73046875
14216,0,CF1,L5,0.7,ns,3,3,0.8089154958724976,1,False,0.26638772663877264,0.2482566248256625,0.6953125
18353,0,CF1,L5,0.7,ns,7,7,0.9340912103652954,1,False,0.26778242677824265,0.2496513249651325,0.69921875
17404,0,CF1,L5,0.7,ns,3,3,0.44855114817619324,1,False,0.2691771269177127,0.25383542538354253,0.7109375
8424,0,CF1,L5,0.7,ns,8,9,0.4349845349788666,0,False,0.23291492329149233,0.2482566248256625,0.6953125
4744,0,CF1,L5,0.7,ns,8,6,0.5285030007362366,0,False,0.26220362622036264,0.2482566248256625,0.6953125
18797,0,CF1,L5,0.7,ns,7,7,0.9987727999687195,1,False,0.2594142259414226,0.2482566248256625,0.6953125
3156,0,CF1,L5,0.7,ns,7,7,0.9373783469200134,1,False,0.26359832635983266,0.23570432357043236,0.66015625
17024,0,CF1,L5,0.7,ns,2,2,0.8529374003410339,1,False,0.24686192468619247,0.2580195258019526,0.72265625
7807,0,CF1,L5,0.7,ns,8,8,0.6107537150382996,1,False,0.25523012552301255,0.23709902370990238,0.6640625
138,0,CF1,L5,0.7,ns,0,0,0.969757616519928,1,False,0.25523012552301255,0.25523012552301255,0.71484375
20222,0,CF1,L5,0.7,ns,2,2,0.9994847774505615,1,False,0.2594142259414226,0.2594142259414226,0.7265625
24734,0,CF1,L5,0.7,ns,9,2,0.5379329919815063,0,False,0.24407252440725244,0.2496513249651325,0.69921875
8909,0,CF1,L5,0.7,ns,0,0,0.4066476821899414,1,False,0.2719665271966527,0.2398884239888424,0.671875
4684,0,CF1,L5,0.7,ns,1,1,0.9970614314079285,1,False,0.2524407252440725,0.24686192468619247,0.69140625
15978,0,CF1,L5,0.7,ns,6,6,0.8384692072868347,1,False,0.2524407252440725,0.25383542538354253,0.7109375
21495,0,CF1,L5,0.7,ns,7,7,0.5863416194915771,1,False,0.2524407252440725,0.26359832635983266,0.73828125
5107,0,CF1,L5,0.7,ns,6,1,0.50990891456604,0,False,0.24407252440725244,0.2482566248256625,0.6953125
1914,0,CF1,L5,0.7,ns,2,2,0.7924574017524719,1,False,0.26638772663877264,0.24267782426778242,0.6796875
21307,0,CF1,L5,0.7,ns,1,1,0.9974663257598877,1,False,0.2914923291492329,0.23430962343096234,0.65625
7178,0,CF1,L5,0.7,ns,4,4,0.6157279014587402,1,False,0.24267782426778242,0.25662482566248257,0.71875
13264,0,CF1,L5,0.7,ns,4,6,0.6778085827827454,0,False,0.24686192468619247,0.25523012552301255,0.71484375
21507,0,CF1,L5,0.7,ns,1,1,0.9654955863952637,1,False,0.28451882845188287,0.23570432357043236,0.66015625
8399,0,CF1,L5,0.7,ns,9,0,0.5922425985336304,0,False,0.2649930264993027,0.26359832635983266,0.73828125
4384,0,CF1,L5,0.7,ns,0,0,0.9983125925064087,1,False,0.21896792189679218,0.24686192468619247,0.69140625
5820,0,CF1,L5,0.7,ns,0,1,0.67963707447052,0,False,0.26220362622036264,0.2412831241283124,0.67578125
22865,0,CF1,L5,0.7,ns,0,0,0.8914187550544739,1,False,0.24407252440725244,0.24546722454672246,0.6875
65,0,CF1,L5,0.7,ns,0,3,0.34501734375953674,0,False,0.25662482566248257,0.2482566248256625,0.6953125
15494,0,CF1,L5,0.7,ns,6,6,0.3994971215724945,1,False,0.23291492329149233,0.26220362622036264,0.734375
2327,0,CF1,L5,0.7,ns,5,5,0.9572433829307556,1,False,0.25383542538354253,0.2496513249651325,0.69921875
24596,0,CF1,L5,0.7,ns,7,7,0.3487616181373596,1,False,0.2524407252440725,0.2496513249651325,0.69921875
3825,0,CF1,L5,0.7,ns,5,5,0.4800872802734375,1,False,0.2691771269177127,0.26778242677824265,0.75
17168,0,CF1,L5,0.7,ns,7,7,0.8562111258506775,1,False,0.2496513249651325,0.2580195258019526,0.72265625
4357,0,CF1,L5,0.7,ns,3,3,0.3428640067577362,1,False,0.24407252440725244,0.23430962343096234,0.65625
2364,0,CF1,L5,0.7,ns,9,9,0.6148387789726257,1,False,0.2412831241283124,0.2649930264993027,0.7421875
8703,0,CF1,L5,0.7,ns,9,9,0.8721573352813721,1,False,0.2398884239888424,0.23709902370990238,0.6640625
19390,0,CF1,L5,0.7,ns,9,9,0.9033358693122864,1,False,0.2580195258019526,0.2482566248256625,0.6953125
17853,0,CF1,L5,0.7,ns,6,2,0.6263777017593384,0,False,0.27475592747559274,0.24686192468619247,0.69140625
4930,0,CF1,L5,0.7,ns,4,1,0.5620055794715881,0,False,0.27475592747559274,0.2510460251046025,0.703125
5314,0,CF1,L5,0.7,ns,8,8,0.39827486872673035,1,False,0.25662482566248257,0.2524407252440725,0.70703125
4478,0,CF1,L5,0.7,ns,8,8,0.5233029127120972,1,False,0.2510460251046025,0.2594142259414226,0.7265625
23679,0,CF1,L5,0.7,ns,4,1,0.7144011855125427,0,False,0.27475592747559274,0.2510460251046025,0.703125
5449,0,CF1,L5,0.7,ns,1,1,0.7252129912376404,1,False,0.24407252440725244,0.2594142259414226,0.7265625
24183,0,CF1,L5,0.7,ns,0,0,0.8407284021377563,1,False,0.24686192468619247,0.2524407252440725,0.70703125
20842,0,CF1,L5,0.7,ns,3,3,0.906576931476593,1,False,0.24407252440725244,0.2412831241283124,0.67578125
18825,0,CF1,L5,0.7,ns,9,0,0.6142308712005615,0,False,0.23430962343096234,0.24407252440725244,0.68359375
6265,0,CF1,L5,0.7,ns,1,1,0.750857949256897,1,False,0.24686192468619247,0.2496513249651325,0.69921875
24932,0,CF1,L5,0.7,ns,4,2,0.4220312237739563,0,False,0.26778242677824265,0.25383542538354253,0.7109375
14427,0,CF1,L5,0.7,ns,8,2,0.41340750455856323,0,False,0.2398884239888424,0.23430962343096234,0.65625
3740,0,CF1,L5,0.7,ns,7,7,0.9604784846305847,1,False,0.2719665271966527,0.25523012552301255,0.71484375
16809,0,CF1,L5,0.7,ns,9,0,0.3279450535774231,0,False,0.26220362622036264,0.2496513249651325,0.69921875
1136,0,CF1,L5,0.7,ns,1,1,0.4415212869644165,1,False,0.25383542538354253,0.25662482566248257,0.71875
25757,0,CF1,L5,0.7,ns,5,5,0.9046163558959961,1,False,0.2482566248256625,0.2412831241283124,0.67578125
7356,0,CF1,L5,0.7,ns,4,4,0.6788179874420166,1,False,0.2315202231520223,0.25383542538354253,0.7109375
12298,0,CF1,L5,0.7,ns,0,0,0.6319869756698608,1,False,0.2482566248256625,0.24546722454672246,0.6875
5700,0,CF1,L5,0.7,ns,3,2,0.5397108197212219,0,False,0.26638772663877264,0.24546722454672246,0.6875
22753,0,CF1,L5,0.7,ns,6,6,0.7295995950698853,1,False,0.26220362622036264,0.2412831241283124,0.67578125
16813,0,CF1,L5,0.7,ns,6,8,0.5614997744560242,0,False,0.2301255230125523,0.2496513249651325,0.69921875
7373,0,CF1,L5,0.7,ns,8,8,0.6788235902786255,1,False,0.24267782426778242,0.26638772663877264,0.74609375
20149,0,CF1,L5,0.7,ns,2,2,0.9094333648681641,1,False,0.25662482566248257,0.26359832635983266,0.73828125
15874,0,CF1,L5,0.7,ns,9,9,0.964056134223938,1,False,0.25383542538354253,0.22733612273361228,0.63671875
26011,0,CF1,L5,0.7,ns,0,6,0.31963950395584106,0,False,0.2524407252440725,0.2691771269177127,0.75390625
4196,0,CF1,L5,0.7,ns,9,9,0.42300891876220703,1,False,0.24407252440725244,0.24407252440725244,0.68359375
11227,0,CF1,L5,0.7,ns,3,3,0.8513810634613037,1,False,0.26220362622036264,0.26220362622036264,0.734375
15736,0,CF1,L5,0.7,ns,3,3,0.9827734231948853,1,False,0.24686192468619247,0.26778242677824265,0.75
6339,0,CF1,L5,0.7,ns,6,8,0.5025002956390381,0,False,0.27615062761506276,0.2496513249651325,0.69921875
25704,0,CF1,L5,0.7,ns,2,2,0.9148115515708923,1,False,0.24546722454672246,0.2412831241283124,0.67578125
3190,0,CF1,L5,0.7,ns,7,7,0.849065899848938,1,False,0.2524407252440725,0.2524407252440725,0.70703125
737,0,CF1,L5,0.7,ns,4,4,0.7814346551895142,1,False,0.2398884239888424,0.2412831241283124,0.67578125
22875,0,CF1,L5,0.7,ns,9,9,0.8310777544975281,1,False,0.25383542538354253,0.26220362622036264,0.734375
22749,0,CF1,L5,0.7,ns,3,3,0.8599873185157776,1,False,0.2775453277545328,0.2482566248256625,0.6953125
22998,0,CF1,L5,0.7,ns,3,3,0.9484679102897644,1,False,0.2524407252440725,0.2510460251046025,0.703125
24210,0,CF1,L5,0.7,ns,5,5,0.8398517370223999,1,False,0.2608089260808926,0.2482566248256625,0.6953125
6800,0,CF1,L5,0.7,ns,4,4,0.6011868715286255,1,False,0.24546722454672246,0.25523012552301255,0.71484375
16602,0,CF1,L5,0.7,ns,9,3,0.3149854838848114,0,False,0.24267782426778242,0.25662482566248257,0.71875
10822,0,CF1,L5,0.7,ns,6,6,0.47679585218429565,1,False,0.2510460251046025,0.2649930264993027,0.7421875
12822,0,CF1,L5,0.7,ns,1,1,0.991588294506073,1,False,0.25523012552301255,0.25523012552301255,0.71484375
12758,0,CF1,L5,0.7,ns,5,5,0.9346697926521301,1,False,0.2649930264993027,0.2496513249651325,0.69921875
21144,0,CF1,L5,0.7,ns,4,4,0.973839521408081,1,False,0.23291492329149233,0.24407252440725244,0.68359375
4900,0,CF1,L5,0.7,ns,6,3,0.6320942640304565,0,False,0.23709902370990238,0.2524407252440725,0.70703125
22888,0,CF1,L5,0.7,ns,9,9,0.99321448802948,1,False,0.2733612273361227,0.2594142259414226,0.7265625
19935,0,CF1,L5,0.7,ns,9,5,0.3631170690059662,0,False,0.2398884239888424,0.24407252440725244,0.68359375
21896,0,CF1,L5,0.7,ns,7,7,0.9486786127090454,1,False,0.2580195258019526,0.2510460251046025,0.703125
3475,0,CF1,L5,0.7,ns,3,3,0.7122611403465271,1,False,0.26638772663877264,0.2510460251046025,0.703125
16171,0,CF1,L5,0.7,ns,0,0,0.9932968020439148,1,False,0.2733612273361227,0.2398884239888424,0.671875
4672,0,CF1,L5,0.7,ns,4,7,0.9323633313179016,0,False,0.2691771269177127,0.23430962343096234,0.65625
10146,0,CF1,L5,0.7,ns,2,2,0.9996681213378906,1,False,0.26220362622036264,0.24407252440725244,0.68359375
9207,0,CF1,L5,0.7,ns,7,7,0.528118371963501,1,False,0.24686192468619247,0.25383542538354253,0.7109375
17745,0,CF1,L5,0.7,ns,9,2,0.9978092312812805,0,False,0.24267782426778242,0.2412831241283124,0.67578125
432,0,CF1,L5,0.7,ns,7,7,0.5994611382484436,1,False,0.2524407252440725,0.2719665271966527,0.76171875
6608,0,CF1,L5,0.7,ns,4,4,0.8937925696372986,1,False,0.27615062761506276,0.2733612273361227,0.765625
25769,0,CF1,L5,0.7,ns,9,9,0.8159732222557068,1,False,0.2733612273361227,0.24686192468619247,0.69140625
14774,0,CF1,L5,0.7,ns,3,3,0.47350504994392395,1,False,0.25383542538354253,0.25383542538354253,0.7109375
21627,0,CF1,L5,0.7,ns,4,4,0.8235877156257629,1,False,0.2733612273361227,0.23709902370990238,0.6640625
8133,0,CF1,L5,0.7,ns,2,2,0.9996259212493896,1,False,0.2384937238493724,0.2412831241283124,0.67578125
12554,0,CF1,L5,0.7,ns,4,4,0.990505039691925,1,False,0.2691771269177127,0.2398884239888424,0.671875
10856,0,CF1,L5,0.7,ns,1,9,0.32987040281295776,0,False,0.2412831241283124,0.24686192468619247,0.69140625
15931,0,CF1,L5,0.7,ns,3,3,0.96368008852005,1,False,0.24267782426778242,0.24686192468619247,0.69140625
2367,0,CF1,L5,0.7,ns,2,2,0.8298760056495667,1,False,0.2608089260808926,0.2482566248256625,0.6953125
25563,0,CF1,L5,0.7,ns,7,7,0.779940128326416,1,False,0.24546722454672246,0.24546722454672246,0.6875
6748,0,CF1,L5,0.7,ns,2,2,0.9744730591773987,1,False,0.25662482566248257,0.24546722454672246,0.6875
5368,0,CF1,L5,0.7,ns,8,8,0.9937533736228943,1,False,0.2649930264993027,0.23430962343096234,0.65625
25951,0,CF1,L5,0.7,ns,6,6,0.897595226764679,1,False,0.2705718270571827,0.25662482566248257,0.71875
22082,0,CF1,L5,0.7,ns,7,7,0.9948039650917053,1,False,0.2496513249651325,0.24546722454672246,0.6875
19301,0,CF1,L5,0.7,ns,4,4,0.9909335374832153,1,False,0.25523012552301255,0.2482566248256625,0.6953125
13302,0,CF1,L5,0.7,ns,4,4,0.9709302186965942,1,False,0.28172942817294283,0.25662482566248257,0.71875
15358,0,CF1,L5,0.7,ns,0,0,0.6991000771522522,1,False,0.23570432357043236,0.2496513249651325,0.69921875
23572,0,CF1,L5,0.7,ns,2,2,0.8825977444648743,1,False,0.2649930264993027,0.2649930264993027,0.7421875
14736,0,CF1,L5,0.7,ns,4,4,0.9916069507598877,1,False,0.24407252440725244,0.2524407252440725,0.70703125
16685,0,CF1,L5,0.7,ns,2,2,0.8063725829124451,1,False,0.2524407252440725,0.24267782426778242,0.6796875
21902,0,CF1,L5,0.7,ns,7,7,0.39796656370162964,1,False,0.24686192468619247,0.2608089260808926,0.73046875
6713,0,CF1,L5,0.7,ns,5,6,0.29761803150177,0,False,0.21896792189679218,0.2705718270571827,0.7578125
8771,0,CF1,L5,0.7,ns,4,4,0.960304319858551,1,False,0.2608089260808926,0.25383542538354253,0.7109375
20264,0,CF1,L5,0.7,ns,3,6,0.5545052886009216,0,False,0.24267782426778242,0.25383542538354253,0.7109375
24489,0,CF1,L5,0.7,ns,1,1,0.9999361038208008,1,False,0.22873082287308227,0.25383542538354253,0.7109375
24852,0,CF1,L5,0.7,ns,1,4,0.6321371793746948,0,False,0.2175732217573222,0.25523012552301255,0.71484375
6746,0,CF1,L5,0.7,ns,1,1,0.7441717386245728,1,False,0.24407252440725244,0.2510460251046025,0.703125
5951,0,CF1,L5,0.7,ns,5,5,0.6999132633209229,1,False,0.24407252440725244,0.2524407252440725,0.70703125
6438,0,CF1,L5,0.7,ns,4,4,0.9975467324256897,1,False,0.24546722454672246,0.2510460251046025,0.703125
11126,0,CF1,L5,0.7,ns,9,6,0.6307211518287659,0,False,0.25662482566248257,0.25523012552301255,0.71484375
24241,0,CF1,L5,0.7,ns,3,3,0.5652449131011963,1,False,0.2789400278940028,0.26359832635983266,0.73828125
23621,0,CF1,L5,0.7,ns,6,6,0.5259585976600647,1,False,0.27475592747559274,0.2524407252440725,0.70703125
14358,0,CF1,L5,0.7,ns,6,3,0.39396175742149353,0,False,0.23709902370990238,0.24546722454672246,0.6875
19003,0,CF1,L5,0.7,ns,6,6,0.5228744149208069,1,False,0.24407252440725244,0.2580195258019526,0.72265625
3760,0,CF1,L5,0.7,ns,9,9,0.5973036289215088,1,False,0.2803347280334728,0.23570432357043236,0.66015625
1155,0,CF1,L5,0.7,ns,5,5,0.9880075454711914,1,False,0.2649930264993027,0.2496513249651325,0.69921875
22044,0,CF1,L5,0.7,ns,8,7,0.40864288806915283,0,False,0.2608089260808926,0.26220362622036264,0.734375
17521,0,CF1,L5,0.7,ns,4,4,0.924298107624054,1,False,0.2510460251046025,0.24267782426778242,0.6796875
15177,0,CF1,L5,0.7,ns,9,9,0.4904872477054596,1,False,0.2649930264993027,0.2524407252440725,0.70703125
21080,0,CF1,L5,0.7,ns,0,0,0.9711430072784424,1,False,0.2649930264993027,0.2524407252440725,0.70703125
4507,0,CF1,L5,0.7,ns,5,5,0.7230184674263,1,False,0.2594142259414226,0.2580195258019526,0.72265625
10600,0,CF1,L5,0.7,ns,7,7,0.7797717452049255,1,False,0.24267782426778242,0.2608089260808926,0.73046875
11754,0,CF1,L5,0.7,ns,1,1,0.997416615486145,1,False,0.2705718270571827,0.2315202231520223,0.6484375
22934,0,CF1,L5,0.7,ns,4,4,0.9069569706916809,1,False,0.2580195258019526,0.2482566248256625,0.6953125
19094,0,CF1,L5,0.7,ns,3,3,0.9995799660682678,1,False,0.2315202231520223,0.2510460251046025,0.703125
25246,0,CF1,L5,0.7,ns,7,7,0.8185693025588989,1,False,0.2384937238493724,0.2412831241283124,0.67578125
14745,0,CF1,L5,0.7,ns,2,2,0.9999183416366577,1,False,0.2580195258019526,0.24267782426778242,0.6796875
3177,0,CF1,L5,0.7,ns,8,9,0.4836994409561157,0,False,0.26220362622036264,0.24267782426778242,0.6796875
13870,0,CF1,L5,0.7,ns,5,1,0.30411121249198914,0,False,0.22733612273361228,0.2496513249651325,0.69921875
5605,0,CF1,L5,0.7,ns,6,6,0.820425808429718,1,False,0.23430962343096234,0.2524407252440725,0.70703125
5202,0,CF1,L5,0.7,ns,8,8,0.770493745803833,1,False,0.24407252440725244,0.2608089260808926,0.73046875
8800,0,CF1,L5,0.7,ns,5,5,0.9869260787963867,1,False,0.24546722454672246,0.2384937238493724,0.66796875
645,0,CF1,L5,0.7,ns,3,3,0.9773467183113098,1,False,0.2649930264993027,0.25523012552301255,0.71484375
16077,0,CF1,L5,0.7,ns,5,5,0.9586498737335205,1,False,0.25383542538354253,0.2580195258019526,0.72265625
15336,0,CF1,L5,0.7,ns,5,5,0.8860167264938354,1,False,0.24407252440725244,0.24267782426778242,0.6796875
20933,0,CF1,L5,0.7,ns,0,0,0.8787960410118103,1,False,0.2775453277545328,0.2580195258019526,0.72265625
10580,0,CF1,L5,0.7,ns,8,8,0.7007521390914917,1,False,0.2705718270571827,0.24686192468619247,0.69140625
25902,0,CF1,L5,0.7,ns,6,6,0.9505713582038879,1,False,0.2217573221757322,0.25383542538354253,0.7109375
4666,0,CF1,L5,0.7,ns,8,8,0.9990814924240112,1,False,0.24407252440725244,0.2398884239888424,0.671875
14541,0,CF1,L5,0.7,ns,4,4,0.9626668691635132,1,False,0.2524407252440725,0.24686192468619247,0.69140625
7374,0,CF1,L5,0.7,ns,5,5,0.8104214072227478,1,False,0.23709902370990238,0.2594142259414226,0.7265625
4697,0,CF1,L5,0.7,ns,5,0,0.4477016031742096,0,False,0.2496513249651325,0.25662482566248257,0.71875
6317,0,CF1,L5,0.7,ns,5,5,0.5310744643211365,1,False,0.2524407252440725,0.2482566248256625,0.6953125
16623,0,CF1,L5,0.7,ns,6,6,0.8348448872566223,1,False,0.28172942817294283,0.24546722454672246,0.6875
16511,0,CF1,L5,0.7,ns,6,5,0.5799247026443481,0,False,0.24407252440725244,0.27475592747559274,0.76953125
16162,0,CF1,L5,0.7,ns,3,3,0.592414915561676,1,False,0.2412831241283124,0.2649930264993027,0.7421875
5989,0,CF1,L5,0.7,ns,1,1,0.8837754130363464,1,False,0.26778242677824265,0.24546722454672246,0.6875
18753,0,CF1,L5,0.7,ns,5,5,0.822344183921814,1,False,0.2608089260808926,0.24407252440725244,0.68359375
20853,0,CF1,L5,0.7,ns,4,4,0.9417086839675903,1,False,0.2608089260808926,0.2524407252440725,0.70703125
16556,0,CF1,L5,0.7,ns,0,0,0.8115745782852173,1,False,0.2859135285913529,0.2580195258019526,0.72265625
7019,0,CF1,L5,0.7,ns,9,9,0.871235728263855,1,False,0.2608089260808926,0.24267782426778242,0.6796875
3090,0,CF1,L5,0.7,ns,6,6,0.9719142913818359,1,False,0.2594142259414226,0.25383542538354253,0.7109375
14680,0,CF1,L5,0.7,ns,3,3,0.9412804841995239,1,False,0.2719665271966527,0.26220362622036264,0.734375
869,0,CF1,L5,0.7,ns,3,3,0.5400133728981018,1,False,0.24407252440725244,0.25383542538354253,0.7109375
7595,0,CF1,L5,0.7,ns,6,6,0.7293125987052917,1,False,0.25383542538354253,0.24546722454672246,0.6875
14417,0,CF1,L5,0.7,ns,1,1,0.9523811936378479,1,False,0.23709902370990238,0.25662482566248257,0.71875
13624,0,CF1,L5,0.7,ns,9,9,0.9723560214042664,1,False,0.24686192468619247,0.24686192468619247,0.69140625
21083,0,CF1,L5,0.7,ns,0,0,0.9685361981391907,1,False,0.2733612273361227,0.22873082287308227,0.640625
7556,0,CF1,L5,0.7,ns,1,1,0.9931836724281311,1,False,0.2384937238493724,0.24267782426778242,0.6796875
9289,0,CF1,L5,0.7,ns,8,8,0.5508215427398682,1,False,0.26220362622036264,0.2524407252440725,0.70703125
19944,0,CF1,L5,0.7,ns,3,3,0.8146734833717346,1,False,0.2733612273361227,0.24407252440725244,0.68359375
6057,0,CF1,L5,0.7,ns,1,1,0.9370747804641724,1,False,0.2510460251046025,0.24546722454672246,0.6875
23029,0,CF1,L5,0.7,ns,8,0,0.29718706011772156,0,False,0.24546722454672246,0.25523012552301255,0.71484375
23668,0,CF1,L5,0.7,ns,5,5,0.9082052707672119,1,False,0.25662482566248257,0.25662482566248257,0.71875
13115,0,CF1,L5,0.7,ns,8,8,0.9073065519332886,1,False,0.2594142259414226,0.24686192468619247,0.69140625
20635,0,CF1,L5,0.7,ns,3,3,0.3985464870929718,1,False,0.2789400278940028,0.2203626220362622,0.6171875
4281,0,CF1,L5,0.7,ns,4,4,0.9492922425270081,1,False,0.26359832635983266,0.2496513249651325,0.69921875
4139,0,CF1,L5,0.7,ns,9,9,0.444569855928421,1,False,0.2482566248256625,0.25523012552301255,0.71484375
10652,0,CF1,L5,0.7,ns,1,1,0.9594453573226929,1,False,0.2412831241283124,0.24686192468619247,0.69140625
700,0,CF1,L5,0.7,ns,1,1,0.9891031980514526,1,False,0.2900976290097629,0.2482566248256625,0.6953125
5772,0,CF1,L5,0.7,ns,3,3,0.2860773801803589,1,False,0.2384937238493724,0.2524407252440725,0.70703125
8114,0,CF1,L5,0.7,ns,9,0,0.49308520555496216,0,False,0.2705718270571827,0.2482566248256625,0.6953125
5964,0,CF1,L5,0.7,ns,6,6,0.4641663432121277,1,False,0.23570432357043236,0.2496513249651325,0.69921875
17278,0,CF1,L5,0.7,ns,7,2,0.9155452251434326,0,False,0.23291492329149233,0.2580195258019526,0.72265625
9961,0,CF1,L5,0.7,ns,0,0,0.4705830514431,1,False,0.28172942817294283,0.24407252440725244,0.68359375
25974,0,CF1,L5,0.7,ns,7,7,0.9980979561805725,1,False,0.26638772663877264,0.24686192468619247,0.69140625
14317,0,CF1,L5,0.7,ns,3,3,0.756215512752533,1,False,0.2649930264993027,0.2398884239888424,0.671875
6485,0,CF1,L5,0.7,ns,0,0,0.9973963499069214,1,False,0.2496513249651325,0.2398884239888424,0.671875
18287,0,CF1,L5,0.7,ns,0,0,0.8337962627410889,1,False,0.2691771269177127,0.2580195258019526,0.72265625
11840,0,CF1,L5,0.7,ns,4,4,0.8752227425575256,1,False,0.24267782426778242,0.2315202231520223,0.6484375
864,0,CF1,L5,0.7,ns,0,0,0.9821745157241821,1,False,0.24546722454672246,0.23430962343096234,0.65625
20612,0,CF1,L5,0.7,ns,1,1,0.46142882108688354,1,False,0.2510460251046025,0.25662482566248257,0.71875
21079,0,CF1,L5,0.7,ns,1,1,0.9993265867233276,1,False,0.24407252440725244,0.23570432357043236,0.66015625
11286,0,CF1,L5,0.7,ns,5,5,0.9128666520118713,1,False,0.2859135285913529,0.2580195258019526,0.72265625
788,0,CF1,L5,0.7,ns,0,0,0.7371004819869995,1,False,0.2510460251046025,0.24686192468619247,0.69140625
15932,0,CF1,L5,0.7,ns,3,3,0.8749608993530273,1,False,0.23709902370990238,0.24686192468619247,0.69140625
18511,0,CF1,L5,0.7,ns,3,3,0.930140495300293,1,False,0.2594142259414226,0.25662482566248257,0.71875
21576,0,CF1,L5,0.7,ns,5,1,0.5571177005767822,0,False,0.23430962343096234,0.24267782426778242,0.6796875
17237,0,CF1,L5,0.7,ns,2,2,0.9976307153701782,1,False,0.2482566248256625,0.24686192468619247,0.69140625
2966,0,CF1,L5,0.7,ns,2,2,0.9999792575836182,1,False,0.24407252440725244,0.2510460251046025,0.703125
16416,0,CF1,L5,0.7,ns,5,5,0.9854200482368469,1,False,0.2594142259414226,0.25383542538354253,0.7109375
1280,0,CF1,L5,0.7,ns,5,5,0.7650642991065979,1,False,0.24407252440725244,0.2510460251046025,0.703125
24928,0,CF1,L5,0.7,ns,0,0,0.8621249794960022,1,False,0.26220362622036264,0.24686192468619247,0.69140625
23837,0,CF1,L5,0.7,ns,1,1,0.6716809868812561,1,False,0.25383542538354253,0.24407252440725244,0.68359375
20230,0,CF1,L5,0.7,ns,1,1,0.946056604385376,1,False,0.25523012552301255,0.2496513249651325,0.69921875
23434,0,CF1,L5,0.7,ns,5,5,0.9225784540176392,1,False,0.2496513249651325,0.2482566248256625,0.6953125
20522,0,CF1,L5,0.7,ns,6,1,0.3464357554912567,0,False,0.2482566248256625,0.24267782426778242,0.6796875
7789,0,CF1,L5,0.7,ns,3,1,0.23614799976348877,0,False,0.2524407252440725,0.2412831241283124,0.67578125
22086,0,CF1,L5,0.7,ns,6,6,0.9689854979515076,1,False,0.2580195258019526,0.2398884239888424,0.671875
21339,0,CF1,L5,0.7,ns,0,8,0.3446600139141083,0,False,0.25662482566248257,0.25383542538354253,0.7109375
6830,0,CF1,L5,0.7,ns,9,9,0.9986547231674194,1,False,0.2691771269177127,0.2580195258019526,0.72265625
20902,0,CF1,L5,0.7,ns,2,2,0.9725385308265686,1,False,0.2649930264993027,0.25523012552301255,0.71484375
17481,0,CF1,L5,0.7,ns,5,5,0.9512887597084045,1,False,0.25523012552301255,0.2398884239888424,0.671875
3050,0,CF1,L5,0.7,ns,6,6,0.5348882079124451,1,False,0.23291492329149233,0.2398884239888424,0.671875
409,0,CF1,L5,0.7,ns,1,4,0.7382570505142212,0,False,0.2412831241283124,0.25662482566248257,0.71875
14823,0,CF1,L5,0.7,ns,7,7,0.7396254539489746,1,False,0.23709902370990238,0.2496513249651325,0.69921875
22892,0,CF1,L5,0.7,ns,9,9,0.36464253067970276,1,False,0.2580195258019526,0.2733612273361227,0.765625
9470,0,CF1,L5,0.7,ns,8,8,0.3501623272895813,1,False,0.2301255230125523,0.2524407252440725,0.70703125
9543,0,CF1,L5,0.7,ns,6,8,0.5770990252494812,0,False,0.2649930264993027,0.25523012552301255,0.71484375
22090,0,CF1,L5,0.7,ns,5,5,0.9883964657783508,1,False,0.2482566248256625,0.24407252440725244,0.68359375
6045,0,CF1,L5,0.7,ns,6,6,0.9803666472434998,1,False,0.25662482566248257,0.24267782426778242,0.6796875
317,0,CF1,L5,0.7,ns,8,8,0.9484988451004028,1,False,0.2691771269177127,0.2482566248256625,0.6953125
15812,0,CF1,L5,0.7,ns,0,0,0.9211368560791016,1,False,0.2803347280334728,0.26220362622036264,0.734375
18170,0,CF1,L5,0.7,ns,9,9,0.9236404895782471,1,False,0.2217573221757322,0.2580195258019526,0.72265625
14781,0,CF1,L5,0.7,ns,0,8,0.20825739204883575,0,False,0.23291492329149233,0.2384937238493724,0.66796875
17886,0,CF1,L5,0.7,ns,9,9,0.7329652309417725,1,False,0.24686192468619247,0.25383542538354253,0.7109375
20049,0,CF1,L5,0.7,ns,3,0,0.6010470390319824,0,False,0.25383542538354253,0.25383542538354253,0.7109375
13283,0,CF1,L5,0.7,ns,0,0,0.8773108720779419,1,False,0.2580195258019526,0.2524407252440725,0.70703125
25830,0,CF1,L5,0.7,ns,5,5,0.9914280772209167,1,False,0.2524407252440725,0.26220362622036264,0.734375
14277,0,CF1,L5,0.7,ns,9,9,0.8014698028564453,1,False,0.26220362622036264,0.23291492329149233,0.65234375
5908,0,CF1,L5,0.7,ns,1,1,0.9970248341560364,1,False,0.2733612273361227,0.24267782426778242,0.6796875
9731,0,CF1,L5,0.7,ns,8,8,0.8553126454353333,1,False,0.2524407252440725,0.2301255230125523,0.64453125
14180,0,CF1,L5,0.7,ns,9,9,0.9904623627662659,1,False,0.2705718270571827,0.2398884239888424,0.671875
9246,0,CF1,L5,0.7,ns,2,2,0.9932793974876404,1,False,0.24686192468619247,0.2496513249651325,0.69921875
1656,0,CF1,L5,0.7,ns,2,2,0.49807634949684143,1,False,0.26638772663877264,0.24546722454672246,0.6875
17712,0,CF1,L5,0.7,ns,1,1,0.8079456686973572,1,False,0.2482566248256625,0.2384937238493724,0.66796875
25544,0,CF1,L5,0.7,ns,9,9,0.5254801511764526,1,False,0.24407252440725244,0.25383542538354253,0.7109375
1120,0,CF1,L5,0.7,ns,5,5,0.9925812482833862,1,False,0.23570432357043236,0.2594142259414226,0.7265625
1298,0,CF1,L5,0.7,ns,6,6,0.8527922630310059,1,False,0.2594142259414226,0.25383542538354253,0.7109375
25570,0,CF1,L5,0.7,ns,2,2,0.9198020100593567,1,False,0.26220362622036264,0.2510460251046025,0.703125
5370,0,CF1,L5,0.7,ns,7,7,0.818597137928009,1,False,0.26638772663877264,0.2384937238493724,0.66796875
19075,0,CF1,L5,0.7,ns,2,2,0.9826558828353882,1,False,0.2803347280334728,0.2482566248256625,0.6953125
8583,0,CF1,L5,0.7,ns,0,1,0.22717800736427307,0,False,0.25523012552301255,0.2580195258019526,0.72265625
2133,0,CF1,L5,0.7,ns,0,0,0.2518724501132965,1,False,0.18688981868898186,0.2482566248256625,0.6953125
1982,0,CF1,L5,0.7,ns,2,2,0.9693868160247803,1,False,0.2608089260808926,0.25662482566248257,0.71875
950,0,CF1,L5,0.7,ns,8,2,0.40859633684158325,0,False,0.23430962343096234,0.24546722454672246,0.6875
19563,0,CF1,L5,0.7,ns,4,4,0.9587419033050537,1,False,0.2384937238493724,0.2524407252440725,0.70703125
21023,0,CF1,L5,0.7,ns,6,6,0.8680967092514038,1,False,0.2482566248256625,0.2524407252440725,0.70703125
15687,0,CF1,L5,0.7,ns,0,0,0.44958940148353577,1,False,0.25523012552301255,0.25523012552301255,0.71484375
6444,0,CF1,L5,0.7,ns,6,6,0.7698071002960205,1,False,0.2315202231520223,0.25383542538354253,0.7109375
15735,0,CF1,L5,0.7,ns,4,4,0.9984492063522339,1,False,0.2733612273361227,0.25662482566248257,0.71875
10651,0,CF1,L5,0.7,ns,0,0,0.3327883183956146,1,False,0.26220362622036264,0.24686192468619247,0.69140625
13256,0,CF1,L5,0.7,ns,1,1,0.9937584400177002,1,False,0.24686192468619247,0.2384937238493724,0.66796875
16855,0,CF1,L5,0.7,ns,6,6,0.2793726921081543,1,False,0.2594142259414226,0.2524407252440725,0.70703125
14884,0,CF1,L5,0.7,ns,9,9,0.9623639583587646,1,False,0.2315202231520223,0.2691771269177127,0.75390625
21884,0,CF1,L5,0.7,ns,6,6,0.6167005896568298,1,False,0.23709902370990238,0.2398884239888424,0.671875
5078,0,CF1,L5,0.7,ns,3,6,0.40934208035469055,0,False,0.2775453277545328,0.2398884239888424,0.671875
20419,0,CF1,L5,0.7,ns,9,2,0.6471425294876099,0,False,0.28451882845188287,0.27475592747559274,0.76953125
20521,0,CF1,L5,0.7,ns,5,5,0.8992300629615784,1,False,0.23570432357043236,0.2482566248256625,0.6953125
23257,0,CF1,L5,0.7,ns,5,5,0.5879949927330017,1,False,0.2580195258019526,0.2608089260808926,0.73046875
17190,0,CF1,L5,0.7,ns,2,2,0.9571003913879395,1,False,0.2510460251046025,0.2580195258019526,0.72265625
15631,0,CF1,L5,0.7,ns,8,8,0.9486614465713501,1,False,0.2398884239888424,0.2496513249651325,0.69921875
504,0,CF1,L5,0.7,ns,0,0,0.7720000147819519,1,False,0.24267782426778242,0.2384937238493724,0.66796875
14990,0,CF1,L5,0.7,ns,3,3,0.9984715580940247,1,False,0.2775453277545328,0.2496513249651325,0.69921875
24512,0,CF1,L5,0.7,ns,8,8,0.8543612360954285,1,False,0.23430962343096234,0.2496513249651325,0.69921875
23120,0,CF1,L5,0.7,ns,7,1,0.8410532474517822,0,False,0.2482566248256625,0.26220362622036264,0.734375
3357,0,CF1,L5,0.7,ns,2,2,0.9942882061004639,1,False,0.2719665271966527,0.2496513249651325,0.69921875
8088,0,CF1,L5,0.7,ns,1,1,0.882364809513092,1,False,0.24546722454672246,0.23570432357043236,0.66015625
21849,0,CF1,L5,0.7,ns,9,9,0.7388549447059631,1,False,0.2649930264993027,0.24546722454672246,0.6875
13683,0,CF1,L5,0.7,ns,0,0,0.9215282201766968,1,False,0.25523012552301255,0.2384937238493724,0.66796875
22718,0,CF1,L5,0.7,ns,9,3,0.8240894079208374,0,False,0.2510460251046025,0.2384937238493724,0.66796875
9927,0,CF1,L5,0.7,ns,4,4,0.9405261278152466,1,False,0.2496513249651325,0.24686192468619247,0.69140625
11425,0,CF1,L5,0.7,ns,0,0,0.858902633190155,1,False,0.23570432357043236,0.2524407252440725,0.70703125
14578,0,CF1,L5,0.7,ns,0,1,0.4955620765686035,0,False,0.2928870292887029,0.23709902370990238,0.6640625
25481,0,CF1,L5,0.7,ns,8,8,0.5852154493331909,1,False,0.2608089260808926,0.25662482566248257,0.71875
11269,0,CF1,L5,0.7,ns,5,5,0.9969056248664856,1,False,0.2482566248256625,0.23709902370990238,0.6640625
12877,0,CF1,L5,0.7,ns,5,5,0.8717193007469177,1,False,0.2594142259414226,0.2496513249651325,0.69921875
22531,0,CF1,L5,0.7,ns,9,9,0.23197363317012787,1,False,0.2398884239888424,0.25523012552301255,0.71484375
13150,0,CF1,L5,0.7,ns,3,1,0.3246265649795532,0,False,0.2580195258019526,0.25383542538354253,0.7109375
5654,0,CF1,L5,0.7,ns,8,8,0.4144684672355652,1,False,0.24686192468619247,0.26778242677824265,0.75
1286,0,CF1,L5,0.7,ns,7,7,0.9713890552520752,1,False,0.23570432357043236,0.24686192468619247,0.69140625
1652,0,CF1,L5,0.7,ns,1,1,0.9968971014022827,1,False,0.23709902370990238,0.2510460251046025,0.703125
22335,0,CF1,L5,0.7,ns,2,9,0.5087358355522156,0,False,0.2705718270571827,0.2496513249651325,0.69921875
23848,0,CF1,L5,0.7,ns,3,3,0.8155450820922852,1,False,0.24546722454672246,0.2580195258019526,0.72265625
2892,0,CF1,L5,0.7,ns,6,6,0.9706470966339111,1,False,0.25662482566248257,0.2482566248256625,0.6953125
16530,0,CF1,L5,0.7,ns,8,8,0.899113655090332,1,False,0.2691771269177127,0.2580195258019526,0.72265625
12848,0,CF1,L5,0.7,ns,8,8,0.9655237197875977,1,False,0.28451882845188287,0.24267782426778242,0.6796875
7330,0,CF1,L5,0.7,ns,7,7,0.91254061460495,1,False,0.24267782426778242,0.2580195258019526,0.72265625
3676,0,CF1,L5,0.7,ns,1,1,0.9628872275352478,1,False,0.25523012552301255,0.23430962343096234,0.65625
19966,0,CF1,L5,0.7,ns,8,8,0.7747347354888916,1,False,0.21896792189679218,0.24686192468619247,0.69140625
8382,0,CF1,L5,0.7,ns,5,6,0.5441713333129883,0,False,0.24686192468619247,0.25523012552301255,0.71484375
19660,0,CF1,L5,0.7,ns,7,5,0.4385754466056824,0,False,0.25383542538354253,0.2524407252440725,0.70703125
2508,0,CF1,L5,0.7,ns,9,9,0.5636339783668518,1,False,0.27475592747559274,0.2580195258019526,0.72265625
2360,0,CF1,L5,0.7,ns,4,4,0.7532920241355896,1,False,0.2914923291492329,0.2524407252440725,0.70703125
16796,0,CF1,L5,0.7,ns,1,1,0.9872429370880127,1,False,0.29707112970711297,0.2482566248256625,0.6953125
23426,0,CF1,L5,0.7,ns,9,0,0.39164355397224426,0,False,0.25523012552301255,0.25383542538354253,0.7109375
15590,0,CF1,L5,0.7,ns,2,9,0.5805670619010925,0,False,0.2482566248256625,0.2482566248256625,0.6953125
6302,0,CF1,L5,0.7,ns,3,3,0.7378259301185608,1,False,0.24267782426778242,0.24686192468619247,0.69140625
24519,0,CF1,L5,0.7,ns,7,7,0.656598687171936,1,False,0.26778242677824265,0.22873082287308227,0.640625
23276,0,CF1,L5,0.7,ns,2,3,0.2945220172405243,0,False,0.23291492329149233,0.2608089260808926,0.73046875
24566,0,CF1,L5,0.7,ns,8,8,0.8757328391075134,1,False,0.2510460251046025,0.24267782426778242,0.6796875
20978,0,CF1,L5,0.7,ns,1,4,0.9549485445022583,0,False,0.2580195258019526,0.2608089260808926,0.73046875
8990,0,CF1,L5,0.7,ns,3,3,0.776679515838623,1,False,0.27475592747559274,0.2496513249651325,0.69921875
11061,0,CF1,L5,0.7,ns,7,7,0.8558617234230042,1,False,0.2789400278940028,0.25662482566248257,0.71875
7075,0,CF1,L5,0.7,ns,9,5,0.7662941217422485,0,False,0.2482566248256625,0.24686192468619247,0.69140625
17641,0,CF1,L5,0.7,ns,2,2,0.9992938041687012,1,False,0.2524407252440725,0.25383542538354253,0.7109375
12077,0,CF1,L5,0.7,ns,9,9,0.9740671515464783,1,False,0.24546722454672246,0.2608089260808926,0.73046875
1779,0,CF1,L5,0.7,ns,7,7,0.9902572631835938,1,False,0.2398884239888424,0.2580195258019526,0.72265625
11519,0,CF1,L5,0.7,ns,4,4,0.7138077020645142,1,False,0.26778242677824265,0.2412831241283124,0.67578125
8549,0,CF1,L5,0.7,ns,3,3,0.45441222190856934,1,False,0.23570432357043236,0.2510460251046025,0.703125
14623,0,CF1,L5,0.7,ns,6,5,0.31287211179733276,0,False,0.2649930264993027,0.24546722454672246,0.6875
10846,0,CF1,L5,0.7,ns,3,3,0.9973384737968445,1,False,0.2580195258019526,0.2580195258019526,0.72265625
16289,0,CF1,L5,0.7,ns,3,3,0.8596819639205933,1,False,0.25383542538354253,0.2482566248256625,0.6953125
12311,0,CF1,L5,0.7,ns,8,8,0.6860584616661072,1,False,0.25523012552301255,0.24407252440725244,0.68359375
6068,0,CF1,L5,0.7,ns,8,8,0.7740316987037659,1,False,0.24546722454672246,0.26359832635983266,0.73828125
9629,0,CF1,L5,0.7,ns,6,6,0.8019383549690247,1,False,0.27615062761506276,0.2412831241283124,0.67578125
19560,0,CF1,L5,0.7,ns,3,9,0.4285292327404022,0,False,0.23709902370990238,0.24267782426778242,0.6796875
10379,0,CF1,L5,0.7,ns,8,8,0.9009729623794556,1,False,0.2524407252440725,0.24546722454672246,0.6875
6499,0,CF1,L5,0.7,ns,9,6,0.5865588188171387,0,False,0.24267782426778242,0.24546722454672246,0.6875
1159,0,CF1,L5,0.7,ns,0,0,0.8533370494842529,1,False,0.24267782426778242,0.2398884239888424,0.671875
4366,0,CF1,L5,0.7,ns,7,7,0.9683446288108826,1,False,0.2608089260808926,0.25383542538354253,0.7109375
8397,0,CF1,L5,0.7,ns,1,0,0.7255468368530273,0,False,0.26778242677824265,0.24546722454672246,0.6875
20905,0,CF1,L5,0.7,ns,9,9,0.49090710282325745,1,False,0.2412831241283124,0.2412831241283124,0.67578125
15746,0,CF1,L5,0.7,ns,5,5,0.7859364748001099,1,False,0.26359832635983266,0.2524407252440725,0.70703125
9402,0,CF1,L5,0.7,ns,3,8,0.9247471690177917,0,False,0.2398884239888424,0.26778242677824265,0.75
8164,0,CF1,L5,0.7,ns,2,1,0.3345477879047394,0,False,0.26220362622036264,0.2510460251046025,0.703125
510,0,CF1,L5,0.7,ns,5,5,0.5345187187194824,1,False,0.2691771269177127,0.2496513249651325,0.69921875
24070,0,CF1,L5,0.7,ns,9,1,0.5710902214050293,0,False,0.2594142259414226,0.2594142259414226,0.7265625
2401,0,CF1,L5,0.7,ns,4,4,0.9825228452682495,1,False,0.24267782426778242,0.26220362622036264,0.734375
12147,0,CF1,L5,0.7,ns,3,3,0.6388810873031616,1,False,0.22733612273361228,0.2649930264993027,0.7421875
14499,0,CF1,L5,0.7,ns,6,6,0.8266438245773315,1,False,0.23709902370990238,0.23709902370990238,0.6640625
3530,0,CF1,L5,0.7,ns,6,6,0.9851880073547363,1,False,0.2384937238493724,0.2482566248256625,0.6953125
14723,0,CF1,L5,0.7,ns,7,2,0.5827612280845642,0,False,0.24546722454672246,0.22873082287308227,0.640625
4435,0,CF1,L5,0.7,ns,3,3,0.9193699359893799,1,False,0.24686192468619247,0.2524407252440725,0.70703125
22852,0,CF1,L5,0.7,ns,2,2,0.4204292893409729,1,False,0.23709902370990238,0.24546722454672246,0.6875
8461,0,CF1,L5,0.7,ns,3,3,0.9955244064331055,1,False,0.2315202231520223,0.24407252440725244,0.68359375
21972,0,CF1,L5,0.7,ns,7,7,0.9028409123420715,1,False,0.2608089260808926,0.2496513249651325,0.69921875
5410,0,CF1,L5,0.7,ns,4,4,0.8603898882865906,1,False,0.2608089260808926,0.24407252440725244,0.68359375
17754,0,CF1,L5,0.7,ns,6,6,0.9035264849662781,1,False,0.26638772663877264,0.25523012552301255,0.71484375
15311,0,CF1,L5,0.7,ns,2,2,0.9919652938842773,1,False,0.27475592747559274,0.2719665271966527,0.76171875
15185,0,CF1,L5,0.7,ns,1,1,0.9024184942245483,1,False,0.2594142259414226,0.24546722454672246,0.6875
5663,0,CF1,L5,0.7,ns,4,4,0.6168636679649353,1,False,0.2803347280334728,0.25523012552301255,0.71484375
6247,0,CF1,L5,0.7,ns,6,3,0.550484836101532,0,False,0.24267782426778242,0.25523012552301255,0.71484375
15287,0,CF1,L5,0.7,ns,0,2,0.5912013649940491,0,False,0.26359832635983266,0.24686192468619247,0.69140625
19902,0,CF1,L5,0.7,ns,0,0,0.7775566577911377,1,False,0.25662482566248257,0.25662482566248257,0.71875
25188,0,CF1,L5,0.7,ns,4,4,0.8092846274375916,1,False,0.25523012552301255,0.2594142259414226,0.7265625
11195,0,CF1,L5,0.7,ns,8,8,0.4665575623512268,1,False,0.23291492329149233,0.26220362622036264,0.734375
4828,0,CF1,L5,0.7,ns,7,9,0.2573203444480896,0,False,0.27615062761506276,0.2580195258019526,0.72265625
23751,0,CF1,L5,0.7,ns,5,5,0.8241614103317261,1,False,0.2649930264993027,0.2412831241283124,0.67578125
9464,0,CF1,L5,0.7,ns,3,3,0.5007593631744385,1,False,0.25383542538354253,0.24686192468619247,0.69140625
25723,0,CF1,L5,0.7,ns,0,0,0.931374192237854,1,False,0.23430962343096234,0.26359832635983266,0.73828125
16859,0,CF1,L5,0.7,ns,5,5,0.8344851732254028,1,False,0.2580195258019526,0.2482566248256625,0.6953125
3601,0,CF1,L5,0.7,ns,1,1,0.9971174001693726,1,False,0.2691771269177127,0.2594142259414226,0.7265625
11679,0,CF1,L5,0.7,ns,6,6,0.9800896644592285,1,False,0.2482566248256625,0.24686192468619247,0.69140625
12135,0,CF1,L5,0.7,ns,7,1,0.49667608737945557,0,False,0.2608089260808926,0.2384937238493724,0.66796875
16329,0,CF1,L5,0.7,ns,1,1,0.6533430814743042,1,False,0.2510460251046025,0.2315202231520223,0.6484375
94,0,CF1,L5,0.7,ns,4,4,0.4590689241886139,1,False,0.25662482566248257,0.23430962343096234,0.65625
14517,0,CF1,L5,0.7,ns,9,5,0.3923298120498657,0,False,0.26778242677824265,0.2580195258019526,0.72265625
16852,0,CF1,L5,0.7,ns,3,3,0.9923306703567505,1,False,0.2217573221757322,0.26220362622036264,0.734375
6852,0,CF1,L5,0.7,ns,6,6,0.3119783401489258,1,False,0.2775453277545328,0.2524407252440725,0.70703125
24858,0,CF1,L5,0.7,ns,3,3,0.9894399046897888,1,False,0.2691771269177127,0.2594142259414226,0.7265625
297,0,CF1,L5,0.7,ns,9,9,0.7392982244491577,1,False,0.27615062761506276,0.2384937238493724,0.66796875
12339,0,CF1,L5,0.7,ns,2,2,0.999482274055481,1,False,0.2691771269177127,0.2510460251046025,0.703125
20811,0,CF1,L5,0.7,ns,8,8,0.6950511336326599,1,False,0.2315202231520223,0.26359832635983266,0.73828125
12439,0,CF1,L5,0.7,ns,5,5,0.6739031076431274,1,False,0.2496513249651325,0.25383542538354253,0.7109375
16632,0,CF1,L5,0.7,ns,9,0,0.9308651089668274,0,False,0.2705718270571827,0.2482566248256625,0.6953125
5798,0,CF1,L5,0.7,ns,4,4,0.585077166557312,1,False,0.2524407252440725,0.24686192468619247,0.69140625
18458,0,CF1,L5,0.7,ns,3,3,0.9680064916610718,1,False,0.2775453277545328,0.2496513249651325,0.69921875
6105,0,CF1,L5,0.7,ns,5,5,0.8446570038795471,1,False,0.26778242677824265,0.2580195258019526,0.72265625
10321,0,CF1,L5,0.7,ns,6,6,0.878190815448761,1,False,0.26638772663877264,0.24686192468619247,0.69140625
21771,0,CF1,L5,0.7,ns,7,7,0.9902095794677734,1,False,0.2482566248256625,0.2496513249651325,0.69921875
22194,0,CF1,L5,0.7,ns,0,0,0.9660846590995789,1,False,0.2691771269177127,0.25383542538354253,0.7109375
6,0,CF1,L5,0.7,ns,9,9,0.5907963514328003,1,False,0.23570432357043236,0.24686192468619247,0.69140625
912,0,CF1,L5,0.7,ns,7,7,0.9626795649528503,1,False,0.2705718270571827,0.2496513249651325,0.69921875
16910,0,CF1,L5,0.7,ns,5,5,0.8807529211044312,1,False,0.26638772663877264,0.2608089260808926,0.73046875
18738,0,CF1,L5,0.7,ns,7,7,0.9965437054634094,1,False,0.2175732217573222,0.25383542538354253,0.7109375
18020,0,CF1,L5,0.7,ns,9,9,0.7924262881278992,1,False,0.22873082287308227,0.2510460251046025,0.703125
3462,0,CF1,L5,0.7,ns,8,5,0.3617194890975952,0,False,0.26220362622036264,0.25523012552301255,0.71484375
5696,0,CF1,L5,0.7,ns,1,0,0.2972992956638336,0,False,0.2719665271966527,0.2594142259414226,0.7265625
15066,0,CF1,L5,0.7,ns,3,3,0.9510486125946045,1,False,0.27475592747559274,0.24267782426778242,0.6796875
10653,0,CF1,L5,0.7,ns,9,9,0.4645640552043915,1,False,0.2719665271966527,0.26220362622036264,0.734375
13337,0,CF1,L5,0.7,ns,2,2,0.9937571287155151,1,False,0.2580195258019526,0.2398884239888424,0.671875
12340,0,CF1,L5,0.7,ns,5,5,0.9868065714836121,1,False,0.21199442119944212,0.25383542538354253,0.7109375
9536,0,CF1,L5,0.7,ns,0,0,0.9869437217712402,1,False,0.2775453277545328,0.23430962343096234,0.65625
3566,0,CF1,L5,0.7,ns,4,4,0.7936913967132568,1,False,0.2384937238493724,0.2524407252440725,0.70703125
20090,0,CF1,L5,0.7,ns,4,4,0.8286378979682922,1,False,0.24686192468619247,0.2580195258019526,0.72265625
211,0,CF1,L5,0.7,ns,0,0,0.8489437699317932,1,False,0.2496513249651325,0.24686192468619247,0.69140625
55,0,CF1,L5,0.7,ns,8,6,0.7287423610687256,0,False,0.2412831241283124,0.24407252440725244,0.68359375
1477,0,CF1,L5,0.7,ns,2,1,0.22670520842075348,0,False,0.2719665271966527,0.24686192468619247,0.69140625
25898,0,CF1,L5,0.7,ns,0,6,0.7280001640319824,0,False,0.2580195258019526,0.2580195258019526,0.72265625
25713,0,CF1,L5,0.7,ns,0,0,0.681672215461731,1,False,0.2301255230125523,0.24686192468619247,0.69140625
18055,0,CF1,L5,0.7,ns,3,3,0.9912838935852051,1,False,0.24267782426778242,0.2496513249651325,0.69921875
17461,0,CF1,L5,0.7,ns,3,3,0.9349644780158997,1,False,0.23709902370990238,0.26359832635983266,0.73828125
14237,0,CF1,L5,0.7,ns,7,7,0.9444999098777771,1,False,0.24267782426778242,0.2594142259414226,0.7265625
13858,0,CF1,L5,0.7,ns,1,1,0.9982414245605469,1,False,0.2649930264993027,0.23430962343096234,0.65625
12386,0,CF1,L5,0.7,ns,5,5,0.5461224913597107,1,False,0.22594142259414227,0.26220362622036264,0.734375
7223,0,CF1,L5,0.7,ns,9,9,0.9770945906639099,1,False,0.26220362622036264,0.26778242677824265,0.75
3153,0,CF1,L5,0.7,ns,5,5,0.47402504086494446,1,False,0.22873082287308227,0.2510460251046025,0.703125
23265,0,CF1,L5,0.7,ns,8,6,0.2628604769706726,0,False,0.25383542538354253,0.2496513249651325,0.69921875
9465,0,CF1,L5,0.7,ns,0,8,0.4314262866973877,0,False,0.2510460251046025,0.24686192468619247,0.69140625
7419,0,CF1,L5,0.7,ns,0,0,0.7288827896118164,1,False,0.25383542538354253,0.26778242677824265,0.75
4722,0,CF1,L5,0.7,ns,6,6,0.7858960628509521,1,False,0.2301255230125523,0.25662482566248257,0.71875
23448,0,CF1,L5,0.7,ns,6,6,0.48348429799079895,1,False,0.25662482566248257,0.2580195258019526,0.72265625
8222,0,CF1,L5,0.7,ns,2,2,0.899036169052124,1,False,0.2384937238493724,0.23709902370990238,0.6640625
20898,0,CF1,L5,0.7,ns,8,8,0.8384863138198853,1,False,0.28870292887029286,0.23709902370990238,0.6640625
23313,0,CF1,L5,0.7,ns,2,2,0.9966615438461304,1,False,0.2719665271966527,0.2580195258019526,0.72265625
13426,0,CF1,L5,0.7,ns,2,2,0.9866592884063721,1,False,0.24686192468619247,0.2691771269177127,0.75390625
25136,0,CF1,L5,0.7,ns,4,4,0.9985878467559814,1,False,0.28870292887029286,0.22733612273361228,0.63671875
9268,0,CF1,L5,0.7,ns,4,4,0.9926801919937134,1,False,0.26638772663877264,0.23430962343096234,0.65625
3892,0,CF1,L5,0.7,ns,1,1,0.9984385371208191,1,False,0.2482566248256625,0.24407252440725244,0.68359375
4115,0,CF1,L5,0.7,ns,3,0,0.7305991649627686,0,False,0.2384937238493724,0.25523012552301255,0.71484375
5166,0,CF1,L5,0.7,ns,7,7,0.9805777072906494,1,False,0.28172942817294283,0.2594142259414226,0.7265625
14984,0,CF1,L5,0.7,ns,3,2,0.46034085750579834,0,False,0.2594142259414226,0.2510460251046025,0.703125
10520,0,CF1,L5,0.7,ns,1,1,0.5255483984947205,1,False,0.2496513249651325,0.2594142259414226,0.7265625
4379,0,CF1,L5,0.7,ns,2,2,0.999803364276886,1,False,0.2691771269177127,0.2524407252440725,0.70703125
8937,0,CF1,L5,0.7,ns,1,1,0.9750359654426575,1,False,0.25662482566248257,0.2384937238493724,0.66796875
17550,0,CF1,L5,0.7,ns,9,9,0.9839525818824768,1,False,0.2705718270571827,0.24686192468619247,0.69140625
19085,0,CF1,L5,0.7,ns,9,9,0.9762384295463562,1,False,0.2608089260808926,0.25383542538354253,0.7109375
17902,0,CF1,L5,0.7,ns,6,6,0.6909104585647583,1,False,0.26359832635983266,0.2482566248256625,0.6953125
14780,0,CF1,L5,0.7,ns,8,3,0.4981381595134735,0,False,0.2580195258019526,0.2608089260808926,0.73046875
8401,0,CF1,L5,0.7,ns,0,6,0.9420231580734253,0,False,0.2649930264993027,0.2608089260808926,0.73046875
11230,0,CF1,L5,0.7,ns,2,2,0.9021614789962769,1,False,0.27475592747559274,0.2691771269177127,0.75390625
1772,0,CF1,L5,0.7,ns,3,3,0.9707616567611694,1,False,0.24267782426778242,0.24407252440725244,0.68359375
13326,0,CF1,L5,0.7,ns,4,4,0.9943616390228271,1,False,0.24686192468619247,0.25523012552301255,0.71484375
15230,0,CF1,L5,0.7,ns,5,2,0.7527065277099609,0,False,0.2496513249651325,0.2412831241283124,0.67578125
20557,0,CF1,L5,0.7,ns,0,0,0.8734981417655945,1,False,0.24407252440725244,0.23570432357043236,0.66015625
9555,0,CF1,L5,0.7,ns,1,1,0.9363613724708557,1,False,0.2649930264993027,0.24686192468619247,0.69140625
3667,0,CF1,L5,0.7,ns,6,6,0.9468598365783691,1,False,0.26220362622036264,0.2412831241283124,0.67578125
5316,0,CF1,L5,0.7,ns,5,5,0.5233653783798218,1,False,0.2580195258019526,0.2524407252440725,0.70703125
3606,0,CF1,L5,0.7,ns,5,1,0.3571055829524994,0,False,0.26359832635983266,0.2524407252440725,0.70703125
25776,0,CF1,L5,0.7,ns,6,6,0.7841174006462097,1,False,0.2412831241283124,0.2594142259414226,0.7265625
22231,0,CF1,L5,0.7,ns,1,1,0.9763137698173523,1,False,0.28451882845188287,0.2510460251046025,0.703125
10855,0,CF1,L5,0.7,ns,7,7,0.9910615086555481,1,False,0.26638772663877264,0.2510460251046025,0.703125
130,0,CF1,L5,0.7,ns,6,6,0.9972922205924988,1,False,0.2510460251046025,0.2524407252440725,0.70703125
434,0,CF1,L5,0.7,ns,8,8,0.3527165949344635,1,False,0.2510460251046025,0.26638772663877264,0.74609375
5308,0,CF1,L5,0.7,ns,5,3,0.34682589769363403,0,False,0.2301255230125523,0.2580195258019526,0.72265625
17682,0,CF1,L5,0.7,ns,4,4,0.5425846576690674,1,False,0.2803347280334728,0.2580195258019526,0.72265625
16682,0,CF1,L5,0.7,ns,8,8,0.7774621248245239,1,False,0.25662482566248257,0.24546722454672246,0.6875
12660,0,CF1,L5,0.7,ns,5,5,0.8944475054740906,1,False,0.2482566248256625,0.2580195258019526,0.72265625
21362,0,CF1,L5,0.7,ns,5,5,0.9802653789520264,1,False,0.2398884239888424,0.25523012552301255,0.71484375
15483,0,CF1,L5,0.7,ns,4,4,0.8133097887039185,1,False,0.23570432357043236,0.2580195258019526,0.72265625
5289,0,CF1,L5,0.7,ns,5,3,0.37172558903694153,0,False,0.26359832635983266,0.2482566248256625,0.6953125
19757,0,CF1,L5,0.7,ns,1,1,0.9962136149406433,1,False,0.24267782426778242,0.24407252440725244,0.68359375
6799,0,CF1,L5,0.7,ns,2,2,0.9810646772384644,1,False,0.2482566248256625,0.24546722454672246,0.6875
18871,0,CF1,L5,0.7,ns,2,2,0.998028576374054,1,False,0.2496513249651325,0.24546722454672246,0.6875
4740,0,CF1,L5,0.7,ns,3,3,0.8656221032142639,1,False,0.24686192468619247,0.25523012552301255,0.71484375
14926,0,CF1,L5,0.7,ns,5,5,0.8462685346603394,1,False,0.2524407252440725,0.2384937238493724,0.66796875
3549,0,CF1,L5,0.7,ns,4,4,0.6195389628410339,1,False,0.2482566248256625,0.2384937238493724,0.66796875
13336,0,CF1,L5,0.7,ns,9,9,0.4728892147541046,1,False,0.26220362622036264,0.23709902370990238,0.6640625
8302,0,CF1,L5,0.7,ns,3,2,0.3090590536594391,0,False,0.2594142259414226,0.2594142259414226,0.7265625
19884,0,CF1,L5,0.7,ns,8,8,0.7959163188934326,1,False,0.24686192468619247,0.2524407252440725,0.70703125
6927,0,CF1,L5,0.7,ns,1,1,0.6007234454154968,1,False,0.2719665271966527,0.25662482566248257,0.71875
15277,0,CF1,L5,0.7,ns,6,6,0.955588161945343,1,False,0.2594142259414226,0.24546722454672246,0.6875
20278,0,CF1,L5,0.7,ns,3,3,0.7824758887290955,1,False,0.2482566248256625,0.2482566248256625,0.6953125
654,0,CF1,L5,0.7,ns,8,8,0.9051834344863892,1,False,0.24686192468619247,0.2482566248256625,0.6953125
19020,0,CF1,L5,0.7,ns,0,0,0.892268717288971,1,False,0.2510460251046025,0.2510460251046025,0.703125
25403,0,CF1,L5,0.7,ns,3,3,0.7193402051925659,1,False,0.23291492329149233,0.25383542538354253,0.7109375
1745,0,CF1,L5,0.7,ns,8,8,0.7991435527801514,1,False,0.2203626220362622,0.25662482566248257,0.71875
10726,0,CF1,L5,0.7,ns,4,4,0.9650620818138123,1,False,0.25523012552301255,0.25662482566248257,0.71875
23431,0,CF1,L5,0.7,ns,4,4,0.9982693195343018,1,False,0.24267782426778242,0.25523012552301255,0.71484375
231,0,CF1,L5,0.7,ns,5,5,0.993293285369873,1,False,0.23291492329149233,0.2398884239888424,0.671875
20678,0,CF1,L5,0.7,ns,7,7,0.5597454309463501,1,False,0.2580195258019526,0.26220362622036264,0.734375
15851,0,CF1,L5,0.7,ns,1,1,0.9922839999198914,1,False,0.2580195258019526,0.2412831241283124,0.67578125
24015,0,CF1,L5,0.7,ns,0,0,0.9998608827590942,1,False,0.24546722454672246,0.2412831241283124,0.67578125
1082,0,CF1,L5,0.7,ns,6,6,0.4362412989139557,1,False,0.26638772663877264,0.25523012552301255,0.71484375
5573,0,CF1,L5,0.7,ns,8,8,0.566149115562439,1,False,0.2524407252440725,0.25662482566248257,0.71875
11289,0,CF1,L5,0.7,ns,1,1,0.9966734647750854,1,False,0.28730822873082285,0.2384937238493724,0.66796875
1751,0,CF1,L5,0.7,ns,0,0,0.5102356672286987,1,False,0.2412831241283124,0.2398884239888424,0.671875
4594,0,CF1,L5,0.7,ns,6,6,0.9678218960762024,1,False,0.26359832635983266,0.2608089260808926,0.73046875
21127,0,CF1,L5,0.7,ns,8,8,0.9583091735839844,1,False,0.23570432357043236,0.24546722454672246,0.6875
12370,0,CF1,L5,0.7,ns,4,4,0.8689040541648865,1,False,0.25383542538354253,0.2482566248256625,0.6953125
4125,0,CF1,L5,0.7,ns,6,6,0.9893052577972412,1,False,0.2384937238493724,0.2482566248256625,0.6953125
11008,0,CF1,L5,0.7,ns,1,1,0.9704993367195129,1,False,0.2580195258019526,0.23291492329149233,0.65234375
23395,0,CF1,L5,0.7,ns,7,7,0.9700508713722229,1,False,0.2510460251046025,0.2510460251046025,0.703125
3080,0,CF1,L5,0.7,ns,3,3,0.9646928310394287,1,False,0.26778242677824265,0.26778242677824265,0.75
22400,0,CF1,L5,0.7,ns,0,0,0.9981841444969177,1,False,0.2496513249651325,0.25662482566248257,0.71875
22514,0,CF1,L5,0.7,ns,1,1,0.7810103297233582,1,False,0.2510460251046025,0.24546722454672246,0.6875
15137,0,CF1,L5,0.7,ns,0,0,0.9508765339851379,1,False,0.28870292887029286,0.24407252440725244,0.68359375
6681,0,CF1,L5,0.7,ns,0,0,0.949479341506958,1,False,0.24407252440725244,0.2649930264993027,0.7421875
5219,0,CF1,L5,0.7,ns,5,4,0.3252536952495575,0,False,0.27615062761506276,0.2398884239888424,0.671875
2355,0,CF1,L5,0.7,ns,2,2,0.43996894359588623,1,False,0.27615062761506276,0.25383542538354253,0.7109375
4674,0,CF1,L5,0.7,ns,5,3,0.4124503433704376,0,False,0.26359832635983266,0.2524407252440725,0.70703125
14575,0,CF1,L5,0.7,ns,1,1,0.9999779462814331,1,False,0.2859135285913529,0.25662482566248257,0.71875
6563,0,CF1,L5,0.7,ns,5,5,0.8189669251441956,1,False,0.23291492329149233,0.2510460251046025,0.703125
17492,0,CF1,L5,0.7,ns,9,0,0.41640207171440125,0,False,0.23430962343096234,0.26359832635983266,0.73828125
15770,0,CF1,L5,0.7,ns,7,7,0.9831424355506897,1,False,0.26220362622036264,0.2301255230125523,0.64453125
20830,0,CF1,L5,0.7,ns,1,1,0.9965932965278625,1,False,0.2398884239888424,0.2398884239888424,0.671875
1777,0,CF1,L5,0.7,ns,2,2,0.9886661767959595,1,False,0.298465829846583,0.25523012552301255,0.71484375
21617,0,CF1,L5,0.7,ns,7,7,0.9897448420524597,1,False,0.2412831241283124,0.24686192468619247,0.69140625
21293,0,CF1,L5,0.7,ns,4,6,0.31105947494506836,0,False,0.3110181311018131,0.24407252440725244,0.68359375
14504,0,CF1,L5,0.7,ns,0,3,0.5966551303863525,0,False,0.2482566248256625,0.2608089260808926,0.73046875
21236,0,CF1,L5,0.7,ns,7,7,0.967462956905365,1,False,0.23709902370990238,0.2398884239888424,0.671875
18558,0,CF1,L5,0.7,ns,4,4,0.9755507707595825,1,False,0.26220362622036264,0.25383542538354253,0.7109375
22916,0,CF1,L5,0.7,ns,8,6,0.2954682409763336,0,False,0.23430962343096234,0.2691771269177127,0.75390625
18760,0,CF1,L5,0.7,ns,6,2,0.7216731309890747,0,False,0.24546722454672246,0.2510460251046025,0.703125
17389,0,CF1,L5,0.7,ns,8,8,0.6363763213157654,1,False,0.24267782426778242,0.2580195258019526,0.72265625
13155,0,CF1,L5,0.7,ns,8,6,0.22341427206993103,0,False,0.2524407252440725,0.24267782426778242,0.6796875
13999,0,CF1,L5,0.7,ns,5,5,0.9316789507865906,1,False,0.2384937238493724,0.22733612273361228,0.63671875
10265,0,CF1,L5,0.7,ns,8,8,0.9654640555381775,1,False,0.2719665271966527,0.2524407252440725,0.70703125
17239,0,CF1,L5,0.7,ns,2,2,0.9998804330825806,1,False,0.2580195258019526,0.2510460251046025,0.703125
6288,0,CF1,L5,0.7,ns,3,3,0.4648767113685608,1,False,0.23291492329149233,0.2510460251046025,0.703125
11514,0,CF1,L5,0.7,ns,6,6,0.6636923551559448,1,False,0.24686192468619247,0.2412831241283124,0.67578125
23652,0,CF1,L5,0.7,ns,1,1,0.9930583238601685,1,False,0.23570432357043236,0.24407252440725244,0.68359375
11939,0,CF1,L5,0.7,ns,6,6,0.9842788577079773,1,False,0.2594142259414226,0.24686192468619247,0.69140625
2174,0,CF1,L5,0.7,ns,7,7,0.8693361878395081,1,False,0.26778242677824265,0.2510460251046025,0.703125
15441,0,CF1,L5,0.7,ns,4,4,0.9699409604072571,1,False,0.2608089260808926,0.2608089260808926,0.73046875
12260,0,CF1,L5,0.7,ns,1,1,0.9674217700958252,1,False,0.26220362622036264,0.24686192468619247,0.69140625
25046,0,CF1,L5,0.7,ns,6,6,0.8882895112037659,1,False,0.24267782426778242,0.26359832635983266,0.73828125
13958,0,CF1,L5,0.7,ns,9,4,0.49463215470314026,0,False,0.26220362622036264,0.2412831241283124,0.67578125
20974,0,CF1,L5,0.7,ns,8,8,0.6206934452056885,1,False,0.2524407252440725,0.26359832635983266,0.73828125
10626,0,CF1,L5,0.7,ns,6,6,0.7884929776191711,1,False,0.2510460251046025,0.2496513249651325,0.69921875
22545,0,CF1,L5,0.7,ns,5,5,0.5899376273155212,1,False,0.24407252440725244,0.25383542538354253,0.7109375
20288,0,CF1,L5,0.7,ns,5,3,0.23114298284053802,0,False,0.2705718270571827,0.2412831241283124,0.67578125
13790,0,CF1,L5,0.7,ns,7,7,0.9823856949806213,1,False,0.2482566248256625,0.25523012552301255,0.71484375
2817,0,CF1,L5,0.7,ns,4,4,0.9097018241882324,1,False,0.20781032078103207,0.25383542538354253,0.7109375
8344,0,CF1,L5,0.7,ns,4,4,0.9917245507240295,1,False,0.22873082287308227,0.2580195258019526,0.72265625
11708,0,CF1,L5,0.7,ns,1,1,0.9990271329879761,1,False,0.27615062761506276,0.24267782426778242,0.6796875
2379,0,CF1,L5,0.7,ns,1,1,0.7471389174461365,1,False,0.24686192468619247,0.24686192468619247,0.69140625
23602,0,CF1,L5,0.7,ns,2,2,0.9771766066551208,1,False,0.2496513249651325,0.24546722454672246,0.6875
24357,0,CF1,L5,0.7,ns,8,8,0.5604797601699829,1,False,0.2384937238493724,0.24267782426778242,0.6796875
16783,0,CF1,L5,0.7,ns,4,4,0.9690556526184082,1,False,0.22315202231520223,0.2412831241283124,0.67578125
11723,0,CF1,L5,0.7,ns,9,9,0.9760274887084961,1,False,0.2496513249651325,0.25523012552301255,0.71484375
5140,0,CF1,L5,0.7,ns,5,5,0.6932281255722046,1,False,0.2580195258019526,0.2580195258019526,0.72265625
14563,0,CF1,L5,0.7,ns,1,1,0.9984599351882935,1,False,0.2594142259414226,0.24267782426778242,0.6796875
11905,0,CF1,L5,0.7,ns,7,7,0.5659934878349304,1,False,0.25662482566248257,0.2510460251046025,0.703125
4657,0,CF1,L5,0.7,ns,5,5,0.9454720616340637,1,False,0.23570432357043236,0.24267782426778242,0.6796875
9888,0,CF1,L5,0.7,ns,7,7,0.9857655763626099,1,False,0.2775453277545328,0.24546722454672246,0.6875
22827,0,CF1,L5,0.7,ns,6,6,0.53501296043396,1,False,0.23291492329149233,0.24267782426778242,0.6796875
23911,0,CF1,L5,0.7,ns,7,7,0.9929794669151306,1,False,0.2733612273361227,0.24407252440725244,0.68359375
968,0,CF1,L5,0.7,ns,3,3,0.7332887053489685,1,False,0.24267782426778242,0.24546722454672246,0.6875
18416,0,CF1,L5,0.7,ns,2,2,0.9232794642448425,1,False,0.2496513249651325,0.2524407252440725,0.70703125
15166,0,CF1,L5,0.7,ns,7,7,0.9849420785903931,1,False,0.26778242677824265,0.2496513249651325,0.69921875
15537,0,CF1,L5,0.7,ns,6,5,0.4064970910549164,0,False,0.2719665271966527,0.26220362622036264,0.734375
112,0,CF1,L5,0.7,ns,6,6,0.8061873316764832,1,False,0.23570432357043236,0.2510460251046025,0.703125
9754,0,CF1,L5,0.7,ns,8,8,0.8434854745864868,1,False,0.2580195258019526,0.26778242677824265,0.75
3827,0,CF1,L5,0.7,ns,1,1,0.9942551255226135,1,False,0.2412831241283124,0.2315202231520223,0.6484375
16427,0,CF1,L5,0.7,ns,8,8,0.8753629922866821,1,False,0.23570432357043236,0.2580195258019526,0.72265625
4853,0,CF1,L5,0.7,ns,8,1,0.49118679761886597,0,False,0.2482566248256625,0.24267782426778242,0.6796875
5025,0,CF1,L5,0.7,ns,8,1,0.6576513051986694,0,False,0.23430962343096234,0.2482566248256625,0.6953125
5497,0,CF1,L5,0.7,ns,5,5,0.4208954870700836,1,False,0.2496513249651325,0.2398884239888424,0.671875
415,0,CF1,L5,0.7,ns,5,5,0.4792878329753876,1,False,0.2705718270571827,0.2580195258019526,0.72265625
6055,0,CF1,L5,0.7,ns,2,2,0.9993271827697754,1,False,0.25523012552301255,0.24686192468619247,0.69140625
4242,0,CF1,L5,0.7,ns,6,5,0.5714629888534546,0,False,0.26359832635983266,0.2594142259414226,0.7265625
16007,0,CF1,L5,0.7,ns,3,3,0.9831247329711914,1,False,0.24686192468619247,0.25523012552301255,0.71484375
16184,0,CF1,L5,0.7,ns,6,6,0.64687579870224,1,False,0.2482566248256625,0.24407252440725244,0.68359375
15180,0,CF1,L5,0.7,ns,2,2,0.2696652114391327,1,False,0.2705718270571827,0.2608089260808926,0.73046875
16402,0,CF1,L5,0.7,ns,3,3,0.9968308806419373,1,False,0.24546722454672246,0.2384937238493724,0.66796875
12883,0,CF1,L5,0.7,ns,7,7,0.9751880764961243,1,False,0.24546722454672246,0.2384937238493724,0.66796875
12596,0,CF1,L5,0.7,ns,2,2,0.9960732460021973,1,False,0.25523012552301255,0.2580195258019526,0.72265625
13383,0,CF1,L5,0.7,ns,0,0,0.9562661647796631,1,False,0.2691771269177127,0.2524407252440725,0.70703125
17140,0,CF1,L5,0.7,ns,0,0,0.8396026492118835,1,False,0.2315202231520223,0.25383542538354253,0.7109375
11249,0,CF1,L5,0.7,ns,7,7,0.9691265225410461,1,False,0.24407252440725244,0.2412831241283124,0.67578125
2927,0,CF1,L5,0.7,ns,3,3,0.9850292801856995,1,False,0.23709902370990238,0.25523012552301255,0.71484375
13380,0,CF1,L5,0.7,ns,3,3,0.9726887941360474,1,False,0.2412831241283124,0.2510460251046025,0.703125
24593,0,CF1,L5,0.7,ns,5,3,0.7054463624954224,0,False,0.2524407252440725,0.25662482566248257,0.71875
14507,0,CF1,L5,0.7,ns,8,3,0.38273268938064575,0,False,0.2733612273361227,0.2398884239888424,0.671875
9355,0,CF1,L5,0.7,ns,8,8,0.8160318732261658,1,False,0.2928870292887029,0.24407252440725244,0.68359375
3943,0,CF1,L5,0.7,ns,3,3,0.9543988108634949,1,False,0.26638772663877264,0.2608089260808926,0.73046875
4913,0,CF1,L5,0.7,ns,4,4,0.9954258799552917,1,False,0.2301255230125523,0.2594142259414226,0.7265625
23440,0,CF1,L5,0.7,ns,4,4,0.38962212204933167,1,False,0.26220362622036264,0.25523012552301255,0.71484375
19289,0,CF1,L5,0.7,ns,7,7,0.9731693863868713,1,False,0.2384937238493724,0.25523012552301255,0.71484375
17841,0,CF1,L5,0.7,ns,6,6,0.9520618915557861,1,False,0.2203626220362622,0.2482566248256625,0.6953125
18139,0,CF1,L5,0.7,ns,0,0,0.9061364531517029,1,False,0.25523012552301255,0.2580195258019526,0.72265625
18549,0,CF1,L5,0.7,ns,7,7,0.9952989220619202,1,False,0.2733612273361227,0.2482566248256625,0.6953125
7215,0,CF1,L5,0.7,ns,7,7,0.9999245405197144,1,False,0.24267782426778242,0.24546722454672246,0.6875
10574,0,CF1,L5,0.7,ns,7,1,0.7788076996803284,0,False,0.2524407252440725,0.2412831241283124,0.67578125
10329,0,CF1,L5,0.7,ns,7,7,0.6635562777519226,1,False,0.25523012552301255,0.25523012552301255,0.71484375
21502,0,CF1,L5,0.7,ns,4,4,0.9424046874046326,1,False,0.23430962343096234,0.24407252440725244,0.68359375
1209,0,CF1,L5,0.7,ns,8,5,0.39768457412719727,0,False,0.2482566248256625,0.23570432357043236,0.66015625
22202,0,CF1,L5,0.7,ns,6,6,0.9075437188148499,1,False,0.26220362622036264,0.2649930264993027,0.7421875
12914,0,CF1,L5,0.7,ns,2,2,0.8911067247390747,1,False,0.2594142259414226,0.24686192468619247,0.69140625
23477,0,CF1,L5,0.7,ns,6,6,0.8591939806938171,1,False,0.2412831241283124,0.2608089260808926,0.73046875
13286,0,CF1,L5,0.7,ns,5,5,0.5896096229553223,1,False,0.2594142259414226,0.2705718270571827,0.7578125
24957,0,CF1,L5,0.7,ns,2,2,0.9856449365615845,1,False,0.24546722454672246,0.2496513249651325,0.69921875
23215,0,CF1,L5,0.7,ns,9,9,0.47466176748275757,1,False,0.24267782426778242,0.2482566248256625,0.6953125
8171,0,CF1,L5,0.7,ns,3,3,0.7603554129600525,1,False,0.24546722454672246,0.2496513249651325,0.69921875
13427,0,CF1,L5,0.7,ns,4,4,0.9854612946510315,1,False,0.2608089260808926,0.25662482566248257,0.71875
1985,0,CF1,L5,0.7,ns,9,9,0.6280264854431152,1,False,0.2482566248256625,0.2482566248256625,0.6953125
19607,0,CF1,L5,0.7,ns,1,1,0.6090120673179626,1,False,0.24267782426778242,0.23570432357043236,0.66015625
15138,0,CF1,L5,0.7,ns,4,4,0.9383382797241211,1,False,0.2510460251046025,0.2524407252440725,0.70703125
18496,0,CF1,L5,0.7,ns,3,3,0.9822153449058533,1,False,0.2691771269177127,0.25523012552301255,0.71484375
11341,0,CF1,L5,0.7,ns,5,5,0.5907348990440369,1,False,0.26778242677824265,0.25662482566248257,0.71875
3210,0,CF1,L5,0.7,ns,6,5,0.5341812968254089,0,False,0.2649930264993027,0.2384937238493724,0.66796875
9044,0,CF1,L5,0.7,ns,3,3,0.9890284538269043,1,False,0.2580195258019526,0.25523012552301255,0.71484375
1784,0,CF1,L5,0.7,ns,1,1,0.5145188570022583,1,False,0.23430962343096234,0.2608089260808926,0.73046875
20687,0,CF1,L5,0.7,ns,7,7,0.9887630343437195,1,False,0.26220362622036264,0.2580195258019526,0.72265625
21479,0,CF1,L5,0.7,ns,1,1,0.9989311099052429,1,False,0.24546722454672246,0.2398884239888424,0.671875
4465,0,CF1,L5,0.7,ns,7,7,0.9876327514648438,1,False,0.24407252440725244,0.25523012552301255,0.71484375
8098,0,CF1,L5,0.7,ns,3,3,0.999963641166687,1,False,0.2594142259414226,0.23709902370990238,0.6640625
1105,0,CF1,L5,0.7,ns,1,1,0.987064003944397,1,False,0.2510460251046025,0.25383542538354253,0.7109375
24036,0,CF1,L5,0.7,ns,0,0,0.9954375624656677,1,False,0.22733612273361228,0.2580195258019526,0.72265625
24825,0,CF1,L5,0.7,ns,1,1,0.8858346343040466,1,False,0.2705718270571827,0.2482566248256625,0.6953125
20081,0,CF1,L5,0.7,ns,4,4,0.6568810939788818,1,False,0.2608089260808926,0.23430962343096234,0.65625
11780,0,CF1,L5,0.7,ns,5,5,0.5888684988021851,1,False,0.25662482566248257,0.2496513249651325,0.69921875
18228,0,CF1,L5,0.7,ns,2,2,0.6658676862716675,1,False,0.26220362622036264,0.2510460251046025,0.703125
4363,0,CF1,L5,0.7,ns,4,4,0.9979599714279175,1,False,0.2691771269177127,0.2608089260808926,0.73046875
10210,0,CF1,L5,0.7,ns,7,1,0.5060452222824097,0,False,0.24546722454672246,0.2482566248256625,0.6953125
7005,0,CF1,L5,0.7,ns,2,2,0.9952841401100159,1,False,0.25662482566248257,0.2594142259414226,0.7265625
7071,0,CF1,L5,0.7,ns,3,3,0.5146746039390564,1,False,0.2524407252440725,0.24546722454672246,0.6875
25299,0,CF1,L5,0.7,ns,4,4,0.9780394434928894,1,False,0.25662482566248257,0.23291492329149233,0.65234375
3393,0,CF1,L5,0.7,ns,0,0,0.447479248046875,1,False,0.25662482566248257,0.24686192468619247,0.69140625
10532,0,CF1,L5,0.7,ns,8,9,0.4854370057582855,0,False,0.2398884239888424,0.2496513249651325,0.69921875
14271,0,CF1,L5,0.7,ns,3,3,0.95625901222229,1,False,0.24267782426778242,0.23570432357043236,0.66015625
12814,0,CF1,L5,0.7,ns,4,4,0.9859061241149902,1,False,0.2217573221757322,0.23430962343096234,0.65625
1763,0,CF1,L5,0.7,ns,1,1,0.6500520706176758,1,False,0.24267782426778242,0.2524407252440725,0.70703125
2795,0,CF1,L5,0.7,ns,4,4,0.9781674742698669,1,False,0.2719665271966527,0.2524407252440725,0.70703125
5329,0,CF1,L5,0.7,ns,2,2,0.6831752061843872,1,False,0.2859135285913529,0.24686192468619247,0.69140625
11024,0,CF1,L5,0.7,ns,8,6,0.7850137948989868,0,False,0.25523012552301255,0.24267782426778242,0.6796875
23383,0,CF1,L5,0.7,ns,6,6,0.9597599506378174,1,False,0.2482566248256625,0.24407252440725244,0.68359375
582,0,CF1,L5,0.7,ns,2,2,0.7185043096542358,1,False,0.26359832635983266,0.24407252440725244,0.68359375
20037,0,CF1,L5,0.7,ns,5,5,0.8479852676391602,1,False,0.22733612273361228,0.2496513249651325,0.69921875
4876,0,CF1,L5,0.7,ns,3,7,0.597840428352356,0,False,0.23430962343096234,0.24267782426778242,0.6796875
16157,0,CF1,L5,0.7,ns,1,1,0.9895010590553284,1,False,0.2412831241283124,0.2594142259414226,0.7265625
24155,0,CF1,L5,0.7,ns,7,7,0.9979310035705566,1,False,0.24267782426778242,0.2524407252440725,0.70703125
21035,0,CF1,L5,0.7,ns,1,1,0.9935951828956604,1,False,0.2384937238493724,0.2510460251046025,0.703125
2530,0,CF1,L5,0.7,ns,2,2,0.3220179080963135,1,False,0.27615062761506276,0.24686192468619247,0.69140625
20951,0,CF1,L5,0.7,ns,4,4,0.9779508113861084,1,False,0.2580195258019526,0.24686192468619247,0.69140625
9752,0,CF1,L5,0.7,ns,9,9,0.7361559867858887,1,False,0.26359832635983266,0.24407252440725244,0.68359375
20362,0,CF1,L5,0.7,ns,9,8,0.39290764927864075,0,False,0.2510460251046025,0.2580195258019526,0.72265625
5669,0,CF1,L5,0.7,ns,2,2,0.8503484129905701,1,False,0.26220362622036264,0.24407252440725244,0.68359375
9395,0,CF1,L5,0.7,ns,6,6,0.686903715133667,1,False,0.2398884239888424,0.25383542538354253,0.7109375
22115,0,CF1,L5,0.7,ns,2,2,0.5259870886802673,1,False,0.25383542538354253,0.24267782426778242,0.6796875
3784,0,CF1,L5,0.7,ns,5,5,0.5475942492485046,1,False,0.2412831241283124,0.2524407252440725,0.70703125
15518,0,CF1,L5,0.7,ns,1,1,0.9130290746688843,1,False,0.28172942817294283,0.26778242677824265,0.75
22913,0,CF1,L5,0.7,ns,1,1,0.7864518761634827,1,False,0.25523012552301255,0.2691771269177127,0.75390625
22485,0,CF1,L5,0.7,ns,8,8,0.8492956757545471,1,False,0.19525801952580196,0.2524407252440725,0.70703125
14166,0,CF1,L5,0.7,ns,9,9,0.4303405284881592,1,False,0.2384937238493724,0.27475592747559274,0.76953125
4606,0,CF1,L5,0.7,ns,8,8,0.21067528426647186,1,False,0.26220362622036264,0.24546722454672246,0.6875
12043,0,CF1,L5,0.7,ns,8,0,0.19505584239959717,0,False,0.26359832635983266,0.24267782426778242,0.6796875
20255,0,CF1,L5,0.7,ns,9,9,0.8784821629524231,1,False,0.26220362622036264,0.2384937238493724,0.66796875
21390,0,CF1,L5,0.7,ns,8,8,0.46003952622413635,1,False,0.27475592747559274,0.22873082287308227,0.640625
13388,0,CF1,L5,0.7,ns,6,6,0.7704692482948303,1,False,0.23570432357043236,0.23570432357043236,0.66015625
9382,0,CF1,L5,0.7,ns,0,0,0.9932988882064819,1,False,0.2398884239888424,0.2482566248256625,0.6953125
11878,0,CF1,L5,0.7,ns,4,4,0.9864352345466614,1,False,0.23430962343096234,0.2649930264993027,0.7421875
10774,0,CF1,L5,0.7,ns,1,1,0.998761773109436,1,False,0.2482566248256625,0.24267782426778242,0.6796875
2211,0,CF1,L5,0.7,ns,4,4,0.9968452453613281,1,False,0.24686192468619247,0.2496513249651325,0.69921875
22804,0,CF1,L5,0.7,ns,1,1,0.9238797426223755,1,False,0.26638772663877264,0.2524407252440725,0.70703125
17903,0,CF1,L5,0.7,ns,3,0,0.5089778900146484,0,False,0.25523012552301255,0.2482566248256625,0.6953125
16889,0,CF1,L5,0.7,ns,1,1,0.7939786911010742,1,False,0.25523012552301255,0.2482566248256625,0.6953125
3013,0,CF1,L5,0.7,ns,8,8,0.3467411696910858,1,False,0.24407252440725244,0.25523012552301255,0.71484375
19919,0,CF1,L5,0.7,ns,8,8,0.665969967842102,1,False,0.26359832635983266,0.23570432357043236,0.66015625
7911,0,CF1,L5,0.7,ns,0,6,0.5318755507469177,0,False,0.27475592747559274,0.2510460251046025,0.703125
6473,0,CF1,L5,0.7,ns,5,5,0.9726642966270447,1,False,0.25523012552301255,0.2524407252440725,0.70703125
14963,0,CF1,L5,0.7,ns,2,2,0.8931105732917786,1,False,0.21617852161785217,0.24407252440725244,0.68359375
3189,0,CF1,L5,0.7,ns,3,3,0.5554571747779846,1,False,0.24407252440725244,0.2384937238493724,0.66796875
21433,0,CF1,L5,0.7,ns,6,6,0.7488951683044434,1,False,0.23430962343096234,0.23570432357043236,0.66015625
21534,0,CF1,L5,0.7,ns,9,9,0.9950191974639893,1,False,0.2384937238493724,0.2496513249651325,0.69921875
4378,0,CF1,L5,0.7,ns,4,4,0.7231871485710144,1,False,0.26638772663877264,0.25662482566248257,0.71875
4179,0,CF1,L5,0.7,ns,3,3,0.9999947547912598,1,False,0.2580195258019526,0.2510460251046025,0.703125
20275,0,CF1,L5,0.7,ns,7,7,0.6841636300086975,1,False,0.2412831241283124,0.2580195258019526,0.72265625
724,0,CF1,L5,0.7,ns,4,4,0.8489869832992554,1,False,0.24407252440725244,0.2608089260808926,0.73046875
15532,0,CF1,L5,0.7,ns,5,5,0.9735360741615295,1,False,0.2496513249651325,0.24407252440725244,0.68359375
7808,0,CF1,L5,0.7,ns,4,1,0.2785540223121643,0,False,0.24686192468619247,0.2580195258019526,0.72265625
3185,0,CF1,L5,0.7,ns,7,7,0.9671141505241394,1,False,0.2691771269177127,0.2594142259414226,0.7265625
8217,0,CF1,L5,0.7,ns,5,3,0.5433553457260132,0,False,0.2705718270571827,0.2594142259414226,0.7265625
15284,0,CF1,L5,0.7,ns,2,2,0.9884846806526184,1,False,0.22733612273361228,0.2496513249651325,0.69921875
2195,0,CF1,L5,0.7,ns,1,1,0.4827589690685272,1,False,0.24267782426778242,0.24407252440725244,0.68359375
21296,0,CF1,L5,0.7,ns,0,6,0.31560465693473816,0,False,0.26778242677824265,0.2594142259414226,0.7265625
14286,0,CF1,L5,0.7,ns,3,3,0.9884296655654907,1,False,0.26220362622036264,0.2510460251046025,0.703125
4261,0,CF1,L5,0.7,ns,0,0,0.994855523109436,1,False,0.23709902370990238,0.23709902370990238,0.6640625
24480,0,CF1,L5,0.7,ns,2,2,0.9985049962997437,1,False,0.23570432357043236,0.2608089260808926,0.73046875
23581,0,CF1,L5,0.7,ns,7,7,0.9349796772003174,1,False,0.26778242677824265,0.2496513249651325,0.69921875
24364,0,CF1,L5,0.7,ns,7,7,0.9807227253913879,1,False,0.24546722454672246,0.2649930264993027,0.7421875
4259,0,CF1,L5,0.7,ns,4,4,0.8505654335021973,1,False,0.28730822873082285,0.24686192468619247,0.69140625
4323,0,CF1,L5,0.7,ns,8,8,0.7956758737564087,1,False,0.2398884239888424,0.23709902370990238,0.6640625
26017,0,CF1,L5,0.7,ns,2,2,0.9992973804473877,1,False,0.2398884239888424,0.25523012552301255,0.71484375
4055,0,CF1,L5,0.7,ns,9,5,0.6533027291297913,0,False,0.2412831241283124,0.2580195258019526,0.72265625
23968,0,CF1,L5,0.7,ns,6,6,0.9135230183601379,1,False,0.27615062761506276,0.25383542538354253,0.7109375
4914,0,CF1,L5,0.7,ns,2,2,0.9888668656349182,1,False,0.24546722454672246,0.2482566248256625,0.6953125
17310,0,CF1,L5,0.7,ns,7,2,0.6187251210212708,0,False,0.2705718270571827,0.23291492329149233,0.65234375
14981,0,CF1,L5,0.7,ns,2,2,0.3959226608276367,1,False,0.26778242677824265,0.25523012552301255,0.71484375
7511,0,CF1,L5,0.7,ns,6,6,0.48933640122413635,1,False,0.2524407252440725,0.26638772663877264,0.74609375
4136,0,CF1,L5,0.7,ns,9,9,0.9676689505577087,1,False,0.2315202231520223,0.2398884239888424,0.671875
8043,0,CF1,L5,0.7,ns,2,2,0.9356017112731934,1,False,0.24686192468619247,0.2510460251046025,0.703125
14360,0,CF1,L5,0.7,ns,4,4,0.9854835271835327,1,False,0.2412831241283124,0.25523012552301255,0.71484375
6364,0,CF1,L5,0.7,ns,0,0,0.8744447827339172,1,False,0.2705718270571827,0.23709902370990238,0.6640625
8827,0,CF1,L5,0.7,ns,4,4,0.9194536805152893,1,False,0.26638772663877264,0.25383542538354253,0.7109375
24886,0,CF1,L5,0.7,ns,9,2,0.9895685315132141,0,False,0.26220362622036264,0.24407252440725244,0.68359375
21392,0,CF1,L5,0.7,ns,2,2,0.985640287399292,1,False,0.26220362622036264,0.25383542538354253,0.7109375
18654,0,CF1,L5,0.7,ns,6,6,0.893568754196167,1,False,0.2594142259414226,0.2482566248256625,0.6953125
21766,0,CF1,L5,0.7,ns,1,1,0.6598799228668213,1,False,0.23709902370990238,0.26220362622036264,0.734375
25433,0,CF1,L5,0.7,ns,8,1,0.6864638924598694,0,False,0.2691771269177127,0.2482566248256625,0.6953125
10927,0,CF1,L5,0.7,ns,8,1,0.8298834562301636,0,False,0.24267782426778242,0.25523012552301255,0.71484375
14092,0,CF1,L5,0.7,ns,6,6,0.9974926710128784,1,False,0.2315202231520223,0.2482566248256625,0.6953125
20936,0,CF1,L5,0.7,ns,9,5,0.4925388693809509,0,False,0.25523012552301255,0.24686192468619247,0.69140625
23711,0,CF1,L5,0.7,ns,4,4,0.9502912759780884,1,False,0.23709902370990238,0.24267782426778242,0.6796875
19260,0,CF1,L5,0.7,ns,7,7,0.5496578216552734,1,False,0.2719665271966527,0.2594142259414226,0.7265625
17360,0,CF1,L5,0.7,ns,3,3,0.8634897470474243,1,False,0.23709902370990238,0.26220362622036264,0.734375
965,0,CF1,L5,0.7,ns,0,0,0.6372004151344299,1,False,0.2398884239888424,0.2510460251046025,0.703125
463,0,CF1,L5,0.7,ns,6,6,0.3425600528717041,1,False,0.25662482566248257,0.25523012552301255,0.71484375
8945,0,CF1,L5,0.7,ns,6,6,0.5324690937995911,1,False,0.2384937238493724,0.2482566248256625,0.6953125
14090,0,CF1,L5,0.7,ns,2,2,0.9710386991500854,1,False,0.25383542538354253,0.2524407252440725,0.70703125
8479,0,CF1,L5,0.7,ns,9,9,0.9901198148727417,1,False,0.24407252440725244,0.2496513249651325,0.69921875
24477,0,CF1,L5,0.7,ns,2,2,0.9841622114181519,1,False,0.24407252440725244,0.24546722454672246,0.6875
8195,0,CF1,L5,0.7,ns,0,0,0.941961407661438,1,False,0.26638772663877264,0.2384937238493724,0.66796875
1773,0,CF1,L5,0.7,ns,0,0,0.5798707604408264,1,False,0.2482566248256625,0.24686192468619247,0.69140625
11776,0,CF1,L5,0.7,ns,2,2,0.3501569330692291,1,False,0.23570432357043236,0.25662482566248257,0.71875
3313,0,CF1,L5,0.7,ns,6,6,0.9739555716514587,1,False,0.2775453277545328,0.24407252440725244,0.68359375
5424,0,CF1,L5,0.7,ns,9,9,0.6516852974891663,1,False,0.2510460251046025,0.26638772663877264,0.74609375
19606,0,CF1,L5,0.7,ns,2,2,0.8875764012336731,1,False,0.26220362622036264,0.24267782426778242,0.6796875
10110,0,CF1,L5,0.7,ns,9,9,0.9521896243095398,1,False,0.2315202231520223,0.2482566248256625,0.6953125
22872,0,CF1,L5,0.7,ns,6,7,0.9131327271461487,0,False,0.22454672245467225,0.25383542538354253,0.7109375
7573,0,CF1,L5,0.7,ns,1,1,0.9945963025093079,1,False,0.22315202231520223,0.2608089260808926,0.73046875
7105,0,CF1,L5,0.7,ns,3,3,0.990652322769165,1,False,0.25383542538354253,0.24686192468619247,0.69140625
18854,0,CF1,L5,0.7,ns,1,1,0.9489889740943909,1,False,0.23709902370990238,0.24686192468619247,0.69140625
14576,0,CF1,L5,0.7,ns,9,9,0.9970880150794983,1,False,0.2580195258019526,0.23709902370990238,0.6640625
9376,0,CF1,L5,0.7,ns,0,0,0.7729209065437317,1,False,0.23570432357043236,0.24686192468619247,0.69140625
20128,0,CF1,L5,0.7,ns,8,8,0.9857126474380493,1,False,0.2482566248256625,0.24686192468619247,0.69140625
24854,0,CF1,L5,0.7,ns,9,9,0.998648464679718,1,False,0.23570432357043236,0.2398884239888424,0.671875
4937,0,CF1,L5,0.7,ns,2,2,0.663054883480072,1,False,0.27475592747559274,0.24407252440725244,0.68359375
338,0,CF1,L5,0.7,ns,3,3,0.8148064613342285,1,False,0.2524407252440725,0.2608089260808926,0.73046875
9981,0,CF1,L5,0.7,ns,3,3,0.5367476344108582,1,False,0.2398884239888424,0.24686192468619247,0.69140625
6665,0,CF1,L5,0.7,ns,8,8,0.9518719911575317,1,False,0.2649930264993027,0.26359832635983266,0.73828125
6704,0,CF1,L5,0.7,ns,0,0,0.7749099731445312,1,False,0.2482566248256625,0.23291492329149233,0.65234375
23255,0,CF1,L5,0.7,ns,2,2,0.9997535347938538,1,False,0.26778242677824265,0.26778242677824265,0.75
5355,0,CF1,L5,0.7,ns,5,5,0.876289963722229,1,False,0.2482566248256625,0.2524407252440725,0.70703125
22422,0,CF1,L5,0.7,ns,1,4,0.4421366751194,0,False,0.2412831241283124,0.2580195258019526,0.72265625
7367,0,CF1,L5,0.7,ns,9,9,0.6938197612762451,1,False,0.24407252440725244,0.2594142259414226,0.7265625
13489,0,CF1,L5,0.7,ns,7,1,0.4677845537662506,0,False,0.2384937238493724,0.2580195258019526,0.72265625
20955,0,CF1,L5,0.7,ns,7,7,0.9742170572280884,1,False,0.2384937238493724,0.25662482566248257,0.71875
25439,0,CF1,L5,0.7,ns,9,9,0.9999278783798218,1,False,0.27475592747559274,0.24686192468619247,0.69140625
12711,0,CF1,L5,0.7,ns,8,8,0.7692359685897827,1,False,0.2594142259414226,0.25523012552301255,0.71484375
7671,0,CF1,L5,0.7,ns,6,4,0.3730539381504059,0,False,0.2510460251046025,0.2691771269177127,0.75390625
20420,0,CF1,L5,0.7,ns,8,6,0.2996968924999237,0,False,0.24686192468619247,0.2524407252440725,0.70703125
12630,0,CF1,L5,0.7,ns,2,8,0.43346962332725525,0,False,0.2496513249651325,0.2649930264993027,0.7421875
21394,0,CF1,L5,0.7,ns,1,1,0.9415061473846436,1,False,0.27475592747559274,0.2510460251046025,0.703125
7095,0,CF1,L5,0.7,ns,1,1,0.5723162293434143,1,False,0.26778242677824265,0.2412831241283124,0.67578125
11532,0,CF1,L5,0.7,ns,9,9,0.7858460545539856,1,False,0.26359832635983266,0.24267782426778242,0.6796875
2853,0,CF1,L5,0.7,ns,3,3,0.9934749007225037,1,False,0.25662482566248257,0.2398884239888424,0.671875
13487,0,CF1,L5,0.7,ns,0,0,0.4936840236186981,1,False,0.24686192468619247,0.2510460251046025,0.703125
9350,0,CF1,L5,0.7,ns,9,9,0.9668470621109009,1,False,0.2510460251046025,0.2398884239888424,0.671875
24164,0,CF1,L5,0.7,ns,4,4,0.9308261275291443,1,False,0.2412831241283124,0.2315202231520223,0.6484375
23155,0,CF1,L5,0.7,ns,7,7,0.955396831035614,1,False,0.24546722454672246,0.24546722454672246,0.6875
1588,0,CF1,L5,0.7,ns,8,3,0.29672718048095703,0,False,0.25523012552301255,0.25523012552301255,0.71484375
5400,0,CF1,L5,0.7,ns,5,6,0.45926734805107117,0,False,0.25523012552301255,0.25523012552301255,0.71484375
8913,0,CF1,L5,0.7,ns,6,6,0.9659793376922607,1,False,0.26638772663877264,0.24546722454672246,0.6875
4990,0,CF1,L5,0.7,ns,8,2,0.4698537290096283,0,False,0.2496513249651325,0.2510460251046025,0.703125
13364,0,CF1,L5,0.7,ns,7,7,0.9985392093658447,1,False,0.2691771269177127,0.2412831241283124,0.67578125
1157,0,CF1,L5,0.7,ns,1,1,0.8769137859344482,1,False,0.2524407252440725,0.2384937238493724,0.66796875
19432,0,CF1,L5,0.7,ns,6,6,0.9858754277229309,1,False,0.2705718270571827,0.25662482566248257,0.71875
24861,0,CF1,L5,0.7,ns,1,1,0.9303776025772095,1,False,0.24546722454672246,0.24686192468619247,0.69140625
16303,0,CF1,L5,0.7,ns,0,9,0.8030838966369629,0,False,0.26638772663877264,0.2524407252440725,0.70703125
23675,0,CF1,L5,0.7,ns,1,1,0.9233258962631226,1,False,0.24407252440725244,0.25523012552301255,0.71484375
10816,0,CF1,L5,0.7,ns,5,5,0.899811327457428,1,False,0.2496513249651325,0.2384937238493724,0.66796875
25683,0,CF1,L5,0.7,ns,7,7,0.9885192513465881,1,False,0.24407252440725244,0.24546722454672246,0.6875
6680,0,CF1,L5,0.7,ns,7,7,0.6753717660903931,1,False,0.2412831241283124,0.2412831241283124,0.67578125
15541,0,CF1,L5,0.7,ns,1,1,0.7119138240814209,1,False,0.2510460251046025,0.23430962343096234,0.65625
129,0,CF1,L5,0.7,ns,9,9,0.9013140201568604,1,False,0.22315202231520223,0.26359832635983266,0.73828125
10977,0,CF1,L5,0.7,ns,5,5,0.9577221870422363,1,False,0.28172942817294283,0.24546722454672246,0.6875
7518,0,CF1,L5,0.7,ns,5,5,0.7362181544303894,1,False,0.2175732217573222,0.2608089260808926,0.73046875
15350,0,CF1,L5,0.7,ns,0,0,0.5887484550476074,1,False,0.2384937238493724,0.2524407252440725,0.70703125
4712,0,CF1,L5,0.7,ns,2,2,0.9961724877357483,1,False,0.26638772663877264,0.2510460251046025,0.703125
3234,0,CF1,L5,0.7,ns,1,1,0.8531851172447205,1,False,0.2608089260808926,0.26220362622036264,0.734375
21292,0,CF1,L5,0.7,ns,8,8,0.501478910446167,1,False,0.25662482566248257,0.24407252440725244,0.68359375
6439,0,CF1,L5,0.7,ns,6,8,0.6771222352981567,0,False,0.25383542538354253,0.25662482566248257,0.71875
16930,0,CF1,L5,0.7,ns,4,4,0.3189868628978729,1,False,0.25383542538354253,0.23709902370990238,0.6640625
25255,0,CF1,L5,0.7,ns,6,2,0.5713559985160828,0,False,0.2496513249651325,0.2510460251046025,0.703125
5562,0,CF1,L5,0.7,ns,6,6,0.9972184896469116,1,False,0.2691771269177127,0.2580195258019526,0.72265625
20888,0,CF1,L5,0.7,ns,6,8,0.6573644876480103,0,False,0.24267782426778242,0.25383542538354253,0.7109375
17907,0,CF1,L5,0.7,ns,0,0,0.8625763654708862,1,False,0.2649930264993027,0.2524407252440725,0.70703125
15282,0,CF1,L5,0.7,ns,5,8,0.42179036140441895,0,False,0.25383542538354253,0.25662482566248257,0.71875
9564,0,CF1,L5,0.7,ns,5,5,0.9859637022018433,1,False,0.2482566248256625,0.25662482566248257,0.71875
2105,0,CF1,L5,0.7,ns,5,6,0.4760533273220062,0,False,0.2580195258019526,0.24686192468619247,0.69140625
2188,0,CF1,L5,0.7,ns,5,5,0.8705546259880066,1,False,0.25523012552301255,0.24686192468619247,0.69140625
10587,0,CF1,L5,0.7,ns,9,9,0.834485650062561,1,False,0.26220362622036264,0.24686192468619247,0.69140625
20421,0,CF1,L5,0.7,ns,8,9,0.6096866726875305,0,False,0.2315202231520223,0.25383542538354253,0.7109375
23070,0,CF1,L5,0.7,ns,0,0,0.972285270690918,1,False,0.2914923291492329,0.2496513249651325,0.69921875
19127,0,CF1,L5,0.7,ns,6,6,0.7877206206321716,1,False,0.2803347280334728,0.26359832635983266,0.73828125
7302,0,CF1,L5,0.7,ns,3,3,0.9876096248626709,1,False,0.26220362622036264,0.2496513249651325,0.69921875
8409,0,CF1,L5,0.7,ns,4,4,0.9991436004638672,1,False,0.28312412831241285,0.23709902370990238,0.6640625
11086,0,CF1,L5,0.7,ns,7,7,0.8814125061035156,1,False,0.2510460251046025,0.26359832635983266,0.73828125
17122,0,CF1,L5,0.7,ns,5,5,0.9929932951927185,1,False,0.21338912133891214,0.25383542538354253,0.7109375
3555,0,CF1,L5,0.7,ns,2,2,0.9984055161476135,1,False,0.25383542538354253,0.2412831241283124,0.67578125
19437,0,CF1,L5,0.7,ns,4,4,0.6143856644630432,1,False,0.24267782426778242,0.2580195258019526,0.72265625
594,0,CF1,L5,0.7,ns,9,9,0.971481442451477,1,False,0.21617852161785217,0.25383542538354253,0.7109375
21863,0,CF1,L5,0.7,ns,3,3,0.97868812084198,1,False,0.26359832635983266,0.2482566248256625,0.6953125
19765,0,CF1,L5,0.7,ns,5,5,0.9867615699768066,1,False,0.2384937238493724,0.2482566248256625,0.6953125
16909,0,CF1,L5,0.7,ns,2,2,0.9252625703811646,1,False,0.24267782426778242,0.2510460251046025,0.703125
21154,0,CF1,L5,0.7,ns,7,7,0.995979905128479,1,False,0.26220362622036264,0.25383542538354253,0.7109375
18615,0,CF1,L5,0.7,ns,7,7,0.9590142369270325,1,False,0.22733612273361228,0.25523012552301255,0.71484375
18171,0,CF1,L5,0.7,ns,7,7,0.9997782111167908,1,False,0.24267782426778242,0.2412831241283124,0.67578125
24434,0,CF1,L5,0.7,ns,5,5,0.7584269642829895,1,False,0.2594142259414226,0.2649930264993027,0.7421875
9664,0,CF1,L5,0.7,ns,0,0,0.947973906993866,1,False,0.21896792189679218,0.23709902370990238,0.6640625
2013,0,CF1,L5,0.7,ns,5,5,0.9268925189971924,1,False,0.28172942817294283,0.2594142259414226,0.7265625
13537,0,CF1,L5,0.7,ns,4,8,0.3340712785720825,0,False,0.24407252440725244,0.24407252440725244,0.68359375
23942,0,CF1,L5,0.7,ns,9,9,0.8326908349990845,1,False,0.2705718270571827,0.2496513249651325,0.69921875
12415,0,CF1,L5,0.7,ns,4,4,0.6293982267379761,1,False,0.25383542538354253,0.23570432357043236,0.66015625
13735,0,CF1,L5,0.7,ns,0,9,0.5154270529747009,0,False,0.24686192468619247,0.25523012552301255,0.71484375
6873,0,CF1,L5,0.7,ns,1,1,0.9908932447433472,1,False,0.2594142259414226,0.23430962343096234,0.65625
16233,0,CF1,L5,0.7,ns,2,2,0.9413440823554993,1,False,0.21617852161785217,0.2580195258019526,0.72265625
13108,0,CF1,L5,0.7,ns,5,5,0.5660726428031921,1,False,0.2719665271966527,0.24267782426778242,0.6796875
18114,0,CF1,L5,0.7,ns,7,7,0.9898183941841125,1,False,0.2510460251046025,0.2398884239888424,0.671875
25318,0,CF1,L5,0.7,ns,0,1,0.30008986592292786,0,False,0.22594142259414227,0.24407252440725244,0.68359375
22387,0,CF1,L5,0.7,ns,7,7,0.9538024067878723,1,False,0.21338912133891214,0.2580195258019526,0.72265625
19911,0,CF1,L5,0.7,ns,7,7,0.8715490102767944,1,False,0.2398884239888424,0.24407252440725244,0.68359375
9953,0,CF1,L5,0.7,ns,2,2,0.8734636902809143,1,False,0.2203626220362622,0.2496513249651325,0.69921875
18500,0,CF1,L5,0.7,ns,1,1,0.7477256655693054,1,False,0.2649930264993027,0.24267782426778242,0.6796875
12463,0,CF1,L5,0.7,ns,2,5,0.49129778146743774,0,False,0.2705718270571827,0.24686192468619247,0.69140625
12143,0,CF1,L5,0.7,ns,8,8,0.8535056710243225,1,False,0.23430962343096234,0.25523012552301255,0.71484375
14588,0,CF1,L5,0.7,ns,8,8,0.8617268800735474,1,False,0.2315202231520223,0.25523012552301255,0.71484375
22152,0,CF1,L5,0.7,ns,2,2,0.8563820123672485,1,False,0.25383542538354253,0.2412831241283124,0.67578125
16563,0,CF1,L5,0.7,ns,4,4,0.34216514229774475,1,False,0.2775453277545328,0.24546722454672246,0.6875
25225,0,CF1,L5,0.7,ns,9,9,0.8880691528320312,1,False,0.2594142259414226,0.2384937238493724,0.66796875
1161,0,CF1,L5,0.7,ns,2,1,0.2538093030452728,0,False,0.28312412831241285,0.2691771269177127,0.75390625
9891,0,CF1,L5,0.7,ns,5,5,0.8698486089706421,1,False,0.2719665271966527,0.24407252440725244,0.68359375
18833,0,CF1,L5,0.7,ns,2,2,0.9040082693099976,1,False,0.2510460251046025,0.2398884239888424,0.671875
6162,0,CF1,L5,0.7,ns,2,2,0.8530271649360657,1,False,0.2900976290097629,0.2524407252440725,0.70703125
22638,0,CF1,L5,0.7,ns,0,0,0.5737066268920898,1,False,0.25662482566248257,0.2412831241283124,0.67578125
6112,0,CF1,L5,0.7,ns,6,6,0.6610394716262817,1,False,0.2482566248256625,0.2482566248256625,0.6953125
24259,0,CF1,L5,0.7,ns,9,9,0.4844920039176941,1,False,0.2524407252440725,0.2580195258019526,0.72265625
18029,0,CF1,L5,0.7,ns,2,2,0.9604113101959229,1,False,0.23430962343096234,0.24267782426778242,0.6796875
13233,0,CF1,L5,0.7,ns,0,0,0.5931991338729858,1,False,0.26220362622036264,0.2496513249651325,0.69921875
22560,0,CF1,L5,0.7,ns,3,3,0.536043643951416,1,False,0.24546722454672246,0.24546722454672246,0.6875
17100,0,CF1,L5,0.7,ns,7,7,0.9609346985816956,1,False,0.23291492329149233,0.25383542538354253,0.7109375
13394,0,CF1,L5,0.7,ns,7,7,0.44296082854270935,1,False,0.22733612273361228,0.2496513249651325,0.69921875
25173,0,CF1,L5,0.7,ns,3,7,0.35758712887763977,0,False,0.23570432357043236,0.23291492329149233,0.65234375
17342,0,CF1,L5,0.7,ns,4,4,0.9950372576713562,1,False,0.25523012552301255,0.23430962343096234,0.65625
5881,0,CF1,L5,0.7,ns,1,1,0.847133994102478,1,False,0.2608089260808926,0.2496513249651325,0.69921875
16982,0,CF1,L5,0.7,ns,3,9,0.3576023280620575,0,False,0.29707112970711297,0.24546722454672246,0.6875
12959,0,CF1,L5,0.7,ns,2,2,0.9738214612007141,1,False,0.26359832635983266,0.2594142259414226,0.7265625
3410,0,CF1,L5,0.7,ns,2,2,0.9612194299697876,1,False,0.24407252440725244,0.2510460251046025,0.703125
1939,0,CF1,L5,0.7,ns,2,2,0.999376118183136,1,False,0.26220362622036264,0.2510460251046025,0.703125
13563,0,CF1,L5,0.7,ns,4,2,0.46612006425857544,0,False,0.23291492329149233,0.2496513249651325,0.69921875
9659,0,CF1,L5,0.7,ns,4,1,0.6836276650428772,0,False,0.26220362622036264,0.26359832635983266,0.73828125
23588,0,CF1,L5,0.7,ns,9,9,0.9554929733276367,1,False,0.2649930264993027,0.25523012552301255,0.71484375
12156,0,CF1,L5,0.7,ns,9,9,0.5629875063896179,1,False,0.28451882845188287,0.2510460251046025,0.703125
24790,0,CF1,L5,0.7,ns,4,4,0.40006223320961,1,False,0.2803347280334728,0.25523012552301255,0.71484375
894,0,CF1,L5,0.7,ns,8,8,0.6294234991073608,1,False,0.28451882845188287,0.26638772663877264,0.74609375
13738,0,CF1,L5,0.7,ns,7,7,0.9763511419296265,1,False,0.2691771269177127,0.24407252440725244,0.68359375
20555,0,CF1,L5,0.7,ns,5,5,0.7800347805023193,1,False,0.2398884239888424,0.23430962343096234,0.65625
20457,0,CF1,L5,0.7,ns,3,1,0.6919252872467041,0,False,0.2398884239888424,0.2524407252440725,0.70703125
24842,0,CF1,L5,0.7,ns,3,9,0.2452501803636551,0,False,0.24546722454672246,0.2524407252440725,0.70703125
11390,0,CF1,L5,0.7,ns,9,8,0.5426172614097595,0,False,0.26359832635983266,0.24267782426778242,0.6796875
2665,0,CF1,L5,0.7,ns,9,9,0.8173910975456238,1,False,0.2496513249651325,0.2705718270571827,0.7578125
24741,0,CF1,L5,0.7,ns,8,8,0.6735079288482666,1,False,0.24686192468619247,0.2412831241283124,0.67578125
17634,0,CF1,L5,0.7,ns,8,5,0.47724974155426025,0,False,0.24267782426778242,0.24686192468619247,0.69140625
16599,0,CF1,L5,0.7,ns,1,1,0.9003668427467346,1,False,0.24267782426778242,0.2608089260808926,0.73046875
19330,0,CF1,L5,0.7,ns,7,7,0.4778933823108673,1,False,0.25523012552301255,0.2510460251046025,0.703125
3257,0,CF1,L5,0.7,ns,1,1,0.965893030166626,1,False,0.24686192468619247,0.25383542538354253,0.7109375
1114,0,CF1,L5,0.7,ns,9,9,0.9968686699867249,1,False,0.25662482566248257,0.2733612273361227,0.765625
11738,0,CF1,L5,0.7,ns,8,8,0.4065210819244385,1,False,0.24686192468619247,0.25383542538354253,0.7109375
13077,0,CF1,L5,0.7,ns,8,8,0.9991602897644043,1,False,0.2496513249651325,0.24686192468619247,0.69140625
5168,0,CF1,L5,0.7,ns,3,4,0.8461564183235168,0,False,0.25523012552301255,0.24546722454672246,0.6875
26013,0,CF1,L5,0.7,ns,8,8,0.9098523259162903,1,False,0.24267782426778242,0.24546722454672246,0.6875
5611,0,CF1,L5,0.7,ns,7,7,0.9815913438796997,1,False,0.27615062761506276,0.2496513249651325,0.69921875
9389,0,CF1,L5,0.7,ns,6,6,0.9070323705673218,1,False,0.2580195258019526,0.2649930264993027,0.7421875
25070,0,CF1,L5,0.7,ns,2,2,0.9979451298713684,1,False,0.2594142259414226,0.26778242677824265,0.75
11322,0,CF1,L5,0.7,ns,8,8,0.8896641731262207,1,False,0.2775453277545328,0.2398884239888424,0.671875
3051,0,CF1,L5,0.7,ns,0,0,0.35710960626602173,1,False,0.23709902370990238,0.24407252440725244,0.68359375
18770,0,CF1,L5,0.7,ns,4,4,0.28758835792541504,1,False,0.2691771269177127,0.26359832635983266,0.73828125
14692,0,CF1,L5,0.7,ns,2,2,0.977601945400238,1,False,0.2482566248256625,0.25383542538354253,0.7109375
4561,0,CF1,L5,0.7,ns,5,5,0.7377349734306335,1,False,0.2649930264993027,0.2608089260808926,0.73046875
16994,0,CF1,L5,0.7,ns,0,0,0.997962474822998,1,False,0.2496513249651325,0.2510460251046025,0.703125
4156,0,CF1,L5,0.7,ns,5,2,0.30948564410209656,0,False,0.25523012552301255,0.25523012552301255,0.71484375
5884,0,CF1,L5,0.7,ns,1,2,0.8556609153747559,0,False,0.22733612273361228,0.26638772663877264,0.74609375
18233,0,CF1,L5,0.7,ns,0,0,0.9624143838882446,1,False,0.2524407252440725,0.23430962343096234,0.65625
17044,0,CF1,L5,0.7,ns,6,6,0.9635354280471802,1,False,0.24267782426778242,0.25662482566248257,0.71875
18857,0,CF1,L5,0.7,ns,6,6,0.5937748551368713,1,False,0.24407252440725244,0.24407252440725244,0.68359375
21917,0,CF1,L5,0.7,ns,9,9,0.5816845297813416,1,False,0.23709902370990238,0.2580195258019526,0.72265625
5054,0,CF1,L5,0.7,ns,3,9,0.7320734262466431,0,False,0.2580195258019526,0.26220362622036264,0.734375
7882,0,CF1,L5,0.7,ns,4,4,0.7478079795837402,1,False,0.22873082287308227,0.2594142259414226,0.7265625
15688,0,CF1,L5,0.7,ns,4,4,0.999485969543457,1,False,0.2315202231520223,0.24267782426778242,0.6796875
5612,0,CF1,L5,0.7,ns,8,8,0.7253111004829407,1,False,0.2524407252440725,0.24686192468619247,0.69140625
13934,0,CF1,L5,0.7,ns,9,9,0.7175473570823669,1,False,0.28451882845188287,0.2412831241283124,0.67578125
16689,0,CF1,L5,0.7,ns,2,2,0.987700343132019,1,False,0.2510460251046025,0.23291492329149233,0.65234375
23844,0,CF1,L5,0.7,ns,6,6,0.9382704496383667,1,False,0.25523012552301255,0.2384937238493724,0.66796875
7944,0,CF1,L5,0.7,ns,7,7,0.8444785475730896,1,False,0.25383542538354253,0.25383542538354253,0.7109375
11370,0,CF1,L5,0.7,ns,8,8,0.9900778532028198,1,False,0.25383542538354253,0.25523012552301255,0.71484375
24569,0,CF1,L5,0.7,ns,1,1,0.9952427744865417,1,False,0.25383542538354253,0.2398884239888424,0.671875
7529,0,CF1,L5,0.7,ns,5,5,0.8860569000244141,1,False,0.2691771269177127,0.2580195258019526,0.72265625
5092,0,CF1,L5,0.7,ns,2,2,0.9673888683319092,1,False,0.23709902370990238,0.2510460251046025,0.703125
20673,0,CF1,L5,0.7,ns,2,2,0.9998695850372314,1,False,0.2649930264993027,0.26778242677824265,0.75
10096,0,CF1,L5,0.7,ns,7,7,0.9014722108840942,1,False,0.25662482566248257,0.2384937238493724,0.66796875
2059,0,CF1,L5,0.7,ns,3,3,0.7085456252098083,1,False,0.22733612273361228,0.2608089260808926,0.73046875
19318,0,CF1,L5,0.7,ns,0,0,0.9781423211097717,1,False,0.2524407252440725,0.2482566248256625,0.6953125
12977,0,CF1,L5,0.7,ns,8,0,0.3656267821788788,0,False,0.2496513249651325,0.25383542538354253,0.7109375
17673,0,CF1,L5,0.7,ns,0,0,0.703438937664032,1,False,0.26359832635983266,0.2315202231520223,0.6484375
18750,0,CF1,L5,0.7,ns,0,0,0.7759646773338318,1,False,0.2594142259414226,0.24407252440725244,0.68359375
16728,0,CF1,L5,0.7,ns,3,3,0.9708534479141235,1,False,0.2482566248256625,0.25523012552301255,0.71484375
14776,0,CF1,L5,0.7,ns,8,8,0.7959184646606445,1,False,0.24407252440725244,0.24546722454672246,0.6875
6941,0,CF1,L5,0.7,ns,9,9,0.914035975933075,1,False,0.26359832635983266,0.26638772663877264,0.74609375
16787,0,CF1,L5,0.7,ns,6,8,0.5358748435974121,0,False,0.2719665271966527,0.2496513249651325,0.69921875
25932,0,CF1,L5,0.7,ns,5,5,0.7705675363540649,1,False,0.2524407252440725,0.24686192468619247,0.69140625
614,0,CF1,L5,0.7,ns,0,5,0.3403118848800659,0,False,0.2719665271966527,0.25662482566248257,0.71875
25690,0,CF1,L5,0.7,ns,5,5,0.8100633025169373,1,False,0.2859135285913529,0.24686192468619247,0.69140625
25968,0,CF1,L5,0.7,ns,5,5,0.9604572653770447,1,False,0.24686192468619247,0.2496513249651325,0.69921875
20123,0,CF1,L5,0.7,ns,3,3,0.973246693611145,1,False,0.21478382147838215,0.26220362622036264,0.734375
13341,0,CF1,L5,0.7,ns,5,5,0.9135441184043884,1,False,0.2789400278940028,0.2510460251046025,0.703125
24697,0,CF1,L5,0.7,ns,4,4,0.996019184589386,1,False,0.26359832635983266,0.2580195258019526,0.72265625
15157,0,CF1,L5,0.7,ns,6,4,0.43622419238090515,0,False,0.25523012552301255,0.24686192468619247,0.69140625
23115,0,CF1,L5,0.7,ns,1,1,0.345173180103302,1,False,0.25662482566248257,0.25383542538354253,0.7109375
6396,0,CF1,L5,0.7,ns,0,0,0.9966955184936523,1,False,0.22454672245467225,0.2482566248256625,0.6953125
19142,0,CF1,L5,0.7,ns,4,4,0.7254469990730286,1,False,0.27615062761506276,0.22733612273361228,0.63671875
13157,0,CF1,L5,0.7,ns,3,3,0.4389575719833374,1,False,0.2384937238493724,0.25383542538354253,0.7109375
19866,0,CF1,L5,0.7,ns,1,1,0.9125640392303467,1,False,0.25523012552301255,0.24686192468619247,0.69140625
25996,0,CF1,L5,0.7,ns,8,8,0.9919567108154297,1,False,0.25383542538354253,0.24546722454672246,0.6875
25515,0,CF1,L5,0.7,ns,7,1,0.8995044827461243,0,False,0.2775453277545328,0.2384937238493724,0.66796875
12876,0,CF1,L5,0.7,ns,0,0,0.9730035662651062,1,False,0.2315202231520223,0.26220362622036264,0.734375
17565,0,CF1,L5,0.7,ns,6,6,0.985767662525177,1,False,0.2524407252440725,0.25383542538354253,0.7109375
17511,0,CF1,L5,0.7,ns,4,4,0.4635741710662842,1,False,0.2733612273361227,0.2482566248256625,0.6953125
19996,0,CF1,L5,0.7,ns,0,0,0.976892352104187,1,False,0.2649930264993027,0.2482566248256625,0.6953125
12807,0,CF1,L5,0.7,ns,1,1,0.9982627034187317,1,False,0.25523012552301255,0.2580195258019526,0.72265625
11001,0,CF1,L5,0.7,ns,9,9,0.486185222864151,1,False,0.26359832635983266,0.24546722454672246,0.6875
13107,0,CF1,L5,0.7,ns,0,0,0.9884666204452515,1,False,0.27475592747559274,0.2608089260808926,0.73046875
12641,0,CF1,L5,0.7,ns,6,6,0.9959945678710938,1,False,0.25662482566248257,0.24267782426778242,0.6796875
22667,0,CF1,L5,0.7,ns,5,5,0.9925285577774048,1,False,0.2496513249651325,0.2524407252440725,0.70703125
7310,0,CF1,L5,0.7,ns,7,7,0.9544379711151123,1,False,0.2412831241283124,0.23430962343096234,0.65625
764,0,CF1,L5,0.7,ns,1,1,0.6750383973121643,1,False,0.24407252440725244,0.24546722454672246,0.6875
14813,0,CF1,L5,0.7,ns,4,4,0.9890106320381165,1,False,0.2510460251046025,0.2482566248256625,0.6953125
7132,0,CF1,L5,0.7,ns,2,2,0.9963874816894531,1,False,0.2705718270571827,0.24546722454672246,0.6875
23884,0,CF1,L5,0.7,ns,1,8,0.26395183801651,0,False,0.23570432357043236,0.25383542538354253,0.7109375
22735,0,CF1,L5,0.7,ns,8,8,0.9436091780662537,1,False,0.25523012552301255,0.24267782426778242,0.6796875
12483,0,CF1,L5,0.7,ns,2,2,0.9870725870132446,1,False,0.22454672245467225,0.2510460251046025,0.703125
10442,0,CF1,L5,0.7,ns,6,6,0.522130012512207,1,False,0.2510460251046025,0.25523012552301255,0.71484375
3733,0,CF1,L5,0.7,ns,8,8,0.953551709651947,1,False,0.25662482566248257,0.2594142259414226,0.7265625
20089,0,CF1,L5,0.7,ns,4,4,0.8561863899230957,1,False,0.2496513249651325,0.2524407252440725,0.70703125
20411,0,CF1,L5,0.7,ns,4,4,0.7163735628128052,1,False,0.2580195258019526,0.2482566248256625,0.6953125
10695,0,CF1,L5,0.7,ns,4,1,0.4243793785572052,0,False,0.2398884239888424,0.26220362622036264,0.734375
11992,0,CF1,L5,0.7,ns,2,2,0.9986957907676697,1,False,0.2524407252440725,0.24546722454672246,0.6875
20712,0,CF1,L5,0.7,ns,7,7,0.9356928467750549,1,False,0.2580195258019526,0.24686192468619247,0.69140625
6518,0,CF1,L5,0.7,ns,8,8,0.8187333345413208,1,False,0.2928870292887029,0.2496513249651325,0.69921875
6015,0,CF1,L5,0.7,ns,9,9,0.5620173811912537,1,False,0.2719665271966527,0.2594142259414226,0.7265625
8396,0,CF1,L5,0.7,ns,5,2,0.7526386380195618,0,False,0.23430962343096234,0.2608089260808926,0.73046875
12097,0,CF1,L5,0.7,ns,9,9,0.9850199222564697,1,False,0.2789400278940028,0.2496513249651325,0.69921875
12565,0,CF1,L5,0.7,ns,2,2,0.9536925554275513,1,False,0.26778242677824265,0.24407252440725244,0.68359375
22474,0,CF1,L5,0.7,ns,4,4,0.5853659510612488,1,False,0.26220362622036264,0.26778242677824265,0.75
25110,0,CF1,L5,0.7,ns,9,9,0.9856572151184082,1,False,0.2775453277545328,0.25383542538354253,0.7109375
8275,0,CF1,L5,0.7,ns,8,8,0.983814537525177,1,False,0.24407252440725244,0.2524407252440725,0.70703125
3871,0,CF1,L5,0.7,ns,1,1,0.8661044836044312,1,False,0.2315202231520223,0.24407252440725244,0.68359375
24639,0,CF1,L5,0.7,ns,2,2,0.9981651902198792,1,False,0.2482566248256625,0.2580195258019526,0.72265625
15979,0,CF1,L5,0.7,ns,3,3,0.5371418595314026,1,False,0.22454672245467225,0.24267782426778242,0.6796875
24513,0,CF1,L5,0.7,ns,6,6,0.9971377849578857,1,False,0.2482566248256625,0.2412831241283124,0.67578125
10926,0,CF1,L5,0.7,ns,7,7,0.9407413005828857,1,False,0.2398884239888424,0.23291492329149233,0.65234375
25564,0,CF1,L5,0.7,ns,0,0,0.801175057888031,1,False,0.23430962343096234,0.24546722454672246,0.6875
2118,0,CF1,L5,0.7,ns,0,0,0.6044313907623291,1,False,0.2580195258019526,0.23709902370990238,0.6640625
4358,0,CF1,L5,0.7,ns,9,3,0.41317111253738403,0,False,0.2705718270571827,0.24407252440725244,0.68359375
5674,0,CF1,L5,0.7,ns,8,3,0.4346921741962433,0,False,0.2691771269177127,0.23291492329149233,0.65234375
3397,0,CF1,L5,0.7,ns,7,7,0.9918799996376038,1,False,0.23291492329149233,0.24686192468619247,0.69140625
5183,0,CF1,L5,0.7,ns,7,7,0.9389565587043762,1,False,0.2705718270571827,0.24267782426778242,0.6796875
7505,0,CF1,L5,0.7,ns,9,9,0.9998623132705688,1,False,0.2691771269177127,0.2594142259414226,0.7265625
17539,0,CF1,L5,0.7,ns,0,0,0.617548942565918,1,False,0.2733612273361227,0.2594142259414226,0.7265625
23918,0,CF1,L5,0.7,ns,6,5,0.5263746976852417,0,False,0.2594142259414226,0.25662482566248257,0.71875
19449,0,CF1,L5,0.7,ns,2,2,0.9959008097648621,1,False,0.2510460251046025,0.2482566248256625,0.6953125
18599,0,CF1,L5,0.7,ns,3,3,0.452440470457077,1,False,0.22733612273361228,0.25662482566248257,0.71875
8175,0,CF1,L5,0.7,ns,8,6,0.529468297958374,0,False,0.25383542538354253,0.24686192468619247,0.69140625
18412,0,CF1,L5,0.7,ns,7,7,0.9510251879692078,1,False,0.2384937238493724,0.23570432357043236,0.66015625
20667,0,CF1,L5,0.7,ns,1,1,0.4513152241706848,1,False,0.26359832635983266,0.2580195258019526,0.72265625
8672,0,CF1,L5,0.7,ns,9,9,0.7118619680404663,1,False,0.24546722454672246,0.2384937238493724,0.66796875
22087,0,CF1,L5,0.7,ns,1,1,0.9938311576843262,1,False,0.2301255230125523,0.2608089260808926,0.73046875
6910,0,CF1,L5,0.7,ns,2,2,0.9821317195892334,1,False,0.2496513249651325,0.24267782426778242,0.6796875
19205,0,CF1,L5,0.7,ns,3,5,0.4361020028591156,0,False,0.2524407252440725,0.24686192468619247,0.69140625
10581,0,CF1,L5,0.7,ns,3,1,0.5439992547035217,0,False,0.2580195258019526,0.24686192468619247,0.69140625
14516,0,CF1,L5,0.7,ns,4,4,0.4037470817565918,1,False,0.2398884239888424,0.2412831241283124,0.67578125
22602,0,CF1,L5,0.7,ns,4,4,0.9718324542045593,1,False,0.23291492329149233,0.25523012552301255,0.71484375
1944,0,CF1,L5,0.7,ns,0,0,0.5633746981620789,1,False,0.2398884239888424,0.24407252440725244,0.68359375
19718,0,CF1,L5,0.7,ns,0,9,0.37806010246276855,0,False,0.2691771269177127,0.2594142259414226,0.7265625
15599,0,CF1,L5,0.7,ns,7,7,0.9821290969848633,1,False,0.2412831241283124,0.24546722454672246,0.6875
16766,0,CF1,L5,0.7,ns,9,9,0.8267871737480164,1,False,0.2412831241283124,0.24686192468619247,0.69140625
12317,0,CF1,L5,0.7,ns,5,5,0.6307191252708435,1,False,0.2594142259414226,0.24686192468619247,0.69140625
6275,0,CF1,L5,0.7,ns,6,6,0.6149175763130188,1,False,0.24546722454672246,0.2510460251046025,0.703125
14332,0,CF1,L5,0.7,ns,3,5,0.4976932108402252,0,False,0.22873082287308227,0.2594142259414226,0.7265625
25615,0,CF1,L5,0.7,ns,8,8,0.9020475149154663,1,False,0.26220362622036264,0.2510460251046025,0.703125
7680,0,CF1,L5,0.7,ns,7,7,0.9960612654685974,1,False,0.23570432357043236,0.2594142259414226,0.7265625
22105,0,CF1,L5,0.7,ns,7,7,0.9912629127502441,1,False,0.23709902370990238,0.26220362622036264,0.734375
19179,0,CF1,L5,0.7,ns,5,3,0.5551920533180237,0,False,0.25662482566248257,0.2524407252440725,0.70703125
22379,0,CF1,L5,0.7,ns,5,5,0.9276553392410278,1,False,0.23709902370990238,0.26778242677824265,0.75
11796,0,CF1,L5,0.7,ns,0,0,0.9343420267105103,1,False,0.25383542538354253,0.2510460251046025,0.703125
16929,0,CF1,L5,0.7,ns,0,0,0.9959462285041809,1,False,0.26220362622036264,0.26220362622036264,0.734375
20580,0,CF1,L5,0.7,ns,2,5,0.5343189835548401,0,False,0.22733612273361228,0.2580195258019526,0.72265625
21272,0,CF1,L5,0.7,ns,7,0,0.5863412022590637,0,False,0.2412831241283124,0.24267782426778242,0.6796875
12963,0,CF1,L5,0.7,ns,4,4,0.9817248582839966,1,False,0.23709902370990238,0.23570432357043236,0.66015625
15648,0,CF1,L5,0.7,ns,9,9,0.9356180429458618,1,False,0.26638772663877264,0.24267782426778242,0.6796875
10831,0,CF1,L5,0.7,ns,6,6,0.9816089272499084,1,False,0.24686192468619247,0.2580195258019526,0.72265625
12228,0,CF1,L5,0.7,ns,3,3,0.5758351683616638,1,False,0.2482566248256625,0.2510460251046025,0.703125
2242,0,CF1,L5,0.7,ns,7,9,0.7062377333641052,0,False,0.21478382147838215,0.2496513249651325,0.69921875
25443,0,CF1,L5,0.7,ns,3,3,0.9999516010284424,1,False,0.26638772663877264,0.23709902370990238,0.6640625
23913,0,CF1,L5,0.7,ns,1,1,0.9653141498565674,1,False,0.2398884239888424,0.25523012552301255,0.71484375
18452,0,CF1,L5,0.7,ns,1,1,0.9317746758460999,1,False,0.2384937238493724,0.23570432357043236,0.66015625
12210,0,CF1,L5,0.7,ns,0,0,0.9944038391113281,1,False,0.2496513249651325,0.23570432357043236,0.66015625
3532,0,CF1,L5,0.7,ns,6,8,0.4020621180534363,0,False,0.22873082287308227,0.2412831241283124,0.67578125
13678,0,CF1,L5,0.7,ns,9,9,0.9642910361289978,1,False,0.2496513249651325,0.24546722454672246,0.6875
21370,0,CF1,L5,0.7,ns,5,8,0.4442899227142334,0,False,0.2384937238493724,0.23709902370990238,0.6640625
23728,0,CF1,L5,0.7,ns,9,9,0.993812084197998,1,False,0.26778242677824265,0.2510460251046025,0.703125
7460,0,CF1,L5,0.7,ns,0,0,0.9908021092414856,1,False,0.25523012552301255,0.2510460251046025,0.703125
25354,0,CF1,L5,0.7,ns,2,2,0.9849158525466919,1,False,0.25383542538354253,0.2580195258019526,0.72265625
18984,0,CF1,L5,0.7,ns,8,8,0.9279446005821228,1,False,0.25662482566248257,0.2524407252440725,0.70703125
12422,0,CF1,L5,0.7,ns,6,6,0.9996628761291504,1,False,0.2412831241283124,0.2398884239888424,0.671875
7413,0,CF1,L5,0.7,ns,4,4,0.49457958340644836,1,False,0.22594142259414227,0.24686192468619247,0.69140625
