patch_id,seed,family,level,frac,method,true_label,prediction,confidence,correct,bounded_unknown,isolated_missing_frac,mask_overlap_centre,centre_erased_frac
17222,0,CF1,L5,0.7,telea,8,2,0.6511669754981995,0,False,0.2524407252440725,0.2412831241283124,0.67578125
7987,0,CF1,L5,0.7,telea,4,4,0.6419373154640198,1,False,0.23709902370990238,0.23570432357043236,0.66015625
14403,0,CF1,L5,0.7,telea,1,4,0.7719765901565552,0,False,0.23570432357043236,0.2482566248256625,0.6953125
12904,0,CF1,L5,0.7,telea,1,1,0.6182446479797363,1,False,0.24686192468619247,0.2496513249651325,0.69921875
1024,0,CF1,L5,0.7,telea,2,2,0.44834354519844055,1,False,0.28312412831241285,0.24686192468619247,0.69140625
15700,0,CF1,L5,0.7,telea,3,0,0.9998112320899963,0,False,0.26220362622036264,0.26220362622036264,0.734375
12639,0,CF1,L5,0.7,telea,7,1,0.47147294878959656,0,False,0.2580195258019526,0.25523012552301255,0.71484375
20658,0,CF1,L5,0.7,telea,4,5,0.3853873014450073,0,False,0.23430962343096234,0.25523012552301255,0.71484375
2642,0,CF1,L5,0.7,telea,7,7,0.3725612163543701,1,False,0.2524407252440725,0.25662482566248257,0.71875
9392,0,CF1,L5,0.7,telea,9,9,0.8810522556304932,1,False,0.2412831241283124,0.24407252440725244,0.68359375
23357,0,CF1,L5,0.7,telea,5,5,0.9025699496269226,1,False,0.26359832635983266,0.2580195258019526,0.72265625
15977,0,CF1,L5,0.7,telea,0,8,0.26084616780281067,0,False,0.2719665271966527,0.24267782426778242,0.6796875
10440,0,CF1,L5,0.7,telea,0,0,0.7871918678283691,1,False,0.28451882845188287,0.2608089260808926,0.73046875
14216,0,CF1,L5,0.7,telea,3,3,0.4729929268360138,1,False,0.26638772663877264,0.2482566248256625,0.6953125
18353,0,CF1,L5,0.7,telea,7,7,0.7684047818183899,1,False,0.26778242677824265,0.2496513249651325,0.69921875
17404,0,CF1,L5,0.7,telea,3,3,0.48792433738708496,1,False,0.2691771269177127,0.25383542538354253,0.7109375
8424,0,CF1,L5,0.7,telea,8,9,0.36061134934425354,0,False,0.23291492329149233,0.2482566248256625,0.6953125
4744,0,CF1,L5,0.7,telea,8,6,0.5056722164154053,0,False,0.26220362622036264,0.2482566248256625,0.6953125
18797,0,CF1,L5,0.7,telea,7,7,0.9926196932792664,1,False,0.2594142259414226,0.2482566248256625,0.6953125
3156,0,CF1,L5,0.7,telea,7,7,0.7642850279808044,1,False,0.26359832635983266,0.23570432357043236,0.66015625
17024,0,CF1,L5,0.7,telea,2,2,0.7908703088760376,1,False,0.24686192468619247,0.2580195258019526,0.72265625
7807,0,CF1,L5,0.7,telea,8,8,0.5433241128921509,1,False,0.25523012552301255,0.23709902370990238,0.6640625
138,0,CF1,L5,0.7,telea,0,0,0.8701455593109131,1,False,0.25523012552301255,0.25523012552301255,0.71484375
20222,0,CF1,L5,0.7,telea,2,2,0.9974384307861328,1,False,0.2594142259414226,0.2594142259414226,0.7265625
24734,0,CF1,L5,0.7,telea,9,2,0.4277504086494446,0,False,0.24407252440725244,0.2496513249651325,0.69921875
8909,0,CF1,L5,0.7,telea,0,0,0.43027204275131226,1,False,0.2719665271966527,0.2398884239888424,0.671875
4684,0,CF1,L5,0.7,telea,1,1,0.9880472421646118,1,False,0.2524407252440725,0.24686192468619247,0.69140625
15978,0,CF1,L5,0.7,telea,6,6,0.8643335103988647,1,False,0.2524407252440725,0.25383542538354253,0.7109375
21495,0,CF1,L5,0.7,telea,7,2,0.5323728919029236,0,False,0.2524407252440725,0.26359832635983266,0.73828125
5107,0,CF1,L5,0.7,telea,6,1,0.4206172227859497,0,False,0.24407252440725244,0.2482566248256625,0.6953125
1914,0,CF1,L5,0.7,telea,2,2,0.7365555167198181,1,False,0.26638772663877264,0.24267782426778242,0.6796875
21307,0,CF1,L5,0.7,telea,1,1,0.9973467588424683,1,False,0.2914923291492329,0.23430962343096234,0.65625
7178,0,CF1,L5,0.7,telea,4,4,0.345877081155777,1,False,0.24267782426778242,0.25662482566248257,0.71875
13264,0,CF1,L5,0.7,telea,4,6,0.6618179678916931,0,False,0.24686192468619247,0.25523012552301255,0.71484375
21507,0,CF1,L5,0.7,telea,1,1,0.9242140054702759,1,False,0.28451882845188287,0.23570432357043236,0.66015625
8399,0,CF1,L5,0.7,telea,9,0,0.4753136932849884,0,False,0.2649930264993027,0.26359832635983266,0.73828125
4384,0,CF1,L5,0.7,telea,0,0,0.9971606731414795,1,False,0.21896792189679218,0.24686192468619247,0.69140625
5820,0,CF1,L5,0.7,telea,0,1,0.3890872299671173,0,False,0.26220362622036264,0.2412831241283124,0.67578125
22865,0,CF1,L5,0.7,telea,0,0,0.635382354259491,1,False,0.24407252440725244,0.24546722454672246,0.6875
65,0,CF1,L5,0.7,telea,0,3,0.4258106052875519,0,False,0.25662482566248257,0.2482566248256625,0.6953125
15494,0,CF1,L5,0.7,telea,6,6,0.2788905203342438,1,False,0.23291492329149233,0.26220362622036264,0.734375
2327,0,CF1,L5,0.7,telea,5,5,0.9288115501403809,1,False,0.25383542538354253,0.2496513249651325,0.69921875
24596,0,CF1,L5,0.7,telea,7,7,0.5184628367424011,1,False,0.2524407252440725,0.2496513249651325,0.69921875
3825,0,CF1,L5,0.7,telea,5,5,0.531423032283783,1,False,0.2691771269177127,0.26778242677824265,0.75
17168,0,CF1,L5,0.7,telea,7,7,0.6297382116317749,1,False,0.2496513249651325,0.2580195258019526,0.72265625
4357,0,CF1,L5,0.7,telea,3,8,0.36780935525894165,0,False,0.24407252440725244,0.23430962343096234,0.65625
2364,0,CF1,L5,0.7,telea,9,9,0.5799974799156189,1,False,0.2412831241283124,0.2649930264993027,0.7421875
8703,0,CF1,L5,0.7,telea,9,9,0.7472738027572632,1,False,0.2398884239888424,0.23709902370990238,0.6640625
19390,0,CF1,L5,0.7,telea,9,9,0.816469132900238,1,False,0.2580195258019526,0.2482566248256625,0.6953125
17853,0,CF1,L5,0.7,telea,6,2,0.6232413053512573,0,False,0.27475592747559274,0.24686192468619247,0.69140625
4930,0,CF1,L5,0.7,telea,4,6,0.37705469131469727,0,False,0.27475592747559274,0.2510460251046025,0.703125
5314,0,CF1,L5,0.7,telea,8,5,0.47089213132858276,0,False,0.25662482566248257,0.2524407252440725,0.70703125
4478,0,CF1,L5,0.7,telea,8,6,0.4516323208808899,0,False,0.2510460251046025,0.2594142259414226,0.7265625
23679,0,CF1,L5,0.7,telea,4,1,0.4506695568561554,0,False,0.27475592747559274,0.2510460251046025,0.703125
5449,0,CF1,L5,0.7,telea,1,1,0.6499053835868835,1,False,0.24407252440725244,0.2594142259414226,0.7265625
24183,0,CF1,L5,0.7,telea,0,0,0.6494003534317017,1,False,0.24686192468619247,0.2524407252440725,0.70703125
20842,0,CF1,L5,0.7,telea,3,3,0.859258770942688,1,False,0.24407252440725244,0.2412831241283124,0.67578125
18825,0,CF1,L5,0.7,telea,9,9,0.46940818428993225,1,False,0.23430962343096234,0.24407252440725244,0.68359375
6265,0,CF1,L5,0.7,telea,1,1,0.7156786322593689,1,False,0.24686192468619247,0.2496513249651325,0.69921875
24932,0,CF1,L5,0.7,telea,4,2,0.490408331155777,0,False,0.26778242677824265,0.25383542538354253,0.7109375
14427,0,CF1,L5,0.7,telea,8,2,0.2808043360710144,0,False,0.2398884239888424,0.23430962343096234,0.65625
3740,0,CF1,L5,0.7,telea,7,7,0.9060303568840027,1,False,0.2719665271966527,0.25523012552301255,0.71484375
16809,0,CF1,L5,0.7,telea,9,0,0.40599098801612854,0,False,0.26220362622036264,0.2496513249651325,0.69921875
1136,0,CF1,L5,0.7,telea,1,1,0.40857696533203125,1,False,0.25383542538354253,0.25662482566248257,0.71875
25757,0,CF1,L5,0.7,telea,5,5,0.8527399897575378,1,False,0.2482566248256625,0.2412831241283124,0.67578125
7356,0,CF1,L5,0.7,telea,4,4,0.6307952404022217,1,False,0.2315202231520223,0.25383542538354253,0.7109375
12298,0,CF1,L5,0.7,telea,0,0,0.4047415852546692,1,False,0.2482566248256625,0.24546722454672246,0.6875
5700,0,CF1,L5,0.7,telea,3,2,0.6339430809020996,0,False,0.26638772663877264,0.24546722454672246,0.6875
22753,0,CF1,L5,0.7,telea,6,6,0.590286135673523,1,False,0.26220362622036264,0.2412831241283124,0.67578125
16813,0,CF1,L5,0.7,telea,6,8,0.5233380198478699,0,False,0.2301255230125523,0.2496513249651325,0.69921875
7373,0,CF1,L5,0.7,telea,8,8,0.6631602048873901,1,False,0.24267782426778242,0.26638772663877264,0.74609375
20149,0,CF1,L5,0.7,telea,2,2,0.6053191423416138,1,False,0.25662482566248257,0.26359832635983266,0.73828125
15874,0,CF1,L5,0.7,telea,9,9,0.9241430163383484,1,False,0.25383542538354253,0.22733612273361228,0.63671875
26011,0,CF1,L5,0.7,telea,0,8,0.23677308857440948,0,False,0.2524407252440725,0.2691771269177127,0.75390625
4196,0,CF1,L5,0.7,telea,9,0,0.3378077745437622,0,False,0.24407252440725244,0.24407252440725244,0.68359375
11227,0,CF1,L5,0.7,telea,3,3,0.9426678419113159,1,False,0.26220362622036264,0.26220362622036264,0.734375
15736,0,CF1,L5,0.7,telea,3,3,0.9685096740722656,1,False,0.24686192468619247,0.26778242677824265,0.75
6339,0,CF1,L5,0.7,telea,6,6,0.5667219161987305,1,False,0.27615062761506276,0.2496513249651325,0.69921875
25704,0,CF1,L5,0.7,telea,2,2,0.9262178540229797,1,False,0.24546722454672246,0.2412831241283124,0.67578125
3190,0,CF1,L5,0.7,telea,7,7,0.682384729385376,1,False,0.2524407252440725,0.2524407252440725,0.70703125
737,0,CF1,L5,0.7,telea,4,4,0.7389794588088989,1,False,0.2398884239888424,0.2412831241283124,0.67578125
22875,0,CF1,L5,0.7,telea,9,9,0.689658522605896,1,False,0.25383542538354253,0.26220362622036264,0.734375
22749,0,CF1,L5,0.7,telea,3,3,0.7896910309791565,1,False,0.2775453277545328,0.2482566248256625,0.6953125
22998,0,CF1,L5,0.7,telea,3,3,0.9185306429862976,1,False,0.2524407252440725,0.2510460251046025,0.703125
24210,0,CF1,L5,0.7,telea,5,5,0.6531534194946289,1,False,0.2608089260808926,0.2482566248256625,0.6953125
6800,0,CF1,L5,0.7,telea,4,4,0.6958543658256531,1,False,0.24546722454672246,0.25523012552301255,0.71484375
16602,0,CF1,L5,0.7,telea,9,3,0.22892315685749054,0,False,0.24267782426778242,0.25662482566248257,0.71875
10822,0,CF1,L5,0.7,telea,6,4,0.3907630145549774,0,False,0.2510460251046025,0.2649930264993027,0.7421875
12822,0,CF1,L5,0.7,telea,1,1,0.9124873876571655,1,False,0.25523012552301255,0.25523012552301255,0.71484375
12758,0,CF1,L5,0.7,telea,5,5,0.8921544551849365,1,False,0.2649930264993027,0.2496513249651325,0.69921875
21144,0,CF1,L5,0.7,telea,4,4,0.9684053659439087,1,False,0.23291492329149233,0.24407252440725244,0.68359375
4900,0,CF1,L5,0.7,telea,6,3,0.5256038308143616,0,False,0.23709902370990238,0.2524407252440725,0.70703125
22888,0,CF1,L5,0.7,telea,9,9,0.9728477001190186,1,False,0.2733612273361227,0.2594142259414226,0.7265625
19935,0,CF1,L5,0.7,telea,9,5,0.3473540246486664,0,False,0.2398884239888424,0.24407252440725244,0.68359375
21896,0,CF1,L5,0.7,telea,7,7,0.8936290144920349,1,False,0.2580195258019526,0.2510460251046025,0.703125
3475,0,CF1,L5,0.7,telea,3,3,0.7645406723022461,1,False,0.26638772663877264,0.2510460251046025,0.703125
16171,0,CF1,L5,0.7,telea,0,0,0.978220522403717,1,False,0.2733612273361227,0.2398884239888424,0.671875
4672,0,CF1,L5,0.7,telea,4,7,0.9105332493782043,0,False,0.2691771269177127,0.23430962343096234,0.65625
10146,0,CF1,L5,0.7,telea,2,2,0.9984599351882935,1,False,0.26220362622036264,0.24407252440725244,0.68359375
9207,0,CF1,L5,0.7,telea,7,7,0.39296478033065796,1,False,0.24686192468619247,0.25383542538354253,0.7109375
17745,0,CF1,L5,0.7,telea,9,2,0.9899779558181763,0,False,0.24267782426778242,0.2412831241283124,0.67578125
432,0,CF1,L5,0.7,telea,7,7,0.561290979385376,1,False,0.2524407252440725,0.2719665271966527,0.76171875
6608,0,CF1,L5,0.7,telea,4,4,0.7838214635848999,1,False,0.27615062761506276,0.2733612273361227,0.765625
25769,0,CF1,L5,0.7,telea,9,9,0.5076984167098999,1,False,0.2733612273361227,0.24686192468619247,0.69140625
14774,0,CF1,L5,0.7,telea,3,3,0.5554555058479309,1,False,0.25383542538354253,0.25383542538354253,0.7109375
21627,0,CF1,L5,0.7,telea,4,4,0.723793089389801,1,False,0.2733612273361227,0.23709902370990238,0.6640625
8133,0,CF1,L5,0.7,telea,2,2,0.9975472092628479,1,False,0.2384937238493724,0.2412831241283124,0.67578125
12554,0,CF1,L5,0.7,telea,4,4,0.9935615062713623,1,False,0.2691771269177127,0.2398884239888424,0.671875
10856,0,CF1,L5,0.7,telea,1,4,0.41328516602516174,0,False,0.2412831241283124,0.24686192468619247,0.69140625
15931,0,CF1,L5,0.7,telea,3,3,0.8876416683197021,1,False,0.24267782426778242,0.24686192468619247,0.69140625
2367,0,CF1,L5,0.7,telea,2,2,0.5649737119674683,1,False,0.2608089260808926,0.2482566248256625,0.6953125
25563,0,CF1,L5,0.7,telea,7,7,0.60611891746521,1,False,0.24546722454672246,0.24546722454672246,0.6875
6748,0,CF1,L5,0.7,telea,2,2,0.937282383441925,1,False,0.25662482566248257,0.24546722454672246,0.6875
5368,0,CF1,L5,0.7,telea,8,8,0.9913132786750793,1,False,0.2649930264993027,0.23430962343096234,0.65625
25951,0,CF1,L5,0.7,telea,6,6,0.8040952086448669,1,False,0.2705718270571827,0.25662482566248257,0.71875
22082,0,CF1,L5,0.7,telea,7,7,0.9779873490333557,1,False,0.2496513249651325,0.24546722454672246,0.6875
19301,0,CF1,L5,0.7,telea,4,4,0.9726940393447876,1,False,0.25523012552301255,0.2482566248256625,0.6953125
13302,0,CF1,L5,0.7,telea,4,4,0.9343842267990112,1,False,0.28172942817294283,0.25662482566248257,0.71875
15358,0,CF1,L5,0.7,telea,0,0,0.6261372566223145,1,False,0.23570432357043236,0.2496513249651325,0.69921875
23572,0,CF1,L5,0.7,telea,2,2,0.9386759400367737,1,False,0.2649930264993027,0.2649930264993027,0.7421875
14736,0,CF1,L5,0.7,telea,4,4,0.9727086424827576,1,False,0.24407252440725244,0.2524407252440725,0.70703125
16685,0,CF1,L5,0.7,telea,2,2,0.46854618191719055,1,False,0.2524407252440725,0.24267782426778242,0.6796875
21902,0,CF1,L5,0.7,telea,7,7,0.30037325620651245,1,False,0.24686192468619247,0.2608089260808926,0.73046875
6713,0,CF1,L5,0.7,telea,5,6,0.27604347467422485,0,False,0.21896792189679218,0.2705718270571827,0.7578125
8771,0,CF1,L5,0.7,telea,4,4,0.8718867301940918,1,False,0.2608089260808926,0.25383542538354253,0.7109375
20264,0,CF1,L5,0.7,telea,3,6,0.5883526802062988,0,False,0.24267782426778242,0.25383542538354253,0.7109375
24489,0,CF1,L5,0.7,telea,1,1,0.9993098974227905,1,False,0.22873082287308227,0.25383542538354253,0.7109375
24852,0,CF1,L5,0.7,telea,1,4,0.654999315738678,0,False,0.2175732217573222,0.25523012552301255,0.71484375
6746,0,CF1,L5,0.7,telea,1,1,0.4845982491970062,1,False,0.24407252440725244,0.2510460251046025,0.703125
5951,0,CF1,L5,0.7,telea,5,5,0.6497781276702881,1,False,0.24407252440725244,0.2524407252440725,0.70703125
6438,0,CF1,L5,0.7,telea,4,4,0.99610435962677,1,False,0.24546722454672246,0.2510460251046025,0.703125
11126,0,CF1,L5,0.7,telea,9,6,0.4572630524635315,0,False,0.25662482566248257,0.25523012552301255,0.71484375
24241,0,CF1,L5,0.7,telea,3,3,0.6215487122535706,1,False,0.2789400278940028,0.26359832635983266,0.73828125
23621,0,CF1,L5,0.7,telea,6,6,0.5250899791717529,1,False,0.27475592747559274,0.2524407252440725,0.70703125
14358,0,CF1,L5,0.7,telea,6,3,0.34820908308029175,0,False,0.23709902370990238,0.24546722454672246,0.6875
19003,0,CF1,L5,0.7,telea,6,5,0.4769318699836731,0,False,0.24407252440725244,0.2580195258019526,0.72265625
3760,0,CF1,L5,0.7,telea,9,9,0.4488457441329956,1,False,0.2803347280334728,0.23570432357043236,0.66015625
1155,0,CF1,L5,0.7,telea,5,5,0.9771251678466797,1,False,0.2649930264993027,0.2496513249651325,0.69921875
22044,0,CF1,L5,0.7,telea,8,7,0.30818450450897217,0,False,0.2608089260808926,0.26220362622036264,0.734375
17521,0,CF1,L5,0.7,telea,4,4,0.8888832330703735,1,False,0.2510460251046025,0.24267782426778242,0.6796875
15177,0,CF1,L5,0.7,telea,9,9,0.5396256446838379,1,False,0.2649930264993027,0.2524407252440725,0.70703125
21080,0,CF1,L5,0.7,telea,0,0,0.8642425537109375,1,False,0.2649930264993027,0.2524407252440725,0.70703125
4507,0,CF1,L5,0.7,telea,5,5,0.6187101602554321,1,False,0.2594142259414226,0.2580195258019526,0.72265625
10600,0,CF1,L5,0.7,telea,7,7,0.5329134464263916,1,False,0.24267782426778242,0.2608089260808926,0.73046875
11754,0,CF1,L5,0.7,telea,1,1,0.983468770980835,1,False,0.2705718270571827,0.2315202231520223,0.6484375
22934,0,CF1,L5,0.7,telea,4,4,0.721857488155365,1,False,0.2580195258019526,0.2482566248256625,0.6953125
19094,0,CF1,L5,0.7,telea,3,3,0.9995672106742859,1,False,0.2315202231520223,0.2510460251046025,0.703125
25246,0,CF1,L5,0.7,telea,7,7,0.5506117343902588,1,False,0.2384937238493724,0.2412831241283124,0.67578125
14745,0,CF1,L5,0.7,telea,2,2,0.9995684027671814,1,False,0.2580195258019526,0.24267782426778242,0.6796875
3177,0,CF1,L5,0.7,telea,8,9,0.3506819009780884,0,False,0.26220362622036264,0.24267782426778242,0.6796875
13870,0,CF1,L5,0.7,telea,5,1,0.3048655092716217,0,False,0.22733612273361228,0.2496513249651325,0.69921875
5605,0,CF1,L5,0.7,telea,6,6,0.8140519857406616,1,False,0.23430962343096234,0.2524407252440725,0.70703125
5202,0,CF1,L5,0.7,telea,8,8,0.6022899150848389,1,False,0.24407252440725244,0.2608089260808926,0.73046875
8800,0,CF1,L5,0.7,telea,5,5,0.965571403503418,1,False,0.24546722454672246,0.2384937238493724,0.66796875
645,0,CF1,L5,0.7,telea,3,3,0.9446806311607361,1,False,0.2649930264993027,0.25523012552301255,0.71484375
16077,0,CF1,L5,0.7,telea,5,5,0.9465725421905518,1,False,0.25383542538354253,0.2580195258019526,0.72265625
15336,0,CF1,L5,0.7,telea,5,5,0.8531508445739746,1,False,0.24407252440725244,0.24267782426778242,0.6796875
20933,0,CF1,L5,0.7,telea,0,0,0.7731565833091736,1,False,0.2775453277545328,0.2580195258019526,0.72265625
10580,0,CF1,L5,0.7,telea,8,8,0.5515273213386536,1,False,0.2705718270571827,0.24686192468619247,0.69140625
25902,0,CF1,L5,0.7,telea,6,6,0.9379148483276367,1,False,0.2217573221757322,0.25383542538354253,0.7109375
4666,0,CF1,L5,0.7,telea,8,8,0.9986359477043152,1,False,0.24407252440725244,0.2398884239888424,0.671875
14541,0,CF1,L5,0.7,telea,4,4,0.9469812512397766,1,False,0.2524407252440725,0.24686192468619247,0.69140625
7374,0,CF1,L5,0.7,telea,5,5,0.7634332776069641,1,False,0.23709902370990238,0.2594142259414226,0.7265625
4697,0,CF1,L5,0.7,telea,5,9,0.34812259674072266,0,False,0.2496513249651325,0.25662482566248257,0.71875
6317,0,CF1,L5,0.7,telea,5,5,0.7124239206314087,1,False,0.2524407252440725,0.2482566248256625,0.6953125
16623,0,CF1,L5,0.7,telea,6,6,0.7501319050788879,1,False,0.28172942817294283,0.24546722454672246,0.6875
16511,0,CF1,L5,0.7,telea,6,5,0.5159173011779785,0,False,0.24407252440725244,0.27475592747559274,0.76953125
16162,0,CF1,L5,0.7,telea,3,3,0.6363962888717651,1,False,0.2412831241283124,0.2649930264993027,0.7421875
5989,0,CF1,L5,0.7,telea,1,1,0.6847550272941589,1,False,0.26778242677824265,0.24546722454672246,0.6875
18753,0,CF1,L5,0.7,telea,5,5,0.7424912452697754,1,False,0.2608089260808926,0.24407252440725244,0.68359375
20853,0,CF1,L5,0.7,telea,4,4,0.8896659016609192,1,False,0.2608089260808926,0.2524407252440725,0.70703125
16556,0,CF1,L5,0.7,telea,0,0,0.5351985692977905,1,False,0.2859135285913529,0.2580195258019526,0.72265625
7019,0,CF1,L5,0.7,telea,9,9,0.8485569953918457,1,False,0.2608089260808926,0.24267782426778242,0.6796875
3090,0,CF1,L5,0.7,telea,6,6,0.967129111289978,1,False,0.2594142259414226,0.25383542538354253,0.7109375
14680,0,CF1,L5,0.7,telea,3,3,0.7721222043037415,1,False,0.2719665271966527,0.26220362622036264,0.734375
869,0,CF1,L5,0.7,telea,3,3,0.49577686190605164,1,False,0.24407252440725244,0.25383542538354253,0.7109375
7595,0,CF1,L5,0.7,telea,6,6,0.5898409485816956,1,False,0.25383542538354253,0.24546722454672246,0.6875
14417,0,CF1,L5,0.7,telea,1,1,0.9073716402053833,1,False,0.23709902370990238,0.25662482566248257,0.71875
13624,0,CF1,L5,0.7,telea,9,9,0.9398324489593506,1,False,0.24686192468619247,0.24686192468619247,0.69140625
21083,0,CF1,L5,0.7,telea,0,0,0.8652990460395813,1,False,0.2733612273361227,0.22873082287308227,0.640625
7556,0,CF1,L5,0.7,telea,1,1,0.9696816205978394,1,False,0.2384937238493724,0.24267782426778242,0.6796875
9289,0,CF1,L5,0.7,telea,8,8,0.31107690930366516,1,False,0.26220362622036264,0.2524407252440725,0.70703125
19944,0,CF1,L5,0.7,telea,3,3,0.6783897280693054,1,False,0.2733612273361227,0.24407252440725244,0.68359375
6057,0,CF1,L5,0.7,telea,1,1,0.5240426659584045,1,False,0.2510460251046025,0.24546722454672246,0.6875
23029,0,CF1,L5,0.7,telea,8,2,0.2902633249759674,0,False,0.24546722454672246,0.25523012552301255,0.71484375
23668,0,CF1,L5,0.7,telea,5,5,0.779848575592041,1,False,0.25662482566248257,0.25662482566248257,0.71875
13115,0,CF1,L5,0.7,telea,8,8,0.800559937953949,1,False,0.2594142259414226,0.24686192468619247,0.69140625
20635,0,CF1,L5,0.7,telea,3,3,0.34570959210395813,1,False,0.2789400278940028,0.2203626220362622,0.6171875
4281,0,CF1,L5,0.7,telea,4,4,0.9321789145469666,1,False,0.26359832635983266,0.2496513249651325,0.69921875
4139,0,CF1,L5,0.7,telea,9,2,0.41186121106147766,0,False,0.2482566248256625,0.25523012552301255,0.71484375
10652,0,CF1,L5,0.7,telea,1,1,0.9029744267463684,1,False,0.2412831241283124,0.24686192468619247,0.69140625
700,0,CF1,L5,0.7,telea,1,1,0.9662662148475647,1,False,0.2900976290097629,0.2482566248256625,0.6953125
5772,0,CF1,L5,0.7,telea,3,7,0.2804884612560272,0,False,0.2384937238493724,0.2524407252440725,0.70703125
8114,0,CF1,L5,0.7,telea,9,0,0.4073241651058197,0,False,0.2705718270571827,0.2482566248256625,0.6953125
5964,0,CF1,L5,0.7,telea,6,8,0.3761950135231018,0,False,0.23570432357043236,0.2496513249651325,0.69921875
17278,0,CF1,L5,0.7,telea,7,2,0.8845213055610657,0,False,0.23291492329149233,0.2580195258019526,0.72265625
9961,0,CF1,L5,0.7,telea,0,0,0.3476342558860779,1,False,0.28172942817294283,0.24407252440725244,0.68359375
25974,0,CF1,L5,0.7,telea,7,7,0.9896546602249146,1,False,0.26638772663877264,0.24686192468619247,0.69140625
14317,0,CF1,L5,0.7,telea,3,3,0.739616334438324,1,False,0.2649930264993027,0.2398884239888424,0.671875
6485,0,CF1,L5,0.7,telea,0,0,0.9970408082008362,1,False,0.2496513249651325,0.2398884239888424,0.671875
18287,0,CF1,L5,0.7,telea,0,0,0.5502999424934387,1,False,0.2691771269177127,0.2580195258019526,0.72265625
11840,0,CF1,L5,0.7,telea,4,4,0.8551220297813416,1,False,0.24267782426778242,0.2315202231520223,0.6484375
864,0,CF1,L5,0.7,telea,0,0,0.9388676881790161,1,False,0.24546722454672246,0.23430962343096234,0.65625
20612,0,CF1,L5,0.7,telea,1,1,0.5407443642616272,1,False,0.2510460251046025,0.25662482566248257,0.71875
21079,0,CF1,L5,0.7,telea,1,1,0.994293212890625,1,False,0.24407252440725244,0.23570432357043236,0.66015625
11286,0,CF1,L5,0.7,telea,5,5,0.8196526765823364,1,False,0.2859135285913529,0.2580195258019526,0.72265625
788,0,CF1,L5,0.7,telea,0,0,0.47074273228645325,1,False,0.2510460251046025,0.24686192468619247,0.69140625
15932,0,CF1,L5,0.7,telea,3,3,0.7700619101524353,1,False,0.23709902370990238,0.24686192468619247,0.69140625
18511,0,CF1,L5,0.7,telea,3,3,0.7921488881111145,1,False,0.2594142259414226,0.25662482566248257,0.71875
21576,0,CF1,L5,0.7,telea,5,1,0.7234402298927307,0,False,0.23430962343096234,0.24267782426778242,0.6796875
17237,0,CF1,L5,0.7,telea,2,2,0.9926764965057373,1,False,0.2482566248256625,0.24686192468619247,0.69140625
2966,0,CF1,L5,0.7,telea,2,2,0.9998774528503418,1,False,0.24407252440725244,0.2510460251046025,0.703125
16416,0,CF1,L5,0.7,telea,5,5,0.9285617470741272,1,False,0.2594142259414226,0.25383542538354253,0.7109375
1280,0,CF1,L5,0.7,telea,5,5,0.7965196371078491,1,False,0.24407252440725244,0.2510460251046025,0.703125
24928,0,CF1,L5,0.7,telea,0,0,0.7280712723731995,1,False,0.26220362622036264,0.24686192468619247,0.69140625
23837,0,CF1,L5,0.7,telea,1,1,0.5151916146278381,1,False,0.25383542538354253,0.24407252440725244,0.68359375
20230,0,CF1,L5,0.7,telea,1,1,0.83982914686203,1,False,0.25523012552301255,0.2496513249651325,0.69921875
23434,0,CF1,L5,0.7,telea,5,5,0.8188490867614746,1,False,0.2496513249651325,0.2482566248256625,0.6953125
20522,0,CF1,L5,0.7,telea,6,1,0.3722151219844818,0,False,0.2482566248256625,0.24267782426778242,0.6796875
7789,0,CF1,L5,0.7,telea,3,1,0.23028628528118134,0,False,0.2524407252440725,0.2412831241283124,0.67578125
22086,0,CF1,L5,0.7,telea,6,6,0.8410335183143616,1,False,0.2580195258019526,0.2398884239888424,0.671875
21339,0,CF1,L5,0.7,telea,0,2,0.4199913740158081,0,False,0.25662482566248257,0.25383542538354253,0.7109375
6830,0,CF1,L5,0.7,telea,9,9,0.9975132942199707,1,False,0.2691771269177127,0.2580195258019526,0.72265625
20902,0,CF1,L5,0.7,telea,2,2,0.9490073323249817,1,False,0.2649930264993027,0.25523012552301255,0.71484375
17481,0,CF1,L5,0.7,telea,5,5,0.8473137617111206,1,False,0.25523012552301255,0.2398884239888424,0.671875
3050,0,CF1,L5,0.7,telea,6,6,0.4635508060455322,1,False,0.23291492329149233,0.2398884239888424,0.671875
409,0,CF1,L5,0.7,telea,1,4,0.6623438000679016,0,False,0.2412831241283124,0.25662482566248257,0.71875
14823,0,CF1,L5,0.7,telea,7,7,0.5048835873603821,1,False,0.23709902370990238,0.2496513249651325,0.69921875
22892,0,CF1,L5,0.7,telea,9,9,0.352509081363678,1,False,0.2580195258019526,0.2733612273361227,0.765625
9470,0,CF1,L5,0.7,telea,8,8,0.29310235381126404,1,False,0.2301255230125523,0.2524407252440725,0.70703125
9543,0,CF1,L5,0.7,telea,6,8,0.612385630607605,0,False,0.2649930264993027,0.25523012552301255,0.71484375
22090,0,CF1,L5,0.7,telea,5,5,0.9711644649505615,1,False,0.2482566248256625,0.24407252440725244,0.68359375
6045,0,CF1,L5,0.7,telea,6,6,0.9433304071426392,1,False,0.25662482566248257,0.24267782426778242,0.6796875
317,0,CF1,L5,0.7,telea,8,8,0.8461906909942627,1,False,0.2691771269177127,0.2482566248256625,0.6953125
15812,0,CF1,L5,0.7,telea,0,0,0.7662675380706787,1,False,0.2803347280334728,0.26220362622036264,0.734375
18170,0,CF1,L5,0.7,telea,9,9,0.846376359462738,1,False,0.2217573221757322,0.2580195258019526,0.72265625
14781,0,CF1,L5,0.7,telea,0,8,0.21699067950248718,0,False,0.23291492329149233,0.2384937238493724,0.66796875
17886,0,CF1,L5,0.7,telea,9,9,0.6656660437583923,1,False,0.24686192468619247,0.25383542538354253,0.7109375
20049,0,CF1,L5,0.7,telea,3,0,0.413510799407959,0,False,0.25383542538354253,0.25383542538354253,0.7109375
13283,0,CF1,L5,0.7,telea,0,0,0.7483382821083069,1,False,0.2580195258019526,0.2524407252440725,0.70703125
25830,0,CF1,L5,0.7,telea,5,5,0.982961118221283,1,False,0.2524407252440725,0.26220362622036264,0.734375
14277,0,CF1,L5,0.7,telea,9,9,0.7563551664352417,1,False,0.26220362622036264,0.23291492329149233,0.65234375
5908,0,CF1,L5,0.7,telea,1,1,0.9867576360702515,1,False,0.2733612273361227,0.24267782426778242,0.6796875
9731,0,CF1,L5,0.7,telea,8,8,0.7368557453155518,1,False,0.2524407252440725,0.2301255230125523,0.64453125
14180,0,CF1,L5,0.7,telea,9,9,0.9764171838760376,1,False,0.2705718270571827,0.2398884239888424,0.671875
9246,0,CF1,L5,0.7,telea,2,2,0.9895846247673035,1,False,0.24686192468619247,0.2496513249651325,0.69921875
1656,0,CF1,L5,0.7,telea,2,2,0.4262335002422333,1,False,0.26638772663877264,0.24546722454672246,0.6875
17712,0,CF1,L5,0.7,telea,1,1,0.688497006893158,1,False,0.2482566248256625,0.2384937238493724,0.66796875
25544,0,CF1,L5,0.7,telea,9,9,0.5129984617233276,1,False,0.24407252440725244,0.25383542538354253,0.7109375
1120,0,CF1,L5,0.7,telea,5,5,0.9817487597465515,1,False,0.23570432357043236,0.2594142259414226,0.7265625
1298,0,CF1,L5,0.7,telea,6,6,0.8355876207351685,1,False,0.2594142259414226,0.25383542538354253,0.7109375
25570,0,CF1,L5,0.7,telea,2,2,0.8692344427108765,1,False,0.26220362622036264,0.2510460251046025,0.703125
5370,0,CF1,L5,0.7,telea,7,7,0.6614412665367126,1,False,0.26638772663877264,0.2384937238493724,0.66796875
19075,0,CF1,L5,0.7,telea,2,2,0.9801464676856995,1,False,0.2803347280334728,0.2482566248256625,0.6953125
8583,0,CF1,L5,0.7,telea,0,1,0.3065544366836548,0,False,0.25523012552301255,0.2580195258019526,0.72265625
2133,0,CF1,L5,0.7,telea,0,0,0.22937706112861633,1,False,0.18688981868898186,0.2482566248256625,0.6953125
1982,0,CF1,L5,0.7,telea,2,2,0.9314605593681335,1,False,0.2608089260808926,0.25662482566248257,0.71875
950,0,CF1,L5,0.7,telea,8,2,0.4067489802837372,0,False,0.23430962343096234,0.24546722454672246,0.6875
19563,0,CF1,L5,0.7,telea,4,4,0.928537130355835,1,False,0.2384937238493724,0.2524407252440725,0.70703125
21023,0,CF1,L5,0.7,telea,6,6,0.8544736504554749,1,False,0.2482566248256625,0.2524407252440725,0.70703125
15687,0,CF1,L5,0.7,telea,0,0,0.4020198583602905,1,False,0.25523012552301255,0.25523012552301255,0.71484375
6444,0,CF1,L5,0.7,telea,6,6,0.7201769351959229,1,False,0.2315202231520223,0.25383542538354253,0.7109375
15735,0,CF1,L5,0.7,telea,4,4,0.9964820146560669,1,False,0.2733612273361227,0.25662482566248257,0.71875
10651,0,CF1,L5,0.7,telea,0,0,0.3095947504043579,1,False,0.26220362622036264,0.24686192468619247,0.69140625
13256,0,CF1,L5,0.7,telea,1,1,0.9738578796386719,1,False,0.24686192468619247,0.2384937238493724,0.66796875
16855,0,CF1,L5,0.7,telea,6,6,0.192576065659523,1,False,0.2594142259414226,0.2524407252440725,0.70703125
14884,0,CF1,L5,0.7,telea,9,9,0.8913096785545349,1,False,0.2315202231520223,0.2691771269177127,0.75390625
21884,0,CF1,L5,0.7,telea,6,6,0.6257684826850891,1,False,0.23709902370990238,0.2398884239888424,0.671875
5078,0,CF1,L5,0.7,telea,3,6,0.3482038974761963,0,False,0.2775453277545328,0.2398884239888424,0.671875
20419,0,CF1,L5,0.7,telea,9,2,0.5149281024932861,0,False,0.28451882845188287,0.27475592747559274,0.76953125
20521,0,CF1,L5,0.7,telea,5,5,0.8735512495040894,1,False,0.23570432357043236,0.2482566248256625,0.6953125
23257,0,CF1,L5,0.7,telea,5,5,0.49632298946380615,1,False,0.2580195258019526,0.2608089260808926,0.73046875
17190,0,CF1,L5,0.7,telea,2,2,0.9195474982261658,1,False,0.2510460251046025,0.2580195258019526,0.72265625
15631,0,CF1,L5,0.7,telea,8,8,0.9480885863304138,1,False,0.2398884239888424,0.2496513249651325,0.69921875
504,0,CF1,L5,0.7,telea,0,6,0.615657389163971,0,False,0.24267782426778242,0.2384937238493724,0.66796875
14990,0,CF1,L5,0.7,telea,3,3,0.9921717643737793,1,False,0.2775453277545328,0.2496513249651325,0.69921875
24512,0,CF1,L5,0.7,telea,8,8,0.6455084085464478,1,False,0.23430962343096234,0.2496513249651325,0.69921875
23120,0,CF1,L5,0.7,telea,7,1,0.8161121606826782,0,False,0.2482566248256625,0.26220362622036264,0.734375
3357,0,CF1,L5,0.7,telea,2,2,0.9930927753448486,1,False,0.2719665271966527,0.2496513249651325,0.69921875
8088,0,CF1,L5,0.7,telea,1,1,0.616048276424408,1,False,0.24546722454672246,0.23570432357043236,0.66015625
21849,0,CF1,L5,0.7,telea,9,9,0.6705206036567688,1,False,0.2649930264993027,0.24546722454672246,0.6875
13683,0,CF1,L5,0.7,telea,0,0,0.7881186008453369,1,False,0.25523012552301255,0.2384937238493724,0.66796875
22718,0,CF1,L5,0.7,telea,9,3,0.6002072691917419,0,False,0.2510460251046025,0.2384937238493724,0.66796875
9927,0,CF1,L5,0.7,telea,4,4,0.9307997226715088,1,False,0.2496513249651325,0.24686192468619247,0.69140625
11425,0,CF1,L5,0.7,telea,0,0,0.4874629080295563,1,False,0.23570432357043236,0.2524407252440725,0.70703125
14578,0,CF1,L5,0.7,telea,0,1,0.6287956237792969,0,False,0.2928870292887029,0.23709902370990238,0.6640625
25481,0,CF1,L5,0.7,telea,8,8,0.3792497217655182,1,False,0.2608089260808926,0.25662482566248257,0.71875
11269,0,CF1,L5,0.7,telea,5,5,0.9923772811889648,1,False,0.2482566248256625,0.23709902370990238,0.6640625
12877,0,CF1,L5,0.7,telea,5,5,0.7257323861122131,1,False,0.2594142259414226,0.2496513249651325,0.69921875
22531,0,CF1,L5,0.7,telea,9,3,0.24322664737701416,0,False,0.2398884239888424,0.25523012552301255,0.71484375
13150,0,CF1,L5,0.7,telea,3,3,0.3493673503398895,1,False,0.2580195258019526,0.25383542538354253,0.7109375
5654,0,CF1,L5,0.7,telea,8,8,0.5077666640281677,1,False,0.24686192468619247,0.26778242677824265,0.75
1286,0,CF1,L5,0.7,telea,7,7,0.9310469031333923,1,False,0.23570432357043236,0.24686192468619247,0.69140625
1652,0,CF1,L5,0.7,telea,1,1,0.9561285376548767,1,False,0.23709902370990238,0.2510460251046025,0.703125
22335,0,CF1,L5,0.7,telea,2,9,0.3055807948112488,0,False,0.2705718270571827,0.2496513249651325,0.69921875
23848,0,CF1,L5,0.7,telea,3,3,0.6299892067909241,1,False,0.24546722454672246,0.2580195258019526,0.72265625
2892,0,CF1,L5,0.7,telea,6,6,0.9491882920265198,1,False,0.25662482566248257,0.2482566248256625,0.6953125
16530,0,CF1,L5,0.7,telea,8,8,0.8482430577278137,1,False,0.2691771269177127,0.2580195258019526,0.72265625
12848,0,CF1,L5,0.7,telea,8,8,0.9627261161804199,1,False,0.28451882845188287,0.24267782426778242,0.6796875
7330,0,CF1,L5,0.7,telea,7,7,0.9151698350906372,1,False,0.24267782426778242,0.2580195258019526,0.72265625
3676,0,CF1,L5,0.7,telea,1,1,0.8228099942207336,1,False,0.25523012552301255,0.23430962343096234,0.65625
19966,0,CF1,L5,0.7,telea,8,8,0.6344627141952515,1,False,0.21896792189679218,0.24686192468619247,0.69140625
8382,0,CF1,L5,0.7,telea,5,6,0.34203270077705383,0,False,0.24686192468619247,0.25523012552301255,0.71484375
19660,0,CF1,L5,0.7,telea,7,5,0.3769274950027466,0,False,0.25383542538354253,0.2524407252440725,0.70703125
2508,0,CF1,L5,0.7,telea,9,9,0.4670121669769287,1,False,0.27475592747559274,0.2580195258019526,0.72265625
2360,0,CF1,L5,0.7,telea,4,4,0.5372838973999023,1,False,0.2914923291492329,0.2524407252440725,0.70703125
16796,0,CF1,L5,0.7,telea,1,1,0.9525337219238281,1,False,0.29707112970711297,0.2482566248256625,0.6953125
23426,0,CF1,L5,0.7,telea,9,0,0.4527185559272766,0,False,0.25523012552301255,0.25383542538354253,0.7109375
15590,0,CF1,L5,0.7,telea,2,9,0.6217567920684814,0,False,0.2482566248256625,0.2482566248256625,0.6953125
6302,0,CF1,L5,0.7,telea,3,3,0.6338948607444763,1,False,0.24267782426778242,0.24686192468619247,0.69140625
24519,0,CF1,L5,0.7,telea,7,7,0.47963857650756836,1,False,0.26778242677824265,0.22873082287308227,0.640625
23276,0,CF1,L5,0.7,telea,2,3,0.4115298092365265,0,False,0.23291492329149233,0.2608089260808926,0.73046875
24566,0,CF1,L5,0.7,telea,8,8,0.6748759150505066,1,False,0.2510460251046025,0.24267782426778242,0.6796875
20978,0,CF1,L5,0.7,telea,1,4,0.9369797110557556,0,False,0.2580195258019526,0.2608089260808926,0.73046875
8990,0,CF1,L5,0.7,telea,3,3,0.6168432831764221,1,False,0.27475592747559274,0.2496513249651325,0.69921875
11061,0,CF1,L5,0.7,telea,7,7,0.6626623272895813,1,False,0.2789400278940028,0.25662482566248257,0.71875
7075,0,CF1,L5,0.7,telea,9,5,0.6480099558830261,0,False,0.2482566248256625,0.24686192468619247,0.69140625
17641,0,CF1,L5,0.7,telea,2,2,0.9976944327354431,1,False,0.2524407252440725,0.25383542538354253,0.7109375
12077,0,CF1,L5,0.7,telea,9,9,0.9629643559455872,1,False,0.24546722454672246,0.2608089260808926,0.73046875
1779,0,CF1,L5,0.7,telea,7,7,0.9622887969017029,1,False,0.2398884239888424,0.2580195258019526,0.72265625
11519,0,CF1,L5,0.7,telea,4,4,0.5517238974571228,1,False,0.26778242677824265,0.2412831241283124,0.67578125
8549,0,CF1,L5,0.7,telea,3,3,0.35891851782798767,1,False,0.23570432357043236,0.2510460251046025,0.703125
14623,0,CF1,L5,0.7,telea,6,6,0.503976047039032,1,False,0.2649930264993027,0.24546722454672246,0.6875
10846,0,CF1,L5,0.7,telea,3,3,0.9920511841773987,1,False,0.2580195258019526,0.2580195258019526,0.72265625
16289,0,CF1,L5,0.7,telea,3,3,0.7715429067611694,1,False,0.25383542538354253,0.2482566248256625,0.6953125
12311,0,CF1,L5,0.7,telea,8,8,0.38821759819984436,1,False,0.25523012552301255,0.24407252440725244,0.68359375
6068,0,CF1,L5,0.7,telea,8,8,0.7586453557014465,1,False,0.24546722454672246,0.26359832635983266,0.73828125
9629,0,CF1,L5,0.7,telea,6,6,0.685807466506958,1,False,0.27615062761506276,0.2412831241283124,0.67578125
19560,0,CF1,L5,0.7,telea,3,9,0.41288602352142334,0,False,0.23709902370990238,0.24267782426778242,0.6796875
10379,0,CF1,L5,0.7,telea,8,8,0.8529057502746582,1,False,0.2524407252440725,0.24546722454672246,0.6875
6499,0,CF1,L5,0.7,telea,9,5,0.5608190298080444,0,False,0.24267782426778242,0.24546722454672246,0.6875
1159,0,CF1,L5,0.7,telea,0,0,0.7698525786399841,1,False,0.24267782426778242,0.2398884239888424,0.671875
4366,0,CF1,L5,0.7,telea,7,7,0.8430395722389221,1,False,0.2608089260808926,0.25383542538354253,0.7109375
8397,0,CF1,L5,0.7,telea,1,0,0.2665546238422394,0,False,0.26778242677824265,0.24546722454672246,0.6875
20905,0,CF1,L5,0.7,telea,9,9,0.5041298866271973,1,False,0.2412831241283124,0.2412831241283124,0.67578125
15746,0,CF1,L5,0.7,telea,5,5,0.69096440076828,1,False,0.26359832635983266,0.2524407252440725,0.70703125
9402,0,CF1,L5,0.7,telea,3,8,0.8681926727294922,0,False,0.2398884239888424,0.26778242677824265,0.75
8164,0,CF1,L5,0.7,telea,2,6,0.2904145419597626,0,False,0.26220362622036264,0.2510460251046025,0.703125
510,0,CF1,L5,0.7,telea,5,5,0.3872533142566681,1,False,0.2691771269177127,0.2496513249651325,0.69921875
24070,0,CF1,L5,0.7,telea,9,1,0.4266716241836548,0,False,0.2594142259414226,0.2594142259414226,0.7265625
2401,0,CF1,L5,0.7,telea,4,4,0.962941586971283,1,False,0.24267782426778242,0.26220362622036264,0.734375
12147,0,CF1,L5,0.7,telea,3,3,0.6324268579483032,1,False,0.22733612273361228,0.2649930264993027,0.7421875
14499,0,CF1,L5,0.7,telea,6,6,0.671855628490448,1,False,0.23709902370990238,0.23709902370990238,0.6640625
3530,0,CF1,L5,0.7,telea,6,6,0.9598685503005981,1,False,0.2384937238493724,0.2482566248256625,0.6953125
14723,0,CF1,L5,0.7,telea,7,2,0.6374882459640503,0,False,0.24546722454672246,0.22873082287308227,0.640625
4435,0,CF1,L5,0.7,telea,3,3,0.8941619396209717,1,False,0.24686192468619247,0.2524407252440725,0.70703125
22852,0,CF1,L5,0.7,telea,2,2,0.31727099418640137,1,False,0.23709902370990238,0.24546722454672246,0.6875
8461,0,CF1,L5,0.7,telea,3,3,0.9746512770652771,1,False,0.2315202231520223,0.24407252440725244,0.68359375
21972,0,CF1,L5,0.7,telea,7,7,0.8288539052009583,1,False,0.2608089260808926,0.2496513249651325,0.69921875
5410,0,CF1,L5,0.7,telea,4,4,0.7948240041732788,1,False,0.2608089260808926,0.24407252440725244,0.68359375
17754,0,CF1,L5,0.7,telea,6,6,0.9132333397865295,1,False,0.26638772663877264,0.25523012552301255,0.71484375
15311,0,CF1,L5,0.7,telea,2,2,0.9511861801147461,1,False,0.27475592747559274,0.2719665271966527,0.76171875
15185,0,CF1,L5,0.7,telea,1,1,0.6098533868789673,1,False,0.2594142259414226,0.24546722454672246,0.6875
5663,0,CF1,L5,0.7,telea,4,4,0.5407514572143555,1,False,0.2803347280334728,0.25523012552301255,0.71484375
6247,0,CF1,L5,0.7,telea,6,3,0.4247009754180908,0,False,0.24267782426778242,0.25523012552301255,0.71484375
15287,0,CF1,L5,0.7,telea,0,2,0.5901091694831848,0,False,0.26359832635983266,0.24686192468619247,0.69140625
19902,0,CF1,L5,0.7,telea,0,0,0.4585953652858734,1,False,0.25662482566248257,0.25662482566248257,0.71875
25188,0,CF1,L5,0.7,telea,4,4,0.781654417514801,1,False,0.25523012552301255,0.2594142259414226,0.7265625
11195,0,CF1,L5,0.7,telea,8,8,0.40499868988990784,1,False,0.23291492329149233,0.26220362622036264,0.734375
4828,0,CF1,L5,0.7,telea,7,9,0.23306779563426971,0,False,0.27615062761506276,0.2580195258019526,0.72265625
23751,0,CF1,L5,0.7,telea,5,5,0.746994137763977,1,False,0.2649930264993027,0.2412831241283124,0.67578125
9464,0,CF1,L5,0.7,telea,3,3,0.5921770930290222,1,False,0.25383542538354253,0.24686192468619247,0.69140625
25723,0,CF1,L5,0.7,telea,0,0,0.8417683243751526,1,False,0.23430962343096234,0.26359832635983266,0.73828125
16859,0,CF1,L5,0.7,telea,5,5,0.7477795481681824,1,False,0.2580195258019526,0.2482566248256625,0.6953125
3601,0,CF1,L5,0.7,telea,1,1,0.9773170351982117,1,False,0.2691771269177127,0.2594142259414226,0.7265625
11679,0,CF1,L5,0.7,telea,6,6,0.9806891679763794,1,False,0.2482566248256625,0.24686192468619247,0.69140625
12135,0,CF1,L5,0.7,telea,7,1,0.44136926531791687,0,False,0.2608089260808926,0.2384937238493724,0.66796875
16329,0,CF1,L5,0.7,telea,1,1,0.4668685495853424,1,False,0.2510460251046025,0.2315202231520223,0.6484375
94,0,CF1,L5,0.7,telea,4,6,0.5504388213157654,0,False,0.25662482566248257,0.23430962343096234,0.65625
14517,0,CF1,L5,0.7,telea,9,5,0.42016035318374634,0,False,0.26778242677824265,0.2580195258019526,0.72265625
16852,0,CF1,L5,0.7,telea,3,3,0.974449872970581,1,False,0.2217573221757322,0.26220362622036264,0.734375
6852,0,CF1,L5,0.7,telea,6,0,0.21680769324302673,0,False,0.2775453277545328,0.2524407252440725,0.70703125
24858,0,CF1,L5,0.7,telea,3,3,0.9830965995788574,1,False,0.2691771269177127,0.2594142259414226,0.7265625
297,0,CF1,L5,0.7,telea,9,9,0.5289401412010193,1,False,0.27615062761506276,0.2384937238493724,0.66796875
12339,0,CF1,L5,0.7,telea,2,2,0.9987785220146179,1,False,0.2691771269177127,0.2510460251046025,0.703125
20811,0,CF1,L5,0.7,telea,8,8,0.5926622748374939,1,False,0.2315202231520223,0.26359832635983266,0.73828125
12439,0,CF1,L5,0.7,telea,5,5,0.6465559601783752,1,False,0.2496513249651325,0.25383542538354253,0.7109375
16632,0,CF1,L5,0.7,telea,9,0,0.8203153610229492,0,False,0.2705718270571827,0.2482566248256625,0.6953125
5798,0,CF1,L5,0.7,telea,4,4,0.5797550082206726,1,False,0.2524407252440725,0.24686192468619247,0.69140625
18458,0,CF1,L5,0.7,telea,3,3,0.928457498550415,1,False,0.2775453277545328,0.2496513249651325,0.69921875
6105,0,CF1,L5,0.7,telea,5,5,0.729912281036377,1,False,0.26778242677824265,0.2580195258019526,0.72265625
10321,0,CF1,L5,0.7,telea,6,6,0.8321254849433899,1,False,0.26638772663877264,0.24686192468619247,0.69140625
21771,0,CF1,L5,0.7,telea,7,7,0.9689263701438904,1,False,0.2482566248256625,0.2496513249651325,0.69921875
22194,0,CF1,L5,0.7,telea,0,0,0.8356990814208984,1,False,0.2691771269177127,0.25383542538354253,0.7109375
6,0,CF1,L5,0.7,telea,9,9,0.35850363969802856,1,False,0.23570432357043236,0.24686192468619247,0.69140625
912,0,CF1,L5,0.7,telea,7,7,0.778143048286438,1,False,0.2705718270571827,0.2496513249651325,0.69921875
16910,0,CF1,L5,0.7,telea,5,5,0.8505416512489319,1,False,0.26638772663877264,0.2608089260808926,0.73046875
18738,0,CF1,L5,0.7,telea,7,7,0.9844316840171814,1,False,0.2175732217573222,0.25383542538354253,0.7109375
18020,0,CF1,L5,0.7,telea,9,9,0.7611944675445557,1,False,0.22873082287308227,0.2510460251046025,0.703125
3462,0,CF1,L5,0.7,telea,8,5,0.2668067514896393,0,False,0.26220362622036264,0.25523012552301255,0.71484375
5696,0,CF1,L5,0.7,telea,1,0,0.24544364213943481,0,False,0.2719665271966527,0.2594142259414226,0.7265625
15066,0,CF1,L5,0.7,telea,3,3,0.9302658438682556,1,False,0.27475592747559274,0.24267782426778242,0.6796875
10653,0,CF1,L5,0.7,telea,9,9,0.2940966486930847,1,False,0.2719665271966527,0.26220362622036264,0.734375
13337,0,CF1,L5,0.7,telea,2,2,0.9902744293212891,1,False,0.2580195258019526,0.2398884239888424,0.671875
12340,0,CF1,L5,0.7,telea,5,5,0.9679568409919739,1,False,0.21199442119944212,0.25383542538354253,0.7109375
9536,0,CF1,L5,0.7,telea,0,0,0.9557971358299255,1,False,0.2775453277545328,0.23430962343096234,0.65625
3566,0,CF1,L5,0.7,telea,4,4,0.7755690813064575,1,False,0.2384937238493724,0.2524407252440725,0.70703125
20090,0,CF1,L5,0.7,telea,4,4,0.7699163556098938,1,False,0.24686192468619247,0.2580195258019526,0.72265625
211,0,CF1,L5,0.7,telea,0,0,0.5462852120399475,1,False,0.2496513249651325,0.24686192468619247,0.69140625
55,0,CF1,L5,0.7,telea,8,6,0.5364335179328918,0,False,0.2412831241283124,0.24407252440725244,0.68359375
1477,0,CF1,L5,0.7,telea,2,1,0.18400359153747559,0,False,0.2719665271966527,0.24686192468619247,0.69140625
25898,0,CF1,L5,0.7,telea,0,6,0.5451578497886658,0,False,0.2580195258019526,0.2580195258019526,0.72265625
25713,0,CF1,L5,0.7,telea,0,0,0.5965195894241333,1,False,0.2301255230125523,0.24686192468619247,0.69140625
18055,0,CF1,L5,0.7,telea,3,3,0.9727951288223267,1,False,0.24267782426778242,0.2496513249651325,0.69921875
17461,0,CF1,L5,0.7,telea,3,3,0.9457440376281738,1,False,0.23709902370990238,0.26359832635983266,0.73828125
14237,0,CF1,L5,0.7,telea,7,7,0.8792677521705627,1,False,0.24267782426778242,0.2594142259414226,0.7265625
13858,0,CF1,L5,0.7,telea,1,1,0.9932957291603088,1,False,0.2649930264993027,0.23430962343096234,0.65625
12386,0,CF1,L5,0.7,telea,5,3,0.5114864110946655,0,False,0.22594142259414227,0.26220362622036264,0.734375
7223,0,CF1,L5,0.7,telea,9,9,0.9560238122940063,1,False,0.26220362622036264,0.26778242677824265,0.75
3153,0,CF1,L5,0.7,telea,5,5,0.5092308521270752,1,False,0.22873082287308227,0.2510460251046025,0.703125
23265,0,CF1,L5,0.7,telea,8,6,0.24116690456867218,0,False,0.25383542538354253,0.2496513249651325,0.69921875
9465,0,CF1,L5,0.7,telea,0,8,0.484730988740921,0,False,0.2510460251046025,0.24686192468619247,0.69140625
7419,0,CF1,L5,0.7,telea,0,0,0.5909430384635925,1,False,0.25383542538354253,0.26778242677824265,0.75
4722,0,CF1,L5,0.7,telea,6,6,0.6220625638961792,1,False,0.2301255230125523,0.25662482566248257,0.71875
23448,0,CF1,L5,0.7,telea,6,6,0.5101096630096436,1,False,0.25662482566248257,0.2580195258019526,0.72265625
8222,0,CF1,L5,0.7,telea,2,2,0.8660094141960144,1,False,0.2384937238493724,0.23709902370990238,0.6640625
20898,0,CF1,L5,0.7,telea,8,8,0.6910869479179382,1,False,0.28870292887029286,0.23709902370990238,0.6640625
23313,0,CF1,L5,0.7,telea,2,2,0.9925001263618469,1,False,0.2719665271966527,0.2580195258019526,0.72265625
13426,0,CF1,L5,0.7,telea,2,2,0.9438655376434326,1,False,0.24686192468619247,0.2691771269177127,0.75390625
25136,0,CF1,L5,0.7,telea,4,4,0.9929125905036926,1,False,0.28870292887029286,0.22733612273361228,0.63671875
9268,0,CF1,L5,0.7,telea,4,4,0.9911378026008606,1,False,0.26638772663877264,0.23430962343096234,0.65625
3892,0,CF1,L5,0.7,telea,1,1,0.878536581993103,1,False,0.2482566248256625,0.24407252440725244,0.68359375
4115,0,CF1,L5,0.7,telea,3,0,0.5789230465888977,0,False,0.2384937238493724,0.25523012552301255,0.71484375
5166,0,CF1,L5,0.7,telea,7,7,0.9269667863845825,1,False,0.28172942817294283,0.2594142259414226,0.7265625
14984,0,CF1,L5,0.7,telea,3,2,0.38898807764053345,0,False,0.2594142259414226,0.2510460251046025,0.703125
10520,0,CF1,L5,0.7,telea,1,1,0.4255644381046295,1,False,0.2496513249651325,0.2594142259414226,0.7265625
4379,0,CF1,L5,0.7,telea,2,2,0.9991468191146851,1,False,0.2691771269177127,0.2524407252440725,0.70703125
8937,0,CF1,L5,0.7,telea,1,1,0.868378758430481,1,False,0.25662482566248257,0.2384937238493724,0.66796875
17550,0,CF1,L5,0.7,telea,9,9,0.9587315917015076,1,False,0.2705718270571827,0.24686192468619247,0.69140625
19085,0,CF1,L5,0.7,telea,9,9,0.9486951231956482,1,False,0.2608089260808926,0.25383542538354253,0.7109375
17902,0,CF1,L5,0.7,telea,6,6,0.48195648193359375,1,False,0.26359832635983266,0.2482566248256625,0.6953125
14780,0,CF1,L5,0.7,telea,8,2,0.33866071701049805,0,False,0.2580195258019526,0.2608089260808926,0.73046875
8401,0,CF1,L5,0.7,telea,0,6,0.9157612323760986,0,False,0.2649930264993027,0.2608089260808926,0.73046875
11230,0,CF1,L5,0.7,telea,2,2,0.635583758354187,1,False,0.27475592747559274,0.2691771269177127,0.75390625
1772,0,CF1,L5,0.7,telea,3,3,0.9196705222129822,1,False,0.24267782426778242,0.24407252440725244,0.68359375
13326,0,CF1,L5,0.7,telea,4,4,0.9865760803222656,1,False,0.24686192468619247,0.25523012552301255,0.71484375
15230,0,CF1,L5,0.7,telea,5,2,0.7003351449966431,0,False,0.2496513249651325,0.2412831241283124,0.67578125
20557,0,CF1,L5,0.7,telea,0,0,0.8301205635070801,1,False,0.24407252440725244,0.23570432357043236,0.66015625
9555,0,CF1,L5,0.7,telea,1,1,0.690451979637146,1,False,0.2649930264993027,0.24686192468619247,0.69140625
3667,0,CF1,L5,0.7,telea,6,6,0.9014775156974792,1,False,0.26220362622036264,0.2412831241283124,0.67578125
5316,0,CF1,L5,0.7,telea,5,5,0.4350214898586273,1,False,0.2580195258019526,0.2524407252440725,0.70703125
3606,0,CF1,L5,0.7,telea,5,1,0.3011248707771301,0,False,0.26359832635983266,0.2524407252440725,0.70703125
25776,0,CF1,L5,0.7,telea,6,6,0.8991341590881348,1,False,0.2412831241283124,0.2594142259414226,0.7265625
22231,0,CF1,L5,0.7,telea,1,1,0.9466533660888672,1,False,0.28451882845188287,0.2510460251046025,0.703125
10855,0,CF1,L5,0.7,telea,7,7,0.8278261423110962,1,False,0.26638772663877264,0.2510460251046025,0.703125
130,0,CF1,L5,0.7,telea,6,6,0.991003155708313,1,False,0.2510460251046025,0.2524407252440725,0.70703125
434,0,CF1,L5,0.7,telea,8,5,0.39208629727363586,0,False,0.2510460251046025,0.26638772663877264,0.74609375
5308,0,CF1,L5,0.7,telea,5,3,0.2039700746536255,0,False,0.2301255230125523,0.2580195258019526,0.72265625
17682,0,CF1,L5,0.7,telea,4,4,0.4998398423194885,1,False,0.2803347280334728,0.2580195258019526,0.72265625
16682,0,CF1,L5,0.7,telea,8,8,0.5605008602142334,1,False,0.25662482566248257,0.24546722454672246,0.6875
12660,0,CF1,L5,0.7,telea,5,5,0.8858994245529175,1,False,0.2482566248256625,0.2580195258019526,0.72265625
21362,0,CF1,L5,0.7,telea,5,5,0.9545705914497375,1,False,0.2398884239888424,0.25523012552301255,0.71484375
15483,0,CF1,L5,0.7,telea,4,4,0.767198383808136,1,False,0.23570432357043236,0.2580195258019526,0.72265625
5289,0,CF1,L5,0.7,telea,5,3,0.48361390829086304,0,False,0.26359832635983266,0.2482566248256625,0.6953125
19757,0,CF1,L5,0.7,telea,1,1,0.9731208086013794,1,False,0.24267782426778242,0.24407252440725244,0.68359375
6799,0,CF1,L5,0.7,telea,2,2,0.933025062084198,1,False,0.2482566248256625,0.24546722454672246,0.6875
18871,0,CF1,L5,0.7,telea,2,2,0.9931210875511169,1,False,0.2496513249651325,0.24546722454672246,0.6875
4740,0,CF1,L5,0.7,telea,3,3,0.7321353554725647,1,False,0.24686192468619247,0.25523012552301255,0.71484375
14926,0,CF1,L5,0.7,telea,5,5,0.8123188614845276,1,False,0.2524407252440725,0.2384937238493724,0.66796875
3549,0,CF1,L5,0.7,telea,4,4,0.6944872140884399,1,False,0.2482566248256625,0.2384937238493724,0.66796875
13336,0,CF1,L5,0.7,telea,9,2,0.48686686158180237,0,False,0.26220362622036264,0.23709902370990238,0.6640625
8302,0,CF1,L5,0.7,telea,3,2,0.38509154319763184,0,False,0.2594142259414226,0.2594142259414226,0.7265625
19884,0,CF1,L5,0.7,telea,8,8,0.8103485107421875,1,False,0.24686192468619247,0.2524407252440725,0.70703125
6927,0,CF1,L5,0.7,telea,1,1,0.7568714022636414,1,False,0.2719665271966527,0.25662482566248257,0.71875
15277,0,CF1,L5,0.7,telea,6,6,0.8896127343177795,1,False,0.2594142259414226,0.24546722454672246,0.6875
20278,0,CF1,L5,0.7,telea,3,3,0.6230295300483704,1,False,0.2482566248256625,0.2482566248256625,0.6953125
654,0,CF1,L5,0.7,telea,8,8,0.8408782482147217,1,False,0.24686192468619247,0.2482566248256625,0.6953125
19020,0,CF1,L5,0.7,telea,0,0,0.6739597916603088,1,False,0.2510460251046025,0.2510460251046025,0.703125
25403,0,CF1,L5,0.7,telea,3,3,0.7944248914718628,1,False,0.23291492329149233,0.25383542538354253,0.7109375
1745,0,CF1,L5,0.7,telea,8,8,0.7454974055290222,1,False,0.2203626220362622,0.25662482566248257,0.71875
10726,0,CF1,L5,0.7,telea,4,4,0.9516714811325073,1,False,0.25523012552301255,0.25662482566248257,0.71875
23431,0,CF1,L5,0.7,telea,4,4,0.9941889047622681,1,False,0.24267782426778242,0.25523012552301255,0.71484375
231,0,CF1,L5,0.7,telea,5,5,0.9841377139091492,1,False,0.23291492329149233,0.2398884239888424,0.671875
20678,0,CF1,L5,0.7,telea,7,8,0.4667683243751526,0,False,0.2580195258019526,0.26220362622036264,0.734375
15851,0,CF1,L5,0.7,telea,1,1,0.9478926062583923,1,False,0.2580195258019526,0.2412831241283124,0.67578125
24015,0,CF1,L5,0.7,telea,0,0,0.9994237422943115,1,False,0.24546722454672246,0.2412831241283124,0.67578125
1082,0,CF1,L5,0.7,telea,6,6,0.3093363046646118,1,False,0.26638772663877264,0.25523012552301255,0.71484375
5573,0,CF1,L5,0.7,telea,8,8,0.6162018775939941,1,False,0.2524407252440725,0.25662482566248257,0.71875
11289,0,CF1,L5,0.7,telea,1,1,0.9918618202209473,1,False,0.28730822873082285,0.2384937238493724,0.66796875
1751,0,CF1,L5,0.7,telea,0,6,0.46464139223098755,0,False,0.2412831241283124,0.2398884239888424,0.671875
4594,0,CF1,L5,0.7,telea,6,6,0.9369761943817139,1,False,0.26359832635983266,0.2608089260808926,0.73046875
21127,0,CF1,L5,0.7,telea,8,8,0.9144144654273987,1,False,0.23570432357043236,0.24546722454672246,0.6875
12370,0,CF1,L5,0.7,telea,4,4,0.6796502470970154,1,False,0.25383542538354253,0.2482566248256625,0.6953125
4125,0,CF1,L5,0.7,telea,6,6,0.9611331820487976,1,False,0.2384937238493724,0.2482566248256625,0.6953125
11008,0,CF1,L5,0.7,telea,1,1,0.9215772151947021,1,False,0.2580195258019526,0.23291492329149233,0.65234375
23395,0,CF1,L5,0.7,telea,7,7,0.9234630465507507,1,False,0.2510460251046025,0.2510460251046025,0.703125
3080,0,CF1,L5,0.7,telea,3,3,0.948259711265564,1,False,0.26778242677824265,0.26778242677824265,0.75
22400,0,CF1,L5,0.7,telea,0,0,0.9749515652656555,1,False,0.2496513249651325,0.25662482566248257,0.71875
22514,0,CF1,L5,0.7,telea,1,1,0.5356006622314453,1,False,0.2510460251046025,0.24546722454672246,0.6875
15137,0,CF1,L5,0.7,telea,0,0,0.8752578496932983,1,False,0.28870292887029286,0.24407252440725244,0.68359375
6681,0,CF1,L5,0.7,telea,0,0,0.9078330397605896,1,False,0.24407252440725244,0.2649930264993027,0.7421875
5219,0,CF1,L5,0.7,telea,5,4,0.2576150596141815,0,False,0.27615062761506276,0.2398884239888424,0.671875
2355,0,CF1,L5,0.7,telea,2,3,0.34019196033477783,0,False,0.27615062761506276,0.25383542538354253,0.7109375
4674,0,CF1,L5,0.7,telea,5,3,0.38932931423187256,0,False,0.26359832635983266,0.2524407252440725,0.70703125
14575,0,CF1,L5,0.7,telea,1,1,0.9997300505638123,1,False,0.2859135285913529,0.25662482566248257,0.71875
6563,0,CF1,L5,0.7,telea,5,5,0.6792429089546204,1,False,0.23291492329149233,0.2510460251046025,0.703125
17492,0,CF1,L5,0.7,telea,9,0,0.37379610538482666,0,False,0.23430962343096234,0.26359832635983266,0.73828125
15770,0,CF1,L5,0.7,telea,7,7,0.9431525468826294,1,False,0.26220362622036264,0.2301255230125523,0.64453125
20830,0,CF1,L5,0.7,telea,1,1,0.9924910664558411,1,False,0.2398884239888424,0.2398884239888424,0.671875
1777,0,CF1,L5,0.7,telea,2,2,0.958184003829956,1,False,0.298465829846583,0.25523012552301255,0.71484375
21617,0,CF1,L5,0.7,telea,7,7,0.9561324715614319,1,False,0.2412831241283124,0.24686192468619247,0.69140625
21293,0,CF1,L5,0.7,telea,4,6,0.24836201965808868,0,False,0.3110181311018131,0.24407252440725244,0.68359375
14504,0,CF1,L5,0.7,telea,0,3,0.6835015416145325,0,False,0.2482566248256625,0.2608089260808926,0.73046875
21236,0,CF1,L5,0.7,telea,7,7,0.7673650979995728,1,False,0.23709902370990238,0.2398884239888424,0.671875
18558,0,CF1,L5,0.7,telea,4,4,0.9138389825820923,1,False,0.26220362622036264,0.25383542538354253,0.7109375
22916,0,CF1,L5,0.7,telea,8,6,0.3085881769657135,0,False,0.23430962343096234,0.2691771269177127,0.75390625
18760,0,CF1,L5,0.7,telea,6,2,0.5447840094566345,0,False,0.24546722454672246,0.2510460251046025,0.703125
17389,0,CF1,L5,0.7,telea,8,8,0.3714279234409332,1,False,0.24267782426778242,0.2580195258019526,0.72265625
13155,0,CF1,L5,0.7,telea,8,5,0.22829125821590424,0,False,0.2524407252440725,0.24267782426778242,0.6796875
13999,0,CF1,L5,0.7,telea,5,5,0.8578631281852722,1,False,0.2384937238493724,0.22733612273361228,0.63671875
10265,0,CF1,L5,0.7,telea,8,8,0.9128513336181641,1,False,0.2719665271966527,0.2524407252440725,0.70703125
17239,0,CF1,L5,0.7,telea,2,2,0.9995099306106567,1,False,0.2580195258019526,0.2510460251046025,0.703125
6288,0,CF1,L5,0.7,telea,3,3,0.3837926387786865,1,False,0.23291492329149233,0.2510460251046025,0.703125
11514,0,CF1,L5,0.7,telea,6,6,0.5971709489822388,1,False,0.24686192468619247,0.2412831241283124,0.67578125
23652,0,CF1,L5,0.7,telea,1,1,0.8369786143302917,1,False,0.23570432357043236,0.24407252440725244,0.68359375
11939,0,CF1,L5,0.7,telea,6,6,0.9570781588554382,1,False,0.2594142259414226,0.24686192468619247,0.69140625
2174,0,CF1,L5,0.7,telea,7,7,0.7815333604812622,1,False,0.26778242677824265,0.2510460251046025,0.703125
15441,0,CF1,L5,0.7,telea,4,4,0.9409480094909668,1,False,0.2608089260808926,0.2608089260808926,0.73046875
12260,0,CF1,L5,0.7,telea,1,1,0.9258078336715698,1,False,0.26220362622036264,0.24686192468619247,0.69140625
25046,0,CF1,L5,0.7,telea,6,6,0.8459042906761169,1,False,0.24267782426778242,0.26359832635983266,0.73828125
13958,0,CF1,L5,0.7,telea,9,4,0.40460166335105896,0,False,0.26220362622036264,0.2412831241283124,0.67578125
20974,0,CF1,L5,0.7,telea,8,8,0.3945445120334625,1,False,0.2524407252440725,0.26359832635983266,0.73828125
10626,0,CF1,L5,0.7,telea,6,6,0.6682971119880676,1,False,0.2510460251046025,0.2496513249651325,0.69921875
22545,0,CF1,L5,0.7,telea,5,5,0.38282114267349243,1,False,0.24407252440725244,0.25383542538354253,0.7109375
20288,0,CF1,L5,0.7,telea,5,4,0.30304452776908875,0,False,0.2705718270571827,0.2412831241283124,0.67578125
13790,0,CF1,L5,0.7,telea,7,7,0.9259790182113647,1,False,0.2482566248256625,0.25523012552301255,0.71484375
2817,0,CF1,L5,0.7,telea,4,4,0.9006156325340271,1,False,0.20781032078103207,0.25383542538354253,0.7109375
8344,0,CF1,L5,0.7,telea,4,4,0.9828287959098816,1,False,0.22873082287308227,0.2580195258019526,0.72265625
11708,0,CF1,L5,0.7,telea,1,1,0.9806657433509827,1,False,0.27615062761506276,0.24267782426778242,0.6796875
2379,0,CF1,L5,0.7,telea,1,1,0.5309177041053772,1,False,0.24686192468619247,0.24686192468619247,0.69140625
23602,0,CF1,L5,0.7,telea,2,2,0.9094464182853699,1,False,0.2496513249651325,0.24546722454672246,0.6875
24357,0,CF1,L5,0.7,telea,8,8,0.6259371042251587,1,False,0.2384937238493724,0.24267782426778242,0.6796875
16783,0,CF1,L5,0.7,telea,4,4,0.9392433762550354,1,False,0.22315202231520223,0.2412831241283124,0.67578125
11723,0,CF1,L5,0.7,telea,9,9,0.9549058079719543,1,False,0.2496513249651325,0.25523012552301255,0.71484375
5140,0,CF1,L5,0.7,telea,5,5,0.7031496167182922,1,False,0.2580195258019526,0.2580195258019526,0.72265625
14563,0,CF1,L5,0.7,telea,1,1,0.9903766512870789,1,False,0.2594142259414226,0.24267782426778242,0.6796875
11905,0,CF1,L5,0.7,telea,7,1,0.42028817534446716,0,False,0.25662482566248257,0.2510460251046025,0.703125
4657,0,CF1,L5,0.7,telea,5,5,0.9042301177978516,1,False,0.23570432357043236,0.24267782426778242,0.6796875
9888,0,CF1,L5,0.7,telea,7,7,0.9724161028862,1,False,0.2775453277545328,0.24546722454672246,0.6875
22827,0,CF1,L5,0.7,telea,6,6,0.3906950056552887,1,False,0.23291492329149233,0.24267782426778242,0.6796875
23911,0,CF1,L5,0.7,telea,7,7,0.9529033303260803,1,False,0.2733612273361227,0.24407252440725244,0.68359375
968,0,CF1,L5,0.7,telea,3,3,0.6072906851768494,1,False,0.24267782426778242,0.24546722454672246,0.6875
18416,0,CF1,L5,0.7,telea,2,2,0.858713686466217,1,False,0.2496513249651325,0.2524407252440725,0.70703125
15166,0,CF1,L5,0.7,telea,7,7,0.9762075543403625,1,False,0.26778242677824265,0.2496513249651325,0.69921875
15537,0,CF1,L5,0.7,telea,6,5,0.26859208941459656,0,False,0.2719665271966527,0.26220362622036264,0.734375
112,0,CF1,L5,0.7,telea,6,6,0.756214439868927,1,False,0.23570432357043236,0.2510460251046025,0.703125
9754,0,CF1,L5,0.7,telea,8,8,0.7962841391563416,1,False,0.2580195258019526,0.26778242677824265,0.75
3827,0,CF1,L5,0.7,telea,1,1,0.97866290807724,1,False,0.2412831241283124,0.2315202231520223,0.6484375
16427,0,CF1,L5,0.7,telea,8,8,0.7515310049057007,1,False,0.23570432357043236,0.2580195258019526,0.72265625
4853,0,CF1,L5,0.7,telea,8,1,0.24591712653636932,0,False,0.2482566248256625,0.24267782426778242,0.6796875
5025,0,CF1,L5,0.7,telea,8,1,0.7111249566078186,0,False,0.23430962343096234,0.2482566248256625,0.6953125
5497,0,CF1,L5,0.7,telea,5,5,0.31073859333992004,1,False,0.2496513249651325,0.2398884239888424,0.671875
415,0,CF1,L5,0.7,telea,5,5,0.33694180846214294,1,False,0.2705718270571827,0.2580195258019526,0.72265625
6055,0,CF1,L5,0.7,telea,2,2,0.9913970232009888,1,False,0.25523012552301255,0.24686192468619247,0.69140625
4242,0,CF1,L5,0.7,telea,6,5,0.40823447704315186,0,False,0.26359832635983266,0.2594142259414226,0.7265625
16007,0,CF1,L5,0.7,telea,3,3,0.9764194488525391,1,False,0.24686192468619247,0.25523012552301255,0.71484375
16184,0,CF1,L5,0.7,telea,6,6,0.6050687432289124,1,False,0.2482566248256625,0.24407252440725244,0.68359375
15180,0,CF1,L5,0.7,telea,2,8,0.3538239300251007,0,False,0.2705718270571827,0.2608089260808926,0.73046875
16402,0,CF1,L5,0.7,telea,3,3,0.9978210926055908,1,False,0.24546722454672246,0.2384937238493724,0.66796875
12883,0,CF1,L5,0.7,telea,7,7,0.9535739421844482,1,False,0.24546722454672246,0.2384937238493724,0.66796875
12596,0,CF1,L5,0.7,telea,2,2,0.9970377683639526,1,False,0.25523012552301255,0.2580195258019526,0.72265625
13383,0,CF1,L5,0.7,telea,0,0,0.8903700709342957,1,False,0.2691771269177127,0.2524407252440725,0.70703125
17140,0,CF1,L5,0.7,telea,0,0,0.5004690289497375,1,False,0.2315202231520223,0.25383542538354253,0.7109375
11249,0,CF1,L5,0.7,telea,7,7,0.8987969756126404,1,False,0.24407252440725244,0.2412831241283124,0.67578125
2927,0,CF1,L5,0.7,telea,3,3,0.949487566947937,1,False,0.23709902370990238,0.25523012552301255,0.71484375
13380,0,CF1,L5,0.7,telea,3,3,0.956790030002594,1,False,0.2412831241283124,0.2510460251046025,0.703125
24593,0,CF1,L5,0.7,telea,5,3,0.6280343532562256,0,False,0.2524407252440725,0.25662482566248257,0.71875
14507,0,CF1,L5,0.7,telea,8,3,0.3560858964920044,0,False,0.2733612273361227,0.2398884239888424,0.671875
9355,0,CF1,L5,0.7,telea,8,8,0.713961660861969,1,False,0.2928870292887029,0.24407252440725244,0.68359375
3943,0,CF1,L5,0.7,telea,3,3,0.9621386528015137,1,False,0.26638772663877264,0.2608089260808926,0.73046875
4913,0,CF1,L5,0.7,telea,4,4,0.9910171031951904,1,False,0.2301255230125523,0.2594142259414226,0.7265625
23440,0,CF1,L5,0.7,telea,4,2,0.27244892716407776,0,False,0.26220362622036264,0.25523012552301255,0.71484375
19289,0,CF1,L5,0.7,telea,7,7,0.9481745362281799,1,False,0.2384937238493724,0.25523012552301255,0.71484375
17841,0,CF1,L5,0.7,telea,6,6,0.7601750493049622,1,False,0.2203626220362622,0.2482566248256625,0.6953125
18139,0,CF1,L5,0.7,telea,0,0,0.6314559578895569,1,False,0.25523012552301255,0.2580195258019526,0.72265625
18549,0,CF1,L5,0.7,telea,7,7,0.9655058979988098,1,False,0.2733612273361227,0.2482566248256625,0.6953125
7215,0,CF1,L5,0.7,telea,7,7,0.9993131160736084,1,False,0.24267782426778242,0.24546722454672246,0.6875
10574,0,CF1,L5,0.7,telea,7,1,0.4432222247123718,0,False,0.2524407252440725,0.2412831241283124,0.67578125
10329,0,CF1,L5,0.7,telea,7,7,0.5609214305877686,1,False,0.25523012552301255,0.25523012552301255,0.71484375
21502,0,CF1,L5,0.7,telea,4,4,0.9477741718292236,1,False,0.23430962343096234,0.24407252440725244,0.68359375
1209,0,CF1,L5,0.7,telea,8,5,0.4158187508583069,0,False,0.2482566248256625,0.23570432357043236,0.66015625
22202,0,CF1,L5,0.7,telea,6,6,0.7892910242080688,1,False,0.26220362622036264,0.2649930264993027,0.7421875
12914,0,CF1,L5,0.7,telea,2,2,0.843413233757019,1,False,0.2594142259414226,0.24686192468619247,0.69140625
23477,0,CF1,L5,0.7,telea,6,6,0.73268723487854,1,False,0.2412831241283124,0.2608089260808926,0.73046875
13286,0,CF1,L5,0.7,telea,5,5,0.4368269145488739,1,False,0.2594142259414226,0.2705718270571827,0.7578125
24957,0,CF1,L5,0.7,telea,2,2,0.976749837398529,1,False,0.24546722454672246,0.2496513249651325,0.69921875
23215,0,CF1,L5,0.7,telea,9,9,0.4499179720878601,1,False,0.24267782426778242,0.2482566248256625,0.6953125
8171,0,CF1,L5,0.7,telea,3,3,0.37106025218963623,1,False,0.24546722454672246,0.2496513249651325,0.69921875
13427,0,CF1,L5,0.7,telea,4,4,0.9841029644012451,1,False,0.2608089260808926,0.25662482566248257,0.71875
1985,0,CF1,L5,0.7,telea,9,9,0.6241979002952576,1,False,0.2482566248256625,0.2482566248256625,0.6953125
19607,0,CF1,L5,0.7,telea,1,1,0.45569461584091187,1,False,0.24267782426778242,0.23570432357043236,0.66015625
15138,0,CF1,L5,0.7,telea,4,4,0.9497342109680176,1,False,0.2510460251046025,0.2524407252440725,0.70703125
18496,0,CF1,L5,0.7,telea,3,3,0.9518038630485535,1,False,0.2691771269177127,0.25523012552301255,0.71484375
11341,0,CF1,L5,0.7,telea,5,5,0.4127417504787445,1,False,0.26778242677824265,0.25662482566248257,0.71875
3210,0,CF1,L5,0.7,telea,6,5,0.5528472661972046,0,False,0.2649930264993027,0.2384937238493724,0.66796875
9044,0,CF1,L5,0.7,telea,3,3,0.975357711315155,1,False,0.2580195258019526,0.25523012552301255,0.71484375
1784,0,CF1,L5,0.7,telea,1,1,0.31359484791755676,1,False,0.23430962343096234,0.2608089260808926,0.73046875
20687,0,CF1,L5,0.7,telea,7,7,0.8556409478187561,1,False,0.26220362622036264,0.2580195258019526,0.72265625
21479,0,CF1,L5,0.7,telea,1,1,0.9936250448226929,1,False,0.24546722454672246,0.2398884239888424,0.671875
4465,0,CF1,L5,0.7,telea,7,7,0.9386220574378967,1,False,0.24407252440725244,0.25523012552301255,0.71484375
8098,0,CF1,L5,0.7,telea,3,3,0.9998266100883484,1,False,0.2594142259414226,0.23709902370990238,0.6640625
1105,0,CF1,L5,0.7,telea,1,1,0.9198738932609558,1,False,0.2510460251046025,0.25383542538354253,0.7109375
24036,0,CF1,L5,0.7,telea,0,0,0.9769641757011414,1,False,0.22733612273361228,0.2580195258019526,0.72265625
24825,0,CF1,L5,0.7,telea,1,1,0.9036893844604492,1,False,0.2705718270571827,0.2482566248256625,0.6953125
20081,0,CF1,L5,0.7,telea,4,4,0.369203120470047,1,False,0.2608089260808926,0.23430962343096234,0.65625
11780,0,CF1,L5,0.7,telea,5,5,0.46983301639556885,1,False,0.25662482566248257,0.2496513249651325,0.69921875
18228,0,CF1,L5,0.7,telea,2,2,0.6599143147468567,1,False,0.26220362622036264,0.2510460251046025,0.703125
4363,0,CF1,L5,0.7,telea,4,4,0.9937083721160889,1,False,0.2691771269177127,0.2608089260808926,0.73046875
10210,0,CF1,L5,0.7,telea,7,4,0.6477553248405457,0,False,0.24546722454672246,0.2482566248256625,0.6953125
7005,0,CF1,L5,0.7,telea,2,2,0.9781330823898315,1,False,0.25662482566248257,0.2594142259414226,0.7265625
7071,0,CF1,L5,0.7,telea,3,3,0.49754053354263306,1,False,0.2524407252440725,0.24546722454672246,0.6875
25299,0,CF1,L5,0.7,telea,4,4,0.8836182951927185,1,False,0.25662482566248257,0.23291492329149233,0.65234375
3393,0,CF1,L5,0.7,telea,0,0,0.452542245388031,1,False,0.25662482566248257,0.24686192468619247,0.69140625
10532,0,CF1,L5,0.7,telea,8,9,0.31617850065231323,0,False,0.2398884239888424,0.2496513249651325,0.69921875
14271,0,CF1,L5,0.7,telea,3,3,0.8954537510871887,1,False,0.24267782426778242,0.23570432357043236,0.66015625
12814,0,CF1,L5,0.7,telea,4,4,0.9717084169387817,1,False,0.2217573221757322,0.23430962343096234,0.65625
1763,0,CF1,L5,0.7,telea,1,1,0.6228218674659729,1,False,0.24267782426778242,0.2524407252440725,0.70703125
2795,0,CF1,L5,0.7,telea,4,4,0.981569766998291,1,False,0.2719665271966527,0.2524407252440725,0.70703125
5329,0,CF1,L5,0.7,telea,2,2,0.6383652687072754,1,False,0.2859135285913529,0.24686192468619247,0.69140625
11024,0,CF1,L5,0.7,telea,8,6,0.5973846316337585,0,False,0.25523012552301255,0.24267782426778242,0.6796875
23383,0,CF1,L5,0.7,telea,6,6,0.9436337947845459,1,False,0.2482566248256625,0.24407252440725244,0.68359375
582,0,CF1,L5,0.7,telea,2,2,0.578374981880188,1,False,0.26359832635983266,0.24407252440725244,0.68359375
20037,0,CF1,L5,0.7,telea,5,5,0.674919605255127,1,False,0.22733612273361228,0.2496513249651325,0.69921875
4876,0,CF1,L5,0.7,telea,3,3,0.5301172733306885,1,False,0.23430962343096234,0.24267782426778242,0.6796875
16157,0,CF1,L5,0.7,telea,1,1,0.9620472192764282,1,False,0.2412831241283124,0.2594142259414226,0.7265625
24155,0,CF1,L5,0.7,telea,7,7,0.9855244755744934,1,False,0.24267782426778242,0.2524407252440725,0.70703125
21035,0,CF1,L5,0.7,telea,1,1,0.9761848449707031,1,False,0.2384937238493724,0.2510460251046025,0.703125
2530,0,CF1,L5,0.7,telea,2,2,0.41394662857055664,1,False,0.27615062761506276,0.24686192468619247,0.69140625
20951,0,CF1,L5,0.7,telea,4,4,0.9271670579910278,1,False,0.2580195258019526,0.24686192468619247,0.69140625
9752,0,CF1,L5,0.7,telea,9,9,0.5912683010101318,1,False,0.26359832635983266,0.24407252440725244,0.68359375
20362,0,CF1,L5,0.7,telea,9,8,0.4300236403942108,0,False,0.2510460251046025,0.2580195258019526,0.72265625
5669,0,CF1,L5,0.7,telea,2,2,0.8341171741485596,1,False,0.26220362622036264,0.24407252440725244,0.68359375
9395,0,CF1,L5,0.7,telea,6,5,0.4411528408527374,0,False,0.2398884239888424,0.25383542538354253,0.7109375
22115,0,CF1,L5,0.7,telea,2,3,0.3987090289592743,0,False,0.25383542538354253,0.24267782426778242,0.6796875
3784,0,CF1,L5,0.7,telea,5,5,0.5502089858055115,1,False,0.2412831241283124,0.2524407252440725,0.70703125
15518,0,CF1,L5,0.7,telea,1,1,0.7945697903633118,1,False,0.28172942817294283,0.26778242677824265,0.75
22913,0,CF1,L5,0.7,telea,1,1,0.8120178580284119,1,False,0.25523012552301255,0.2691771269177127,0.75390625
22485,0,CF1,L5,0.7,telea,8,8,0.7662787437438965,1,False,0.19525801952580196,0.2524407252440725,0.70703125
14166,0,CF1,L5,0.7,telea,9,9,0.3877904713153839,1,False,0.2384937238493724,0.27475592747559274,0.76953125
4606,0,CF1,L5,0.7,telea,8,4,0.2483496367931366,0,False,0.26220362622036264,0.24546722454672246,0.6875
12043,0,CF1,L5,0.7,telea,8,6,0.26163890957832336,0,False,0.26359832635983266,0.24267782426778242,0.6796875
20255,0,CF1,L5,0.7,telea,9,9,0.5683914422988892,1,False,0.26220362622036264,0.2384937238493724,0.66796875
21390,0,CF1,L5,0.7,telea,8,8,0.31676164269447327,1,False,0.27475592747559274,0.22873082287308227,0.640625
13388,0,CF1,L5,0.7,telea,6,6,0.8117741942405701,1,False,0.23570432357043236,0.23570432357043236,0.66015625
9382,0,CF1,L5,0.7,telea,0,0,0.9925494194030762,1,False,0.2398884239888424,0.2482566248256625,0.6953125
11878,0,CF1,L5,0.7,telea,4,4,0.9440330862998962,1,False,0.23430962343096234,0.2649930264993027,0.7421875
10774,0,CF1,L5,0.7,telea,1,1,0.9560940861701965,1,False,0.2482566248256625,0.24267782426778242,0.6796875
2211,0,CF1,L5,0.7,telea,4,4,0.99303138256073,1,False,0.24686192468619247,0.2496513249651325,0.69921875
22804,0,CF1,L5,0.7,telea,1,1,0.549980640411377,1,False,0.26638772663877264,0.2524407252440725,0.70703125
17903,0,CF1,L5,0.7,telea,3,0,0.46119770407676697,0,False,0.25523012552301255,0.2482566248256625,0.6953125
16889,0,CF1,L5,0.7,telea,1,1,0.850092887878418,1,False,0.25523012552301255,0.2482566248256625,0.6953125
3013,0,CF1,L5,0.7,telea,8,8,0.5667552351951599,1,False,0.24407252440725244,0.25523012552301255,0.71484375
19919,0,CF1,L5,0.7,telea,8,8,0.6169310212135315,1,False,0.26359832635983266,0.23570432357043236,0.66015625
7911,0,CF1,L5,0.7,telea,0,6,0.30803048610687256,0,False,0.27475592747559274,0.2510460251046025,0.703125
6473,0,CF1,L5,0.7,telea,5,5,0.9511280655860901,1,False,0.25523012552301255,0.2524407252440725,0.70703125
14963,0,CF1,L5,0.7,telea,2,2,0.8817833662033081,1,False,0.21617852161785217,0.24407252440725244,0.68359375
3189,0,CF1,L5,0.7,telea,3,3,0.5117537379264832,1,False,0.24407252440725244,0.2384937238493724,0.66796875
21433,0,CF1,L5,0.7,telea,6,6,0.6432859301567078,1,False,0.23430962343096234,0.23570432357043236,0.66015625
21534,0,CF1,L5,0.7,telea,9,9,0.9865593910217285,1,False,0.2384937238493724,0.2496513249651325,0.69921875
4378,0,CF1,L5,0.7,telea,4,4,0.45611047744750977,1,False,0.26638772663877264,0.25662482566248257,0.71875
4179,0,CF1,L5,0.7,telea,3,3,0.9999796152114868,1,False,0.2580195258019526,0.2510460251046025,0.703125
20275,0,CF1,L5,0.7,telea,7,7,0.7404889464378357,1,False,0.2412831241283124,0.2580195258019526,0.72265625
724,0,CF1,L5,0.7,telea,4,4,0.8196786046028137,1,False,0.24407252440725244,0.2608089260808926,0.73046875
15532,0,CF1,L5,0.7,telea,5,5,0.9785830974578857,1,False,0.2496513249651325,0.24407252440725244,0.68359375
7808,0,CF1,L5,0.7,telea,4,5,0.2625576853752136,0,False,0.24686192468619247,0.2580195258019526,0.72265625
3185,0,CF1,L5,0.7,telea,7,7,0.898385763168335,1,False,0.2691771269177127,0.2594142259414226,0.7265625
8217,0,CF1,L5,0.7,telea,5,3,0.5756264925003052,0,False,0.2705718270571827,0.2594142259414226,0.7265625
15284,0,CF1,L5,0.7,telea,2,2,0.9866166114807129,1,False,0.22733612273361228,0.2496513249651325,0.69921875
2195,0,CF1,L5,0.7,telea,1,1,0.33866941928863525,1,False,0.24267782426778242,0.24407252440725244,0.68359375
21296,0,CF1,L5,0.7,telea,0,8,0.29134583473205566,0,False,0.26778242677824265,0.2594142259414226,0.7265625
14286,0,CF1,L5,0.7,telea,3,3,0.9737474918365479,1,False,0.26220362622036264,0.2510460251046025,0.703125
4261,0,CF1,L5,0.7,telea,0,0,0.9860878586769104,1,False,0.23709902370990238,0.23709902370990238,0.6640625
24480,0,CF1,L5,0.7,telea,2,2,0.9959486722946167,1,False,0.23570432357043236,0.2608089260808926,0.73046875
23581,0,CF1,L5,0.7,telea,7,7,0.7444009780883789,1,False,0.26778242677824265,0.2496513249651325,0.69921875
24364,0,CF1,L5,0.7,telea,7,7,0.9139938354492188,1,False,0.24546722454672246,0.2649930264993027,0.7421875
4259,0,CF1,L5,0.7,telea,4,4,0.7055501341819763,1,False,0.28730822873082285,0.24686192468619247,0.69140625
4323,0,CF1,L5,0.7,telea,8,8,0.6906497478485107,1,False,0.2398884239888424,0.23709902370990238,0.6640625
26017,0,CF1,L5,0.7,telea,2,2,0.9985201954841614,1,False,0.2398884239888424,0.25523012552301255,0.71484375
4055,0,CF1,L5,0.7,telea,9,5,0.626537024974823,0,False,0.2412831241283124,0.2580195258019526,0.72265625
23968,0,CF1,L5,0.7,telea,6,6,0.8450053334236145,1,False,0.27615062761506276,0.25383542538354253,0.7109375
4914,0,CF1,L5,0.7,telea,2,2,0.9608062505722046,1,False,0.24546722454672246,0.2482566248256625,0.6953125
17310,0,CF1,L5,0.7,telea,7,2,0.60040283203125,0,False,0.2705718270571827,0.23291492329149233,0.65234375
14981,0,CF1,L5,0.7,telea,2,2,0.44745656847953796,1,False,0.26778242677824265,0.25523012552301255,0.71484375
7511,0,CF1,L5,0.7,telea,6,6,0.4547172784805298,1,False,0.2524407252440725,0.26638772663877264,0.74609375
4136,0,CF1,L5,0.7,telea,9,9,0.9158260822296143,1,False,0.2315202231520223,0.2398884239888424,0.671875
8043,0,CF1,L5,0.7,telea,2,2,0.8170824646949768,1,False,0.24686192468619247,0.2510460251046025,0.703125
14360,0,CF1,L5,0.7,telea,4,4,0.9799047708511353,1,False,0.2412831241283124,0.25523012552301255,0.71484375
6364,0,CF1,L5,0.7,telea,0,0,0.779052734375,1,False,0.2705718270571827,0.23709902370990238,0.6640625
8827,0,CF1,L5,0.7,telea,4,4,0.8604464530944824,1,False,0.26638772663877264,0.25383542538354253,0.7109375
24886,0,CF1,L5,0.7,telea,9,2,0.968467652797699,0,False,0.26220362622036264,0.24407252440725244,0.68359375
21392,0,CF1,L5,0.7,telea,2,2,0.9641104340553284,1,False,0.26220362622036264,0.25383542538354253,0.7109375
18654,0,CF1,L5,0.7,telea,6,6,0.8901477456092834,1,False,0.2594142259414226,0.2482566248256625,0.6953125
21766,0,CF1,L5,0.7,telea,1,1,0.5332329273223877,1,False,0.23709902370990238,0.26220362622036264,0.734375
25433,0,CF1,L5,0.7,telea,8,1,0.5337427258491516,0,False,0.2691771269177127,0.2482566248256625,0.6953125
10927,0,CF1,L5,0.7,telea,8,1,0.5133427381515503,0,False,0.24267782426778242,0.25523012552301255,0.71484375
14092,0,CF1,L5,0.7,telea,6,6,0.9912149906158447,1,False,0.2315202231520223,0.2482566248256625,0.6953125
20936,0,CF1,L5,0.7,telea,9,5,0.39743664860725403,0,False,0.25523012552301255,0.24686192468619247,0.69140625
23711,0,CF1,L5,0.7,telea,4,4,0.8633668422698975,1,False,0.23709902370990238,0.24267782426778242,0.6796875
19260,0,CF1,L5,0.7,telea,7,7,0.40336719155311584,1,False,0.2719665271966527,0.2594142259414226,0.7265625
17360,0,CF1,L5,0.7,telea,3,3,0.6958932280540466,1,False,0.23709902370990238,0.26220362622036264,0.734375
965,0,CF1,L5,0.7,telea,0,0,0.5056174993515015,1,False,0.2398884239888424,0.2510460251046025,0.703125
463,0,CF1,L5,0.7,telea,6,6,0.5393645763397217,1,False,0.25662482566248257,0.25523012552301255,0.71484375
8945,0,CF1,L5,0.7,telea,6,6,0.4051445424556732,1,False,0.2384937238493724,0.2482566248256625,0.6953125
14090,0,CF1,L5,0.7,telea,2,2,0.9448376893997192,1,False,0.25383542538354253,0.2524407252440725,0.70703125
8479,0,CF1,L5,0.7,telea,9,9,0.9797518849372864,1,False,0.24407252440725244,0.2496513249651325,0.69921875
24477,0,CF1,L5,0.7,telea,2,2,0.9768834114074707,1,False,0.24407252440725244,0.24546722454672246,0.6875
8195,0,CF1,L5,0.7,telea,0,0,0.7450080513954163,1,False,0.26638772663877264,0.2384937238493724,0.66796875
1773,0,CF1,L5,0.7,telea,0,0,0.19389767944812775,1,False,0.2482566248256625,0.24686192468619247,0.69140625
11776,0,CF1,L5,0.7,telea,2,2,0.67754065990448,1,False,0.23570432357043236,0.25662482566248257,0.71875
3313,0,CF1,L5,0.7,telea,6,6,0.9146496653556824,1,False,0.2775453277545328,0.24407252440725244,0.68359375
5424,0,CF1,L5,0.7,telea,9,9,0.5477632880210876,1,False,0.2510460251046025,0.26638772663877264,0.74609375
19606,0,CF1,L5,0.7,telea,2,2,0.7818138003349304,1,False,0.26220362622036264,0.24267782426778242,0.6796875
10110,0,CF1,L5,0.7,telea,9,9,0.8966085910797119,1,False,0.2315202231520223,0.2482566248256625,0.6953125
22872,0,CF1,L5,0.7,telea,6,7,0.8661925792694092,0,False,0.22454672245467225,0.25383542538354253,0.7109375
7573,0,CF1,L5,0.7,telea,1,1,0.9586629867553711,1,False,0.22315202231520223,0.2608089260808926,0.73046875
7105,0,CF1,L5,0.7,telea,3,3,0.9853397011756897,1,False,0.25383542538354253,0.24686192468619247,0.69140625
18854,0,CF1,L5,0.7,telea,1,1,0.723127007484436,1,False,0.23709902370990238,0.24686192468619247,0.69140625
14576,0,CF1,L5,0.7,telea,9,9,0.992546021938324,1,False,0.2580195258019526,0.23709902370990238,0.6640625
9376,0,CF1,L5,0.7,telea,0,0,0.6571502089500427,1,False,0.23570432357043236,0.24686192468619247,0.69140625
20128,0,CF1,L5,0.7,telea,8,8,0.967241644859314,1,False,0.2482566248256625,0.24686192468619247,0.69140625
24854,0,CF1,L5,0.7,telea,9,9,0.9897621273994446,1,False,0.23570432357043236,0.2398884239888424,0.671875
4937,0,CF1,L5,0.7,telea,2,2,0.5256180763244629,1,False,0.27475592747559274,0.24407252440725244,0.68359375
338,0,CF1,L5,0.7,telea,3,3,0.7837406396865845,1,False,0.2524407252440725,0.2608089260808926,0.73046875
9981,0,CF1,L5,0.7,telea,3,3,0.5965213775634766,1,False,0.2398884239888424,0.24686192468619247,0.69140625
6665,0,CF1,L5,0.7,telea,8,8,0.9438943266868591,1,False,0.2649930264993027,0.26359832635983266,0.73828125
6704,0,CF1,L5,0.7,telea,0,0,0.5171701908111572,1,False,0.2482566248256625,0.23291492329149233,0.65234375
23255,0,CF1,L5,0.7,telea,2,2,0.998742401599884,1,False,0.26778242677824265,0.26778242677824265,0.75
5355,0,CF1,L5,0.7,telea,5,5,0.8406847715377808,1,False,0.2482566248256625,0.2524407252440725,0.70703125
22422,0,CF1,L5,0.7,telea,1,4,0.45514652132987976,0,False,0.2412831241283124,0.2580195258019526,0.72265625
7367,0,CF1,L5,0.7,telea,9,9,0.6347353458404541,1,False,0.24407252440725244,0.2594142259414226,0.7265625
13489,0,CF1,L5,0.7,telea,7,1,0.19064807891845703,0,False,0.2384937238493724,0.2580195258019526,0.72265625
20955,0,CF1,L5,0.7,telea,7,7,0.898615300655365,1,False,0.2384937238493724,0.25662482566248257,0.71875
25439,0,CF1,L5,0.7,telea,9,9,0.9986349940299988,1,False,0.27475592747559274,0.24686192468619247,0.69140625
12711,0,CF1,L5,0.7,telea,8,8,0.6366381645202637,1,False,0.2594142259414226,0.25523012552301255,0.71484375
7671,0,CF1,L5,0.7,telea,6,6,0.37909671664237976,1,False,0.2510460251046025,0.2691771269177127,0.75390625
20420,0,CF1,L5,0.7,telea,8,5,0.40625688433647156,0,False,0.24686192468619247,0.2524407252440725,0.70703125
12630,0,CF1,L5,0.7,telea,2,8,0.38729920983314514,0,False,0.2496513249651325,0.2649930264993027,0.7421875
21394,0,CF1,L5,0.7,telea,1,1,0.8933472037315369,1,False,0.27475592747559274,0.2510460251046025,0.703125
7095,0,CF1,L5,0.7,telea,1,1,0.5589343905448914,1,False,0.26778242677824265,0.2412831241283124,0.67578125
11532,0,CF1,L5,0.7,telea,9,9,0.6000035405158997,1,False,0.26359832635983266,0.24267782426778242,0.6796875
2853,0,CF1,L5,0.7,telea,3,3,0.990301787853241,1,False,0.25662482566248257,0.2398884239888424,0.671875
13487,0,CF1,L5,0.7,telea,0,6,0.3072203993797302,0,False,0.24686192468619247,0.2510460251046025,0.703125
9350,0,CF1,L5,0.7,telea,9,9,0.9572691321372986,1,False,0.2510460251046025,0.2398884239888424,0.671875
24164,0,CF1,L5,0.7,telea,4,4,0.9005177021026611,1,False,0.2412831241283124,0.2315202231520223,0.6484375
23155,0,CF1,L5,0.7,telea,7,7,0.9135242104530334,1,False,0.24546722454672246,0.24546722454672246,0.6875
1588,0,CF1,L5,0.7,telea,8,3,0.3300477862358093,0,False,0.25523012552301255,0.25523012552301255,0.71484375
5400,0,CF1,L5,0.7,telea,5,6,0.39972275495529175,0,False,0.25523012552301255,0.25523012552301255,0.71484375
8913,0,CF1,L5,0.7,telea,6,6,0.9256982207298279,1,False,0.26638772663877264,0.24546722454672246,0.6875
4990,0,CF1,L5,0.7,telea,8,2,0.511724591255188,0,False,0.2496513249651325,0.2510460251046025,0.703125
13364,0,CF1,L5,0.7,telea,7,7,0.9827861785888672,1,False,0.2691771269177127,0.2412831241283124,0.67578125
1157,0,CF1,L5,0.7,telea,1,1,0.7446054220199585,1,False,0.2524407252440725,0.2384937238493724,0.66796875
19432,0,CF1,L5,0.7,telea,6,6,0.9642953872680664,1,False,0.2705718270571827,0.25662482566248257,0.71875
24861,0,CF1,L5,0.7,telea,1,1,0.8202918767929077,1,False,0.24546722454672246,0.24686192468619247,0.69140625
16303,0,CF1,L5,0.7,telea,0,9,0.7990779280662537,0,False,0.26638772663877264,0.2524407252440725,0.70703125
23675,0,CF1,L5,0.7,telea,1,1,0.7387859225273132,1,False,0.24407252440725244,0.25523012552301255,0.71484375
10816,0,CF1,L5,0.7,telea,5,5,0.8517335653305054,1,False,0.2496513249651325,0.2384937238493724,0.66796875
25683,0,CF1,L5,0.7,telea,7,7,0.9457812905311584,1,False,0.24407252440725244,0.24546722454672246,0.6875
6680,0,CF1,L5,0.7,telea,7,7,0.48974454402923584,1,False,0.2412831241283124,0.2412831241283124,0.67578125
15541,0,CF1,L5,0.7,telea,1,1,0.6060189604759216,1,False,0.2510460251046025,0.23430962343096234,0.65625
129,0,CF1,L5,0.7,telea,9,9,0.7732622027397156,1,False,0.22315202231520223,0.26359832635983266,0.73828125
10977,0,CF1,L5,0.7,telea,5,5,0.8666923642158508,1,False,0.28172942817294283,0.24546722454672246,0.6875
7518,0,CF1,L5,0.7,telea,5,5,0.5931306481361389,1,False,0.2175732217573222,0.2608089260808926,0.73046875
15350,0,CF1,L5,0.7,telea,0,0,0.567742109298706,1,False,0.2384937238493724,0.2524407252440725,0.70703125
4712,0,CF1,L5,0.7,telea,2,2,0.9949670433998108,1,False,0.26638772663877264,0.2510460251046025,0.703125
3234,0,CF1,L5,0.7,telea,1,1,0.8434616923332214,1,False,0.2608089260808926,0.26220362622036264,0.734375
21292,0,CF1,L5,0.7,telea,8,8,0.48178067803382874,1,False,0.25662482566248257,0.24407252440725244,0.68359375
6439,0,CF1,L5,0.7,telea,6,8,0.5541304349899292,0,False,0.25383542538354253,0.25662482566248257,0.71875
16930,0,CF1,L5,0.7,telea,4,8,0.2595809996128082,0,False,0.25383542538354253,0.23709902370990238,0.6640625
25255,0,CF1,L5,0.7,telea,6,2,0.5886706709861755,0,False,0.2496513249651325,0.2510460251046025,0.703125
5562,0,CF1,L5,0.7,telea,6,6,0.9949254989624023,1,False,0.2691771269177127,0.2580195258019526,0.72265625
20888,0,CF1,L5,0.7,telea,6,6,0.48411494493484497,1,False,0.24267782426778242,0.25383542538354253,0.7109375
17907,0,CF1,L5,0.7,telea,0,0,0.6514137983322144,1,False,0.2649930264993027,0.2524407252440725,0.70703125
15282,0,CF1,L5,0.7,telea,5,8,0.4594910442829132,0,False,0.25383542538354253,0.25662482566248257,0.71875
9564,0,CF1,L5,0.7,telea,5,5,0.9687115550041199,1,False,0.2482566248256625,0.25662482566248257,0.71875
2105,0,CF1,L5,0.7,telea,5,6,0.5496281981468201,0,False,0.2580195258019526,0.24686192468619247,0.69140625
2188,0,CF1,L5,0.7,telea,5,5,0.9279525876045227,1,False,0.25523012552301255,0.24686192468619247,0.69140625
10587,0,CF1,L5,0.7,telea,9,9,0.8452054858207703,1,False,0.26220362622036264,0.24686192468619247,0.69140625
20421,0,CF1,L5,0.7,telea,8,2,0.3362758755683899,0,False,0.2315202231520223,0.25383542538354253,0.7109375
23070,0,CF1,L5,0.7,telea,0,0,0.9319874048233032,1,False,0.2914923291492329,0.2496513249651325,0.69921875
19127,0,CF1,L5,0.7,telea,6,6,0.8310967087745667,1,False,0.2803347280334728,0.26359832635983266,0.73828125
7302,0,CF1,L5,0.7,telea,3,3,0.9900172352790833,1,False,0.26220362622036264,0.2496513249651325,0.69921875
8409,0,CF1,L5,0.7,telea,4,4,0.9930428266525269,1,False,0.28312412831241285,0.23709902370990238,0.6640625
11086,0,CF1,L5,0.7,telea,7,7,0.7090062499046326,1,False,0.2510460251046025,0.26359832635983266,0.73828125
17122,0,CF1,L5,0.7,telea,5,5,0.9827567338943481,1,False,0.21338912133891214,0.25383542538354253,0.7109375
3555,0,CF1,L5,0.7,telea,2,2,0.9951915740966797,1,False,0.25383542538354253,0.2412831241283124,0.67578125
19437,0,CF1,L5,0.7,telea,4,4,0.4289396107196808,1,False,0.24267782426778242,0.2580195258019526,0.72265625
594,0,CF1,L5,0.7,telea,9,9,0.9249952435493469,1,False,0.21617852161785217,0.25383542538354253,0.7109375
21863,0,CF1,L5,0.7,telea,3,3,0.9575949311256409,1,False,0.26359832635983266,0.2482566248256625,0.6953125
19765,0,CF1,L5,0.7,telea,5,5,0.9745314717292786,1,False,0.2384937238493724,0.2482566248256625,0.6953125
16909,0,CF1,L5,0.7,telea,2,2,0.8283880949020386,1,False,0.24267782426778242,0.2510460251046025,0.703125
21154,0,CF1,L5,0.7,telea,7,7,0.9899437427520752,1,False,0.26220362622036264,0.25383542538354253,0.7109375
18615,0,CF1,L5,0.7,telea,7,7,0.84353107213974,1,False,0.22733612273361228,0.25523012552301255,0.71484375
18171,0,CF1,L5,0.7,telea,7,7,0.9906800389289856,1,False,0.24267782426778242,0.2412831241283124,0.67578125
24434,0,CF1,L5,0.7,telea,5,5,0.6078024506568909,1,False,0.2594142259414226,0.2649930264993027,0.7421875
9664,0,CF1,L5,0.7,telea,0,0,0.9105105400085449,1,False,0.21896792189679218,0.23709902370990238,0.6640625
2013,0,CF1,L5,0.7,telea,5,5,0.8400493264198303,1,False,0.28172942817294283,0.2594142259414226,0.7265625
13537,0,CF1,L5,0.7,telea,4,0,0.31275928020477295,0,False,0.24407252440725244,0.24407252440725244,0.68359375
23942,0,CF1,L5,0.7,telea,9,9,0.6628461480140686,1,False,0.2705718270571827,0.2496513249651325,0.69921875
12415,0,CF1,L5,0.7,telea,4,4,0.5305465459823608,1,False,0.25383542538354253,0.23570432357043236,0.66015625
13735,0,CF1,L5,0.7,telea,0,9,0.5114774703979492,0,False,0.24686192468619247,0.25523012552301255,0.71484375
6873,0,CF1,L5,0.7,telea,1,1,0.9787929654121399,1,False,0.2594142259414226,0.23430962343096234,0.65625
16233,0,CF1,L5,0.7,telea,2,2,0.798740565776825,1,False,0.21617852161785217,0.2580195258019526,0.72265625
13108,0,CF1,L5,0.7,telea,5,5,0.5270364284515381,1,False,0.2719665271966527,0.24267782426778242,0.6796875
18114,0,CF1,L5,0.7,telea,7,7,0.9362670183181763,1,False,0.2510460251046025,0.2398884239888424,0.671875
25318,0,CF1,L5,0.7,telea,0,1,0.42612212896347046,0,False,0.22594142259414227,0.24407252440725244,0.68359375
22387,0,CF1,L5,0.7,telea,7,7,0.9326714277267456,1,False,0.21338912133891214,0.2580195258019526,0.72265625
19911,0,CF1,L5,0.7,telea,7,7,0.7763340473175049,1,False,0.2398884239888424,0.24407252440725244,0.68359375
9953,0,CF1,L5,0.7,telea,2,2,0.900010883808136,1,False,0.2203626220362622,0.2496513249651325,0.69921875
18500,0,CF1,L5,0.7,telea,1,1,0.6253248453140259,1,False,0.2649930264993027,0.24267782426778242,0.6796875
12463,0,CF1,L5,0.7,telea,2,3,0.5051112771034241,0,False,0.2705718270571827,0.24686192468619247,0.69140625
12143,0,CF1,L5,0.7,telea,8,8,0.7451987266540527,1,False,0.23430962343096234,0.25523012552301255,0.71484375
14588,0,CF1,L5,0.7,telea,8,8,0.7565156817436218,1,False,0.2315202231520223,0.25523012552301255,0.71484375
22152,0,CF1,L5,0.7,telea,2,2,0.9474838376045227,1,False,0.25383542538354253,0.2412831241283124,0.67578125
16563,0,CF1,L5,0.7,telea,4,0,0.3414507508277893,0,False,0.2775453277545328,0.24546722454672246,0.6875
25225,0,CF1,L5,0.7,telea,9,9,0.7851980924606323,1,False,0.2594142259414226,0.2384937238493724,0.66796875
1161,0,CF1,L5,0.7,telea,2,4,0.273557186126709,0,False,0.28312412831241285,0.2691771269177127,0.75390625
9891,0,CF1,L5,0.7,telea,5,5,0.8408864736557007,1,False,0.2719665271966527,0.24407252440725244,0.68359375
18833,0,CF1,L5,0.7,telea,2,2,0.7782271504402161,1,False,0.2510460251046025,0.2398884239888424,0.671875
6162,0,CF1,L5,0.7,telea,2,2,0.7432661056518555,1,False,0.2900976290097629,0.2524407252440725,0.70703125
22638,0,CF1,L5,0.7,telea,0,9,0.4993131160736084,0,False,0.25662482566248257,0.2412831241283124,0.67578125
6112,0,CF1,L5,0.7,telea,6,6,0.611461877822876,1,False,0.2482566248256625,0.2482566248256625,0.6953125
24259,0,CF1,L5,0.7,telea,9,9,0.3298341929912567,1,False,0.2524407252440725,0.2580195258019526,0.72265625
18029,0,CF1,L5,0.7,telea,2,2,0.8813006281852722,1,False,0.23430962343096234,0.24267782426778242,0.6796875
13233,0,CF1,L5,0.7,telea,0,0,0.28333601355552673,1,False,0.26220362622036264,0.2496513249651325,0.69921875
22560,0,CF1,L5,0.7,telea,3,3,0.4402809143066406,1,False,0.24546722454672246,0.24546722454672246,0.6875
17100,0,CF1,L5,0.7,telea,7,7,0.9413371086120605,1,False,0.23291492329149233,0.25383542538354253,0.7109375
13394,0,CF1,L5,0.7,telea,7,5,0.3074047267436981,0,False,0.22733612273361228,0.2496513249651325,0.69921875
25173,0,CF1,L5,0.7,telea,3,7,0.40479934215545654,0,False,0.23570432357043236,0.23291492329149233,0.65234375
17342,0,CF1,L5,0.7,telea,4,4,0.9767640829086304,1,False,0.25523012552301255,0.23430962343096234,0.65625
5881,0,CF1,L5,0.7,telea,1,1,0.7746127843856812,1,False,0.2608089260808926,0.2496513249651325,0.69921875
16982,0,CF1,L5,0.7,telea,3,1,0.38982751965522766,0,False,0.29707112970711297,0.24546722454672246,0.6875
12959,0,CF1,L5,0.7,telea,2,2,0.9273049235343933,1,False,0.26359832635983266,0.2594142259414226,0.7265625
3410,0,CF1,L5,0.7,telea,2,2,0.8631916046142578,1,False,0.24407252440725244,0.2510460251046025,0.703125
1939,0,CF1,L5,0.7,telea,2,2,0.9977362155914307,1,False,0.26220362622036264,0.2510460251046025,0.703125
13563,0,CF1,L5,0.7,telea,4,2,0.5919216871261597,0,False,0.23291492329149233,0.2496513249651325,0.69921875
9659,0,CF1,L5,0.7,telea,4,1,0.5909170508384705,0,False,0.26220362622036264,0.26359832635983266,0.73828125
23588,0,CF1,L5,0.7,telea,9,9,0.9507285356521606,1,False,0.2649930264993027,0.25523012552301255,0.71484375
12156,0,CF1,L5,0.7,telea,9,9,0.5796281099319458,1,False,0.28451882845188287,0.2510460251046025,0.703125
24790,0,CF1,L5,0.7,telea,4,2,0.42261433601379395,0,False,0.2803347280334728,0.25523012552301255,0.71484375
894,0,CF1,L5,0.7,telea,8,8,0.5108373165130615,1,False,0.28451882845188287,0.26638772663877264,0.74609375
13738,0,CF1,L5,0.7,telea,7,7,0.9396994709968567,1,False,0.2691771269177127,0.24407252440725244,0.68359375
20555,0,CF1,L5,0.7,telea,5,5,0.674312949180603,1,False,0.2398884239888424,0.23430962343096234,0.65625
20457,0,CF1,L5,0.7,telea,3,1,0.5856276750564575,0,False,0.2398884239888424,0.2524407252440725,0.70703125
24842,0,CF1,L5,0.7,telea,3,2,0.2923569679260254,0,False,0.24546722454672246,0.2524407252440725,0.70703125
11390,0,CF1,L5,0.7,telea,9,8,0.517611026763916,0,False,0.26359832635983266,0.24267782426778242,0.6796875
2665,0,CF1,L5,0.7,telea,9,9,0.7406783103942871,1,False,0.2496513249651325,0.2705718270571827,0.7578125
24741,0,CF1,L5,0.7,telea,8,8,0.5511054992675781,1,False,0.24686192468619247,0.2412831241283124,0.67578125
17634,0,CF1,L5,0.7,telea,8,5,0.49973055720329285,0,False,0.24267782426778242,0.24686192468619247,0.69140625
16599,0,CF1,L5,0.7,telea,1,1,0.6738311052322388,1,False,0.24267782426778242,0.2608089260808926,0.73046875
19330,0,CF1,L5,0.7,telea,7,4,0.3607242703437805,0,False,0.25523012552301255,0.2510460251046025,0.703125
3257,0,CF1,L5,0.7,telea,1,1,0.9019989967346191,1,False,0.24686192468619247,0.25383542538354253,0.7109375
1114,0,CF1,L5,0.7,telea,9,9,0.9721745252609253,1,False,0.25662482566248257,0.2733612273361227,0.765625
11738,0,CF1,L5,0.7,telea,8,8,0.3064550459384918,1,False,0.24686192468619247,0.25383542538354253,0.7109375
13077,0,CF1,L5,0.7,telea,8,8,0.9980510473251343,1,False,0.2496513249651325,0.24686192468619247,0.69140625
5168,0,CF1,L5,0.7,telea,3,4,0.6450992226600647,0,False,0.25523012552301255,0.24546722454672246,0.6875
26013,0,CF1,L5,0.7,telea,8,8,0.7588217258453369,1,False,0.24267782426778242,0.24546722454672246,0.6875
5611,0,CF1,L5,0.7,telea,7,7,0.9286520481109619,1,False,0.27615062761506276,0.2496513249651325,0.69921875
9389,0,CF1,L5,0.7,telea,6,6,0.8719965815544128,1,False,0.2580195258019526,0.2649930264993027,0.7421875
25070,0,CF1,L5,0.7,telea,2,2,0.9964568018913269,1,False,0.2594142259414226,0.26778242677824265,0.75
11322,0,CF1,L5,0.7,telea,8,8,0.8896405696868896,1,False,0.2775453277545328,0.2398884239888424,0.671875
3051,0,CF1,L5,0.7,telea,0,0,0.19223178923130035,1,False,0.23709902370990238,0.24407252440725244,0.68359375
18770,0,CF1,L5,0.7,telea,4,4,0.26993080973625183,1,False,0.2691771269177127,0.26359832635983266,0.73828125
14692,0,CF1,L5,0.7,telea,2,2,0.9620054960250854,1,False,0.2482566248256625,0.25383542538354253,0.7109375
4561,0,CF1,L5,0.7,telea,5,5,0.582677960395813,1,False,0.2649930264993027,0.2608089260808926,0.73046875
16994,0,CF1,L5,0.7,telea,0,0,0.9905046820640564,1,False,0.2496513249651325,0.2510460251046025,0.703125
4156,0,CF1,L5,0.7,telea,5,2,0.28026166558265686,0,False,0.25523012552301255,0.25523012552301255,0.71484375
5884,0,CF1,L5,0.7,telea,1,2,0.7865038514137268,0,False,0.22733612273361228,0.26638772663877264,0.74609375
18233,0,CF1,L5,0.7,telea,0,0,0.9137671589851379,1,False,0.2524407252440725,0.23430962343096234,0.65625
17044,0,CF1,L5,0.7,telea,6,6,0.9577522277832031,1,False,0.24267782426778242,0.25662482566248257,0.71875
18857,0,CF1,L5,0.7,telea,6,6,0.5328818559646606,1,False,0.24407252440725244,0.24407252440725244,0.68359375
21917,0,CF1,L5,0.7,telea,9,9,0.495433509349823,1,False,0.23709902370990238,0.2580195258019526,0.72265625
5054,0,CF1,L5,0.7,telea,3,9,0.6252439618110657,0,False,0.2580195258019526,0.26220362622036264,0.734375
7882,0,CF1,L5,0.7,telea,4,4,0.47151270508766174,1,False,0.22873082287308227,0.2594142259414226,0.7265625
15688,0,CF1,L5,0.7,telea,4,4,0.9977651834487915,1,False,0.2315202231520223,0.24267782426778242,0.6796875
5612,0,CF1,L5,0.7,telea,8,8,0.6027374267578125,1,False,0.2524407252440725,0.24686192468619247,0.69140625
13934,0,CF1,L5,0.7,telea,9,9,0.630368173122406,1,False,0.28451882845188287,0.2412831241283124,0.67578125
16689,0,CF1,L5,0.7,telea,2,2,0.9716098308563232,1,False,0.2510460251046025,0.23291492329149233,0.65234375
23844,0,CF1,L5,0.7,telea,6,6,0.8929977416992188,1,False,0.25523012552301255,0.2384937238493724,0.66796875
7944,0,CF1,L5,0.7,telea,7,7,0.4369255006313324,1,False,0.25383542538354253,0.25383542538354253,0.7109375
11370,0,CF1,L5,0.7,telea,8,8,0.9762712717056274,1,False,0.25383542538354253,0.25523012552301255,0.71484375
24569,0,CF1,L5,0.7,telea,1,1,0.9856525659561157,1,False,0.25383542538354253,0.2398884239888424,0.671875
7529,0,CF1,L5,0.7,telea,5,5,0.7523164749145508,1,False,0.2691771269177127,0.2580195258019526,0.72265625
5092,0,CF1,L5,0.7,telea,2,2,0.9355966448783875,1,False,0.23709902370990238,0.2510460251046025,0.703125
20673,0,CF1,L5,0.7,telea,2,2,0.9983515739440918,1,False,0.2649930264993027,0.26778242677824265,0.75
10096,0,CF1,L5,0.7,telea,7,7,0.8861806988716125,1,False,0.25662482566248257,0.2384937238493724,0.66796875
2059,0,CF1,L5,0.7,telea,3,3,0.596873939037323,1,False,0.22733612273361228,0.2608089260808926,0.73046875
19318,0,CF1,L5,0.7,telea,0,0,0.8718618154525757,1,False,0.2524407252440725,0.2482566248256625,0.6953125
12977,0,CF1,L5,0.7,telea,8,0,0.3521293103694916,0,False,0.2496513249651325,0.25383542538354253,0.7109375
17673,0,CF1,L5,0.7,telea,0,0,0.5287978053092957,1,False,0.26359832635983266,0.2315202231520223,0.6484375
18750,0,CF1,L5,0.7,telea,0,0,0.4807862639427185,1,False,0.2594142259414226,0.24407252440725244,0.68359375
16728,0,CF1,L5,0.7,telea,3,3,0.9375534653663635,1,False,0.2482566248256625,0.25523012552301255,0.71484375
14776,0,CF1,L5,0.7,telea,8,8,0.7362328171730042,1,False,0.24407252440725244,0.24546722454672246,0.6875
6941,0,CF1,L5,0.7,telea,9,9,0.7231987714767456,1,False,0.26359832635983266,0.26638772663877264,0.74609375
16787,0,CF1,L5,0.7,telea,6,8,0.5161236524581909,0,False,0.2719665271966527,0.2496513249651325,0.69921875
25932,0,CF1,L5,0.7,telea,5,5,0.6369978189468384,1,False,0.2524407252440725,0.24686192468619247,0.69140625
614,0,CF1,L5,0.7,telea,0,5,0.4126010239124298,0,False,0.2719665271966527,0.25662482566248257,0.71875
25690,0,CF1,L5,0.7,telea,5,5,0.7221522927284241,1,False,0.2859135285913529,0.24686192468619247,0.69140625
25968,0,CF1,L5,0.7,telea,5,5,0.9517210125923157,1,False,0.24686192468619247,0.2496513249651325,0.69921875
20123,0,CF1,L5,0.7,telea,3,3,0.9507344961166382,1,False,0.21478382147838215,0.26220362622036264,0.734375
13341,0,CF1,L5,0.7,telea,5,5,0.8762581944465637,1,False,0.2789400278940028,0.2510460251046025,0.703125
24697,0,CF1,L5,0.7,telea,4,4,0.9895874261856079,1,False,0.26359832635983266,0.2580195258019526,0.72265625
15157,0,CF1,L5,0.7,telea,6,4,0.5624786615371704,0,False,0.25523012552301255,0.24686192468619247,0.69140625
23115,0,CF1,L5,0.7,telea,1,1,0.302023321390152,1,False,0.25662482566248257,0.25383542538354253,0.7109375
6396,0,CF1,L5,0.7,telea,0,0,0.9864557981491089,1,False,0.22454672245467225,0.2482566248256625,0.6953125
19142,0,CF1,L5,0.7,telea,4,4,0.5852200984954834,1,False,0.27615062761506276,0.22733612273361228,0.63671875
13157,0,CF1,L5,0.7,telea,3,3,0.3813858926296234,1,False,0.2384937238493724,0.25383542538354253,0.7109375
19866,0,CF1,L5,0.7,telea,1,1,0.7662792801856995,1,False,0.25523012552301255,0.24686192468619247,0.69140625
25996,0,CF1,L5,0.7,telea,8,8,0.9272116422653198,1,False,0.25383542538354253,0.24546722454672246,0.6875
25515,0,CF1,L5,0.7,telea,7,1,0.9003609418869019,0,False,0.2775453277545328,0.2384937238493724,0.66796875
12876,0,CF1,L5,0.7,telea,0,0,0.8660252690315247,1,False,0.2315202231520223,0.26220362622036264,0.734375
17565,0,CF1,L5,0.7,telea,6,6,0.9418673515319824,1,False,0.2524407252440725,0.25383542538354253,0.7109375
17511,0,CF1,L5,0.7,telea,4,4,0.3823440372943878,1,False,0.2733612273361227,0.2482566248256625,0.6953125
19996,0,CF1,L5,0.7,telea,0,0,0.9136760830879211,1,False,0.2649930264993027,0.2482566248256625,0.6953125
12807,0,CF1,L5,0.7,telea,1,1,0.9874458312988281,1,False,0.25523012552301255,0.2580195258019526,0.72265625
11001,0,CF1,L5,0.7,telea,9,8,0.4570007920265198,0,False,0.26359832635983266,0.24546722454672246,0.6875
13107,0,CF1,L5,0.7,telea,0,0,0.9518458843231201,1,False,0.27475592747559274,0.2608089260808926,0.73046875
12641,0,CF1,L5,0.7,telea,6,6,0.9886580109596252,1,False,0.25662482566248257,0.24267782426778242,0.6796875
22667,0,CF1,L5,0.7,telea,5,5,0.9714097380638123,1,False,0.2496513249651325,0.2524407252440725,0.70703125
7310,0,CF1,L5,0.7,telea,7,7,0.8988261818885803,1,False,0.2412831241283124,0.23430962343096234,0.65625
764,0,CF1,L5,0.7,telea,1,1,0.6832583546638489,1,False,0.24407252440725244,0.24546722454672246,0.6875
14813,0,CF1,L5,0.7,telea,4,4,0.9822261333465576,1,False,0.2510460251046025,0.2482566248256625,0.6953125
7132,0,CF1,L5,0.7,telea,2,2,0.9842826724052429,1,False,0.2705718270571827,0.24546722454672246,0.6875
23884,0,CF1,L5,0.7,telea,1,8,0.243998184800148,0,False,0.23570432357043236,0.25383542538354253,0.7109375
22735,0,CF1,L5,0.7,telea,8,8,0.8823767304420471,1,False,0.25523012552301255,0.24267782426778242,0.6796875
12483,0,CF1,L5,0.7,telea,2,2,0.973487377166748,1,False,0.22454672245467225,0.2510460251046025,0.703125
10442,0,CF1,L5,0.7,telea,6,6,0.5529112219810486,1,False,0.2510460251046025,0.25523012552301255,0.71484375
3733,0,CF1,L5,0.7,telea,8,8,0.9436690211296082,1,False,0.25662482566248257,0.2594142259414226,0.7265625
20089,0,CF1,L5,0.7,telea,4,4,0.8031409978866577,1,False,0.2496513249651325,0.2524407252440725,0.70703125
20411,0,CF1,L5,0.7,telea,4,4,0.38968750834465027,1,False,0.2580195258019526,0.2482566248256625,0.6953125
10695,0,CF1,L5,0.7,telea,4,1,0.6065391302108765,0,False,0.2398884239888424,0.26220362622036264,0.734375
11992,0,CF1,L5,0.7,telea,2,2,0.9956111311912537,1,False,0.2524407252440725,0.24546722454672246,0.6875
20712,0,CF1,L5,0.7,telea,7,7,0.7132062315940857,1,False,0.2580195258019526,0.24686192468619247,0.69140625
6518,0,CF1,L5,0.7,telea,8,8,0.7550217509269714,1,False,0.2928870292887029,0.2496513249651325,0.69921875
6015,0,CF1,L5,0.7,telea,9,9,0.32326334714889526,1,False,0.2719665271966527,0.2594142259414226,0.7265625
8396,0,CF1,L5,0.7,telea,5,2,0.7607942819595337,0,False,0.23430962343096234,0.2608089260808926,0.73046875
12097,0,CF1,L5,0.7,telea,9,9,0.9638828635215759,1,False,0.2789400278940028,0.2496513249651325,0.69921875
12565,0,CF1,L5,0.7,telea,2,2,0.7632579207420349,1,False,0.26778242677824265,0.24407252440725244,0.68359375
22474,0,CF1,L5,0.7,telea,4,4,0.5506815314292908,1,False,0.26220362622036264,0.26778242677824265,0.75
25110,0,CF1,L5,0.7,telea,9,9,0.9567219614982605,1,False,0.2775453277545328,0.25383542538354253,0.7109375
8275,0,CF1,L5,0.7,telea,8,8,0.9596380591392517,1,False,0.24407252440725244,0.2524407252440725,0.70703125
3871,0,CF1,L5,0.7,telea,1,1,0.8742075562477112,1,False,0.2315202231520223,0.24407252440725244,0.68359375
24639,0,CF1,L5,0.7,telea,2,2,0.9960618615150452,1,False,0.2482566248256625,0.2580195258019526,0.72265625
15979,0,CF1,L5,0.7,telea,3,3,0.42739707231521606,1,False,0.22454672245467225,0.24267782426778242,0.6796875
24513,0,CF1,L5,0.7,telea,6,6,0.9877253174781799,1,False,0.2482566248256625,0.2412831241283124,0.67578125
10926,0,CF1,L5,0.7,telea,7,7,0.8603153228759766,1,False,0.2398884239888424,0.23291492329149233,0.65234375
25564,0,CF1,L5,0.7,telea,0,0,0.7742512822151184,1,False,0.23430962343096234,0.24546722454672246,0.6875
2118,0,CF1,L5,0.7,telea,0,0,0.49602341651916504,1,False,0.2580195258019526,0.23709902370990238,0.6640625
4358,0,CF1,L5,0.7,telea,9,3,0.4102199673652649,0,False,0.2705718270571827,0.24407252440725244,0.68359375
5674,0,CF1,L5,0.7,telea,8,3,0.5359265208244324,0,False,0.2691771269177127,0.23291492329149233,0.65234375
3397,0,CF1,L5,0.7,telea,7,7,0.9515339136123657,1,False,0.23291492329149233,0.24686192468619247,0.69140625
5183,0,CF1,L5,0.7,telea,7,7,0.7360840439796448,1,False,0.2705718270571827,0.24267782426778242,0.6796875
7505,0,CF1,L5,0.7,telea,9,9,0.9990645051002502,1,False,0.2691771269177127,0.2594142259414226,0.7265625
17539,0,CF1,L5,0.7,telea,0,0,0.545408308506012,1,False,0.2733612273361227,0.2594142259414226,0.7265625
23918,0,CF1,L5,0.7,telea,6,6,0.4462208151817322,1,False,0.2594142259414226,0.25662482566248257,0.71875
19449,0,CF1,L5,0.7,telea,2,2,0.9727024435997009,1,False,0.2510460251046025,0.2482566248256625,0.6953125
18599,0,CF1,L5,0.7,telea,3,3,0.4630323648452759,1,False,0.22733612273361228,0.25662482566248257,0.71875
8175,0,CF1,L5,0.7,telea,8,6,0.44310900568962097,0,False,0.25383542538354253,0.24686192468619247,0.69140625
18412,0,CF1,L5,0.7,telea,7,7,0.8955875039100647,1,False,0.2384937238493724,0.23570432357043236,0.66015625
20667,0,CF1,L5,0.7,telea,1,9,0.33055269718170166,0,False,0.26359832635983266,0.2580195258019526,0.72265625
8672,0,CF1,L5,0.7,telea,9,9,0.6892635822296143,1,False,0.24546722454672246,0.2384937238493724,0.66796875
22087,0,CF1,L5,0.7,telea,1,1,0.9654108881950378,1,False,0.2301255230125523,0.2608089260808926,0.73046875
6910,0,CF1,L5,0.7,telea,2,2,0.9809929728507996,1,False,0.2496513249651325,0.24267782426778242,0.6796875
19205,0,CF1,L5,0.7,telea,3,5,0.38680049777030945,0,False,0.2524407252440725,0.24686192468619247,0.69140625
10581,0,CF1,L5,0.7,telea,3,3,0.6397061347961426,1,False,0.2580195258019526,0.24686192468619247,0.69140625
14516,0,CF1,L5,0.7,telea,4,4,0.35090959072113037,1,False,0.2398884239888424,0.2412831241283124,0.67578125
22602,0,CF1,L5,0.7,telea,4,4,0.9637018442153931,1,False,0.23291492329149233,0.25523012552301255,0.71484375
1944,0,CF1,L5,0.7,telea,0,8,0.4631808400154114,0,False,0.2398884239888424,0.24407252440725244,0.68359375
19718,0,CF1,L5,0.7,telea,0,0,0.31730130314826965,1,False,0.2691771269177127,0.2594142259414226,0.7265625
15599,0,CF1,L5,0.7,telea,7,7,0.9021121263504028,1,False,0.2412831241283124,0.24546722454672246,0.6875
16766,0,CF1,L5,0.7,telea,9,9,0.5335596203804016,1,False,0.2412831241283124,0.24686192468619247,0.69140625
12317,0,CF1,L5,0.7,telea,5,5,0.49784550070762634,1,False,0.2594142259414226,0.24686192468619247,0.69140625
6275,0,CF1,L5,0.7,telea,6,6,0.5460157990455627,1,False,0.24546722454672246,0.2510460251046025,0.703125
14332,0,CF1,L5,0.7,telea,3,5,0.5079205632209778,0,False,0.22873082287308227,0.2594142259414226,0.7265625
25615,0,CF1,L5,0.7,telea,8,8,0.9329019784927368,1,False,0.26220362622036264,0.2510460251046025,0.703125
7680,0,CF1,L5,0.7,telea,7,7,0.993729829788208,1,False,0.23570432357043236,0.2594142259414226,0.7265625
22105,0,CF1,L5,0.7,telea,7,7,0.9297024011611938,1,False,0.23709902370990238,0.26220362622036264,0.734375
19179,0,CF1,L5,0.7,telea,5,3,0.5262495875358582,0,False,0.25662482566248257,0.2524407252440725,0.70703125
22379,0,CF1,L5,0.7,telea,5,5,0.8164594173431396,1,False,0.23709902370990238,0.26778242677824265,0.75
11796,0,CF1,L5,0.7,telea,0,0,0.5784395933151245,1,False,0.25383542538354253,0.2510460251046025,0.703125
16929,0,CF1,L5,0.7,telea,0,0,0.9809625148773193,1,False,0.26220362622036264,0.26220362622036264,0.734375
20580,0,CF1,L5,0.7,telea,2,5,0.5103373527526855,0,False,0.22733612273361228,0.2580195258019526,0.72265625
21272,0,CF1,L5,0.7,telea,7,0,0.5910311937332153,0,False,0.2412831241283124,0.24267782426778242,0.6796875
12963,0,CF1,L5,0.7,telea,4,4,0.9424325227737427,1,False,0.23709902370990238,0.23570432357043236,0.66015625
15648,0,CF1,L5,0.7,telea,9,9,0.8467855453491211,1,False,0.26638772663877264,0.24267782426778242,0.6796875
10831,0,CF1,L5,0.7,telea,6,6,0.9837941527366638,1,False,0.24686192468619247,0.2580195258019526,0.72265625
12228,0,CF1,L5,0.7,telea,3,3,0.4072796106338501,1,False,0.2482566248256625,0.2510460251046025,0.703125
2242,0,CF1,L5,0.7,telea,7,9,0.6300860047340393,0,False,0.21478382147838215,0.2496513249651325,0.69921875
25443,0,CF1,L5,0.7,telea,3,3,0.9997058510780334,1,False,0.26638772663877264,0.23709902370990238,0.6640625
23913,0,CF1,L5,0.7,telea,1,1,0.7014341950416565,1,False,0.2398884239888424,0.25523012552301255,0.71484375
18452,0,CF1,L5,0.7,telea,1,1,0.9144042134284973,1,False,0.2384937238493724,0.23570432357043236,0.66015625
12210,0,CF1,L5,0.7,telea,0,0,0.9840243458747864,1,False,0.2496513249651325,0.23570432357043236,0.66015625
3532,0,CF1,L5,0.7,telea,6,8,0.5099248290061951,0,False,0.22873082287308227,0.2412831241283124,0.67578125
13678,0,CF1,L5,0.7,telea,9,9,0.95057612657547,1,False,0.2496513249651325,0.24546722454672246,0.6875
21370,0,CF1,L5,0.7,telea,5,5,0.4103928506374359,1,False,0.2384937238493724,0.23709902370990238,0.6640625
23728,0,CF1,L5,0.7,telea,9,9,0.980907142162323,1,False,0.26778242677824265,0.2510460251046025,0.703125
7460,0,CF1,L5,0.7,telea,0,0,0.9561213254928589,1,False,0.25523012552301255,0.2510460251046025,0.703125
25354,0,CF1,L5,0.7,telea,2,2,0.9614311456680298,1,False,0.25383542538354253,0.2580195258019526,0.72265625
18984,0,CF1,L5,0.7,telea,8,8,0.912738025188446,1,False,0.25662482566248257,0.2524407252440725,0.70703125
12422,0,CF1,L5,0.7,telea,6,6,0.9973264932632446,1,False,0.2412831241283124,0.2398884239888424,0.671875
7413,0,CF1,L5,0.7,telea,4,4,0.4643598198890686,1,False,0.22594142259414227,0.24686192468619247,0.69140625
