patch_id,seed,family,level,frac,method,true_label,prediction,confidence,correct,bounded_unknown,isolated_missing_frac,mask_overlap_centre,centre_erased_frac
17222,0,CF1,L5,0.7,zero_fill,8,3,0.19097280502319336,0,False,0.2524407252440725,0.2412831241283124,0.67578125
7987,0,CF1,L5,0.7,zero_fill,4,3,0.19325678050518036,0,False,0.23709902370990238,0.23570432357043236,0.66015625
14403,0,CF1,L5,0.7,zero_fill,1,5,0.1537037044763565,0,False,0.23570432357043236,0.2482566248256625,0.6953125
12904,0,CF1,L5,0.7,zero_fill,1,3,0.14196054637432098,0,False,0.24686192468619247,0.2496513249651325,0.69921875
1024,0,CF1,L5,0.7,zero_fill,2,2,0.1377326250076294,1,False,0.28312412831241285,0.24686192468619247,0.69140625
15700,0,CF1,L5,0.7,zero_fill,3,0,0.2430301308631897,0,False,0.26220362622036264,0.26220362622036264,0.734375
12639,0,CF1,L5,0.7,zero_fill,7,7,0.18692876398563385,1,False,0.2580195258019526,0.25523012552301255,0.71484375
20658,0,CF1,L5,0.7,zero_fill,4,3,0.15011335909366608,0,False,0.23430962343096234,0.25523012552301255,0.71484375
2642,0,CF1,L5,0.7,zero_fill,7,5,0.17115482687950134,0,False,0.2524407252440725,0.25662482566248257,0.71875
9392,0,CF1,L5,0.7,zero_fill,9,1,0.13540241122245789,0,False,0.2412831241283124,0.24407252440725244,0.68359375
23357,0,CF1,L5,0.7,zero_fill,5,9,0.20160706341266632,0,False,0.26359832635983266,0.2580195258019526,0.72265625
15977,0,CF1,L5,0.7,zero_fill,0,0,0.21252946555614471,1,False,0.2719665271966527,0.24267782426778242,0.6796875
10440,0,CF1,L5,0.7,zero_fill,0,5,0.2533814609050751,0,False,0.28451882845188287,0.2608089260808926,0.73046875
14216,0,CF1,L5,0.7,zero_fill,3,0,0.12930560111999512,0,False,0.26638772663877264,0.2482566248256625,0.6953125
18353,0,CF1,L5,0.7,zero_fill,7,3,0.16982786357402802,0,False,0.26778242677824265,0.2496513249651325,0.69921875
17404,0,CF1,L5,0.7,zero_fill,3,0,0.21505938470363617,0,False,0.2691771269177127,0.25383542538354253,0.7109375
8424,0,CF1,L5,0.7,zero_fill,8,6,0.2544286847114563,0,False,0.23291492329149233,0.2482566248256625,0.6953125
4744,0,CF1,L5,0.7,zero_fill,8,0,0.17430144548416138,0,False,0.26220362622036264,0.2482566248256625,0.6953125
18797,0,CF1,L5,0.7,zero_fill,7,6,0.14816699922084808,0,False,0.2594142259414226,0.2482566248256625,0.6953125
3156,0,CF1,L5,0.7,zero_fill,7,0,0.1412356197834015,0,False,0.26359832635983266,0.23570432357043236,0.66015625
17024,0,CF1,L5,0.7,zero_fill,2,3,0.17685037851333618,0,False,0.24686192468619247,0.2580195258019526,0.72265625
7807,0,CF1,L5,0.7,zero_fill,8,0,0.19558633863925934,0,False,0.25523012552301255,0.23709902370990238,0.6640625
138,0,CF1,L5,0.7,zero_fill,0,3,0.16928724944591522,0,False,0.25523012552301255,0.25523012552301255,0.71484375
20222,0,CF1,L5,0.7,zero_fill,2,4,0.1592986136674881,0,False,0.2594142259414226,0.2594142259414226,0.7265625
24734,0,CF1,L5,0.7,zero_fill,9,6,0.17828071117401123,0,False,0.24407252440725244,0.2496513249651325,0.69921875
8909,0,CF1,L5,0.7,zero_fill,0,6,0.2242872267961502,0,False,0.2719665271966527,0.2398884239888424,0.671875
4684,0,CF1,L5,0.7,zero_fill,1,1,0.14143241941928864,1,False,0.2524407252440725,0.24686192468619247,0.69140625
15978,0,CF1,L5,0.7,zero_fill,6,3,0.23265044391155243,0,False,0.2524407252440725,0.25383542538354253,0.7109375
21495,0,CF1,L5,0.7,zero_fill,7,0,0.19143074750900269,0,False,0.2524407252440725,0.26359832635983266,0.73828125
5107,0,CF1,L5,0.7,zero_fill,6,3,0.2972792387008667,0,False,0.24407252440725244,0.2482566248256625,0.6953125
1914,0,CF1,L5,0.7,zero_fill,2,0,0.19803066551685333,0,False,0.26638772663877264,0.24267782426778242,0.6796875
21307,0,CF1,L5,0.7,zero_fill,1,3,0.22466623783111572,0,False,0.2914923291492329,0.23430962343096234,0.65625
7178,0,CF1,L5,0.7,zero_fill,4,0,0.16843990981578827,0,False,0.24267782426778242,0.25662482566248257,0.71875
13264,0,CF1,L5,0.7,zero_fill,4,1,0.13417021930217743,0,False,0.24686192468619247,0.25523012552301255,0.71484375
21507,0,CF1,L5,0.7,zero_fill,1,2,0.1948605477809906,0,False,0.28451882845188287,0.23570432357043236,0.66015625
8399,0,CF1,L5,0.7,zero_fill,9,6,0.18221060931682587,0,False,0.2649930264993027,0.26359832635983266,0.73828125
4384,0,CF1,L5,0.7,zero_fill,0,3,0.18578916788101196,0,False,0.21896792189679218,0.24686192468619247,0.69140625
5820,0,CF1,L5,0.7,zero_fill,0,3,0.30079370737075806,0,False,0.26220362622036264,0.2412831241283124,0.67578125
22865,0,CF1,L5,0.7,zero_fill,0,0,0.20349998772144318,1,False,0.24407252440725244,0.24546722454672246,0.6875
65,0,CF1,L5,0.7,zero_fill,0,0,0.13285145163536072,1,False,0.25662482566248257,0.2482566248256625,0.6953125
15494,0,CF1,L5,0.7,zero_fill,6,0,0.1921824812889099,0,False,0.23291492329149233,0.26220362622036264,0.734375
2327,0,CF1,L5,0.7,zero_fill,5,0,0.24797360599040985,0,False,0.25383542538354253,0.2496513249651325,0.69921875
24596,0,CF1,L5,0.7,zero_fill,7,3,0.17471158504486084,0,False,0.2524407252440725,0.2496513249651325,0.69921875
3825,0,CF1,L5,0.7,zero_fill,5,3,0.17662054300308228,0,False,0.2691771269177127,0.26778242677824265,0.75
17168,0,CF1,L5,0.7,zero_fill,7,0,0.2527884840965271,0,False,0.2496513249651325,0.2580195258019526,0.72265625
4357,0,CF1,L5,0.7,zero_fill,3,3,0.2020590752363205,1,False,0.24407252440725244,0.23430962343096234,0.65625
2364,0,CF1,L5,0.7,zero_fill,9,1,0.16507282853126526,0,False,0.2412831241283124,0.2649930264993027,0.7421875
8703,0,CF1,L5,0.7,zero_fill,9,2,0.4566507339477539,0,False,0.2398884239888424,0.23709902370990238,0.6640625
19390,0,CF1,L5,0.7,zero_fill,9,6,0.18787570297718048,0,False,0.2580195258019526,0.2482566248256625,0.6953125
17853,0,CF1,L5,0.7,zero_fill,6,0,0.18566133081912994,0,False,0.27475592747559274,0.24686192468619247,0.69140625
4930,0,CF1,L5,0.7,zero_fill,4,0,0.2548617720603943,0,False,0.27475592747559274,0.2510460251046025,0.703125
5314,0,CF1,L5,0.7,zero_fill,8,5,0.18539540469646454,0,False,0.25662482566248257,0.2524407252440725,0.70703125
4478,0,CF1,L5,0.7,zero_fill,8,6,0.17863404750823975,0,False,0.2510460251046025,0.2594142259414226,0.7265625
23679,0,CF1,L5,0.7,zero_fill,4,6,0.28419917821884155,0,False,0.27475592747559274,0.2510460251046025,0.703125
5449,0,CF1,L5,0.7,zero_fill,1,0,0.15358872711658478,0,False,0.24407252440725244,0.2594142259414226,0.7265625
24183,0,CF1,L5,0.7,zero_fill,0,3,0.14133137464523315,0,False,0.24686192468619247,0.2524407252440725,0.70703125
20842,0,CF1,L5,0.7,zero_fill,3,3,0.1891736090183258,1,False,0.24407252440725244,0.2412831241283124,0.67578125
18825,0,CF1,L5,0.7,zero_fill,9,2,0.12226412445306778,0,False,0.23430962343096234,0.24407252440725244,0.68359375
6265,0,CF1,L5,0.7,zero_fill,1,2,0.1763555109500885,0,False,0.24686192468619247,0.2496513249651325,0.69921875
24932,0,CF1,L5,0.7,zero_fill,4,3,0.18895699083805084,0,False,0.26778242677824265,0.25383542538354253,0.7109375
14427,0,CF1,L5,0.7,zero_fill,8,6,0.16295723617076874,0,False,0.2398884239888424,0.23430962343096234,0.65625
3740,0,CF1,L5,0.7,zero_fill,7,3,0.24160976707935333,0,False,0.2719665271966527,0.25523012552301255,0.71484375
16809,0,CF1,L5,0.7,zero_fill,9,6,0.15886205434799194,0,False,0.26220362622036264,0.2496513249651325,0.69921875
1136,0,CF1,L5,0.7,zero_fill,1,0,0.16633561253547668,0,False,0.25383542538354253,0.25662482566248257,0.71875
25757,0,CF1,L5,0.7,zero_fill,5,0,0.14524047076702118,0,False,0.2482566248256625,0.2412831241283124,0.67578125
7356,0,CF1,L5,0.7,zero_fill,4,0,0.1645524501800537,0,False,0.2315202231520223,0.25383542538354253,0.7109375
12298,0,CF1,L5,0.7,zero_fill,0,0,0.19254250824451447,1,False,0.2482566248256625,0.24546722454672246,0.6875
5700,0,CF1,L5,0.7,zero_fill,3,3,0.17097842693328857,1,False,0.26638772663877264,0.24546722454672246,0.6875
22753,0,CF1,L5,0.7,zero_fill,6,5,0.1226830706000328,0,False,0.26220362622036264,0.2412831241283124,0.67578125
16813,0,CF1,L5,0.7,zero_fill,6,3,0.20967917144298553,0,False,0.2301255230125523,0.2496513249651325,0.69921875
7373,0,CF1,L5,0.7,zero_fill,8,0,0.23154717683792114,0,False,0.24267782426778242,0.26638772663877264,0.74609375
20149,0,CF1,L5,0.7,zero_fill,2,2,0.20096194744110107,1,False,0.25662482566248257,0.26359832635983266,0.73828125
15874,0,CF1,L5,0.7,zero_fill,9,3,0.2041224241256714,0,False,0.25383542538354253,0.22733612273361228,0.63671875
26011,0,CF1,L5,0.7,zero_fill,0,0,0.2183743566274643,1,False,0.2524407252440725,0.2691771269177127,0.75390625
4196,0,CF1,L5,0.7,zero_fill,9,0,0.1544295698404312,0,False,0.24407252440725244,0.24407252440725244,0.68359375
11227,0,CF1,L5,0.7,zero_fill,3,5,0.14389319717884064,0,False,0.26220362622036264,0.26220362622036264,0.734375
15736,0,CF1,L5,0.7,zero_fill,3,0,0.28382325172424316,0,False,0.24686192468619247,0.26778242677824265,0.75
6339,0,CF1,L5,0.7,zero_fill,6,6,0.17735899984836578,1,False,0.27615062761506276,0.2496513249651325,0.69921875
25704,0,CF1,L5,0.7,zero_fill,2,5,0.16255293786525726,0,False,0.24546722454672246,0.2412831241283124,0.67578125
3190,0,CF1,L5,0.7,zero_fill,7,0,0.14999349415302277,0,False,0.2524407252440725,0.2524407252440725,0.70703125
737,0,CF1,L5,0.7,zero_fill,4,0,0.19283278286457062,0,False,0.2398884239888424,0.2412831241283124,0.67578125
22875,0,CF1,L5,0.7,zero_fill,9,3,0.13719609379768372,0,False,0.25383542538354253,0.26220362622036264,0.734375
22749,0,CF1,L5,0.7,zero_fill,3,0,0.18108612298965454,0,False,0.2775453277545328,0.2482566248256625,0.6953125
22998,0,CF1,L5,0.7,zero_fill,3,6,0.16261866688728333,0,False,0.2524407252440725,0.2510460251046025,0.703125
24210,0,CF1,L5,0.7,zero_fill,5,0,0.14096923172473907,0,False,0.2608089260808926,0.2482566248256625,0.6953125
6800,0,CF1,L5,0.7,zero_fill,4,5,0.3478042483329773,0,False,0.24546722454672246,0.25523012552301255,0.71484375
16602,0,CF1,L5,0.7,zero_fill,9,3,0.16175273060798645,0,False,0.24267782426778242,0.25662482566248257,0.71875
10822,0,CF1,L5,0.7,zero_fill,6,0,0.16025662422180176,0,False,0.2510460251046025,0.2649930264993027,0.7421875
12822,0,CF1,L5,0.7,zero_fill,1,9,0.13456866145133972,0,False,0.25523012552301255,0.25523012552301255,0.71484375
12758,0,CF1,L5,0.7,zero_fill,5,1,0.1531727910041809,0,False,0.2649930264993027,0.2496513249651325,0.69921875
21144,0,CF1,L5,0.7,zero_fill,4,3,0.14738944172859192,0,False,0.23291492329149233,0.24407252440725244,0.68359375
4900,0,CF1,L5,0.7,zero_fill,6,4,0.2507447898387909,0,False,0.23709902370990238,0.2524407252440725,0.70703125
22888,0,CF1,L5,0.7,zero_fill,9,1,0.17273157835006714,0,False,0.2733612273361227,0.2594142259414226,0.7265625
19935,0,CF1,L5,0.7,zero_fill,9,3,0.18033166229724884,0,False,0.2398884239888424,0.24407252440725244,0.68359375
21896,0,CF1,L5,0.7,zero_fill,7,0,0.1486974060535431,0,False,0.2580195258019526,0.2510460251046025,0.703125
3475,0,CF1,L5,0.7,zero_fill,3,9,0.2454211264848709,0,False,0.26638772663877264,0.2510460251046025,0.703125
16171,0,CF1,L5,0.7,zero_fill,0,0,0.35474371910095215,1,False,0.2733612273361227,0.2398884239888424,0.671875
4672,0,CF1,L5,0.7,zero_fill,4,1,0.1825464367866516,0,False,0.2691771269177127,0.23430962343096234,0.65625
10146,0,CF1,L5,0.7,zero_fill,2,5,0.21956230700016022,0,False,0.26220362622036264,0.24407252440725244,0.68359375
9207,0,CF1,L5,0.7,zero_fill,7,8,0.1452813595533371,0,False,0.24686192468619247,0.25383542538354253,0.7109375
17745,0,CF1,L5,0.7,zero_fill,9,3,0.28408682346343994,0,False,0.24267782426778242,0.2412831241283124,0.67578125
432,0,CF1,L5,0.7,zero_fill,7,0,0.13313616812229156,0,False,0.2524407252440725,0.2719665271966527,0.76171875
6608,0,CF1,L5,0.7,zero_fill,4,0,0.28930553793907166,0,False,0.27615062761506276,0.2733612273361227,0.765625
25769,0,CF1,L5,0.7,zero_fill,9,0,0.19511649012565613,0,False,0.2733612273361227,0.24686192468619247,0.69140625
14774,0,CF1,L5,0.7,zero_fill,3,0,0.2155526727437973,0,False,0.25383542538354253,0.25383542538354253,0.7109375
21627,0,CF1,L5,0.7,zero_fill,4,6,0.16532909870147705,0,False,0.2733612273361227,0.23709902370990238,0.6640625
8133,0,CF1,L5,0.7,zero_fill,2,3,0.13405704498291016,0,False,0.2384937238493724,0.2412831241283124,0.67578125
12554,0,CF1,L5,0.7,zero_fill,4,0,0.24985453486442566,0,False,0.2691771269177127,0.2398884239888424,0.671875
10856,0,CF1,L5,0.7,zero_fill,1,1,0.20830567181110382,1,False,0.2412831241283124,0.24686192468619247,0.69140625
15931,0,CF1,L5,0.7,zero_fill,3,3,0.15639320015907288,1,False,0.24267782426778242,0.24686192468619247,0.69140625
2367,0,CF1,L5,0.7,zero_fill,2,3,0.1601186990737915,0,False,0.2608089260808926,0.2482566248256625,0.6953125
25563,0,CF1,L5,0.7,zero_fill,7,2,0.17270486056804657,0,False,0.24546722454672246,0.24546722454672246,0.6875
6748,0,CF1,L5,0.7,zero_fill,2,0,0.13469788432121277,0,False,0.25662482566248257,0.24546722454672246,0.6875
5368,0,CF1,L5,0.7,zero_fill,8,2,0.17398646473884583,0,False,0.2649930264993027,0.23430962343096234,0.65625
25951,0,CF1,L5,0.7,zero_fill,6,4,0.1707799732685089,0,False,0.2705718270571827,0.25662482566248257,0.71875
22082,0,CF1,L5,0.7,zero_fill,7,0,0.14629288017749786,0,False,0.2496513249651325,0.24546722454672246,0.6875
19301,0,CF1,L5,0.7,zero_fill,4,9,0.15129181742668152,0,False,0.25523012552301255,0.2482566248256625,0.6953125
13302,0,CF1,L5,0.7,zero_fill,4,2,0.17513452470302582,0,False,0.28172942817294283,0.25662482566248257,0.71875
15358,0,CF1,L5,0.7,zero_fill,0,2,0.18833260238170624,0,False,0.23570432357043236,0.2496513249651325,0.69921875
23572,0,CF1,L5,0.7,zero_fill,2,3,0.2247847467660904,0,False,0.2649930264993027,0.2649930264993027,0.7421875
14736,0,CF1,L5,0.7,zero_fill,4,1,0.15647226572036743,0,False,0.24407252440725244,0.2524407252440725,0.70703125
16685,0,CF1,L5,0.7,zero_fill,2,8,0.1786765456199646,0,False,0.2524407252440725,0.24267782426778242,0.6796875
21902,0,CF1,L5,0.7,zero_fill,7,0,0.16812802851200104,0,False,0.24686192468619247,0.2608089260808926,0.73046875
6713,0,CF1,L5,0.7,zero_fill,5,6,0.2173304557800293,0,False,0.21896792189679218,0.2705718270571827,0.7578125
8771,0,CF1,L5,0.7,zero_fill,4,3,0.16449172794818878,0,False,0.2608089260808926,0.25383542538354253,0.7109375
20264,0,CF1,L5,0.7,zero_fill,3,0,0.15301422774791718,0,False,0.24267782426778242,0.25383542538354253,0.7109375
24489,0,CF1,L5,0.7,zero_fill,1,0,0.29244282841682434,0,False,0.22873082287308227,0.25383542538354253,0.7109375
24852,0,CF1,L5,0.7,zero_fill,1,1,0.13673152029514313,1,False,0.2175732217573222,0.25523012552301255,0.71484375
6746,0,CF1,L5,0.7,zero_fill,1,0,0.1907307505607605,0,False,0.24407252440725244,0.2510460251046025,0.703125
5951,0,CF1,L5,0.7,zero_fill,5,3,0.20199090242385864,0,False,0.24407252440725244,0.2524407252440725,0.70703125
6438,0,CF1,L5,0.7,zero_fill,4,4,0.16383096575737,1,False,0.24546722454672246,0.2510460251046025,0.703125
11126,0,CF1,L5,0.7,zero_fill,9,0,0.21604984998703003,0,False,0.25662482566248257,0.25523012552301255,0.71484375
24241,0,CF1,L5,0.7,zero_fill,3,3,0.21246737241744995,1,False,0.2789400278940028,0.26359832635983266,0.73828125
23621,0,CF1,L5,0.7,zero_fill,6,0,0.15968497097492218,0,False,0.27475592747559274,0.2524407252440725,0.70703125
14358,0,CF1,L5,0.7,zero_fill,6,0,0.15669642388820648,0,False,0.23709902370990238,0.24546722454672246,0.6875
19003,0,CF1,L5,0.7,zero_fill,6,3,0.13869121670722961,0,False,0.24407252440725244,0.2580195258019526,0.72265625
3760,0,CF1,L5,0.7,zero_fill,9,0,0.1661599725484848,0,False,0.2803347280334728,0.23570432357043236,0.66015625
1155,0,CF1,L5,0.7,zero_fill,5,0,0.16084305942058563,0,False,0.2649930264993027,0.2496513249651325,0.69921875
22044,0,CF1,L5,0.7,zero_fill,8,5,0.17145554721355438,0,False,0.2608089260808926,0.26220362622036264,0.734375
17521,0,CF1,L5,0.7,zero_fill,4,3,0.24779124557971954,0,False,0.2510460251046025,0.24267782426778242,0.6796875
15177,0,CF1,L5,0.7,zero_fill,9,0,0.13621647655963898,0,False,0.2649930264993027,0.2524407252440725,0.70703125
21080,0,CF1,L5,0.7,zero_fill,0,3,0.2257501184940338,0,False,0.2649930264993027,0.2524407252440725,0.70703125
4507,0,CF1,L5,0.7,zero_fill,5,3,0.19278967380523682,0,False,0.2594142259414226,0.2580195258019526,0.72265625
10600,0,CF1,L5,0.7,zero_fill,7,3,0.22527822852134705,0,False,0.24267782426778242,0.2608089260808926,0.73046875
11754,0,CF1,L5,0.7,zero_fill,1,5,0.12296687066555023,0,False,0.2705718270571827,0.2315202231520223,0.6484375
22934,0,CF1,L5,0.7,zero_fill,4,0,0.14818419516086578,0,False,0.2580195258019526,0.2482566248256625,0.6953125
19094,0,CF1,L5,0.7,zero_fill,3,6,0.1546546220779419,0,False,0.2315202231520223,0.2510460251046025,0.703125
25246,0,CF1,L5,0.7,zero_fill,7,5,0.2636834681034088,0,False,0.2384937238493724,0.2412831241283124,0.67578125
14745,0,CF1,L5,0.7,zero_fill,2,5,0.25727716088294983,0,False,0.2580195258019526,0.24267782426778242,0.6796875
3177,0,CF1,L5,0.7,zero_fill,8,6,0.18785513937473297,0,False,0.26220362622036264,0.24267782426778242,0.6796875
13870,0,CF1,L5,0.7,zero_fill,5,5,0.20119771361351013,1,False,0.22733612273361228,0.2496513249651325,0.69921875
5605,0,CF1,L5,0.7,zero_fill,6,0,0.15368163585662842,0,False,0.23430962343096234,0.2524407252440725,0.70703125
5202,0,CF1,L5,0.7,zero_fill,8,3,0.15340164303779602,0,False,0.24407252440725244,0.2608089260808926,0.73046875
8800,0,CF1,L5,0.7,zero_fill,5,0,0.2036053091287613,0,False,0.24546722454672246,0.2384937238493724,0.66796875
645,0,CF1,L5,0.7,zero_fill,3,0,0.16218948364257812,0,False,0.2649930264993027,0.25523012552301255,0.71484375
16077,0,CF1,L5,0.7,zero_fill,5,0,0.16320164501667023,0,False,0.25383542538354253,0.2580195258019526,0.72265625
15336,0,CF1,L5,0.7,zero_fill,5,3,0.26160749793052673,0,False,0.24407252440725244,0.24267782426778242,0.6796875
20933,0,CF1,L5,0.7,zero_fill,0,3,0.22353340685367584,0,False,0.2775453277545328,0.2580195258019526,0.72265625
10580,0,CF1,L5,0.7,zero_fill,8,0,0.14358723163604736,0,False,0.2705718270571827,0.24686192468619247,0.69140625
25902,0,CF1,L5,0.7,zero_fill,6,3,0.23191046714782715,0,False,0.2217573221757322,0.25383542538354253,0.7109375
4666,0,CF1,L5,0.7,zero_fill,8,6,0.17513222992420197,0,False,0.24407252440725244,0.2398884239888424,0.671875
14541,0,CF1,L5,0.7,zero_fill,4,3,0.1567886471748352,0,False,0.2524407252440725,0.24686192468619247,0.69140625
7374,0,CF1,L5,0.7,zero_fill,5,5,0.16381043195724487,1,False,0.23709902370990238,0.2594142259414226,0.7265625
4697,0,CF1,L5,0.7,zero_fill,5,3,0.230371356010437,0,False,0.2496513249651325,0.25662482566248257,0.71875
6317,0,CF1,L5,0.7,zero_fill,5,6,0.16105058789253235,0,False,0.2524407252440725,0.2482566248256625,0.6953125
16623,0,CF1,L5,0.7,zero_fill,6,5,0.15140767395496368,0,False,0.28172942817294283,0.24546722454672246,0.6875
16511,0,CF1,L5,0.7,zero_fill,6,0,0.14619581401348114,0,False,0.24407252440725244,0.27475592747559274,0.76953125
16162,0,CF1,L5,0.7,zero_fill,3,0,0.14744599163532257,0,False,0.2412831241283124,0.2649930264993027,0.7421875
5989,0,CF1,L5,0.7,zero_fill,1,5,0.21061517298221588,0,False,0.26778242677824265,0.24546722454672246,0.6875
18753,0,CF1,L5,0.7,zero_fill,5,3,0.19903354346752167,0,False,0.2608089260808926,0.24407252440725244,0.68359375
20853,0,CF1,L5,0.7,zero_fill,4,0,0.24654477834701538,0,False,0.2608089260808926,0.2524407252440725,0.70703125
16556,0,CF1,L5,0.7,zero_fill,0,0,0.20510487258434296,1,False,0.2859135285913529,0.2580195258019526,0.72265625
7019,0,CF1,L5,0.7,zero_fill,9,3,0.429324746131897,0,False,0.2608089260808926,0.24267782426778242,0.6796875
3090,0,CF1,L5,0.7,zero_fill,6,0,0.17435820400714874,0,False,0.2594142259414226,0.25383542538354253,0.7109375
14680,0,CF1,L5,0.7,zero_fill,3,2,0.1467098444700241,0,False,0.2719665271966527,0.26220362622036264,0.734375
869,0,CF1,L5,0.7,zero_fill,3,0,0.14165568351745605,0,False,0.24407252440725244,0.25383542538354253,0.7109375
7595,0,CF1,L5,0.7,zero_fill,6,0,0.1723145991563797,0,False,0.25383542538354253,0.24546722454672246,0.6875
14417,0,CF1,L5,0.7,zero_fill,1,1,0.19897915422916412,1,False,0.23709902370990238,0.25662482566248257,0.71875
13624,0,CF1,L5,0.7,zero_fill,9,0,0.20128558576107025,0,False,0.24686192468619247,0.24686192468619247,0.69140625
21083,0,CF1,L5,0.7,zero_fill,0,3,0.17286518216133118,0,False,0.2733612273361227,0.22873082287308227,0.640625
7556,0,CF1,L5,0.7,zero_fill,1,5,0.321697860956192,0,False,0.2384937238493724,0.24267782426778242,0.6796875
9289,0,CF1,L5,0.7,zero_fill,8,5,0.16115215420722961,0,False,0.26220362622036264,0.2524407252440725,0.70703125
19944,0,CF1,L5,0.7,zero_fill,3,0,0.18228872120380402,0,False,0.2733612273361227,0.24407252440725244,0.68359375
6057,0,CF1,L5,0.7,zero_fill,1,8,0.16069750487804413,0,False,0.2510460251046025,0.24546722454672246,0.6875
23029,0,CF1,L5,0.7,zero_fill,8,0,0.14196130633354187,0,False,0.24546722454672246,0.25523012552301255,0.71484375
23668,0,CF1,L5,0.7,zero_fill,5,2,0.15766778588294983,0,False,0.25662482566248257,0.25662482566248257,0.71875
13115,0,CF1,L5,0.7,zero_fill,8,2,0.18335959315299988,0,False,0.2594142259414226,0.24686192468619247,0.69140625
20635,0,CF1,L5,0.7,zero_fill,3,5,0.1865389347076416,0,False,0.2789400278940028,0.2203626220362622,0.6171875
4281,0,CF1,L5,0.7,zero_fill,4,0,0.2444951981306076,0,False,0.26359832635983266,0.2496513249651325,0.69921875
4139,0,CF1,L5,0.7,zero_fill,9,9,0.1501077562570572,1,False,0.2482566248256625,0.25523012552301255,0.71484375
10652,0,CF1,L5,0.7,zero_fill,1,3,0.291725218296051,0,False,0.2412831241283124,0.24686192468619247,0.69140625
700,0,CF1,L5,0.7,zero_fill,1,3,0.2248416393995285,0,False,0.2900976290097629,0.2482566248256625,0.6953125
5772,0,CF1,L5,0.7,zero_fill,3,6,0.14254797995090485,0,False,0.2384937238493724,0.2524407252440725,0.70703125
8114,0,CF1,L5,0.7,zero_fill,9,3,0.5118682980537415,0,False,0.2705718270571827,0.2482566248256625,0.6953125
5964,0,CF1,L5,0.7,zero_fill,6,1,0.13628944754600525,0,False,0.23570432357043236,0.2496513249651325,0.69921875
17278,0,CF1,L5,0.7,zero_fill,7,5,0.18604633212089539,0,False,0.23291492329149233,0.2580195258019526,0.72265625
9961,0,CF1,L5,0.7,zero_fill,0,3,0.16075469553470612,0,False,0.28172942817294283,0.24407252440725244,0.68359375
25974,0,CF1,L5,0.7,zero_fill,7,5,0.14002153277397156,0,False,0.26638772663877264,0.24686192468619247,0.69140625
14317,0,CF1,L5,0.7,zero_fill,3,5,0.225759819149971,0,False,0.2649930264993027,0.2398884239888424,0.671875
6485,0,CF1,L5,0.7,zero_fill,0,5,0.2060195654630661,0,False,0.2496513249651325,0.2398884239888424,0.671875
18287,0,CF1,L5,0.7,zero_fill,0,0,0.18389418721199036,1,False,0.2691771269177127,0.2580195258019526,0.72265625
11840,0,CF1,L5,0.7,zero_fill,4,3,0.17048203945159912,0,False,0.24267782426778242,0.2315202231520223,0.6484375
864,0,CF1,L5,0.7,zero_fill,0,6,0.1960713267326355,0,False,0.24546722454672246,0.23430962343096234,0.65625
20612,0,CF1,L5,0.7,zero_fill,1,3,0.14949217438697815,0,False,0.2510460251046025,0.25662482566248257,0.71875
21079,0,CF1,L5,0.7,zero_fill,1,6,0.1774478554725647,0,False,0.24407252440725244,0.23570432357043236,0.66015625
11286,0,CF1,L5,0.7,zero_fill,5,5,0.2985483407974243,1,False,0.2859135285913529,0.2580195258019526,0.72265625
788,0,CF1,L5,0.7,zero_fill,0,0,0.1908552348613739,1,False,0.2510460251046025,0.24686192468619247,0.69140625
15932,0,CF1,L5,0.7,zero_fill,3,3,0.3252914547920227,1,False,0.23709902370990238,0.24686192468619247,0.69140625
18511,0,CF1,L5,0.7,zero_fill,3,3,0.23924152553081512,1,False,0.2594142259414226,0.25662482566248257,0.71875
21576,0,CF1,L5,0.7,zero_fill,5,0,0.2295074611902237,0,False,0.23430962343096234,0.24267782426778242,0.6796875
17237,0,CF1,L5,0.7,zero_fill,2,5,0.17779839038848877,0,False,0.2482566248256625,0.24686192468619247,0.69140625
2966,0,CF1,L5,0.7,zero_fill,2,6,0.18302980065345764,0,False,0.24407252440725244,0.2510460251046025,0.703125
16416,0,CF1,L5,0.7,zero_fill,5,3,0.17896053194999695,0,False,0.2594142259414226,0.25383542538354253,0.7109375
1280,0,CF1,L5,0.7,zero_fill,5,0,0.1566748321056366,0,False,0.24407252440725244,0.2510460251046025,0.703125
24928,0,CF1,L5,0.7,zero_fill,0,0,0.18080520629882812,1,False,0.26220362622036264,0.24686192468619247,0.69140625
23837,0,CF1,L5,0.7,zero_fill,1,4,0.2086041271686554,0,False,0.25383542538354253,0.24407252440725244,0.68359375
20230,0,CF1,L5,0.7,zero_fill,1,3,0.20992891490459442,0,False,0.25523012552301255,0.2496513249651325,0.69921875
23434,0,CF1,L5,0.7,zero_fill,5,5,0.15514114499092102,1,False,0.2496513249651325,0.2482566248256625,0.6953125
20522,0,CF1,L5,0.7,zero_fill,6,5,0.17797216773033142,0,False,0.2482566248256625,0.24267782426778242,0.6796875
7789,0,CF1,L5,0.7,zero_fill,3,1,0.27231472730636597,0,False,0.2524407252440725,0.2412831241283124,0.67578125
22086,0,CF1,L5,0.7,zero_fill,6,0,0.18449126183986664,0,False,0.2580195258019526,0.2398884239888424,0.671875
21339,0,CF1,L5,0.7,zero_fill,0,2,0.1699754148721695,0,False,0.25662482566248257,0.25383542538354253,0.7109375
6830,0,CF1,L5,0.7,zero_fill,9,0,0.2027624100446701,0,False,0.2691771269177127,0.2580195258019526,0.72265625
20902,0,CF1,L5,0.7,zero_fill,2,5,0.24145379662513733,0,False,0.2649930264993027,0.25523012552301255,0.71484375
17481,0,CF1,L5,0.7,zero_fill,5,3,0.2242337018251419,0,False,0.25523012552301255,0.2398884239888424,0.671875
3050,0,CF1,L5,0.7,zero_fill,6,5,0.18585608899593353,0,False,0.23291492329149233,0.2398884239888424,0.671875
409,0,CF1,L5,0.7,zero_fill,1,5,0.16111980378627777,0,False,0.2412831241283124,0.25662482566248257,0.71875
14823,0,CF1,L5,0.7,zero_fill,7,6,0.14715681970119476,0,False,0.23709902370990238,0.2496513249651325,0.69921875
22892,0,CF1,L5,0.7,zero_fill,9,5,0.21452173590660095,0,False,0.2580195258019526,0.2733612273361227,0.765625
9470,0,CF1,L5,0.7,zero_fill,8,3,0.15678651630878448,0,False,0.2301255230125523,0.2524407252440725,0.70703125
9543,0,CF1,L5,0.7,zero_fill,6,3,0.22530938684940338,0,False,0.2649930264993027,0.25523012552301255,0.71484375
22090,0,CF1,L5,0.7,zero_fill,5,5,0.1599373072385788,1,False,0.2482566248256625,0.24407252440725244,0.68359375
6045,0,CF1,L5,0.7,zero_fill,6,0,0.2300303727388382,0,False,0.25662482566248257,0.24267782426778242,0.6796875
317,0,CF1,L5,0.7,zero_fill,8,5,0.1564101129770279,0,False,0.2691771269177127,0.2482566248256625,0.6953125
15812,0,CF1,L5,0.7,zero_fill,0,0,0.18571192026138306,1,False,0.2803347280334728,0.26220362622036264,0.734375
18170,0,CF1,L5,0.7,zero_fill,9,0,0.2174830585718155,0,False,0.2217573221757322,0.2580195258019526,0.72265625
14781,0,CF1,L5,0.7,zero_fill,0,5,0.15241441130638123,0,False,0.23291492329149233,0.2384937238493724,0.66796875
17886,0,CF1,L5,0.7,zero_fill,9,7,0.16640962660312653,0,False,0.24686192468619247,0.25383542538354253,0.7109375
20049,0,CF1,L5,0.7,zero_fill,3,2,0.1659303903579712,0,False,0.25383542538354253,0.25383542538354253,0.7109375
13283,0,CF1,L5,0.7,zero_fill,0,3,0.3455652892589569,0,False,0.2580195258019526,0.2524407252440725,0.70703125
25830,0,CF1,L5,0.7,zero_fill,5,3,0.17221660912036896,0,False,0.2524407252440725,0.26220362622036264,0.734375
14277,0,CF1,L5,0.7,zero_fill,9,0,0.1869797706604004,0,False,0.26220362622036264,0.23291492329149233,0.65234375
5908,0,CF1,L5,0.7,zero_fill,1,1,0.2452406883239746,1,False,0.2733612273361227,0.24267782426778242,0.6796875
9731,0,CF1,L5,0.7,zero_fill,8,3,0.16654999554157257,0,False,0.2524407252440725,0.2301255230125523,0.64453125
14180,0,CF1,L5,0.7,zero_fill,9,3,0.20365972816944122,0,False,0.2705718270571827,0.2398884239888424,0.671875
9246,0,CF1,L5,0.7,zero_fill,2,0,0.17629453539848328,0,False,0.24686192468619247,0.2496513249651325,0.69921875
1656,0,CF1,L5,0.7,zero_fill,2,3,0.3029170334339142,0,False,0.26638772663877264,0.24546722454672246,0.6875
17712,0,CF1,L5,0.7,zero_fill,1,3,0.2617206275463104,0,False,0.2482566248256625,0.2384937238493724,0.66796875
25544,0,CF1,L5,0.7,zero_fill,9,5,0.16991981863975525,0,False,0.24407252440725244,0.25383542538354253,0.7109375
1120,0,CF1,L5,0.7,zero_fill,5,0,0.2268257737159729,0,False,0.23570432357043236,0.2594142259414226,0.7265625
1298,0,CF1,L5,0.7,zero_fill,6,0,0.21806958317756653,0,False,0.2594142259414226,0.25383542538354253,0.7109375
25570,0,CF1,L5,0.7,zero_fill,2,2,0.24371598660945892,1,False,0.26220362622036264,0.2510460251046025,0.703125
5370,0,CF1,L5,0.7,zero_fill,7,0,0.15139922499656677,0,False,0.26638772663877264,0.2384937238493724,0.66796875
19075,0,CF1,L5,0.7,zero_fill,2,2,0.14548487961292267,1,False,0.2803347280334728,0.2482566248256625,0.6953125
8583,0,CF1,L5,0.7,zero_fill,0,0,0.17569924890995026,1,False,0.25523012552301255,0.2580195258019526,0.72265625
2133,0,CF1,L5,0.7,zero_fill,0,6,0.17060889303684235,0,False,0.18688981868898186,0.2482566248256625,0.6953125
1982,0,CF1,L5,0.7,zero_fill,2,0,0.20907387137413025,0,False,0.2608089260808926,0.25662482566248257,0.71875
950,0,CF1,L5,0.7,zero_fill,8,5,0.15396615862846375,0,False,0.23430962343096234,0.24546722454672246,0.6875
19563,0,CF1,L5,0.7,zero_fill,4,4,0.17865599691867828,1,False,0.2384937238493724,0.2524407252440725,0.70703125
21023,0,CF1,L5,0.7,zero_fill,6,3,0.16266147792339325,0,False,0.2482566248256625,0.2524407252440725,0.70703125
15687,0,CF1,L5,0.7,zero_fill,0,2,0.19961868226528168,0,False,0.25523012552301255,0.25523012552301255,0.71484375
6444,0,CF1,L5,0.7,zero_fill,6,0,0.1375853270292282,0,False,0.2315202231520223,0.25383542538354253,0.7109375
15735,0,CF1,L5,0.7,zero_fill,4,1,0.2060437947511673,0,False,0.2733612273361227,0.25662482566248257,0.71875
10651,0,CF1,L5,0.7,zero_fill,0,5,0.1578628271818161,0,False,0.26220362622036264,0.24686192468619247,0.69140625
13256,0,CF1,L5,0.7,zero_fill,1,0,0.17465755343437195,0,False,0.24686192468619247,0.2384937238493724,0.66796875
16855,0,CF1,L5,0.7,zero_fill,6,0,0.14491796493530273,0,False,0.2594142259414226,0.2524407252440725,0.70703125
14884,0,CF1,L5,0.7,zero_fill,9,0,0.21595008671283722,0,False,0.2315202231520223,0.2691771269177127,0.75390625
21884,0,CF1,L5,0.7,zero_fill,6,3,0.22467099130153656,0,False,0.23709902370990238,0.2398884239888424,0.671875
5078,0,CF1,L5,0.7,zero_fill,3,6,0.19898957014083862,0,False,0.2775453277545328,0.2398884239888424,0.671875
20419,0,CF1,L5,0.7,zero_fill,9,0,0.2231074422597885,0,False,0.28451882845188287,0.27475592747559274,0.76953125
20521,0,CF1,L5,0.7,zero_fill,5,0,0.13754908740520477,0,False,0.23570432357043236,0.2482566248256625,0.6953125
23257,0,CF1,L5,0.7,zero_fill,5,0,0.2018895447254181,0,False,0.2580195258019526,0.2608089260808926,0.73046875
17190,0,CF1,L5,0.7,zero_fill,2,5,0.18173836171627045,0,False,0.2510460251046025,0.2580195258019526,0.72265625
15631,0,CF1,L5,0.7,zero_fill,8,5,0.14767247438430786,0,False,0.2398884239888424,0.2496513249651325,0.69921875
504,0,CF1,L5,0.7,zero_fill,0,4,0.1322198063135147,0,False,0.24267782426778242,0.2384937238493724,0.66796875
14990,0,CF1,L5,0.7,zero_fill,3,5,0.23352035880088806,0,False,0.2775453277545328,0.2496513249651325,0.69921875
24512,0,CF1,L5,0.7,zero_fill,8,5,0.15036369860172272,0,False,0.23430962343096234,0.2496513249651325,0.69921875
23120,0,CF1,L5,0.7,zero_fill,7,9,0.15575870871543884,0,False,0.2482566248256625,0.26220362622036264,0.734375
3357,0,CF1,L5,0.7,zero_fill,2,3,0.13322758674621582,0,False,0.2719665271966527,0.2496513249651325,0.69921875
8088,0,CF1,L5,0.7,zero_fill,1,3,0.23024716973304749,0,False,0.24546722454672246,0.23570432357043236,0.66015625
21849,0,CF1,L5,0.7,zero_fill,9,3,0.3042599558830261,0,False,0.2649930264993027,0.24546722454672246,0.6875
13683,0,CF1,L5,0.7,zero_fill,0,5,0.14426760375499725,0,False,0.25523012552301255,0.2384937238493724,0.66796875
22718,0,CF1,L5,0.7,zero_fill,9,0,0.1621648520231247,0,False,0.2510460251046025,0.2384937238493724,0.66796875
9927,0,CF1,L5,0.7,zero_fill,4,6,0.26605498790740967,0,False,0.2496513249651325,0.24686192468619247,0.69140625
11425,0,CF1,L5,0.7,zero_fill,0,5,0.14129950106143951,0,False,0.23570432357043236,0.2524407252440725,0.70703125
14578,0,CF1,L5,0.7,zero_fill,0,6,0.17283634841442108,0,False,0.2928870292887029,0.23709902370990238,0.6640625
25481,0,CF1,L5,0.7,zero_fill,8,3,0.2108377069234848,0,False,0.2608089260808926,0.25662482566248257,0.71875
11269,0,CF1,L5,0.7,zero_fill,5,2,0.25213611125946045,0,False,0.2482566248256625,0.23709902370990238,0.6640625
12877,0,CF1,L5,0.7,zero_fill,5,5,0.1794968694448471,1,False,0.2594142259414226,0.2496513249651325,0.69921875
22531,0,CF1,L5,0.7,zero_fill,9,1,0.2119373232126236,0,False,0.2398884239888424,0.25523012552301255,0.71484375
13150,0,CF1,L5,0.7,zero_fill,3,0,0.192854106426239,0,False,0.2580195258019526,0.25383542538354253,0.7109375
5654,0,CF1,L5,0.7,zero_fill,8,3,0.2646717429161072,0,False,0.24686192468619247,0.26778242677824265,0.75
1286,0,CF1,L5,0.7,zero_fill,7,3,0.21743576228618622,0,False,0.23570432357043236,0.24686192468619247,0.69140625
1652,0,CF1,L5,0.7,zero_fill,1,0,0.17109204828739166,0,False,0.23709902370990238,0.2510460251046025,0.703125
22335,0,CF1,L5,0.7,zero_fill,2,3,0.24022452533245087,0,False,0.2705718270571827,0.2496513249651325,0.69921875
23848,0,CF1,L5,0.7,zero_fill,3,5,0.148659810423851,0,False,0.24546722454672246,0.2580195258019526,0.72265625
2892,0,CF1,L5,0.7,zero_fill,6,5,0.16296465694904327,0,False,0.25662482566248257,0.2482566248256625,0.6953125
16530,0,CF1,L5,0.7,zero_fill,8,3,0.16461917757987976,0,False,0.2691771269177127,0.2580195258019526,0.72265625
12848,0,CF1,L5,0.7,zero_fill,8,2,0.18380893766880035,0,False,0.28451882845188287,0.24267782426778242,0.6796875
7330,0,CF1,L5,0.7,zero_fill,7,5,0.22258199751377106,0,False,0.24267782426778242,0.2580195258019526,0.72265625
3676,0,CF1,L5,0.7,zero_fill,1,3,0.24062159657478333,0,False,0.25523012552301255,0.23430962343096234,0.65625
19966,0,CF1,L5,0.7,zero_fill,8,1,0.19922029972076416,0,False,0.21896792189679218,0.24686192468619247,0.69140625
8382,0,CF1,L5,0.7,zero_fill,5,3,0.18278345465660095,0,False,0.24686192468619247,0.25523012552301255,0.71484375
19660,0,CF1,L5,0.7,zero_fill,7,0,0.1786569356918335,0,False,0.25383542538354253,0.2524407252440725,0.70703125
2508,0,CF1,L5,0.7,zero_fill,9,5,0.1602819263935089,0,False,0.27475592747559274,0.2580195258019526,0.72265625
2360,0,CF1,L5,0.7,zero_fill,4,3,0.15376926958560944,0,False,0.2914923291492329,0.2524407252440725,0.70703125
16796,0,CF1,L5,0.7,zero_fill,1,6,0.20152081549167633,0,False,0.29707112970711297,0.2482566248256625,0.6953125
23426,0,CF1,L5,0.7,zero_fill,9,5,0.12729361653327942,0,False,0.25523012552301255,0.25383542538354253,0.7109375
15590,0,CF1,L5,0.7,zero_fill,2,0,0.1395200788974762,0,False,0.2482566248256625,0.2482566248256625,0.6953125
6302,0,CF1,L5,0.7,zero_fill,3,1,0.14955049753189087,0,False,0.24267782426778242,0.24686192468619247,0.69140625
24519,0,CF1,L5,0.7,zero_fill,7,0,0.18064533174037933,0,False,0.26778242677824265,0.22873082287308227,0.640625
23276,0,CF1,L5,0.7,zero_fill,2,0,0.2107054591178894,0,False,0.23291492329149233,0.2608089260808926,0.73046875
24566,0,CF1,L5,0.7,zero_fill,8,3,0.22978271543979645,0,False,0.2510460251046025,0.24267782426778242,0.6796875
20978,0,CF1,L5,0.7,zero_fill,1,3,0.20207861065864563,0,False,0.2580195258019526,0.2608089260808926,0.73046875
8990,0,CF1,L5,0.7,zero_fill,3,1,0.14597778022289276,0,False,0.27475592747559274,0.2496513249651325,0.69921875
11061,0,CF1,L5,0.7,zero_fill,7,3,0.18048395216464996,0,False,0.2789400278940028,0.25662482566248257,0.71875
7075,0,CF1,L5,0.7,zero_fill,9,4,0.1674143224954605,0,False,0.2482566248256625,0.24686192468619247,0.69140625
17641,0,CF1,L5,0.7,zero_fill,2,3,0.1405969262123108,0,False,0.2524407252440725,0.25383542538354253,0.7109375
12077,0,CF1,L5,0.7,zero_fill,9,4,0.13672496378421783,0,False,0.24546722454672246,0.2608089260808926,0.73046875
1779,0,CF1,L5,0.7,zero_fill,7,3,0.16001921892166138,0,False,0.2398884239888424,0.2580195258019526,0.72265625
11519,0,CF1,L5,0.7,zero_fill,4,5,0.14401620626449585,0,False,0.26778242677824265,0.2412831241283124,0.67578125
8549,0,CF1,L5,0.7,zero_fill,3,0,0.20060887932777405,0,False,0.23570432357043236,0.2510460251046025,0.703125
14623,0,CF1,L5,0.7,zero_fill,6,0,0.15949495136737823,0,False,0.2649930264993027,0.24546722454672246,0.6875
10846,0,CF1,L5,0.7,zero_fill,3,3,0.21513421833515167,1,False,0.2580195258019526,0.2580195258019526,0.72265625
16289,0,CF1,L5,0.7,zero_fill,3,3,0.553598165512085,1,False,0.25383542538354253,0.2482566248256625,0.6953125
12311,0,CF1,L5,0.7,zero_fill,8,0,0.13913869857788086,0,False,0.25523012552301255,0.24407252440725244,0.68359375
6068,0,CF1,L5,0.7,zero_fill,8,3,0.18072032928466797,0,False,0.24546722454672246,0.26359832635983266,0.73828125
9629,0,CF1,L5,0.7,zero_fill,6,4,0.21485862135887146,0,False,0.27615062761506276,0.2412831241283124,0.67578125
19560,0,CF1,L5,0.7,zero_fill,3,0,0.1645413339138031,0,False,0.23709902370990238,0.24267782426778242,0.6796875
10379,0,CF1,L5,0.7,zero_fill,8,0,0.16724014282226562,0,False,0.2524407252440725,0.24546722454672246,0.6875
6499,0,CF1,L5,0.7,zero_fill,9,2,0.1600344330072403,0,False,0.24267782426778242,0.24546722454672246,0.6875
1159,0,CF1,L5,0.7,zero_fill,0,2,0.2233952134847641,0,False,0.24267782426778242,0.2398884239888424,0.671875
4366,0,CF1,L5,0.7,zero_fill,7,3,0.16667604446411133,0,False,0.2608089260808926,0.25383542538354253,0.7109375
8397,0,CF1,L5,0.7,zero_fill,1,3,0.18086709082126617,0,False,0.26778242677824265,0.24546722454672246,0.6875
20905,0,CF1,L5,0.7,zero_fill,9,9,0.15629655122756958,1,False,0.2412831241283124,0.2412831241283124,0.67578125
15746,0,CF1,L5,0.7,zero_fill,5,2,0.13515813648700714,0,False,0.26359832635983266,0.2524407252440725,0.70703125
9402,0,CF1,L5,0.7,zero_fill,3,0,0.20969492197036743,0,False,0.2398884239888424,0.26778242677824265,0.75
8164,0,CF1,L5,0.7,zero_fill,2,0,0.15939076244831085,0,False,0.26220362622036264,0.2510460251046025,0.703125
510,0,CF1,L5,0.7,zero_fill,5,6,0.1583435982465744,0,False,0.2691771269177127,0.2496513249651325,0.69921875
24070,0,CF1,L5,0.7,zero_fill,9,2,0.18784062564373016,0,False,0.2594142259414226,0.2594142259414226,0.7265625
2401,0,CF1,L5,0.7,zero_fill,4,5,0.1233711689710617,0,False,0.24267782426778242,0.26220362622036264,0.734375
12147,0,CF1,L5,0.7,zero_fill,3,5,0.17991922795772552,0,False,0.22733612273361228,0.2649930264993027,0.7421875
14499,0,CF1,L5,0.7,zero_fill,6,6,0.2047383338212967,1,False,0.23709902370990238,0.23709902370990238,0.6640625
3530,0,CF1,L5,0.7,zero_fill,6,9,0.18820814788341522,0,False,0.2384937238493724,0.2482566248256625,0.6953125
14723,0,CF1,L5,0.7,zero_fill,7,0,0.1671825498342514,0,False,0.24546722454672246,0.22873082287308227,0.640625
4435,0,CF1,L5,0.7,zero_fill,3,9,0.14115358889102936,0,False,0.24686192468619247,0.2524407252440725,0.70703125
22852,0,CF1,L5,0.7,zero_fill,2,0,0.13356485962867737,0,False,0.23709902370990238,0.24546722454672246,0.6875
8461,0,CF1,L5,0.7,zero_fill,3,2,0.16959959268569946,0,False,0.2315202231520223,0.24407252440725244,0.68359375
21972,0,CF1,L5,0.7,zero_fill,7,3,0.21014714241027832,0,False,0.2608089260808926,0.2496513249651325,0.69921875
5410,0,CF1,L5,0.7,zero_fill,4,0,0.17878110706806183,0,False,0.2608089260808926,0.24407252440725244,0.68359375
17754,0,CF1,L5,0.7,zero_fill,6,9,0.13978032767772675,0,False,0.26638772663877264,0.25523012552301255,0.71484375
15311,0,CF1,L5,0.7,zero_fill,2,3,0.35709813237190247,0,False,0.27475592747559274,0.2719665271966527,0.76171875
15185,0,CF1,L5,0.7,zero_fill,1,0,0.13346517086029053,0,False,0.2594142259414226,0.24546722454672246,0.6875
5663,0,CF1,L5,0.7,zero_fill,4,0,0.16728849709033966,0,False,0.2803347280334728,0.25523012552301255,0.71484375
6247,0,CF1,L5,0.7,zero_fill,6,6,0.2597968280315399,1,False,0.24267782426778242,0.25523012552301255,0.71484375
15287,0,CF1,L5,0.7,zero_fill,0,1,0.2544252574443817,0,False,0.26359832635983266,0.24686192468619247,0.69140625
19902,0,CF1,L5,0.7,zero_fill,0,3,0.1621517688035965,0,False,0.25662482566248257,0.25662482566248257,0.71875
25188,0,CF1,L5,0.7,zero_fill,4,3,0.18546195328235626,0,False,0.25523012552301255,0.2594142259414226,0.7265625
11195,0,CF1,L5,0.7,zero_fill,8,0,0.18121466040611267,0,False,0.23291492329149233,0.26220362622036264,0.734375
4828,0,CF1,L5,0.7,zero_fill,7,5,0.17198608815670013,0,False,0.27615062761506276,0.2580195258019526,0.72265625
23751,0,CF1,L5,0.7,zero_fill,5,5,0.2531462013721466,1,False,0.2649930264993027,0.2412831241283124,0.67578125
9464,0,CF1,L5,0.7,zero_fill,3,1,0.16635854542255402,0,False,0.25383542538354253,0.24686192468619247,0.69140625
25723,0,CF1,L5,0.7,zero_fill,0,1,0.14401480555534363,0,False,0.23430962343096234,0.26359832635983266,0.73828125
16859,0,CF1,L5,0.7,zero_fill,5,3,0.23762421309947968,0,False,0.2580195258019526,0.2482566248256625,0.6953125
3601,0,CF1,L5,0.7,zero_fill,1,3,0.19435718655586243,0,False,0.2691771269177127,0.2594142259414226,0.7265625
11679,0,CF1,L5,0.7,zero_fill,6,1,0.19287219643592834,0,False,0.2482566248256625,0.24686192468619247,0.69140625
12135,0,CF1,L5,0.7,zero_fill,7,3,0.17849086225032806,0,False,0.2608089260808926,0.2384937238493724,0.66796875
16329,0,CF1,L5,0.7,zero_fill,1,0,0.16069579124450684,0,False,0.2510460251046025,0.2315202231520223,0.6484375
94,0,CF1,L5,0.7,zero_fill,4,3,0.2372070699930191,0,False,0.25662482566248257,0.23430962343096234,0.65625
14517,0,CF1,L5,0.7,zero_fill,9,3,0.16360437870025635,0,False,0.26778242677824265,0.2580195258019526,0.72265625
16852,0,CF1,L5,0.7,zero_fill,3,1,0.16669011116027832,0,False,0.2217573221757322,0.26220362622036264,0.734375
6852,0,CF1,L5,0.7,zero_fill,6,0,0.22950279712677002,0,False,0.2775453277545328,0.2524407252440725,0.70703125
24858,0,CF1,L5,0.7,zero_fill,3,3,0.284889280796051,1,False,0.2691771269177127,0.2594142259414226,0.7265625
297,0,CF1,L5,0.7,zero_fill,9,3,0.2046021670103073,0,False,0.27615062761506276,0.2384937238493724,0.66796875
12339,0,CF1,L5,0.7,zero_fill,2,0,0.1922369748353958,0,False,0.2691771269177127,0.2510460251046025,0.703125
20811,0,CF1,L5,0.7,zero_fill,8,0,0.17134271562099457,0,False,0.2315202231520223,0.26359832635983266,0.73828125
12439,0,CF1,L5,0.7,zero_fill,5,2,0.19320234656333923,0,False,0.2496513249651325,0.25383542538354253,0.7109375
16632,0,CF1,L5,0.7,zero_fill,9,5,0.216090589761734,0,False,0.2705718270571827,0.2482566248256625,0.6953125
5798,0,CF1,L5,0.7,zero_fill,4,0,0.14967405796051025,0,False,0.2524407252440725,0.24686192468619247,0.69140625
18458,0,CF1,L5,0.7,zero_fill,3,3,0.3635024428367615,1,False,0.2775453277545328,0.2496513249651325,0.69921875
6105,0,CF1,L5,0.7,zero_fill,5,0,0.17087626457214355,0,False,0.26778242677824265,0.2580195258019526,0.72265625
10321,0,CF1,L5,0.7,zero_fill,6,3,0.21587635576725006,0,False,0.26638772663877264,0.24686192468619247,0.69140625
21771,0,CF1,L5,0.7,zero_fill,7,3,0.19082148373126984,0,False,0.2482566248256625,0.2496513249651325,0.69921875
22194,0,CF1,L5,0.7,zero_fill,0,3,0.16255909204483032,0,False,0.2691771269177127,0.25383542538354253,0.7109375
6,0,CF1,L5,0.7,zero_fill,9,3,0.16465872526168823,0,False,0.23570432357043236,0.24686192468619247,0.69140625
912,0,CF1,L5,0.7,zero_fill,7,3,0.17592576146125793,0,False,0.2705718270571827,0.2496513249651325,0.69921875
16910,0,CF1,L5,0.7,zero_fill,5,3,0.3155040442943573,0,False,0.26638772663877264,0.2608089260808926,0.73046875
18738,0,CF1,L5,0.7,zero_fill,7,5,0.15522655844688416,0,False,0.2175732217573222,0.25383542538354253,0.7109375
18020,0,CF1,L5,0.7,zero_fill,9,0,0.13425153493881226,0,False,0.22873082287308227,0.2510460251046025,0.703125
3462,0,CF1,L5,0.7,zero_fill,8,6,0.18794070184230804,0,False,0.26220362622036264,0.25523012552301255,0.71484375
5696,0,CF1,L5,0.7,zero_fill,1,0,0.18064481019973755,0,False,0.2719665271966527,0.2594142259414226,0.7265625
15066,0,CF1,L5,0.7,zero_fill,3,8,0.15701887011528015,0,False,0.27475592747559274,0.24267782426778242,0.6796875
10653,0,CF1,L5,0.7,zero_fill,9,6,0.16066087782382965,0,False,0.2719665271966527,0.26220362622036264,0.734375
13337,0,CF1,L5,0.7,zero_fill,2,3,0.14105385541915894,0,False,0.2580195258019526,0.2398884239888424,0.671875
12340,0,CF1,L5,0.7,zero_fill,5,0,0.15366509556770325,0,False,0.21199442119944212,0.25383542538354253,0.7109375
9536,0,CF1,L5,0.7,zero_fill,0,3,0.1904737651348114,0,False,0.2775453277545328,0.23430962343096234,0.65625
3566,0,CF1,L5,0.7,zero_fill,4,3,0.40253278613090515,0,False,0.2384937238493724,0.2524407252440725,0.70703125
20090,0,CF1,L5,0.7,zero_fill,4,3,0.16435673832893372,0,False,0.24686192468619247,0.2580195258019526,0.72265625
211,0,CF1,L5,0.7,zero_fill,0,9,0.14931941032409668,0,False,0.2496513249651325,0.24686192468619247,0.69140625
55,0,CF1,L5,0.7,zero_fill,8,0,0.20249822735786438,0,False,0.2412831241283124,0.24407252440725244,0.68359375
1477,0,CF1,L5,0.7,zero_fill,2,3,0.18004488945007324,0,False,0.2719665271966527,0.24686192468619247,0.69140625
25898,0,CF1,L5,0.7,zero_fill,0,0,0.15270189940929413,1,False,0.2580195258019526,0.2580195258019526,0.72265625
25713,0,CF1,L5,0.7,zero_fill,0,6,0.16790668666362762,0,False,0.2301255230125523,0.24686192468619247,0.69140625
18055,0,CF1,L5,0.7,zero_fill,3,9,0.1810295730829239,0,False,0.24267782426778242,0.2496513249651325,0.69921875
17461,0,CF1,L5,0.7,zero_fill,3,0,0.1948389708995819,0,False,0.23709902370990238,0.26359832635983266,0.73828125
14237,0,CF1,L5,0.7,zero_fill,7,3,0.20073866844177246,0,False,0.24267782426778242,0.2594142259414226,0.7265625
13858,0,CF1,L5,0.7,zero_fill,1,0,0.2620578706264496,0,False,0.2649930264993027,0.23430962343096234,0.65625
12386,0,CF1,L5,0.7,zero_fill,5,1,0.2011299431324005,0,False,0.22594142259414227,0.26220362622036264,0.734375
7223,0,CF1,L5,0.7,zero_fill,9,3,0.31847020983695984,0,False,0.26220362622036264,0.26778242677824265,0.75
3153,0,CF1,L5,0.7,zero_fill,5,0,0.18524710834026337,0,False,0.22873082287308227,0.2510460251046025,0.703125
23265,0,CF1,L5,0.7,zero_fill,8,0,0.2225474715232849,0,False,0.25383542538354253,0.2496513249651325,0.69921875
9465,0,CF1,L5,0.7,zero_fill,0,3,0.19669567048549652,0,False,0.2510460251046025,0.24686192468619247,0.69140625
7419,0,CF1,L5,0.7,zero_fill,0,0,0.13529060781002045,1,False,0.25383542538354253,0.26778242677824265,0.75
4722,0,CF1,L5,0.7,zero_fill,6,2,0.1672670841217041,0,False,0.2301255230125523,0.25662482566248257,0.71875
23448,0,CF1,L5,0.7,zero_fill,6,0,0.22012640535831451,0,False,0.25662482566248257,0.2580195258019526,0.72265625
8222,0,CF1,L5,0.7,zero_fill,2,5,0.14215846359729767,0,False,0.2384937238493724,0.23709902370990238,0.6640625
20898,0,CF1,L5,0.7,zero_fill,8,3,0.13152115046977997,0,False,0.28870292887029286,0.23709902370990238,0.6640625
23313,0,CF1,L5,0.7,zero_fill,2,0,0.22506827116012573,0,False,0.2719665271966527,0.2580195258019526,0.72265625
13426,0,CF1,L5,0.7,zero_fill,2,5,0.20432724058628082,0,False,0.24686192468619247,0.2691771269177127,0.75390625
25136,0,CF1,L5,0.7,zero_fill,4,0,0.1823914796113968,0,False,0.28870292887029286,0.22733612273361228,0.63671875
9268,0,CF1,L5,0.7,zero_fill,4,1,0.17442667484283447,0,False,0.26638772663877264,0.23430962343096234,0.65625
3892,0,CF1,L5,0.7,zero_fill,1,1,0.15891531109809875,1,False,0.2482566248256625,0.24407252440725244,0.68359375
4115,0,CF1,L5,0.7,zero_fill,3,1,0.15599901974201202,0,False,0.2384937238493724,0.25523012552301255,0.71484375
5166,0,CF1,L5,0.7,zero_fill,7,9,0.15299084782600403,0,False,0.28172942817294283,0.2594142259414226,0.7265625
14984,0,CF1,L5,0.7,zero_fill,3,0,0.16750361025333405,0,False,0.2594142259414226,0.2510460251046025,0.703125
10520,0,CF1,L5,0.7,zero_fill,1,3,0.5643643140792847,0,False,0.2496513249651325,0.2594142259414226,0.7265625
4379,0,CF1,L5,0.7,zero_fill,2,1,0.2239086627960205,0,False,0.2691771269177127,0.2524407252440725,0.70703125
8937,0,CF1,L5,0.7,zero_fill,1,0,0.1963661164045334,0,False,0.25662482566248257,0.2384937238493724,0.66796875
17550,0,CF1,L5,0.7,zero_fill,9,5,0.17385287582874298,0,False,0.2705718270571827,0.24686192468619247,0.69140625
19085,0,CF1,L5,0.7,zero_fill,9,9,0.14334528148174286,1,False,0.2608089260808926,0.25383542538354253,0.7109375
17902,0,CF1,L5,0.7,zero_fill,6,1,0.19179926812648773,0,False,0.26359832635983266,0.2482566248256625,0.6953125
14780,0,CF1,L5,0.7,zero_fill,8,0,0.1305176466703415,0,False,0.2580195258019526,0.2608089260808926,0.73046875
8401,0,CF1,L5,0.7,zero_fill,0,3,0.1940576583147049,0,False,0.2649930264993027,0.2608089260808926,0.73046875
11230,0,CF1,L5,0.7,zero_fill,2,2,0.1843768209218979,1,False,0.27475592747559274,0.2691771269177127,0.75390625
1772,0,CF1,L5,0.7,zero_fill,3,1,0.15532861649990082,0,False,0.24267782426778242,0.24407252440725244,0.68359375
13326,0,CF1,L5,0.7,zero_fill,4,0,0.14366158843040466,0,False,0.24686192468619247,0.25523012552301255,0.71484375
15230,0,CF1,L5,0.7,zero_fill,5,6,0.2182912528514862,0,False,0.2496513249651325,0.2412831241283124,0.67578125
20557,0,CF1,L5,0.7,zero_fill,0,0,0.12378483265638351,1,False,0.24407252440725244,0.23570432357043236,0.66015625
9555,0,CF1,L5,0.7,zero_fill,1,3,0.3423125147819519,0,False,0.2649930264993027,0.24686192468619247,0.69140625
3667,0,CF1,L5,0.7,zero_fill,6,0,0.1781853437423706,0,False,0.26220362622036264,0.2412831241283124,0.67578125
5316,0,CF1,L5,0.7,zero_fill,5,2,0.22528493404388428,0,False,0.2580195258019526,0.2524407252440725,0.70703125
3606,0,CF1,L5,0.7,zero_fill,5,3,0.20994983613491058,0,False,0.26359832635983266,0.2524407252440725,0.70703125
25776,0,CF1,L5,0.7,zero_fill,6,3,0.3383527994155884,0,False,0.2412831241283124,0.2594142259414226,0.7265625
22231,0,CF1,L5,0.7,zero_fill,1,5,0.13912512362003326,0,False,0.28451882845188287,0.2510460251046025,0.703125
10855,0,CF1,L5,0.7,zero_fill,7,4,0.16319099068641663,0,False,0.26638772663877264,0.2510460251046025,0.703125
130,0,CF1,L5,0.7,zero_fill,6,0,0.19420287013053894,0,False,0.2510460251046025,0.2524407252440725,0.70703125
434,0,CF1,L5,0.7,zero_fill,8,3,0.17087633907794952,0,False,0.2510460251046025,0.26638772663877264,0.74609375
5308,0,CF1,L5,0.7,zero_fill,5,5,0.16012845933437347,1,False,0.2301255230125523,0.2580195258019526,0.72265625
17682,0,CF1,L5,0.7,zero_fill,4,3,0.18904736638069153,0,False,0.2803347280334728,0.2580195258019526,0.72265625
16682,0,CF1,L5,0.7,zero_fill,8,6,0.17405465245246887,0,False,0.25662482566248257,0.24546722454672246,0.6875
12660,0,CF1,L5,0.7,zero_fill,5,6,0.1671774834394455,0,False,0.2482566248256625,0.2580195258019526,0.72265625
21362,0,CF1,L5,0.7,zero_fill,5,0,0.16610440611839294,0,False,0.2398884239888424,0.25523012552301255,0.71484375
15483,0,CF1,L5,0.7,zero_fill,4,5,0.1595645248889923,0,False,0.23570432357043236,0.2580195258019526,0.72265625
5289,0,CF1,L5,0.7,zero_fill,5,5,0.1909576803445816,1,False,0.26359832635983266,0.2482566248256625,0.6953125
19757,0,CF1,L5,0.7,zero_fill,1,3,0.18627114593982697,0,False,0.24267782426778242,0.24407252440725244,0.68359375
6799,0,CF1,L5,0.7,zero_fill,2,7,0.14182716608047485,0,False,0.2482566248256625,0.24546722454672246,0.6875
18871,0,CF1,L5,0.7,zero_fill,2,3,0.168141171336174,0,False,0.2496513249651325,0.24546722454672246,0.6875
4740,0,CF1,L5,0.7,zero_fill,3,2,0.15835799276828766,0,False,0.24686192468619247,0.25523012552301255,0.71484375
14926,0,CF1,L5,0.7,zero_fill,5,3,0.13749843835830688,0,False,0.2524407252440725,0.2384937238493724,0.66796875
3549,0,CF1,L5,0.7,zero_fill,4,7,0.13553909957408905,0,False,0.2482566248256625,0.2384937238493724,0.66796875
13336,0,CF1,L5,0.7,zero_fill,9,3,0.14073364436626434,0,False,0.26220362622036264,0.23709902370990238,0.6640625
8302,0,CF1,L5,0.7,zero_fill,3,0,0.18984344601631165,0,False,0.2594142259414226,0.2594142259414226,0.7265625
19884,0,CF1,L5,0.7,zero_fill,8,0,0.14874859154224396,0,False,0.24686192468619247,0.2524407252440725,0.70703125
6927,0,CF1,L5,0.7,zero_fill,1,3,0.1706758737564087,0,False,0.2719665271966527,0.25662482566248257,0.71875
15277,0,CF1,L5,0.7,zero_fill,6,7,0.21702992916107178,0,False,0.2594142259414226,0.24546722454672246,0.6875
20278,0,CF1,L5,0.7,zero_fill,3,2,0.12877291440963745,0,False,0.2482566248256625,0.2482566248256625,0.6953125
654,0,CF1,L5,0.7,zero_fill,8,0,0.14992791414260864,0,False,0.24686192468619247,0.2482566248256625,0.6953125
19020,0,CF1,L5,0.7,zero_fill,0,6,0.1326981484889984,0,False,0.2510460251046025,0.2510460251046025,0.703125
25403,0,CF1,L5,0.7,zero_fill,3,0,0.18988780677318573,0,False,0.23291492329149233,0.25383542538354253,0.7109375
1745,0,CF1,L5,0.7,zero_fill,8,3,0.24278397858142853,0,False,0.2203626220362622,0.25662482566248257,0.71875
10726,0,CF1,L5,0.7,zero_fill,4,3,0.17688605189323425,0,False,0.25523012552301255,0.25662482566248257,0.71875
23431,0,CF1,L5,0.7,zero_fill,4,3,0.18052347004413605,0,False,0.24267782426778242,0.25523012552301255,0.71484375
231,0,CF1,L5,0.7,zero_fill,5,0,0.17845314741134644,0,False,0.23291492329149233,0.2398884239888424,0.671875
20678,0,CF1,L5,0.7,zero_fill,7,2,0.2338121384382248,0,False,0.2580195258019526,0.26220362622036264,0.734375
15851,0,CF1,L5,0.7,zero_fill,1,5,0.16339074075222015,0,False,0.2580195258019526,0.2412831241283124,0.67578125
24015,0,CF1,L5,0.7,zero_fill,0,0,0.19140158593654633,1,False,0.24546722454672246,0.2412831241283124,0.67578125
1082,0,CF1,L5,0.7,zero_fill,6,3,0.15402325987815857,0,False,0.26638772663877264,0.25523012552301255,0.71484375
5573,0,CF1,L5,0.7,zero_fill,8,0,0.1915098875761032,0,False,0.2524407252440725,0.25662482566248257,0.71875
11289,0,CF1,L5,0.7,zero_fill,1,0,0.17774346470832825,0,False,0.28730822873082285,0.2384937238493724,0.66796875
1751,0,CF1,L5,0.7,zero_fill,0,2,0.1826012283563614,0,False,0.2412831241283124,0.2398884239888424,0.671875
4594,0,CF1,L5,0.7,zero_fill,6,0,0.20376534759998322,0,False,0.26359832635983266,0.2608089260808926,0.73046875
21127,0,CF1,L5,0.7,zero_fill,8,0,0.14981308579444885,0,False,0.23570432357043236,0.24546722454672246,0.6875
12370,0,CF1,L5,0.7,zero_fill,4,0,0.16053183376789093,0,False,0.25383542538354253,0.2482566248256625,0.6953125
4125,0,CF1,L5,0.7,zero_fill,6,5,0.2580600678920746,0,False,0.2384937238493724,0.2482566248256625,0.6953125
11008,0,CF1,L5,0.7,zero_fill,1,5,0.19158583879470825,0,False,0.2580195258019526,0.23291492329149233,0.65234375
23395,0,CF1,L5,0.7,zero_fill,7,2,0.1822158545255661,0,False,0.2510460251046025,0.2510460251046025,0.703125
3080,0,CF1,L5,0.7,zero_fill,3,5,0.1350432187318802,0,False,0.26778242677824265,0.26778242677824265,0.75
22400,0,CF1,L5,0.7,zero_fill,0,0,0.20703038573265076,1,False,0.2496513249651325,0.25662482566248257,0.71875
22514,0,CF1,L5,0.7,zero_fill,1,4,0.17422495782375336,0,False,0.2510460251046025,0.24546722454672246,0.6875
15137,0,CF1,L5,0.7,zero_fill,0,0,0.14269587397575378,1,False,0.28870292887029286,0.24407252440725244,0.68359375
6681,0,CF1,L5,0.7,zero_fill,0,0,0.14537212252616882,1,False,0.24407252440725244,0.2649930264993027,0.7421875
5219,0,CF1,L5,0.7,zero_fill,5,3,0.2881392240524292,0,False,0.27615062761506276,0.2398884239888424,0.671875
2355,0,CF1,L5,0.7,zero_fill,2,0,0.16693702340126038,0,False,0.27615062761506276,0.25383542538354253,0.7109375
4674,0,CF1,L5,0.7,zero_fill,5,5,0.19327448308467865,1,False,0.26359832635983266,0.2524407252440725,0.70703125
14575,0,CF1,L5,0.7,zero_fill,1,0,0.13633500039577484,0,False,0.2859135285913529,0.25662482566248257,0.71875
6563,0,CF1,L5,0.7,zero_fill,5,2,0.16822411119937897,0,False,0.23291492329149233,0.2510460251046025,0.703125
17492,0,CF1,L5,0.7,zero_fill,9,5,0.15602616965770721,0,False,0.23430962343096234,0.26359832635983266,0.73828125
15770,0,CF1,L5,0.7,zero_fill,7,5,0.1858234852552414,0,False,0.26220362622036264,0.2301255230125523,0.64453125
20830,0,CF1,L5,0.7,zero_fill,1,3,0.31218600273132324,0,False,0.2398884239888424,0.2398884239888424,0.671875
1777,0,CF1,L5,0.7,zero_fill,2,7,0.19223232567310333,0,False,0.298465829846583,0.25523012552301255,0.71484375
21617,0,CF1,L5,0.7,zero_fill,7,3,0.22513100504875183,0,False,0.2412831241283124,0.24686192468619247,0.69140625
21293,0,CF1,L5,0.7,zero_fill,4,4,0.1377452164888382,1,False,0.3110181311018131,0.24407252440725244,0.68359375
14504,0,CF1,L5,0.7,zero_fill,0,3,0.17123892903327942,0,False,0.2482566248256625,0.2608089260808926,0.73046875
21236,0,CF1,L5,0.7,zero_fill,7,0,0.16690784692764282,0,False,0.23709902370990238,0.2398884239888424,0.671875
18558,0,CF1,L5,0.7,zero_fill,4,4,0.1411830186843872,1,False,0.26220362622036264,0.25383542538354253,0.7109375
22916,0,CF1,L5,0.7,zero_fill,8,0,0.18148089945316315,0,False,0.23430962343096234,0.2691771269177127,0.75390625
18760,0,CF1,L5,0.7,zero_fill,6,0,0.27233219146728516,0,False,0.24546722454672246,0.2510460251046025,0.703125
17389,0,CF1,L5,0.7,zero_fill,8,3,0.1279725730419159,0,False,0.24267782426778242,0.2580195258019526,0.72265625
13155,0,CF1,L5,0.7,zero_fill,8,6,0.16080757975578308,0,False,0.2524407252440725,0.24267782426778242,0.6796875
13999,0,CF1,L5,0.7,zero_fill,5,3,0.15774160623550415,0,False,0.2384937238493724,0.22733612273361228,0.63671875
10265,0,CF1,L5,0.7,zero_fill,8,0,0.18881957232952118,0,False,0.2719665271966527,0.2524407252440725,0.70703125
17239,0,CF1,L5,0.7,zero_fill,2,1,0.1568034589290619,0,False,0.2580195258019526,0.2510460251046025,0.703125
6288,0,CF1,L5,0.7,zero_fill,3,3,0.1537395566701889,1,False,0.23291492329149233,0.2510460251046025,0.703125
11514,0,CF1,L5,0.7,zero_fill,6,0,0.12385304272174835,0,False,0.24686192468619247,0.2412831241283124,0.67578125
23652,0,CF1,L5,0.7,zero_fill,1,6,0.23288658261299133,0,False,0.23570432357043236,0.24407252440725244,0.68359375
11939,0,CF1,L5,0.7,zero_fill,6,1,0.15895409882068634,0,False,0.2594142259414226,0.24686192468619247,0.69140625
2174,0,CF1,L5,0.7,zero_fill,7,5,0.1968771070241928,0,False,0.26778242677824265,0.2510460251046025,0.703125
15441,0,CF1,L5,0.7,zero_fill,4,0,0.18538838624954224,0,False,0.2608089260808926,0.2608089260808926,0.73046875
12260,0,CF1,L5,0.7,zero_fill,1,3,0.20262181758880615,0,False,0.26220362622036264,0.24686192468619247,0.69140625
25046,0,CF1,L5,0.7,zero_fill,6,0,0.23126523196697235,0,False,0.24267782426778242,0.26359832635983266,0.73828125
13958,0,CF1,L5,0.7,zero_fill,9,3,0.37338361144065857,0,False,0.26220362622036264,0.2412831241283124,0.67578125
20974,0,CF1,L5,0.7,zero_fill,8,5,0.1605232208967209,0,False,0.2524407252440725,0.26359832635983266,0.73828125
10626,0,CF1,L5,0.7,zero_fill,6,5,0.18221479654312134,0,False,0.2510460251046025,0.2496513249651325,0.69921875
22545,0,CF1,L5,0.7,zero_fill,5,0,0.15272371470928192,0,False,0.24407252440725244,0.25383542538354253,0.7109375
20288,0,CF1,L5,0.7,zero_fill,5,3,0.17653974890708923,0,False,0.2705718270571827,0.2412831241283124,0.67578125
13790,0,CF1,L5,0.7,zero_fill,7,0,0.14170487225055695,0,False,0.2482566248256625,0.25523012552301255,0.71484375
2817,0,CF1,L5,0.7,zero_fill,4,0,0.15934789180755615,0,False,0.20781032078103207,0.25383542538354253,0.7109375
8344,0,CF1,L5,0.7,zero_fill,4,0,0.20014627277851105,0,False,0.22873082287308227,0.2580195258019526,0.72265625
11708,0,CF1,L5,0.7,zero_fill,1,0,0.2660401463508606,0,False,0.27615062761506276,0.24267782426778242,0.6796875
2379,0,CF1,L5,0.7,zero_fill,1,5,0.1700778603553772,0,False,0.24686192468619247,0.24686192468619247,0.69140625
23602,0,CF1,L5,0.7,zero_fill,2,2,0.15474119782447815,1,False,0.2496513249651325,0.24546722454672246,0.6875
24357,0,CF1,L5,0.7,zero_fill,8,0,0.17299015820026398,0,False,0.2384937238493724,0.24267782426778242,0.6796875
16783,0,CF1,L5,0.7,zero_fill,4,4,0.2026321142911911,1,False,0.22315202231520223,0.2412831241283124,0.67578125
11723,0,CF1,L5,0.7,zero_fill,9,3,0.3253672122955322,0,False,0.2496513249651325,0.25523012552301255,0.71484375
5140,0,CF1,L5,0.7,zero_fill,5,5,0.25437942147254944,1,False,0.2580195258019526,0.2580195258019526,0.72265625
14563,0,CF1,L5,0.7,zero_fill,1,9,0.16235800087451935,0,False,0.2594142259414226,0.24267782426778242,0.6796875
11905,0,CF1,L5,0.7,zero_fill,7,1,0.18457631766796112,0,False,0.25662482566248257,0.2510460251046025,0.703125
4657,0,CF1,L5,0.7,zero_fill,5,3,0.14697431027889252,0,False,0.23570432357043236,0.24267782426778242,0.6796875
9888,0,CF1,L5,0.7,zero_fill,7,0,0.18367740511894226,0,False,0.2775453277545328,0.24546722454672246,0.6875
22827,0,CF1,L5,0.7,zero_fill,6,0,0.17531093955039978,0,False,0.23291492329149233,0.24267782426778242,0.6796875
23911,0,CF1,L5,0.7,zero_fill,7,0,0.16277287900447845,0,False,0.2733612273361227,0.24407252440725244,0.68359375
968,0,CF1,L5,0.7,zero_fill,3,5,0.15581299364566803,0,False,0.24267782426778242,0.24546722454672246,0.6875
18416,0,CF1,L5,0.7,zero_fill,2,5,0.19335611164569855,0,False,0.2496513249651325,0.2524407252440725,0.70703125
15166,0,CF1,L5,0.7,zero_fill,7,0,0.19372576475143433,0,False,0.26778242677824265,0.2496513249651325,0.69921875
15537,0,CF1,L5,0.7,zero_fill,6,3,0.22211305797100067,0,False,0.2719665271966527,0.26220362622036264,0.734375
112,0,CF1,L5,0.7,zero_fill,6,6,0.18719066679477692,1,False,0.23570432357043236,0.2510460251046025,0.703125
9754,0,CF1,L5,0.7,zero_fill,8,0,0.2628632187843323,0,False,0.2580195258019526,0.26778242677824265,0.75
3827,0,CF1,L5,0.7,zero_fill,1,0,0.2769758999347687,0,False,0.2412831241283124,0.2315202231520223,0.6484375
16427,0,CF1,L5,0.7,zero_fill,8,0,0.16762003302574158,0,False,0.23570432357043236,0.2580195258019526,0.72265625
4853,0,CF1,L5,0.7,zero_fill,8,5,0.20805075764656067,0,False,0.2482566248256625,0.24267782426778242,0.6796875
5025,0,CF1,L5,0.7,zero_fill,8,2,0.1459343433380127,0,False,0.23430962343096234,0.2482566248256625,0.6953125
5497,0,CF1,L5,0.7,zero_fill,5,1,0.16824018955230713,0,False,0.2496513249651325,0.2398884239888424,0.671875
415,0,CF1,L5,0.7,zero_fill,5,3,0.18684451282024384,0,False,0.2705718270571827,0.2580195258019526,0.72265625
6055,0,CF1,L5,0.7,zero_fill,2,0,0.21694816648960114,0,False,0.25523012552301255,0.24686192468619247,0.69140625
4242,0,CF1,L5,0.7,zero_fill,6,3,0.14356736838817596,0,False,0.26359832635983266,0.2594142259414226,0.7265625
16007,0,CF1,L5,0.7,zero_fill,3,0,0.14167462289333344,0,False,0.24686192468619247,0.25523012552301255,0.71484375
16184,0,CF1,L5,0.7,zero_fill,6,1,0.1451997011899948,0,False,0.2482566248256625,0.24407252440725244,0.68359375
15180,0,CF1,L5,0.7,zero_fill,2,6,0.18126553297042847,0,False,0.2705718270571827,0.2608089260808926,0.73046875
16402,0,CF1,L5,0.7,zero_fill,3,0,0.2846603989601135,0,False,0.24546722454672246,0.2384937238493724,0.66796875
12883,0,CF1,L5,0.7,zero_fill,7,3,0.17460943758487701,0,False,0.24546722454672246,0.2384937238493724,0.66796875
12596,0,CF1,L5,0.7,zero_fill,2,7,0.18434427678585052,0,False,0.25523012552301255,0.2580195258019526,0.72265625
13383,0,CF1,L5,0.7,zero_fill,0,0,0.20400938391685486,1,False,0.2691771269177127,0.2524407252440725,0.70703125
17140,0,CF1,L5,0.7,zero_fill,0,6,0.1371227353811264,0,False,0.2315202231520223,0.25383542538354253,0.7109375
11249,0,CF1,L5,0.7,zero_fill,7,7,0.15974539518356323,1,False,0.24407252440725244,0.2412831241283124,0.67578125
2927,0,CF1,L5,0.7,zero_fill,3,6,0.16342474520206451,0,False,0.23709902370990238,0.25523012552301255,0.71484375
13380,0,CF1,L5,0.7,zero_fill,3,5,0.17605356872081757,0,False,0.2412831241283124,0.2510460251046025,0.703125
24593,0,CF1,L5,0.7,zero_fill,5,3,0.18572555482387543,0,False,0.2524407252440725,0.25662482566248257,0.71875
14507,0,CF1,L5,0.7,zero_fill,8,0,0.13060401380062103,0,False,0.2733612273361227,0.2398884239888424,0.671875
9355,0,CF1,L5,0.7,zero_fill,8,6,0.1772289127111435,0,False,0.2928870292887029,0.24407252440725244,0.68359375
3943,0,CF1,L5,0.7,zero_fill,3,0,0.25531429052352905,0,False,0.26638772663877264,0.2608089260808926,0.73046875
4913,0,CF1,L5,0.7,zero_fill,4,2,0.33756691217422485,0,False,0.2301255230125523,0.2594142259414226,0.7265625
23440,0,CF1,L5,0.7,zero_fill,4,3,0.14333871006965637,0,False,0.26220362622036264,0.25523012552301255,0.71484375
19289,0,CF1,L5,0.7,zero_fill,7,0,0.19946438074111938,0,False,0.2384937238493724,0.25523012552301255,0.71484375
17841,0,CF1,L5,0.7,zero_fill,6,2,0.19705069065093994,0,False,0.2203626220362622,0.2482566248256625,0.6953125
18139,0,CF1,L5,0.7,zero_fill,0,0,0.21945062279701233,1,False,0.25523012552301255,0.2580195258019526,0.72265625
18549,0,CF1,L5,0.7,zero_fill,7,5,0.23827673494815826,0,False,0.2733612273361227,0.2482566248256625,0.6953125
7215,0,CF1,L5,0.7,zero_fill,7,3,0.14664162695407867,0,False,0.24267782426778242,0.24546722454672246,0.6875
10574,0,CF1,L5,0.7,zero_fill,7,7,0.16159111261367798,1,False,0.2524407252440725,0.2412831241283124,0.67578125
10329,0,CF1,L5,0.7,zero_fill,7,7,0.21779844164848328,1,False,0.25523012552301255,0.25523012552301255,0.71484375
21502,0,CF1,L5,0.7,zero_fill,4,0,0.2439352124929428,0,False,0.23430962343096234,0.24407252440725244,0.68359375
1209,0,CF1,L5,0.7,zero_fill,8,0,0.18299202620983124,0,False,0.2482566248256625,0.23570432357043236,0.66015625
22202,0,CF1,L5,0.7,zero_fill,6,5,0.1479243040084839,0,False,0.26220362622036264,0.2649930264993027,0.7421875
12914,0,CF1,L5,0.7,zero_fill,2,9,0.15019509196281433,0,False,0.2594142259414226,0.24686192468619247,0.69140625
23477,0,CF1,L5,0.7,zero_fill,6,3,0.1513310670852661,0,False,0.2412831241283124,0.2608089260808926,0.73046875
13286,0,CF1,L5,0.7,zero_fill,5,3,0.41410553455352783,0,False,0.2594142259414226,0.2705718270571827,0.7578125
24957,0,CF1,L5,0.7,zero_fill,2,0,0.13674914836883545,0,False,0.24546722454672246,0.2496513249651325,0.69921875
23215,0,CF1,L5,0.7,zero_fill,9,0,0.1848549097776413,0,False,0.24267782426778242,0.2482566248256625,0.6953125
8171,0,CF1,L5,0.7,zero_fill,3,0,0.21499715745449066,0,False,0.24546722454672246,0.2496513249651325,0.69921875
13427,0,CF1,L5,0.7,zero_fill,4,0,0.1715584695339203,0,False,0.2608089260808926,0.25662482566248257,0.71875
1985,0,CF1,L5,0.7,zero_fill,9,0,0.22943803668022156,0,False,0.2482566248256625,0.2482566248256625,0.6953125
19607,0,CF1,L5,0.7,zero_fill,1,6,0.1697302907705307,0,False,0.24267782426778242,0.23570432357043236,0.66015625
15138,0,CF1,L5,0.7,zero_fill,4,0,0.19870440661907196,0,False,0.2510460251046025,0.2524407252440725,0.70703125
18496,0,CF1,L5,0.7,zero_fill,3,9,0.1381649225950241,0,False,0.2691771269177127,0.25523012552301255,0.71484375
11341,0,CF1,L5,0.7,zero_fill,5,0,0.14949564635753632,0,False,0.26778242677824265,0.25662482566248257,0.71875
3210,0,CF1,L5,0.7,zero_fill,6,5,0.18113334476947784,0,False,0.2649930264993027,0.2384937238493724,0.66796875
9044,0,CF1,L5,0.7,zero_fill,3,3,0.2854560315608978,1,False,0.2580195258019526,0.25523012552301255,0.71484375
1784,0,CF1,L5,0.7,zero_fill,1,3,0.13506177067756653,0,False,0.23430962343096234,0.2608089260808926,0.73046875
20687,0,CF1,L5,0.7,zero_fill,7,3,0.1733270138502121,0,False,0.26220362622036264,0.2580195258019526,0.72265625
21479,0,CF1,L5,0.7,zero_fill,1,3,0.1842111498117447,0,False,0.24546722454672246,0.2398884239888424,0.671875
4465,0,CF1,L5,0.7,zero_fill,7,6,0.17563460767269135,0,False,0.24407252440725244,0.25523012552301255,0.71484375
8098,0,CF1,L5,0.7,zero_fill,3,3,0.26376181840896606,1,False,0.2594142259414226,0.23709902370990238,0.6640625
1105,0,CF1,L5,0.7,zero_fill,1,2,0.16173920035362244,0,False,0.2510460251046025,0.25383542538354253,0.7109375
24036,0,CF1,L5,0.7,zero_fill,0,5,0.1714363545179367,0,False,0.22733612273361228,0.2580195258019526,0.72265625
24825,0,CF1,L5,0.7,zero_fill,1,2,0.212123841047287,0,False,0.2705718270571827,0.2482566248256625,0.6953125
20081,0,CF1,L5,0.7,zero_fill,4,3,0.2763265371322632,0,False,0.2608089260808926,0.23430962343096234,0.65625
11780,0,CF1,L5,0.7,zero_fill,5,6,0.23625901341438293,0,False,0.25662482566248257,0.2496513249651325,0.69921875
18228,0,CF1,L5,0.7,zero_fill,2,0,0.16023501753807068,0,False,0.26220362622036264,0.2510460251046025,0.703125
4363,0,CF1,L5,0.7,zero_fill,4,1,0.1311076283454895,0,False,0.2691771269177127,0.2608089260808926,0.73046875
10210,0,CF1,L5,0.7,zero_fill,7,0,0.1622437685728073,0,False,0.24546722454672246,0.2482566248256625,0.6953125
7005,0,CF1,L5,0.7,zero_fill,2,0,0.16455012559890747,0,False,0.25662482566248257,0.2594142259414226,0.7265625
7071,0,CF1,L5,0.7,zero_fill,3,0,0.18060319125652313,0,False,0.2524407252440725,0.24546722454672246,0.6875
25299,0,CF1,L5,0.7,zero_fill,4,3,0.2833349108695984,0,False,0.25662482566248257,0.23291492329149233,0.65234375
3393,0,CF1,L5,0.7,zero_fill,0,3,0.17643916606903076,0,False,0.25662482566248257,0.24686192468619247,0.69140625
10532,0,CF1,L5,0.7,zero_fill,8,2,0.18108977377414703,0,False,0.2398884239888424,0.2496513249651325,0.69921875
14271,0,CF1,L5,0.7,zero_fill,3,6,0.15321998298168182,0,False,0.24267782426778242,0.23570432357043236,0.66015625
12814,0,CF1,L5,0.7,zero_fill,4,3,0.2213873416185379,0,False,0.2217573221757322,0.23430962343096234,0.65625
1763,0,CF1,L5,0.7,zero_fill,1,3,0.17625892162322998,0,False,0.24267782426778242,0.2524407252440725,0.70703125
2795,0,CF1,L5,0.7,zero_fill,4,0,0.2001655101776123,0,False,0.2719665271966527,0.2524407252440725,0.70703125
5329,0,CF1,L5,0.7,zero_fill,2,0,0.14043910801410675,0,False,0.2859135285913529,0.24686192468619247,0.69140625
11024,0,CF1,L5,0.7,zero_fill,8,3,0.16817016899585724,0,False,0.25523012552301255,0.24267782426778242,0.6796875
23383,0,CF1,L5,0.7,zero_fill,6,6,0.16924746334552765,1,False,0.2482566248256625,0.24407252440725244,0.68359375
582,0,CF1,L5,0.7,zero_fill,2,3,0.13006621599197388,0,False,0.26359832635983266,0.24407252440725244,0.68359375
20037,0,CF1,L5,0.7,zero_fill,5,2,0.15671634674072266,0,False,0.22733612273361228,0.2496513249651325,0.69921875
4876,0,CF1,L5,0.7,zero_fill,3,3,0.16906201839447021,1,False,0.23430962343096234,0.24267782426778242,0.6796875
16157,0,CF1,L5,0.7,zero_fill,1,1,0.19021885097026825,1,False,0.2412831241283124,0.2594142259414226,0.7265625
24155,0,CF1,L5,0.7,zero_fill,7,3,0.3075932562351227,0,False,0.24267782426778242,0.2524407252440725,0.70703125
21035,0,CF1,L5,0.7,zero_fill,1,5,0.1746504157781601,0,False,0.2384937238493724,0.2510460251046025,0.703125
2530,0,CF1,L5,0.7,zero_fill,2,5,0.14601737260818481,0,False,0.27615062761506276,0.24686192468619247,0.69140625
20951,0,CF1,L5,0.7,zero_fill,4,0,0.2052241563796997,0,False,0.2580195258019526,0.24686192468619247,0.69140625
9752,0,CF1,L5,0.7,zero_fill,9,6,0.15991321206092834,0,False,0.26359832635983266,0.24407252440725244,0.68359375
20362,0,CF1,L5,0.7,zero_fill,9,5,0.16613028943538666,0,False,0.2510460251046025,0.2580195258019526,0.72265625
5669,0,CF1,L5,0.7,zero_fill,2,6,0.16020943224430084,0,False,0.26220362622036264,0.24407252440725244,0.68359375
9395,0,CF1,L5,0.7,zero_fill,6,3,0.17745861411094666,0,False,0.2398884239888424,0.25383542538354253,0.7109375
22115,0,CF1,L5,0.7,zero_fill,2,0,0.20480142533779144,0,False,0.25383542538354253,0.24267782426778242,0.6796875
3784,0,CF1,L5,0.7,zero_fill,5,0,0.4084413945674896,0,False,0.2412831241283124,0.2524407252440725,0.70703125
15518,0,CF1,L5,0.7,zero_fill,1,5,0.24527771770954132,0,False,0.28172942817294283,0.26778242677824265,0.75
22913,0,CF1,L5,0.7,zero_fill,1,3,0.20410887897014618,0,False,0.25523012552301255,0.2691771269177127,0.75390625
22485,0,CF1,L5,0.7,zero_fill,8,0,0.16540268063545227,0,False,0.19525801952580196,0.2524407252440725,0.70703125
14166,0,CF1,L5,0.7,zero_fill,9,3,0.12981367111206055,0,False,0.2384937238493724,0.27475592747559274,0.76953125
4606,0,CF1,L5,0.7,zero_fill,8,0,0.2453615516424179,0,False,0.26220362622036264,0.24546722454672246,0.6875
12043,0,CF1,L5,0.7,zero_fill,8,3,0.1676618456840515,0,False,0.26359832635983266,0.24267782426778242,0.6796875
20255,0,CF1,L5,0.7,zero_fill,9,0,0.14478957653045654,0,False,0.26220362622036264,0.2384937238493724,0.66796875
21390,0,CF1,L5,0.7,zero_fill,8,3,0.1452227085828781,0,False,0.27475592747559274,0.22873082287308227,0.640625
13388,0,CF1,L5,0.7,zero_fill,6,1,0.18233278393745422,0,False,0.23570432357043236,0.23570432357043236,0.66015625
9382,0,CF1,L5,0.7,zero_fill,0,6,0.20316308736801147,0,False,0.2398884239888424,0.2482566248256625,0.6953125
11878,0,CF1,L5,0.7,zero_fill,4,4,0.17042075097560883,1,False,0.23430962343096234,0.2649930264993027,0.7421875
10774,0,CF1,L5,0.7,zero_fill,1,5,0.60934978723526,0,False,0.2482566248256625,0.24267782426778242,0.6796875
2211,0,CF1,L5,0.7,zero_fill,4,2,0.22992408275604248,0,False,0.24686192468619247,0.2496513249651325,0.69921875
22804,0,CF1,L5,0.7,zero_fill,1,3,0.5716468095779419,0,False,0.26638772663877264,0.2524407252440725,0.70703125
17903,0,CF1,L5,0.7,zero_fill,3,3,0.13438723981380463,1,False,0.25523012552301255,0.2482566248256625,0.6953125
16889,0,CF1,L5,0.7,zero_fill,1,2,0.1929151564836502,0,False,0.25523012552301255,0.2482566248256625,0.6953125
3013,0,CF1,L5,0.7,zero_fill,8,0,0.1860945224761963,0,False,0.24407252440725244,0.25523012552301255,0.71484375
19919,0,CF1,L5,0.7,zero_fill,8,2,0.20455457270145416,0,False,0.26359832635983266,0.23570432357043236,0.66015625
7911,0,CF1,L5,0.7,zero_fill,0,5,0.2008202075958252,0,False,0.27475592747559274,0.2510460251046025,0.703125
6473,0,CF1,L5,0.7,zero_fill,5,5,0.3252694606781006,1,False,0.25523012552301255,0.2524407252440725,0.70703125
14963,0,CF1,L5,0.7,zero_fill,2,0,0.17396488785743713,0,False,0.21617852161785217,0.24407252440725244,0.68359375
3189,0,CF1,L5,0.7,zero_fill,3,3,0.14286912977695465,1,False,0.24407252440725244,0.2384937238493724,0.66796875
21433,0,CF1,L5,0.7,zero_fill,6,8,0.16094835102558136,0,False,0.23430962343096234,0.23570432357043236,0.66015625
21534,0,CF1,L5,0.7,zero_fill,9,6,0.18444426357746124,0,False,0.2384937238493724,0.2496513249651325,0.69921875
4378,0,CF1,L5,0.7,zero_fill,4,8,0.17485851049423218,0,False,0.26638772663877264,0.25662482566248257,0.71875
4179,0,CF1,L5,0.7,zero_fill,3,3,0.2546986937522888,1,False,0.2580195258019526,0.2510460251046025,0.703125
20275,0,CF1,L5,0.7,zero_fill,7,5,0.223532572388649,0,False,0.2412831241283124,0.2580195258019526,0.72265625
724,0,CF1,L5,0.7,zero_fill,4,4,0.2582279443740845,1,False,0.24407252440725244,0.2608089260808926,0.73046875
15532,0,CF1,L5,0.7,zero_fill,5,4,0.19237120449543,0,False,0.2496513249651325,0.24407252440725244,0.68359375
7808,0,CF1,L5,0.7,zero_fill,4,3,0.1940508931875229,0,False,0.24686192468619247,0.2580195258019526,0.72265625
3185,0,CF1,L5,0.7,zero_fill,7,6,0.14058902859687805,0,False,0.2691771269177127,0.2594142259414226,0.7265625
8217,0,CF1,L5,0.7,zero_fill,5,5,0.21327438950538635,1,False,0.2705718270571827,0.2594142259414226,0.7265625
15284,0,CF1,L5,0.7,zero_fill,2,8,0.1325535774230957,0,False,0.22733612273361228,0.2496513249651325,0.69921875
2195,0,CF1,L5,0.7,zero_fill,1,0,0.23819252848625183,0,False,0.24267782426778242,0.24407252440725244,0.68359375
21296,0,CF1,L5,0.7,zero_fill,0,2,0.21241188049316406,0,False,0.26778242677824265,0.2594142259414226,0.7265625
14286,0,CF1,L5,0.7,zero_fill,3,9,0.17242348194122314,0,False,0.26220362622036264,0.2510460251046025,0.703125
4261,0,CF1,L5,0.7,zero_fill,0,0,0.16623391211032867,1,False,0.23709902370990238,0.23709902370990238,0.6640625
24480,0,CF1,L5,0.7,zero_fill,2,0,0.1701819896697998,0,False,0.23570432357043236,0.2608089260808926,0.73046875
23581,0,CF1,L5,0.7,zero_fill,7,0,0.2870221734046936,0,False,0.26778242677824265,0.2496513249651325,0.69921875
24364,0,CF1,L5,0.7,zero_fill,7,3,0.34458616375923157,0,False,0.24546722454672246,0.2649930264993027,0.7421875
4259,0,CF1,L5,0.7,zero_fill,4,1,0.15455017983913422,0,False,0.28730822873082285,0.24686192468619247,0.69140625
4323,0,CF1,L5,0.7,zero_fill,8,3,0.2077430933713913,0,False,0.2398884239888424,0.23709902370990238,0.6640625
26017,0,CF1,L5,0.7,zero_fill,2,4,0.23192009329795837,0,False,0.2398884239888424,0.25523012552301255,0.71484375
4055,0,CF1,L5,0.7,zero_fill,9,3,0.17436908185482025,0,False,0.2412831241283124,0.2580195258019526,0.72265625
23968,0,CF1,L5,0.7,zero_fill,6,4,0.16585339605808258,0,False,0.27615062761506276,0.25383542538354253,0.7109375
4914,0,CF1,L5,0.7,zero_fill,2,3,0.16166217625141144,0,False,0.24546722454672246,0.2482566248256625,0.6953125
17310,0,CF1,L5,0.7,zero_fill,7,6,0.2211800515651703,0,False,0.2705718270571827,0.23291492329149233,0.65234375
14981,0,CF1,L5,0.7,zero_fill,2,1,0.1856139451265335,0,False,0.26778242677824265,0.25523012552301255,0.71484375
7511,0,CF1,L5,0.7,zero_fill,6,0,0.14365904033184052,0,False,0.2524407252440725,0.26638772663877264,0.74609375
4136,0,CF1,L5,0.7,zero_fill,9,0,0.16244375705718994,0,False,0.2315202231520223,0.2398884239888424,0.671875
8043,0,CF1,L5,0.7,zero_fill,2,3,0.17314697802066803,0,False,0.24686192468619247,0.2510460251046025,0.703125
14360,0,CF1,L5,0.7,zero_fill,4,0,0.15343081951141357,0,False,0.2412831241283124,0.25523012552301255,0.71484375
6364,0,CF1,L5,0.7,zero_fill,0,8,0.25237688422203064,0,False,0.2705718270571827,0.23709902370990238,0.6640625
8827,0,CF1,L5,0.7,zero_fill,4,0,0.18156558275222778,0,False,0.26638772663877264,0.25383542538354253,0.7109375
24886,0,CF1,L5,0.7,zero_fill,9,3,0.16830557584762573,0,False,0.26220362622036264,0.24407252440725244,0.68359375
21392,0,CF1,L5,0.7,zero_fill,2,5,0.17656385898590088,0,False,0.26220362622036264,0.25383542538354253,0.7109375
18654,0,CF1,L5,0.7,zero_fill,6,0,0.19784428179264069,0,False,0.2594142259414226,0.2482566248256625,0.6953125
21766,0,CF1,L5,0.7,zero_fill,1,3,0.1454007774591446,0,False,0.23709902370990238,0.26220362622036264,0.734375
25433,0,CF1,L5,0.7,zero_fill,8,0,0.19460174441337585,0,False,0.2691771269177127,0.2482566248256625,0.6953125
10927,0,CF1,L5,0.7,zero_fill,8,6,0.15023885667324066,0,False,0.24267782426778242,0.25523012552301255,0.71484375
14092,0,CF1,L5,0.7,zero_fill,6,3,0.14763791859149933,0,False,0.2315202231520223,0.2482566248256625,0.6953125
20936,0,CF1,L5,0.7,zero_fill,9,3,0.16729342937469482,0,False,0.25523012552301255,0.24686192468619247,0.69140625
23711,0,CF1,L5,0.7,zero_fill,4,0,0.15905679762363434,0,False,0.23709902370990238,0.24267782426778242,0.6796875
19260,0,CF1,L5,0.7,zero_fill,7,3,0.15870600938796997,0,False,0.2719665271966527,0.2594142259414226,0.7265625
17360,0,CF1,L5,0.7,zero_fill,3,0,0.16940191388130188,0,False,0.23709902370990238,0.26220362622036264,0.734375
965,0,CF1,L5,0.7,zero_fill,0,6,0.1695498675107956,0,False,0.2398884239888424,0.2510460251046025,0.703125
463,0,CF1,L5,0.7,zero_fill,6,9,0.1607387363910675,0,False,0.25662482566248257,0.25523012552301255,0.71484375
8945,0,CF1,L5,0.7,zero_fill,6,3,0.2203330546617508,0,False,0.2384937238493724,0.2482566248256625,0.6953125
14090,0,CF1,L5,0.7,zero_fill,2,2,0.14883244037628174,1,False,0.25383542538354253,0.2524407252440725,0.70703125
8479,0,CF1,L5,0.7,zero_fill,9,6,0.19552679359912872,0,False,0.24407252440725244,0.2496513249651325,0.69921875
24477,0,CF1,L5,0.7,zero_fill,2,3,0.16130688786506653,0,False,0.24407252440725244,0.24546722454672246,0.6875
8195,0,CF1,L5,0.7,zero_fill,0,5,0.17104308307170868,0,False,0.26638772663877264,0.2384937238493724,0.66796875
1773,0,CF1,L5,0.7,zero_fill,0,0,0.130906879901886,1,False,0.2482566248256625,0.24686192468619247,0.69140625
11776,0,CF1,L5,0.7,zero_fill,2,0,0.19320866465568542,0,False,0.23570432357043236,0.25662482566248257,0.71875
3313,0,CF1,L5,0.7,zero_fill,6,9,0.13875068724155426,0,False,0.2775453277545328,0.24407252440725244,0.68359375
5424,0,CF1,L5,0.7,zero_fill,9,8,0.23858992755413055,0,False,0.2510460251046025,0.26638772663877264,0.74609375
19606,0,CF1,L5,0.7,zero_fill,2,3,0.1639116406440735,0,False,0.26220362622036264,0.24267782426778242,0.6796875
10110,0,CF1,L5,0.7,zero_fill,9,3,0.1863933503627777,0,False,0.2315202231520223,0.2482566248256625,0.6953125
22872,0,CF1,L5,0.7,zero_fill,6,0,0.15979066491127014,0,False,0.22454672245467225,0.25383542538354253,0.7109375
7573,0,CF1,L5,0.7,zero_fill,1,0,0.16603928804397583,0,False,0.22315202231520223,0.2608089260808926,0.73046875
7105,0,CF1,L5,0.7,zero_fill,3,0,0.15066838264465332,0,False,0.25383542538354253,0.24686192468619247,0.69140625
18854,0,CF1,L5,0.7,zero_fill,1,4,0.21380861103534698,0,False,0.23709902370990238,0.24686192468619247,0.69140625
14576,0,CF1,L5,0.7,zero_fill,9,5,0.15209338068962097,0,False,0.2580195258019526,0.23709902370990238,0.6640625
9376,0,CF1,L5,0.7,zero_fill,0,2,0.12450847029685974,0,False,0.23570432357043236,0.24686192468619247,0.69140625
20128,0,CF1,L5,0.7,zero_fill,8,6,0.19354480504989624,0,False,0.2482566248256625,0.24686192468619247,0.69140625
24854,0,CF1,L5,0.7,zero_fill,9,0,0.21175381541252136,0,False,0.23570432357043236,0.2398884239888424,0.671875
4937,0,CF1,L5,0.7,zero_fill,2,3,0.1847131997346878,0,False,0.27475592747559274,0.24407252440725244,0.68359375
338,0,CF1,L5,0.7,zero_fill,3,0,0.1634271740913391,0,False,0.2524407252440725,0.2608089260808926,0.73046875
9981,0,CF1,L5,0.7,zero_fill,3,0,0.28592950105667114,0,False,0.2398884239888424,0.24686192468619247,0.69140625
6665,0,CF1,L5,0.7,zero_fill,8,0,0.16652213037014008,0,False,0.2649930264993027,0.26359832635983266,0.73828125
6704,0,CF1,L5,0.7,zero_fill,0,3,0.1673170030117035,0,False,0.2482566248256625,0.23291492329149233,0.65234375
23255,0,CF1,L5,0.7,zero_fill,2,5,0.20472338795661926,0,False,0.26778242677824265,0.26778242677824265,0.75
5355,0,CF1,L5,0.7,zero_fill,5,9,0.16494102776050568,0,False,0.2482566248256625,0.2524407252440725,0.70703125
22422,0,CF1,L5,0.7,zero_fill,1,3,0.15154610574245453,0,False,0.2412831241283124,0.2580195258019526,0.72265625
7367,0,CF1,L5,0.7,zero_fill,9,0,0.15098150074481964,0,False,0.24407252440725244,0.2594142259414226,0.7265625
13489,0,CF1,L5,0.7,zero_fill,7,0,0.15617747604846954,0,False,0.2384937238493724,0.2580195258019526,0.72265625
20955,0,CF1,L5,0.7,zero_fill,7,0,0.20664197206497192,0,False,0.2384937238493724,0.25662482566248257,0.71875
25439,0,CF1,L5,0.7,zero_fill,9,6,0.2661888301372528,0,False,0.27475592747559274,0.24686192468619247,0.69140625
12711,0,CF1,L5,0.7,zero_fill,8,0,0.17901352047920227,0,False,0.2594142259414226,0.25523012552301255,0.71484375
7671,0,CF1,L5,0.7,zero_fill,6,3,0.18351787328720093,0,False,0.2510460251046025,0.2691771269177127,0.75390625
20420,0,CF1,L5,0.7,zero_fill,8,5,0.13017022609710693,0,False,0.24686192468619247,0.2524407252440725,0.70703125
12630,0,CF1,L5,0.7,zero_fill,2,6,0.25689390301704407,0,False,0.2496513249651325,0.2649930264993027,0.7421875
21394,0,CF1,L5,0.7,zero_fill,1,3,0.13644510507583618,0,False,0.27475592747559274,0.2510460251046025,0.703125
7095,0,CF1,L5,0.7,zero_fill,1,4,0.18541285395622253,0,False,0.26778242677824265,0.2412831241283124,0.67578125
11532,0,CF1,L5,0.7,zero_fill,9,3,0.2177571952342987,0,False,0.26359832635983266,0.24267782426778242,0.6796875
2853,0,CF1,L5,0.7,zero_fill,3,3,0.20684991776943207,1,False,0.25662482566248257,0.2398884239888424,0.671875
13487,0,CF1,L5,0.7,zero_fill,0,2,0.22604422271251678,0,False,0.24686192468619247,0.2510460251046025,0.703125
9350,0,CF1,L5,0.7,zero_fill,9,3,0.27267634868621826,0,False,0.2510460251046025,0.2398884239888424,0.671875
24164,0,CF1,L5,0.7,zero_fill,4,3,0.17025861144065857,0,False,0.2412831241283124,0.2315202231520223,0.6484375
23155,0,CF1,L5,0.7,zero_fill,7,5,0.14153726398944855,0,False,0.24546722454672246,0.24546722454672246,0.6875
1588,0,CF1,L5,0.7,zero_fill,8,0,0.16674083471298218,0,False,0.25523012552301255,0.25523012552301255,0.71484375
5400,0,CF1,L5,0.7,zero_fill,5,0,0.1784026175737381,0,False,0.25523012552301255,0.25523012552301255,0.71484375
8913,0,CF1,L5,0.7,zero_fill,6,0,0.15809543430805206,0,False,0.26638772663877264,0.24546722454672246,0.6875
4990,0,CF1,L5,0.7,zero_fill,8,0,0.13205227255821228,0,False,0.2496513249651325,0.2510460251046025,0.703125
13364,0,CF1,L5,0.7,zero_fill,7,0,0.18341019749641418,0,False,0.2691771269177127,0.2412831241283124,0.67578125
1157,0,CF1,L5,0.7,zero_fill,1,5,0.16807806491851807,0,False,0.2524407252440725,0.2384937238493724,0.66796875
19432,0,CF1,L5,0.7,zero_fill,6,3,0.17557013034820557,0,False,0.2705718270571827,0.25662482566248257,0.71875
24861,0,CF1,L5,0.7,zero_fill,1,0,0.15591822564601898,0,False,0.24546722454672246,0.24686192468619247,0.69140625
16303,0,CF1,L5,0.7,zero_fill,0,3,0.17722120881080627,0,False,0.26638772663877264,0.2524407252440725,0.70703125
23675,0,CF1,L5,0.7,zero_fill,1,6,0.1465478390455246,0,False,0.24407252440725244,0.25523012552301255,0.71484375
10816,0,CF1,L5,0.7,zero_fill,5,1,0.13354013860225677,0,False,0.2496513249651325,0.2384937238493724,0.66796875
25683,0,CF1,L5,0.7,zero_fill,7,0,0.16734828054904938,0,False,0.24407252440725244,0.24546722454672246,0.6875
6680,0,CF1,L5,0.7,zero_fill,7,3,0.16255754232406616,0,False,0.2412831241283124,0.2412831241283124,0.67578125
15541,0,CF1,L5,0.7,zero_fill,1,3,0.5285126566886902,0,False,0.2510460251046025,0.23430962343096234,0.65625
129,0,CF1,L5,0.7,zero_fill,9,0,0.35050979256629944,0,False,0.22315202231520223,0.26359832635983266,0.73828125
10977,0,CF1,L5,0.7,zero_fill,5,3,0.3343694806098938,0,False,0.28172942817294283,0.24546722454672246,0.6875
7518,0,CF1,L5,0.7,zero_fill,5,0,0.16523662209510803,0,False,0.2175732217573222,0.2608089260808926,0.73046875
15350,0,CF1,L5,0.7,zero_fill,0,0,0.14776469767093658,1,False,0.2384937238493724,0.2524407252440725,0.70703125
4712,0,CF1,L5,0.7,zero_fill,2,5,0.17016996443271637,0,False,0.26638772663877264,0.2510460251046025,0.703125
3234,0,CF1,L5,0.7,zero_fill,1,3,0.2441834807395935,0,False,0.2608089260808926,0.26220362622036264,0.734375
21292,0,CF1,L5,0.7,zero_fill,8,6,0.18310827016830444,0,False,0.25662482566248257,0.24407252440725244,0.68359375
6439,0,CF1,L5,0.7,zero_fill,6,3,0.1763927936553955,0,False,0.25383542538354253,0.25662482566248257,0.71875
16930,0,CF1,L5,0.7,zero_fill,4,3,0.1504359394311905,0,False,0.25383542538354253,0.23709902370990238,0.6640625
25255,0,CF1,L5,0.7,zero_fill,6,0,0.18630777299404144,0,False,0.2496513249651325,0.2510460251046025,0.703125
5562,0,CF1,L5,0.7,zero_fill,6,5,0.16510774195194244,0,False,0.2691771269177127,0.2580195258019526,0.72265625
20888,0,CF1,L5,0.7,zero_fill,6,4,0.1744735985994339,0,False,0.24267782426778242,0.25383542538354253,0.7109375
17907,0,CF1,L5,0.7,zero_fill,0,7,0.1721692532300949,0,False,0.2649930264993027,0.2524407252440725,0.70703125
15282,0,CF1,L5,0.7,zero_fill,5,0,0.20860278606414795,0,False,0.25383542538354253,0.25662482566248257,0.71875
9564,0,CF1,L5,0.7,zero_fill,5,0,0.18681830167770386,0,False,0.2482566248256625,0.25662482566248257,0.71875
2105,0,CF1,L5,0.7,zero_fill,5,5,0.15421588718891144,1,False,0.2580195258019526,0.24686192468619247,0.69140625
2188,0,CF1,L5,0.7,zero_fill,5,3,0.18093229830265045,0,False,0.25523012552301255,0.24686192468619247,0.69140625
10587,0,CF1,L5,0.7,zero_fill,9,1,0.19820451736450195,0,False,0.26220362622036264,0.24686192468619247,0.69140625
20421,0,CF1,L5,0.7,zero_fill,8,2,0.1951136440038681,0,False,0.2315202231520223,0.25383542538354253,0.7109375
23070,0,CF1,L5,0.7,zero_fill,0,3,0.17951558530330658,0,False,0.2914923291492329,0.2496513249651325,0.69921875
19127,0,CF1,L5,0.7,zero_fill,6,9,0.15051189064979553,0,False,0.2803347280334728,0.26359832635983266,0.73828125
7302,0,CF1,L5,0.7,zero_fill,3,5,0.17843842506408691,0,False,0.26220362622036264,0.2496513249651325,0.69921875
8409,0,CF1,L5,0.7,zero_fill,4,6,0.33944955468177795,0,False,0.28312412831241285,0.23709902370990238,0.6640625
11086,0,CF1,L5,0.7,zero_fill,7,5,0.229650616645813,0,False,0.2510460251046025,0.26359832635983266,0.73828125
17122,0,CF1,L5,0.7,zero_fill,5,0,0.23426635563373566,0,False,0.21338912133891214,0.25383542538354253,0.7109375
3555,0,CF1,L5,0.7,zero_fill,2,0,0.2204561084508896,0,False,0.25383542538354253,0.2412831241283124,0.67578125
19437,0,CF1,L5,0.7,zero_fill,4,5,0.12876319885253906,0,False,0.24267782426778242,0.2580195258019526,0.72265625
594,0,CF1,L5,0.7,zero_fill,9,3,0.20508985221385956,0,False,0.21617852161785217,0.25383542538354253,0.7109375
21863,0,CF1,L5,0.7,zero_fill,3,3,0.189095139503479,1,False,0.26359832635983266,0.2482566248256625,0.6953125
19765,0,CF1,L5,0.7,zero_fill,5,0,0.2041511982679367,0,False,0.2384937238493724,0.2482566248256625,0.6953125
16909,0,CF1,L5,0.7,zero_fill,2,0,0.16799278557300568,0,False,0.24267782426778242,0.2510460251046025,0.703125
21154,0,CF1,L5,0.7,zero_fill,7,5,0.1409023553133011,0,False,0.26220362622036264,0.25383542538354253,0.7109375
18615,0,CF1,L5,0.7,zero_fill,7,3,0.15251389145851135,0,False,0.22733612273361228,0.25523012552301255,0.71484375
18171,0,CF1,L5,0.7,zero_fill,7,0,0.1756194829940796,0,False,0.24267782426778242,0.2412831241283124,0.67578125
24434,0,CF1,L5,0.7,zero_fill,5,3,0.19010910391807556,0,False,0.2594142259414226,0.2649930264993027,0.7421875
9664,0,CF1,L5,0.7,zero_fill,0,6,0.14868681132793427,0,False,0.21896792189679218,0.23709902370990238,0.6640625
2013,0,CF1,L5,0.7,zero_fill,5,0,0.16428939998149872,0,False,0.28172942817294283,0.2594142259414226,0.7265625
13537,0,CF1,L5,0.7,zero_fill,4,1,0.2204662561416626,0,False,0.24407252440725244,0.24407252440725244,0.68359375
23942,0,CF1,L5,0.7,zero_fill,9,6,0.47445863485336304,0,False,0.2705718270571827,0.2496513249651325,0.69921875
12415,0,CF1,L5,0.7,zero_fill,4,0,0.1800408959388733,0,False,0.25383542538354253,0.23570432357043236,0.66015625
13735,0,CF1,L5,0.7,zero_fill,0,8,0.15873795747756958,0,False,0.24686192468619247,0.25523012552301255,0.71484375
6873,0,CF1,L5,0.7,zero_fill,1,1,0.13960665464401245,1,False,0.2594142259414226,0.23430962343096234,0.65625
16233,0,CF1,L5,0.7,zero_fill,2,0,0.2007608264684677,0,False,0.21617852161785217,0.2580195258019526,0.72265625
13108,0,CF1,L5,0.7,zero_fill,5,7,0.16051214933395386,0,False,0.2719665271966527,0.24267782426778242,0.6796875
18114,0,CF1,L5,0.7,zero_fill,7,3,0.15706735849380493,0,False,0.2510460251046025,0.2398884239888424,0.671875
25318,0,CF1,L5,0.7,zero_fill,0,5,0.16536912322044373,0,False,0.22594142259414227,0.24407252440725244,0.68359375
22387,0,CF1,L5,0.7,zero_fill,7,5,0.255502313375473,0,False,0.21338912133891214,0.2580195258019526,0.72265625
19911,0,CF1,L5,0.7,zero_fill,7,5,0.1661670207977295,0,False,0.2398884239888424,0.24407252440725244,0.68359375
9953,0,CF1,L5,0.7,zero_fill,2,2,0.14069461822509766,1,False,0.2203626220362622,0.2496513249651325,0.69921875
18500,0,CF1,L5,0.7,zero_fill,1,3,0.35571345686912537,0,False,0.2649930264993027,0.24267782426778242,0.6796875
12463,0,CF1,L5,0.7,zero_fill,2,0,0.156472846865654,0,False,0.2705718270571827,0.24686192468619247,0.69140625
12143,0,CF1,L5,0.7,zero_fill,8,9,0.15403971076011658,0,False,0.23430962343096234,0.25523012552301255,0.71484375
14588,0,CF1,L5,0.7,zero_fill,8,0,0.14981018006801605,0,False,0.2315202231520223,0.25523012552301255,0.71484375
22152,0,CF1,L5,0.7,zero_fill,2,0,0.20553536713123322,0,False,0.25383542538354253,0.2412831241283124,0.67578125
16563,0,CF1,L5,0.7,zero_fill,4,3,0.281326025724411,0,False,0.2775453277545328,0.24546722454672246,0.6875
25225,0,CF1,L5,0.7,zero_fill,9,9,0.23166146874427795,1,False,0.2594142259414226,0.2384937238493724,0.66796875
1161,0,CF1,L5,0.7,zero_fill,2,1,0.19508439302444458,0,False,0.28312412831241285,0.2691771269177127,0.75390625
9891,0,CF1,L5,0.7,zero_fill,5,0,0.17829230427742004,0,False,0.2719665271966527,0.24407252440725244,0.68359375
18833,0,CF1,L5,0.7,zero_fill,2,3,0.22643573582172394,0,False,0.2510460251046025,0.2398884239888424,0.671875
6162,0,CF1,L5,0.7,zero_fill,2,7,0.27688896656036377,0,False,0.2900976290097629,0.2524407252440725,0.70703125
22638,0,CF1,L5,0.7,zero_fill,0,5,0.21461467444896698,0,False,0.25662482566248257,0.2412831241283124,0.67578125
6112,0,CF1,L5,0.7,zero_fill,6,3,0.18120039999485016,0,False,0.2482566248256625,0.2482566248256625,0.6953125
24259,0,CF1,L5,0.7,zero_fill,9,0,0.16220493614673615,0,False,0.2524407252440725,0.2580195258019526,0.72265625
18029,0,CF1,L5,0.7,zero_fill,2,1,0.15408532321453094,0,False,0.23430962343096234,0.24267782426778242,0.6796875
13233,0,CF1,L5,0.7,zero_fill,0,0,0.1857048124074936,1,False,0.26220362622036264,0.2496513249651325,0.69921875
22560,0,CF1,L5,0.7,zero_fill,3,0,0.1702103167772293,0,False,0.24546722454672246,0.24546722454672246,0.6875
17100,0,CF1,L5,0.7,zero_fill,7,3,0.24639880657196045,0,False,0.23291492329149233,0.25383542538354253,0.7109375
13394,0,CF1,L5,0.7,zero_fill,7,3,0.29831841588020325,0,False,0.22733612273361228,0.2496513249651325,0.69921875
25173,0,CF1,L5,0.7,zero_fill,3,5,0.17112775146961212,0,False,0.23570432357043236,0.23291492329149233,0.65234375
17342,0,CF1,L5,0.7,zero_fill,4,9,0.21479997038841248,0,False,0.25523012552301255,0.23430962343096234,0.65625
5881,0,CF1,L5,0.7,zero_fill,1,5,0.1419219821691513,0,False,0.2608089260808926,0.2496513249651325,0.69921875
16982,0,CF1,L5,0.7,zero_fill,3,1,0.18053889274597168,0,False,0.29707112970711297,0.24546722454672246,0.6875
12959,0,CF1,L5,0.7,zero_fill,2,5,0.16365914046764374,0,False,0.26359832635983266,0.2594142259414226,0.7265625
3410,0,CF1,L5,0.7,zero_fill,2,3,0.1875380426645279,0,False,0.24407252440725244,0.2510460251046025,0.703125
1939,0,CF1,L5,0.7,zero_fill,2,0,0.22319452464580536,0,False,0.26220362622036264,0.2510460251046025,0.703125
13563,0,CF1,L5,0.7,zero_fill,4,0,0.1849438101053238,0,False,0.23291492329149233,0.2496513249651325,0.69921875
9659,0,CF1,L5,0.7,zero_fill,4,0,0.13881684839725494,0,False,0.26220362622036264,0.26359832635983266,0.73828125
23588,0,CF1,L5,0.7,zero_fill,9,0,0.1781047284603119,0,False,0.2649930264993027,0.25523012552301255,0.71484375
12156,0,CF1,L5,0.7,zero_fill,9,0,0.24796496331691742,0,False,0.28451882845188287,0.2510460251046025,0.703125
24790,0,CF1,L5,0.7,zero_fill,4,9,0.1495179682970047,0,False,0.2803347280334728,0.25523012552301255,0.71484375
894,0,CF1,L5,0.7,zero_fill,8,1,0.18066947162151337,0,False,0.28451882845188287,0.26638772663877264,0.74609375
13738,0,CF1,L5,0.7,zero_fill,7,0,0.19182470440864563,0,False,0.2691771269177127,0.24407252440725244,0.68359375
20555,0,CF1,L5,0.7,zero_fill,5,3,0.23449063301086426,0,False,0.2398884239888424,0.23430962343096234,0.65625
20457,0,CF1,L5,0.7,zero_fill,3,3,0.20791351795196533,1,False,0.2398884239888424,0.2524407252440725,0.70703125
24842,0,CF1,L5,0.7,zero_fill,3,3,0.21147550642490387,1,False,0.24546722454672246,0.2524407252440725,0.70703125
11390,0,CF1,L5,0.7,zero_fill,9,2,0.17916257679462433,0,False,0.26359832635983266,0.24267782426778242,0.6796875
2665,0,CF1,L5,0.7,zero_fill,9,5,0.1832772195339203,0,False,0.2496513249651325,0.2705718270571827,0.7578125
24741,0,CF1,L5,0.7,zero_fill,8,3,0.15008321404457092,0,False,0.24686192468619247,0.2412831241283124,0.67578125
17634,0,CF1,L5,0.7,zero_fill,8,1,0.13455630838871002,0,False,0.24267782426778242,0.24686192468619247,0.69140625
16599,0,CF1,L5,0.7,zero_fill,1,5,0.17811305820941925,0,False,0.24267782426778242,0.2608089260808926,0.73046875
19330,0,CF1,L5,0.7,zero_fill,7,3,0.18290278315544128,0,False,0.25523012552301255,0.2510460251046025,0.703125
3257,0,CF1,L5,0.7,zero_fill,1,5,0.2458062767982483,0,False,0.24686192468619247,0.25383542538354253,0.7109375
1114,0,CF1,L5,0.7,zero_fill,9,0,0.26288706064224243,0,False,0.25662482566248257,0.2733612273361227,0.765625
11738,0,CF1,L5,0.7,zero_fill,8,6,0.17958766222000122,0,False,0.24686192468619247,0.25383542538354253,0.7109375
13077,0,CF1,L5,0.7,zero_fill,8,0,0.18980596959590912,0,False,0.2496513249651325,0.24686192468619247,0.69140625
5168,0,CF1,L5,0.7,zero_fill,3,7,0.17302030324935913,0,False,0.25523012552301255,0.24546722454672246,0.6875
26013,0,CF1,L5,0.7,zero_fill,8,5,0.14131249487400055,0,False,0.24267782426778242,0.24546722454672246,0.6875
5611,0,CF1,L5,0.7,zero_fill,7,5,0.19001834094524384,0,False,0.27615062761506276,0.2496513249651325,0.69921875
9389,0,CF1,L5,0.7,zero_fill,6,1,0.1380937695503235,0,False,0.2580195258019526,0.2649930264993027,0.7421875
25070,0,CF1,L5,0.7,zero_fill,2,0,0.17850226163864136,0,False,0.2594142259414226,0.26778242677824265,0.75
11322,0,CF1,L5,0.7,zero_fill,8,0,0.1709223836660385,0,False,0.2775453277545328,0.2398884239888424,0.671875
3051,0,CF1,L5,0.7,zero_fill,0,0,0.15156106650829315,1,False,0.23709902370990238,0.24407252440725244,0.68359375
18770,0,CF1,L5,0.7,zero_fill,4,0,0.16427196562290192,0,False,0.2691771269177127,0.26359832635983266,0.73828125
14692,0,CF1,L5,0.7,zero_fill,2,2,0.1802297830581665,1,False,0.2482566248256625,0.25383542538354253,0.7109375
4561,0,CF1,L5,0.7,zero_fill,5,5,0.17408651113510132,1,False,0.2649930264993027,0.2608089260808926,0.73046875
16994,0,CF1,L5,0.7,zero_fill,0,3,0.2151351422071457,0,False,0.2496513249651325,0.2510460251046025,0.703125
4156,0,CF1,L5,0.7,zero_fill,5,0,0.13846290111541748,0,False,0.25523012552301255,0.25523012552301255,0.71484375
5884,0,CF1,L5,0.7,zero_fill,1,0,0.1391555517911911,0,False,0.22733612273361228,0.26638772663877264,0.74609375
18233,0,CF1,L5,0.7,zero_fill,0,0,0.1393781304359436,1,False,0.2524407252440725,0.23430962343096234,0.65625
17044,0,CF1,L5,0.7,zero_fill,6,0,0.1944032609462738,0,False,0.24267782426778242,0.25662482566248257,0.71875
18857,0,CF1,L5,0.7,zero_fill,6,4,0.14736996591091156,0,False,0.24407252440725244,0.24407252440725244,0.68359375
21917,0,CF1,L5,0.7,zero_fill,9,0,0.27425509691238403,0,False,0.23709902370990238,0.2580195258019526,0.72265625
5054,0,CF1,L5,0.7,zero_fill,3,3,0.21351751685142517,1,False,0.2580195258019526,0.26220362622036264,0.734375
7882,0,CF1,L5,0.7,zero_fill,4,5,0.13242477178573608,0,False,0.22873082287308227,0.2594142259414226,0.7265625
15688,0,CF1,L5,0.7,zero_fill,4,0,0.15861797332763672,0,False,0.2315202231520223,0.24267782426778242,0.6796875
5612,0,CF1,L5,0.7,zero_fill,8,3,0.18297208845615387,0,False,0.2524407252440725,0.24686192468619247,0.69140625
13934,0,CF1,L5,0.7,zero_fill,9,0,0.15569128096103668,0,False,0.28451882845188287,0.2412831241283124,0.67578125
16689,0,CF1,L5,0.7,zero_fill,2,4,0.13857117295265198,0,False,0.2510460251046025,0.23291492329149233,0.65234375
23844,0,CF1,L5,0.7,zero_fill,6,5,0.15879060328006744,0,False,0.25523012552301255,0.2384937238493724,0.66796875
7944,0,CF1,L5,0.7,zero_fill,7,0,0.15991079807281494,0,False,0.25383542538354253,0.25383542538354253,0.7109375
11370,0,CF1,L5,0.7,zero_fill,8,1,0.163594052195549,0,False,0.25383542538354253,0.25523012552301255,0.71484375
24569,0,CF1,L5,0.7,zero_fill,1,5,0.17080867290496826,0,False,0.25383542538354253,0.2398884239888424,0.671875
7529,0,CF1,L5,0.7,zero_fill,5,1,0.15501415729522705,0,False,0.2691771269177127,0.2580195258019526,0.72265625
5092,0,CF1,L5,0.7,zero_fill,2,1,0.24696093797683716,0,False,0.23709902370990238,0.2510460251046025,0.703125
20673,0,CF1,L5,0.7,zero_fill,2,5,0.18826639652252197,0,False,0.2649930264993027,0.26778242677824265,0.75
10096,0,CF1,L5,0.7,zero_fill,7,0,0.19831712543964386,0,False,0.25662482566248257,0.2384937238493724,0.66796875
2059,0,CF1,L5,0.7,zero_fill,3,2,0.1455545574426651,0,False,0.22733612273361228,0.2608089260808926,0.73046875
19318,0,CF1,L5,0.7,zero_fill,0,3,0.3604620695114136,0,False,0.2524407252440725,0.2482566248256625,0.6953125
12977,0,CF1,L5,0.7,zero_fill,8,0,0.16271758079528809,0,False,0.2496513249651325,0.25383542538354253,0.7109375
17673,0,CF1,L5,0.7,zero_fill,0,6,0.14791764318943024,0,False,0.26359832635983266,0.2315202231520223,0.6484375
18750,0,CF1,L5,0.7,zero_fill,0,3,0.16306863725185394,0,False,0.2594142259414226,0.24407252440725244,0.68359375
16728,0,CF1,L5,0.7,zero_fill,3,2,0.1615898162126541,0,False,0.2482566248256625,0.25523012552301255,0.71484375
14776,0,CF1,L5,0.7,zero_fill,8,7,0.1607196033000946,0,False,0.24407252440725244,0.24546722454672246,0.6875
6941,0,CF1,L5,0.7,zero_fill,9,0,0.1487581431865692,0,False,0.26359832635983266,0.26638772663877264,0.74609375
16787,0,CF1,L5,0.7,zero_fill,6,3,0.18387937545776367,0,False,0.2719665271966527,0.2496513249651325,0.69921875
25932,0,CF1,L5,0.7,zero_fill,5,3,0.18386276066303253,0,False,0.2524407252440725,0.24686192468619247,0.69140625
614,0,CF1,L5,0.7,zero_fill,0,0,0.1673460304737091,1,False,0.2719665271966527,0.25662482566248257,0.71875
25690,0,CF1,L5,0.7,zero_fill,5,3,0.17191649973392487,0,False,0.2859135285913529,0.24686192468619247,0.69140625
25968,0,CF1,L5,0.7,zero_fill,5,2,0.16311021149158478,0,False,0.24686192468619247,0.2496513249651325,0.69921875
20123,0,CF1,L5,0.7,zero_fill,3,6,0.16725042462348938,0,False,0.21478382147838215,0.26220362622036264,0.734375
13341,0,CF1,L5,0.7,zero_fill,5,3,0.3128819763660431,0,False,0.2789400278940028,0.2510460251046025,0.703125
24697,0,CF1,L5,0.7,zero_fill,4,2,0.14337682723999023,0,False,0.26359832635983266,0.2580195258019526,0.72265625
15157,0,CF1,L5,0.7,zero_fill,6,0,0.22935974597930908,0,False,0.25523012552301255,0.24686192468619247,0.69140625
23115,0,CF1,L5,0.7,zero_fill,1,6,0.1732645332813263,0,False,0.25662482566248257,0.25383542538354253,0.7109375
6396,0,CF1,L5,0.7,zero_fill,0,5,0.1622847616672516,0,False,0.22454672245467225,0.2482566248256625,0.6953125
19142,0,CF1,L5,0.7,zero_fill,4,3,0.3408462107181549,0,False,0.27615062761506276,0.22733612273361228,0.63671875
13157,0,CF1,L5,0.7,zero_fill,3,3,0.17495381832122803,1,False,0.2384937238493724,0.25383542538354253,0.7109375
19866,0,CF1,L5,0.7,zero_fill,1,2,0.17325541377067566,0,False,0.25523012552301255,0.24686192468619247,0.69140625
25996,0,CF1,L5,0.7,zero_fill,8,6,0.14658157527446747,0,False,0.25383542538354253,0.24546722454672246,0.6875
25515,0,CF1,L5,0.7,zero_fill,7,4,0.14211127161979675,0,False,0.2775453277545328,0.2384937238493724,0.66796875
12876,0,CF1,L5,0.7,zero_fill,0,5,0.19564849138259888,0,False,0.2315202231520223,0.26220362622036264,0.734375
17565,0,CF1,L5,0.7,zero_fill,6,0,0.1786409616470337,0,False,0.2524407252440725,0.25383542538354253,0.7109375
17511,0,CF1,L5,0.7,zero_fill,4,5,0.16509953141212463,0,False,0.2733612273361227,0.2482566248256625,0.6953125
19996,0,CF1,L5,0.7,zero_fill,0,1,0.16396547853946686,0,False,0.2649930264993027,0.2482566248256625,0.6953125
12807,0,CF1,L5,0.7,zero_fill,1,5,0.21898849308490753,0,False,0.25523012552301255,0.2580195258019526,0.72265625
11001,0,CF1,L5,0.7,zero_fill,9,2,0.16773991286754608,0,False,0.26359832635983266,0.24546722454672246,0.6875
13107,0,CF1,L5,0.7,zero_fill,0,1,0.18271303176879883,0,False,0.27475592747559274,0.2608089260808926,0.73046875
12641,0,CF1,L5,0.7,zero_fill,6,5,0.2823266088962555,0,False,0.25662482566248257,0.24267782426778242,0.6796875
22667,0,CF1,L5,0.7,zero_fill,5,0,0.19685912132263184,0,False,0.2496513249651325,0.2524407252440725,0.70703125
7310,0,CF1,L5,0.7,zero_fill,7,0,0.1490841656923294,0,False,0.2412831241283124,0.23430962343096234,0.65625
764,0,CF1,L5,0.7,zero_fill,1,6,0.16402381658554077,0,False,0.24407252440725244,0.24546722454672246,0.6875
14813,0,CF1,L5,0.7,zero_fill,4,7,0.19949904084205627,0,False,0.2510460251046025,0.2482566248256625,0.6953125
7132,0,CF1,L5,0.7,zero_fill,2,0,0.19287678599357605,0,False,0.2705718270571827,0.24546722454672246,0.6875
23884,0,CF1,L5,0.7,zero_fill,1,5,0.16869215667247772,0,False,0.23570432357043236,0.25383542538354253,0.7109375
22735,0,CF1,L5,0.7,zero_fill,8,0,0.20382216572761536,0,False,0.25523012552301255,0.24267782426778242,0.6796875
12483,0,CF1,L5,0.7,zero_fill,2,3,0.16277453303337097,0,False,0.22454672245467225,0.2510460251046025,0.703125
10442,0,CF1,L5,0.7,zero_fill,6,5,0.17363858222961426,0,False,0.2510460251046025,0.25523012552301255,0.71484375
3733,0,CF1,L5,0.7,zero_fill,8,0,0.18534743785858154,0,False,0.25662482566248257,0.2594142259414226,0.7265625
20089,0,CF1,L5,0.7,zero_fill,4,0,0.16798365116119385,0,False,0.2496513249651325,0.2524407252440725,0.70703125
20411,0,CF1,L5,0.7,zero_fill,4,3,0.2301388531923294,0,False,0.2580195258019526,0.2482566248256625,0.6953125
10695,0,CF1,L5,0.7,zero_fill,4,5,0.1318594515323639,0,False,0.2398884239888424,0.26220362622036264,0.734375
11992,0,CF1,L5,0.7,zero_fill,2,5,0.13218894600868225,0,False,0.2524407252440725,0.24546722454672246,0.6875
20712,0,CF1,L5,0.7,zero_fill,7,3,0.1960674226284027,0,False,0.2580195258019526,0.24686192468619247,0.69140625
6518,0,CF1,L5,0.7,zero_fill,8,1,0.17045149207115173,0,False,0.2928870292887029,0.2496513249651325,0.69921875
6015,0,CF1,L5,0.7,zero_fill,9,0,0.14437386393547058,0,False,0.2719665271966527,0.2594142259414226,0.7265625
8396,0,CF1,L5,0.7,zero_fill,5,3,0.23521988093852997,0,False,0.23430962343096234,0.2608089260808926,0.73046875
12097,0,CF1,L5,0.7,zero_fill,9,3,0.4586361348628998,0,False,0.2789400278940028,0.2496513249651325,0.69921875
12565,0,CF1,L5,0.7,zero_fill,2,0,0.11731231957674026,0,False,0.26778242677824265,0.24407252440725244,0.68359375
22474,0,CF1,L5,0.7,zero_fill,4,7,0.12078732252120972,0,False,0.26220362622036264,0.26778242677824265,0.75
25110,0,CF1,L5,0.7,zero_fill,9,3,0.1927051544189453,0,False,0.2775453277545328,0.25383542538354253,0.7109375
8275,0,CF1,L5,0.7,zero_fill,8,3,0.1786322146654129,0,False,0.24407252440725244,0.2524407252440725,0.70703125
3871,0,CF1,L5,0.7,zero_fill,1,2,0.19274772703647614,0,False,0.2315202231520223,0.24407252440725244,0.68359375
24639,0,CF1,L5,0.7,zero_fill,2,0,0.1673889011144638,0,False,0.2482566248256625,0.2580195258019526,0.72265625
15979,0,CF1,L5,0.7,zero_fill,3,0,0.17552167177200317,0,False,0.22454672245467225,0.24267782426778242,0.6796875
24513,0,CF1,L5,0.7,zero_fill,6,5,0.17211611568927765,0,False,0.2482566248256625,0.2412831241283124,0.67578125
10926,0,CF1,L5,0.7,zero_fill,7,5,0.15937656164169312,0,False,0.2398884239888424,0.23291492329149233,0.65234375
25564,0,CF1,L5,0.7,zero_fill,0,3,0.1857612282037735,0,False,0.23430962343096234,0.24546722454672246,0.6875
2118,0,CF1,L5,0.7,zero_fill,0,0,0.11980228871107101,1,False,0.2580195258019526,0.23709902370990238,0.6640625
4358,0,CF1,L5,0.7,zero_fill,9,0,0.19846351444721222,0,False,0.2705718270571827,0.24407252440725244,0.68359375
5674,0,CF1,L5,0.7,zero_fill,8,0,0.1359073668718338,0,False,0.2691771269177127,0.23291492329149233,0.65234375
3397,0,CF1,L5,0.7,zero_fill,7,2,0.15056324005126953,0,False,0.23291492329149233,0.24686192468619247,0.69140625
5183,0,CF1,L5,0.7,zero_fill,7,5,0.15152449905872345,0,False,0.2705718270571827,0.24267782426778242,0.6796875
7505,0,CF1,L5,0.7,zero_fill,9,3,0.24469095468521118,0,False,0.2691771269177127,0.2594142259414226,0.7265625
17539,0,CF1,L5,0.7,zero_fill,0,5,0.18532447516918182,0,False,0.2733612273361227,0.2594142259414226,0.7265625
23918,0,CF1,L5,0.7,zero_fill,6,0,0.1564999222755432,0,False,0.2594142259414226,0.25662482566248257,0.71875
19449,0,CF1,L5,0.7,zero_fill,2,3,0.13346590101718903,0,False,0.2510460251046025,0.2482566248256625,0.6953125
18599,0,CF1,L5,0.7,zero_fill,3,3,0.24241569638252258,1,False,0.22733612273361228,0.25662482566248257,0.71875
8175,0,CF1,L5,0.7,zero_fill,8,9,0.12137974798679352,0,False,0.25383542538354253,0.24686192468619247,0.69140625
18412,0,CF1,L5,0.7,zero_fill,7,5,0.16220133006572723,0,False,0.2384937238493724,0.23570432357043236,0.66015625
20667,0,CF1,L5,0.7,zero_fill,1,3,0.21204924583435059,0,False,0.26359832635983266,0.2580195258019526,0.72265625
8672,0,CF1,L5,0.7,zero_fill,9,1,0.15488076210021973,0,False,0.24546722454672246,0.2384937238493724,0.66796875
22087,0,CF1,L5,0.7,zero_fill,1,0,0.2293815016746521,0,False,0.2301255230125523,0.2608089260808926,0.73046875
6910,0,CF1,L5,0.7,zero_fill,2,5,0.22299973666667938,0,False,0.2496513249651325,0.24267782426778242,0.6796875
19205,0,CF1,L5,0.7,zero_fill,3,0,0.151096910238266,0,False,0.2524407252440725,0.24686192468619247,0.69140625
10581,0,CF1,L5,0.7,zero_fill,3,3,0.20795795321464539,1,False,0.2580195258019526,0.24686192468619247,0.69140625
14516,0,CF1,L5,0.7,zero_fill,4,1,0.13961780071258545,0,False,0.2398884239888424,0.2412831241283124,0.67578125
22602,0,CF1,L5,0.7,zero_fill,4,0,0.18366305530071259,0,False,0.23291492329149233,0.25523012552301255,0.71484375
1944,0,CF1,L5,0.7,zero_fill,0,0,0.17550303041934967,1,False,0.2398884239888424,0.24407252440725244,0.68359375
19718,0,CF1,L5,0.7,zero_fill,0,5,0.1484437882900238,0,False,0.2691771269177127,0.2594142259414226,0.7265625
15599,0,CF1,L5,0.7,zero_fill,7,3,0.17223119735717773,0,False,0.2412831241283124,0.24546722454672246,0.6875
16766,0,CF1,L5,0.7,zero_fill,9,0,0.1804000437259674,0,False,0.2412831241283124,0.24686192468619247,0.69140625
12317,0,CF1,L5,0.7,zero_fill,5,0,0.14725187420845032,0,False,0.2594142259414226,0.24686192468619247,0.69140625
6275,0,CF1,L5,0.7,zero_fill,6,3,0.4060317277908325,0,False,0.24546722454672246,0.2510460251046025,0.703125
14332,0,CF1,L5,0.7,zero_fill,3,0,0.16380013525485992,0,False,0.22873082287308227,0.2594142259414226,0.7265625
25615,0,CF1,L5,0.7,zero_fill,8,0,0.15145835280418396,0,False,0.26220362622036264,0.2510460251046025,0.703125
7680,0,CF1,L5,0.7,zero_fill,7,0,0.15359829366207123,0,False,0.23570432357043236,0.2594142259414226,0.7265625
22105,0,CF1,L5,0.7,zero_fill,7,7,0.13738098740577698,1,False,0.23709902370990238,0.26220362622036264,0.734375
19179,0,CF1,L5,0.7,zero_fill,5,5,0.14920003712177277,1,False,0.25662482566248257,0.2524407252440725,0.70703125
22379,0,CF1,L5,0.7,zero_fill,5,5,0.1820615828037262,1,False,0.23709902370990238,0.26778242677824265,0.75
11796,0,CF1,L5,0.7,zero_fill,0,4,0.23477357625961304,0,False,0.25383542538354253,0.2510460251046025,0.703125
16929,0,CF1,L5,0.7,zero_fill,0,3,0.20456965267658234,0,False,0.26220362622036264,0.26220362622036264,0.734375
20580,0,CF1,L5,0.7,zero_fill,2,5,0.18924789130687714,0,False,0.22733612273361228,0.2580195258019526,0.72265625
21272,0,CF1,L5,0.7,zero_fill,7,3,0.17412836849689484,0,False,0.2412831241283124,0.24267782426778242,0.6796875
12963,0,CF1,L5,0.7,zero_fill,4,0,0.18496617674827576,0,False,0.23709902370990238,0.23570432357043236,0.66015625
15648,0,CF1,L5,0.7,zero_fill,9,7,0.12643541395664215,0,False,0.26638772663877264,0.24267782426778242,0.6796875
10831,0,CF1,L5,0.7,zero_fill,6,9,0.1419161856174469,0,False,0.24686192468619247,0.2580195258019526,0.72265625
12228,0,CF1,L5,0.7,zero_fill,3,3,0.45202842354774475,1,False,0.2482566248256625,0.2510460251046025,0.703125
2242,0,CF1,L5,0.7,zero_fill,7,3,0.4870287775993347,0,False,0.21478382147838215,0.2496513249651325,0.69921875
25443,0,CF1,L5,0.7,zero_fill,3,3,0.2696209251880646,1,False,0.26638772663877264,0.23709902370990238,0.6640625
23913,0,CF1,L5,0.7,zero_fill,1,0,0.20160207152366638,0,False,0.2398884239888424,0.25523012552301255,0.71484375
18452,0,CF1,L5,0.7,zero_fill,1,0,0.20028068125247955,0,False,0.2384937238493724,0.23570432357043236,0.66015625
12210,0,CF1,L5,0.7,zero_fill,0,6,0.1519799679517746,0,False,0.2496513249651325,0.23570432357043236,0.66015625
3532,0,CF1,L5,0.7,zero_fill,6,3,0.16551968455314636,0,False,0.22873082287308227,0.2412831241283124,0.67578125
13678,0,CF1,L5,0.7,zero_fill,9,3,0.15656572580337524,0,False,0.2496513249651325,0.24546722454672246,0.6875
21370,0,CF1,L5,0.7,zero_fill,5,1,0.15893009305000305,0,False,0.2384937238493724,0.23709902370990238,0.6640625
23728,0,CF1,L5,0.7,zero_fill,9,0,0.22510480880737305,0,False,0.26778242677824265,0.2510460251046025,0.703125
7460,0,CF1,L5,0.7,zero_fill,0,0,0.18932045996189117,1,False,0.25523012552301255,0.2510460251046025,0.703125
25354,0,CF1,L5,0.7,zero_fill,2,1,0.15896795690059662,0,False,0.25383542538354253,0.2580195258019526,0.72265625
18984,0,CF1,L5,0.7,zero_fill,8,6,0.15682059526443481,0,False,0.25662482566248257,0.2524407252440725,0.70703125
12422,0,CF1,L5,0.7,zero_fill,6,6,0.2429068684577942,1,False,0.2412831241283124,0.2398884239888424,0.671875
7413,0,CF1,L5,0.7,zero_fill,4,1,0.1939840465784073,0,False,0.22594142259414227,0.24686192468619247,0.69140625
