patch_id,seed,family,level,frac,method,true_label,prediction,confidence,correct,bounded_unknown,isolated_missing_frac,mask_overlap_centre,centre_erased_frac
17222,0,CF4,L5,0.7,dictlearn,8,0,0.3959071934223175,0,False,0.9545454545454546,0.3181818181818182,0.875
7987,0,CF4,L5,0.7,dictlearn,4,5,0.49480608105659485,0,False,0.9545454545454546,0.3181818181818182,0.875
14403,0,CF4,L5,0.7,dictlearn,1,7,0.85590660572052,0,False,0.9545454545454546,0.3181818181818182,0.875
12904,0,CF4,L5,0.7,dictlearn,1,7,0.6495228409767151,0,False,0.9545454545454546,0.3181818181818182,0.875
1024,0,CF4,L5,0.7,dictlearn,2,0,0.19174885749816895,0,False,0.9545454545454546,0.3181818181818182,0.875
15700,0,CF4,L5,0.7,dictlearn,3,0,0.4353809654712677,0,False,0.9545454545454546,0.3181818181818182,0.875
12639,0,CF4,L5,0.7,dictlearn,7,7,0.5282877087593079,1,False,0.9545454545454546,0.3181818181818182,0.875
20658,0,CF4,L5,0.7,dictlearn,4,1,0.2656628489494324,0,False,0.9545454545454546,0.3181818181818182,0.875
2642,0,CF4,L5,0.7,dictlearn,7,7,0.9335454702377319,1,False,0.9545454545454546,0.3181818181818182,0.875
9392,0,CF4,L5,0.7,dictlearn,9,7,0.9034774899482727,0,False,0.9545454545454546,0.3181818181818182,0.875
23357,0,CF4,L5,0.7,dictlearn,5,7,0.6292679905891418,0,False,0.9545454545454546,0.3181818181818182,0.875
15977,0,CF4,L5,0.7,dictlearn,0,7,0.7614484429359436,0,False,0.9545454545454546,0.3181818181818182,0.875
10440,0,CF4,L5,0.7,dictlearn,0,7,0.9366052150726318,0,False,0.9545454545454546,0.3181818181818182,0.875
14216,0,CF4,L5,0.7,dictlearn,3,7,0.6008917093276978,0,False,0.9545454545454546,0.3181818181818182,0.875
18353,0,CF4,L5,0.7,dictlearn,7,7,0.9568727016448975,1,False,0.9545454545454546,0.3181818181818182,0.875
17404,0,CF4,L5,0.7,dictlearn,3,7,0.6958087682723999,0,False,0.9545454545454546,0.3181818181818182,0.875
8424,0,CF4,L5,0.7,dictlearn,8,7,0.9266266226768494,0,False,0.9545454545454546,0.3181818181818182,0.875
4744,0,CF4,L5,0.7,dictlearn,8,7,0.796372652053833,0,False,0.9545454545454546,0.3181818181818182,0.875
18797,0,CF4,L5,0.7,dictlearn,7,7,0.9473356604576111,1,False,0.9545454545454546,0.3181818181818182,0.875
3156,0,CF4,L5,0.7,dictlearn,7,7,0.9463046193122864,1,False,0.9545454545454546,0.3181818181818182,0.875
17024,0,CF4,L5,0.7,dictlearn,2,7,0.4266171157360077,0,False,0.9545454545454546,0.3181818181818182,0.875
7807,0,CF4,L5,0.7,dictlearn,8,7,0.6944217681884766,0,False,0.9545454545454546,0.3181818181818182,0.875
138,0,CF4,L5,0.7,dictlearn,0,7,0.244942769408226,0,False,0.9545454545454546,0.3181818181818182,0.875
20222,0,CF4,L5,0.7,dictlearn,2,7,0.7020831108093262,0,False,0.9545454545454546,0.3181818181818182,0.875
24734,0,CF4,L5,0.7,dictlearn,9,7,0.958266019821167,0,False,0.9545454545454546,0.3181818181818182,0.875
8909,0,CF4,L5,0.7,dictlearn,0,0,0.44545334577560425,1,False,0.9545454545454546,0.3181818181818182,0.875
4684,0,CF4,L5,0.7,dictlearn,1,7,0.30105698108673096,0,False,0.9545454545454546,0.3181818181818182,0.875
15978,0,CF4,L5,0.7,dictlearn,6,5,0.4302157461643219,0,False,0.9545454545454546,0.3181818181818182,0.875
21495,0,CF4,L5,0.7,dictlearn,7,7,0.7872892022132874,1,False,0.9545454545454546,0.3181818181818182,0.875
5107,0,CF4,L5,0.7,dictlearn,6,5,0.41850584745407104,0,False,0.9545454545454546,0.3181818181818182,0.875
1914,0,CF4,L5,0.7,dictlearn,2,7,0.9559875130653381,0,False,0.9545454545454546,0.3181818181818182,0.875
21307,0,CF4,L5,0.7,dictlearn,1,7,0.6502466797828674,0,False,0.9545454545454546,0.3181818181818182,0.875
7178,0,CF4,L5,0.7,dictlearn,4,7,0.8847283124923706,0,False,0.9545454545454546,0.3181818181818182,0.875
13264,0,CF4,L5,0.7,dictlearn,4,0,0.3439162075519562,0,False,0.9545454545454546,0.3181818181818182,0.875
21507,0,CF4,L5,0.7,dictlearn,1,7,0.5778812766075134,0,False,0.9545454545454546,0.3181818181818182,0.875
8399,0,CF4,L5,0.7,dictlearn,9,0,0.39699888229370117,0,False,0.9545454545454546,0.3181818181818182,0.875
4384,0,CF4,L5,0.7,dictlearn,0,0,0.4440764784812927,1,False,0.9545454545454546,0.3181818181818182,0.875
5820,0,CF4,L5,0.7,dictlearn,0,7,0.5069385170936584,0,False,0.9545454545454546,0.3181818181818182,0.875
22865,0,CF4,L5,0.7,dictlearn,0,7,0.7887765765190125,0,False,0.9545454545454546,0.3181818181818182,0.875
65,0,CF4,L5,0.7,dictlearn,0,7,0.4518167972564697,0,False,0.9545454545454546,0.3181818181818182,0.875
15494,0,CF4,L5,0.7,dictlearn,6,1,0.5788424015045166,0,False,0.9545454545454546,0.3181818181818182,0.875
2327,0,CF4,L5,0.7,dictlearn,5,7,0.9592283368110657,0,False,0.9545454545454546,0.3181818181818182,0.875
24596,0,CF4,L5,0.7,dictlearn,7,5,0.6393500566482544,0,False,0.9545454545454546,0.3181818181818182,0.875
3825,0,CF4,L5,0.7,dictlearn,5,7,0.4175373613834381,0,False,0.9545454545454546,0.3181818181818182,0.875
17168,0,CF4,L5,0.7,dictlearn,7,7,0.9837952852249146,1,False,0.9545454545454546,0.3181818181818182,0.875
4357,0,CF4,L5,0.7,dictlearn,3,6,0.3348570764064789,0,False,0.9545454545454546,0.3181818181818182,0.875
2364,0,CF4,L5,0.7,dictlearn,9,7,0.44232243299484253,0,False,0.9545454545454546,0.3181818181818182,0.875
8703,0,CF4,L5,0.7,dictlearn,9,7,0.9058043360710144,0,False,0.9545454545454546,0.3181818181818182,0.875
19390,0,CF4,L5,0.7,dictlearn,9,0,0.858285665512085,0,False,0.9545454545454546,0.3181818181818182,0.875
17853,0,CF4,L5,0.7,dictlearn,6,1,0.41520166397094727,0,False,0.9545454545454546,0.3181818181818182,0.875
4930,0,CF4,L5,0.7,dictlearn,4,1,0.6893206834793091,0,False,0.9545454545454546,0.3181818181818182,0.875
5314,0,CF4,L5,0.7,dictlearn,8,7,0.5905918478965759,0,False,0.9545454545454546,0.3181818181818182,0.875
4478,0,CF4,L5,0.7,dictlearn,8,7,0.24541817605495453,0,False,0.9545454545454546,0.3181818181818182,0.875
23679,0,CF4,L5,0.7,dictlearn,4,1,0.5663941502571106,0,False,0.9545454545454546,0.3181818181818182,0.875
5449,0,CF4,L5,0.7,dictlearn,1,7,0.5293421745300293,0,False,0.9545454545454546,0.3181818181818182,0.875
24183,0,CF4,L5,0.7,dictlearn,0,7,0.7986060976982117,0,False,0.9545454545454546,0.3181818181818182,0.875
20842,0,CF4,L5,0.7,dictlearn,3,7,0.91801518201828,0,False,0.9545454545454546,0.3181818181818182,0.875
18825,0,CF4,L5,0.7,dictlearn,9,7,0.5941567420959473,0,False,0.9545454545454546,0.3181818181818182,0.875
6265,0,CF4,L5,0.7,dictlearn,1,7,0.3718551993370056,0,False,0.9545454545454546,0.3181818181818182,0.875
24932,0,CF4,L5,0.7,dictlearn,4,7,0.7293902039527893,0,False,0.9545454545454546,0.3181818181818182,0.875
14427,0,CF4,L5,0.7,dictlearn,8,7,0.5418557524681091,0,False,0.9545454545454546,0.3181818181818182,0.875
3740,0,CF4,L5,0.7,dictlearn,7,7,0.6035275459289551,1,False,0.9545454545454546,0.3181818181818182,0.875
16809,0,CF4,L5,0.7,dictlearn,9,0,0.44748082756996155,0,False,0.9545454545454546,0.3181818181818182,0.875
1136,0,CF4,L5,0.7,dictlearn,1,1,0.9286991357803345,1,False,0.9545454545454546,0.3181818181818182,0.875
25757,0,CF4,L5,0.7,dictlearn,5,1,0.4702312648296356,0,False,0.9545454545454546,0.3181818181818182,0.875
7356,0,CF4,L5,0.7,dictlearn,4,1,0.796850323677063,0,False,0.9545454545454546,0.3181818181818182,0.875
12298,0,CF4,L5,0.7,dictlearn,0,7,0.9010871648788452,0,False,0.9545454545454546,0.3181818181818182,0.875
5700,0,CF4,L5,0.7,dictlearn,3,7,0.8117056488990784,0,False,0.9545454545454546,0.3181818181818182,0.875
22753,0,CF4,L5,0.7,dictlearn,6,0,0.2945692539215088,0,False,0.9545454545454546,0.3181818181818182,0.875
16813,0,CF4,L5,0.7,dictlearn,6,7,0.337616890668869,0,False,0.9545454545454546,0.3181818181818182,0.875
7373,0,CF4,L5,0.7,dictlearn,8,7,0.847283661365509,0,False,0.9545454545454546,0.3181818181818182,0.875
20149,0,CF4,L5,0.7,dictlearn,2,7,0.9031233787536621,0,False,0.9545454545454546,0.3181818181818182,0.875
15874,0,CF4,L5,0.7,dictlearn,9,2,0.4319649934768677,0,False,0.9545454545454546,0.3181818181818182,0.875
26011,0,CF4,L5,0.7,dictlearn,0,7,0.7602003812789917,0,False,0.9545454545454546,0.3181818181818182,0.875
4196,0,CF4,L5,0.7,dictlearn,9,7,0.7553202509880066,0,False,0.9545454545454546,0.3181818181818182,0.875
11227,0,CF4,L5,0.7,dictlearn,3,7,0.49166539311408997,0,False,0.9545454545454546,0.3181818181818182,0.875
15736,0,CF4,L5,0.7,dictlearn,3,7,0.9145263433456421,0,False,0.9545454545454546,0.3181818181818182,0.875
6339,0,CF4,L5,0.7,dictlearn,6,0,0.6294702887535095,0,False,0.9545454545454546,0.3181818181818182,0.875
25704,0,CF4,L5,0.7,dictlearn,2,7,0.9178218245506287,0,False,0.9545454545454546,0.3181818181818182,0.875
3190,0,CF4,L5,0.7,dictlearn,7,7,0.7410683035850525,1,False,0.9545454545454546,0.3181818181818182,0.875
737,0,CF4,L5,0.7,dictlearn,4,5,0.5076372027397156,0,False,0.9545454545454546,0.3181818181818182,0.875
22875,0,CF4,L5,0.7,dictlearn,9,0,0.3484511971473694,0,False,0.9545454545454546,0.3181818181818182,0.875
22749,0,CF4,L5,0.7,dictlearn,3,7,0.9445986151695251,0,False,0.9545454545454546,0.3181818181818182,0.875
22998,0,CF4,L5,0.7,dictlearn,3,2,0.8166526556015015,0,False,0.9545454545454546,0.3181818181818182,0.875
24210,0,CF4,L5,0.7,dictlearn,5,7,0.6876576542854309,0,False,0.9545454545454546,0.3181818181818182,0.875
6800,0,CF4,L5,0.7,dictlearn,4,1,0.7176297903060913,0,False,0.9545454545454546,0.3181818181818182,0.875
16602,0,CF4,L5,0.7,dictlearn,9,7,0.3063121736049652,0,False,0.9545454545454546,0.3181818181818182,0.875
10822,0,CF4,L5,0.7,dictlearn,6,1,0.287185400724411,0,False,0.9545454545454546,0.3181818181818182,0.875
12822,0,CF4,L5,0.7,dictlearn,1,1,0.6771902441978455,1,False,0.9545454545454546,0.3181818181818182,0.875
12758,0,CF4,L5,0.7,dictlearn,5,7,0.7552444934844971,0,False,0.9545454545454546,0.3181818181818182,0.875
21144,0,CF4,L5,0.7,dictlearn,4,7,0.4573825001716614,0,False,0.9545454545454546,0.3181818181818182,0.875
4900,0,CF4,L5,0.7,dictlearn,6,7,0.6268925070762634,0,False,0.9545454545454546,0.3181818181818182,0.875
22888,0,CF4,L5,0.7,dictlearn,9,7,0.40733057260513306,0,False,0.9545454545454546,0.3181818181818182,0.875
19935,0,CF4,L5,0.7,dictlearn,9,7,0.28645190596580505,0,False,0.9545454545454546,0.3181818181818182,0.875
21896,0,CF4,L5,0.7,dictlearn,7,7,0.9336009621620178,1,False,0.9545454545454546,0.3181818181818182,0.875
3475,0,CF4,L5,0.7,dictlearn,3,7,0.9589378237724304,0,False,0.9545454545454546,0.3181818181818182,0.875
16171,0,CF4,L5,0.7,dictlearn,0,0,0.617543637752533,1,False,0.9545454545454546,0.3181818181818182,0.875
4672,0,CF4,L5,0.7,dictlearn,4,7,0.9887117147445679,0,False,0.9545454545454546,0.3181818181818182,0.875
10146,0,CF4,L5,0.7,dictlearn,2,0,0.32545873522758484,0,False,0.9545454545454546,0.3181818181818182,0.875
9207,0,CF4,L5,0.7,dictlearn,7,7,0.842007577419281,1,False,0.9545454545454546,0.3181818181818182,0.875
17745,0,CF4,L5,0.7,dictlearn,9,7,0.8382676243782043,0,False,0.9545454545454546,0.3181818181818182,0.875
432,0,CF4,L5,0.7,dictlearn,7,7,0.9240478277206421,1,False,0.9545454545454546,0.3181818181818182,0.875
6608,0,CF4,L5,0.7,dictlearn,4,7,0.8681634664535522,0,False,0.9545454545454546,0.3181818181818182,0.875
25769,0,CF4,L5,0.7,dictlearn,9,2,0.4688023030757904,0,False,0.9545454545454546,0.3181818181818182,0.875
14774,0,CF4,L5,0.7,dictlearn,3,7,0.9690932631492615,0,False,0.9545454545454546,0.3181818181818182,0.875
21627,0,CF4,L5,0.7,dictlearn,4,5,0.5616638660430908,0,False,0.9545454545454546,0.3181818181818182,0.875
8133,0,CF4,L5,0.7,dictlearn,2,7,0.5551474094390869,0,False,0.9545454545454546,0.3181818181818182,0.875
12554,0,CF4,L5,0.7,dictlearn,4,7,0.7099258303642273,0,False,0.9545454545454546,0.3181818181818182,0.875
10856,0,CF4,L5,0.7,dictlearn,1,7,0.7577956914901733,0,False,0.9545454545454546,0.3181818181818182,0.875
15931,0,CF4,L5,0.7,dictlearn,3,7,0.9776766300201416,0,False,0.9545454545454546,0.3181818181818182,0.875
2367,0,CF4,L5,0.7,dictlearn,2,6,0.3106880486011505,0,False,0.9545454545454546,0.3181818181818182,0.875
25563,0,CF4,L5,0.7,dictlearn,7,7,0.9731817841529846,1,False,0.9545454545454546,0.3181818181818182,0.875
6748,0,CF4,L5,0.7,dictlearn,2,5,0.3113241195678711,0,False,0.9545454545454546,0.3181818181818182,0.875
5368,0,CF4,L5,0.7,dictlearn,8,0,0.46537402272224426,0,False,0.9545454545454546,0.3181818181818182,0.875
25951,0,CF4,L5,0.7,dictlearn,6,5,0.3632550537586212,0,False,0.9545454545454546,0.3181818181818182,0.875
22082,0,CF4,L5,0.7,dictlearn,7,7,0.9691221714019775,1,False,0.9545454545454546,0.3181818181818182,0.875
19301,0,CF4,L5,0.7,dictlearn,4,1,0.8039736747741699,0,False,0.9545454545454546,0.3181818181818182,0.875
13302,0,CF4,L5,0.7,dictlearn,4,1,0.387706458568573,0,False,0.9545454545454546,0.3181818181818182,0.875
15358,0,CF4,L5,0.7,dictlearn,0,7,0.6818856000900269,0,False,0.9545454545454546,0.3181818181818182,0.875
23572,0,CF4,L5,0.7,dictlearn,2,7,0.7625918984413147,0,False,0.9545454545454546,0.3181818181818182,0.875
14736,0,CF4,L5,0.7,dictlearn,4,7,0.8045801520347595,0,False,0.9545454545454546,0.3181818181818182,0.875
16685,0,CF4,L5,0.7,dictlearn,2,7,0.7553606629371643,0,False,0.9545454545454546,0.3181818181818182,0.875
21902,0,CF4,L5,0.7,dictlearn,7,7,0.7334021925926208,1,False,0.9545454545454546,0.3181818181818182,0.875
6713,0,CF4,L5,0.7,dictlearn,5,7,0.6296612620353699,0,False,0.9545454545454546,0.3181818181818182,0.875
8771,0,CF4,L5,0.7,dictlearn,4,5,0.669533908367157,0,False,0.9545454545454546,0.3181818181818182,0.875
20264,0,CF4,L5,0.7,dictlearn,3,5,0.30625832080841064,0,False,0.9545454545454546,0.3181818181818182,0.875
24489,0,CF4,L5,0.7,dictlearn,1,7,0.4874579906463623,0,False,0.9545454545454546,0.3181818181818182,0.875
24852,0,CF4,L5,0.7,dictlearn,1,7,0.44906771183013916,0,False,0.9545454545454546,0.3181818181818182,0.875
6746,0,CF4,L5,0.7,dictlearn,1,7,0.9060450196266174,0,False,0.9545454545454546,0.3181818181818182,0.875
5951,0,CF4,L5,0.7,dictlearn,5,7,0.5065166354179382,0,False,0.9545454545454546,0.3181818181818182,0.875
6438,0,CF4,L5,0.7,dictlearn,4,7,0.375461608171463,0,False,0.9545454545454546,0.3181818181818182,0.875
11126,0,CF4,L5,0.7,dictlearn,9,1,0.4349011480808258,0,False,0.9545454545454546,0.3181818181818182,0.875
24241,0,CF4,L5,0.7,dictlearn,3,7,0.6144819259643555,0,False,0.9545454545454546,0.3181818181818182,0.875
23621,0,CF4,L5,0.7,dictlearn,6,7,0.7584715485572815,0,False,0.9545454545454546,0.3181818181818182,0.875
14358,0,CF4,L5,0.7,dictlearn,6,7,0.5345678925514221,0,False,0.9545454545454546,0.3181818181818182,0.875
19003,0,CF4,L5,0.7,dictlearn,6,7,0.7501000761985779,0,False,0.9545454545454546,0.3181818181818182,0.875
3760,0,CF4,L5,0.7,dictlearn,9,7,0.5549412369728088,0,False,0.9545454545454546,0.3181818181818182,0.875
1155,0,CF4,L5,0.7,dictlearn,5,7,0.9532614350318909,0,False,0.9545454545454546,0.3181818181818182,0.875
22044,0,CF4,L5,0.7,dictlearn,8,7,0.5899634957313538,0,False,0.9545454545454546,0.3181818181818182,0.875
17521,0,CF4,L5,0.7,dictlearn,4,6,0.33692020177841187,0,False,0.9545454545454546,0.3181818181818182,0.875
15177,0,CF4,L5,0.7,dictlearn,9,7,0.5041753649711609,0,False,0.9545454545454546,0.3181818181818182,0.875
21080,0,CF4,L5,0.7,dictlearn,0,0,0.6536365747451782,1,False,0.9545454545454546,0.3181818181818182,0.875
4507,0,CF4,L5,0.7,dictlearn,5,7,0.865626871585846,0,False,0.9545454545454546,0.3181818181818182,0.875
10600,0,CF4,L5,0.7,dictlearn,7,7,0.8713982105255127,1,False,0.9545454545454546,0.3181818181818182,0.875
11754,0,CF4,L5,0.7,dictlearn,1,1,0.506309449672699,1,False,0.9545454545454546,0.3181818181818182,0.875
22934,0,CF4,L5,0.7,dictlearn,4,7,0.7804750800132751,0,False,0.9545454545454546,0.3181818181818182,0.875
19094,0,CF4,L5,0.7,dictlearn,3,7,0.6429657936096191,0,False,0.9545454545454546,0.3181818181818182,0.875
25246,0,CF4,L5,0.7,dictlearn,7,7,0.446183979511261,1,False,0.9545454545454546,0.3181818181818182,0.875
14745,0,CF4,L5,0.7,dictlearn,2,0,0.709197998046875,0,False,0.9545454545454546,0.3181818181818182,0.875
3177,0,CF4,L5,0.7,dictlearn,8,7,0.8448597192764282,0,False,0.9545454545454546,0.3181818181818182,0.875
13870,0,CF4,L5,0.7,dictlearn,5,7,0.3933737874031067,0,False,0.9545454545454546,0.3181818181818182,0.875
5605,0,CF4,L5,0.7,dictlearn,6,7,0.9801427125930786,0,False,0.9545454545454546,0.3181818181818182,0.875
5202,0,CF4,L5,0.7,dictlearn,8,7,0.7702730894088745,0,False,0.9545454545454546,0.3181818181818182,0.875
8800,0,CF4,L5,0.7,dictlearn,5,7,0.5844840407371521,0,False,0.9545454545454546,0.3181818181818182,0.875
645,0,CF4,L5,0.7,dictlearn,3,7,0.942952573299408,0,False,0.9545454545454546,0.3181818181818182,0.875
16077,0,CF4,L5,0.7,dictlearn,5,7,0.829633355140686,0,False,0.9545454545454546,0.3181818181818182,0.875
15336,0,CF4,L5,0.7,dictlearn,5,7,0.6058268547058105,0,False,0.9545454545454546,0.3181818181818182,0.875
20933,0,CF4,L5,0.7,dictlearn,0,0,0.377805233001709,1,False,0.9545454545454546,0.3181818181818182,0.875
10580,0,CF4,L5,0.7,dictlearn,8,7,0.9697493314743042,0,False,0.9545454545454546,0.3181818181818182,0.875
25902,0,CF4,L5,0.7,dictlearn,6,7,0.8576520681381226,0,False,0.9545454545454546,0.3181818181818182,0.875
4666,0,CF4,L5,0.7,dictlearn,8,7,0.5898184180259705,0,False,0.9545454545454546,0.3181818181818182,0.875
14541,0,CF4,L5,0.7,dictlearn,4,5,0.6075054407119751,0,False,0.9545454545454546,0.3181818181818182,0.875
7374,0,CF4,L5,0.7,dictlearn,5,7,0.3501143753528595,0,False,0.9545454545454546,0.3181818181818182,0.875
4697,0,CF4,L5,0.7,dictlearn,5,0,0.452202707529068,0,False,0.9545454545454546,0.3181818181818182,0.875
6317,0,CF4,L5,0.7,dictlearn,5,7,0.539996862411499,0,False,0.9545454545454546,0.3181818181818182,0.875
16623,0,CF4,L5,0.7,dictlearn,6,7,0.6575776934623718,0,False,0.9545454545454546,0.3181818181818182,0.875
16511,0,CF4,L5,0.7,dictlearn,6,7,0.4258151054382324,0,False,0.9545454545454546,0.3181818181818182,0.875
16162,0,CF4,L5,0.7,dictlearn,3,0,0.31879642605781555,0,False,0.9545454545454546,0.3181818181818182,0.875
5989,0,CF4,L5,0.7,dictlearn,1,7,0.7610654234886169,0,False,0.9545454545454546,0.3181818181818182,0.875
18753,0,CF4,L5,0.7,dictlearn,5,7,0.7114822864532471,0,False,0.9545454545454546,0.3181818181818182,0.875
20853,0,CF4,L5,0.7,dictlearn,4,7,0.9673073291778564,0,False,0.9545454545454546,0.3181818181818182,0.875
16556,0,CF4,L5,0.7,dictlearn,0,7,0.9627102017402649,0,False,0.9545454545454546,0.3181818181818182,0.875
7019,0,CF4,L5,0.7,dictlearn,9,7,0.4286886155605316,0,False,0.9545454545454546,0.3181818181818182,0.875
3090,0,CF4,L5,0.7,dictlearn,6,7,0.350413978099823,0,False,0.9545454545454546,0.3181818181818182,0.875
14680,0,CF4,L5,0.7,dictlearn,3,7,0.7654418349266052,0,False,0.9545454545454546,0.3181818181818182,0.875
869,0,CF4,L5,0.7,dictlearn,3,7,0.8320158123970032,0,False,0.9545454545454546,0.3181818181818182,0.875
7595,0,CF4,L5,0.7,dictlearn,6,1,0.4337007701396942,0,False,0.9545454545454546,0.3181818181818182,0.875
14417,0,CF4,L5,0.7,dictlearn,1,7,0.5181655883789062,0,False,0.9545454545454546,0.3181818181818182,0.875
13624,0,CF4,L5,0.7,dictlearn,9,7,0.9590449333190918,0,False,0.9545454545454546,0.3181818181818182,0.875
21083,0,CF4,L5,0.7,dictlearn,0,7,0.8019254207611084,0,False,0.9545454545454546,0.3181818181818182,0.875
7556,0,CF4,L5,0.7,dictlearn,1,7,0.39297008514404297,0,False,0.9545454545454546,0.3181818181818182,0.875
9289,0,CF4,L5,0.7,dictlearn,8,7,0.7140902280807495,0,False,0.9545454545454546,0.3181818181818182,0.875
19944,0,CF4,L5,0.7,dictlearn,3,7,0.9647603034973145,0,False,0.9545454545454546,0.3181818181818182,0.875
6057,0,CF4,L5,0.7,dictlearn,1,1,0.941279411315918,1,False,0.9545454545454546,0.3181818181818182,0.875
23029,0,CF4,L5,0.7,dictlearn,8,7,0.9361736178398132,0,False,0.9545454545454546,0.3181818181818182,0.875
23668,0,CF4,L5,0.7,dictlearn,5,7,0.9030368328094482,0,False,0.9545454545454546,0.3181818181818182,0.875
13115,0,CF4,L5,0.7,dictlearn,8,7,0.3373531401157379,0,False,0.9545454545454546,0.3181818181818182,0.875
20635,0,CF4,L5,0.7,dictlearn,3,7,0.45106041431427,0,False,0.9545454545454546,0.3181818181818182,0.875
4281,0,CF4,L5,0.7,dictlearn,4,1,0.8862854838371277,0,False,0.9545454545454546,0.3181818181818182,0.875
4139,0,CF4,L5,0.7,dictlearn,9,7,0.6781370043754578,0,False,0.9545454545454546,0.3181818181818182,0.875
10652,0,CF4,L5,0.7,dictlearn,1,5,0.3758888244628906,0,False,0.9545454545454546,0.3181818181818182,0.875
700,0,CF4,L5,0.7,dictlearn,1,1,0.4742305278778076,1,False,0.9545454545454546,0.3181818181818182,0.875
5772,0,CF4,L5,0.7,dictlearn,3,7,0.8677183985710144,0,False,0.9545454545454546,0.3181818181818182,0.875
8114,0,CF4,L5,0.7,dictlearn,9,7,0.7179887890815735,0,False,0.9545454545454546,0.3181818181818182,0.875
5964,0,CF4,L5,0.7,dictlearn,6,1,0.4721158444881439,0,False,0.9545454545454546,0.3181818181818182,0.875
17278,0,CF4,L5,0.7,dictlearn,7,7,0.9002968668937683,1,False,0.9545454545454546,0.3181818181818182,0.875
9961,0,CF4,L5,0.7,dictlearn,0,2,0.27030667662620544,0,False,0.9545454545454546,0.3181818181818182,0.875
25974,0,CF4,L5,0.7,dictlearn,7,7,0.9898388385772705,1,False,0.9545454545454546,0.3181818181818182,0.875
14317,0,CF4,L5,0.7,dictlearn,3,7,0.8968802690505981,0,False,0.9545454545454546,0.3181818181818182,0.875
6485,0,CF4,L5,0.7,dictlearn,0,7,0.5360987782478333,0,False,0.9545454545454546,0.3181818181818182,0.875
18287,0,CF4,L5,0.7,dictlearn,0,7,0.9604905247688293,0,False,0.9545454545454546,0.3181818181818182,0.875
11840,0,CF4,L5,0.7,dictlearn,4,7,0.6023731827735901,0,False,0.9545454545454546,0.3181818181818182,0.875
864,0,CF4,L5,0.7,dictlearn,0,7,0.7938026785850525,0,False,0.9545454545454546,0.3181818181818182,0.875
20612,0,CF4,L5,0.7,dictlearn,1,7,0.5544453263282776,0,False,0.9545454545454546,0.3181818181818182,0.875
21079,0,CF4,L5,0.7,dictlearn,1,1,0.5937530994415283,1,False,0.9545454545454546,0.3181818181818182,0.875
11286,0,CF4,L5,0.7,dictlearn,5,7,0.7428053617477417,0,False,0.9545454545454546,0.3181818181818182,0.875
788,0,CF4,L5,0.7,dictlearn,0,7,0.8599798679351807,0,False,0.9545454545454546,0.3181818181818182,0.875
15932,0,CF4,L5,0.7,dictlearn,3,7,0.8473241925239563,0,False,0.9545454545454546,0.3181818181818182,0.875
18511,0,CF4,L5,0.7,dictlearn,3,7,0.9418045878410339,0,False,0.9545454545454546,0.3181818181818182,0.875
21576,0,CF4,L5,0.7,dictlearn,5,7,0.7774860262870789,0,False,0.9545454545454546,0.3181818181818182,0.875
17237,0,CF4,L5,0.7,dictlearn,2,7,0.6234680414199829,0,False,0.9545454545454546,0.3181818181818182,0.875
2966,0,CF4,L5,0.7,dictlearn,2,7,0.705375611782074,0,False,0.9545454545454546,0.3181818181818182,0.875
16416,0,CF4,L5,0.7,dictlearn,5,5,0.5310975313186646,1,False,0.9545454545454546,0.3181818181818182,0.875
1280,0,CF4,L5,0.7,dictlearn,5,7,0.9707754850387573,0,False,0.9545454545454546,0.3181818181818182,0.875
24928,0,CF4,L5,0.7,dictlearn,0,7,0.8827368021011353,0,False,0.9545454545454546,0.3181818181818182,0.875
23837,0,CF4,L5,0.7,dictlearn,1,0,0.2483796924352646,0,False,0.9545454545454546,0.3181818181818182,0.875
20230,0,CF4,L5,0.7,dictlearn,1,5,0.3411427438259125,0,False,0.9545454545454546,0.3181818181818182,0.875
23434,0,CF4,L5,0.7,dictlearn,5,7,0.7865762710571289,0,False,0.9545454545454546,0.3181818181818182,0.875
20522,0,CF4,L5,0.7,dictlearn,6,1,0.4437105059623718,0,False,0.9545454545454546,0.3181818181818182,0.875
7789,0,CF4,L5,0.7,dictlearn,3,7,0.30744805932044983,0,False,0.9545454545454546,0.3181818181818182,0.875
22086,0,CF4,L5,0.7,dictlearn,6,1,0.5560491681098938,0,False,0.9545454545454546,0.3181818181818182,0.875
21339,0,CF4,L5,0.7,dictlearn,0,2,0.7978230714797974,0,False,0.9545454545454546,0.3181818181818182,0.875
6830,0,CF4,L5,0.7,dictlearn,9,2,0.7952925562858582,0,False,0.9545454545454546,0.3181818181818182,0.875
20902,0,CF4,L5,0.7,dictlearn,2,7,0.5696330666542053,0,False,0.9545454545454546,0.3181818181818182,0.875
17481,0,CF4,L5,0.7,dictlearn,5,7,0.6330535411834717,0,False,0.9545454545454546,0.3181818181818182,0.875
3050,0,CF4,L5,0.7,dictlearn,6,7,0.37049680948257446,0,False,0.9545454545454546,0.3181818181818182,0.875
409,0,CF4,L5,0.7,dictlearn,1,1,0.6937416195869446,1,False,0.9545454545454546,0.3181818181818182,0.875
14823,0,CF4,L5,0.7,dictlearn,7,7,0.9687642455101013,1,False,0.9545454545454546,0.3181818181818182,0.875
22892,0,CF4,L5,0.7,dictlearn,9,0,0.23523809015750885,0,False,0.9545454545454546,0.3181818181818182,0.875
9470,0,CF4,L5,0.7,dictlearn,8,2,0.23339597880840302,0,False,0.9545454545454546,0.3181818181818182,0.875
9543,0,CF4,L5,0.7,dictlearn,6,7,0.4915156960487366,0,False,0.9545454545454546,0.3181818181818182,0.875
22090,0,CF4,L5,0.7,dictlearn,5,7,0.9852428436279297,0,False,0.9545454545454546,0.3181818181818182,0.875
6045,0,CF4,L5,0.7,dictlearn,6,1,0.3070448040962219,0,False,0.9545454545454546,0.3181818181818182,0.875
317,0,CF4,L5,0.7,dictlearn,8,7,0.8872802257537842,0,False,0.9545454545454546,0.3181818181818182,0.875
15812,0,CF4,L5,0.7,dictlearn,0,7,0.8600516319274902,0,False,0.9545454545454546,0.3181818181818182,0.875
18170,0,CF4,L5,0.7,dictlearn,9,7,0.7608456611633301,0,False,0.9545454545454546,0.3181818181818182,0.875
14781,0,CF4,L5,0.7,dictlearn,0,7,0.7275693416595459,0,False,0.9545454545454546,0.3181818181818182,0.875
17886,0,CF4,L5,0.7,dictlearn,9,7,0.8157891631126404,0,False,0.9545454545454546,0.3181818181818182,0.875
20049,0,CF4,L5,0.7,dictlearn,3,7,0.4696079194545746,0,False,0.9545454545454546,0.3181818181818182,0.875
13283,0,CF4,L5,0.7,dictlearn,0,7,0.8107931613922119,0,False,0.9545454545454546,0.3181818181818182,0.875
25830,0,CF4,L5,0.7,dictlearn,5,5,0.5978907346725464,1,False,0.9545454545454546,0.3181818181818182,0.875
14277,0,CF4,L5,0.7,dictlearn,9,0,0.5049058198928833,0,False,0.9545454545454546,0.3181818181818182,0.875
5908,0,CF4,L5,0.7,dictlearn,1,1,0.4678248167037964,1,False,0.9545454545454546,0.3181818181818182,0.875
9731,0,CF4,L5,0.7,dictlearn,8,7,0.6256517767906189,0,False,0.9545454545454546,0.3181818181818182,0.875
14180,0,CF4,L5,0.7,dictlearn,9,0,0.7761257886886597,0,False,0.9545454545454546,0.3181818181818182,0.875
9246,0,CF4,L5,0.7,dictlearn,2,7,0.670615553855896,0,False,0.9545454545454546,0.3181818181818182,0.875
1656,0,CF4,L5,0.7,dictlearn,2,7,0.5903255939483643,0,False,0.9545454545454546,0.3181818181818182,0.875
17712,0,CF4,L5,0.7,dictlearn,1,5,0.3475247025489807,0,False,0.9545454545454546,0.3181818181818182,0.875
25544,0,CF4,L5,0.7,dictlearn,9,7,0.8660510778427124,0,False,0.9545454545454546,0.3181818181818182,0.875
1120,0,CF4,L5,0.7,dictlearn,5,7,0.648815393447876,0,False,0.9545454545454546,0.3181818181818182,0.875
1298,0,CF4,L5,0.7,dictlearn,6,7,0.6123948693275452,0,False,0.9545454545454546,0.3181818181818182,0.875
25570,0,CF4,L5,0.7,dictlearn,2,7,0.47823405265808105,0,False,0.9545454545454546,0.3181818181818182,0.875
5370,0,CF4,L5,0.7,dictlearn,7,7,0.9379590749740601,1,False,0.9545454545454546,0.3181818181818182,0.875
19075,0,CF4,L5,0.7,dictlearn,2,7,0.7389294505119324,0,False,0.9545454545454546,0.3181818181818182,0.875
8583,0,CF4,L5,0.7,dictlearn,0,1,0.38443124294281006,0,False,0.9545454545454546,0.3181818181818182,0.875
2133,0,CF4,L5,0.7,dictlearn,0,7,0.8644620776176453,0,False,0.9545454545454546,0.3181818181818182,0.875
1982,0,CF4,L5,0.7,dictlearn,2,7,0.43434861302375793,0,False,0.9545454545454546,0.3181818181818182,0.875
950,0,CF4,L5,0.7,dictlearn,8,0,0.7092475295066833,0,False,0.9545454545454546,0.3181818181818182,0.875
19563,0,CF4,L5,0.7,dictlearn,4,1,0.24805626273155212,0,False,0.9545454545454546,0.3181818181818182,0.875
21023,0,CF4,L5,0.7,dictlearn,6,7,0.47254395484924316,0,False,0.9545454545454546,0.3181818181818182,0.875
15687,0,CF4,L5,0.7,dictlearn,0,7,0.8831086754798889,0,False,0.9545454545454546,0.3181818181818182,0.875
6444,0,CF4,L5,0.7,dictlearn,6,7,0.794610321521759,0,False,0.9545454545454546,0.3181818181818182,0.875
15735,0,CF4,L5,0.7,dictlearn,4,1,0.6272335648536682,0,False,0.9545454545454546,0.3181818181818182,0.875
10651,0,CF4,L5,0.7,dictlearn,0,7,0.6122274994850159,0,False,0.9545454545454546,0.3181818181818182,0.875
13256,0,CF4,L5,0.7,dictlearn,1,1,0.8835321664810181,1,False,0.9545454545454546,0.3181818181818182,0.875
16855,0,CF4,L5,0.7,dictlearn,6,5,0.322627991437912,0,False,0.9545454545454546,0.3181818181818182,0.875
14884,0,CF4,L5,0.7,dictlearn,9,7,0.8811111450195312,0,False,0.9545454545454546,0.3181818181818182,0.875
21884,0,CF4,L5,0.7,dictlearn,6,1,0.45224225521087646,0,False,0.9545454545454546,0.3181818181818182,0.875
5078,0,CF4,L5,0.7,dictlearn,3,7,0.662029504776001,0,False,0.9545454545454546,0.3181818181818182,0.875
20419,0,CF4,L5,0.7,dictlearn,9,6,0.24359095096588135,0,False,0.9545454545454546,0.3181818181818182,0.875
20521,0,CF4,L5,0.7,dictlearn,5,7,0.8038968443870544,0,False,0.9545454545454546,0.3181818181818182,0.875
23257,0,CF4,L5,0.7,dictlearn,5,7,0.7495795488357544,0,False,0.9545454545454546,0.3181818181818182,0.875
17190,0,CF4,L5,0.7,dictlearn,2,7,0.7785830497741699,0,False,0.9545454545454546,0.3181818181818182,0.875
15631,0,CF4,L5,0.7,dictlearn,8,7,0.7822802662849426,0,False,0.9545454545454546,0.3181818181818182,0.875
504,0,CF4,L5,0.7,dictlearn,0,7,0.5798788666725159,0,False,0.9545454545454546,0.3181818181818182,0.875
14990,0,CF4,L5,0.7,dictlearn,3,7,0.8272524476051331,0,False,0.9545454545454546,0.3181818181818182,0.875
24512,0,CF4,L5,0.7,dictlearn,8,7,0.7500852346420288,0,False,0.9545454545454546,0.3181818181818182,0.875
23120,0,CF4,L5,0.7,dictlearn,7,7,0.6107605695724487,1,False,0.9545454545454546,0.3181818181818182,0.875
3357,0,CF4,L5,0.7,dictlearn,2,7,0.8923842906951904,0,False,0.9545454545454546,0.3181818181818182,0.875
8088,0,CF4,L5,0.7,dictlearn,1,7,0.3367876708507538,0,False,0.9545454545454546,0.3181818181818182,0.875
21849,0,CF4,L5,0.7,dictlearn,9,6,0.37758758664131165,0,False,0.9545454545454546,0.3181818181818182,0.875
13683,0,CF4,L5,0.7,dictlearn,0,7,0.7977393269538879,0,False,0.9545454545454546,0.3181818181818182,0.875
22718,0,CF4,L5,0.7,dictlearn,9,7,0.3662480115890503,0,False,0.9545454545454546,0.3181818181818182,0.875
9927,0,CF4,L5,0.7,dictlearn,4,5,0.4425954818725586,0,False,0.9545454545454546,0.3181818181818182,0.875
11425,0,CF4,L5,0.7,dictlearn,0,7,0.9250039458274841,0,False,0.9545454545454546,0.3181818181818182,0.875
14578,0,CF4,L5,0.7,dictlearn,0,1,0.3850882947444916,0,False,0.9545454545454546,0.3181818181818182,0.875
25481,0,CF4,L5,0.7,dictlearn,8,7,0.36047250032424927,0,False,0.9545454545454546,0.3181818181818182,0.875
11269,0,CF4,L5,0.7,dictlearn,5,7,0.6769501566886902,0,False,0.9545454545454546,0.3181818181818182,0.875
12877,0,CF4,L5,0.7,dictlearn,5,5,0.7125658392906189,1,False,0.9545454545454546,0.3181818181818182,0.875
22531,0,CF4,L5,0.7,dictlearn,9,2,0.2564300000667572,0,False,0.9545454545454546,0.3181818181818182,0.875
13150,0,CF4,L5,0.7,dictlearn,3,7,0.9253208637237549,0,False,0.9545454545454546,0.3181818181818182,0.875
5654,0,CF4,L5,0.7,dictlearn,8,7,0.9522970914840698,0,False,0.9545454545454546,0.3181818181818182,0.875
1286,0,CF4,L5,0.7,dictlearn,7,7,0.9765604138374329,1,False,0.9545454545454546,0.3181818181818182,0.875
1652,0,CF4,L5,0.7,dictlearn,1,1,0.43400153517723083,1,False,0.9545454545454546,0.3181818181818182,0.875
22335,0,CF4,L5,0.7,dictlearn,2,7,0.5183752179145813,0,False,0.9545454545454546,0.3181818181818182,0.875
23848,0,CF4,L5,0.7,dictlearn,3,7,0.399344265460968,0,False,0.9545454545454546,0.3181818181818182,0.875
2892,0,CF4,L5,0.7,dictlearn,6,0,0.6743456125259399,0,False,0.9545454545454546,0.3181818181818182,0.875
16530,0,CF4,L5,0.7,dictlearn,8,7,0.5684963464736938,0,False,0.9545454545454546,0.3181818181818182,0.875
12848,0,CF4,L5,0.7,dictlearn,8,0,0.349704384803772,0,False,0.9545454545454546,0.3181818181818182,0.875
7330,0,CF4,L5,0.7,dictlearn,7,7,0.7942420244216919,1,False,0.9545454545454546,0.3181818181818182,0.875
3676,0,CF4,L5,0.7,dictlearn,1,7,0.5039916634559631,0,False,0.9545454545454546,0.3181818181818182,0.875
19966,0,CF4,L5,0.7,dictlearn,8,7,0.6137423515319824,0,False,0.9545454545454546,0.3181818181818182,0.875
8382,0,CF4,L5,0.7,dictlearn,5,7,0.6238298416137695,0,False,0.9545454545454546,0.3181818181818182,0.875
19660,0,CF4,L5,0.7,dictlearn,7,1,0.31647399067878723,0,False,0.9545454545454546,0.3181818181818182,0.875
2508,0,CF4,L5,0.7,dictlearn,9,7,0.9031187891960144,0,False,0.9545454545454546,0.3181818181818182,0.875
2360,0,CF4,L5,0.7,dictlearn,4,1,0.46663761138916016,0,False,0.9545454545454546,0.3181818181818182,0.875
16796,0,CF4,L5,0.7,dictlearn,1,1,0.6247354745864868,1,False,0.9545454545454546,0.3181818181818182,0.875
23426,0,CF4,L5,0.7,dictlearn,9,7,0.4061912000179291,0,False,0.9545454545454546,0.3181818181818182,0.875
15590,0,CF4,L5,0.7,dictlearn,2,2,0.43316009640693665,1,False,0.9545454545454546,0.3181818181818182,0.875
6302,0,CF4,L5,0.7,dictlearn,3,7,0.4146167039871216,0,False,0.9545454545454546,0.3181818181818182,0.875
24519,0,CF4,L5,0.7,dictlearn,7,7,0.5414302945137024,1,False,0.9545454545454546,0.3181818181818182,0.875
23276,0,CF4,L5,0.7,dictlearn,2,7,0.6641908288002014,0,False,0.9545454545454546,0.3181818181818182,0.875
24566,0,CF4,L5,0.7,dictlearn,8,7,0.7605007290840149,0,False,0.9545454545454546,0.3181818181818182,0.875
20978,0,CF4,L5,0.7,dictlearn,1,1,0.7463629841804504,1,False,0.9545454545454546,0.3181818181818182,0.875
8990,0,CF4,L5,0.7,dictlearn,3,7,0.4786374270915985,0,False,0.9545454545454546,0.3181818181818182,0.875
11061,0,CF4,L5,0.7,dictlearn,7,7,0.6166667342185974,1,False,0.9545454545454546,0.3181818181818182,0.875
7075,0,CF4,L5,0.7,dictlearn,9,7,0.8239905834197998,0,False,0.9545454545454546,0.3181818181818182,0.875
17641,0,CF4,L5,0.7,dictlearn,2,7,0.9801806807518005,0,False,0.9545454545454546,0.3181818181818182,0.875
12077,0,CF4,L5,0.7,dictlearn,9,7,0.709213376045227,0,False,0.9545454545454546,0.3181818181818182,0.875
1779,0,CF4,L5,0.7,dictlearn,7,7,0.6887544989585876,1,False,0.9545454545454546,0.3181818181818182,0.875
11519,0,CF4,L5,0.7,dictlearn,4,1,0.5211659669876099,0,False,0.9545454545454546,0.3181818181818182,0.875
8549,0,CF4,L5,0.7,dictlearn,3,7,0.8608742356300354,0,False,0.9545454545454546,0.3181818181818182,0.875
14623,0,CF4,L5,0.7,dictlearn,6,7,0.5559924840927124,0,False,0.9545454545454546,0.3181818181818182,0.875
10846,0,CF4,L5,0.7,dictlearn,3,2,0.7774443030357361,0,False,0.9545454545454546,0.3181818181818182,0.875
16289,0,CF4,L5,0.7,dictlearn,3,7,0.7665519118309021,0,False,0.9545454545454546,0.3181818181818182,0.875
12311,0,CF4,L5,0.7,dictlearn,8,7,0.7623661756515503,0,False,0.9545454545454546,0.3181818181818182,0.875
6068,0,CF4,L5,0.7,dictlearn,8,7,0.3639419674873352,0,False,0.9545454545454546,0.3181818181818182,0.875
9629,0,CF4,L5,0.7,dictlearn,6,1,0.4317786991596222,0,False,0.9545454545454546,0.3181818181818182,0.875
19560,0,CF4,L5,0.7,dictlearn,3,0,0.40484246611595154,0,False,0.9545454545454546,0.3181818181818182,0.875
10379,0,CF4,L5,0.7,dictlearn,8,0,0.46029895544052124,0,False,0.9545454545454546,0.3181818181818182,0.875
6499,0,CF4,L5,0.7,dictlearn,9,5,0.598460853099823,0,False,0.9545454545454546,0.3181818181818182,0.875
1159,0,CF4,L5,0.7,dictlearn,0,7,0.8979077339172363,0,False,0.9545454545454546,0.3181818181818182,0.875
4366,0,CF4,L5,0.7,dictlearn,7,7,0.9168278574943542,1,False,0.9545454545454546,0.3181818181818182,0.875
8397,0,CF4,L5,0.7,dictlearn,1,7,0.6167523860931396,0,False,0.9545454545454546,0.3181818181818182,0.875
20905,0,CF4,L5,0.7,dictlearn,9,7,0.925525963306427,0,False,0.9545454545454546,0.3181818181818182,0.875
15746,0,CF4,L5,0.7,dictlearn,5,7,0.8762149214744568,0,False,0.9545454545454546,0.3181818181818182,0.875
9402,0,CF4,L5,0.7,dictlearn,3,6,0.45152419805526733,0,False,0.9545454545454546,0.3181818181818182,0.875
8164,0,CF4,L5,0.7,dictlearn,2,7,0.6630415320396423,0,False,0.9545454545454546,0.3181818181818182,0.875
510,0,CF4,L5,0.7,dictlearn,5,7,0.8612226843833923,0,False,0.9545454545454546,0.3181818181818182,0.875
24070,0,CF4,L5,0.7,dictlearn,9,7,0.360283762216568,0,False,0.9545454545454546,0.3181818181818182,0.875
2401,0,CF4,L5,0.7,dictlearn,4,1,0.5296128988265991,0,False,0.9545454545454546,0.3181818181818182,0.875
12147,0,CF4,L5,0.7,dictlearn,3,7,0.6761334538459778,0,False,0.9545454545454546,0.3181818181818182,0.875
14499,0,CF4,L5,0.7,dictlearn,6,1,0.4134840965270996,0,False,0.9545454545454546,0.3181818181818182,0.875
3530,0,CF4,L5,0.7,dictlearn,6,7,0.9387754201889038,0,False,0.9545454545454546,0.3181818181818182,0.875
14723,0,CF4,L5,0.7,dictlearn,7,7,0.9552245140075684,1,False,0.9545454545454546,0.3181818181818182,0.875
4435,0,CF4,L5,0.7,dictlearn,3,7,0.9727880358695984,0,False,0.9545454545454546,0.3181818181818182,0.875
22852,0,CF4,L5,0.7,dictlearn,2,7,0.5537880659103394,0,False,0.9545454545454546,0.3181818181818182,0.875
8461,0,CF4,L5,0.7,dictlearn,3,7,0.49305957555770874,0,False,0.9545454545454546,0.3181818181818182,0.875
21972,0,CF4,L5,0.7,dictlearn,7,7,0.7746917009353638,1,False,0.9545454545454546,0.3181818181818182,0.875
5410,0,CF4,L5,0.7,dictlearn,4,7,0.5445979237556458,0,False,0.9545454545454546,0.3181818181818182,0.875
17754,0,CF4,L5,0.7,dictlearn,6,7,0.8939641118049622,0,False,0.9545454545454546,0.3181818181818182,0.875
15311,0,CF4,L5,0.7,dictlearn,2,7,0.8220880627632141,0,False,0.9545454545454546,0.3181818181818182,0.875
15185,0,CF4,L5,0.7,dictlearn,1,7,0.6010449528694153,0,False,0.9545454545454546,0.3181818181818182,0.875
5663,0,CF4,L5,0.7,dictlearn,4,5,0.36740007996559143,0,False,0.9545454545454546,0.3181818181818182,0.875
6247,0,CF4,L5,0.7,dictlearn,6,7,0.6149867177009583,0,False,0.9545454545454546,0.3181818181818182,0.875
15287,0,CF4,L5,0.7,dictlearn,0,1,0.8448581695556641,0,False,0.9545454545454546,0.3181818181818182,0.875
19902,0,CF4,L5,0.7,dictlearn,0,0,0.4637274146080017,1,False,0.9545454545454546,0.3181818181818182,0.875
25188,0,CF4,L5,0.7,dictlearn,4,1,0.47217822074890137,0,False,0.9545454545454546,0.3181818181818182,0.875
11195,0,CF4,L5,0.7,dictlearn,8,7,0.3856305181980133,0,False,0.9545454545454546,0.3181818181818182,0.875
4828,0,CF4,L5,0.7,dictlearn,7,6,0.21561786532402039,0,False,0.9545454545454546,0.3181818181818182,0.875
23751,0,CF4,L5,0.7,dictlearn,5,7,0.5145456790924072,0,False,0.9545454545454546,0.3181818181818182,0.875
9464,0,CF4,L5,0.7,dictlearn,3,7,0.8780078291893005,0,False,0.9545454545454546,0.3181818181818182,0.875
25723,0,CF4,L5,0.7,dictlearn,0,7,0.6944729089736938,0,False,0.9545454545454546,0.3181818181818182,0.875
16859,0,CF4,L5,0.7,dictlearn,5,7,0.8021008968353271,0,False,0.9545454545454546,0.3181818181818182,0.875
3601,0,CF4,L5,0.7,dictlearn,1,1,0.6336464881896973,1,False,0.9545454545454546,0.3181818181818182,0.875
11679,0,CF4,L5,0.7,dictlearn,6,7,0.8061902523040771,0,False,0.9545454545454546,0.3181818181818182,0.875
12135,0,CF4,L5,0.7,dictlearn,7,7,0.37169140577316284,1,False,0.9545454545454546,0.3181818181818182,0.875
16329,0,CF4,L5,0.7,dictlearn,1,7,0.5391426086425781,0,False,0.9545454545454546,0.3181818181818182,0.875
94,0,CF4,L5,0.7,dictlearn,4,7,0.8945373296737671,0,False,0.9545454545454546,0.3181818181818182,0.875
14517,0,CF4,L5,0.7,dictlearn,9,7,0.6042118668556213,0,False,0.9545454545454546,0.3181818181818182,0.875
16852,0,CF4,L5,0.7,dictlearn,3,7,0.9562090635299683,0,False,0.9545454545454546,0.3181818181818182,0.875
6852,0,CF4,L5,0.7,dictlearn,6,0,0.803260862827301,0,False,0.9545454545454546,0.3181818181818182,0.875
24858,0,CF4,L5,0.7,dictlearn,3,7,0.6543135643005371,0,False,0.9545454545454546,0.3181818181818182,0.875
297,0,CF4,L5,0.7,dictlearn,9,7,0.3929188549518585,0,False,0.9545454545454546,0.3181818181818182,0.875
12339,0,CF4,L5,0.7,dictlearn,2,7,0.8852282762527466,0,False,0.9545454545454546,0.3181818181818182,0.875
20811,0,CF4,L5,0.7,dictlearn,8,7,0.9669210910797119,0,False,0.9545454545454546,0.3181818181818182,0.875
12439,0,CF4,L5,0.7,dictlearn,5,7,0.9015767574310303,0,False,0.9545454545454546,0.3181818181818182,0.875
16632,0,CF4,L5,0.7,dictlearn,9,7,0.7865540385246277,0,False,0.9545454545454546,0.3181818181818182,0.875
5798,0,CF4,L5,0.7,dictlearn,4,7,0.7297685742378235,0,False,0.9545454545454546,0.3181818181818182,0.875
18458,0,CF4,L5,0.7,dictlearn,3,7,0.644487202167511,0,False,0.9545454545454546,0.3181818181818182,0.875
6105,0,CF4,L5,0.7,dictlearn,5,7,0.8681885600090027,0,False,0.9545454545454546,0.3181818181818182,0.875
10321,0,CF4,L5,0.7,dictlearn,6,7,0.6084643006324768,0,False,0.9545454545454546,0.3181818181818182,0.875
21771,0,CF4,L5,0.7,dictlearn,7,7,0.8025370240211487,1,False,0.9545454545454546,0.3181818181818182,0.875
22194,0,CF4,L5,0.7,dictlearn,0,0,0.6432351469993591,1,False,0.9545454545454546,0.3181818181818182,0.875
6,0,CF4,L5,0.7,dictlearn,9,2,0.3943629264831543,0,False,0.9545454545454546,0.3181818181818182,0.875
912,0,CF4,L5,0.7,dictlearn,7,7,0.6227539777755737,1,False,0.9545454545454546,0.3181818181818182,0.875
16910,0,CF4,L5,0.7,dictlearn,5,1,0.41250407695770264,0,False,0.9545454545454546,0.3181818181818182,0.875
18738,0,CF4,L5,0.7,dictlearn,7,7,0.6607049107551575,1,False,0.9545454545454546,0.3181818181818182,0.875
18020,0,CF4,L5,0.7,dictlearn,9,7,0.3142171800136566,0,False,0.9545454545454546,0.3181818181818182,0.875
3462,0,CF4,L5,0.7,dictlearn,8,7,0.9556674361228943,0,False,0.9545454545454546,0.3181818181818182,0.875
5696,0,CF4,L5,0.7,dictlearn,1,7,0.45203614234924316,0,False,0.9545454545454546,0.3181818181818182,0.875
15066,0,CF4,L5,0.7,dictlearn,3,7,0.7304567694664001,0,False,0.9545454545454546,0.3181818181818182,0.875
10653,0,CF4,L5,0.7,dictlearn,9,7,0.5857279896736145,0,False,0.9545454545454546,0.3181818181818182,0.875
13337,0,CF4,L5,0.7,dictlearn,2,7,0.9761975407600403,0,False,0.9545454545454546,0.3181818181818182,0.875
12340,0,CF4,L5,0.7,dictlearn,5,7,0.9792211651802063,0,False,0.9545454545454546,0.3181818181818182,0.875
9536,0,CF4,L5,0.7,dictlearn,0,7,0.8148669004440308,0,False,0.9545454545454546,0.3181818181818182,0.875
3566,0,CF4,L5,0.7,dictlearn,4,1,0.5087673664093018,0,False,0.9545454545454546,0.3181818181818182,0.875
20090,0,CF4,L5,0.7,dictlearn,4,5,0.47867292165756226,0,False,0.9545454545454546,0.3181818181818182,0.875
211,0,CF4,L5,0.7,dictlearn,0,7,0.881406307220459,0,False,0.9545454545454546,0.3181818181818182,0.875
55,0,CF4,L5,0.7,dictlearn,8,1,0.5084848999977112,0,False,0.9545454545454546,0.3181818181818182,0.875
1477,0,CF4,L5,0.7,dictlearn,2,7,0.7548794150352478,0,False,0.9545454545454546,0.3181818181818182,0.875
25898,0,CF4,L5,0.7,dictlearn,0,7,0.6707866787910461,0,False,0.9545454545454546,0.3181818181818182,0.875
25713,0,CF4,L5,0.7,dictlearn,0,0,0.25290367007255554,1,False,0.9545454545454546,0.3181818181818182,0.875
18055,0,CF4,L5,0.7,dictlearn,3,7,0.9293711185455322,0,False,0.9545454545454546,0.3181818181818182,0.875
17461,0,CF4,L5,0.7,dictlearn,3,7,0.9209064841270447,0,False,0.9545454545454546,0.3181818181818182,0.875
14237,0,CF4,L5,0.7,dictlearn,7,7,0.5649320483207703,1,False,0.9545454545454546,0.3181818181818182,0.875
13858,0,CF4,L5,0.7,dictlearn,1,7,0.5571381449699402,0,False,0.9545454545454546,0.3181818181818182,0.875
12386,0,CF4,L5,0.7,dictlearn,5,7,0.389606773853302,0,False,0.9545454545454546,0.3181818181818182,0.875
7223,0,CF4,L5,0.7,dictlearn,9,0,0.319305956363678,0,False,0.9545454545454546,0.3181818181818182,0.875
3153,0,CF4,L5,0.7,dictlearn,5,7,0.5873192548751831,0,False,0.9545454545454546,0.3181818181818182,0.875
23265,0,CF4,L5,0.7,dictlearn,8,7,0.5795629620552063,0,False,0.9545454545454546,0.3181818181818182,0.875
9465,0,CF4,L5,0.7,dictlearn,0,7,0.5829311609268188,0,False,0.9545454545454546,0.3181818181818182,0.875
7419,0,CF4,L5,0.7,dictlearn,0,7,0.690349817276001,0,False,0.9545454545454546,0.3181818181818182,0.875
4722,0,CF4,L5,0.7,dictlearn,6,1,0.4603376090526581,0,False,0.9545454545454546,0.3181818181818182,0.875
23448,0,CF4,L5,0.7,dictlearn,6,1,0.3315538763999939,0,False,0.9545454545454546,0.3181818181818182,0.875
8222,0,CF4,L5,0.7,dictlearn,2,7,0.5504580736160278,0,False,0.9545454545454546,0.3181818181818182,0.875
20898,0,CF4,L5,0.7,dictlearn,8,7,0.6531933546066284,0,False,0.9545454545454546,0.3181818181818182,0.875
23313,0,CF4,L5,0.7,dictlearn,2,7,0.6893707513809204,0,False,0.9545454545454546,0.3181818181818182,0.875
13426,0,CF4,L5,0.7,dictlearn,2,7,0.8528252840042114,0,False,0.9545454545454546,0.3181818181818182,0.875
25136,0,CF4,L5,0.7,dictlearn,4,7,0.9861050248146057,0,False,0.9545454545454546,0.3181818181818182,0.875
9268,0,CF4,L5,0.7,dictlearn,4,1,0.6548840999603271,0,False,0.9545454545454546,0.3181818181818182,0.875
3892,0,CF4,L5,0.7,dictlearn,1,1,0.9729940891265869,1,False,0.9545454545454546,0.3181818181818182,0.875
4115,0,CF4,L5,0.7,dictlearn,3,7,0.8211482763290405,0,False,0.9545454545454546,0.3181818181818182,0.875
5166,0,CF4,L5,0.7,dictlearn,7,7,0.925738513469696,1,False,0.9545454545454546,0.3181818181818182,0.875
14984,0,CF4,L5,0.7,dictlearn,3,2,0.5585492849349976,0,False,0.9545454545454546,0.3181818181818182,0.875
10520,0,CF4,L5,0.7,dictlearn,1,1,0.6590511202812195,1,False,0.9545454545454546,0.3181818181818182,0.875
4379,0,CF4,L5,0.7,dictlearn,2,7,0.8318350315093994,0,False,0.9545454545454546,0.3181818181818182,0.875
8937,0,CF4,L5,0.7,dictlearn,1,7,0.5067988634109497,0,False,0.9545454545454546,0.3181818181818182,0.875
17550,0,CF4,L5,0.7,dictlearn,9,7,0.593873918056488,0,False,0.9545454545454546,0.3181818181818182,0.875
19085,0,CF4,L5,0.7,dictlearn,9,7,0.5751062035560608,0,False,0.9545454545454546,0.3181818181818182,0.875
17902,0,CF4,L5,0.7,dictlearn,6,7,0.4824341833591461,0,False,0.9545454545454546,0.3181818181818182,0.875
14780,0,CF4,L5,0.7,dictlearn,8,7,0.6770128011703491,0,False,0.9545454545454546,0.3181818181818182,0.875
8401,0,CF4,L5,0.7,dictlearn,0,7,0.9165114164352417,0,False,0.9545454545454546,0.3181818181818182,0.875
11230,0,CF4,L5,0.7,dictlearn,2,7,0.3074054718017578,0,False,0.9545454545454546,0.3181818181818182,0.875
1772,0,CF4,L5,0.7,dictlearn,3,7,0.6497746706008911,0,False,0.9545454545454546,0.3181818181818182,0.875
13326,0,CF4,L5,0.7,dictlearn,4,7,0.4504113495349884,0,False,0.9545454545454546,0.3181818181818182,0.875
15230,0,CF4,L5,0.7,dictlearn,5,7,0.8858821988105774,0,False,0.9545454545454546,0.3181818181818182,0.875
20557,0,CF4,L5,0.7,dictlearn,0,0,0.481613427400589,1,False,0.9545454545454546,0.3181818181818182,0.875
9555,0,CF4,L5,0.7,dictlearn,1,1,0.6922932863235474,1,False,0.9545454545454546,0.3181818181818182,0.875
3667,0,CF4,L5,0.7,dictlearn,6,0,0.3934532701969147,0,False,0.9545454545454546,0.3181818181818182,0.875
5316,0,CF4,L5,0.7,dictlearn,5,7,0.8460205793380737,0,False,0.9545454545454546,0.3181818181818182,0.875
3606,0,CF4,L5,0.7,dictlearn,5,7,0.6194794178009033,0,False,0.9545454545454546,0.3181818181818182,0.875
25776,0,CF4,L5,0.7,dictlearn,6,1,0.7211729884147644,0,False,0.9545454545454546,0.3181818181818182,0.875
22231,0,CF4,L5,0.7,dictlearn,1,7,0.8982053995132446,0,False,0.9545454545454546,0.3181818181818182,0.875
10855,0,CF4,L5,0.7,dictlearn,7,7,0.9801499247550964,1,False,0.9545454545454546,0.3181818181818182,0.875
130,0,CF4,L5,0.7,dictlearn,6,7,0.938742458820343,0,False,0.9545454545454546,0.3181818181818182,0.875
434,0,CF4,L5,0.7,dictlearn,8,7,0.42010852694511414,0,False,0.9545454545454546,0.3181818181818182,0.875
5308,0,CF4,L5,0.7,dictlearn,5,7,0.6746559143066406,0,False,0.9545454545454546,0.3181818181818182,0.875
17682,0,CF4,L5,0.7,dictlearn,4,7,0.6443525552749634,0,False,0.9545454545454546,0.3181818181818182,0.875
16682,0,CF4,L5,0.7,dictlearn,8,7,0.4209294021129608,0,False,0.9545454545454546,0.3181818181818182,0.875
12660,0,CF4,L5,0.7,dictlearn,5,7,0.9267195463180542,0,False,0.9545454545454546,0.3181818181818182,0.875
21362,0,CF4,L5,0.7,dictlearn,5,5,0.5892476439476013,1,False,0.9545454545454546,0.3181818181818182,0.875
15483,0,CF4,L5,0.7,dictlearn,4,7,0.4603883922100067,0,False,0.9545454545454546,0.3181818181818182,0.875
5289,0,CF4,L5,0.7,dictlearn,5,7,0.7854941487312317,0,False,0.9545454545454546,0.3181818181818182,0.875
19757,0,CF4,L5,0.7,dictlearn,1,1,0.4432051181793213,1,False,0.9545454545454546,0.3181818181818182,0.875
6799,0,CF4,L5,0.7,dictlearn,2,7,0.584030032157898,0,False,0.9545454545454546,0.3181818181818182,0.875
18871,0,CF4,L5,0.7,dictlearn,2,7,0.6416836380958557,0,False,0.9545454545454546,0.3181818181818182,0.875
4740,0,CF4,L5,0.7,dictlearn,3,7,0.7634593844413757,0,False,0.9545454545454546,0.3181818181818182,0.875
14926,0,CF4,L5,0.7,dictlearn,5,7,0.6664059162139893,0,False,0.9545454545454546,0.3181818181818182,0.875
3549,0,CF4,L5,0.7,dictlearn,4,6,0.6718318462371826,0,False,0.9545454545454546,0.3181818181818182,0.875
13336,0,CF4,L5,0.7,dictlearn,9,7,0.8091713190078735,0,False,0.9545454545454546,0.3181818181818182,0.875
8302,0,CF4,L5,0.7,dictlearn,3,7,0.5802509784698486,0,False,0.9545454545454546,0.3181818181818182,0.875
19884,0,CF4,L5,0.7,dictlearn,8,5,0.4749085009098053,0,False,0.9545454545454546,0.3181818181818182,0.875
6927,0,CF4,L5,0.7,dictlearn,1,1,0.47892430424690247,1,False,0.9545454545454546,0.3181818181818182,0.875
15277,0,CF4,L5,0.7,dictlearn,6,1,0.43788501620292664,0,False,0.9545454545454546,0.3181818181818182,0.875
20278,0,CF4,L5,0.7,dictlearn,3,7,0.9543768763542175,0,False,0.9545454545454546,0.3181818181818182,0.875
654,0,CF4,L5,0.7,dictlearn,8,0,0.6012873649597168,0,False,0.9545454545454546,0.3181818181818182,0.875
19020,0,CF4,L5,0.7,dictlearn,0,7,0.7494111061096191,0,False,0.9545454545454546,0.3181818181818182,0.875
25403,0,CF4,L5,0.7,dictlearn,3,2,0.37419646978378296,0,False,0.9545454545454546,0.3181818181818182,0.875
1745,0,CF4,L5,0.7,dictlearn,8,6,0.545242965221405,0,False,0.9545454545454546,0.3181818181818182,0.875
10726,0,CF4,L5,0.7,dictlearn,4,7,0.26430657505989075,0,False,0.9545454545454546,0.3181818181818182,0.875
23431,0,CF4,L5,0.7,dictlearn,4,5,0.6607178449630737,0,False,0.9545454545454546,0.3181818181818182,0.875
231,0,CF4,L5,0.7,dictlearn,5,7,0.8215732574462891,0,False,0.9545454545454546,0.3181818181818182,0.875
20678,0,CF4,L5,0.7,dictlearn,7,1,0.2898699939250946,0,False,0.9545454545454546,0.3181818181818182,0.875
15851,0,CF4,L5,0.7,dictlearn,1,1,0.7286908626556396,1,False,0.9545454545454546,0.3181818181818182,0.875
24015,0,CF4,L5,0.7,dictlearn,0,7,0.9842976927757263,0,False,0.9545454545454546,0.3181818181818182,0.875
1082,0,CF4,L5,0.7,dictlearn,6,7,0.4623796343803406,0,False,0.9545454545454546,0.3181818181818182,0.875
5573,0,CF4,L5,0.7,dictlearn,8,7,0.9124491810798645,0,False,0.9545454545454546,0.3181818181818182,0.875
11289,0,CF4,L5,0.7,dictlearn,1,7,0.8669008612632751,0,False,0.9545454545454546,0.3181818181818182,0.875
1751,0,CF4,L5,0.7,dictlearn,0,7,0.8675973415374756,0,False,0.9545454545454546,0.3181818181818182,0.875
4594,0,CF4,L5,0.7,dictlearn,6,7,0.974460244178772,0,False,0.9545454545454546,0.3181818181818182,0.875
21127,0,CF4,L5,0.7,dictlearn,8,7,0.9634431600570679,0,False,0.9545454545454546,0.3181818181818182,0.875
12370,0,CF4,L5,0.7,dictlearn,4,7,0.6380634903907776,0,False,0.9545454545454546,0.3181818181818182,0.875
4125,0,CF4,L5,0.7,dictlearn,6,7,0.9369974136352539,0,False,0.9545454545454546,0.3181818181818182,0.875
11008,0,CF4,L5,0.7,dictlearn,1,5,0.3633960783481598,0,False,0.9545454545454546,0.3181818181818182,0.875
23395,0,CF4,L5,0.7,dictlearn,7,7,0.9772087335586548,1,False,0.9545454545454546,0.3181818181818182,0.875
3080,0,CF4,L5,0.7,dictlearn,3,7,0.838016927242279,0,False,0.9545454545454546,0.3181818181818182,0.875
22400,0,CF4,L5,0.7,dictlearn,0,7,0.2842584252357483,0,False,0.9545454545454546,0.3181818181818182,0.875
22514,0,CF4,L5,0.7,dictlearn,1,1,0.5826668739318848,1,False,0.9545454545454546,0.3181818181818182,0.875
15137,0,CF4,L5,0.7,dictlearn,0,7,0.3889625072479248,0,False,0.9545454545454546,0.3181818181818182,0.875
6681,0,CF4,L5,0.7,dictlearn,0,7,0.3032171130180359,0,False,0.9545454545454546,0.3181818181818182,0.875
5219,0,CF4,L5,0.7,dictlearn,5,7,0.5604073405265808,0,False,0.9545454545454546,0.3181818181818182,0.875
2355,0,CF4,L5,0.7,dictlearn,2,7,0.7323350310325623,0,False,0.9545454545454546,0.3181818181818182,0.875
4674,0,CF4,L5,0.7,dictlearn,5,7,0.6704643368721008,0,False,0.9545454545454546,0.3181818181818182,0.875
14575,0,CF4,L5,0.7,dictlearn,1,1,0.7812279462814331,1,False,0.9545454545454546,0.3181818181818182,0.875
6563,0,CF4,L5,0.7,dictlearn,5,7,0.853801965713501,0,False,0.9545454545454546,0.3181818181818182,0.875
17492,0,CF4,L5,0.7,dictlearn,9,7,0.9696970582008362,0,False,0.9545454545454546,0.3181818181818182,0.875
15770,0,CF4,L5,0.7,dictlearn,7,7,0.7401597499847412,1,False,0.9545454545454546,0.3181818181818182,0.875
20830,0,CF4,L5,0.7,dictlearn,1,1,0.546842634677887,1,False,0.9545454545454546,0.3181818181818182,0.875
1777,0,CF4,L5,0.7,dictlearn,2,7,0.5078102946281433,0,False,0.9545454545454546,0.3181818181818182,0.875
21617,0,CF4,L5,0.7,dictlearn,7,7,0.8714223504066467,1,False,0.9545454545454546,0.3181818181818182,0.875
21293,0,CF4,L5,0.7,dictlearn,4,5,0.32990339398384094,0,False,0.9545454545454546,0.3181818181818182,0.875
14504,0,CF4,L5,0.7,dictlearn,0,7,0.8480501770973206,0,False,0.9545454545454546,0.3181818181818182,0.875
21236,0,CF4,L5,0.7,dictlearn,7,7,0.32935836911201477,1,False,0.9545454545454546,0.3181818181818182,0.875
18558,0,CF4,L5,0.7,dictlearn,4,7,0.4858764410018921,0,False,0.9545454545454546,0.3181818181818182,0.875
22916,0,CF4,L5,0.7,dictlearn,8,7,0.33020833134651184,0,False,0.9545454545454546,0.3181818181818182,0.875
18760,0,CF4,L5,0.7,dictlearn,6,7,0.9469946026802063,0,False,0.9545454545454546,0.3181818181818182,0.875
17389,0,CF4,L5,0.7,dictlearn,8,7,0.8324515223503113,0,False,0.9545454545454546,0.3181818181818182,0.875
13155,0,CF4,L5,0.7,dictlearn,8,7,0.41016677021980286,0,False,0.9545454545454546,0.3181818181818182,0.875
13999,0,CF4,L5,0.7,dictlearn,5,7,0.66468745470047,0,False,0.9545454545454546,0.3181818181818182,0.875
10265,0,CF4,L5,0.7,dictlearn,8,7,0.9137526750564575,0,False,0.9545454545454546,0.3181818181818182,0.875
17239,0,CF4,L5,0.7,dictlearn,2,0,0.5458324551582336,0,False,0.9545454545454546,0.3181818181818182,0.875
6288,0,CF4,L5,0.7,dictlearn,3,7,0.4112119972705841,0,False,0.9545454545454546,0.3181818181818182,0.875
11514,0,CF4,L5,0.7,dictlearn,6,7,0.3600176274776459,0,False,0.9545454545454546,0.3181818181818182,0.875
23652,0,CF4,L5,0.7,dictlearn,1,1,0.8129611611366272,1,False,0.9545454545454546,0.3181818181818182,0.875
11939,0,CF4,L5,0.7,dictlearn,6,7,0.643566370010376,0,False,0.9545454545454546,0.3181818181818182,0.875
2174,0,CF4,L5,0.7,dictlearn,7,7,0.8394391536712646,1,False,0.9545454545454546,0.3181818181818182,0.875
15441,0,CF4,L5,0.7,dictlearn,4,7,0.5637403726577759,0,False,0.9545454545454546,0.3181818181818182,0.875
12260,0,CF4,L5,0.7,dictlearn,1,7,0.6697179079055786,0,False,0.9545454545454546,0.3181818181818182,0.875
25046,0,CF4,L5,0.7,dictlearn,6,7,0.9902804493904114,0,False,0.9545454545454546,0.3181818181818182,0.875
13958,0,CF4,L5,0.7,dictlearn,9,7,0.792421281337738,0,False,0.9545454545454546,0.3181818181818182,0.875
20974,0,CF4,L5,0.7,dictlearn,8,7,0.8368918299674988,0,False,0.9545454545454546,0.3181818181818182,0.875
10626,0,CF4,L5,0.7,dictlearn,6,7,0.3416893780231476,0,False,0.9545454545454546,0.3181818181818182,0.875
22545,0,CF4,L5,0.7,dictlearn,5,7,0.6736150979995728,0,False,0.9545454545454546,0.3181818181818182,0.875
20288,0,CF4,L5,0.7,dictlearn,5,7,0.6729982495307922,0,False,0.9545454545454546,0.3181818181818182,0.875
13790,0,CF4,L5,0.7,dictlearn,7,7,0.9045969843864441,1,False,0.9545454545454546,0.3181818181818182,0.875
2817,0,CF4,L5,0.7,dictlearn,4,7,0.47829312086105347,0,False,0.9545454545454546,0.3181818181818182,0.875
8344,0,CF4,L5,0.7,dictlearn,4,7,0.580982506275177,0,False,0.9545454545454546,0.3181818181818182,0.875
11708,0,CF4,L5,0.7,dictlearn,1,7,0.6837918162345886,0,False,0.9545454545454546,0.3181818181818182,0.875
2379,0,CF4,L5,0.7,dictlearn,1,1,0.6675954461097717,1,False,0.9545454545454546,0.3181818181818182,0.875
23602,0,CF4,L5,0.7,dictlearn,2,1,0.47122859954833984,0,False,0.9545454545454546,0.3181818181818182,0.875
24357,0,CF4,L5,0.7,dictlearn,8,7,0.7593560218811035,0,False,0.9545454545454546,0.3181818181818182,0.875
16783,0,CF4,L5,0.7,dictlearn,4,1,0.4945603013038635,0,False,0.9545454545454546,0.3181818181818182,0.875
11723,0,CF4,L5,0.7,dictlearn,9,0,0.28904762864112854,0,False,0.9545454545454546,0.3181818181818182,0.875
5140,0,CF4,L5,0.7,dictlearn,5,7,0.3255966007709503,0,False,0.9545454545454546,0.3181818181818182,0.875
14563,0,CF4,L5,0.7,dictlearn,1,1,0.6628907322883606,1,False,0.9545454545454546,0.3181818181818182,0.875
11905,0,CF4,L5,0.7,dictlearn,7,1,0.40796560049057007,0,False,0.9545454545454546,0.3181818181818182,0.875
4657,0,CF4,L5,0.7,dictlearn,5,7,0.8788366317749023,0,False,0.9545454545454546,0.3181818181818182,0.875
9888,0,CF4,L5,0.7,dictlearn,7,7,0.9167050123214722,1,False,0.9545454545454546,0.3181818181818182,0.875
22827,0,CF4,L5,0.7,dictlearn,6,7,0.4797099232673645,0,False,0.9545454545454546,0.3181818181818182,0.875
23911,0,CF4,L5,0.7,dictlearn,7,7,0.9778246283531189,1,False,0.9545454545454546,0.3181818181818182,0.875
968,0,CF4,L5,0.7,dictlearn,3,7,0.9744682908058167,0,False,0.9545454545454546,0.3181818181818182,0.875
18416,0,CF4,L5,0.7,dictlearn,2,7,0.7726314067840576,0,False,0.9545454545454546,0.3181818181818182,0.875
15166,0,CF4,L5,0.7,dictlearn,7,7,0.7386374473571777,1,False,0.9545454545454546,0.3181818181818182,0.875
15537,0,CF4,L5,0.7,dictlearn,6,7,0.4342513084411621,0,False,0.9545454545454546,0.3181818181818182,0.875
112,0,CF4,L5,0.7,dictlearn,6,7,0.5095580220222473,0,False,0.9545454545454546,0.3181818181818182,0.875
9754,0,CF4,L5,0.7,dictlearn,8,0,0.5240892171859741,0,False,0.9545454545454546,0.3181818181818182,0.875
3827,0,CF4,L5,0.7,dictlearn,1,7,0.8637610673904419,0,False,0.9545454545454546,0.3181818181818182,0.875
16427,0,CF4,L5,0.7,dictlearn,8,7,0.8989294171333313,0,False,0.9545454545454546,0.3181818181818182,0.875
4853,0,CF4,L5,0.7,dictlearn,8,5,0.27894094586372375,0,False,0.9545454545454546,0.3181818181818182,0.875
5025,0,CF4,L5,0.7,dictlearn,8,7,0.4440578520298004,0,False,0.9545454545454546,0.3181818181818182,0.875
5497,0,CF4,L5,0.7,dictlearn,5,7,0.6792559027671814,0,False,0.9545454545454546,0.3181818181818182,0.875
415,0,CF4,L5,0.7,dictlearn,5,7,0.6956238150596619,0,False,0.9545454545454546,0.3181818181818182,0.875
6055,0,CF4,L5,0.7,dictlearn,2,7,0.7375543117523193,0,False,0.9545454545454546,0.3181818181818182,0.875
4242,0,CF4,L5,0.7,dictlearn,6,7,0.8974269032478333,0,False,0.9545454545454546,0.3181818181818182,0.875
16007,0,CF4,L5,0.7,dictlearn,3,7,0.9789110422134399,0,False,0.9545454545454546,0.3181818181818182,0.875
16184,0,CF4,L5,0.7,dictlearn,6,7,0.9885319471359253,0,False,0.9545454545454546,0.3181818181818182,0.875
15180,0,CF4,L5,0.7,dictlearn,2,7,0.7616848945617676,0,False,0.9545454545454546,0.3181818181818182,0.875
16402,0,CF4,L5,0.7,dictlearn,3,7,0.9797335267066956,0,False,0.9545454545454546,0.3181818181818182,0.875
12883,0,CF4,L5,0.7,dictlearn,7,7,0.9568979144096375,1,False,0.9545454545454546,0.3181818181818182,0.875
12596,0,CF4,L5,0.7,dictlearn,2,7,0.639988362789154,0,False,0.9545454545454546,0.3181818181818182,0.875
13383,0,CF4,L5,0.7,dictlearn,0,7,0.9748961329460144,0,False,0.9545454545454546,0.3181818181818182,0.875
17140,0,CF4,L5,0.7,dictlearn,0,7,0.6932268142700195,0,False,0.9545454545454546,0.3181818181818182,0.875
11249,0,CF4,L5,0.7,dictlearn,7,7,0.823532223701477,1,False,0.9545454545454546,0.3181818181818182,0.875
2927,0,CF4,L5,0.7,dictlearn,3,7,0.978168785572052,0,False,0.9545454545454546,0.3181818181818182,0.875
13380,0,CF4,L5,0.7,dictlearn,3,7,0.9487703442573547,0,False,0.9545454545454546,0.3181818181818182,0.875
24593,0,CF4,L5,0.7,dictlearn,5,7,0.9523753523826599,0,False,0.9545454545454546,0.3181818181818182,0.875
14507,0,CF4,L5,0.7,dictlearn,8,7,0.6873809099197388,0,False,0.9545454545454546,0.3181818181818182,0.875
9355,0,CF4,L5,0.7,dictlearn,8,0,0.3430231511592865,0,False,0.9545454545454546,0.3181818181818182,0.875
3943,0,CF4,L5,0.7,dictlearn,3,7,0.9414220452308655,0,False,0.9545454545454546,0.3181818181818182,0.875
4913,0,CF4,L5,0.7,dictlearn,4,1,0.6416361927986145,0,False,0.9545454545454546,0.3181818181818182,0.875
23440,0,CF4,L5,0.7,dictlearn,4,5,0.49422135949134827,0,False,0.9545454545454546,0.3181818181818182,0.875
19289,0,CF4,L5,0.7,dictlearn,7,7,0.986234188079834,1,False,0.9545454545454546,0.3181818181818182,0.875
17841,0,CF4,L5,0.7,dictlearn,6,7,0.9900707602500916,0,False,0.9545454545454546,0.3181818181818182,0.875
18139,0,CF4,L5,0.7,dictlearn,0,0,0.4685189723968506,1,False,0.9545454545454546,0.3181818181818182,0.875
18549,0,CF4,L5,0.7,dictlearn,7,7,0.9348141551017761,1,False,0.9545454545454546,0.3181818181818182,0.875
7215,0,CF4,L5,0.7,dictlearn,7,7,0.9126225113868713,1,False,0.9545454545454546,0.3181818181818182,0.875
10574,0,CF4,L5,0.7,dictlearn,7,7,0.8950506448745728,1,False,0.9545454545454546,0.3181818181818182,0.875
10329,0,CF4,L5,0.7,dictlearn,7,7,0.9291021823883057,1,False,0.9545454545454546,0.3181818181818182,0.875
21502,0,CF4,L5,0.7,dictlearn,4,7,0.9675436019897461,0,False,0.9545454545454546,0.3181818181818182,0.875
1209,0,CF4,L5,0.7,dictlearn,8,0,0.44537869095802307,0,False,0.9545454545454546,0.3181818181818182,0.875
22202,0,CF4,L5,0.7,dictlearn,6,7,0.6501951217651367,0,False,0.9545454545454546,0.3181818181818182,0.875
12914,0,CF4,L5,0.7,dictlearn,2,7,0.9302946329116821,0,False,0.9545454545454546,0.3181818181818182,0.875
23477,0,CF4,L5,0.7,dictlearn,6,1,0.4681124985218048,0,False,0.9545454545454546,0.3181818181818182,0.875
13286,0,CF4,L5,0.7,dictlearn,5,7,0.946395218372345,0,False,0.9545454545454546,0.3181818181818182,0.875
24957,0,CF4,L5,0.7,dictlearn,2,7,0.8023979067802429,0,False,0.9545454545454546,0.3181818181818182,0.875
23215,0,CF4,L5,0.7,dictlearn,9,7,0.4551464319229126,0,False,0.9545454545454546,0.3181818181818182,0.875
8171,0,CF4,L5,0.7,dictlearn,3,7,0.9568173289299011,0,False,0.9545454545454546,0.3181818181818182,0.875
13427,0,CF4,L5,0.7,dictlearn,4,7,0.5738776922225952,0,False,0.9545454545454546,0.3181818181818182,0.875
1985,0,CF4,L5,0.7,dictlearn,9,7,0.9934597015380859,0,False,0.9545454545454546,0.3181818181818182,0.875
19607,0,CF4,L5,0.7,dictlearn,1,1,0.6687418222427368,1,False,0.9545454545454546,0.3181818181818182,0.875
15138,0,CF4,L5,0.7,dictlearn,4,7,0.8054814338684082,0,False,0.9545454545454546,0.3181818181818182,0.875
18496,0,CF4,L5,0.7,dictlearn,3,7,0.5181568264961243,0,False,0.9545454545454546,0.3181818181818182,0.875
11341,0,CF4,L5,0.7,dictlearn,5,7,0.9465526342391968,0,False,0.9545454545454546,0.3181818181818182,0.875
3210,0,CF4,L5,0.7,dictlearn,6,7,0.2832733690738678,0,False,0.9545454545454546,0.3181818181818182,0.875
9044,0,CF4,L5,0.7,dictlearn,3,7,0.5140044689178467,0,False,0.9545454545454546,0.3181818181818182,0.875
1784,0,CF4,L5,0.7,dictlearn,1,7,0.4509291648864746,0,False,0.9545454545454546,0.3181818181818182,0.875
20687,0,CF4,L5,0.7,dictlearn,7,7,0.8743852376937866,1,False,0.9545454545454546,0.3181818181818182,0.875
21479,0,CF4,L5,0.7,dictlearn,1,1,0.8390257358551025,1,False,0.9545454545454546,0.3181818181818182,0.875
4465,0,CF4,L5,0.7,dictlearn,7,7,0.987412691116333,1,False,0.9545454545454546,0.3181818181818182,0.875
8098,0,CF4,L5,0.7,dictlearn,3,7,0.9617891907691956,0,False,0.9545454545454546,0.3181818181818182,0.875
1105,0,CF4,L5,0.7,dictlearn,1,1,0.47053730487823486,1,False,0.9545454545454546,0.3181818181818182,0.875
24036,0,CF4,L5,0.7,dictlearn,0,0,0.630871057510376,1,False,0.9545454545454546,0.3181818181818182,0.875
24825,0,CF4,L5,0.7,dictlearn,1,1,0.6011303663253784,1,False,0.9545454545454546,0.3181818181818182,0.875
20081,0,CF4,L5,0.7,dictlearn,4,1,0.4400196075439453,0,False,0.9545454545454546,0.3181818181818182,0.875
11780,0,CF4,L5,0.7,dictlearn,5,7,0.5624420642852783,0,False,0.9545454545454546,0.3181818181818182,0.875
18228,0,CF4,L5,0.7,dictlearn,2,7,0.5877969264984131,0,False,0.9545454545454546,0.3181818181818182,0.875
4363,0,CF4,L5,0.7,dictlearn,4,7,0.2322607785463333,0,False,0.9545454545454546,0.3181818181818182,0.875
10210,0,CF4,L5,0.7,dictlearn,7,1,0.4340021014213562,0,False,0.9545454545454546,0.3181818181818182,0.875
7005,0,CF4,L5,0.7,dictlearn,2,7,0.5786574482917786,0,False,0.9545454545454546,0.3181818181818182,0.875
7071,0,CF4,L5,0.7,dictlearn,3,0,0.4716125428676605,0,False,0.9545454545454546,0.3181818181818182,0.875
25299,0,CF4,L5,0.7,dictlearn,4,1,0.7064060568809509,0,False,0.9545454545454546,0.3181818181818182,0.875
3393,0,CF4,L5,0.7,dictlearn,0,2,0.7579410672187805,0,False,0.9545454545454546,0.3181818181818182,0.875
10532,0,CF4,L5,0.7,dictlearn,8,7,0.49370843172073364,0,False,0.9545454545454546,0.3181818181818182,0.875
14271,0,CF4,L5,0.7,dictlearn,3,0,0.25781556963920593,0,False,0.9545454545454546,0.3181818181818182,0.875
12814,0,CF4,L5,0.7,dictlearn,4,7,0.6268726587295532,0,False,0.9545454545454546,0.3181818181818182,0.875
1763,0,CF4,L5,0.7,dictlearn,1,1,0.3460182845592499,1,False,0.9545454545454546,0.3181818181818182,0.875
2795,0,CF4,L5,0.7,dictlearn,4,7,0.9247109889984131,0,False,0.9545454545454546,0.3181818181818182,0.875
5329,0,CF4,L5,0.7,dictlearn,2,7,0.7707038521766663,0,False,0.9545454545454546,0.3181818181818182,0.875
11024,0,CF4,L5,0.7,dictlearn,8,1,0.3333440124988556,0,False,0.9545454545454546,0.3181818181818182,0.875
23383,0,CF4,L5,0.7,dictlearn,6,7,0.9550919532775879,0,False,0.9545454545454546,0.3181818181818182,0.875
582,0,CF4,L5,0.7,dictlearn,2,7,0.8671829104423523,0,False,0.9545454545454546,0.3181818181818182,0.875
20037,0,CF4,L5,0.7,dictlearn,5,7,0.5799115300178528,0,False,0.9545454545454546,0.3181818181818182,0.875
4876,0,CF4,L5,0.7,dictlearn,3,7,0.9475951790809631,0,False,0.9545454545454546,0.3181818181818182,0.875
16157,0,CF4,L5,0.7,dictlearn,1,7,0.9428071975708008,0,False,0.9545454545454546,0.3181818181818182,0.875
24155,0,CF4,L5,0.7,dictlearn,7,7,0.7816992998123169,1,False,0.9545454545454546,0.3181818181818182,0.875
21035,0,CF4,L5,0.7,dictlearn,1,1,0.6763724684715271,1,False,0.9545454545454546,0.3181818181818182,0.875
2530,0,CF4,L5,0.7,dictlearn,2,7,0.9322589635848999,0,False,0.9545454545454546,0.3181818181818182,0.875
20951,0,CF4,L5,0.7,dictlearn,4,7,0.5585494041442871,0,False,0.9545454545454546,0.3181818181818182,0.875
9752,0,CF4,L5,0.7,dictlearn,9,7,0.6550807952880859,0,False,0.9545454545454546,0.3181818181818182,0.875
20362,0,CF4,L5,0.7,dictlearn,9,7,0.764292299747467,0,False,0.9545454545454546,0.3181818181818182,0.875
5669,0,CF4,L5,0.7,dictlearn,2,7,0.7332915663719177,0,False,0.9545454545454546,0.3181818181818182,0.875
9395,0,CF4,L5,0.7,dictlearn,6,5,0.4911739230155945,0,False,0.9545454545454546,0.3181818181818182,0.875
22115,0,CF4,L5,0.7,dictlearn,2,7,0.8831051588058472,0,False,0.9545454545454546,0.3181818181818182,0.875
3784,0,CF4,L5,0.7,dictlearn,5,7,0.37377050518989563,0,False,0.9545454545454546,0.3181818181818182,0.875
15518,0,CF4,L5,0.7,dictlearn,1,1,0.4733102321624756,1,False,0.9545454545454546,0.3181818181818182,0.875
22913,0,CF4,L5,0.7,dictlearn,1,1,0.8293163776397705,1,False,0.9545454545454546,0.3181818181818182,0.875
22485,0,CF4,L5,0.7,dictlearn,8,7,0.6175442934036255,0,False,0.9545454545454546,0.3181818181818182,0.875
14166,0,CF4,L5,0.7,dictlearn,9,7,0.6793031692504883,0,False,0.9545454545454546,0.3181818181818182,0.875
4606,0,CF4,L5,0.7,dictlearn,8,7,0.5571799278259277,0,False,0.9545454545454546,0.3181818181818182,0.875
12043,0,CF4,L5,0.7,dictlearn,8,7,0.45399269461631775,0,False,0.9545454545454546,0.3181818181818182,0.875
20255,0,CF4,L5,0.7,dictlearn,9,0,0.6455539464950562,0,False,0.9545454545454546,0.3181818181818182,0.875
21390,0,CF4,L5,0.7,dictlearn,8,7,0.40349236130714417,0,False,0.9545454545454546,0.3181818181818182,0.875
13388,0,CF4,L5,0.7,dictlearn,6,7,0.7662572264671326,0,False,0.9545454545454546,0.3181818181818182,0.875
9382,0,CF4,L5,0.7,dictlearn,0,7,0.9709643721580505,0,False,0.9545454545454546,0.3181818181818182,0.875
11878,0,CF4,L5,0.7,dictlearn,4,1,0.8543093800544739,0,False,0.9545454545454546,0.3181818181818182,0.875
10774,0,CF4,L5,0.7,dictlearn,1,1,0.9641371369361877,1,False,0.9545454545454546,0.3181818181818182,0.875
2211,0,CF4,L5,0.7,dictlearn,4,1,0.7561813592910767,0,False,0.9545454545454546,0.3181818181818182,0.875
22804,0,CF4,L5,0.7,dictlearn,1,7,0.3156535029411316,0,False,0.9545454545454546,0.3181818181818182,0.875
17903,0,CF4,L5,0.7,dictlearn,3,7,0.7083624601364136,0,False,0.9545454545454546,0.3181818181818182,0.875
16889,0,CF4,L5,0.7,dictlearn,1,1,0.8371903300285339,1,False,0.9545454545454546,0.3181818181818182,0.875
3013,0,CF4,L5,0.7,dictlearn,8,7,0.753375768661499,0,False,0.9545454545454546,0.3181818181818182,0.875
19919,0,CF4,L5,0.7,dictlearn,8,6,0.2026185840368271,0,False,0.9545454545454546,0.3181818181818182,0.875
7911,0,CF4,L5,0.7,dictlearn,0,7,0.7490808367729187,0,False,0.9545454545454546,0.3181818181818182,0.875
6473,0,CF4,L5,0.7,dictlearn,5,7,0.8300022482872009,0,False,0.9545454545454546,0.3181818181818182,0.875
14963,0,CF4,L5,0.7,dictlearn,2,7,0.8591461777687073,0,False,0.9545454545454546,0.3181818181818182,0.875
3189,0,CF4,L5,0.7,dictlearn,3,7,0.6081690192222595,0,False,0.9545454545454546,0.3181818181818182,0.875
21433,0,CF4,L5,0.7,dictlearn,6,1,0.5956366062164307,0,False,0.9545454545454546,0.3181818181818182,0.875
21534,0,CF4,L5,0.7,dictlearn,9,7,0.8922438621520996,0,False,0.9545454545454546,0.3181818181818182,0.875
4378,0,CF4,L5,0.7,dictlearn,4,7,0.4166382849216461,0,False,0.9545454545454546,0.3181818181818182,0.875
4179,0,CF4,L5,0.7,dictlearn,3,7,0.9985290765762329,0,False,0.9545454545454546,0.3181818181818182,0.875
20275,0,CF4,L5,0.7,dictlearn,7,7,0.9539192914962769,1,False,0.9545454545454546,0.3181818181818182,0.875
724,0,CF4,L5,0.7,dictlearn,4,7,0.7956347465515137,0,False,0.9545454545454546,0.3181818181818182,0.875
15532,0,CF4,L5,0.7,dictlearn,5,7,0.7516692280769348,0,False,0.9545454545454546,0.3181818181818182,0.875
7808,0,CF4,L5,0.7,dictlearn,4,7,0.62883460521698,0,False,0.9545454545454546,0.3181818181818182,0.875
3185,0,CF4,L5,0.7,dictlearn,7,7,0.6432238817214966,1,False,0.9545454545454546,0.3181818181818182,0.875
8217,0,CF4,L5,0.7,dictlearn,5,7,0.4737471044063568,0,False,0.9545454545454546,0.3181818181818182,0.875
15284,0,CF4,L5,0.7,dictlearn,2,7,0.3577198088169098,0,False,0.9545454545454546,0.3181818181818182,0.875
2195,0,CF4,L5,0.7,dictlearn,1,1,0.5880084037780762,1,False,0.9545454545454546,0.3181818181818182,0.875
21296,0,CF4,L5,0.7,dictlearn,0,7,0.6692659258842468,0,False,0.9545454545454546,0.3181818181818182,0.875
14286,0,CF4,L5,0.7,dictlearn,3,7,0.9368337392807007,0,False,0.9545454545454546,0.3181818181818182,0.875
4261,0,CF4,L5,0.7,dictlearn,0,7,0.6952759027481079,0,False,0.9545454545454546,0.3181818181818182,0.875
24480,0,CF4,L5,0.7,dictlearn,2,7,0.9776082634925842,0,False,0.9545454545454546,0.3181818181818182,0.875
23581,0,CF4,L5,0.7,dictlearn,7,7,0.8505924940109253,1,False,0.9545454545454546,0.3181818181818182,0.875
24364,0,CF4,L5,0.7,dictlearn,7,7,0.7688696980476379,1,False,0.9545454545454546,0.3181818181818182,0.875
4259,0,CF4,L5,0.7,dictlearn,4,7,0.5621232390403748,0,False,0.9545454545454546,0.3181818181818182,0.875
4323,0,CF4,L5,0.7,dictlearn,8,7,0.9178886413574219,0,False,0.9545454545454546,0.3181818181818182,0.875
26017,0,CF4,L5,0.7,dictlearn,2,7,0.9486444592475891,0,False,0.9545454545454546,0.3181818181818182,0.875
4055,0,CF4,L5,0.7,dictlearn,9,1,0.29981735348701477,0,False,0.9545454545454546,0.3181818181818182,0.875
23968,0,CF4,L5,0.7,dictlearn,6,7,0.3766314685344696,0,False,0.9545454545454546,0.3181818181818182,0.875
4914,0,CF4,L5,0.7,dictlearn,2,7,0.8280070424079895,0,False,0.9545454545454546,0.3181818181818182,0.875
17310,0,CF4,L5,0.7,dictlearn,7,7,0.3382421135902405,1,False,0.9545454545454546,0.3181818181818182,0.875
14981,0,CF4,L5,0.7,dictlearn,2,7,0.6204505562782288,0,False,0.9545454545454546,0.3181818181818182,0.875
7511,0,CF4,L5,0.7,dictlearn,6,7,0.4977721869945526,0,False,0.9545454545454546,0.3181818181818182,0.875
4136,0,CF4,L5,0.7,dictlearn,9,7,0.5939560532569885,0,False,0.9545454545454546,0.3181818181818182,0.875
8043,0,CF4,L5,0.7,dictlearn,2,7,0.7154431343078613,0,False,0.9545454545454546,0.3181818181818182,0.875
14360,0,CF4,L5,0.7,dictlearn,4,7,0.4639762043952942,0,False,0.9545454545454546,0.3181818181818182,0.875
6364,0,CF4,L5,0.7,dictlearn,0,5,0.27970579266548157,0,False,0.9545454545454546,0.3181818181818182,0.875
8827,0,CF4,L5,0.7,dictlearn,4,1,0.7218948602676392,0,False,0.9545454545454546,0.3181818181818182,0.875
24886,0,CF4,L5,0.7,dictlearn,9,7,0.7059916853904724,0,False,0.9545454545454546,0.3181818181818182,0.875
21392,0,CF4,L5,0.7,dictlearn,2,7,0.3661116659641266,0,False,0.9545454545454546,0.3181818181818182,0.875
18654,0,CF4,L5,0.7,dictlearn,6,7,0.43308818340301514,0,False,0.9545454545454546,0.3181818181818182,0.875
21766,0,CF4,L5,0.7,dictlearn,1,1,0.5658823251724243,1,False,0.9545454545454546,0.3181818181818182,0.875
25433,0,CF4,L5,0.7,dictlearn,8,7,0.7116808891296387,0,False,0.9545454545454546,0.3181818181818182,0.875
10927,0,CF4,L5,0.7,dictlearn,8,7,0.7502532601356506,0,False,0.9545454545454546,0.3181818181818182,0.875
14092,0,CF4,L5,0.7,dictlearn,6,7,0.7624430656433105,0,False,0.9545454545454546,0.3181818181818182,0.875
20936,0,CF4,L5,0.7,dictlearn,9,7,0.9058704972267151,0,False,0.9545454545454546,0.3181818181818182,0.875
23711,0,CF4,L5,0.7,dictlearn,4,7,0.40819641947746277,0,False,0.9545454545454546,0.3181818181818182,0.875
19260,0,CF4,L5,0.7,dictlearn,7,7,0.4416504502296448,1,False,0.9545454545454546,0.3181818181818182,0.875
17360,0,CF4,L5,0.7,dictlearn,3,7,0.8964849710464478,0,False,0.9545454545454546,0.3181818181818182,0.875
965,0,CF4,L5,0.7,dictlearn,0,7,0.4414220452308655,0,False,0.9545454545454546,0.3181818181818182,0.875
463,0,CF4,L5,0.7,dictlearn,6,7,0.45097607374191284,0,False,0.9545454545454546,0.3181818181818182,0.875
8945,0,CF4,L5,0.7,dictlearn,6,7,0.9913325905799866,0,False,0.9545454545454546,0.3181818181818182,0.875
14090,0,CF4,L5,0.7,dictlearn,2,7,0.593343198299408,0,False,0.9545454545454546,0.3181818181818182,0.875
8479,0,CF4,L5,0.7,dictlearn,9,0,0.721665620803833,0,False,0.9545454545454546,0.3181818181818182,0.875
24477,0,CF4,L5,0.7,dictlearn,2,0,0.7062605023384094,0,False,0.9545454545454546,0.3181818181818182,0.875
8195,0,CF4,L5,0.7,dictlearn,0,0,0.5834638476371765,1,False,0.9545454545454546,0.3181818181818182,0.875
1773,0,CF4,L5,0.7,dictlearn,0,0,0.5175691843032837,1,False,0.9545454545454546,0.3181818181818182,0.875
11776,0,CF4,L5,0.7,dictlearn,2,7,0.983467161655426,0,False,0.9545454545454546,0.3181818181818182,0.875
3313,0,CF4,L5,0.7,dictlearn,6,7,0.6972627639770508,0,False,0.9545454545454546,0.3181818181818182,0.875
5424,0,CF4,L5,0.7,dictlearn,9,7,0.7678190469741821,0,False,0.9545454545454546,0.3181818181818182,0.875
19606,0,CF4,L5,0.7,dictlearn,2,7,0.34349575638771057,0,False,0.9545454545454546,0.3181818181818182,0.875
10110,0,CF4,L5,0.7,dictlearn,9,0,0.3222355842590332,0,False,0.9545454545454546,0.3181818181818182,0.875
22872,0,CF4,L5,0.7,dictlearn,6,7,0.38692063093185425,0,False,0.9545454545454546,0.3181818181818182,0.875
7573,0,CF4,L5,0.7,dictlearn,1,1,0.8173147439956665,1,False,0.9545454545454546,0.3181818181818182,0.875
7105,0,CF4,L5,0.7,dictlearn,3,7,0.9792187809944153,0,False,0.9545454545454546,0.3181818181818182,0.875
18854,0,CF4,L5,0.7,dictlearn,1,7,0.8133969306945801,0,False,0.9545454545454546,0.3181818181818182,0.875
14576,0,CF4,L5,0.7,dictlearn,9,0,0.8844565749168396,0,False,0.9545454545454546,0.3181818181818182,0.875
9376,0,CF4,L5,0.7,dictlearn,0,0,0.43517377972602844,1,False,0.9545454545454546,0.3181818181818182,0.875
20128,0,CF4,L5,0.7,dictlearn,8,0,0.49813219904899597,0,False,0.9545454545454546,0.3181818181818182,0.875
24854,0,CF4,L5,0.7,dictlearn,9,0,0.6571851372718811,0,False,0.9545454545454546,0.3181818181818182,0.875
4937,0,CF4,L5,0.7,dictlearn,2,1,0.5698588490486145,0,False,0.9545454545454546,0.3181818181818182,0.875
338,0,CF4,L5,0.7,dictlearn,3,7,0.7148651480674744,0,False,0.9545454545454546,0.3181818181818182,0.875
9981,0,CF4,L5,0.7,dictlearn,3,7,0.8998058438301086,0,False,0.9545454545454546,0.3181818181818182,0.875
6665,0,CF4,L5,0.7,dictlearn,8,0,0.5407838821411133,0,False,0.9545454545454546,0.3181818181818182,0.875
6704,0,CF4,L5,0.7,dictlearn,0,7,0.6175351142883301,0,False,0.9545454545454546,0.3181818181818182,0.875
23255,0,CF4,L5,0.7,dictlearn,2,7,0.8992124199867249,0,False,0.9545454545454546,0.3181818181818182,0.875
5355,0,CF4,L5,0.7,dictlearn,5,7,0.6188188195228577,0,False,0.9545454545454546,0.3181818181818182,0.875
22422,0,CF4,L5,0.7,dictlearn,1,0,0.4264460802078247,0,False,0.9545454545454546,0.3181818181818182,0.875
7367,0,CF4,L5,0.7,dictlearn,9,7,0.9534195065498352,0,False,0.9545454545454546,0.3181818181818182,0.875
13489,0,CF4,L5,0.7,dictlearn,7,7,0.7919970154762268,1,False,0.9545454545454546,0.3181818181818182,0.875
20955,0,CF4,L5,0.7,dictlearn,7,7,0.8486131429672241,1,False,0.9545454545454546,0.3181818181818182,0.875
25439,0,CF4,L5,0.7,dictlearn,9,0,0.5754590034484863,0,False,0.9545454545454546,0.3181818181818182,0.875
12711,0,CF4,L5,0.7,dictlearn,8,0,0.42476701736450195,0,False,0.9545454545454546,0.3181818181818182,0.875
7671,0,CF4,L5,0.7,dictlearn,6,1,0.5185510516166687,0,False,0.9545454545454546,0.3181818181818182,0.875
20420,0,CF4,L5,0.7,dictlearn,8,0,0.4188776910305023,0,False,0.9545454545454546,0.3181818181818182,0.875
12630,0,CF4,L5,0.7,dictlearn,2,7,0.7846645712852478,0,False,0.9545454545454546,0.3181818181818182,0.875
21394,0,CF4,L5,0.7,dictlearn,1,1,0.42829927802085876,1,False,0.9545454545454546,0.3181818181818182,0.875
7095,0,CF4,L5,0.7,dictlearn,1,7,0.9936912059783936,0,False,0.9545454545454546,0.3181818181818182,0.875
11532,0,CF4,L5,0.7,dictlearn,9,7,0.7453505992889404,0,False,0.9545454545454546,0.3181818181818182,0.875
2853,0,CF4,L5,0.7,dictlearn,3,7,0.9675766229629517,0,False,0.9545454545454546,0.3181818181818182,0.875
13487,0,CF4,L5,0.7,dictlearn,0,7,0.8565428256988525,0,False,0.9545454545454546,0.3181818181818182,0.875
9350,0,CF4,L5,0.7,dictlearn,9,2,0.4870903193950653,0,False,0.9545454545454546,0.3181818181818182,0.875
24164,0,CF4,L5,0.7,dictlearn,4,7,0.49367019534111023,0,False,0.9545454545454546,0.3181818181818182,0.875
23155,0,CF4,L5,0.7,dictlearn,7,7,0.7121144533157349,1,False,0.9545454545454546,0.3181818181818182,0.875
1588,0,CF4,L5,0.7,dictlearn,8,7,0.47362470626831055,0,False,0.9545454545454546,0.3181818181818182,0.875
5400,0,CF4,L5,0.7,dictlearn,5,7,0.588222861289978,0,False,0.9545454545454546,0.3181818181818182,0.875
8913,0,CF4,L5,0.7,dictlearn,6,1,0.5975908637046814,0,False,0.9545454545454546,0.3181818181818182,0.875
4990,0,CF4,L5,0.7,dictlearn,8,7,0.683313250541687,0,False,0.9545454545454546,0.3181818181818182,0.875
13364,0,CF4,L5,0.7,dictlearn,7,7,0.922055184841156,1,False,0.9545454545454546,0.3181818181818182,0.875
1157,0,CF4,L5,0.7,dictlearn,1,7,0.8753863573074341,0,False,0.9545454545454546,0.3181818181818182,0.875
19432,0,CF4,L5,0.7,dictlearn,6,1,0.5415059328079224,0,False,0.9545454545454546,0.3181818181818182,0.875
24861,0,CF4,L5,0.7,dictlearn,1,0,0.5347180962562561,0,False,0.9545454545454546,0.3181818181818182,0.875
16303,0,CF4,L5,0.7,dictlearn,0,0,0.942728579044342,1,False,0.9545454545454546,0.3181818181818182,0.875
23675,0,CF4,L5,0.7,dictlearn,1,1,0.844173014163971,1,False,0.9545454545454546,0.3181818181818182,0.875
10816,0,CF4,L5,0.7,dictlearn,5,7,0.6452796459197998,0,False,0.9545454545454546,0.3181818181818182,0.875
25683,0,CF4,L5,0.7,dictlearn,7,7,0.7280629873275757,1,False,0.9545454545454546,0.3181818181818182,0.875
6680,0,CF4,L5,0.7,dictlearn,7,7,0.5117295384407043,1,False,0.9545454545454546,0.3181818181818182,0.875
15541,0,CF4,L5,0.7,dictlearn,1,1,0.5583296418190002,1,False,0.9545454545454546,0.3181818181818182,0.875
129,0,CF4,L5,0.7,dictlearn,9,0,0.6107479333877563,0,False,0.9545454545454546,0.3181818181818182,0.875
10977,0,CF4,L5,0.7,dictlearn,5,7,0.8602105379104614,0,False,0.9545454545454546,0.3181818181818182,0.875
7518,0,CF4,L5,0.7,dictlearn,5,7,0.4833694398403168,0,False,0.9545454545454546,0.3181818181818182,0.875
15350,0,CF4,L5,0.7,dictlearn,0,7,0.685261070728302,0,False,0.9545454545454546,0.3181818181818182,0.875
4712,0,CF4,L5,0.7,dictlearn,2,7,0.8472715616226196,0,False,0.9545454545454546,0.3181818181818182,0.875
3234,0,CF4,L5,0.7,dictlearn,1,7,0.6146345734596252,0,False,0.9545454545454546,0.3181818181818182,0.875
21292,0,CF4,L5,0.7,dictlearn,8,7,0.7503646016120911,0,False,0.9545454545454546,0.3181818181818182,0.875
6439,0,CF4,L5,0.7,dictlearn,6,7,0.9919325709342957,0,False,0.9545454545454546,0.3181818181818182,0.875
16930,0,CF4,L5,0.7,dictlearn,4,7,0.8730879426002502,0,False,0.9545454545454546,0.3181818181818182,0.875
25255,0,CF4,L5,0.7,dictlearn,6,1,0.41470447182655334,0,False,0.9545454545454546,0.3181818181818182,0.875
5562,0,CF4,L5,0.7,dictlearn,6,7,0.7698633670806885,0,False,0.9545454545454546,0.3181818181818182,0.875
20888,0,CF4,L5,0.7,dictlearn,6,7,0.7355201840400696,0,False,0.9545454545454546,0.3181818181818182,0.875
17907,0,CF4,L5,0.7,dictlearn,0,7,0.2611429989337921,0,False,0.9545454545454546,0.3181818181818182,0.875
15282,0,CF4,L5,0.7,dictlearn,5,7,0.8575180768966675,0,False,0.9545454545454546,0.3181818181818182,0.875
9564,0,CF4,L5,0.7,dictlearn,5,7,0.8692232966423035,0,False,0.9545454545454546,0.3181818181818182,0.875
2105,0,CF4,L5,0.7,dictlearn,5,7,0.8498201370239258,0,False,0.9545454545454546,0.3181818181818182,0.875
2188,0,CF4,L5,0.7,dictlearn,5,7,0.7826035022735596,0,False,0.9545454545454546,0.3181818181818182,0.875
10587,0,CF4,L5,0.7,dictlearn,9,7,0.5113645792007446,0,False,0.9545454545454546,0.3181818181818182,0.875
20421,0,CF4,L5,0.7,dictlearn,8,0,0.6007495522499084,0,False,0.9545454545454546,0.3181818181818182,0.875
23070,0,CF4,L5,0.7,dictlearn,0,0,0.5791715383529663,1,False,0.9545454545454546,0.3181818181818182,0.875
19127,0,CF4,L5,0.7,dictlearn,6,7,0.8477407097816467,0,False,0.9545454545454546,0.3181818181818182,0.875
7302,0,CF4,L5,0.7,dictlearn,3,7,0.8581976890563965,0,False,0.9545454545454546,0.3181818181818182,0.875
8409,0,CF4,L5,0.7,dictlearn,4,1,0.5012858510017395,0,False,0.9545454545454546,0.3181818181818182,0.875
11086,0,CF4,L5,0.7,dictlearn,7,7,0.9297101497650146,1,False,0.9545454545454546,0.3181818181818182,0.875
17122,0,CF4,L5,0.7,dictlearn,5,7,0.9276882410049438,0,False,0.9545454545454546,0.3181818181818182,0.875
3555,0,CF4,L5,0.7,dictlearn,2,0,0.3681820333003998,0,False,0.9545454545454546,0.3181818181818182,0.875
19437,0,CF4,L5,0.7,dictlearn,4,7,0.9409705996513367,0,False,0.9545454545454546,0.3181818181818182,0.875
594,0,CF4,L5,0.7,dictlearn,9,7,0.746867299079895,0,False,0.9545454545454546,0.3181818181818182,0.875
21863,0,CF4,L5,0.7,dictlearn,3,7,0.48937010765075684,0,False,0.9545454545454546,0.3181818181818182,0.875
19765,0,CF4,L5,0.7,dictlearn,5,7,0.81560218334198,0,False,0.9545454545454546,0.3181818181818182,0.875
16909,0,CF4,L5,0.7,dictlearn,2,7,0.4763181209564209,0,False,0.9545454545454546,0.3181818181818182,0.875
21154,0,CF4,L5,0.7,dictlearn,7,7,0.7397748827934265,1,False,0.9545454545454546,0.3181818181818182,0.875
18615,0,CF4,L5,0.7,dictlearn,7,7,0.7942758202552795,1,False,0.9545454545454546,0.3181818181818182,0.875
18171,0,CF4,L5,0.7,dictlearn,7,7,0.9474183917045593,1,False,0.9545454545454546,0.3181818181818182,0.875
24434,0,CF4,L5,0.7,dictlearn,5,7,0.7202747464179993,0,False,0.9545454545454546,0.3181818181818182,0.875
9664,0,CF4,L5,0.7,dictlearn,0,7,0.979812502861023,0,False,0.9545454545454546,0.3181818181818182,0.875
2013,0,CF4,L5,0.7,dictlearn,5,5,0.37296825647354126,1,False,0.9545454545454546,0.3181818181818182,0.875
13537,0,CF4,L5,0.7,dictlearn,4,1,0.399957537651062,0,False,0.9545454545454546,0.3181818181818182,0.875
23942,0,CF4,L5,0.7,dictlearn,9,0,0.525094211101532,0,False,0.9545454545454546,0.3181818181818182,0.875
12415,0,CF4,L5,0.7,dictlearn,4,7,0.8663480281829834,0,False,0.9545454545454546,0.3181818181818182,0.875
13735,0,CF4,L5,0.7,dictlearn,0,2,0.6792551875114441,0,False,0.9545454545454546,0.3181818181818182,0.875
6873,0,CF4,L5,0.7,dictlearn,1,7,0.5036028623580933,0,False,0.9545454545454546,0.3181818181818182,0.875
16233,0,CF4,L5,0.7,dictlearn,2,7,0.6989791989326477,0,False,0.9545454545454546,0.3181818181818182,0.875
13108,0,CF4,L5,0.7,dictlearn,5,1,0.380359947681427,0,False,0.9545454545454546,0.3181818181818182,0.875
18114,0,CF4,L5,0.7,dictlearn,7,7,0.8715134263038635,1,False,0.9545454545454546,0.3181818181818182,0.875
25318,0,CF4,L5,0.7,dictlearn,0,1,0.6125502586364746,0,False,0.9545454545454546,0.3181818181818182,0.875
22387,0,CF4,L5,0.7,dictlearn,7,7,0.883495032787323,1,False,0.9545454545454546,0.3181818181818182,0.875
19911,0,CF4,L5,0.7,dictlearn,7,7,0.845562756061554,1,False,0.9545454545454546,0.3181818181818182,0.875
9953,0,CF4,L5,0.7,dictlearn,2,7,0.377947598695755,0,False,0.9545454545454546,0.3181818181818182,0.875
18500,0,CF4,L5,0.7,dictlearn,1,1,0.2994564175605774,1,False,0.9545454545454546,0.3181818181818182,0.875
12463,0,CF4,L5,0.7,dictlearn,2,1,0.6019530296325684,0,False,0.9545454545454546,0.3181818181818182,0.875
12143,0,CF4,L5,0.7,dictlearn,8,7,0.6263575553894043,0,False,0.9545454545454546,0.3181818181818182,0.875
14588,0,CF4,L5,0.7,dictlearn,8,7,0.4588516354560852,0,False,0.9545454545454546,0.3181818181818182,0.875
22152,0,CF4,L5,0.7,dictlearn,2,7,0.7665727138519287,0,False,0.9545454545454546,0.3181818181818182,0.875
16563,0,CF4,L5,0.7,dictlearn,4,7,0.3111715614795685,0,False,0.9545454545454546,0.3181818181818182,0.875
25225,0,CF4,L5,0.7,dictlearn,9,7,0.5960157513618469,0,False,0.9545454545454546,0.3181818181818182,0.875
1161,0,CF4,L5,0.7,dictlearn,2,7,0.8224242925643921,0,False,0.9545454545454546,0.3181818181818182,0.875
9891,0,CF4,L5,0.7,dictlearn,5,7,0.6647827625274658,0,False,0.9545454545454546,0.3181818181818182,0.875
18833,0,CF4,L5,0.7,dictlearn,2,7,0.8414784073829651,0,False,0.9545454545454546,0.3181818181818182,0.875
6162,0,CF4,L5,0.7,dictlearn,2,7,0.5464811325073242,0,False,0.9545454545454546,0.3181818181818182,0.875
22638,0,CF4,L5,0.7,dictlearn,0,7,0.43494904041290283,0,False,0.9545454545454546,0.3181818181818182,0.875
6112,0,CF4,L5,0.7,dictlearn,6,6,0.30605489015579224,1,False,0.9545454545454546,0.3181818181818182,0.875
24259,0,CF4,L5,0.7,dictlearn,9,7,0.7931759357452393,0,False,0.9545454545454546,0.3181818181818182,0.875
18029,0,CF4,L5,0.7,dictlearn,2,7,0.7226399183273315,0,False,0.9545454545454546,0.3181818181818182,0.875
13233,0,CF4,L5,0.7,dictlearn,0,2,0.4761955738067627,0,False,0.9545454545454546,0.3181818181818182,0.875
22560,0,CF4,L5,0.7,dictlearn,3,7,0.899413526058197,0,False,0.9545454545454546,0.3181818181818182,0.875
17100,0,CF4,L5,0.7,dictlearn,7,7,0.9266909956932068,1,False,0.9545454545454546,0.3181818181818182,0.875
13394,0,CF4,L5,0.7,dictlearn,7,7,0.7250416874885559,1,False,0.9545454545454546,0.3181818181818182,0.875
25173,0,CF4,L5,0.7,dictlearn,3,7,0.8215473294258118,0,False,0.9545454545454546,0.3181818181818182,0.875
17342,0,CF4,L5,0.7,dictlearn,4,7,0.40316006541252136,0,False,0.9545454545454546,0.3181818181818182,0.875
5881,0,CF4,L5,0.7,dictlearn,1,1,0.5002186894416809,1,False,0.9545454545454546,0.3181818181818182,0.875
16982,0,CF4,L5,0.7,dictlearn,3,7,0.5408433675765991,0,False,0.9545454545454546,0.3181818181818182,0.875
12959,0,CF4,L5,0.7,dictlearn,2,7,0.8058372735977173,0,False,0.9545454545454546,0.3181818181818182,0.875
3410,0,CF4,L5,0.7,dictlearn,2,7,0.48098376393318176,0,False,0.9545454545454546,0.3181818181818182,0.875
1939,0,CF4,L5,0.7,dictlearn,2,7,0.4212125837802887,0,False,0.9545454545454546,0.3181818181818182,0.875
13563,0,CF4,L5,0.7,dictlearn,4,7,0.5159184336662292,0,False,0.9545454545454546,0.3181818181818182,0.875
9659,0,CF4,L5,0.7,dictlearn,4,7,0.34775030612945557,0,False,0.9545454545454546,0.3181818181818182,0.875
23588,0,CF4,L5,0.7,dictlearn,9,7,0.9760159254074097,0,False,0.9545454545454546,0.3181818181818182,0.875
12156,0,CF4,L5,0.7,dictlearn,9,7,0.9642068147659302,0,False,0.9545454545454546,0.3181818181818182,0.875
24790,0,CF4,L5,0.7,dictlearn,4,1,0.3748515844345093,0,False,0.9545454545454546,0.3181818181818182,0.875
894,0,CF4,L5,0.7,dictlearn,8,2,0.47592222690582275,0,False,0.9545454545454546,0.3181818181818182,0.875
13738,0,CF4,L5,0.7,dictlearn,7,7,0.9779095649719238,1,False,0.9545454545454546,0.3181818181818182,0.875
20555,0,CF4,L5,0.7,dictlearn,5,7,0.9077931642532349,0,False,0.9545454545454546,0.3181818181818182,0.875
20457,0,CF4,L5,0.7,dictlearn,3,1,0.737546980381012,0,False,0.9545454545454546,0.3181818181818182,0.875
24842,0,CF4,L5,0.7,dictlearn,3,7,0.45079877972602844,0,False,0.9545454545454546,0.3181818181818182,0.875
11390,0,CF4,L5,0.7,dictlearn,9,7,0.8901116251945496,0,False,0.9545454545454546,0.3181818181818182,0.875
2665,0,CF4,L5,0.7,dictlearn,9,7,0.7619126439094543,0,False,0.9545454545454546,0.3181818181818182,0.875
24741,0,CF4,L5,0.7,dictlearn,8,2,0.5714704990386963,0,False,0.9545454545454546,0.3181818181818182,0.875
17634,0,CF4,L5,0.7,dictlearn,8,7,0.2609280049800873,0,False,0.9545454545454546,0.3181818181818182,0.875
16599,0,CF4,L5,0.7,dictlearn,1,1,0.36473342776298523,1,False,0.9545454545454546,0.3181818181818182,0.875
19330,0,CF4,L5,0.7,dictlearn,7,7,0.7142078876495361,1,False,0.9545454545454546,0.3181818181818182,0.875
3257,0,CF4,L5,0.7,dictlearn,1,7,0.6793598532676697,0,False,0.9545454545454546,0.3181818181818182,0.875
1114,0,CF4,L5,0.7,dictlearn,9,7,0.8662515878677368,0,False,0.9545454545454546,0.3181818181818182,0.875
11738,0,CF4,L5,0.7,dictlearn,8,1,0.4743470847606659,0,False,0.9545454545454546,0.3181818181818182,0.875
13077,0,CF4,L5,0.7,dictlearn,8,0,0.5376451015472412,0,False,0.9545454545454546,0.3181818181818182,0.875
5168,0,CF4,L5,0.7,dictlearn,3,7,0.5883916020393372,0,False,0.9545454545454546,0.3181818181818182,0.875
26013,0,CF4,L5,0.7,dictlearn,8,7,0.6268278956413269,0,False,0.9545454545454546,0.3181818181818182,0.875
5611,0,CF4,L5,0.7,dictlearn,7,7,0.7396376729011536,1,False,0.9545454545454546,0.3181818181818182,0.875
9389,0,CF4,L5,0.7,dictlearn,6,7,0.6364728808403015,0,False,0.9545454545454546,0.3181818181818182,0.875
25070,0,CF4,L5,0.7,dictlearn,2,7,0.9931364059448242,0,False,0.9545454545454546,0.3181818181818182,0.875
11322,0,CF4,L5,0.7,dictlearn,8,7,0.4467511475086212,0,False,0.9545454545454546,0.3181818181818182,0.875
3051,0,CF4,L5,0.7,dictlearn,0,7,0.32972386479377747,0,False,0.9545454545454546,0.3181818181818182,0.875
18770,0,CF4,L5,0.7,dictlearn,4,7,0.7662144899368286,0,False,0.9545454545454546,0.3181818181818182,0.875
14692,0,CF4,L5,0.7,dictlearn,2,7,0.36034828424453735,0,False,0.9545454545454546,0.3181818181818182,0.875
4561,0,CF4,L5,0.7,dictlearn,5,7,0.7905142903327942,0,False,0.9545454545454546,0.3181818181818182,0.875
16994,0,CF4,L5,0.7,dictlearn,0,0,0.43296533823013306,1,False,0.9545454545454546,0.3181818181818182,0.875
4156,0,CF4,L5,0.7,dictlearn,5,7,0.30884745717048645,0,False,0.9545454545454546,0.3181818181818182,0.875
5884,0,CF4,L5,0.7,dictlearn,1,7,0.913404643535614,0,False,0.9545454545454546,0.3181818181818182,0.875
18233,0,CF4,L5,0.7,dictlearn,0,7,0.8400207757949829,0,False,0.9545454545454546,0.3181818181818182,0.875
17044,0,CF4,L5,0.7,dictlearn,6,7,0.60683274269104,0,False,0.9545454545454546,0.3181818181818182,0.875
18857,0,CF4,L5,0.7,dictlearn,6,0,0.3304312527179718,0,False,0.9545454545454546,0.3181818181818182,0.875
21917,0,CF4,L5,0.7,dictlearn,9,7,0.9895520806312561,0,False,0.9545454545454546,0.3181818181818182,0.875
5054,0,CF4,L5,0.7,dictlearn,3,7,0.7293506264686584,0,False,0.9545454545454546,0.3181818181818182,0.875
7882,0,CF4,L5,0.7,dictlearn,4,7,0.49526771903038025,0,False,0.9545454545454546,0.3181818181818182,0.875
15688,0,CF4,L5,0.7,dictlearn,4,7,0.44887998700141907,0,False,0.9545454545454546,0.3181818181818182,0.875
5612,0,CF4,L5,0.7,dictlearn,8,1,0.4078027904033661,0,False,0.9545454545454546,0.3181818181818182,0.875
13934,0,CF4,L5,0.7,dictlearn,9,7,0.42426928877830505,0,False,0.9545454545454546,0.3181818181818182,0.875
16689,0,CF4,L5,0.7,dictlearn,2,0,0.7695349454879761,0,False,0.9545454545454546,0.3181818181818182,0.875
23844,0,CF4,L5,0.7,dictlearn,6,7,0.8899930119514465,0,False,0.9545454545454546,0.3181818181818182,0.875
7944,0,CF4,L5,0.7,dictlearn,7,7,0.7859198451042175,1,False,0.9545454545454546,0.3181818181818182,0.875
11370,0,CF4,L5,0.7,dictlearn,8,1,0.4415203630924225,0,False,0.9545454545454546,0.3181818181818182,0.875
24569,0,CF4,L5,0.7,dictlearn,1,1,0.6144313812255859,1,False,0.9545454545454546,0.3181818181818182,0.875
7529,0,CF4,L5,0.7,dictlearn,5,7,0.43875887989997864,0,False,0.9545454545454546,0.3181818181818182,0.875
5092,0,CF4,L5,0.7,dictlearn,2,7,0.7967305779457092,0,False,0.9545454545454546,0.3181818181818182,0.875
20673,0,CF4,L5,0.7,dictlearn,2,0,0.7477028965950012,0,False,0.9545454545454546,0.3181818181818182,0.875
10096,0,CF4,L5,0.7,dictlearn,7,7,0.8999906182289124,1,False,0.9545454545454546,0.3181818181818182,0.875
2059,0,CF4,L5,0.7,dictlearn,3,7,0.48476657271385193,0,False,0.9545454545454546,0.3181818181818182,0.875
19318,0,CF4,L5,0.7,dictlearn,0,0,0.761790931224823,1,False,0.9545454545454546,0.3181818181818182,0.875
12977,0,CF4,L5,0.7,dictlearn,8,7,0.44425079226493835,0,False,0.9545454545454546,0.3181818181818182,0.875
17673,0,CF4,L5,0.7,dictlearn,0,7,0.7180721759796143,0,False,0.9545454545454546,0.3181818181818182,0.875
18750,0,CF4,L5,0.7,dictlearn,0,7,0.8163467645645142,0,False,0.9545454545454546,0.3181818181818182,0.875
16728,0,CF4,L5,0.7,dictlearn,3,7,0.39484935998916626,0,False,0.9545454545454546,0.3181818181818182,0.875
14776,0,CF4,L5,0.7,dictlearn,8,1,0.3732425272464752,0,False,0.9545454545454546,0.3181818181818182,0.875
6941,0,CF4,L5,0.7,dictlearn,9,7,0.519845724105835,0,False,0.9545454545454546,0.3181818181818182,0.875
16787,0,CF4,L5,0.7,dictlearn,6,7,0.8362545967102051,0,False,0.9545454545454546,0.3181818181818182,0.875
25932,0,CF4,L5,0.7,dictlearn,5,1,0.3350813090801239,0,False,0.9545454545454546,0.3181818181818182,0.875
614,0,CF4,L5,0.7,dictlearn,0,7,0.6219441890716553,0,False,0.9545454545454546,0.3181818181818182,0.875
25690,0,CF4,L5,0.7,dictlearn,5,7,0.8810306191444397,0,False,0.9545454545454546,0.3181818181818182,0.875
25968,0,CF4,L5,0.7,dictlearn,5,7,0.5500714778900146,0,False,0.9545454545454546,0.3181818181818182,0.875
20123,0,CF4,L5,0.7,dictlearn,3,7,0.6978914737701416,0,False,0.9545454545454546,0.3181818181818182,0.875
13341,0,CF4,L5,0.7,dictlearn,5,7,0.979269802570343,0,False,0.9545454545454546,0.3181818181818182,0.875
24697,0,CF4,L5,0.7,dictlearn,4,7,0.5850591063499451,0,False,0.9545454545454546,0.3181818181818182,0.875
15157,0,CF4,L5,0.7,dictlearn,6,1,0.5831500887870789,0,False,0.9545454545454546,0.3181818181818182,0.875
23115,0,CF4,L5,0.7,dictlearn,1,7,0.33012139797210693,0,False,0.9545454545454546,0.3181818181818182,0.875
6396,0,CF4,L5,0.7,dictlearn,0,0,0.6691371202468872,1,False,0.9545454545454546,0.3181818181818182,0.875
19142,0,CF4,L5,0.7,dictlearn,4,1,0.3198091983795166,0,False,0.9545454545454546,0.3181818181818182,0.875
13157,0,CF4,L5,0.7,dictlearn,3,7,0.9693363904953003,0,False,0.9545454545454546,0.3181818181818182,0.875
19866,0,CF4,L5,0.7,dictlearn,1,7,0.38733482360839844,0,False,0.9545454545454546,0.3181818181818182,0.875
25996,0,CF4,L5,0.7,dictlearn,8,7,0.673020601272583,0,False,0.9545454545454546,0.3181818181818182,0.875
25515,0,CF4,L5,0.7,dictlearn,7,7,0.47328782081604004,1,False,0.9545454545454546,0.3181818181818182,0.875
12876,0,CF4,L5,0.7,dictlearn,0,0,0.6389436721801758,1,False,0.9545454545454546,0.3181818181818182,0.875
17565,0,CF4,L5,0.7,dictlearn,6,1,0.4838634431362152,0,False,0.9545454545454546,0.3181818181818182,0.875
17511,0,CF4,L5,0.7,dictlearn,4,7,0.9077273607254028,0,False,0.9545454545454546,0.3181818181818182,0.875
19996,0,CF4,L5,0.7,dictlearn,0,0,0.32350844144821167,1,False,0.9545454545454546,0.3181818181818182,0.875
12807,0,CF4,L5,0.7,dictlearn,1,1,0.9361962676048279,1,False,0.9545454545454546,0.3181818181818182,0.875
11001,0,CF4,L5,0.7,dictlearn,9,7,0.5060564875602722,0,False,0.9545454545454546,0.3181818181818182,0.875
13107,0,CF4,L5,0.7,dictlearn,0,0,0.41540783643722534,1,False,0.9545454545454546,0.3181818181818182,0.875
12641,0,CF4,L5,0.7,dictlearn,6,6,0.5062925815582275,1,False,0.9545454545454546,0.3181818181818182,0.875
22667,0,CF4,L5,0.7,dictlearn,5,7,0.5760509371757507,0,False,0.9545454545454546,0.3181818181818182,0.875
7310,0,CF4,L5,0.7,dictlearn,7,7,0.892755925655365,1,False,0.9545454545454546,0.3181818181818182,0.875
764,0,CF4,L5,0.7,dictlearn,1,1,0.8816640973091125,1,False,0.9545454545454546,0.3181818181818182,0.875
14813,0,CF4,L5,0.7,dictlearn,4,7,0.6684930920600891,0,False,0.9545454545454546,0.3181818181818182,0.875
7132,0,CF4,L5,0.7,dictlearn,2,7,0.9764031767845154,0,False,0.9545454545454546,0.3181818181818182,0.875
23884,0,CF4,L5,0.7,dictlearn,1,0,0.33497780561447144,0,False,0.9545454545454546,0.3181818181818182,0.875
22735,0,CF4,L5,0.7,dictlearn,8,7,0.8699004054069519,0,False,0.9545454545454546,0.3181818181818182,0.875
12483,0,CF4,L5,0.7,dictlearn,2,7,0.6482807993888855,0,False,0.9545454545454546,0.3181818181818182,0.875
10442,0,CF4,L5,0.7,dictlearn,6,7,0.8834888935089111,0,False,0.9545454545454546,0.3181818181818182,0.875
3733,0,CF4,L5,0.7,dictlearn,8,0,0.5766376852989197,0,False,0.9545454545454546,0.3181818181818182,0.875
20089,0,CF4,L5,0.7,dictlearn,4,1,0.5052012801170349,0,False,0.9545454545454546,0.3181818181818182,0.875
20411,0,CF4,L5,0.7,dictlearn,4,7,0.38548725843429565,0,False,0.9545454545454546,0.3181818181818182,0.875
10695,0,CF4,L5,0.7,dictlearn,4,7,0.4687039256095886,0,False,0.9545454545454546,0.3181818181818182,0.875
11992,0,CF4,L5,0.7,dictlearn,2,7,0.34602242708206177,0,False,0.9545454545454546,0.3181818181818182,0.875
20712,0,CF4,L5,0.7,dictlearn,7,7,0.48832711577415466,1,False,0.9545454545454546,0.3181818181818182,0.875
6518,0,CF4,L5,0.7,dictlearn,8,7,0.8569141030311584,0,False,0.9545454545454546,0.3181818181818182,0.875
6015,0,CF4,L5,0.7,dictlearn,9,1,0.5380428433418274,0,False,0.9545454545454546,0.3181818181818182,0.875
8396,0,CF4,L5,0.7,dictlearn,5,1,0.40332645177841187,0,False,0.9545454545454546,0.3181818181818182,0.875
12097,0,CF4,L5,0.7,dictlearn,9,0,0.7925071120262146,0,False,0.9545454545454546,0.3181818181818182,0.875
12565,0,CF4,L5,0.7,dictlearn,2,7,0.3128906488418579,0,False,0.9545454545454546,0.3181818181818182,0.875
22474,0,CF4,L5,0.7,dictlearn,4,5,0.43652164936065674,0,False,0.9545454545454546,0.3181818181818182,0.875
25110,0,CF4,L5,0.7,dictlearn,9,0,0.5632684230804443,0,False,0.9545454545454546,0.3181818181818182,0.875
8275,0,CF4,L5,0.7,dictlearn,8,7,0.7422435283660889,0,False,0.9545454545454546,0.3181818181818182,0.875
3871,0,CF4,L5,0.7,dictlearn,1,7,0.7631018757820129,0,False,0.9545454545454546,0.3181818181818182,0.875
24639,0,CF4,L5,0.7,dictlearn,2,7,0.976987361907959,0,False,0.9545454545454546,0.3181818181818182,0.875
15979,0,CF4,L5,0.7,dictlearn,3,7,0.6855642199516296,0,False,0.9545454545454546,0.3181818181818182,0.875
24513,0,CF4,L5,0.7,dictlearn,6,1,0.522456705570221,0,False,0.9545454545454546,0.3181818181818182,0.875
10926,0,CF4,L5,0.7,dictlearn,7,7,0.460417240858078,1,False,0.9545454545454546,0.3181818181818182,0.875
25564,0,CF4,L5,0.7,dictlearn,0,7,0.9700374007225037,0,False,0.9545454545454546,0.3181818181818182,0.875
2118,0,CF4,L5,0.7,dictlearn,0,0,0.4695082902908325,1,False,0.9545454545454546,0.3181818181818182,0.875
4358,0,CF4,L5,0.7,dictlearn,9,7,0.992957592010498,0,False,0.9545454545454546,0.3181818181818182,0.875
5674,0,CF4,L5,0.7,dictlearn,8,7,0.5326738953590393,0,False,0.9545454545454546,0.3181818181818182,0.875
3397,0,CF4,L5,0.7,dictlearn,7,7,0.9408866763114929,1,False,0.9545454545454546,0.3181818181818182,0.875
5183,0,CF4,L5,0.7,dictlearn,7,7,0.558212161064148,1,False,0.9545454545454546,0.3181818181818182,0.875
7505,0,CF4,L5,0.7,dictlearn,9,0,0.4822099804878235,0,False,0.9545454545454546,0.3181818181818182,0.875
17539,0,CF4,L5,0.7,dictlearn,0,7,0.3848479390144348,0,False,0.9545454545454546,0.3181818181818182,0.875
23918,0,CF4,L5,0.7,dictlearn,6,7,0.8878686428070068,0,False,0.9545454545454546,0.3181818181818182,0.875
19449,0,CF4,L5,0.7,dictlearn,2,7,0.6157058477401733,0,False,0.9545454545454546,0.3181818181818182,0.875
18599,0,CF4,L5,0.7,dictlearn,3,1,0.37100082635879517,0,False,0.9545454545454546,0.3181818181818182,0.875
8175,0,CF4,L5,0.7,dictlearn,8,0,0.3379971385002136,0,False,0.9545454545454546,0.3181818181818182,0.875
18412,0,CF4,L5,0.7,dictlearn,7,7,0.736121654510498,1,False,0.9545454545454546,0.3181818181818182,0.875
20667,0,CF4,L5,0.7,dictlearn,1,7,0.5396901369094849,0,False,0.9545454545454546,0.3181818181818182,0.875
8672,0,CF4,L5,0.7,dictlearn,9,7,0.8092758059501648,0,False,0.9545454545454546,0.3181818181818182,0.875
22087,0,CF4,L5,0.7,dictlearn,1,1,0.969780683517456,1,False,0.9545454545454546,0.3181818181818182,0.875
6910,0,CF4,L5,0.7,dictlearn,2,7,0.9806321859359741,0,False,0.9545454545454546,0.3181818181818182,0.875
19205,0,CF4,L5,0.7,dictlearn,3,7,0.6471669673919678,0,False,0.9545454545454546,0.3181818181818182,0.875
10581,0,CF4,L5,0.7,dictlearn,3,7,0.4386715292930603,0,False,0.9545454545454546,0.3181818181818182,0.875
14516,0,CF4,L5,0.7,dictlearn,4,7,0.6774168014526367,0,False,0.9545454545454546,0.3181818181818182,0.875
22602,0,CF4,L5,0.7,dictlearn,4,7,0.9526545405387878,0,False,0.9545454545454546,0.3181818181818182,0.875
1944,0,CF4,L5,0.7,dictlearn,0,7,0.7757811546325684,0,False,0.9545454545454546,0.3181818181818182,0.875
19718,0,CF4,L5,0.7,dictlearn,0,7,0.37516161799430847,0,False,0.9545454545454546,0.3181818181818182,0.875
15599,0,CF4,L5,0.7,dictlearn,7,7,0.7831977009773254,1,False,0.9545454545454546,0.3181818181818182,0.875
16766,0,CF4,L5,0.7,dictlearn,9,7,0.2734929025173187,0,False,0.9545454545454546,0.3181818181818182,0.875
12317,0,CF4,L5,0.7,dictlearn,5,7,0.9436097741127014,0,False,0.9545454545454546,0.3181818181818182,0.875
6275,0,CF4,L5,0.7,dictlearn,6,5,0.7159168720245361,0,False,0.9545454545454546,0.3181818181818182,0.875
14332,0,CF4,L5,0.7,dictlearn,3,7,0.8960000872612,0,False,0.9545454545454546,0.3181818181818182,0.875
25615,0,CF4,L5,0.7,dictlearn,8,7,0.625499427318573,0,False,0.9545454545454546,0.3181818181818182,0.875
7680,0,CF4,L5,0.7,dictlearn,7,7,0.9927349090576172,1,False,0.9545454545454546,0.3181818181818182,0.875
22105,0,CF4,L5,0.7,dictlearn,7,7,0.6520252227783203,1,False,0.9545454545454546,0.3181818181818182,0.875
19179,0,CF4,L5,0.7,dictlearn,5,7,0.9373539090156555,0,False,0.9545454545454546,0.3181818181818182,0.875
22379,0,CF4,L5,0.7,dictlearn,5,7,0.7979708313941956,0,False,0.9545454545454546,0.3181818181818182,0.875
11796,0,CF4,L5,0.7,dictlearn,0,7,0.8174489736557007,0,False,0.9545454545454546,0.3181818181818182,0.875
16929,0,CF4,L5,0.7,dictlearn,0,7,0.9095933437347412,0,False,0.9545454545454546,0.3181818181818182,0.875
20580,0,CF4,L5,0.7,dictlearn,2,7,0.6017148494720459,0,False,0.9545454545454546,0.3181818181818182,0.875
21272,0,CF4,L5,0.7,dictlearn,7,7,0.7477647066116333,1,False,0.9545454545454546,0.3181818181818182,0.875
12963,0,CF4,L5,0.7,dictlearn,4,1,0.44138097763061523,0,False,0.9545454545454546,0.3181818181818182,0.875
15648,0,CF4,L5,0.7,dictlearn,9,0,0.6062939167022705,0,False,0.9545454545454546,0.3181818181818182,0.875
10831,0,CF4,L5,0.7,dictlearn,6,1,0.8982318639755249,0,False,0.9545454545454546,0.3181818181818182,0.875
12228,0,CF4,L5,0.7,dictlearn,3,5,0.5289826393127441,0,False,0.9545454545454546,0.3181818181818182,0.875
2242,0,CF4,L5,0.7,dictlearn,7,6,0.4407846927642822,0,False,0.9545454545454546,0.3181818181818182,0.875
25443,0,CF4,L5,0.7,dictlearn,3,7,0.8231346607208252,0,False,0.9545454545454546,0.3181818181818182,0.875
23913,0,CF4,L5,0.7,dictlearn,1,7,0.9248977303504944,0,False,0.9545454545454546,0.3181818181818182,0.875
18452,0,CF4,L5,0.7,dictlearn,1,1,0.5335978269577026,1,False,0.9545454545454546,0.3181818181818182,0.875
12210,0,CF4,L5,0.7,dictlearn,0,7,0.5267288684844971,0,False,0.9545454545454546,0.3181818181818182,0.875
3532,0,CF4,L5,0.7,dictlearn,6,7,0.8213337063789368,0,False,0.9545454545454546,0.3181818181818182,0.875
13678,0,CF4,L5,0.7,dictlearn,9,7,0.9767865538597107,0,False,0.9545454545454546,0.3181818181818182,0.875
21370,0,CF4,L5,0.7,dictlearn,5,7,0.7243217825889587,0,False,0.9545454545454546,0.3181818181818182,0.875
23728,0,CF4,L5,0.7,dictlearn,9,7,0.8880594968795776,0,False,0.9545454545454546,0.3181818181818182,0.875
7460,0,CF4,L5,0.7,dictlearn,0,7,0.9795286655426025,0,False,0.9545454545454546,0.3181818181818182,0.875
25354,0,CF4,L5,0.7,dictlearn,2,7,0.8933641314506531,0,False,0.9545454545454546,0.3181818181818182,0.875
18984,0,CF4,L5,0.7,dictlearn,8,7,0.9447789192199707,0,False,0.9545454545454546,0.3181818181818182,0.875
12422,0,CF4,L5,0.7,dictlearn,6,7,0.745353639125824,0,False,0.9545454545454546,0.3181818181818182,0.875
7413,0,CF4,L5,0.7,dictlearn,4,1,0.41329070925712585,0,False,0.9545454545454546,0.3181818181818182,0.875
