patch_id,seed,family,level,frac,method,true_label,prediction,confidence,correct,bounded_unknown,isolated_missing_frac,mask_overlap_centre,centre_erased_frac
17222,0,CF4,L5,0.7,zero_fill,8,7,0.4500528872013092,0,False,0.9545454545454546,0.3181818181818182,0.875
7987,0,CF4,L5,0.7,zero_fill,4,5,0.42524293065071106,0,False,0.9545454545454546,0.3181818181818182,0.875
14403,0,CF4,L5,0.7,zero_fill,1,7,0.45755043625831604,0,False,0.9545454545454546,0.3181818181818182,0.875
12904,0,CF4,L5,0.7,zero_fill,1,7,0.43892449140548706,0,False,0.9545454545454546,0.3181818181818182,0.875
1024,0,CF4,L5,0.7,zero_fill,2,7,0.22425557672977448,0,False,0.9545454545454546,0.3181818181818182,0.875
15700,0,CF4,L5,0.7,zero_fill,3,2,0.30497416853904724,0,False,0.9545454545454546,0.3181818181818182,0.875
12639,0,CF4,L5,0.7,zero_fill,7,7,0.5649353265762329,1,False,0.9545454545454546,0.3181818181818182,0.875
20658,0,CF4,L5,0.7,zero_fill,4,7,0.46234142780303955,0,False,0.9545454545454546,0.3181818181818182,0.875
2642,0,CF4,L5,0.7,zero_fill,7,7,0.2846687138080597,1,False,0.9545454545454546,0.3181818181818182,0.875
9392,0,CF4,L5,0.7,zero_fill,9,7,0.23153577744960785,0,False,0.9545454545454546,0.3181818181818182,0.875
23357,0,CF4,L5,0.7,zero_fill,5,7,0.9246939420700073,0,False,0.9545454545454546,0.3181818181818182,0.875
15977,0,CF4,L5,0.7,zero_fill,0,7,0.5932281613349915,0,False,0.9545454545454546,0.3181818181818182,0.875
10440,0,CF4,L5,0.7,zero_fill,0,6,0.21672795712947845,0,False,0.9545454545454546,0.3181818181818182,0.875
14216,0,CF4,L5,0.7,zero_fill,3,7,0.4544903337955475,0,False,0.9545454545454546,0.3181818181818182,0.875
18353,0,CF4,L5,0.7,zero_fill,7,7,0.6467133164405823,1,False,0.9545454545454546,0.3181818181818182,0.875
17404,0,CF4,L5,0.7,zero_fill,3,7,0.2544049024581909,0,False,0.9545454545454546,0.3181818181818182,0.875
8424,0,CF4,L5,0.7,zero_fill,8,7,0.2621033191680908,0,False,0.9545454545454546,0.3181818181818182,0.875
4744,0,CF4,L5,0.7,zero_fill,8,7,0.299386590719223,0,False,0.9545454545454546,0.3181818181818182,0.875
18797,0,CF4,L5,0.7,zero_fill,7,7,0.6962341666221619,1,False,0.9545454545454546,0.3181818181818182,0.875
3156,0,CF4,L5,0.7,zero_fill,7,7,0.5487583875656128,1,False,0.9545454545454546,0.3181818181818182,0.875
17024,0,CF4,L5,0.7,zero_fill,2,7,0.5397164225578308,0,False,0.9545454545454546,0.3181818181818182,0.875
7807,0,CF4,L5,0.7,zero_fill,8,6,0.21800187230110168,0,False,0.9545454545454546,0.3181818181818182,0.875
138,0,CF4,L5,0.7,zero_fill,0,7,0.3927161693572998,0,False,0.9545454545454546,0.3181818181818182,0.875
20222,0,CF4,L5,0.7,zero_fill,2,7,0.8058845400810242,0,False,0.9545454545454546,0.3181818181818182,0.875
24734,0,CF4,L5,0.7,zero_fill,9,7,0.2931516766548157,0,False,0.9545454545454546,0.3181818181818182,0.875
8909,0,CF4,L5,0.7,zero_fill,0,7,0.477698415517807,0,False,0.9545454545454546,0.3181818181818182,0.875
4684,0,CF4,L5,0.7,zero_fill,1,7,0.493328332901001,0,False,0.9545454545454546,0.3181818181818182,0.875
15978,0,CF4,L5,0.7,zero_fill,6,5,0.4726962745189667,0,False,0.9545454545454546,0.3181818181818182,0.875
21495,0,CF4,L5,0.7,zero_fill,7,7,0.5439736843109131,1,False,0.9545454545454546,0.3181818181818182,0.875
5107,0,CF4,L5,0.7,zero_fill,6,5,0.5466817021369934,0,False,0.9545454545454546,0.3181818181818182,0.875
1914,0,CF4,L5,0.7,zero_fill,2,7,0.5483145117759705,0,False,0.9545454545454546,0.3181818181818182,0.875
21307,0,CF4,L5,0.7,zero_fill,1,7,0.564876139163971,0,False,0.9545454545454546,0.3181818181818182,0.875
7178,0,CF4,L5,0.7,zero_fill,4,7,0.41119644045829773,0,False,0.9545454545454546,0.3181818181818182,0.875
13264,0,CF4,L5,0.7,zero_fill,4,7,0.49155664443969727,0,False,0.9545454545454546,0.3181818181818182,0.875
21507,0,CF4,L5,0.7,zero_fill,1,7,0.6152412295341492,0,False,0.9545454545454546,0.3181818181818182,0.875
8399,0,CF4,L5,0.7,zero_fill,9,7,0.4944515526294708,0,False,0.9545454545454546,0.3181818181818182,0.875
4384,0,CF4,L5,0.7,zero_fill,0,7,0.3091130256652832,0,False,0.9545454545454546,0.3181818181818182,0.875
5820,0,CF4,L5,0.7,zero_fill,0,7,0.3889606297016144,0,False,0.9545454545454546,0.3181818181818182,0.875
22865,0,CF4,L5,0.7,zero_fill,0,7,0.41979268193244934,0,False,0.9545454545454546,0.3181818181818182,0.875
65,0,CF4,L5,0.7,zero_fill,0,7,0.432790607213974,0,False,0.9545454545454546,0.3181818181818182,0.875
15494,0,CF4,L5,0.7,zero_fill,6,7,0.6002433896064758,0,False,0.9545454545454546,0.3181818181818182,0.875
2327,0,CF4,L5,0.7,zero_fill,5,5,0.6371487379074097,1,False,0.9545454545454546,0.3181818181818182,0.875
24596,0,CF4,L5,0.7,zero_fill,7,5,0.49003928899765015,0,False,0.9545454545454546,0.3181818181818182,0.875
3825,0,CF4,L5,0.7,zero_fill,5,7,0.5484462976455688,0,False,0.9545454545454546,0.3181818181818182,0.875
17168,0,CF4,L5,0.7,zero_fill,7,7,0.24455006420612335,1,False,0.9545454545454546,0.3181818181818182,0.875
4357,0,CF4,L5,0.7,zero_fill,3,7,0.3660382032394409,0,False,0.9545454545454546,0.3181818181818182,0.875
2364,0,CF4,L5,0.7,zero_fill,9,7,0.45446234941482544,0,False,0.9545454545454546,0.3181818181818182,0.875
8703,0,CF4,L5,0.7,zero_fill,9,7,0.9352162480354309,0,False,0.9545454545454546,0.3181818181818182,0.875
19390,0,CF4,L5,0.7,zero_fill,9,2,0.3142745792865753,0,False,0.9545454545454546,0.3181818181818182,0.875
17853,0,CF4,L5,0.7,zero_fill,6,7,0.5706446170806885,0,False,0.9545454545454546,0.3181818181818182,0.875
4930,0,CF4,L5,0.7,zero_fill,4,7,0.5228680968284607,0,False,0.9545454545454546,0.3181818181818182,0.875
5314,0,CF4,L5,0.7,zero_fill,8,7,0.6958861351013184,0,False,0.9545454545454546,0.3181818181818182,0.875
4478,0,CF4,L5,0.7,zero_fill,8,7,0.5245558619499207,0,False,0.9545454545454546,0.3181818181818182,0.875
23679,0,CF4,L5,0.7,zero_fill,4,7,0.35733383893966675,0,False,0.9545454545454546,0.3181818181818182,0.875
5449,0,CF4,L5,0.7,zero_fill,1,7,0.5386486053466797,0,False,0.9545454545454546,0.3181818181818182,0.875
24183,0,CF4,L5,0.7,zero_fill,0,7,0.47810736298561096,0,False,0.9545454545454546,0.3181818181818182,0.875
20842,0,CF4,L5,0.7,zero_fill,3,7,0.7745177149772644,0,False,0.9545454545454546,0.3181818181818182,0.875
18825,0,CF4,L5,0.7,zero_fill,9,7,0.5457744598388672,0,False,0.9545454545454546,0.3181818181818182,0.875
6265,0,CF4,L5,0.7,zero_fill,1,7,0.7286531329154968,0,False,0.9545454545454546,0.3181818181818182,0.875
24932,0,CF4,L5,0.7,zero_fill,4,7,0.7512475252151489,0,False,0.9545454545454546,0.3181818181818182,0.875
14427,0,CF4,L5,0.7,zero_fill,8,7,0.49880173802375793,0,False,0.9545454545454546,0.3181818181818182,0.875
3740,0,CF4,L5,0.7,zero_fill,7,7,0.619927167892456,1,False,0.9545454545454546,0.3181818181818182,0.875
16809,0,CF4,L5,0.7,zero_fill,9,7,0.47784852981567383,0,False,0.9545454545454546,0.3181818181818182,0.875
1136,0,CF4,L5,0.7,zero_fill,1,7,0.3386610448360443,0,False,0.9545454545454546,0.3181818181818182,0.875
25757,0,CF4,L5,0.7,zero_fill,5,7,0.6187503933906555,0,False,0.9545454545454546,0.3181818181818182,0.875
7356,0,CF4,L5,0.7,zero_fill,4,7,0.7023895382881165,0,False,0.9545454545454546,0.3181818181818182,0.875
12298,0,CF4,L5,0.7,zero_fill,0,7,0.6915732026100159,0,False,0.9545454545454546,0.3181818181818182,0.875
5700,0,CF4,L5,0.7,zero_fill,3,7,0.5457111597061157,0,False,0.9545454545454546,0.3181818181818182,0.875
22753,0,CF4,L5,0.7,zero_fill,6,7,0.5768415927886963,0,False,0.9545454545454546,0.3181818181818182,0.875
16813,0,CF4,L5,0.7,zero_fill,6,7,0.7120869159698486,0,False,0.9545454545454546,0.3181818181818182,0.875
7373,0,CF4,L5,0.7,zero_fill,8,7,0.4235888421535492,0,False,0.9545454545454546,0.3181818181818182,0.875
20149,0,CF4,L5,0.7,zero_fill,2,7,0.6132428646087646,0,False,0.9545454545454546,0.3181818181818182,0.875
15874,0,CF4,L5,0.7,zero_fill,9,2,0.2930199205875397,0,False,0.9545454545454546,0.3181818181818182,0.875
26011,0,CF4,L5,0.7,zero_fill,0,7,0.3655140995979309,0,False,0.9545454545454546,0.3181818181818182,0.875
4196,0,CF4,L5,0.7,zero_fill,9,7,0.33218005299568176,0,False,0.9545454545454546,0.3181818181818182,0.875
11227,0,CF4,L5,0.7,zero_fill,3,7,0.7383312582969666,0,False,0.9545454545454546,0.3181818181818182,0.875
15736,0,CF4,L5,0.7,zero_fill,3,7,0.5420095324516296,0,False,0.9545454545454546,0.3181818181818182,0.875
6339,0,CF4,L5,0.7,zero_fill,6,7,0.750618040561676,0,False,0.9545454545454546,0.3181818181818182,0.875
25704,0,CF4,L5,0.7,zero_fill,2,7,0.2582540512084961,0,False,0.9545454545454546,0.3181818181818182,0.875
3190,0,CF4,L5,0.7,zero_fill,7,7,0.6247305274009705,1,False,0.9545454545454546,0.3181818181818182,0.875
737,0,CF4,L5,0.7,zero_fill,4,7,0.5061922073364258,0,False,0.9545454545454546,0.3181818181818182,0.875
22875,0,CF4,L5,0.7,zero_fill,9,7,0.29878175258636475,0,False,0.9545454545454546,0.3181818181818182,0.875
22749,0,CF4,L5,0.7,zero_fill,3,7,0.3587709069252014,0,False,0.9545454545454546,0.3181818181818182,0.875
22998,0,CF4,L5,0.7,zero_fill,3,7,0.46222102642059326,0,False,0.9545454545454546,0.3181818181818182,0.875
24210,0,CF4,L5,0.7,zero_fill,5,7,0.36345788836479187,0,False,0.9545454545454546,0.3181818181818182,0.875
6800,0,CF4,L5,0.7,zero_fill,4,7,0.51667720079422,0,False,0.9545454545454546,0.3181818181818182,0.875
16602,0,CF4,L5,0.7,zero_fill,9,7,0.4044380486011505,0,False,0.9545454545454546,0.3181818181818182,0.875
10822,0,CF4,L5,0.7,zero_fill,6,7,0.5399768948554993,0,False,0.9545454545454546,0.3181818181818182,0.875
12822,0,CF4,L5,0.7,zero_fill,1,5,0.3088817894458771,0,False,0.9545454545454546,0.3181818181818182,0.875
12758,0,CF4,L5,0.7,zero_fill,5,7,0.7814865112304688,0,False,0.9545454545454546,0.3181818181818182,0.875
21144,0,CF4,L5,0.7,zero_fill,4,7,0.536266565322876,0,False,0.9545454545454546,0.3181818181818182,0.875
4900,0,CF4,L5,0.7,zero_fill,6,5,0.49569249153137207,0,False,0.9545454545454546,0.3181818181818182,0.875
22888,0,CF4,L5,0.7,zero_fill,9,2,0.32322007417678833,0,False,0.9545454545454546,0.3181818181818182,0.875
19935,0,CF4,L5,0.7,zero_fill,9,7,0.4437278211116791,0,False,0.9545454545454546,0.3181818181818182,0.875
21896,0,CF4,L5,0.7,zero_fill,7,7,0.4063514173030853,1,False,0.9545454545454546,0.3181818181818182,0.875
3475,0,CF4,L5,0.7,zero_fill,3,7,0.8051367402076721,0,False,0.9545454545454546,0.3181818181818182,0.875
16171,0,CF4,L5,0.7,zero_fill,0,0,0.631255567073822,1,False,0.9545454545454546,0.3181818181818182,0.875
4672,0,CF4,L5,0.7,zero_fill,4,7,0.5256827473640442,0,False,0.9545454545454546,0.3181818181818182,0.875
10146,0,CF4,L5,0.7,zero_fill,2,7,0.36428001523017883,0,False,0.9545454545454546,0.3181818181818182,0.875
9207,0,CF4,L5,0.7,zero_fill,7,7,0.7611572742462158,1,False,0.9545454545454546,0.3181818181818182,0.875
17745,0,CF4,L5,0.7,zero_fill,9,7,0.4543422758579254,0,False,0.9545454545454546,0.3181818181818182,0.875
432,0,CF4,L5,0.7,zero_fill,7,7,0.3721652030944824,1,False,0.9545454545454546,0.3181818181818182,0.875
6608,0,CF4,L5,0.7,zero_fill,4,7,0.19104206562042236,0,False,0.9545454545454546,0.3181818181818182,0.875
25769,0,CF4,L5,0.7,zero_fill,9,7,0.6632460951805115,0,False,0.9545454545454546,0.3181818181818182,0.875
14774,0,CF4,L5,0.7,zero_fill,3,7,0.4281832277774811,0,False,0.9545454545454546,0.3181818181818182,0.875
21627,0,CF4,L5,0.7,zero_fill,4,7,0.42573726177215576,0,False,0.9545454545454546,0.3181818181818182,0.875
8133,0,CF4,L5,0.7,zero_fill,2,7,0.7578778862953186,0,False,0.9545454545454546,0.3181818181818182,0.875
12554,0,CF4,L5,0.7,zero_fill,4,7,0.44012314081192017,0,False,0.9545454545454546,0.3181818181818182,0.875
10856,0,CF4,L5,0.7,zero_fill,1,7,0.5486007332801819,0,False,0.9545454545454546,0.3181818181818182,0.875
15931,0,CF4,L5,0.7,zero_fill,3,7,0.45536932349205017,0,False,0.9545454545454546,0.3181818181818182,0.875
2367,0,CF4,L5,0.7,zero_fill,2,5,0.37302809953689575,0,False,0.9545454545454546,0.3181818181818182,0.875
25563,0,CF4,L5,0.7,zero_fill,7,7,0.33388158679008484,1,False,0.9545454545454546,0.3181818181818182,0.875
6748,0,CF4,L5,0.7,zero_fill,2,7,0.3370371460914612,0,False,0.9545454545454546,0.3181818181818182,0.875
5368,0,CF4,L5,0.7,zero_fill,8,2,0.25347575545310974,0,False,0.9545454545454546,0.3181818181818182,0.875
25951,0,CF4,L5,0.7,zero_fill,6,7,0.46190202236175537,0,False,0.9545454545454546,0.3181818181818182,0.875
22082,0,CF4,L5,0.7,zero_fill,7,7,0.6445552110671997,1,False,0.9545454545454546,0.3181818181818182,0.875
19301,0,CF4,L5,0.7,zero_fill,4,1,0.22047318518161774,0,False,0.9545454545454546,0.3181818181818182,0.875
13302,0,CF4,L5,0.7,zero_fill,4,7,0.3694646954536438,0,False,0.9545454545454546,0.3181818181818182,0.875
15358,0,CF4,L5,0.7,zero_fill,0,7,0.7094630002975464,0,False,0.9545454545454546,0.3181818181818182,0.875
23572,0,CF4,L5,0.7,zero_fill,2,7,0.7867282032966614,0,False,0.9545454545454546,0.3181818181818182,0.875
14736,0,CF4,L5,0.7,zero_fill,4,7,0.3957180380821228,0,False,0.9545454545454546,0.3181818181818182,0.875
16685,0,CF4,L5,0.7,zero_fill,2,7,0.6216530203819275,0,False,0.9545454545454546,0.3181818181818182,0.875
21902,0,CF4,L5,0.7,zero_fill,7,7,0.46945685148239136,1,False,0.9545454545454546,0.3181818181818182,0.875
6713,0,CF4,L5,0.7,zero_fill,5,7,0.6349622011184692,0,False,0.9545454545454546,0.3181818181818182,0.875
8771,0,CF4,L5,0.7,zero_fill,4,5,0.6750673651695251,0,False,0.9545454545454546,0.3181818181818182,0.875
20264,0,CF4,L5,0.7,zero_fill,3,7,0.7045115828514099,0,False,0.9545454545454546,0.3181818181818182,0.875
24489,0,CF4,L5,0.7,zero_fill,1,7,0.3094308078289032,0,False,0.9545454545454546,0.3181818181818182,0.875
24852,0,CF4,L5,0.7,zero_fill,1,7,0.4311981499195099,0,False,0.9545454545454546,0.3181818181818182,0.875
6746,0,CF4,L5,0.7,zero_fill,1,7,0.4316486418247223,0,False,0.9545454545454546,0.3181818181818182,0.875
5951,0,CF4,L5,0.7,zero_fill,5,7,0.7350466251373291,0,False,0.9545454545454546,0.3181818181818182,0.875
6438,0,CF4,L5,0.7,zero_fill,4,7,0.5983490943908691,0,False,0.9545454545454546,0.3181818181818182,0.875
11126,0,CF4,L5,0.7,zero_fill,9,7,0.5503132343292236,0,False,0.9545454545454546,0.3181818181818182,0.875
24241,0,CF4,L5,0.7,zero_fill,3,7,0.6749410033226013,0,False,0.9545454545454546,0.3181818181818182,0.875
23621,0,CF4,L5,0.7,zero_fill,6,7,0.4024522304534912,0,False,0.9545454545454546,0.3181818181818182,0.875
14358,0,CF4,L5,0.7,zero_fill,6,7,0.5722038745880127,0,False,0.9545454545454546,0.3181818181818182,0.875
19003,0,CF4,L5,0.7,zero_fill,6,7,0.703316867351532,0,False,0.9545454545454546,0.3181818181818182,0.875
3760,0,CF4,L5,0.7,zero_fill,9,7,0.6370617747306824,0,False,0.9545454545454546,0.3181818181818182,0.875
1155,0,CF4,L5,0.7,zero_fill,5,5,0.5123525261878967,1,False,0.9545454545454546,0.3181818181818182,0.875
22044,0,CF4,L5,0.7,zero_fill,8,7,0.5880129337310791,0,False,0.9545454545454546,0.3181818181818182,0.875
17521,0,CF4,L5,0.7,zero_fill,4,5,0.6988765001296997,0,False,0.9545454545454546,0.3181818181818182,0.875
15177,0,CF4,L5,0.7,zero_fill,9,7,0.8105664253234863,0,False,0.9545454545454546,0.3181818181818182,0.875
21080,0,CF4,L5,0.7,zero_fill,0,7,0.22761698067188263,0,False,0.9545454545454546,0.3181818181818182,0.875
4507,0,CF4,L5,0.7,zero_fill,5,7,0.42155885696411133,0,False,0.9545454545454546,0.3181818181818182,0.875
10600,0,CF4,L5,0.7,zero_fill,7,7,0.90445476770401,1,False,0.9545454545454546,0.3181818181818182,0.875
11754,0,CF4,L5,0.7,zero_fill,1,7,0.236281618475914,0,False,0.9545454545454546,0.3181818181818182,0.875
22934,0,CF4,L5,0.7,zero_fill,4,7,0.5656474828720093,0,False,0.9545454545454546,0.3181818181818182,0.875
19094,0,CF4,L5,0.7,zero_fill,3,7,0.25578445196151733,0,False,0.9545454545454546,0.3181818181818182,0.875
25246,0,CF4,L5,0.7,zero_fill,7,7,0.5135253071784973,1,False,0.9545454545454546,0.3181818181818182,0.875
14745,0,CF4,L5,0.7,zero_fill,2,7,0.2589282989501953,0,False,0.9545454545454546,0.3181818181818182,0.875
3177,0,CF4,L5,0.7,zero_fill,8,7,0.548485279083252,0,False,0.9545454545454546,0.3181818181818182,0.875
13870,0,CF4,L5,0.7,zero_fill,5,7,0.6934369206428528,0,False,0.9545454545454546,0.3181818181818182,0.875
5605,0,CF4,L5,0.7,zero_fill,6,7,0.4356694519519806,0,False,0.9545454545454546,0.3181818181818182,0.875
5202,0,CF4,L5,0.7,zero_fill,8,2,0.34041324257850647,0,False,0.9545454545454546,0.3181818181818182,0.875
8800,0,CF4,L5,0.7,zero_fill,5,7,0.6981279253959656,0,False,0.9545454545454546,0.3181818181818182,0.875
645,0,CF4,L5,0.7,zero_fill,3,2,0.2595643103122711,0,False,0.9545454545454546,0.3181818181818182,0.875
16077,0,CF4,L5,0.7,zero_fill,5,7,0.6207971572875977,0,False,0.9545454545454546,0.3181818181818182,0.875
15336,0,CF4,L5,0.7,zero_fill,5,7,0.7509148120880127,0,False,0.9545454545454546,0.3181818181818182,0.875
20933,0,CF4,L5,0.7,zero_fill,0,7,0.39964988827705383,0,False,0.9545454545454546,0.3181818181818182,0.875
10580,0,CF4,L5,0.7,zero_fill,8,7,0.3163844347000122,0,False,0.9545454545454546,0.3181818181818182,0.875
25902,0,CF4,L5,0.7,zero_fill,6,5,0.5888035297393799,0,False,0.9545454545454546,0.3181818181818182,0.875
4666,0,CF4,L5,0.7,zero_fill,8,7,0.3341555595397949,0,False,0.9545454545454546,0.3181818181818182,0.875
14541,0,CF4,L5,0.7,zero_fill,4,5,0.5839877724647522,0,False,0.9545454545454546,0.3181818181818182,0.875
7374,0,CF4,L5,0.7,zero_fill,5,7,0.4060862064361572,0,False,0.9545454545454546,0.3181818181818182,0.875
4697,0,CF4,L5,0.7,zero_fill,5,7,0.5326105952262878,0,False,0.9545454545454546,0.3181818181818182,0.875
6317,0,CF4,L5,0.7,zero_fill,5,7,0.4878312647342682,0,False,0.9545454545454546,0.3181818181818182,0.875
16623,0,CF4,L5,0.7,zero_fill,6,7,0.42932119965553284,0,False,0.9545454545454546,0.3181818181818182,0.875
16511,0,CF4,L5,0.7,zero_fill,6,7,0.5317573547363281,0,False,0.9545454545454546,0.3181818181818182,0.875
16162,0,CF4,L5,0.7,zero_fill,3,7,0.6907141804695129,0,False,0.9545454545454546,0.3181818181818182,0.875
5989,0,CF4,L5,0.7,zero_fill,1,7,0.5717949271202087,0,False,0.9545454545454546,0.3181818181818182,0.875
18753,0,CF4,L5,0.7,zero_fill,5,7,0.46462246775627136,0,False,0.9545454545454546,0.3181818181818182,0.875
20853,0,CF4,L5,0.7,zero_fill,4,7,0.20548434555530548,0,False,0.9545454545454546,0.3181818181818182,0.875
16556,0,CF4,L5,0.7,zero_fill,0,7,0.21763311326503754,0,False,0.9545454545454546,0.3181818181818182,0.875
7019,0,CF4,L5,0.7,zero_fill,9,7,0.7310059666633606,0,False,0.9545454545454546,0.3181818181818182,0.875
3090,0,CF4,L5,0.7,zero_fill,6,7,0.604265570640564,0,False,0.9545454545454546,0.3181818181818182,0.875
14680,0,CF4,L5,0.7,zero_fill,3,7,0.4300665557384491,0,False,0.9545454545454546,0.3181818181818182,0.875
869,0,CF4,L5,0.7,zero_fill,3,7,0.5083242058753967,0,False,0.9545454545454546,0.3181818181818182,0.875
7595,0,CF4,L5,0.7,zero_fill,6,7,0.48702341318130493,0,False,0.9545454545454546,0.3181818181818182,0.875
14417,0,CF4,L5,0.7,zero_fill,1,7,0.7951337695121765,0,False,0.9545454545454546,0.3181818181818182,0.875
13624,0,CF4,L5,0.7,zero_fill,9,7,0.47065213322639465,0,False,0.9545454545454546,0.3181818181818182,0.875
21083,0,CF4,L5,0.7,zero_fill,0,7,0.4458977282047272,0,False,0.9545454545454546,0.3181818181818182,0.875
7556,0,CF4,L5,0.7,zero_fill,1,7,0.5898866653442383,0,False,0.9545454545454546,0.3181818181818182,0.875
9289,0,CF4,L5,0.7,zero_fill,8,7,0.68341064453125,0,False,0.9545454545454546,0.3181818181818182,0.875
19944,0,CF4,L5,0.7,zero_fill,3,7,0.35283830761909485,0,False,0.9545454545454546,0.3181818181818182,0.875
6057,0,CF4,L5,0.7,zero_fill,1,7,0.23367096483707428,0,False,0.9545454545454546,0.3181818181818182,0.875
23029,0,CF4,L5,0.7,zero_fill,8,7,0.3260221779346466,0,False,0.9545454545454546,0.3181818181818182,0.875
23668,0,CF4,L5,0.7,zero_fill,5,7,0.3907191753387451,0,False,0.9545454545454546,0.3181818181818182,0.875
13115,0,CF4,L5,0.7,zero_fill,8,7,0.8713233470916748,0,False,0.9545454545454546,0.3181818181818182,0.875
20635,0,CF4,L5,0.7,zero_fill,3,7,0.38712507486343384,0,False,0.9545454545454546,0.3181818181818182,0.875
4281,0,CF4,L5,0.7,zero_fill,4,1,0.30222225189208984,0,False,0.9545454545454546,0.3181818181818182,0.875
4139,0,CF4,L5,0.7,zero_fill,9,7,0.44095510244369507,0,False,0.9545454545454546,0.3181818181818182,0.875
10652,0,CF4,L5,0.7,zero_fill,1,7,0.4686116576194763,0,False,0.9545454545454546,0.3181818181818182,0.875
700,0,CF4,L5,0.7,zero_fill,1,7,0.7939237356185913,0,False,0.9545454545454546,0.3181818181818182,0.875
5772,0,CF4,L5,0.7,zero_fill,3,7,0.639965832233429,0,False,0.9545454545454546,0.3181818181818182,0.875
8114,0,CF4,L5,0.7,zero_fill,9,7,0.7791380882263184,0,False,0.9545454545454546,0.3181818181818182,0.875
5964,0,CF4,L5,0.7,zero_fill,6,7,0.6909027695655823,0,False,0.9545454545454546,0.3181818181818182,0.875
17278,0,CF4,L5,0.7,zero_fill,7,7,0.5784130692481995,1,False,0.9545454545454546,0.3181818181818182,0.875
9961,0,CF4,L5,0.7,zero_fill,0,7,0.2513188421726227,0,False,0.9545454545454546,0.3181818181818182,0.875
25974,0,CF4,L5,0.7,zero_fill,7,7,0.43323051929473877,1,False,0.9545454545454546,0.3181818181818182,0.875
14317,0,CF4,L5,0.7,zero_fill,3,7,0.5429721474647522,0,False,0.9545454545454546,0.3181818181818182,0.875
6485,0,CF4,L5,0.7,zero_fill,0,7,0.26054826378822327,0,False,0.9545454545454546,0.3181818181818182,0.875
18287,0,CF4,L5,0.7,zero_fill,0,7,0.28471481800079346,0,False,0.9545454545454546,0.3181818181818182,0.875
11840,0,CF4,L5,0.7,zero_fill,4,7,0.5199041366577148,0,False,0.9545454545454546,0.3181818181818182,0.875
864,0,CF4,L5,0.7,zero_fill,0,7,0.22761285305023193,0,False,0.9545454545454546,0.3181818181818182,0.875
20612,0,CF4,L5,0.7,zero_fill,1,7,0.4927661120891571,0,False,0.9545454545454546,0.3181818181818182,0.875
21079,0,CF4,L5,0.7,zero_fill,1,7,0.3827858567237854,0,False,0.9545454545454546,0.3181818181818182,0.875
11286,0,CF4,L5,0.7,zero_fill,5,5,0.5035499930381775,1,False,0.9545454545454546,0.3181818181818182,0.875
788,0,CF4,L5,0.7,zero_fill,0,7,0.49445563554763794,0,False,0.9545454545454546,0.3181818181818182,0.875
15932,0,CF4,L5,0.7,zero_fill,3,7,0.43215635418891907,0,False,0.9545454545454546,0.3181818181818182,0.875
18511,0,CF4,L5,0.7,zero_fill,3,7,0.643714427947998,0,False,0.9545454545454546,0.3181818181818182,0.875
21576,0,CF4,L5,0.7,zero_fill,5,7,0.49935054779052734,0,False,0.9545454545454546,0.3181818181818182,0.875
17237,0,CF4,L5,0.7,zero_fill,2,7,0.5449187159538269,0,False,0.9545454545454546,0.3181818181818182,0.875
2966,0,CF4,L5,0.7,zero_fill,2,7,0.6521146297454834,0,False,0.9545454545454546,0.3181818181818182,0.875
16416,0,CF4,L5,0.7,zero_fill,5,7,0.5758196711540222,0,False,0.9545454545454546,0.3181818181818182,0.875
1280,0,CF4,L5,0.7,zero_fill,5,7,0.45278429985046387,0,False,0.9545454545454546,0.3181818181818182,0.875
24928,0,CF4,L5,0.7,zero_fill,0,7,0.3671514391899109,0,False,0.9545454545454546,0.3181818181818182,0.875
23837,0,CF4,L5,0.7,zero_fill,1,7,0.4809303283691406,0,False,0.9545454545454546,0.3181818181818182,0.875
20230,0,CF4,L5,0.7,zero_fill,1,7,0.42117491364479065,0,False,0.9545454545454546,0.3181818181818182,0.875
23434,0,CF4,L5,0.7,zero_fill,5,7,0.9080302715301514,0,False,0.9545454545454546,0.3181818181818182,0.875
20522,0,CF4,L5,0.7,zero_fill,6,7,0.47530660033226013,0,False,0.9545454545454546,0.3181818181818182,0.875
7789,0,CF4,L5,0.7,zero_fill,3,5,0.25245189666748047,0,False,0.9545454545454546,0.3181818181818182,0.875
22086,0,CF4,L5,0.7,zero_fill,6,7,0.5001720190048218,0,False,0.9545454545454546,0.3181818181818182,0.875
21339,0,CF4,L5,0.7,zero_fill,0,2,0.3843640983104706,0,False,0.9545454545454546,0.3181818181818182,0.875
6830,0,CF4,L5,0.7,zero_fill,9,2,0.3718733787536621,0,False,0.9545454545454546,0.3181818181818182,0.875
20902,0,CF4,L5,0.7,zero_fill,2,7,0.6103827953338623,0,False,0.9545454545454546,0.3181818181818182,0.875
17481,0,CF4,L5,0.7,zero_fill,5,7,0.760545015335083,0,False,0.9545454545454546,0.3181818181818182,0.875
3050,0,CF4,L5,0.7,zero_fill,6,7,0.48730507493019104,0,False,0.9545454545454546,0.3181818181818182,0.875
409,0,CF4,L5,0.7,zero_fill,1,7,0.6571186184883118,0,False,0.9545454545454546,0.3181818181818182,0.875
14823,0,CF4,L5,0.7,zero_fill,7,7,0.7815665006637573,1,False,0.9545454545454546,0.3181818181818182,0.875
22892,0,CF4,L5,0.7,zero_fill,9,7,0.5774964094161987,0,False,0.9545454545454546,0.3181818181818182,0.875
9470,0,CF4,L5,0.7,zero_fill,8,7,0.40255606174468994,0,False,0.9545454545454546,0.3181818181818182,0.875
9543,0,CF4,L5,0.7,zero_fill,6,7,0.6028987765312195,0,False,0.9545454545454546,0.3181818181818182,0.875
22090,0,CF4,L5,0.7,zero_fill,5,7,0.3362918496131897,0,False,0.9545454545454546,0.3181818181818182,0.875
6045,0,CF4,L5,0.7,zero_fill,6,7,0.4005714952945709,0,False,0.9545454545454546,0.3181818181818182,0.875
317,0,CF4,L5,0.7,zero_fill,8,7,0.393480122089386,0,False,0.9545454545454546,0.3181818181818182,0.875
15812,0,CF4,L5,0.7,zero_fill,0,7,0.5168436765670776,0,False,0.9545454545454546,0.3181818181818182,0.875
18170,0,CF4,L5,0.7,zero_fill,9,7,0.30136334896087646,0,False,0.9545454545454546,0.3181818181818182,0.875
14781,0,CF4,L5,0.7,zero_fill,0,7,0.3413274884223938,0,False,0.9545454545454546,0.3181818181818182,0.875
17886,0,CF4,L5,0.7,zero_fill,9,7,0.8769769072532654,0,False,0.9545454545454546,0.3181818181818182,0.875
20049,0,CF4,L5,0.7,zero_fill,3,7,0.5528067350387573,0,False,0.9545454545454546,0.3181818181818182,0.875
13283,0,CF4,L5,0.7,zero_fill,0,7,0.6539554595947266,0,False,0.9545454545454546,0.3181818181818182,0.875
25830,0,CF4,L5,0.7,zero_fill,5,1,0.3743934631347656,0,False,0.9545454545454546,0.3181818181818182,0.875
14277,0,CF4,L5,0.7,zero_fill,9,7,0.6935029625892639,0,False,0.9545454545454546,0.3181818181818182,0.875
5908,0,CF4,L5,0.7,zero_fill,1,7,0.7818011045455933,0,False,0.9545454545454546,0.3181818181818182,0.875
9731,0,CF4,L5,0.7,zero_fill,8,7,0.680670976638794,0,False,0.9545454545454546,0.3181818181818182,0.875
14180,0,CF4,L5,0.7,zero_fill,9,7,0.28091755509376526,0,False,0.9545454545454546,0.3181818181818182,0.875
9246,0,CF4,L5,0.7,zero_fill,2,7,0.471752405166626,0,False,0.9545454545454546,0.3181818181818182,0.875
1656,0,CF4,L5,0.7,zero_fill,2,7,0.5685226321220398,0,False,0.9545454545454546,0.3181818181818182,0.875
17712,0,CF4,L5,0.7,zero_fill,1,5,0.33721786737442017,0,False,0.9545454545454546,0.3181818181818182,0.875
25544,0,CF4,L5,0.7,zero_fill,9,7,0.37473005056381226,0,False,0.9545454545454546,0.3181818181818182,0.875
1120,0,CF4,L5,0.7,zero_fill,5,7,0.8829604387283325,0,False,0.9545454545454546,0.3181818181818182,0.875
1298,0,CF4,L5,0.7,zero_fill,6,5,0.4239858388900757,0,False,0.9545454545454546,0.3181818181818182,0.875
25570,0,CF4,L5,0.7,zero_fill,2,7,0.7800287008285522,0,False,0.9545454545454546,0.3181818181818182,0.875
5370,0,CF4,L5,0.7,zero_fill,7,7,0.4457072913646698,1,False,0.9545454545454546,0.3181818181818182,0.875
19075,0,CF4,L5,0.7,zero_fill,2,7,0.7257918119430542,0,False,0.9545454545454546,0.3181818181818182,0.875
8583,0,CF4,L5,0.7,zero_fill,0,7,0.6666474342346191,0,False,0.9545454545454546,0.3181818181818182,0.875
2133,0,CF4,L5,0.7,zero_fill,0,7,0.6520468592643738,0,False,0.9545454545454546,0.3181818181818182,0.875
1982,0,CF4,L5,0.7,zero_fill,2,7,0.5319076776504517,0,False,0.9545454545454546,0.3181818181818182,0.875
950,0,CF4,L5,0.7,zero_fill,8,7,0.36094585061073303,0,False,0.9545454545454546,0.3181818181818182,0.875
19563,0,CF4,L5,0.7,zero_fill,4,5,0.31723731756210327,0,False,0.9545454545454546,0.3181818181818182,0.875
21023,0,CF4,L5,0.7,zero_fill,6,5,0.2725237011909485,0,False,0.9545454545454546,0.3181818181818182,0.875
15687,0,CF4,L5,0.7,zero_fill,0,7,0.38426443934440613,0,False,0.9545454545454546,0.3181818181818182,0.875
6444,0,CF4,L5,0.7,zero_fill,6,7,0.2558456063270569,0,False,0.9545454545454546,0.3181818181818182,0.875
15735,0,CF4,L5,0.7,zero_fill,4,7,0.3756769001483917,0,False,0.9545454545454546,0.3181818181818182,0.875
10651,0,CF4,L5,0.7,zero_fill,0,7,0.5855981707572937,0,False,0.9545454545454546,0.3181818181818182,0.875
13256,0,CF4,L5,0.7,zero_fill,1,7,0.373996376991272,0,False,0.9545454545454546,0.3181818181818182,0.875
16855,0,CF4,L5,0.7,zero_fill,6,7,0.3643445074558258,0,False,0.9545454545454546,0.3181818181818182,0.875
14884,0,CF4,L5,0.7,zero_fill,9,7,0.2997796833515167,0,False,0.9545454545454546,0.3181818181818182,0.875
21884,0,CF4,L5,0.7,zero_fill,6,5,0.39358434081077576,0,False,0.9545454545454546,0.3181818181818182,0.875
5078,0,CF4,L5,0.7,zero_fill,3,7,0.7527532577514648,0,False,0.9545454545454546,0.3181818181818182,0.875
20419,0,CF4,L5,0.7,zero_fill,9,7,0.4165423512458801,0,False,0.9545454545454546,0.3181818181818182,0.875
20521,0,CF4,L5,0.7,zero_fill,5,7,0.7017837762832642,0,False,0.9545454545454546,0.3181818181818182,0.875
23257,0,CF4,L5,0.7,zero_fill,5,7,0.7676817178726196,0,False,0.9545454545454546,0.3181818181818182,0.875
17190,0,CF4,L5,0.7,zero_fill,2,7,0.374736487865448,0,False,0.9545454545454546,0.3181818181818182,0.875
15631,0,CF4,L5,0.7,zero_fill,8,7,0.281345397233963,0,False,0.9545454545454546,0.3181818181818182,0.875
504,0,CF4,L5,0.7,zero_fill,0,7,0.6100424528121948,0,False,0.9545454545454546,0.3181818181818182,0.875
14990,0,CF4,L5,0.7,zero_fill,3,2,0.2961741089820862,0,False,0.9545454545454546,0.3181818181818182,0.875
24512,0,CF4,L5,0.7,zero_fill,8,9,0.1833011358976364,0,False,0.9545454545454546,0.3181818181818182,0.875
23120,0,CF4,L5,0.7,zero_fill,7,7,0.3157240152359009,1,False,0.9545454545454546,0.3181818181818182,0.875
3357,0,CF4,L5,0.7,zero_fill,2,7,0.3745060861110687,0,False,0.9545454545454546,0.3181818181818182,0.875
8088,0,CF4,L5,0.7,zero_fill,1,7,0.5996847748756409,0,False,0.9545454545454546,0.3181818181818182,0.875
21849,0,CF4,L5,0.7,zero_fill,9,7,0.6915493607521057,0,False,0.9545454545454546,0.3181818181818182,0.875
13683,0,CF4,L5,0.7,zero_fill,0,7,0.6184160113334656,0,False,0.9545454545454546,0.3181818181818182,0.875
22718,0,CF4,L5,0.7,zero_fill,9,7,0.5808678865432739,0,False,0.9545454545454546,0.3181818181818182,0.875
9927,0,CF4,L5,0.7,zero_fill,4,7,0.7291169166564941,0,False,0.9545454545454546,0.3181818181818182,0.875
11425,0,CF4,L5,0.7,zero_fill,0,7,0.43924975395202637,0,False,0.9545454545454546,0.3181818181818182,0.875
14578,0,CF4,L5,0.7,zero_fill,0,7,0.5594163537025452,0,False,0.9545454545454546,0.3181818181818182,0.875
25481,0,CF4,L5,0.7,zero_fill,8,7,0.42362335324287415,0,False,0.9545454545454546,0.3181818181818182,0.875
11269,0,CF4,L5,0.7,zero_fill,5,7,0.31478533148765564,0,False,0.9545454545454546,0.3181818181818182,0.875
12877,0,CF4,L5,0.7,zero_fill,5,7,0.5611974596977234,0,False,0.9545454545454546,0.3181818181818182,0.875
22531,0,CF4,L5,0.7,zero_fill,9,7,0.26716750860214233,0,False,0.9545454545454546,0.3181818181818182,0.875
13150,0,CF4,L5,0.7,zero_fill,3,7,0.38185569643974304,0,False,0.9545454545454546,0.3181818181818182,0.875
5654,0,CF4,L5,0.7,zero_fill,8,7,0.9565832018852234,0,False,0.9545454545454546,0.3181818181818182,0.875
1286,0,CF4,L5,0.7,zero_fill,7,7,0.5164538621902466,1,False,0.9545454545454546,0.3181818181818182,0.875
1652,0,CF4,L5,0.7,zero_fill,1,7,0.6540446281433105,0,False,0.9545454545454546,0.3181818181818182,0.875
22335,0,CF4,L5,0.7,zero_fill,2,7,0.7915642261505127,0,False,0.9545454545454546,0.3181818181818182,0.875
23848,0,CF4,L5,0.7,zero_fill,3,7,0.5518132448196411,0,False,0.9545454545454546,0.3181818181818182,0.875
2892,0,CF4,L5,0.7,zero_fill,6,7,0.40906158089637756,0,False,0.9545454545454546,0.3181818181818182,0.875
16530,0,CF4,L5,0.7,zero_fill,8,7,0.9222341775894165,0,False,0.9545454545454546,0.3181818181818182,0.875
12848,0,CF4,L5,0.7,zero_fill,8,7,0.5248727798461914,0,False,0.9545454545454546,0.3181818181818182,0.875
7330,0,CF4,L5,0.7,zero_fill,7,7,0.7068848609924316,1,False,0.9545454545454546,0.3181818181818182,0.875
3676,0,CF4,L5,0.7,zero_fill,1,7,0.6852097511291504,0,False,0.9545454545454546,0.3181818181818182,0.875
19966,0,CF4,L5,0.7,zero_fill,8,7,0.771131694316864,0,False,0.9545454545454546,0.3181818181818182,0.875
8382,0,CF4,L5,0.7,zero_fill,5,7,0.7204176187515259,0,False,0.9545454545454546,0.3181818181818182,0.875
19660,0,CF4,L5,0.7,zero_fill,7,7,0.5664424300193787,1,False,0.9545454545454546,0.3181818181818182,0.875
2508,0,CF4,L5,0.7,zero_fill,9,7,0.2963012456893921,0,False,0.9545454545454546,0.3181818181818182,0.875
2360,0,CF4,L5,0.7,zero_fill,4,7,0.4654539227485657,0,False,0.9545454545454546,0.3181818181818182,0.875
16796,0,CF4,L5,0.7,zero_fill,1,7,0.45958539843559265,0,False,0.9545454545454546,0.3181818181818182,0.875
23426,0,CF4,L5,0.7,zero_fill,9,7,0.48371875286102295,0,False,0.9545454545454546,0.3181818181818182,0.875
15590,0,CF4,L5,0.7,zero_fill,2,7,0.498479962348938,0,False,0.9545454545454546,0.3181818181818182,0.875
6302,0,CF4,L5,0.7,zero_fill,3,5,0.40829673409461975,0,False,0.9545454545454546,0.3181818181818182,0.875
24519,0,CF4,L5,0.7,zero_fill,7,7,0.6244003772735596,1,False,0.9545454545454546,0.3181818181818182,0.875
23276,0,CF4,L5,0.7,zero_fill,2,7,0.5273938179016113,0,False,0.9545454545454546,0.3181818181818182,0.875
24566,0,CF4,L5,0.7,zero_fill,8,7,0.7400805354118347,0,False,0.9545454545454546,0.3181818181818182,0.875
20978,0,CF4,L5,0.7,zero_fill,1,7,0.5213277339935303,0,False,0.9545454545454546,0.3181818181818182,0.875
8990,0,CF4,L5,0.7,zero_fill,3,7,0.30844125151634216,0,False,0.9545454545454546,0.3181818181818182,0.875
11061,0,CF4,L5,0.7,zero_fill,7,7,0.6189979910850525,1,False,0.9545454545454546,0.3181818181818182,0.875
7075,0,CF4,L5,0.7,zero_fill,9,7,0.7141343951225281,0,False,0.9545454545454546,0.3181818181818182,0.875
17641,0,CF4,L5,0.7,zero_fill,2,7,0.7343661785125732,0,False,0.9545454545454546,0.3181818181818182,0.875
12077,0,CF4,L5,0.7,zero_fill,9,7,0.9182538390159607,0,False,0.9545454545454546,0.3181818181818182,0.875
1779,0,CF4,L5,0.7,zero_fill,7,7,0.7669851183891296,1,False,0.9545454545454546,0.3181818181818182,0.875
11519,0,CF4,L5,0.7,zero_fill,4,7,0.5593644380569458,0,False,0.9545454545454546,0.3181818181818182,0.875
8549,0,CF4,L5,0.7,zero_fill,3,7,0.46460115909576416,0,False,0.9545454545454546,0.3181818181818182,0.875
14623,0,CF4,L5,0.7,zero_fill,6,7,0.6740954518318176,0,False,0.9545454545454546,0.3181818181818182,0.875
10846,0,CF4,L5,0.7,zero_fill,3,7,0.6268898248672485,0,False,0.9545454545454546,0.3181818181818182,0.875
16289,0,CF4,L5,0.7,zero_fill,3,7,0.5579845309257507,0,False,0.9545454545454546,0.3181818181818182,0.875
12311,0,CF4,L5,0.7,zero_fill,8,7,0.6883248686790466,0,False,0.9545454545454546,0.3181818181818182,0.875
6068,0,CF4,L5,0.7,zero_fill,8,7,0.70200115442276,0,False,0.9545454545454546,0.3181818181818182,0.875
9629,0,CF4,L5,0.7,zero_fill,6,7,0.44811171293258667,0,False,0.9545454545454546,0.3181818181818182,0.875
19560,0,CF4,L5,0.7,zero_fill,3,7,0.4555636942386627,0,False,0.9545454545454546,0.3181818181818182,0.875
10379,0,CF4,L5,0.7,zero_fill,8,7,0.5128593444824219,0,False,0.9545454545454546,0.3181818181818182,0.875
6499,0,CF4,L5,0.7,zero_fill,9,7,0.5830138325691223,0,False,0.9545454545454546,0.3181818181818182,0.875
1159,0,CF4,L5,0.7,zero_fill,0,7,0.8589354753494263,0,False,0.9545454545454546,0.3181818181818182,0.875
4366,0,CF4,L5,0.7,zero_fill,7,7,0.6975369453430176,1,False,0.9545454545454546,0.3181818181818182,0.875
8397,0,CF4,L5,0.7,zero_fill,1,7,0.5632209181785583,0,False,0.9545454545454546,0.3181818181818182,0.875
20905,0,CF4,L5,0.7,zero_fill,9,7,0.7576727271080017,0,False,0.9545454545454546,0.3181818181818182,0.875
15746,0,CF4,L5,0.7,zero_fill,5,7,0.46721360087394714,0,False,0.9545454545454546,0.3181818181818182,0.875
9402,0,CF4,L5,0.7,zero_fill,3,7,0.5746721625328064,0,False,0.9545454545454546,0.3181818181818182,0.875
8164,0,CF4,L5,0.7,zero_fill,2,7,0.5380536317825317,0,False,0.9545454545454546,0.3181818181818182,0.875
510,0,CF4,L5,0.7,zero_fill,5,7,0.37863150238990784,0,False,0.9545454545454546,0.3181818181818182,0.875
24070,0,CF4,L5,0.7,zero_fill,9,7,0.5228192210197449,0,False,0.9545454545454546,0.3181818181818182,0.875
2401,0,CF4,L5,0.7,zero_fill,4,7,0.3151875436306,0,False,0.9545454545454546,0.3181818181818182,0.875
12147,0,CF4,L5,0.7,zero_fill,3,7,0.4625941812992096,0,False,0.9545454545454546,0.3181818181818182,0.875
14499,0,CF4,L5,0.7,zero_fill,6,7,0.5828255414962769,0,False,0.9545454545454546,0.3181818181818182,0.875
3530,0,CF4,L5,0.7,zero_fill,6,7,0.2853732109069824,0,False,0.9545454545454546,0.3181818181818182,0.875
14723,0,CF4,L5,0.7,zero_fill,7,7,0.41146284341812134,1,False,0.9545454545454546,0.3181818181818182,0.875
4435,0,CF4,L5,0.7,zero_fill,3,2,0.30906930565834045,0,False,0.9545454545454546,0.3181818181818182,0.875
22852,0,CF4,L5,0.7,zero_fill,2,7,0.4760250747203827,0,False,0.9545454545454546,0.3181818181818182,0.875
8461,0,CF4,L5,0.7,zero_fill,3,5,0.42186906933784485,0,False,0.9545454545454546,0.3181818181818182,0.875
21972,0,CF4,L5,0.7,zero_fill,7,7,0.8104318976402283,1,False,0.9545454545454546,0.3181818181818182,0.875
5410,0,CF4,L5,0.7,zero_fill,4,7,0.598788321018219,0,False,0.9545454545454546,0.3181818181818182,0.875
17754,0,CF4,L5,0.7,zero_fill,6,7,0.4037902057170868,0,False,0.9545454545454546,0.3181818181818182,0.875
15311,0,CF4,L5,0.7,zero_fill,2,7,0.8854014873504639,0,False,0.9545454545454546,0.3181818181818182,0.875
15185,0,CF4,L5,0.7,zero_fill,1,7,0.6115944385528564,0,False,0.9545454545454546,0.3181818181818182,0.875
5663,0,CF4,L5,0.7,zero_fill,4,7,0.5204941630363464,0,False,0.9545454545454546,0.3181818181818182,0.875
6247,0,CF4,L5,0.7,zero_fill,6,7,0.784899115562439,0,False,0.9545454545454546,0.3181818181818182,0.875
15287,0,CF4,L5,0.7,zero_fill,0,7,0.29599371552467346,0,False,0.9545454545454546,0.3181818181818182,0.875
19902,0,CF4,L5,0.7,zero_fill,0,7,0.3442307710647583,0,False,0.9545454545454546,0.3181818181818182,0.875
25188,0,CF4,L5,0.7,zero_fill,4,7,0.5174099206924438,0,False,0.9545454545454546,0.3181818181818182,0.875
11195,0,CF4,L5,0.7,zero_fill,8,7,0.6956853866577148,0,False,0.9545454545454546,0.3181818181818182,0.875
4828,0,CF4,L5,0.7,zero_fill,7,7,0.3045406937599182,1,False,0.9545454545454546,0.3181818181818182,0.875
23751,0,CF4,L5,0.7,zero_fill,5,7,0.8214226365089417,0,False,0.9545454545454546,0.3181818181818182,0.875
9464,0,CF4,L5,0.7,zero_fill,3,7,0.5712757706642151,0,False,0.9545454545454546,0.3181818181818182,0.875
25723,0,CF4,L5,0.7,zero_fill,0,7,0.6977473497390747,0,False,0.9545454545454546,0.3181818181818182,0.875
16859,0,CF4,L5,0.7,zero_fill,5,7,0.865553081035614,0,False,0.9545454545454546,0.3181818181818182,0.875
3601,0,CF4,L5,0.7,zero_fill,1,7,0.4290892481803894,0,False,0.9545454545454546,0.3181818181818182,0.875
11679,0,CF4,L5,0.7,zero_fill,6,7,0.40327656269073486,0,False,0.9545454545454546,0.3181818181818182,0.875
12135,0,CF4,L5,0.7,zero_fill,7,7,0.6234380006790161,1,False,0.9545454545454546,0.3181818181818182,0.875
16329,0,CF4,L5,0.7,zero_fill,1,7,0.5742670297622681,0,False,0.9545454545454546,0.3181818181818182,0.875
94,0,CF4,L5,0.7,zero_fill,4,7,0.3309006094932556,0,False,0.9545454545454546,0.3181818181818182,0.875
14517,0,CF4,L5,0.7,zero_fill,9,7,0.5485548973083496,0,False,0.9545454545454546,0.3181818181818182,0.875
16852,0,CF4,L5,0.7,zero_fill,3,7,0.5994884371757507,0,False,0.9545454545454546,0.3181818181818182,0.875
6852,0,CF4,L5,0.7,zero_fill,6,7,0.3951866328716278,0,False,0.9545454545454546,0.3181818181818182,0.875
24858,0,CF4,L5,0.7,zero_fill,3,7,0.6526340246200562,0,False,0.9545454545454546,0.3181818181818182,0.875
297,0,CF4,L5,0.7,zero_fill,9,7,0.6503409743309021,0,False,0.9545454545454546,0.3181818181818182,0.875
12339,0,CF4,L5,0.7,zero_fill,2,7,0.35681140422821045,0,False,0.9545454545454546,0.3181818181818182,0.875
20811,0,CF4,L5,0.7,zero_fill,8,7,0.22583523392677307,0,False,0.9545454545454546,0.3181818181818182,0.875
12439,0,CF4,L5,0.7,zero_fill,5,7,0.7419112324714661,0,False,0.9545454545454546,0.3181818181818182,0.875
16632,0,CF4,L5,0.7,zero_fill,9,7,0.6567785143852234,0,False,0.9545454545454546,0.3181818181818182,0.875
5798,0,CF4,L5,0.7,zero_fill,4,7,0.5479775071144104,0,False,0.9545454545454546,0.3181818181818182,0.875
18458,0,CF4,L5,0.7,zero_fill,3,7,0.8799601197242737,0,False,0.9545454545454546,0.3181818181818182,0.875
6105,0,CF4,L5,0.7,zero_fill,5,7,0.49449631571769714,0,False,0.9545454545454546,0.3181818181818182,0.875
10321,0,CF4,L5,0.7,zero_fill,6,7,0.6783174276351929,0,False,0.9545454545454546,0.3181818181818182,0.875
21771,0,CF4,L5,0.7,zero_fill,7,7,0.653217077255249,1,False,0.9545454545454546,0.3181818181818182,0.875
22194,0,CF4,L5,0.7,zero_fill,0,7,0.288995623588562,0,False,0.9545454545454546,0.3181818181818182,0.875
6,0,CF4,L5,0.7,zero_fill,9,7,0.3811109960079193,0,False,0.9545454545454546,0.3181818181818182,0.875
912,0,CF4,L5,0.7,zero_fill,7,7,0.4982304275035858,1,False,0.9545454545454546,0.3181818181818182,0.875
16910,0,CF4,L5,0.7,zero_fill,5,7,0.627478837966919,0,False,0.9545454545454546,0.3181818181818182,0.875
18738,0,CF4,L5,0.7,zero_fill,7,7,0.7918497920036316,1,False,0.9545454545454546,0.3181818181818182,0.875
18020,0,CF4,L5,0.7,zero_fill,9,7,0.5063914060592651,0,False,0.9545454545454546,0.3181818181818182,0.875
3462,0,CF4,L5,0.7,zero_fill,8,7,0.5206705927848816,0,False,0.9545454545454546,0.3181818181818182,0.875
5696,0,CF4,L5,0.7,zero_fill,1,7,0.4502609968185425,0,False,0.9545454545454546,0.3181818181818182,0.875
15066,0,CF4,L5,0.7,zero_fill,3,7,0.8324142694473267,0,False,0.9545454545454546,0.3181818181818182,0.875
10653,0,CF4,L5,0.7,zero_fill,9,7,0.5524405837059021,0,False,0.9545454545454546,0.3181818181818182,0.875
13337,0,CF4,L5,0.7,zero_fill,2,2,0.2764222323894501,1,False,0.9545454545454546,0.3181818181818182,0.875
12340,0,CF4,L5,0.7,zero_fill,5,7,0.42084410786628723,0,False,0.9545454545454546,0.3181818181818182,0.875
9536,0,CF4,L5,0.7,zero_fill,0,7,0.5783166289329529,0,False,0.9545454545454546,0.3181818181818182,0.875
3566,0,CF4,L5,0.7,zero_fill,4,7,0.6233793497085571,0,False,0.9545454545454546,0.3181818181818182,0.875
20090,0,CF4,L5,0.7,zero_fill,4,7,0.3975570797920227,0,False,0.9545454545454546,0.3181818181818182,0.875
211,0,CF4,L5,0.7,zero_fill,0,7,0.36566078662872314,0,False,0.9545454545454546,0.3181818181818182,0.875
55,0,CF4,L5,0.7,zero_fill,8,7,0.5453450083732605,0,False,0.9545454545454546,0.3181818181818182,0.875
1477,0,CF4,L5,0.7,zero_fill,2,7,0.7074106335639954,0,False,0.9545454545454546,0.3181818181818182,0.875
25898,0,CF4,L5,0.7,zero_fill,0,7,0.828995943069458,0,False,0.9545454545454546,0.3181818181818182,0.875
25713,0,CF4,L5,0.7,zero_fill,0,7,0.5882321000099182,0,False,0.9545454545454546,0.3181818181818182,0.875
18055,0,CF4,L5,0.7,zero_fill,3,7,0.34265872836112976,0,False,0.9545454545454546,0.3181818181818182,0.875
17461,0,CF4,L5,0.7,zero_fill,3,7,0.4433702528476715,0,False,0.9545454545454546,0.3181818181818182,0.875
14237,0,CF4,L5,0.7,zero_fill,7,7,0.8199809193611145,1,False,0.9545454545454546,0.3181818181818182,0.875
13858,0,CF4,L5,0.7,zero_fill,1,7,0.4067983329296112,0,False,0.9545454545454546,0.3181818181818182,0.875
12386,0,CF4,L5,0.7,zero_fill,5,7,0.5375348329544067,0,False,0.9545454545454546,0.3181818181818182,0.875
7223,0,CF4,L5,0.7,zero_fill,9,7,0.45470085740089417,0,False,0.9545454545454546,0.3181818181818182,0.875
3153,0,CF4,L5,0.7,zero_fill,5,7,0.6463038921356201,0,False,0.9545454545454546,0.3181818181818182,0.875
23265,0,CF4,L5,0.7,zero_fill,8,7,0.27732062339782715,0,False,0.9545454545454546,0.3181818181818182,0.875
9465,0,CF4,L5,0.7,zero_fill,0,7,0.5463512539863586,0,False,0.9545454545454546,0.3181818181818182,0.875
7419,0,CF4,L5,0.7,zero_fill,0,7,0.2850724458694458,0,False,0.9545454545454546,0.3181818181818182,0.875
4722,0,CF4,L5,0.7,zero_fill,6,1,0.2783345878124237,0,False,0.9545454545454546,0.3181818181818182,0.875
23448,0,CF4,L5,0.7,zero_fill,6,7,0.5153456330299377,0,False,0.9545454545454546,0.3181818181818182,0.875
8222,0,CF4,L5,0.7,zero_fill,2,7,0.4683700203895569,0,False,0.9545454545454546,0.3181818181818182,0.875
20898,0,CF4,L5,0.7,zero_fill,8,7,0.7188944220542908,0,False,0.9545454545454546,0.3181818181818182,0.875
23313,0,CF4,L5,0.7,zero_fill,2,7,0.25471362471580505,0,False,0.9545454545454546,0.3181818181818182,0.875
13426,0,CF4,L5,0.7,zero_fill,2,7,0.5105947256088257,0,False,0.9545454545454546,0.3181818181818182,0.875
25136,0,CF4,L5,0.7,zero_fill,4,1,0.20912690460681915,0,False,0.9545454545454546,0.3181818181818182,0.875
9268,0,CF4,L5,0.7,zero_fill,4,1,0.3384881913661957,0,False,0.9545454545454546,0.3181818181818182,0.875
3892,0,CF4,L5,0.7,zero_fill,1,1,0.5461397767066956,1,False,0.9545454545454546,0.3181818181818182,0.875
4115,0,CF4,L5,0.7,zero_fill,3,7,0.7338999509811401,0,False,0.9545454545454546,0.3181818181818182,0.875
5166,0,CF4,L5,0.7,zero_fill,7,7,0.530563235282898,1,False,0.9545454545454546,0.3181818181818182,0.875
14984,0,CF4,L5,0.7,zero_fill,3,7,0.6191586256027222,0,False,0.9545454545454546,0.3181818181818182,0.875
10520,0,CF4,L5,0.7,zero_fill,1,7,0.8025929927825928,0,False,0.9545454545454546,0.3181818181818182,0.875
4379,0,CF4,L5,0.7,zero_fill,2,7,0.3552792966365814,0,False,0.9545454545454546,0.3181818181818182,0.875
8937,0,CF4,L5,0.7,zero_fill,1,7,0.48071932792663574,0,False,0.9545454545454546,0.3181818181818182,0.875
17550,0,CF4,L5,0.7,zero_fill,9,7,0.6767245531082153,0,False,0.9545454545454546,0.3181818181818182,0.875
19085,0,CF4,L5,0.7,zero_fill,9,7,0.4047401547431946,0,False,0.9545454545454546,0.3181818181818182,0.875
17902,0,CF4,L5,0.7,zero_fill,6,7,0.6987017393112183,0,False,0.9545454545454546,0.3181818181818182,0.875
14780,0,CF4,L5,0.7,zero_fill,8,7,0.4960918128490448,0,False,0.9545454545454546,0.3181818181818182,0.875
8401,0,CF4,L5,0.7,zero_fill,0,7,0.41647884249687195,0,False,0.9545454545454546,0.3181818181818182,0.875
11230,0,CF4,L5,0.7,zero_fill,2,7,0.5822518467903137,0,False,0.9545454545454546,0.3181818181818182,0.875
1772,0,CF4,L5,0.7,zero_fill,3,7,0.7610704898834229,0,False,0.9545454545454546,0.3181818181818182,0.875
13326,0,CF4,L5,0.7,zero_fill,4,7,0.5235397815704346,0,False,0.9545454545454546,0.3181818181818182,0.875
15230,0,CF4,L5,0.7,zero_fill,5,7,0.7369533181190491,0,False,0.9545454545454546,0.3181818181818182,0.875
20557,0,CF4,L5,0.7,zero_fill,0,7,0.2447935789823532,0,False,0.9545454545454546,0.3181818181818182,0.875
9555,0,CF4,L5,0.7,zero_fill,1,7,0.5466957092285156,0,False,0.9545454545454546,0.3181818181818182,0.875
3667,0,CF4,L5,0.7,zero_fill,6,7,0.4129991829395294,0,False,0.9545454545454546,0.3181818181818182,0.875
5316,0,CF4,L5,0.7,zero_fill,5,7,0.7622449398040771,0,False,0.9545454545454546,0.3181818181818182,0.875
3606,0,CF4,L5,0.7,zero_fill,5,7,0.5041801929473877,0,False,0.9545454545454546,0.3181818181818182,0.875
25776,0,CF4,L5,0.7,zero_fill,6,7,0.5224525928497314,0,False,0.9545454545454546,0.3181818181818182,0.875
22231,0,CF4,L5,0.7,zero_fill,1,7,0.31027424335479736,0,False,0.9545454545454546,0.3181818181818182,0.875
10855,0,CF4,L5,0.7,zero_fill,7,7,0.644463062286377,1,False,0.9545454545454546,0.3181818181818182,0.875
130,0,CF4,L5,0.7,zero_fill,6,7,0.4496198892593384,0,False,0.9545454545454546,0.3181818181818182,0.875
434,0,CF4,L5,0.7,zero_fill,8,7,0.37592190504074097,0,False,0.9545454545454546,0.3181818181818182,0.875
5308,0,CF4,L5,0.7,zero_fill,5,7,0.5818660855293274,0,False,0.9545454545454546,0.3181818181818182,0.875
17682,0,CF4,L5,0.7,zero_fill,4,7,0.7670804262161255,0,False,0.9545454545454546,0.3181818181818182,0.875
16682,0,CF4,L5,0.7,zero_fill,8,7,0.5534712672233582,0,False,0.9545454545454546,0.3181818181818182,0.875
12660,0,CF4,L5,0.7,zero_fill,5,7,0.6339601278305054,0,False,0.9545454545454546,0.3181818181818182,0.875
21362,0,CF4,L5,0.7,zero_fill,5,7,0.3920861482620239,0,False,0.9545454545454546,0.3181818181818182,0.875
15483,0,CF4,L5,0.7,zero_fill,4,7,0.4972700774669647,0,False,0.9545454545454546,0.3181818181818182,0.875
5289,0,CF4,L5,0.7,zero_fill,5,7,0.6710885167121887,0,False,0.9545454545454546,0.3181818181818182,0.875
19757,0,CF4,L5,0.7,zero_fill,1,7,0.5744988918304443,0,False,0.9545454545454546,0.3181818181818182,0.875
6799,0,CF4,L5,0.7,zero_fill,2,7,0.6603781580924988,0,False,0.9545454545454546,0.3181818181818182,0.875
18871,0,CF4,L5,0.7,zero_fill,2,7,0.3689453899860382,0,False,0.9545454545454546,0.3181818181818182,0.875
4740,0,CF4,L5,0.7,zero_fill,3,7,0.3866764008998871,0,False,0.9545454545454546,0.3181818181818182,0.875
14926,0,CF4,L5,0.7,zero_fill,5,7,0.7246281504631042,0,False,0.9545454545454546,0.3181818181818182,0.875
3549,0,CF4,L5,0.7,zero_fill,4,7,0.41670602560043335,0,False,0.9545454545454546,0.3181818181818182,0.875
13336,0,CF4,L5,0.7,zero_fill,9,7,0.37625688314437866,0,False,0.9545454545454546,0.3181818181818182,0.875
8302,0,CF4,L5,0.7,zero_fill,3,7,0.6611388921737671,0,False,0.9545454545454546,0.3181818181818182,0.875
19884,0,CF4,L5,0.7,zero_fill,8,7,0.45478373765945435,0,False,0.9545454545454546,0.3181818181818182,0.875
6927,0,CF4,L5,0.7,zero_fill,1,7,0.7321581244468689,0,False,0.9545454545454546,0.3181818181818182,0.875
15277,0,CF4,L5,0.7,zero_fill,6,5,0.24403166770935059,0,False,0.9545454545454546,0.3181818181818182,0.875
20278,0,CF4,L5,0.7,zero_fill,3,7,0.40468278527259827,0,False,0.9545454545454546,0.3181818181818182,0.875
654,0,CF4,L5,0.7,zero_fill,8,7,0.3639557361602783,0,False,0.9545454545454546,0.3181818181818182,0.875
19020,0,CF4,L5,0.7,zero_fill,0,7,0.7136892676353455,0,False,0.9545454545454546,0.3181818181818182,0.875
25403,0,CF4,L5,0.7,zero_fill,3,7,0.74776291847229,0,False,0.9545454545454546,0.3181818181818182,0.875
1745,0,CF4,L5,0.7,zero_fill,8,7,0.45411744713783264,0,False,0.9545454545454546,0.3181818181818182,0.875
10726,0,CF4,L5,0.7,zero_fill,4,7,0.2636008858680725,0,False,0.9545454545454546,0.3181818181818182,0.875
23431,0,CF4,L5,0.7,zero_fill,4,7,0.5295539498329163,0,False,0.9545454545454546,0.3181818181818182,0.875
231,0,CF4,L5,0.7,zero_fill,5,7,0.8455158472061157,0,False,0.9545454545454546,0.3181818181818182,0.875
20678,0,CF4,L5,0.7,zero_fill,7,7,0.5587272644042969,1,False,0.9545454545454546,0.3181818181818182,0.875
15851,0,CF4,L5,0.7,zero_fill,1,6,0.6176374554634094,0,False,0.9545454545454546,0.3181818181818182,0.875
24015,0,CF4,L5,0.7,zero_fill,0,7,0.44561102986335754,0,False,0.9545454545454546,0.3181818181818182,0.875
1082,0,CF4,L5,0.7,zero_fill,6,7,0.49604934453964233,0,False,0.9545454545454546,0.3181818181818182,0.875
5573,0,CF4,L5,0.7,zero_fill,8,7,0.4838939309120178,0,False,0.9545454545454546,0.3181818181818182,0.875
11289,0,CF4,L5,0.7,zero_fill,1,7,0.41486960649490356,0,False,0.9545454545454546,0.3181818181818182,0.875
1751,0,CF4,L5,0.7,zero_fill,0,7,0.7781124114990234,0,False,0.9545454545454546,0.3181818181818182,0.875
4594,0,CF4,L5,0.7,zero_fill,6,7,0.28605717420578003,0,False,0.9545454545454546,0.3181818181818182,0.875
21127,0,CF4,L5,0.7,zero_fill,8,7,0.3810480535030365,0,False,0.9545454545454546,0.3181818181818182,0.875
12370,0,CF4,L5,0.7,zero_fill,4,7,0.5113545060157776,0,False,0.9545454545454546,0.3181818181818182,0.875
4125,0,CF4,L5,0.7,zero_fill,6,7,0.2744309604167938,0,False,0.9545454545454546,0.3181818181818182,0.875
11008,0,CF4,L5,0.7,zero_fill,1,5,0.30489927530288696,0,False,0.9545454545454546,0.3181818181818182,0.875
23395,0,CF4,L5,0.7,zero_fill,7,7,0.3495314419269562,1,False,0.9545454545454546,0.3181818181818182,0.875
3080,0,CF4,L5,0.7,zero_fill,3,7,0.6634982228279114,0,False,0.9545454545454546,0.3181818181818182,0.875
22400,0,CF4,L5,0.7,zero_fill,0,7,0.6266466379165649,0,False,0.9545454545454546,0.3181818181818182,0.875
22514,0,CF4,L5,0.7,zero_fill,1,7,0.6316969394683838,0,False,0.9545454545454546,0.3181818181818182,0.875
15137,0,CF4,L5,0.7,zero_fill,0,7,0.6187777519226074,0,False,0.9545454545454546,0.3181818181818182,0.875
6681,0,CF4,L5,0.7,zero_fill,0,7,0.47214820981025696,0,False,0.9545454545454546,0.3181818181818182,0.875
5219,0,CF4,L5,0.7,zero_fill,5,7,0.8026016354560852,0,False,0.9545454545454546,0.3181818181818182,0.875
2355,0,CF4,L5,0.7,zero_fill,2,7,0.5493506193161011,0,False,0.9545454545454546,0.3181818181818182,0.875
4674,0,CF4,L5,0.7,zero_fill,5,7,0.582240641117096,0,False,0.9545454545454546,0.3181818181818182,0.875
14575,0,CF4,L5,0.7,zero_fill,1,1,0.24400915205478668,1,False,0.9545454545454546,0.3181818181818182,0.875
6563,0,CF4,L5,0.7,zero_fill,5,7,0.8968053460121155,0,False,0.9545454545454546,0.3181818181818182,0.875
17492,0,CF4,L5,0.7,zero_fill,9,7,0.36976340413093567,0,False,0.9545454545454546,0.3181818181818182,0.875
15770,0,CF4,L5,0.7,zero_fill,7,7,0.3357054591178894,1,False,0.9545454545454546,0.3181818181818182,0.875
20830,0,CF4,L5,0.7,zero_fill,1,5,0.23423823714256287,0,False,0.9545454545454546,0.3181818181818182,0.875
1777,0,CF4,L5,0.7,zero_fill,2,7,0.7316722273826599,0,False,0.9545454545454546,0.3181818181818182,0.875
21617,0,CF4,L5,0.7,zero_fill,7,7,0.8011012077331543,1,False,0.9545454545454546,0.3181818181818182,0.875
21293,0,CF4,L5,0.7,zero_fill,4,7,0.4689834713935852,0,False,0.9545454545454546,0.3181818181818182,0.875
14504,0,CF4,L5,0.7,zero_fill,0,7,0.32825586199760437,0,False,0.9545454545454546,0.3181818181818182,0.875
21236,0,CF4,L5,0.7,zero_fill,7,7,0.3258945643901825,1,False,0.9545454545454546,0.3181818181818182,0.875
18558,0,CF4,L5,0.7,zero_fill,4,7,0.49891433119773865,0,False,0.9545454545454546,0.3181818181818182,0.875
22916,0,CF4,L5,0.7,zero_fill,8,7,0.601344108581543,0,False,0.9545454545454546,0.3181818181818182,0.875
18760,0,CF4,L5,0.7,zero_fill,6,7,0.8565513491630554,0,False,0.9545454545454546,0.3181818181818182,0.875
17389,0,CF4,L5,0.7,zero_fill,8,7,0.8190097808837891,0,False,0.9545454545454546,0.3181818181818182,0.875
13155,0,CF4,L5,0.7,zero_fill,8,7,0.5403794646263123,0,False,0.9545454545454546,0.3181818181818182,0.875
13999,0,CF4,L5,0.7,zero_fill,5,7,0.866817831993103,0,False,0.9545454545454546,0.3181818181818182,0.875
10265,0,CF4,L5,0.7,zero_fill,8,7,0.4433997869491577,0,False,0.9545454545454546,0.3181818181818182,0.875
17239,0,CF4,L5,0.7,zero_fill,2,7,0.5897065997123718,0,False,0.9545454545454546,0.3181818181818182,0.875
6288,0,CF4,L5,0.7,zero_fill,3,7,0.6106889843940735,0,False,0.9545454545454546,0.3181818181818182,0.875
11514,0,CF4,L5,0.7,zero_fill,6,7,0.4293600916862488,0,False,0.9545454545454546,0.3181818181818182,0.875
23652,0,CF4,L5,0.7,zero_fill,1,1,0.4737624228000641,1,False,0.9545454545454546,0.3181818181818182,0.875
11939,0,CF4,L5,0.7,zero_fill,6,7,0.6845165491104126,0,False,0.9545454545454546,0.3181818181818182,0.875
2174,0,CF4,L5,0.7,zero_fill,7,7,0.4999735951423645,1,False,0.9545454545454546,0.3181818181818182,0.875
15441,0,CF4,L5,0.7,zero_fill,4,7,0.5369483232498169,0,False,0.9545454545454546,0.3181818181818182,0.875
12260,0,CF4,L5,0.7,zero_fill,1,7,0.5306060314178467,0,False,0.9545454545454546,0.3181818181818182,0.875
25046,0,CF4,L5,0.7,zero_fill,6,7,0.3232082426548004,0,False,0.9545454545454546,0.3181818181818182,0.875
13958,0,CF4,L5,0.7,zero_fill,9,7,0.7497891187667847,0,False,0.9545454545454546,0.3181818181818182,0.875
20974,0,CF4,L5,0.7,zero_fill,8,7,0.4081392288208008,0,False,0.9545454545454546,0.3181818181818182,0.875
10626,0,CF4,L5,0.7,zero_fill,6,7,0.5816728472709656,0,False,0.9545454545454546,0.3181818181818182,0.875
22545,0,CF4,L5,0.7,zero_fill,5,7,0.7568383812904358,0,False,0.9545454545454546,0.3181818181818182,0.875
20288,0,CF4,L5,0.7,zero_fill,5,7,0.32247456908226013,0,False,0.9545454545454546,0.3181818181818182,0.875
13790,0,CF4,L5,0.7,zero_fill,7,7,0.6394500136375427,1,False,0.9545454545454546,0.3181818181818182,0.875
2817,0,CF4,L5,0.7,zero_fill,4,7,0.4438185393810272,0,False,0.9545454545454546,0.3181818181818182,0.875
8344,0,CF4,L5,0.7,zero_fill,4,7,0.4733951687812805,0,False,0.9545454545454546,0.3181818181818182,0.875
11708,0,CF4,L5,0.7,zero_fill,1,7,0.3826763331890106,0,False,0.9545454545454546,0.3181818181818182,0.875
2379,0,CF4,L5,0.7,zero_fill,1,7,0.40445199608802795,0,False,0.9545454545454546,0.3181818181818182,0.875
23602,0,CF4,L5,0.7,zero_fill,2,7,0.3257310688495636,0,False,0.9545454545454546,0.3181818181818182,0.875
24357,0,CF4,L5,0.7,zero_fill,8,7,0.5834715366363525,0,False,0.9545454545454546,0.3181818181818182,0.875
16783,0,CF4,L5,0.7,zero_fill,4,5,0.4114573001861572,0,False,0.9545454545454546,0.3181818181818182,0.875
11723,0,CF4,L5,0.7,zero_fill,9,7,0.6509419083595276,0,False,0.9545454545454546,0.3181818181818182,0.875
5140,0,CF4,L5,0.7,zero_fill,5,7,0.5538386702537537,0,False,0.9545454545454546,0.3181818181818182,0.875
14563,0,CF4,L5,0.7,zero_fill,1,7,0.4965418577194214,0,False,0.9545454545454546,0.3181818181818182,0.875
11905,0,CF4,L5,0.7,zero_fill,7,7,0.8166195154190063,1,False,0.9545454545454546,0.3181818181818182,0.875
4657,0,CF4,L5,0.7,zero_fill,5,7,0.32374152541160583,0,False,0.9545454545454546,0.3181818181818182,0.875
9888,0,CF4,L5,0.7,zero_fill,7,5,0.40211719274520874,0,False,0.9545454545454546,0.3181818181818182,0.875
22827,0,CF4,L5,0.7,zero_fill,6,7,0.5433487892150879,0,False,0.9545454545454546,0.3181818181818182,0.875
23911,0,CF4,L5,0.7,zero_fill,7,7,0.5117148756980896,1,False,0.9545454545454546,0.3181818181818182,0.875
968,0,CF4,L5,0.7,zero_fill,3,7,0.23309966921806335,0,False,0.9545454545454546,0.3181818181818182,0.875
18416,0,CF4,L5,0.7,zero_fill,2,7,0.7144085168838501,0,False,0.9545454545454546,0.3181818181818182,0.875
15166,0,CF4,L5,0.7,zero_fill,7,7,0.610508143901825,1,False,0.9545454545454546,0.3181818181818182,0.875
15537,0,CF4,L5,0.7,zero_fill,6,7,0.748213529586792,0,False,0.9545454545454546,0.3181818181818182,0.875
112,0,CF4,L5,0.7,zero_fill,6,7,0.6620364189147949,0,False,0.9545454545454546,0.3181818181818182,0.875
9754,0,CF4,L5,0.7,zero_fill,8,7,0.3207155466079712,0,False,0.9545454545454546,0.3181818181818182,0.875
3827,0,CF4,L5,0.7,zero_fill,1,7,0.22228886187076569,0,False,0.9545454545454546,0.3181818181818182,0.875
16427,0,CF4,L5,0.7,zero_fill,8,7,0.3663557171821594,0,False,0.9545454545454546,0.3181818181818182,0.875
4853,0,CF4,L5,0.7,zero_fill,8,7,0.6034271121025085,0,False,0.9545454545454546,0.3181818181818182,0.875
5025,0,CF4,L5,0.7,zero_fill,8,7,0.4954368472099304,0,False,0.9545454545454546,0.3181818181818182,0.875
5497,0,CF4,L5,0.7,zero_fill,5,7,0.7090141177177429,0,False,0.9545454545454546,0.3181818181818182,0.875
415,0,CF4,L5,0.7,zero_fill,5,7,0.5939382314682007,0,False,0.9545454545454546,0.3181818181818182,0.875
6055,0,CF4,L5,0.7,zero_fill,2,7,0.7227475047111511,0,False,0.9545454545454546,0.3181818181818182,0.875
4242,0,CF4,L5,0.7,zero_fill,6,7,0.38336506485939026,0,False,0.9545454545454546,0.3181818181818182,0.875
16007,0,CF4,L5,0.7,zero_fill,3,7,0.39809298515319824,0,False,0.9545454545454546,0.3181818181818182,0.875
16184,0,CF4,L5,0.7,zero_fill,6,7,0.3157395124435425,0,False,0.9545454545454546,0.3181818181818182,0.875
15180,0,CF4,L5,0.7,zero_fill,2,7,0.4852578639984131,0,False,0.9545454545454546,0.3181818181818182,0.875
16402,0,CF4,L5,0.7,zero_fill,3,7,0.4877845346927643,0,False,0.9545454545454546,0.3181818181818182,0.875
12883,0,CF4,L5,0.7,zero_fill,7,7,0.5601503252983093,1,False,0.9545454545454546,0.3181818181818182,0.875
12596,0,CF4,L5,0.7,zero_fill,2,7,0.886009693145752,0,False,0.9545454545454546,0.3181818181818182,0.875
13383,0,CF4,L5,0.7,zero_fill,0,7,0.3016636073589325,0,False,0.9545454545454546,0.3181818181818182,0.875
17140,0,CF4,L5,0.7,zero_fill,0,7,0.6362584233283997,0,False,0.9545454545454546,0.3181818181818182,0.875
11249,0,CF4,L5,0.7,zero_fill,7,7,0.8578743934631348,1,False,0.9545454545454546,0.3181818181818182,0.875
2927,0,CF4,L5,0.7,zero_fill,3,7,0.6346904039382935,0,False,0.9545454545454546,0.3181818181818182,0.875
13380,0,CF4,L5,0.7,zero_fill,3,7,0.7411397695541382,0,False,0.9545454545454546,0.3181818181818182,0.875
24593,0,CF4,L5,0.7,zero_fill,5,7,0.3938109576702118,0,False,0.9545454545454546,0.3181818181818182,0.875
14507,0,CF4,L5,0.7,zero_fill,8,7,0.4690547585487366,0,False,0.9545454545454546,0.3181818181818182,0.875
9355,0,CF4,L5,0.7,zero_fill,8,7,0.36551937460899353,0,False,0.9545454545454546,0.3181818181818182,0.875
3943,0,CF4,L5,0.7,zero_fill,3,7,0.3014577031135559,0,False,0.9545454545454546,0.3181818181818182,0.875
4913,0,CF4,L5,0.7,zero_fill,4,7,0.38998377323150635,0,False,0.9545454545454546,0.3181818181818182,0.875
23440,0,CF4,L5,0.7,zero_fill,4,7,0.3858330547809601,0,False,0.9545454545454546,0.3181818181818182,0.875
19289,0,CF4,L5,0.7,zero_fill,7,7,0.3338698446750641,1,False,0.9545454545454546,0.3181818181818182,0.875
17841,0,CF4,L5,0.7,zero_fill,6,7,0.22649097442626953,0,False,0.9545454545454546,0.3181818181818182,0.875
18139,0,CF4,L5,0.7,zero_fill,0,7,0.47576063871383667,0,False,0.9545454545454546,0.3181818181818182,0.875
18549,0,CF4,L5,0.7,zero_fill,7,7,0.9230494499206543,1,False,0.9545454545454546,0.3181818181818182,0.875
7215,0,CF4,L5,0.7,zero_fill,7,7,0.8895155787467957,1,False,0.9545454545454546,0.3181818181818182,0.875
10574,0,CF4,L5,0.7,zero_fill,7,7,0.7514396905899048,1,False,0.9545454545454546,0.3181818181818182,0.875
10329,0,CF4,L5,0.7,zero_fill,7,7,0.9160383343696594,1,False,0.9545454545454546,0.3181818181818182,0.875
21502,0,CF4,L5,0.7,zero_fill,4,7,0.3086414635181427,0,False,0.9545454545454546,0.3181818181818182,0.875
1209,0,CF4,L5,0.7,zero_fill,8,7,0.40419137477874756,0,False,0.9545454545454546,0.3181818181818182,0.875
22202,0,CF4,L5,0.7,zero_fill,6,7,0.7084280252456665,0,False,0.9545454545454546,0.3181818181818182,0.875
12914,0,CF4,L5,0.7,zero_fill,2,7,0.7235026955604553,0,False,0.9545454545454546,0.3181818181818182,0.875
23477,0,CF4,L5,0.7,zero_fill,6,1,0.22473101317882538,0,False,0.9545454545454546,0.3181818181818182,0.875
13286,0,CF4,L5,0.7,zero_fill,5,7,0.39622926712036133,0,False,0.9545454545454546,0.3181818181818182,0.875
24957,0,CF4,L5,0.7,zero_fill,2,7,0.5155156254768372,0,False,0.9545454545454546,0.3181818181818182,0.875
23215,0,CF4,L5,0.7,zero_fill,9,7,0.7177454829216003,0,False,0.9545454545454546,0.3181818181818182,0.875
8171,0,CF4,L5,0.7,zero_fill,3,7,0.36294347047805786,0,False,0.9545454545454546,0.3181818181818182,0.875
13427,0,CF4,L5,0.7,zero_fill,4,7,0.48833370208740234,0,False,0.9545454545454546,0.3181818181818182,0.875
1985,0,CF4,L5,0.7,zero_fill,9,7,0.4388996362686157,0,False,0.9545454545454546,0.3181818181818182,0.875
19607,0,CF4,L5,0.7,zero_fill,1,7,0.39214664697647095,0,False,0.9545454545454546,0.3181818181818182,0.875
15138,0,CF4,L5,0.7,zero_fill,4,7,0.4673193097114563,0,False,0.9545454545454546,0.3181818181818182,0.875
18496,0,CF4,L5,0.7,zero_fill,3,7,0.5072246193885803,0,False,0.9545454545454546,0.3181818181818182,0.875
11341,0,CF4,L5,0.7,zero_fill,5,7,0.3511330187320709,0,False,0.9545454545454546,0.3181818181818182,0.875
3210,0,CF4,L5,0.7,zero_fill,6,7,0.5270723104476929,0,False,0.9545454545454546,0.3181818181818182,0.875
9044,0,CF4,L5,0.7,zero_fill,3,7,0.7118168473243713,0,False,0.9545454545454546,0.3181818181818182,0.875
1784,0,CF4,L5,0.7,zero_fill,1,7,0.40105879306793213,0,False,0.9545454545454546,0.3181818181818182,0.875
20687,0,CF4,L5,0.7,zero_fill,7,7,0.8747047781944275,1,False,0.9545454545454546,0.3181818181818182,0.875
21479,0,CF4,L5,0.7,zero_fill,1,7,0.4774992763996124,0,False,0.9545454545454546,0.3181818181818182,0.875
4465,0,CF4,L5,0.7,zero_fill,7,7,0.4204442501068115,1,False,0.9545454545454546,0.3181818181818182,0.875
8098,0,CF4,L5,0.7,zero_fill,3,2,0.274595707654953,0,False,0.9545454545454546,0.3181818181818182,0.875
1105,0,CF4,L5,0.7,zero_fill,1,7,0.7225196361541748,0,False,0.9545454545454546,0.3181818181818182,0.875
24036,0,CF4,L5,0.7,zero_fill,0,7,0.3255653977394104,0,False,0.9545454545454546,0.3181818181818182,0.875
24825,0,CF4,L5,0.7,zero_fill,1,5,0.3975531756877899,0,False,0.9545454545454546,0.3181818181818182,0.875
20081,0,CF4,L5,0.7,zero_fill,4,7,0.45350760221481323,0,False,0.9545454545454546,0.3181818181818182,0.875
11780,0,CF4,L5,0.7,zero_fill,5,7,0.6369302868843079,0,False,0.9545454545454546,0.3181818181818182,0.875
18228,0,CF4,L5,0.7,zero_fill,2,7,0.5813987851142883,0,False,0.9545454545454546,0.3181818181818182,0.875
4363,0,CF4,L5,0.7,zero_fill,4,7,0.4345163404941559,0,False,0.9545454545454546,0.3181818181818182,0.875
10210,0,CF4,L5,0.7,zero_fill,7,7,0.3776108920574188,1,False,0.9545454545454546,0.3181818181818182,0.875
7005,0,CF4,L5,0.7,zero_fill,2,7,0.5972787737846375,0,False,0.9545454545454546,0.3181818181818182,0.875
7071,0,CF4,L5,0.7,zero_fill,3,7,0.3601864278316498,0,False,0.9545454545454546,0.3181818181818182,0.875
25299,0,CF4,L5,0.7,zero_fill,4,5,0.41723930835723877,0,False,0.9545454545454546,0.3181818181818182,0.875
3393,0,CF4,L5,0.7,zero_fill,0,7,0.36251384019851685,0,False,0.9545454545454546,0.3181818181818182,0.875
10532,0,CF4,L5,0.7,zero_fill,8,7,0.328217476606369,0,False,0.9545454545454546,0.3181818181818182,0.875
14271,0,CF4,L5,0.7,zero_fill,3,7,0.4793429374694824,0,False,0.9545454545454546,0.3181818181818182,0.875
12814,0,CF4,L5,0.7,zero_fill,4,7,0.5039809346199036,0,False,0.9545454545454546,0.3181818181818182,0.875
1763,0,CF4,L5,0.7,zero_fill,1,7,0.48113399744033813,0,False,0.9545454545454546,0.3181818181818182,0.875
2795,0,CF4,L5,0.7,zero_fill,4,7,0.1922757476568222,0,False,0.9545454545454546,0.3181818181818182,0.875
5329,0,CF4,L5,0.7,zero_fill,2,7,0.3037973642349243,0,False,0.9545454545454546,0.3181818181818182,0.875
11024,0,CF4,L5,0.7,zero_fill,8,7,0.44007977843284607,0,False,0.9545454545454546,0.3181818181818182,0.875
23383,0,CF4,L5,0.7,zero_fill,6,7,0.42641976475715637,0,False,0.9545454545454546,0.3181818181818182,0.875
582,0,CF4,L5,0.7,zero_fill,2,7,0.45768338441848755,0,False,0.9545454545454546,0.3181818181818182,0.875
20037,0,CF4,L5,0.7,zero_fill,5,7,0.6998287439346313,0,False,0.9545454545454546,0.3181818181818182,0.875
4876,0,CF4,L5,0.7,zero_fill,3,7,0.35819342732429504,0,False,0.9545454545454546,0.3181818181818182,0.875
16157,0,CF4,L5,0.7,zero_fill,1,7,0.5005895495414734,0,False,0.9545454545454546,0.3181818181818182,0.875
24155,0,CF4,L5,0.7,zero_fill,7,7,0.8942683339118958,1,False,0.9545454545454546,0.3181818181818182,0.875
21035,0,CF4,L5,0.7,zero_fill,1,7,0.4452188014984131,0,False,0.9545454545454546,0.3181818181818182,0.875
2530,0,CF4,L5,0.7,zero_fill,2,7,0.5265399813652039,0,False,0.9545454545454546,0.3181818181818182,0.875
20951,0,CF4,L5,0.7,zero_fill,4,7,0.2700038254261017,0,False,0.9545454545454546,0.3181818181818182,0.875
9752,0,CF4,L5,0.7,zero_fill,9,7,0.6586881875991821,0,False,0.9545454545454546,0.3181818181818182,0.875
20362,0,CF4,L5,0.7,zero_fill,9,6,0.30667078495025635,0,False,0.9545454545454546,0.3181818181818182,0.875
5669,0,CF4,L5,0.7,zero_fill,2,7,0.42708301544189453,0,False,0.9545454545454546,0.3181818181818182,0.875
9395,0,CF4,L5,0.7,zero_fill,6,5,0.4270462989807129,0,False,0.9545454545454546,0.3181818181818182,0.875
22115,0,CF4,L5,0.7,zero_fill,2,7,0.4767099618911743,0,False,0.9545454545454546,0.3181818181818182,0.875
3784,0,CF4,L5,0.7,zero_fill,5,7,0.6071411967277527,0,False,0.9545454545454546,0.3181818181818182,0.875
15518,0,CF4,L5,0.7,zero_fill,1,7,0.5484558939933777,0,False,0.9545454545454546,0.3181818181818182,0.875
22913,0,CF4,L5,0.7,zero_fill,1,7,0.6407690644264221,0,False,0.9545454545454546,0.3181818181818182,0.875
22485,0,CF4,L5,0.7,zero_fill,8,7,0.2085820585489273,0,False,0.9545454545454546,0.3181818181818182,0.875
14166,0,CF4,L5,0.7,zero_fill,9,7,0.4642324447631836,0,False,0.9545454545454546,0.3181818181818182,0.875
4606,0,CF4,L5,0.7,zero_fill,8,7,0.5168182253837585,0,False,0.9545454545454546,0.3181818181818182,0.875
12043,0,CF4,L5,0.7,zero_fill,8,7,0.4671686291694641,0,False,0.9545454545454546,0.3181818181818182,0.875
20255,0,CF4,L5,0.7,zero_fill,9,7,0.5100311040878296,0,False,0.9545454545454546,0.3181818181818182,0.875
21390,0,CF4,L5,0.7,zero_fill,8,7,0.47923654317855835,0,False,0.9545454545454546,0.3181818181818182,0.875
13388,0,CF4,L5,0.7,zero_fill,6,7,0.3855665624141693,0,False,0.9545454545454546,0.3181818181818182,0.875
9382,0,CF4,L5,0.7,zero_fill,0,9,0.22324669361114502,0,False,0.9545454545454546,0.3181818181818182,0.875
11878,0,CF4,L5,0.7,zero_fill,4,7,0.5917527079582214,0,False,0.9545454545454546,0.3181818181818182,0.875
10774,0,CF4,L5,0.7,zero_fill,1,1,0.6839812994003296,1,False,0.9545454545454546,0.3181818181818182,0.875
2211,0,CF4,L5,0.7,zero_fill,4,5,0.6299623847007751,0,False,0.9545454545454546,0.3181818181818182,0.875
22804,0,CF4,L5,0.7,zero_fill,1,7,0.7915663123130798,0,False,0.9545454545454546,0.3181818181818182,0.875
17903,0,CF4,L5,0.7,zero_fill,3,7,0.7329738140106201,0,False,0.9545454545454546,0.3181818181818182,0.875
16889,0,CF4,L5,0.7,zero_fill,1,7,0.6419140696525574,0,False,0.9545454545454546,0.3181818181818182,0.875
3013,0,CF4,L5,0.7,zero_fill,8,7,0.814475417137146,0,False,0.9545454545454546,0.3181818181818182,0.875
19919,0,CF4,L5,0.7,zero_fill,8,7,0.6106894612312317,0,False,0.9545454545454546,0.3181818181818182,0.875
7911,0,CF4,L5,0.7,zero_fill,0,7,0.49516621232032776,0,False,0.9545454545454546,0.3181818181818182,0.875
6473,0,CF4,L5,0.7,zero_fill,5,7,0.7707905769348145,0,False,0.9545454545454546,0.3181818181818182,0.875
14963,0,CF4,L5,0.7,zero_fill,2,7,0.5000613331794739,0,False,0.9545454545454546,0.3181818181818182,0.875
3189,0,CF4,L5,0.7,zero_fill,3,7,0.5397328734397888,0,False,0.9545454545454546,0.3181818181818182,0.875
21433,0,CF4,L5,0.7,zero_fill,6,7,0.7688788771629333,0,False,0.9545454545454546,0.3181818181818182,0.875
21534,0,CF4,L5,0.7,zero_fill,9,2,0.20904570817947388,0,False,0.9545454545454546,0.3181818181818182,0.875
4378,0,CF4,L5,0.7,zero_fill,4,7,0.5009669661521912,0,False,0.9545454545454546,0.3181818181818182,0.875
4179,0,CF4,L5,0.7,zero_fill,3,7,0.42655879259109497,0,False,0.9545454545454546,0.3181818181818182,0.875
20275,0,CF4,L5,0.7,zero_fill,7,7,0.8760756850242615,1,False,0.9545454545454546,0.3181818181818182,0.875
724,0,CF4,L5,0.7,zero_fill,4,7,0.8005263209342957,0,False,0.9545454545454546,0.3181818181818182,0.875
15532,0,CF4,L5,0.7,zero_fill,5,7,0.8132771849632263,0,False,0.9545454545454546,0.3181818181818182,0.875
7808,0,CF4,L5,0.7,zero_fill,4,5,0.43771204352378845,0,False,0.9545454545454546,0.3181818181818182,0.875
3185,0,CF4,L5,0.7,zero_fill,7,7,0.8193820118904114,1,False,0.9545454545454546,0.3181818181818182,0.875
8217,0,CF4,L5,0.7,zero_fill,5,5,0.32914382219314575,1,False,0.9545454545454546,0.3181818181818182,0.875
15284,0,CF4,L5,0.7,zero_fill,2,7,0.583190381526947,0,False,0.9545454545454546,0.3181818181818182,0.875
2195,0,CF4,L5,0.7,zero_fill,1,7,0.4503974914550781,0,False,0.9545454545454546,0.3181818181818182,0.875
21296,0,CF4,L5,0.7,zero_fill,0,7,0.7434871792793274,0,False,0.9545454545454546,0.3181818181818182,0.875
14286,0,CF4,L5,0.7,zero_fill,3,7,0.36502325534820557,0,False,0.9545454545454546,0.3181818181818182,0.875
4261,0,CF4,L5,0.7,zero_fill,0,7,0.42147836089134216,0,False,0.9545454545454546,0.3181818181818182,0.875
24480,0,CF4,L5,0.7,zero_fill,2,7,0.6461338400840759,0,False,0.9545454545454546,0.3181818181818182,0.875
23581,0,CF4,L5,0.7,zero_fill,7,7,0.6794070601463318,1,False,0.9545454545454546,0.3181818181818182,0.875
24364,0,CF4,L5,0.7,zero_fill,7,7,0.8274498581886292,1,False,0.9545454545454546,0.3181818181818182,0.875
4259,0,CF4,L5,0.7,zero_fill,4,7,0.5472590327262878,0,False,0.9545454545454546,0.3181818181818182,0.875
4323,0,CF4,L5,0.7,zero_fill,8,7,0.9344509243965149,0,False,0.9545454545454546,0.3181818181818182,0.875
26017,0,CF4,L5,0.7,zero_fill,2,7,0.548026442527771,0,False,0.9545454545454546,0.3181818181818182,0.875
4055,0,CF4,L5,0.7,zero_fill,9,7,0.5387104749679565,0,False,0.9545454545454546,0.3181818181818182,0.875
23968,0,CF4,L5,0.7,zero_fill,6,7,0.3962452709674835,0,False,0.9545454545454546,0.3181818181818182,0.875
4914,0,CF4,L5,0.7,zero_fill,2,7,0.9041886329650879,0,False,0.9545454545454546,0.3181818181818182,0.875
17310,0,CF4,L5,0.7,zero_fill,7,5,0.2894700765609741,0,False,0.9545454545454546,0.3181818181818182,0.875
14981,0,CF4,L5,0.7,zero_fill,2,7,0.6911616325378418,0,False,0.9545454545454546,0.3181818181818182,0.875
7511,0,CF4,L5,0.7,zero_fill,6,7,0.5832677483558655,0,False,0.9545454545454546,0.3181818181818182,0.875
4136,0,CF4,L5,0.7,zero_fill,9,7,0.2779984474182129,0,False,0.9545454545454546,0.3181818181818182,0.875
8043,0,CF4,L5,0.7,zero_fill,2,7,0.6866828799247742,0,False,0.9545454545454546,0.3181818181818182,0.875
14360,0,CF4,L5,0.7,zero_fill,4,7,0.5444028973579407,0,False,0.9545454545454546,0.3181818181818182,0.875
6364,0,CF4,L5,0.7,zero_fill,0,7,0.6179121136665344,0,False,0.9545454545454546,0.3181818181818182,0.875
8827,0,CF4,L5,0.7,zero_fill,4,7,0.5941616892814636,0,False,0.9545454545454546,0.3181818181818182,0.875
24886,0,CF4,L5,0.7,zero_fill,9,7,0.7169487476348877,0,False,0.9545454545454546,0.3181818181818182,0.875
21392,0,CF4,L5,0.7,zero_fill,2,7,0.35464635491371155,0,False,0.9545454545454546,0.3181818181818182,0.875
18654,0,CF4,L5,0.7,zero_fill,6,7,0.47061237692832947,0,False,0.9545454545454546,0.3181818181818182,0.875
21766,0,CF4,L5,0.7,zero_fill,1,7,0.31614208221435547,0,False,0.9545454545454546,0.3181818181818182,0.875
25433,0,CF4,L5,0.7,zero_fill,8,7,0.5550020933151245,0,False,0.9545454545454546,0.3181818181818182,0.875
10927,0,CF4,L5,0.7,zero_fill,8,7,0.7215375304222107,0,False,0.9545454545454546,0.3181818181818182,0.875
14092,0,CF4,L5,0.7,zero_fill,6,5,0.360810786485672,0,False,0.9545454545454546,0.3181818181818182,0.875
20936,0,CF4,L5,0.7,zero_fill,9,7,0.37264326214790344,0,False,0.9545454545454546,0.3181818181818182,0.875
23711,0,CF4,L5,0.7,zero_fill,4,7,0.5037635564804077,0,False,0.9545454545454546,0.3181818181818182,0.875
19260,0,CF4,L5,0.7,zero_fill,7,7,0.6337692737579346,1,False,0.9545454545454546,0.3181818181818182,0.875
17360,0,CF4,L5,0.7,zero_fill,3,7,0.4282238185405731,0,False,0.9545454545454546,0.3181818181818182,0.875
965,0,CF4,L5,0.7,zero_fill,0,7,0.5095987915992737,0,False,0.9545454545454546,0.3181818181818182,0.875
463,0,CF4,L5,0.7,zero_fill,6,7,0.7215683460235596,0,False,0.9545454545454546,0.3181818181818182,0.875
8945,0,CF4,L5,0.7,zero_fill,6,7,0.3763929605484009,0,False,0.9545454545454546,0.3181818181818182,0.875
14090,0,CF4,L5,0.7,zero_fill,2,7,0.6231558322906494,0,False,0.9545454545454546,0.3181818181818182,0.875
8479,0,CF4,L5,0.7,zero_fill,9,7,0.38363438844680786,0,False,0.9545454545454546,0.3181818181818182,0.875
24477,0,CF4,L5,0.7,zero_fill,2,7,0.2759493589401245,0,False,0.9545454545454546,0.3181818181818182,0.875
8195,0,CF4,L5,0.7,zero_fill,0,7,0.4096888303756714,0,False,0.9545454545454546,0.3181818181818182,0.875
1773,0,CF4,L5,0.7,zero_fill,0,5,0.3294420540332794,0,False,0.9545454545454546,0.3181818181818182,0.875
11776,0,CF4,L5,0.7,zero_fill,2,7,0.4219912588596344,0,False,0.9545454545454546,0.3181818181818182,0.875
3313,0,CF4,L5,0.7,zero_fill,6,7,0.7863005995750427,0,False,0.9545454545454546,0.3181818181818182,0.875
5424,0,CF4,L5,0.7,zero_fill,9,7,0.8467957973480225,0,False,0.9545454545454546,0.3181818181818182,0.875
19606,0,CF4,L5,0.7,zero_fill,2,7,0.5238232612609863,0,False,0.9545454545454546,0.3181818181818182,0.875
10110,0,CF4,L5,0.7,zero_fill,9,7,0.6970961689949036,0,False,0.9545454545454546,0.3181818181818182,0.875
22872,0,CF4,L5,0.7,zero_fill,6,7,0.6991273164749146,0,False,0.9545454545454546,0.3181818181818182,0.875
7573,0,CF4,L5,0.7,zero_fill,1,7,0.34846606850624084,0,False,0.9545454545454546,0.3181818181818182,0.875
7105,0,CF4,L5,0.7,zero_fill,3,7,0.48675698041915894,0,False,0.9545454545454546,0.3181818181818182,0.875
18854,0,CF4,L5,0.7,zero_fill,1,5,0.4246462881565094,0,False,0.9545454545454546,0.3181818181818182,0.875
14576,0,CF4,L5,0.7,zero_fill,9,2,0.37150678038597107,0,False,0.9545454545454546,0.3181818181818182,0.875
9376,0,CF4,L5,0.7,zero_fill,0,7,0.3875047266483307,0,False,0.9545454545454546,0.3181818181818182,0.875
20128,0,CF4,L5,0.7,zero_fill,8,7,0.4628995954990387,0,False,0.9545454545454546,0.3181818181818182,0.875
24854,0,CF4,L5,0.7,zero_fill,9,2,0.4455476403236389,0,False,0.9545454545454546,0.3181818181818182,0.875
4937,0,CF4,L5,0.7,zero_fill,2,7,0.5438167452812195,0,False,0.9545454545454546,0.3181818181818182,0.875
338,0,CF4,L5,0.7,zero_fill,3,7,0.4408407211303711,0,False,0.9545454545454546,0.3181818181818182,0.875
9981,0,CF4,L5,0.7,zero_fill,3,7,0.3992892801761627,0,False,0.9545454545454546,0.3181818181818182,0.875
6665,0,CF4,L5,0.7,zero_fill,8,7,0.5743571519851685,0,False,0.9545454545454546,0.3181818181818182,0.875
6704,0,CF4,L5,0.7,zero_fill,0,7,0.6435760259628296,0,False,0.9545454545454546,0.3181818181818182,0.875
23255,0,CF4,L5,0.7,zero_fill,2,7,0.26807552576065063,0,False,0.9545454545454546,0.3181818181818182,0.875
5355,0,CF4,L5,0.7,zero_fill,5,7,0.737677812576294,0,False,0.9545454545454546,0.3181818181818182,0.875
22422,0,CF4,L5,0.7,zero_fill,1,7,0.4359470307826996,0,False,0.9545454545454546,0.3181818181818182,0.875
7367,0,CF4,L5,0.7,zero_fill,9,7,0.32716843485832214,0,False,0.9545454545454546,0.3181818181818182,0.875
13489,0,CF4,L5,0.7,zero_fill,7,7,0.43161749839782715,1,False,0.9545454545454546,0.3181818181818182,0.875
20955,0,CF4,L5,0.7,zero_fill,7,7,0.8198879361152649,1,False,0.9545454545454546,0.3181818181818182,0.875
25439,0,CF4,L5,0.7,zero_fill,9,9,0.4288894236087799,1,False,0.9545454545454546,0.3181818181818182,0.875
12711,0,CF4,L5,0.7,zero_fill,8,6,0.2676159739494324,0,False,0.9545454545454546,0.3181818181818182,0.875
7671,0,CF4,L5,0.7,zero_fill,6,7,0.5021011233329773,0,False,0.9545454545454546,0.3181818181818182,0.875
20420,0,CF4,L5,0.7,zero_fill,8,7,0.3943321108818054,0,False,0.9545454545454546,0.3181818181818182,0.875
12630,0,CF4,L5,0.7,zero_fill,2,7,0.8027646541595459,0,False,0.9545454545454546,0.3181818181818182,0.875
21394,0,CF4,L5,0.7,zero_fill,1,7,0.32895633578300476,0,False,0.9545454545454546,0.3181818181818182,0.875
7095,0,CF4,L5,0.7,zero_fill,1,7,0.4717959761619568,0,False,0.9545454545454546,0.3181818181818182,0.875
11532,0,CF4,L5,0.7,zero_fill,9,7,0.7738061547279358,0,False,0.9545454545454546,0.3181818181818182,0.875
2853,0,CF4,L5,0.7,zero_fill,3,7,0.4368242621421814,0,False,0.9545454545454546,0.3181818181818182,0.875
13487,0,CF4,L5,0.7,zero_fill,0,7,0.3191665709018707,0,False,0.9545454545454546,0.3181818181818182,0.875
9350,0,CF4,L5,0.7,zero_fill,9,7,0.6170134544372559,0,False,0.9545454545454546,0.3181818181818182,0.875
24164,0,CF4,L5,0.7,zero_fill,4,7,0.6256358623504639,0,False,0.9545454545454546,0.3181818181818182,0.875
23155,0,CF4,L5,0.7,zero_fill,7,7,0.648270308971405,1,False,0.9545454545454546,0.3181818181818182,0.875
1588,0,CF4,L5,0.7,zero_fill,8,7,0.5523734092712402,0,False,0.9545454545454546,0.3181818181818182,0.875
5400,0,CF4,L5,0.7,zero_fill,5,7,0.5374475121498108,0,False,0.9545454545454546,0.3181818181818182,0.875
8913,0,CF4,L5,0.7,zero_fill,6,7,0.425126314163208,0,False,0.9545454545454546,0.3181818181818182,0.875
4990,0,CF4,L5,0.7,zero_fill,8,7,0.41195914149284363,0,False,0.9545454545454546,0.3181818181818182,0.875
13364,0,CF4,L5,0.7,zero_fill,7,7,0.3882266879081726,1,False,0.9545454545454546,0.3181818181818182,0.875
1157,0,CF4,L5,0.7,zero_fill,1,7,0.2993461787700653,0,False,0.9545454545454546,0.3181818181818182,0.875
19432,0,CF4,L5,0.7,zero_fill,6,5,0.5541801452636719,0,False,0.9545454545454546,0.3181818181818182,0.875
24861,0,CF4,L5,0.7,zero_fill,1,7,0.5958850383758545,0,False,0.9545454545454546,0.3181818181818182,0.875
16303,0,CF4,L5,0.7,zero_fill,0,2,0.3257327377796173,0,False,0.9545454545454546,0.3181818181818182,0.875
23675,0,CF4,L5,0.7,zero_fill,1,7,0.4675120413303375,0,False,0.9545454545454546,0.3181818181818182,0.875
10816,0,CF4,L5,0.7,zero_fill,5,7,0.5838896036148071,0,False,0.9545454545454546,0.3181818181818182,0.875
25683,0,CF4,L5,0.7,zero_fill,7,7,0.339474618434906,1,False,0.9545454545454546,0.3181818181818182,0.875
6680,0,CF4,L5,0.7,zero_fill,7,7,0.6956598162651062,1,False,0.9545454545454546,0.3181818181818182,0.875
15541,0,CF4,L5,0.7,zero_fill,1,7,0.5511772632598877,0,False,0.9545454545454546,0.3181818181818182,0.875
129,0,CF4,L5,0.7,zero_fill,9,7,0.5392396450042725,0,False,0.9545454545454546,0.3181818181818182,0.875
10977,0,CF4,L5,0.7,zero_fill,5,7,0.9276135563850403,0,False,0.9545454545454546,0.3181818181818182,0.875
7518,0,CF4,L5,0.7,zero_fill,5,7,0.31046539545059204,0,False,0.9545454545454546,0.3181818181818182,0.875
15350,0,CF4,L5,0.7,zero_fill,0,7,0.8226245641708374,0,False,0.9545454545454546,0.3181818181818182,0.875
4712,0,CF4,L5,0.7,zero_fill,2,7,0.36416563391685486,0,False,0.9545454545454546,0.3181818181818182,0.875
3234,0,CF4,L5,0.7,zero_fill,1,7,0.7975127696990967,0,False,0.9545454545454546,0.3181818181818182,0.875
21292,0,CF4,L5,0.7,zero_fill,8,7,0.858542799949646,0,False,0.9545454545454546,0.3181818181818182,0.875
6439,0,CF4,L5,0.7,zero_fill,6,7,0.2244330197572708,0,False,0.9545454545454546,0.3181818181818182,0.875
16930,0,CF4,L5,0.7,zero_fill,4,7,0.3747774660587311,0,False,0.9545454545454546,0.3181818181818182,0.875
25255,0,CF4,L5,0.7,zero_fill,6,7,0.5022455453872681,0,False,0.9545454545454546,0.3181818181818182,0.875
5562,0,CF4,L5,0.7,zero_fill,6,7,0.33849865198135376,0,False,0.9545454545454546,0.3181818181818182,0.875
20888,0,CF4,L5,0.7,zero_fill,6,7,0.841686487197876,0,False,0.9545454545454546,0.3181818181818182,0.875
17907,0,CF4,L5,0.7,zero_fill,0,7,0.446136474609375,0,False,0.9545454545454546,0.3181818181818182,0.875
15282,0,CF4,L5,0.7,zero_fill,5,7,0.3898431658744812,0,False,0.9545454545454546,0.3181818181818182,0.875
9564,0,CF4,L5,0.7,zero_fill,5,7,0.7717007398605347,0,False,0.9545454545454546,0.3181818181818182,0.875
2105,0,CF4,L5,0.7,zero_fill,5,7,0.4205588400363922,0,False,0.9545454545454546,0.3181818181818182,0.875
2188,0,CF4,L5,0.7,zero_fill,5,7,0.8121926188468933,0,False,0.9545454545454546,0.3181818181818182,0.875
10587,0,CF4,L5,0.7,zero_fill,9,7,0.5332263112068176,0,False,0.9545454545454546,0.3181818181818182,0.875
20421,0,CF4,L5,0.7,zero_fill,8,7,0.4801788926124573,0,False,0.9545454545454546,0.3181818181818182,0.875
23070,0,CF4,L5,0.7,zero_fill,0,7,0.5639653205871582,0,False,0.9545454545454546,0.3181818181818182,0.875
19127,0,CF4,L5,0.7,zero_fill,6,7,0.6415987014770508,0,False,0.9545454545454546,0.3181818181818182,0.875
7302,0,CF4,L5,0.7,zero_fill,3,7,0.24500635266304016,0,False,0.9545454545454546,0.3181818181818182,0.875
8409,0,CF4,L5,0.7,zero_fill,4,5,0.7356835603713989,0,False,0.9545454545454546,0.3181818181818182,0.875
11086,0,CF4,L5,0.7,zero_fill,7,7,0.26649239659309387,1,False,0.9545454545454546,0.3181818181818182,0.875
17122,0,CF4,L5,0.7,zero_fill,5,7,0.4499549865722656,0,False,0.9545454545454546,0.3181818181818182,0.875
3555,0,CF4,L5,0.7,zero_fill,2,7,0.5306234955787659,0,False,0.9545454545454546,0.3181818181818182,0.875
19437,0,CF4,L5,0.7,zero_fill,4,5,0.33776405453681946,0,False,0.9545454545454546,0.3181818181818182,0.875
594,0,CF4,L5,0.7,zero_fill,9,7,0.25393956899642944,0,False,0.9545454545454546,0.3181818181818182,0.875
21863,0,CF4,L5,0.7,zero_fill,3,7,0.6019002795219421,0,False,0.9545454545454546,0.3181818181818182,0.875
19765,0,CF4,L5,0.7,zero_fill,5,7,0.36777183413505554,0,False,0.9545454545454546,0.3181818181818182,0.875
16909,0,CF4,L5,0.7,zero_fill,2,7,0.6542333960533142,0,False,0.9545454545454546,0.3181818181818182,0.875
21154,0,CF4,L5,0.7,zero_fill,7,7,0.7735906839370728,1,False,0.9545454545454546,0.3181818181818182,0.875
18615,0,CF4,L5,0.7,zero_fill,7,7,0.8326269388198853,1,False,0.9545454545454546,0.3181818181818182,0.875
18171,0,CF4,L5,0.7,zero_fill,7,7,0.5829793214797974,1,False,0.9545454545454546,0.3181818181818182,0.875
24434,0,CF4,L5,0.7,zero_fill,5,7,0.7726325988769531,0,False,0.9545454545454546,0.3181818181818182,0.875
9664,0,CF4,L5,0.7,zero_fill,0,7,0.2693183720111847,0,False,0.9545454545454546,0.3181818181818182,0.875
2013,0,CF4,L5,0.7,zero_fill,5,7,0.5427737236022949,0,False,0.9545454545454546,0.3181818181818182,0.875
13537,0,CF4,L5,0.7,zero_fill,4,7,0.38940587639808655,0,False,0.9545454545454546,0.3181818181818182,0.875
23942,0,CF4,L5,0.7,zero_fill,9,7,0.9191886186599731,0,False,0.9545454545454546,0.3181818181818182,0.875
12415,0,CF4,L5,0.7,zero_fill,4,7,0.24842806160449982,0,False,0.9545454545454546,0.3181818181818182,0.875
13735,0,CF4,L5,0.7,zero_fill,0,2,0.6589903831481934,0,False,0.9545454545454546,0.3181818181818182,0.875
6873,0,CF4,L5,0.7,zero_fill,1,7,0.4249926507472992,0,False,0.9545454545454546,0.3181818181818182,0.875
16233,0,CF4,L5,0.7,zero_fill,2,7,0.5490138530731201,0,False,0.9545454545454546,0.3181818181818182,0.875
13108,0,CF4,L5,0.7,zero_fill,5,7,0.5980949401855469,0,False,0.9545454545454546,0.3181818181818182,0.875
18114,0,CF4,L5,0.7,zero_fill,7,7,0.7342401146888733,1,False,0.9545454545454546,0.3181818181818182,0.875
25318,0,CF4,L5,0.7,zero_fill,0,7,0.41179466247558594,0,False,0.9545454545454546,0.3181818181818182,0.875
22387,0,CF4,L5,0.7,zero_fill,7,7,0.3323286175727844,1,False,0.9545454545454546,0.3181818181818182,0.875
19911,0,CF4,L5,0.7,zero_fill,7,7,0.6177488565444946,1,False,0.9545454545454546,0.3181818181818182,0.875
9953,0,CF4,L5,0.7,zero_fill,2,7,0.7946099042892456,0,False,0.9545454545454546,0.3181818181818182,0.875
18500,0,CF4,L5,0.7,zero_fill,1,5,0.28177550435066223,0,False,0.9545454545454546,0.3181818181818182,0.875
12463,0,CF4,L5,0.7,zero_fill,2,7,0.509316623210907,0,False,0.9545454545454546,0.3181818181818182,0.875
12143,0,CF4,L5,0.7,zero_fill,8,7,0.320882111787796,0,False,0.9545454545454546,0.3181818181818182,0.875
14588,0,CF4,L5,0.7,zero_fill,8,7,0.22723422944545746,0,False,0.9545454545454546,0.3181818181818182,0.875
22152,0,CF4,L5,0.7,zero_fill,2,7,0.5247530341148376,0,False,0.9545454545454546,0.3181818181818182,0.875
16563,0,CF4,L5,0.7,zero_fill,4,7,0.644423246383667,0,False,0.9545454545454546,0.3181818181818182,0.875
25225,0,CF4,L5,0.7,zero_fill,9,7,0.7000107765197754,0,False,0.9545454545454546,0.3181818181818182,0.875
1161,0,CF4,L5,0.7,zero_fill,2,7,0.8124530911445618,0,False,0.9545454545454546,0.3181818181818182,0.875
9891,0,CF4,L5,0.7,zero_fill,5,5,0.33711591362953186,1,False,0.9545454545454546,0.3181818181818182,0.875
18833,0,CF4,L5,0.7,zero_fill,2,7,0.8137997388839722,0,False,0.9545454545454546,0.3181818181818182,0.875
6162,0,CF4,L5,0.7,zero_fill,2,7,0.8957129716873169,0,False,0.9545454545454546,0.3181818181818182,0.875
22638,0,CF4,L5,0.7,zero_fill,0,7,0.6424198746681213,0,False,0.9545454545454546,0.3181818181818182,0.875
6112,0,CF4,L5,0.7,zero_fill,6,7,0.5609301328659058,0,False,0.9545454545454546,0.3181818181818182,0.875
24259,0,CF4,L5,0.7,zero_fill,9,7,0.35372504591941833,0,False,0.9545454545454546,0.3181818181818182,0.875
18029,0,CF4,L5,0.7,zero_fill,2,7,0.34200215339660645,0,False,0.9545454545454546,0.3181818181818182,0.875
13233,0,CF4,L5,0.7,zero_fill,0,7,0.5147785544395447,0,False,0.9545454545454546,0.3181818181818182,0.875
22560,0,CF4,L5,0.7,zero_fill,3,7,0.5399739146232605,0,False,0.9545454545454546,0.3181818181818182,0.875
17100,0,CF4,L5,0.7,zero_fill,7,7,0.36667290329933167,1,False,0.9545454545454546,0.3181818181818182,0.875
13394,0,CF4,L5,0.7,zero_fill,7,7,0.4956356883049011,1,False,0.9545454545454546,0.3181818181818182,0.875
25173,0,CF4,L5,0.7,zero_fill,3,7,0.49611181020736694,0,False,0.9545454545454546,0.3181818181818182,0.875
17342,0,CF4,L5,0.7,zero_fill,4,7,0.4346614480018616,0,False,0.9545454545454546,0.3181818181818182,0.875
5881,0,CF4,L5,0.7,zero_fill,1,7,0.5081356167793274,0,False,0.9545454545454546,0.3181818181818182,0.875
16982,0,CF4,L5,0.7,zero_fill,3,7,0.8365351557731628,0,False,0.9545454545454546,0.3181818181818182,0.875
12959,0,CF4,L5,0.7,zero_fill,2,7,0.3767481744289398,0,False,0.9545454545454546,0.3181818181818182,0.875
3410,0,CF4,L5,0.7,zero_fill,2,7,0.707573652267456,0,False,0.9545454545454546,0.3181818181818182,0.875
1939,0,CF4,L5,0.7,zero_fill,2,2,0.2646178901195526,1,False,0.9545454545454546,0.3181818181818182,0.875
13563,0,CF4,L5,0.7,zero_fill,4,7,0.8875643014907837,0,False,0.9545454545454546,0.3181818181818182,0.875
9659,0,CF4,L5,0.7,zero_fill,4,7,0.5206553936004639,0,False,0.9545454545454546,0.3181818181818182,0.875
23588,0,CF4,L5,0.7,zero_fill,9,2,0.2155846655368805,0,False,0.9545454545454546,0.3181818181818182,0.875
12156,0,CF4,L5,0.7,zero_fill,9,2,0.24497848749160767,0,False,0.9545454545454546,0.3181818181818182,0.875
24790,0,CF4,L5,0.7,zero_fill,4,7,0.6800707578659058,0,False,0.9545454545454546,0.3181818181818182,0.875
894,0,CF4,L5,0.7,zero_fill,8,7,0.340739905834198,0,False,0.9545454545454546,0.3181818181818182,0.875
13738,0,CF4,L5,0.7,zero_fill,7,7,0.44339871406555176,1,False,0.9545454545454546,0.3181818181818182,0.875
20555,0,CF4,L5,0.7,zero_fill,5,7,0.6893471479415894,0,False,0.9545454545454546,0.3181818181818182,0.875
20457,0,CF4,L5,0.7,zero_fill,3,7,0.6646515130996704,0,False,0.9545454545454546,0.3181818181818182,0.875
24842,0,CF4,L5,0.7,zero_fill,3,7,0.686090886592865,0,False,0.9545454545454546,0.3181818181818182,0.875
11390,0,CF4,L5,0.7,zero_fill,9,7,0.8881990909576416,0,False,0.9545454545454546,0.3181818181818182,0.875
2665,0,CF4,L5,0.7,zero_fill,9,7,0.4005933701992035,0,False,0.9545454545454546,0.3181818181818182,0.875
24741,0,CF4,L5,0.7,zero_fill,8,2,0.34947851300239563,0,False,0.9545454545454546,0.3181818181818182,0.875
17634,0,CF4,L5,0.7,zero_fill,8,7,0.4061082601547241,0,False,0.9545454545454546,0.3181818181818182,0.875
16599,0,CF4,L5,0.7,zero_fill,1,7,0.34228938817977905,0,False,0.9545454545454546,0.3181818181818182,0.875
19330,0,CF4,L5,0.7,zero_fill,7,7,0.6399030089378357,1,False,0.9545454545454546,0.3181818181818182,0.875
3257,0,CF4,L5,0.7,zero_fill,1,7,0.9056122303009033,0,False,0.9545454545454546,0.3181818181818182,0.875
1114,0,CF4,L5,0.7,zero_fill,9,7,0.3297138810157776,0,False,0.9545454545454546,0.3181818181818182,0.875
11738,0,CF4,L5,0.7,zero_fill,8,7,0.6634769439697266,0,False,0.9545454545454546,0.3181818181818182,0.875
13077,0,CF4,L5,0.7,zero_fill,8,7,0.41962048411369324,0,False,0.9545454545454546,0.3181818181818182,0.875
5168,0,CF4,L5,0.7,zero_fill,3,7,0.44056588411331177,0,False,0.9545454545454546,0.3181818181818182,0.875
26013,0,CF4,L5,0.7,zero_fill,8,7,0.3187812268733978,0,False,0.9545454545454546,0.3181818181818182,0.875
5611,0,CF4,L5,0.7,zero_fill,7,7,0.7548572421073914,1,False,0.9545454545454546,0.3181818181818182,0.875
9389,0,CF4,L5,0.7,zero_fill,6,7,0.40285393595695496,0,False,0.9545454545454546,0.3181818181818182,0.875
25070,0,CF4,L5,0.7,zero_fill,2,2,0.2903541028499603,1,False,0.9545454545454546,0.3181818181818182,0.875
11322,0,CF4,L5,0.7,zero_fill,8,7,0.446913480758667,0,False,0.9545454545454546,0.3181818181818182,0.875
3051,0,CF4,L5,0.7,zero_fill,0,7,0.502872109413147,0,False,0.9545454545454546,0.3181818181818182,0.875
18770,0,CF4,L5,0.7,zero_fill,4,7,0.4675775170326233,0,False,0.9545454545454546,0.3181818181818182,0.875
14692,0,CF4,L5,0.7,zero_fill,2,7,0.5662071704864502,0,False,0.9545454545454546,0.3181818181818182,0.875
4561,0,CF4,L5,0.7,zero_fill,5,7,0.38581383228302,0,False,0.9545454545454546,0.3181818181818182,0.875
16994,0,CF4,L5,0.7,zero_fill,0,7,0.3743841052055359,0,False,0.9545454545454546,0.3181818181818182,0.875
4156,0,CF4,L5,0.7,zero_fill,5,7,0.370136022567749,0,False,0.9545454545454546,0.3181818181818182,0.875
5884,0,CF4,L5,0.7,zero_fill,1,7,0.4638262689113617,0,False,0.9545454545454546,0.3181818181818182,0.875
18233,0,CF4,L5,0.7,zero_fill,0,7,0.4108515679836273,0,False,0.9545454545454546,0.3181818181818182,0.875
17044,0,CF4,L5,0.7,zero_fill,6,7,0.7027215957641602,0,False,0.9545454545454546,0.3181818181818182,0.875
18857,0,CF4,L5,0.7,zero_fill,6,7,0.6403561234474182,0,False,0.9545454545454546,0.3181818181818182,0.875
21917,0,CF4,L5,0.7,zero_fill,9,7,0.2070848047733307,0,False,0.9545454545454546,0.3181818181818182,0.875
5054,0,CF4,L5,0.7,zero_fill,3,7,0.8183043599128723,0,False,0.9545454545454546,0.3181818181818182,0.875
7882,0,CF4,L5,0.7,zero_fill,4,7,0.5413459539413452,0,False,0.9545454545454546,0.3181818181818182,0.875
15688,0,CF4,L5,0.7,zero_fill,4,7,0.7277489900588989,0,False,0.9545454545454546,0.3181818181818182,0.875
5612,0,CF4,L5,0.7,zero_fill,8,7,0.6189424395561218,0,False,0.9545454545454546,0.3181818181818182,0.875
13934,0,CF4,L5,0.7,zero_fill,9,2,0.16968081891536713,0,False,0.9545454545454546,0.3181818181818182,0.875
16689,0,CF4,L5,0.7,zero_fill,2,7,0.4894871711730957,0,False,0.9545454545454546,0.3181818181818182,0.875
23844,0,CF4,L5,0.7,zero_fill,6,7,0.3317663371562958,0,False,0.9545454545454546,0.3181818181818182,0.875
7944,0,CF4,L5,0.7,zero_fill,7,7,0.7415140867233276,1,False,0.9545454545454546,0.3181818181818182,0.875
11370,0,CF4,L5,0.7,zero_fill,8,7,0.37750527262687683,0,False,0.9545454545454546,0.3181818181818182,0.875
24569,0,CF4,L5,0.7,zero_fill,1,7,0.27845829725265503,0,False,0.9545454545454546,0.3181818181818182,0.875
7529,0,CF4,L5,0.7,zero_fill,5,7,0.5269451141357422,0,False,0.9545454545454546,0.3181818181818182,0.875
5092,0,CF4,L5,0.7,zero_fill,2,7,0.8822019696235657,0,False,0.9545454545454546,0.3181818181818182,0.875
20673,0,CF4,L5,0.7,zero_fill,2,7,0.4238641560077667,0,False,0.9545454545454546,0.3181818181818182,0.875
10096,0,CF4,L5,0.7,zero_fill,7,7,0.3685345947742462,1,False,0.9545454545454546,0.3181818181818182,0.875
2059,0,CF4,L5,0.7,zero_fill,3,7,0.39142900705337524,0,False,0.9545454545454546,0.3181818181818182,0.875
19318,0,CF4,L5,0.7,zero_fill,0,7,0.7402195334434509,0,False,0.9545454545454546,0.3181818181818182,0.875
12977,0,CF4,L5,0.7,zero_fill,8,7,0.4463607370853424,0,False,0.9545454545454546,0.3181818181818182,0.875
17673,0,CF4,L5,0.7,zero_fill,0,7,0.5496653914451599,0,False,0.9545454545454546,0.3181818181818182,0.875
18750,0,CF4,L5,0.7,zero_fill,0,7,0.6397103071212769,0,False,0.9545454545454546,0.3181818181818182,0.875
16728,0,CF4,L5,0.7,zero_fill,3,2,0.2852700352668762,0,False,0.9545454545454546,0.3181818181818182,0.875
14776,0,CF4,L5,0.7,zero_fill,8,7,0.4569922387599945,0,False,0.9545454545454546,0.3181818181818182,0.875
6941,0,CF4,L5,0.7,zero_fill,9,7,0.6204904913902283,0,False,0.9545454545454546,0.3181818181818182,0.875
16787,0,CF4,L5,0.7,zero_fill,6,7,0.41545093059539795,0,False,0.9545454545454546,0.3181818181818182,0.875
25932,0,CF4,L5,0.7,zero_fill,5,7,0.5595811605453491,0,False,0.9545454545454546,0.3181818181818182,0.875
614,0,CF4,L5,0.7,zero_fill,0,7,0.7226949334144592,0,False,0.9545454545454546,0.3181818181818182,0.875
25690,0,CF4,L5,0.7,zero_fill,5,7,0.38218045234680176,0,False,0.9545454545454546,0.3181818181818182,0.875
25968,0,CF4,L5,0.7,zero_fill,5,7,0.8081439137458801,0,False,0.9545454545454546,0.3181818181818182,0.875
20123,0,CF4,L5,0.7,zero_fill,3,2,0.3179209232330322,0,False,0.9545454545454546,0.3181818181818182,0.875
13341,0,CF4,L5,0.7,zero_fill,5,7,0.4545106291770935,0,False,0.9545454545454546,0.3181818181818182,0.875
24697,0,CF4,L5,0.7,zero_fill,4,1,0.2490796148777008,0,False,0.9545454545454546,0.3181818181818182,0.875
15157,0,CF4,L5,0.7,zero_fill,6,7,0.6403045654296875,0,False,0.9545454545454546,0.3181818181818182,0.875
23115,0,CF4,L5,0.7,zero_fill,1,7,0.5939888954162598,0,False,0.9545454545454546,0.3181818181818182,0.875
6396,0,CF4,L5,0.7,zero_fill,0,7,0.35727766156196594,0,False,0.9545454545454546,0.3181818181818182,0.875
19142,0,CF4,L5,0.7,zero_fill,4,7,0.32934463024139404,0,False,0.9545454545454546,0.3181818181818182,0.875
13157,0,CF4,L5,0.7,zero_fill,3,7,0.41784751415252686,0,False,0.9545454545454546,0.3181818181818182,0.875
19866,0,CF4,L5,0.7,zero_fill,1,7,0.38154229521751404,0,False,0.9545454545454546,0.3181818181818182,0.875
25996,0,CF4,L5,0.7,zero_fill,8,7,0.27826640009880066,0,False,0.9545454545454546,0.3181818181818182,0.875
25515,0,CF4,L5,0.7,zero_fill,7,7,0.7939385175704956,1,False,0.9545454545454546,0.3181818181818182,0.875
12876,0,CF4,L5,0.7,zero_fill,0,7,0.3596045970916748,0,False,0.9545454545454546,0.3181818181818182,0.875
17565,0,CF4,L5,0.7,zero_fill,6,5,0.3239588141441345,0,False,0.9545454545454546,0.3181818181818182,0.875
17511,0,CF4,L5,0.7,zero_fill,4,7,0.4407416582107544,0,False,0.9545454545454546,0.3181818181818182,0.875
19996,0,CF4,L5,0.7,zero_fill,0,7,0.42647603154182434,0,False,0.9545454545454546,0.3181818181818182,0.875
12807,0,CF4,L5,0.7,zero_fill,1,7,0.48593199253082275,0,False,0.9545454545454546,0.3181818181818182,0.875
11001,0,CF4,L5,0.7,zero_fill,9,7,0.7274984121322632,0,False,0.9545454545454546,0.3181818181818182,0.875
13107,0,CF4,L5,0.7,zero_fill,0,7,0.6126788854598999,0,False,0.9545454545454546,0.3181818181818182,0.875
12641,0,CF4,L5,0.7,zero_fill,6,5,0.6998679041862488,0,False,0.9545454545454546,0.3181818181818182,0.875
22667,0,CF4,L5,0.7,zero_fill,5,7,0.832095205783844,0,False,0.9545454545454546,0.3181818181818182,0.875
7310,0,CF4,L5,0.7,zero_fill,7,7,0.46174436807632446,1,False,0.9545454545454546,0.3181818181818182,0.875
764,0,CF4,L5,0.7,zero_fill,1,7,0.44518133997917175,0,False,0.9545454545454546,0.3181818181818182,0.875
14813,0,CF4,L5,0.7,zero_fill,4,5,0.23494069278240204,0,False,0.9545454545454546,0.3181818181818182,0.875
7132,0,CF4,L5,0.7,zero_fill,2,7,0.2980372905731201,0,False,0.9545454545454546,0.3181818181818182,0.875
23884,0,CF4,L5,0.7,zero_fill,1,7,0.5554529428482056,0,False,0.9545454545454546,0.3181818181818182,0.875
22735,0,CF4,L5,0.7,zero_fill,8,7,0.34403476119041443,0,False,0.9545454545454546,0.3181818181818182,0.875
12483,0,CF4,L5,0.7,zero_fill,2,7,0.6980836987495422,0,False,0.9545454545454546,0.3181818181818182,0.875
10442,0,CF4,L5,0.7,zero_fill,6,7,0.27277231216430664,0,False,0.9545454545454546,0.3181818181818182,0.875
3733,0,CF4,L5,0.7,zero_fill,8,7,0.27933168411254883,0,False,0.9545454545454546,0.3181818181818182,0.875
20089,0,CF4,L5,0.7,zero_fill,4,7,0.48896902799606323,0,False,0.9545454545454546,0.3181818181818182,0.875
20411,0,CF4,L5,0.7,zero_fill,4,7,0.5010026693344116,0,False,0.9545454545454546,0.3181818181818182,0.875
10695,0,CF4,L5,0.7,zero_fill,4,7,0.4447554051876068,0,False,0.9545454545454546,0.3181818181818182,0.875
11992,0,CF4,L5,0.7,zero_fill,2,7,0.7074540257453918,0,False,0.9545454545454546,0.3181818181818182,0.875
20712,0,CF4,L5,0.7,zero_fill,7,7,0.7452664971351624,1,False,0.9545454545454546,0.3181818181818182,0.875
6518,0,CF4,L5,0.7,zero_fill,8,7,0.8586318492889404,0,False,0.9545454545454546,0.3181818181818182,0.875
6015,0,CF4,L5,0.7,zero_fill,9,7,0.40411096811294556,0,False,0.9545454545454546,0.3181818181818182,0.875
8396,0,CF4,L5,0.7,zero_fill,5,7,0.474064439535141,0,False,0.9545454545454546,0.3181818181818182,0.875
12097,0,CF4,L5,0.7,zero_fill,9,2,0.43001964688301086,0,False,0.9545454545454546,0.3181818181818182,0.875
12565,0,CF4,L5,0.7,zero_fill,2,7,0.6432982087135315,0,False,0.9545454545454546,0.3181818181818182,0.875
22474,0,CF4,L5,0.7,zero_fill,4,5,0.3423381745815277,0,False,0.9545454545454546,0.3181818181818182,0.875
25110,0,CF4,L5,0.7,zero_fill,9,7,0.45865750312805176,0,False,0.9545454545454546,0.3181818181818182,0.875
8275,0,CF4,L5,0.7,zero_fill,8,7,0.2409549355506897,0,False,0.9545454545454546,0.3181818181818182,0.875
3871,0,CF4,L5,0.7,zero_fill,1,7,0.7016140818595886,0,False,0.9545454545454546,0.3181818181818182,0.875
24639,0,CF4,L5,0.7,zero_fill,2,7,0.248068705201149,0,False,0.9545454545454546,0.3181818181818182,0.875
15979,0,CF4,L5,0.7,zero_fill,3,7,0.7010296583175659,0,False,0.9545454545454546,0.3181818181818182,0.875
24513,0,CF4,L5,0.7,zero_fill,6,7,0.4400295913219452,0,False,0.9545454545454546,0.3181818181818182,0.875
10926,0,CF4,L5,0.7,zero_fill,7,7,0.6029727458953857,1,False,0.9545454545454546,0.3181818181818182,0.875
25564,0,CF4,L5,0.7,zero_fill,0,6,0.2346508949995041,0,False,0.9545454545454546,0.3181818181818182,0.875
2118,0,CF4,L5,0.7,zero_fill,0,7,0.4870609641075134,0,False,0.9545454545454546,0.3181818181818182,0.875
4358,0,CF4,L5,0.7,zero_fill,9,7,0.4771638810634613,0,False,0.9545454545454546,0.3181818181818182,0.875
5674,0,CF4,L5,0.7,zero_fill,8,7,0.6759150624275208,0,False,0.9545454545454546,0.3181818181818182,0.875
3397,0,CF4,L5,0.7,zero_fill,7,7,0.379747599363327,1,False,0.9545454545454546,0.3181818181818182,0.875
5183,0,CF4,L5,0.7,zero_fill,7,7,0.5681777596473694,1,False,0.9545454545454546,0.3181818181818182,0.875
7505,0,CF4,L5,0.7,zero_fill,9,7,0.5992701053619385,0,False,0.9545454545454546,0.3181818181818182,0.875
17539,0,CF4,L5,0.7,zero_fill,0,7,0.6236132979393005,0,False,0.9545454545454546,0.3181818181818182,0.875
23918,0,CF4,L5,0.7,zero_fill,6,7,0.6158502697944641,0,False,0.9545454545454546,0.3181818181818182,0.875
19449,0,CF4,L5,0.7,zero_fill,2,7,0.7396234273910522,0,False,0.9545454545454546,0.3181818181818182,0.875
18599,0,CF4,L5,0.7,zero_fill,3,7,0.4431104063987732,0,False,0.9545454545454546,0.3181818181818182,0.875
8175,0,CF4,L5,0.7,zero_fill,8,7,0.3538554906845093,0,False,0.9545454545454546,0.3181818181818182,0.875
18412,0,CF4,L5,0.7,zero_fill,7,7,0.7705305814743042,1,False,0.9545454545454546,0.3181818181818182,0.875
20667,0,CF4,L5,0.7,zero_fill,1,7,0.6247587203979492,0,False,0.9545454545454546,0.3181818181818182,0.875
8672,0,CF4,L5,0.7,zero_fill,9,7,0.3021247982978821,0,False,0.9545454545454546,0.3181818181818182,0.875
22087,0,CF4,L5,0.7,zero_fill,1,1,0.3150389790534973,1,False,0.9545454545454546,0.3181818181818182,0.875
6910,0,CF4,L5,0.7,zero_fill,2,7,0.5466622710227966,0,False,0.9545454545454546,0.3181818181818182,0.875
19205,0,CF4,L5,0.7,zero_fill,3,7,0.47380122542381287,0,False,0.9545454545454546,0.3181818181818182,0.875
10581,0,CF4,L5,0.7,zero_fill,3,7,0.6641237139701843,0,False,0.9545454545454546,0.3181818181818182,0.875
14516,0,CF4,L5,0.7,zero_fill,4,6,0.267299622297287,0,False,0.9545454545454546,0.3181818181818182,0.875
22602,0,CF4,L5,0.7,zero_fill,4,7,0.37942269444465637,0,False,0.9545454545454546,0.3181818181818182,0.875
1944,0,CF4,L5,0.7,zero_fill,0,7,0.43855637311935425,0,False,0.9545454545454546,0.3181818181818182,0.875
19718,0,CF4,L5,0.7,zero_fill,0,7,0.510002613067627,0,False,0.9545454545454546,0.3181818181818182,0.875
15599,0,CF4,L5,0.7,zero_fill,7,7,0.8233442306518555,1,False,0.9545454545454546,0.3181818181818182,0.875
16766,0,CF4,L5,0.7,zero_fill,9,7,0.41375356912612915,0,False,0.9545454545454546,0.3181818181818182,0.875
12317,0,CF4,L5,0.7,zero_fill,5,7,0.5385108590126038,0,False,0.9545454545454546,0.3181818181818182,0.875
6275,0,CF4,L5,0.7,zero_fill,6,5,0.5956019759178162,0,False,0.9545454545454546,0.3181818181818182,0.875
14332,0,CF4,L5,0.7,zero_fill,3,7,0.7927225828170776,0,False,0.9545454545454546,0.3181818181818182,0.875
25615,0,CF4,L5,0.7,zero_fill,8,7,0.6332427859306335,0,False,0.9545454545454546,0.3181818181818182,0.875
7680,0,CF4,L5,0.7,zero_fill,7,7,0.501695990562439,1,False,0.9545454545454546,0.3181818181818182,0.875
22105,0,CF4,L5,0.7,zero_fill,7,7,0.736510694026947,1,False,0.9545454545454546,0.3181818181818182,0.875
19179,0,CF4,L5,0.7,zero_fill,5,7,0.8183869123458862,0,False,0.9545454545454546,0.3181818181818182,0.875
22379,0,CF4,L5,0.7,zero_fill,5,7,0.4509238302707672,0,False,0.9545454545454546,0.3181818181818182,0.875
11796,0,CF4,L5,0.7,zero_fill,0,7,0.3455333113670349,0,False,0.9545454545454546,0.3181818181818182,0.875
16929,0,CF4,L5,0.7,zero_fill,0,7,0.2598329186439514,0,False,0.9545454545454546,0.3181818181818182,0.875
20580,0,CF4,L5,0.7,zero_fill,2,7,0.5413071513175964,0,False,0.9545454545454546,0.3181818181818182,0.875
21272,0,CF4,L5,0.7,zero_fill,7,5,0.3105030357837677,0,False,0.9545454545454546,0.3181818181818182,0.875
12963,0,CF4,L5,0.7,zero_fill,4,5,0.38980820775032043,0,False,0.9545454545454546,0.3181818181818182,0.875
15648,0,CF4,L5,0.7,zero_fill,9,7,0.49586430191993713,0,False,0.9545454545454546,0.3181818181818182,0.875
10831,0,CF4,L5,0.7,zero_fill,6,7,0.2520448863506317,0,False,0.9545454545454546,0.3181818181818182,0.875
12228,0,CF4,L5,0.7,zero_fill,3,7,0.770980179309845,0,False,0.9545454545454546,0.3181818181818182,0.875
2242,0,CF4,L5,0.7,zero_fill,7,5,0.24915960431098938,0,False,0.9545454545454546,0.3181818181818182,0.875
25443,0,CF4,L5,0.7,zero_fill,3,7,0.9049893617630005,0,False,0.9545454545454546,0.3181818181818182,0.875
23913,0,CF4,L5,0.7,zero_fill,1,7,0.43779706954956055,0,False,0.9545454545454546,0.3181818181818182,0.875
18452,0,CF4,L5,0.7,zero_fill,1,7,0.44369858503341675,0,False,0.9545454545454546,0.3181818181818182,0.875
12210,0,CF4,L5,0.7,zero_fill,0,7,0.6117549538612366,0,False,0.9545454545454546,0.3181818181818182,0.875
3532,0,CF4,L5,0.7,zero_fill,6,7,0.2869921326637268,0,False,0.9545454545454546,0.3181818181818182,0.875
13678,0,CF4,L5,0.7,zero_fill,9,9,0.22513440251350403,1,False,0.9545454545454546,0.3181818181818182,0.875
21370,0,CF4,L5,0.7,zero_fill,5,7,0.40564942359924316,0,False,0.9545454545454546,0.3181818181818182,0.875
23728,0,CF4,L5,0.7,zero_fill,9,2,0.38350582122802734,0,False,0.9545454545454546,0.3181818181818182,0.875
7460,0,CF4,L5,0.7,zero_fill,0,7,0.34285712242126465,0,False,0.9545454545454546,0.3181818181818182,0.875
25354,0,CF4,L5,0.7,zero_fill,2,7,0.6150069236755371,0,False,0.9545454545454546,0.3181818181818182,0.875
18984,0,CF4,L5,0.7,zero_fill,8,6,0.3024355471134186,0,False,0.9545454545454546,0.3181818181818182,0.875
12422,0,CF4,L5,0.7,zero_fill,6,5,0.5615813732147217,0,False,0.9545454545454546,0.3181818181818182,0.875
7413,0,CF4,L5,0.7,zero_fill,4,7,0.53926682472229,0,False,0.9545454545454546,0.3181818181818182,0.875
