patch_id,seed,family,level,frac,method,true_label,prediction,confidence,correct,bounded_unknown,isolated_missing_frac,mask_overlap_centre,centre_erased_frac
17222,0,CF2,L3,0.3,zero_fill,8,7,0.4449821710586548,0,False,0.6963788300835655,0.479108635097493,0.671875
7987,0,CF2,L3,0.3,zero_fill,4,1,0.9469457864761353,0,False,0.7386018237082067,0.3586626139817629,0.4609375
14403,0,CF2,L3,0.3,zero_fill,1,5,0.3543311357498169,0,False,0.672316384180791,0.4209039548022599,0.58203125
12904,0,CF2,L3,0.3,zero_fill,1,7,0.4217500388622284,0,False,0.779891304347826,0.6358695652173914,0.9140625
1024,0,CF2,L3,0.3,zero_fill,2,2,0.5355697274208069,1,False,0.7226890756302521,0.5714285714285714,0.796875
15700,0,CF2,L3,0.3,zero_fill,3,8,0.6073015928268433,0,False,0.6875,0.40773809523809523,0.53515625
12639,0,CF2,L3,0.3,zero_fill,7,6,0.2831169664859772,0,False,0.6656151419558359,0.35962145110410093,0.4453125
20658,0,CF2,L3,0.3,zero_fill,4,7,0.4686095714569092,0,False,0.6883116883116883,0.2701298701298701,0.40625
2642,0,CF2,L3,0.3,zero_fill,7,4,0.7251344919204712,0,False,0.8176470588235294,0.5411764705882353,0.71875
9392,0,CF2,L3,0.3,zero_fill,9,1,0.47023099660873413,0,False,0.7723076923076924,0.38461538461538464,0.48828125
23357,0,CF2,L3,0.3,zero_fill,5,2,0.9400051832199097,0,False,0.6742209631728046,0.37110481586402266,0.51171875
15977,0,CF2,L3,0.3,zero_fill,0,2,0.5195609331130981,0,False,0.6226415094339622,0.5220125786163522,0.6484375
10440,0,CF2,L3,0.3,zero_fill,0,5,0.38057008385658264,0,False,0.8123076923076923,0.3723076923076923,0.47265625
14216,0,CF2,L3,0.3,zero_fill,3,4,0.3598330616950989,0,False,0.7850467289719626,0.5397196261682243,0.90234375
18353,0,CF2,L3,0.3,zero_fill,7,6,0.5552769303321838,0,False,0.7301587301587301,0.5873015873015873,0.72265625
17404,0,CF2,L3,0.3,zero_fill,3,7,0.6811445355415344,0,False,0.6559139784946236,0.5026881720430108,0.73046875
8424,0,CF2,L3,0.3,zero_fill,8,5,0.29884523153305054,0,False,0.6731843575418994,0.3854748603351955,0.5390625
4744,0,CF2,L3,0.3,zero_fill,8,8,0.606689989566803,1,False,0.7313019390581718,0.3850415512465374,0.54296875
18797,0,CF2,L3,0.3,zero_fill,7,7,0.9862706661224365,1,False,0.7351190476190477,0.30952380952380953,0.40625
3156,0,CF2,L3,0.3,zero_fill,7,1,0.44371289014816284,0,False,0.7042682926829268,0.28353658536585363,0.36328125
17024,0,CF2,L3,0.3,zero_fill,2,5,0.8203669190406799,0,False,0.657074340527578,0.38848920863309355,0.6328125
7807,0,CF2,L3,0.3,zero_fill,8,4,0.5802925229072571,0,False,0.8272727272727273,0.6,0.7734375
138,0,CF2,L3,0.3,zero_fill,0,2,0.33186134696006775,0,False,0.7528604118993135,0.3501144164759725,0.59765625
20222,0,CF2,L3,0.3,zero_fill,2,5,0.5875719785690308,0,False,0.7361963190184049,0.6871165644171779,0.875
24734,0,CF2,L3,0.3,zero_fill,9,9,0.3847154974937439,1,False,0.7685459940652819,0.3798219584569733,0.5
8909,0,CF2,L3,0.3,zero_fill,0,2,0.605471134185791,0,False,0.7134146341463414,0.45121951219512196,0.578125
4684,0,CF2,L3,0.3,zero_fill,1,2,0.8282726407051086,0,False,0.7728459530026109,0.5326370757180157,0.796875
15978,0,CF2,L3,0.3,zero_fill,6,4,0.1997138261795044,0,False,0.7275641025641025,0.5192307692307693,0.6328125
21495,0,CF2,L3,0.3,zero_fill,7,7,0.6960330009460449,1,False,0.7097625329815304,0.5408970976253298,0.80078125
5107,0,CF2,L3,0.3,zero_fill,6,3,0.6977290511131287,0,False,0.7455012853470437,0.37532133676092544,0.5703125
1914,0,CF2,L3,0.3,zero_fill,2,1,0.6315880417823792,0,False,0.8,0.41,0.640625
21307,0,CF2,L3,0.3,zero_fill,1,1,0.8651027679443359,1,False,0.689873417721519,0.28164556962025317,0.34765625
7178,0,CF2,L3,0.3,zero_fill,4,7,0.3594760000705719,0,False,0.7313915857605178,0.6763754045307443,0.81640625
13264,0,CF2,L3,0.3,zero_fill,4,7,0.9357758164405823,0,False,0.7918660287081339,0.562200956937799,0.91796875
21507,0,CF2,L3,0.3,zero_fill,1,7,0.967082142829895,0,False,0.6277602523659306,0.35962145110410093,0.4453125
8399,0,CF2,L3,0.3,zero_fill,9,7,0.6940619349479675,0,False,0.6424050632911392,0.34810126582278483,0.4296875
4384,0,CF2,L3,0.3,zero_fill,0,8,0.44859394431114197,0,False,0.6936936936936937,0.34534534534534533,0.44921875
5820,0,CF2,L3,0.3,zero_fill,0,3,0.753278374671936,0,False,0.6346153846153846,0.3717948717948718,0.453125
22865,0,CF2,L3,0.3,zero_fill,0,7,0.8155236840248108,0,False,0.7151898734177216,0.25316455696202533,0.3125
65,0,CF2,L3,0.3,zero_fill,0,2,0.5081802010536194,0,False,0.7638483965014577,0.641399416909621,0.859375
15494,0,CF2,L3,0.3,zero_fill,6,7,0.9598471522331238,0,False,0.7604790419161677,0.45209580838323354,0.58984375
2327,0,CF2,L3,0.3,zero_fill,5,5,0.6940212845802307,1,False,0.6645161290322581,0.5870967741935483,0.7109375
24596,0,CF2,L3,0.3,zero_fill,7,9,0.6406993269920349,0,False,0.7827380952380952,0.31547619047619047,0.4140625
3825,0,CF2,L3,0.3,zero_fill,5,2,0.6196033954620361,0,False,0.7239583333333334,0.4505208333333333,0.67578125
17168,0,CF2,L3,0.3,zero_fill,7,7,0.44048044085502625,1,False,0.6846361185983828,0.18059299191374664,0.26171875
4357,0,CF2,L3,0.3,zero_fill,3,6,0.39475539326667786,0,False,0.7607361963190185,0.5153374233128835,0.65625
2364,0,CF2,L3,0.3,zero_fill,9,7,0.4508470594882965,0,False,0.7894736842105263,0.6038781163434903,0.8515625
8703,0,CF2,L3,0.3,zero_fill,9,7,0.6332027316093445,0,False,0.7412935323383084,0.5199004975124378,0.81640625
19390,0,CF2,L3,0.3,zero_fill,9,4,0.29083308577537537,0,False,0.7372654155495979,0.4262734584450402,0.62109375
17853,0,CF2,L3,0.3,zero_fill,6,2,0.36340001225471497,0,False,0.6786703601108033,0.4182825484764543,0.58984375
4930,0,CF2,L3,0.3,zero_fill,4,3,0.8571385145187378,0,False,0.7102803738317757,0.3925233644859813,0.65625
5314,0,CF2,L3,0.3,zero_fill,8,8,0.6623774170875549,1,False,0.7204610951008645,0.2824207492795389,0.3828125
4478,0,CF2,L3,0.3,zero_fill,8,9,0.6530758142471313,0,False,0.7240437158469946,0.4453551912568306,0.63671875
23679,0,CF2,L3,0.3,zero_fill,4,2,0.5333713889122009,0,False,0.6910569105691057,0.5284552845528455,0.76171875
5449,0,CF2,L3,0.3,zero_fill,1,2,0.5566177368164062,0,False,0.7331606217616581,0.3601036269430052,0.54296875
24183,0,CF2,L3,0.3,zero_fill,0,3,0.8849583864212036,0,False,0.7348703170028819,0.4783861671469741,0.6484375
20842,0,CF2,L3,0.3,zero_fill,3,3,0.7690531611442566,1,False,0.7112462006079028,0.6534954407294833,0.83984375
18825,0,CF2,L3,0.3,zero_fill,9,5,0.4077717065811157,0,False,0.5757575757575758,0.4,0.515625
6265,0,CF2,L3,0.3,zero_fill,1,6,0.5081659555435181,0,False,0.6386292834890965,0.35202492211838005,0.44140625
24932,0,CF2,L3,0.3,zero_fill,4,7,0.6819583773612976,0,False,0.703030303030303,0.5909090909090909,0.76171875
14427,0,CF2,L3,0.3,zero_fill,8,1,0.3210495412349701,0,False,0.7,0.43529411764705883,0.578125
3740,0,CF2,L3,0.3,zero_fill,7,2,0.4036467671394348,0,False,0.6787878787878788,0.5060606060606061,0.65234375
16809,0,CF2,L3,0.3,zero_fill,9,1,0.742887020111084,0,False,0.7702349869451697,0.5091383812010444,0.76171875
1136,0,CF2,L3,0.3,zero_fill,1,2,0.4257737398147583,0,False,0.7191977077363897,0.5444126074498568,0.7421875
25757,0,CF2,L3,0.3,zero_fill,5,2,0.5232571363449097,0,False,0.7296587926509186,0.4146981627296588,0.6171875
7356,0,CF2,L3,0.3,zero_fill,4,7,0.8080683946609497,0,False,0.6923076923076923,0.5295857988165681,0.69921875
12298,0,CF2,L3,0.3,zero_fill,0,3,0.3724731206893921,0,False,0.6929824561403509,0.4590643274853801,0.61328125
5700,0,CF2,L3,0.3,zero_fill,3,5,0.5104500651359558,0,False,0.7244655581947743,0.503562945368171,0.828125
22753,0,CF2,L3,0.3,zero_fill,6,3,0.5487642884254456,0,False,0.6483180428134556,0.44648318042813456,0.5703125
16813,0,CF2,L3,0.3,zero_fill,6,0,0.6102500557899475,0,False,0.7620320855614974,0.46524064171123,0.6796875
7373,0,CF2,L3,0.3,zero_fill,8,7,0.8034732937812805,0,False,0.657051282051282,0.44871794871794873,0.546875
20149,0,CF2,L3,0.3,zero_fill,2,7,0.9839279055595398,0,False,0.7775061124694377,0.3422982885085575,0.546875
15874,0,CF2,L3,0.3,zero_fill,9,2,0.5483657717704773,0,False,0.6293929712460063,0.4952076677316294,0.60546875
26011,0,CF2,L3,0.3,zero_fill,0,5,0.6768479943275452,0,False,0.6971608832807571,0.4479495268138801,0.5546875
4196,0,CF2,L3,0.3,zero_fill,9,9,0.4935142993927002,1,False,0.7935656836461126,0.47989276139410186,0.69921875
11227,0,CF2,L3,0.3,zero_fill,3,1,0.5162119269371033,0,False,0.7803468208092486,0.48554913294797686,0.65625
15736,0,CF2,L3,0.3,zero_fill,3,2,0.771728515625,0,False,0.7723577235772358,0.5880758807588076,0.84765625
6339,0,CF2,L3,0.3,zero_fill,6,1,0.5555669665336609,0,False,0.6878306878306878,0.3783068783068783,0.55859375
25704,0,CF2,L3,0.3,zero_fill,2,7,0.5489637851715088,0,False,0.6882716049382716,0.47530864197530864,0.6015625
3190,0,CF2,L3,0.3,zero_fill,7,6,0.5171636939048767,0,False,0.7220543806646526,0.5377643504531722,0.6953125
737,0,CF2,L3,0.3,zero_fill,4,7,0.8705618977546692,0,False,0.781437125748503,0.7005988023952096,0.9140625
22875,0,CF2,L3,0.3,zero_fill,9,3,0.8677476644515991,0,False,0.6553846153846153,0.5076923076923077,0.64453125
22749,0,CF2,L3,0.3,zero_fill,3,3,0.5850969552993774,1,False,0.6815789473684211,0.3894736842105263,0.578125
22998,0,CF2,L3,0.3,zero_fill,3,5,0.5553974509239197,0,False,0.6707317073170732,0.5060975609756098,0.6484375
24210,0,CF2,L3,0.3,zero_fill,5,3,0.4960518479347229,0,False,0.726775956284153,0.28415300546448086,0.40625
6800,0,CF2,L3,0.3,zero_fill,4,4,0.9773896336555481,1,False,0.703030303030303,0.5272727272727272,0.6796875
16602,0,CF2,L3,0.3,zero_fill,9,3,0.514154851436615,0,False,0.6618075801749271,0.49854227405247814,0.66796875
10822,0,CF2,L3,0.3,zero_fill,6,7,0.45535191893577576,0,False,0.7440476190476191,0.6428571428571429,0.84375
12822,0,CF2,L3,0.3,zero_fill,1,4,0.7939556837081909,0,False,0.7727272727272727,0.4385026737967914,0.640625
12758,0,CF2,L3,0.3,zero_fill,5,3,0.6175086498260498,0,False,0.6918604651162791,0.38372093023255816,0.515625
21144,0,CF2,L3,0.3,zero_fill,4,2,0.8227821588516235,0,False,0.6873239436619718,0.4197183098591549,0.58203125
4900,0,CF2,L3,0.3,zero_fill,6,2,0.4352041482925415,0,False,0.7751479289940828,0.6183431952662722,0.81640625
22888,0,CF2,L3,0.3,zero_fill,9,2,0.8151848316192627,0,False,0.78,0.64,0.875
19935,0,CF2,L3,0.3,zero_fill,9,5,0.29528939723968506,0,False,0.7267080745341615,0.422360248447205,0.53125
21896,0,CF2,L3,0.3,zero_fill,7,2,0.3111923336982727,0,False,0.7845659163987139,0.45980707395498394,0.55859375
3475,0,CF2,L3,0.3,zero_fill,3,5,0.5700629353523254,0,False,0.7251461988304093,0.4619883040935672,0.6171875
16171,0,CF2,L3,0.3,zero_fill,0,0,0.8032042980194092,1,False,0.7117346938775511,0.42346938775510207,0.6484375
4672,0,CF2,L3,0.3,zero_fill,4,6,0.506152868270874,0,False,0.6863354037267081,0.48757763975155277,0.61328125
10146,0,CF2,L3,0.3,zero_fill,2,7,0.22932711243629456,0,False,0.7,0.6125,0.765625
9207,0,CF2,L3,0.3,zero_fill,7,5,0.4658399224281311,0,False,0.7353689567430025,0.46055979643765904,0.70703125
17745,0,CF2,L3,0.3,zero_fill,9,2,0.7575482130050659,0,False,0.7492063492063492,0.5047619047619047,0.62109375
432,0,CF2,L3,0.3,zero_fill,7,1,0.263833612203598,0,False,0.6827195467422096,0.4730878186968839,0.65234375
6608,0,CF2,L3,0.3,zero_fill,4,9,0.4657260477542877,0,False,0.7724867724867724,0.41534391534391535,0.61328125
25769,0,CF2,L3,0.3,zero_fill,9,8,0.7623943090438843,0,False,0.6407185628742516,0.4940119760479042,0.64453125
14774,0,CF2,L3,0.3,zero_fill,3,2,0.5866206884384155,0,False,0.7125,0.425,0.53125
21627,0,CF2,L3,0.3,zero_fill,4,9,0.554922342300415,0,False,0.7397260273972602,0.44931506849315067,0.640625
8133,0,CF2,L3,0.3,zero_fill,2,7,0.7911346554756165,0,False,0.7299270072992701,0.5109489051094891,0.8203125
12554,0,CF2,L3,0.3,zero_fill,4,1,0.6518988013267517,0,False,0.7114285714285714,0.4542857142857143,0.62109375
10856,0,CF2,L3,0.3,zero_fill,1,7,0.49812978506088257,0,False,0.7245179063360881,0.44352617079889806,0.62890625
15931,0,CF2,L3,0.3,zero_fill,3,3,0.506485104560852,1,False,0.5870786516853933,0.37359550561797755,0.51953125
2367,0,CF2,L3,0.3,zero_fill,2,0,0.35757681727409363,0,False,0.6542857142857142,0.5028571428571429,0.6875
25563,0,CF2,L3,0.3,zero_fill,7,7,0.33557063341140747,1,False,0.6532951289398281,0.41260744985673353,0.5625
6748,0,CF2,L3,0.3,zero_fill,2,5,0.4646054804325104,0,False,0.6955223880597015,0.44477611940298506,0.58203125
5368,0,CF2,L3,0.3,zero_fill,8,6,0.5699843764305115,0,False,0.7899686520376176,0.6269592476489029,0.78125
25951,0,CF2,L3,0.3,zero_fill,6,3,0.37630781531333923,0,False,0.7220447284345048,0.6134185303514377,0.75
22082,0,CF2,L3,0.3,zero_fill,7,5,0.39995285868644714,0,False,0.6943699731903485,0.46380697050938335,0.67578125
19301,0,CF2,L3,0.3,zero_fill,4,2,0.6371167898178101,0,False,0.7964601769911505,0.44837758112094395,0.59375
13302,0,CF2,L3,0.3,zero_fill,4,4,0.6613245606422424,1,False,0.6847290640394089,0.2857142857142857,0.453125
15358,0,CF2,L3,0.3,zero_fill,0,4,0.4508519470691681,0,False,0.6538461538461539,0.3254437869822485,0.4296875
23572,0,CF2,L3,0.3,zero_fill,2,7,0.44591158628463745,0,False,0.683076923076923,0.4553846153846154,0.578125
14736,0,CF2,L3,0.3,zero_fill,4,5,0.2695261240005493,0,False,0.5627009646302251,0.43729903536977494,0.53125
16685,0,CF2,L3,0.3,zero_fill,2,2,0.5919476747512817,1,False,0.6540880503144654,0.46226415094339623,0.57421875
21902,0,CF2,L3,0.3,zero_fill,7,6,0.8652572631835938,0,False,0.6802507836990596,0.3949843260188088,0.4921875
6713,0,CF2,L3,0.3,zero_fill,5,7,0.25010761618614197,0,False,0.7048192771084337,0.6204819277108434,0.8046875
8771,0,CF2,L3,0.3,zero_fill,4,2,0.45945125818252563,0,False,0.8218527315914489,0.5368171021377672,0.8828125
20264,0,CF2,L3,0.3,zero_fill,3,4,0.6191603541374207,0,False,0.6432160804020101,0.23869346733668342,0.37109375
24489,0,CF2,L3,0.3,zero_fill,1,4,0.32696738839149475,0,False,0.7238605898123325,0.5308310991957105,0.7734375
24852,0,CF2,L3,0.3,zero_fill,1,2,0.834234356880188,0,False,0.7780748663101604,0.3074866310160428,0.44921875
6746,0,CF2,L3,0.3,zero_fill,1,5,0.9795985221862793,0,False,0.7040498442367601,0.4423676012461059,0.5546875
5951,0,CF2,L3,0.3,zero_fill,5,5,0.7606939673423767,1,False,0.7314148681055156,0.3501199040767386,0.5703125
6438,0,CF2,L3,0.3,zero_fill,4,9,0.38574495911598206,0,False,0.7818627450980392,0.3382352941176471,0.5390625
11126,0,CF2,L3,0.3,zero_fill,9,7,0.6138556599617004,0,False,0.6326530612244898,0.5335276967930029,0.71484375
24241,0,CF2,L3,0.3,zero_fill,3,3,0.4153915047645569,1,False,0.7560240963855421,0.6475903614457831,0.83984375
23621,0,CF2,L3,0.3,zero_fill,6,7,0.3424248695373535,0,False,0.7710526315789473,0.6078947368421053,0.90234375
14358,0,CF2,L3,0.3,zero_fill,6,2,0.4042077660560608,0,False,0.6038338658146964,0.402555910543131,0.4921875
19003,0,CF2,L3,0.3,zero_fill,6,3,0.5296419858932495,0,False,0.7410714285714286,0.5595238095238095,0.734375
3760,0,CF2,L3,0.3,zero_fill,9,2,0.9305464029312134,0,False,0.7369942196531792,0.10115606936416185,0.13671875
1155,0,CF2,L3,0.3,zero_fill,5,3,0.4846353232860565,0,False,0.7690288713910761,0.5616797900262467,0.8359375
22044,0,CF2,L3,0.3,zero_fill,8,2,0.6888540387153625,0,False,0.7079207920792079,0.3217821782178218,0.5078125
17521,0,CF2,L3,0.3,zero_fill,4,5,0.6402177810668945,0,False,0.7597402597402597,0.4253246753246753,0.51171875
15177,0,CF2,L3,0.3,zero_fill,9,2,0.6932268142700195,0,False,0.7404129793510325,0.504424778761062,0.66796875
21080,0,CF2,L3,0.3,zero_fill,0,9,0.6984096169471741,0,False,0.6483870967741936,0.21935483870967742,0.265625
4507,0,CF2,L3,0.3,zero_fill,5,3,0.4206676185131073,0,False,0.7180156657963447,0.5483028720626631,0.8203125
10600,0,CF2,L3,0.3,zero_fill,7,1,0.6211504936218262,0,False,0.6631578947368421,0.4605263157894737,0.68359375
11754,0,CF2,L3,0.3,zero_fill,1,4,0.828313946723938,0,False,0.6741573033707865,0.3398876404494382,0.47265625
22934,0,CF2,L3,0.3,zero_fill,4,4,0.3898827135562897,1,False,0.7513089005235603,0.5942408376963351,0.88671875
19094,0,CF2,L3,0.3,zero_fill,3,5,0.8287721276283264,0,False,0.6498422712933754,0.31545741324921134,0.390625
25246,0,CF2,L3,0.3,zero_fill,7,7,0.6665064096450806,1,False,0.7317784256559767,0.5801749271137027,0.77734375
14745,0,CF2,L3,0.3,zero_fill,2,2,0.7759825587272644,1,False,0.767379679144385,0.5187165775401069,0.7578125
3177,0,CF2,L3,0.3,zero_fill,8,6,0.2334045022726059,0,False,0.6055045871559633,0.43425076452599387,0.5546875
13870,0,CF2,L3,0.3,zero_fill,5,3,0.2501477003097534,0,False,0.7080745341614907,0.4192546583850932,0.52734375
5605,0,CF2,L3,0.3,zero_fill,6,6,0.3525075614452362,1,False,0.7672413793103449,0.4367816091954023,0.59375
5202,0,CF2,L3,0.3,zero_fill,8,2,0.6834736466407776,0,False,0.6809116809116809,0.46438746438746437,0.63671875
8800,0,CF2,L3,0.3,zero_fill,5,3,0.46520742774009705,0,False,0.7064220183486238,0.41896024464831805,0.53515625
645,0,CF2,L3,0.3,zero_fill,3,5,0.9086538553237915,0,False,0.7583333333333333,0.5,0.703125
16077,0,CF2,L3,0.3,zero_fill,5,4,0.2399766594171524,0,False,0.6978851963746223,0.283987915407855,0.3671875
15336,0,CF2,L3,0.3,zero_fill,5,1,0.5435307621955872,0,False,0.7771084337349398,0.41566265060240964,0.5390625
20933,0,CF2,L3,0.3,zero_fill,0,9,0.9180509448051453,0,False,0.7627627627627628,0.23723723723723725,0.30859375
10580,0,CF2,L3,0.3,zero_fill,8,2,0.4222869277000427,0,False,0.7385321100917431,0.38073394495412843,0.6484375
25902,0,CF2,L3,0.3,zero_fill,6,0,0.37924808263778687,0,False,0.6962025316455697,0.29430379746835444,0.36328125
4666,0,CF2,L3,0.3,zero_fill,8,3,0.8342600464820862,0,False,0.7027863777089783,0.5975232198142415,0.75390625
14541,0,CF2,L3,0.3,zero_fill,4,5,0.8604291677474976,0,False,0.731457800511509,0.45012787723785164,0.6875
7374,0,CF2,L3,0.3,zero_fill,5,7,0.5304937362670898,0,False,0.6946107784431138,0.5059880239520959,0.66015625
4697,0,CF2,L3,0.3,zero_fill,5,3,0.8625890612602234,0,False,0.7219512195121951,0.32439024390243903,0.51953125
6317,0,CF2,L3,0.3,zero_fill,5,5,0.7947583794593811,1,False,0.5772151898734177,0.3291139240506329,0.5078125
16623,0,CF2,L3,0.3,zero_fill,6,5,0.5224611759185791,0,False,0.7555555555555555,0.6027777777777777,0.84765625
16511,0,CF2,L3,0.3,zero_fill,6,7,0.45390644669532776,0,False,0.7372881355932204,0.2853107344632768,0.39453125
16162,0,CF2,L3,0.3,zero_fill,3,3,0.9898822903633118,1,False,0.6573208722741433,0.46417445482866043,0.58203125
5989,0,CF2,L3,0.3,zero_fill,1,5,0.88531094789505,0,False,0.6518987341772152,0.4588607594936709,0.56640625
18753,0,CF2,L3,0.3,zero_fill,5,3,0.6214689016342163,0,False,0.593939393939394,0.3606060606060606,0.46484375
20853,0,CF2,L3,0.3,zero_fill,4,7,0.3274783492088318,0,False,0.6492307692307693,0.5292307692307693,0.671875
16556,0,CF2,L3,0.3,zero_fill,0,3,0.2823212146759033,0,False,0.7668711656441718,0.5950920245398773,0.7578125
7019,0,CF2,L3,0.3,zero_fill,9,9,0.4619557857513428,1,False,0.7202216066481995,0.4487534626038781,0.6328125
3090,0,CF2,L3,0.3,zero_fill,6,6,0.9276182651519775,1,False,0.6605504587155964,0.5474006116207951,0.69921875
14680,0,CF2,L3,0.3,zero_fill,3,3,0.6721593141555786,1,False,0.7072463768115942,0.5565217391304348,0.75
869,0,CF2,L3,0.3,zero_fill,3,2,0.4311316907405853,0,False,0.7111716621253406,0.4359673024523161,0.625
7595,0,CF2,L3,0.3,zero_fill,6,7,0.5042080283164978,0,False,0.7562814070351759,0.5804020100502513,0.90234375
14417,0,CF2,L3,0.3,zero_fill,1,1,0.6254177093505859,1,False,0.6695652173913044,0.3536231884057971,0.4765625
13624,0,CF2,L3,0.3,zero_fill,9,3,0.43929731845855713,0,False,0.598159509202454,0.1901840490797546,0.2421875
21083,0,CF2,L3,0.3,zero_fill,0,4,0.4143727421760559,0,False,0.6550724637681159,0.3333333333333333,0.44921875
7556,0,CF2,L3,0.3,zero_fill,1,6,0.36235249042510986,0,False,0.7146596858638743,0.3089005235602094,0.4609375
9289,0,CF2,L3,0.3,zero_fill,8,5,0.26130130887031555,0,False,0.7166666666666667,0.3861111111111111,0.54296875
19944,0,CF2,L3,0.3,zero_fill,3,7,0.7959848642349243,0,False,0.8260869565217391,0.43478260869565216,0.78125
6057,0,CF2,L3,0.3,zero_fill,1,2,0.9517030715942383,0,False,0.7158774373259053,0.5738161559888579,0.8046875
23029,0,CF2,L3,0.3,zero_fill,8,2,0.8566137552261353,0,False,0.7405247813411079,0.5014577259475219,0.671875
23668,0,CF2,L3,0.3,zero_fill,5,6,0.2702062726020813,0,False,0.6792929292929293,0.3787878787878788,0.5859375
13115,0,CF2,L3,0.3,zero_fill,8,2,0.47115617990493774,0,False,0.7526041666666666,0.5494791666666666,0.82421875
20635,0,CF2,L3,0.3,zero_fill,3,3,0.6489285826683044,1,False,0.7297297297297297,0.41081081081081083,0.59375
4281,0,CF2,L3,0.3,zero_fill,4,1,0.5418031811714172,0,False,0.6755162241887905,0.4749262536873156,0.62890625
4139,0,CF2,L3,0.3,zero_fill,9,2,0.39422979950904846,0,False,0.6862745098039216,0.2549019607843137,0.35546875
10652,0,CF2,L3,0.3,zero_fill,1,7,0.2639358639717102,0,False,0.6845425867507886,0.5520504731861199,0.68359375
700,0,CF2,L3,0.3,zero_fill,1,1,0.6892791390419006,1,False,0.7225609756097561,0.5060975609756098,0.6484375
5772,0,CF2,L3,0.3,zero_fill,3,6,0.2575021982192993,0,False,0.7066246056782335,0.4605678233438486,0.5703125
8114,0,CF2,L3,0.3,zero_fill,9,2,0.6170173287391663,0,False,0.7033639143730887,0.6697247706422018,0.85546875
5964,0,CF2,L3,0.3,zero_fill,6,5,0.4060005247592926,0,False,0.598705501618123,0.4110032362459547,0.49609375
17278,0,CF2,L3,0.3,zero_fill,7,1,0.5113946199417114,0,False,0.6982248520710059,0.2958579881656805,0.390625
9961,0,CF2,L3,0.3,zero_fill,0,3,0.32908761501312256,0,False,0.7714932126696833,0.49321266968325794,0.8515625
25974,0,CF2,L3,0.3,zero_fill,7,2,0.3091789484024048,0,False,0.7603686635944701,0.3617511520737327,0.61328125
14317,0,CF2,L3,0.3,zero_fill,3,4,0.44805923104286194,0,False,0.692722371967655,0.48517520215633425,0.703125
6485,0,CF2,L3,0.3,zero_fill,0,2,0.47827598452568054,0,False,0.712707182320442,0.5414364640883977,0.765625
18287,0,CF2,L3,0.3,zero_fill,0,7,0.33293354511260986,0,False,0.6719242902208202,0.42586750788643535,0.52734375
11840,0,CF2,L3,0.3,zero_fill,4,4,0.5498406887054443,1,False,0.7014925373134329,0.5701492537313433,0.74609375
864,0,CF2,L3,0.3,zero_fill,0,2,0.6607518196105957,0,False,0.6688311688311688,0.5227272727272727,0.62890625
20612,0,CF2,L3,0.3,zero_fill,1,9,0.446599543094635,0,False,0.7113095238095238,0.43452380952380953,0.5703125
21079,0,CF2,L3,0.3,zero_fill,1,5,0.6467599868774414,0,False,0.6070381231671554,0.3841642228739003,0.51171875
11286,0,CF2,L3,0.3,zero_fill,5,5,0.3379620611667633,1,False,0.5904761904761905,0.37142857142857144,0.45703125
788,0,CF2,L3,0.3,zero_fill,0,5,0.8240571022033691,0,False,0.7389277389277389,0.3706293706293706,0.62109375
15932,0,CF2,L3,0.3,zero_fill,3,3,0.6886739134788513,1,False,0.696875,0.34375,0.4296875
18511,0,CF2,L3,0.3,zero_fill,3,9,0.6546732783317566,0,False,0.6903225806451613,0.5419354838709678,0.65625
21576,0,CF2,L3,0.3,zero_fill,5,3,0.6516634225845337,0,False,0.6336898395721925,0.3850267379679144,0.5625
17237,0,CF2,L3,0.3,zero_fill,2,2,0.6582494378089905,1,False,0.7341772151898734,0.5379746835443038,0.6640625
2966,0,CF2,L3,0.3,zero_fill,2,7,0.9984596967697144,0,False,0.722397476340694,0.6246056782334385,0.7734375
16416,0,CF2,L3,0.3,zero_fill,5,2,0.4738312065601349,0,False,0.7673130193905817,0.5318559556786704,0.75
1280,0,CF2,L3,0.3,zero_fill,5,3,0.5960811972618103,0,False,0.782608695652174,0.5838509316770186,0.734375
24928,0,CF2,L3,0.3,zero_fill,0,1,0.39114609360694885,0,False,0.6511627906976745,0.39244186046511625,0.52734375
23837,0,CF2,L3,0.3,zero_fill,1,1,0.37647414207458496,1,False,0.7657657657657657,0.37537537537537535,0.48828125
20230,0,CF2,L3,0.3,zero_fill,1,2,0.26908230781555176,0,False,0.5954692556634305,0.34627831715210355,0.41796875
23434,0,CF2,L3,0.3,zero_fill,5,4,0.823279082775116,0,False,0.7514450867052023,0.5317919075144508,0.71875
20522,0,CF2,L3,0.3,zero_fill,6,7,0.7246366739273071,0,False,0.7375328083989501,0.3779527559055118,0.5625
7789,0,CF2,L3,0.3,zero_fill,3,5,0.36636343598365784,0,False,0.6718346253229974,0.4470284237726098,0.67578125
22086,0,CF2,L3,0.3,zero_fill,6,5,0.6801459193229675,0,False,0.6477611940298508,0.41194029850746267,0.5390625
21339,0,CF2,L3,0.3,zero_fill,0,2,0.9843475818634033,0,False,0.6358024691358025,0.24691358024691357,0.3125
6830,0,CF2,L3,0.3,zero_fill,9,3,0.5238916873931885,0,False,0.7523510971786834,0.4890282131661442,0.609375
20902,0,CF2,L3,0.3,zero_fill,2,7,0.6374430656433105,0,False,0.725,0.6875,0.859375
17481,0,CF2,L3,0.3,zero_fill,5,7,0.760211169719696,0,False,0.7015384615384616,0.5907692307692308,0.75
3050,0,CF2,L3,0.3,zero_fill,6,2,0.34085050225257874,0,False,0.7391304347826086,0.5345268542199488,0.81640625
409,0,CF2,L3,0.3,zero_fill,1,1,0.7821465730667114,1,False,0.721875,0.25625,0.3203125
14823,0,CF2,L3,0.3,zero_fill,7,1,0.7930698990821838,0,False,0.720873786407767,0.40048543689320387,0.64453125
22892,0,CF2,L3,0.3,zero_fill,9,5,0.5373905897140503,0,False,0.7774294670846394,0.28213166144200624,0.3515625
9470,0,CF2,L3,0.3,zero_fill,8,6,0.5554418563842773,0,False,0.6646884272997032,0.2166172106824926,0.28515625
9543,0,CF2,L3,0.3,zero_fill,6,7,0.7186496257781982,0,False,0.5962145110410094,0.41324921135646686,0.51171875
22090,0,CF2,L3,0.3,zero_fill,5,3,0.7836191058158875,0,False,0.7309941520467836,0.2953216374269006,0.39453125
6045,0,CF2,L3,0.3,zero_fill,6,2,0.3082604706287384,0,False,0.695906432748538,0.52046783625731,0.6953125
317,0,CF2,L3,0.3,zero_fill,8,7,0.9396979808807373,0,False,0.7051282051282052,0.40384615384615385,0.4921875
15812,0,CF2,L3,0.3,zero_fill,0,6,0.323113352060318,0,False,0.6804407713498623,0.4462809917355372,0.6328125
18170,0,CF2,L3,0.3,zero_fill,9,6,0.5830487012863159,0,False,0.699724517906336,0.32231404958677684,0.45703125
14781,0,CF2,L3,0.3,zero_fill,0,7,0.4081895053386688,0,False,0.7379134860050891,0.5139949109414759,0.7890625
17886,0,CF2,L3,0.3,zero_fill,9,5,0.48190799355506897,0,False,0.6708860759493671,0.3639240506329114,0.44921875
20049,0,CF2,L3,0.3,zero_fill,3,5,0.455936998128891,0,False,0.6823899371069182,0.25471698113207547,0.31640625
13283,0,CF2,L3,0.3,zero_fill,0,2,0.5268188714981079,0,False,0.6810344827586207,0.3649425287356322,0.49609375
25830,0,CF2,L3,0.3,zero_fill,5,2,0.6902738213539124,0,False,0.7643312101910829,0.5732484076433121,0.703125
14277,0,CF2,L3,0.3,zero_fill,9,4,0.5475613474845886,0,False,0.6923076923076923,0.40705128205128205,0.49609375
5908,0,CF2,L3,0.3,zero_fill,1,7,0.7302286028862,0,False,0.6916666666666667,0.4444444444444444,0.625
9731,0,CF2,L3,0.3,zero_fill,8,5,0.8286691904067993,0,False,0.6463414634146342,0.3567073170731707,0.45703125
14180,0,CF2,L3,0.3,zero_fill,9,2,0.2811259627342224,0,False,0.6486486486486487,0.5495495495495496,0.71484375
9246,0,CF2,L3,0.3,zero_fill,2,2,0.36888962984085083,1,False,0.6698412698412698,0.46984126984126984,0.578125
1656,0,CF2,L3,0.3,zero_fill,2,3,0.452020525932312,0,False,0.7518987341772152,0.5518987341772152,0.8515625
17712,0,CF2,L3,0.3,zero_fill,1,4,0.2880605459213257,0,False,0.7139107611548556,0.4330708661417323,0.64453125
25544,0,CF2,L3,0.3,zero_fill,9,2,0.5437821745872498,0,False,0.7493188010899182,0.6539509536784741,0.9375
1120,0,CF2,L3,0.3,zero_fill,5,5,0.8182298541069031,1,False,0.6739811912225705,0.3981191222570533,0.49609375
1298,0,CF2,L3,0.3,zero_fill,6,5,0.7220775485038757,0,False,0.7028753993610224,0.4281150159744409,0.5234375
25570,0,CF2,L3,0.3,zero_fill,2,2,0.6871143579483032,1,False,0.6837060702875399,0.34824281150159747,0.42578125
5370,0,CF2,L3,0.3,zero_fill,7,7,0.5254791975021362,1,False,0.7134146341463414,0.5914634146341463,0.7578125
19075,0,CF2,L3,0.3,zero_fill,2,1,0.6906042098999023,0,False,0.6991869918699187,0.4634146341463415,0.66796875
8583,0,CF2,L3,0.3,zero_fill,0,4,0.4605012536048889,0,False,0.7041800643086816,0.3987138263665595,0.484375
2133,0,CF2,L3,0.3,zero_fill,0,2,0.5141762495040894,0,False,0.6415094339622641,0.4088050314465409,0.5078125
1982,0,CF2,L3,0.3,zero_fill,2,2,0.8181629776954651,1,False,0.7272727272727273,0.5289256198347108,0.75
950,0,CF2,L3,0.3,zero_fill,8,3,0.41667935252189636,0,False,0.7881619937694704,0.2616822429906542,0.328125
19563,0,CF2,L3,0.3,zero_fill,4,3,0.7960686683654785,0,False,0.7852564102564102,0.46153846153846156,0.5625
21023,0,CF2,L3,0.3,zero_fill,6,7,0.3132595121860504,0,False,0.7346938775510204,0.6064139941690962,0.8125
15687,0,CF2,L3,0.3,zero_fill,0,6,0.610022246837616,0,False,0.6853658536585366,0.24634146341463414,0.39453125
6444,0,CF2,L3,0.3,zero_fill,6,5,0.5546348690986633,0,False,0.7113702623906706,0.34110787172011664,0.45703125
15735,0,CF2,L3,0.3,zero_fill,4,7,0.9951501488685608,0,False,0.6297229219143576,0.4156171284634761,0.64453125
10651,0,CF2,L3,0.3,zero_fill,0,7,0.3850388526916504,0,False,0.7463126843657817,0.5663716814159292,0.75
13256,0,CF2,L3,0.3,zero_fill,1,6,0.3912424147129059,0,False,0.6985507246376812,0.22028985507246376,0.296875
16855,0,CF2,L3,0.3,zero_fill,6,2,0.509643018245697,0,False,0.6504854368932039,0.42718446601941745,0.515625
14884,0,CF2,L3,0.3,zero_fill,9,7,0.776457667350769,0,False,0.7005494505494505,0.43131868131868134,0.61328125
21884,0,CF2,L3,0.3,zero_fill,6,4,0.5064882040023804,0,False,0.6529411764705882,0.4470588235294118,0.59375
5078,0,CF2,L3,0.3,zero_fill,3,3,0.576115071773529,1,False,0.754601226993865,0.5214723926380368,0.6640625
20419,0,CF2,L3,0.3,zero_fill,9,5,0.5560306310653687,0,False,0.6304347826086957,0.4440993788819876,0.55859375
20521,0,CF2,L3,0.3,zero_fill,5,6,0.6310514807701111,0,False,0.7471590909090909,0.4375,0.6015625
23257,0,CF2,L3,0.3,zero_fill,5,9,0.36893704533576965,0,False,0.7380281690140845,0.4507042253521127,0.625
17190,0,CF2,L3,0.3,zero_fill,2,9,0.19205835461616516,0,False,0.6301775147928994,0.5621301775147929,0.7421875
15631,0,CF2,L3,0.3,zero_fill,8,3,0.3232859969139099,0,False,0.7360703812316716,0.41348973607038125,0.55078125
504,0,CF2,L3,0.3,zero_fill,0,3,0.22977964580059052,0,False,0.7115987460815048,0.5768025078369906,0.71875
14990,0,CF2,L3,0.3,zero_fill,3,2,0.9338967204093933,0,False,0.7146974063400576,0.4553314121037464,0.6171875
24512,0,CF2,L3,0.3,zero_fill,8,6,0.7591714262962341,0,False,0.6729559748427673,0.23270440251572327,0.2890625
23120,0,CF2,L3,0.3,zero_fill,7,2,0.4365105926990509,0,False,0.7850467289719626,0.5451713395638629,0.68359375
3357,0,CF2,L3,0.3,zero_fill,2,2,0.7553253769874573,1,False,0.7755681818181818,0.5454545454545454,0.75
8088,0,CF2,L3,0.3,zero_fill,1,2,0.4120533764362335,0,False,0.7129629629629629,0.4691358024691358,0.59375
21849,0,CF2,L3,0.3,zero_fill,9,7,0.33798080682754517,0,False,0.6656626506024096,0.47289156626506024,0.61328125
13683,0,CF2,L3,0.3,zero_fill,0,5,0.7767390012741089,0,False,0.6982097186700768,0.34271099744245526,0.5234375
22718,0,CF2,L3,0.3,zero_fill,9,5,0.4931291937828064,0,False,0.7468354430379747,0.47468354430379744,0.5859375
9927,0,CF2,L3,0.3,zero_fill,4,4,0.6755233407020569,1,False,0.7368421052631579,0.35294117647058826,0.4453125
11425,0,CF2,L3,0.3,zero_fill,0,6,0.5127312541007996,0,False,0.7908045977011494,0.4735632183908046,0.8046875
14578,0,CF2,L3,0.3,zero_fill,0,4,0.8460893034934998,0,False,0.63125,0.3625,0.453125
25481,0,CF2,L3,0.3,zero_fill,8,5,0.3399209976196289,0,False,0.7564102564102564,0.38461538461538464,0.46875
11269,0,CF2,L3,0.3,zero_fill,5,5,0.6516376733779907,1,False,0.6779661016949152,0.576271186440678,0.796875
12877,0,CF2,L3,0.3,zero_fill,5,4,0.4992501735687256,0,False,0.7138728323699421,0.3468208092485549,0.46875
22531,0,CF2,L3,0.3,zero_fill,9,3,0.28271228075027466,0,False,0.7630057803468208,0.6358381502890174,0.859375
13150,0,CF2,L3,0.3,zero_fill,3,4,0.8876730799674988,0,False,0.5974842767295597,0.3050314465408805,0.37890625
5654,0,CF2,L3,0.3,zero_fill,8,0,0.5339490175247192,0,False,0.7617647058823529,0.34705882352941175,0.4609375
1286,0,CF2,L3,0.3,zero_fill,7,4,0.9377766251564026,0,False,0.6257861635220126,0.31446540880503143,0.390625
1652,0,CF2,L3,0.3,zero_fill,1,7,0.7215332388877869,0,False,0.7884615384615384,0.5796703296703297,0.82421875
22335,0,CF2,L3,0.3,zero_fill,2,4,0.3461647033691406,0,False,0.7661691542288557,0.21144278606965175,0.33203125
23848,0,CF2,L3,0.3,zero_fill,3,7,0.4750920832157135,0,False,0.7974683544303798,0.620253164556962,0.95703125
2892,0,CF2,L3,0.3,zero_fill,6,2,0.4909309446811676,0,False,0.6666666666666666,0.4497354497354497,0.6640625
16530,0,CF2,L3,0.3,zero_fill,8,8,0.532501757144928,1,False,0.7003058103975535,0.2874617737003058,0.3671875
12848,0,CF2,L3,0.3,zero_fill,8,2,0.3033124804496765,0,False,0.7423887587822015,0.4215456674473068,0.703125
7330,0,CF2,L3,0.3,zero_fill,7,6,0.40287861227989197,0,False,0.7231638418079096,0.3870056497175141,0.53515625
3676,0,CF2,L3,0.3,zero_fill,1,5,0.5700076222419739,0,False,0.7012987012987013,0.5,0.6015625
19966,0,CF2,L3,0.3,zero_fill,8,9,0.5570043921470642,0,False,0.6920731707317073,0.5213414634146342,0.66796875
8382,0,CF2,L3,0.3,zero_fill,5,4,0.8145403265953064,0,False,0.6975308641975309,0.4722222222222222,0.59765625
19660,0,CF2,L3,0.3,zero_fill,7,1,0.6943032145500183,0,False,0.7052341597796143,0.4214876033057851,0.59765625
2508,0,CF2,L3,0.3,zero_fill,9,2,0.45473191142082214,0,False,0.7938144329896907,0.5051546391752577,0.765625
2360,0,CF2,L3,0.3,zero_fill,4,1,0.48428910970687866,0,False,0.7699757869249395,0.41404358353510895,0.66796875
16796,0,CF2,L3,0.3,zero_fill,1,1,0.7732974886894226,1,False,0.6430868167202572,0.36977491961414793,0.44921875
23426,0,CF2,L3,0.3,zero_fill,9,5,0.8191213011741638,0,False,0.6538461538461539,0.41124260355029585,0.54296875
15590,0,CF2,L3,0.3,zero_fill,2,2,0.999524712562561,1,False,0.7177177177177178,0.5105105105105106,0.6640625
6302,0,CF2,L3,0.3,zero_fill,3,3,0.47134166955947876,1,False,0.6658097686375322,0.26735218508997427,0.40625
24519,0,CF2,L3,0.3,zero_fill,7,1,0.3794676959514618,0,False,0.7247706422018348,0.45871559633027525,0.5859375
23276,0,CF2,L3,0.3,zero_fill,2,6,0.7899394631385803,0,False,0.6639344262295082,0.4262295081967213,0.609375
24566,0,CF2,L3,0.3,zero_fill,8,8,0.8584365844726562,1,False,0.7264705882352941,0.23529411764705882,0.3125
20978,0,CF2,L3,0.3,zero_fill,1,3,0.8282355070114136,0,False,0.6044303797468354,0.4050632911392405,0.5
8990,0,CF2,L3,0.3,zero_fill,3,2,0.23887090384960175,0,False,0.7170418006430869,0.6752411575562701,0.8203125
11061,0,CF2,L3,0.3,zero_fill,7,5,0.7079366445541382,0,False,0.7033492822966507,0.44976076555023925,0.734375
7075,0,CF2,L3,0.3,zero_fill,9,7,0.7138866186141968,0,False,0.7913279132791328,0.6504065040650406,0.9375
17641,0,CF2,L3,0.3,zero_fill,2,2,0.45903265476226807,1,False,0.5935483870967742,0.5645161290322581,0.68359375
12077,0,CF2,L3,0.3,zero_fill,9,0,0.5220035910606384,0,False,0.7355371900826446,0.41046831955922863,0.58203125
1779,0,CF2,L3,0.3,zero_fill,7,7,0.4710778594017029,1,False,0.7425,0.5225,0.81640625
11519,0,CF2,L3,0.3,zero_fill,4,2,0.5217649936676025,0,False,0.7467248908296943,0.4759825327510917,0.8515625
8549,0,CF2,L3,0.3,zero_fill,3,2,0.3703279197216034,0,False,0.7559523809523809,0.46726190476190477,0.61328125
14623,0,CF2,L3,0.3,zero_fill,6,7,0.28228795528411865,0,False,0.6789473684210526,0.4421052631578947,0.65625
10846,0,CF2,L3,0.3,zero_fill,3,6,0.7511654496192932,0,False,0.711340206185567,0.3634020618556701,0.55078125
16289,0,CF2,L3,0.3,zero_fill,3,3,0.8926392793655396,1,False,0.6949685534591195,0.4968553459119497,0.6171875
12311,0,CF2,L3,0.3,zero_fill,8,3,0.44984254240989685,0,False,0.7564102564102564,0.4358974358974359,0.6640625
6068,0,CF2,L3,0.3,zero_fill,8,7,0.6331810355186462,0,False,0.7838479809976246,0.501187648456057,0.82421875
9629,0,CF2,L3,0.3,zero_fill,6,5,0.6392878293991089,0,False,0.6666666666666666,0.23303834808259588,0.30859375
19560,0,CF2,L3,0.3,zero_fill,3,3,0.40778034925460815,1,False,0.7527173913043478,0.6222826086956522,0.89453125
10379,0,CF2,L3,0.3,zero_fill,8,3,0.39434608817100525,0,False,0.5950155763239875,0.46417445482866043,0.58203125
6499,0,CF2,L3,0.3,zero_fill,9,1,0.29760506749153137,0,False,0.5854430379746836,0.25,0.30859375
1159,0,CF2,L3,0.3,zero_fill,0,2,0.6741316914558411,0,False,0.6932515337423313,0.5429447852760736,0.69140625
4366,0,CF2,L3,0.3,zero_fill,7,9,0.518585741519928,0,False,0.6997167138810199,0.5014164305949008,0.69140625
8397,0,CF2,L3,0.3,zero_fill,1,6,0.5761353373527527,0,False,0.7540983606557377,0.49882903981264637,0.83203125
20905,0,CF2,L3,0.3,zero_fill,9,9,0.43267175555229187,1,False,0.7182741116751269,0.5583756345177665,0.859375
15746,0,CF2,L3,0.3,zero_fill,5,3,0.3268064856529236,0,False,0.7476038338658147,0.5591054313099042,0.68359375
9402,0,CF2,L3,0.3,zero_fill,3,2,0.4288497269153595,0,False,0.6852791878172588,0.45685279187817257,0.703125
8164,0,CF2,L3,0.3,zero_fill,2,7,0.5104569792747498,0,False,0.7202216066481995,0.3379501385041551,0.4765625
510,0,CF2,L3,0.3,zero_fill,5,7,0.7134236097335815,0,False,0.6166134185303515,0.17252396166134185,0.2109375
24070,0,CF2,L3,0.3,zero_fill,9,2,0.9810720086097717,0,False,0.6805111821086262,0.3514376996805112,0.4296875
2401,0,CF2,L3,0.3,zero_fill,4,1,0.2748311758041382,0,False,0.65,0.69375,0.8671875
12147,0,CF2,L3,0.3,zero_fill,3,3,0.4976707100868225,1,False,0.7045454545454546,0.3961038961038961,0.4765625
14499,0,CF2,L3,0.3,zero_fill,6,3,0.4394117593765259,0,False,0.7620578778135049,0.5819935691318328,0.70703125
3530,0,CF2,L3,0.3,zero_fill,6,7,0.6148565411567688,0,False,0.6781914893617021,0.5904255319148937,0.8671875
14723,0,CF2,L3,0.3,zero_fill,7,6,0.5896474123001099,0,False,0.723943661971831,0.4788732394366197,0.6640625
4435,0,CF2,L3,0.3,zero_fill,3,5,0.47998476028442383,0,False,0.6772334293948127,0.33429394812680113,0.453125
22852,0,CF2,L3,0.3,zero_fill,2,3,0.7048649787902832,0,False,0.7307692307692307,0.21301775147928995,0.28125
8461,0,CF2,L3,0.3,zero_fill,3,1,0.40913936495780945,0,False,0.6213872832369942,0.3583815028901734,0.484375
21972,0,CF2,L3,0.3,zero_fill,7,7,0.688259482383728,1,False,0.7155172413793104,0.5172413793103449,0.703125
5410,0,CF2,L3,0.3,zero_fill,4,6,0.3632975220680237,0,False,0.643312101910828,0.5445859872611465,0.66796875
17754,0,CF2,L3,0.3,zero_fill,6,3,0.433012992143631,0,False,0.7446808510638298,0.5167173252279635,0.6640625
15311,0,CF2,L3,0.3,zero_fill,2,2,0.941624641418457,1,False,0.744578313253012,0.4771084337349398,0.7734375
15185,0,CF2,L3,0.3,zero_fill,1,1,0.7853725552558899,1,False,0.6419354838709678,0.2838709677419355,0.34375
5663,0,CF2,L3,0.3,zero_fill,4,4,0.4734513461589813,1,False,0.7894736842105263,0.3333333333333333,0.4453125
6247,0,CF2,L3,0.3,zero_fill,6,7,0.761795699596405,0,False,0.6626506024096386,0.5421686746987951,0.703125
15287,0,CF2,L3,0.3,zero_fill,0,5,0.6984238028526306,0,False,0.8173076923076923,0.375,0.45703125
19902,0,CF2,L3,0.3,zero_fill,0,2,0.6785252094268799,0,False,0.7302052785923754,0.5425219941348973,0.72265625
25188,0,CF2,L3,0.3,zero_fill,4,2,0.6704418063163757,0,False,0.6460176991150443,0.20648967551622419,0.2734375
11195,0,CF2,L3,0.3,zero_fill,8,5,0.6662330627441406,0,False,0.7544757033248082,0.5012787723785166,0.765625
4828,0,CF2,L3,0.3,zero_fill,7,5,0.6919960379600525,0,False,0.8129032258064516,0.3161290322580645,0.3828125
23751,0,CF2,L3,0.3,zero_fill,5,5,0.8428454995155334,1,False,0.5798816568047337,0.3224852071005917,0.42578125
9464,0,CF2,L3,0.3,zero_fill,3,3,0.7180590033531189,1,False,0.7306501547987616,0.5944272445820433,0.75
25723,0,CF2,L3,0.3,zero_fill,0,2,0.9143359661102295,0,False,0.7476038338658147,0.65814696485623,0.8046875
16859,0,CF2,L3,0.3,zero_fill,5,3,0.3532487750053406,0,False,0.7057142857142857,0.4,0.546875
3601,0,CF2,L3,0.3,zero_fill,1,2,0.7710921764373779,0,False,0.6953488372093023,0.4790697674418605,0.8046875
11679,0,CF2,L3,0.3,zero_fill,6,4,0.669339656829834,0,False,0.746031746031746,0.6349206349206349,0.78125
12135,0,CF2,L3,0.3,zero_fill,7,3,0.9186848402023315,0,False,0.6927374301675978,0.4022346368715084,0.5625
16329,0,CF2,L3,0.3,zero_fill,1,4,0.5373528003692627,0,False,0.7066246056782335,0.35331230283911674,0.4375
94,0,CF2,L3,0.3,zero_fill,4,5,0.4939586818218231,0,False,0.7443609022556391,0.41102756892230574,0.640625
14517,0,CF2,L3,0.3,zero_fill,9,7,0.316128671169281,0,False,0.7672413793103449,0.5862068965517241,0.796875
16852,0,CF2,L3,0.3,zero_fill,3,3,0.7967873811721802,1,False,0.7412790697674418,0.5,0.671875
6852,0,CF2,L3,0.3,zero_fill,6,2,0.660498857498169,0,False,0.6788511749347258,0.3733681462140992,0.55859375
24858,0,CF2,L3,0.3,zero_fill,3,1,0.8660882115364075,0,False,0.7484472049689441,0.3105590062111801,0.390625
297,0,CF2,L3,0.3,zero_fill,9,2,0.5023298859596252,0,False,0.6953125,0.4895833333333333,0.734375
12339,0,CF2,L3,0.3,zero_fill,2,4,0.8544002771377563,0,False,0.735632183908046,0.47988505747126436,0.65234375
20811,0,CF2,L3,0.3,zero_fill,8,2,0.7601742744445801,0,False,0.7737430167597765,0.547486033519553,0.765625
12439,0,CF2,L3,0.3,zero_fill,5,2,0.3975711166858673,0,False,0.6972222222222222,0.4583333333333333,0.64453125
16632,0,CF2,L3,0.3,zero_fill,9,3,0.53127521276474,0,False,0.7156549520766773,0.3865814696485623,0.47265625
5798,0,CF2,L3,0.3,zero_fill,4,7,0.8179325461387634,0,False,0.7381703470031545,0.47318611987381703,0.5859375
18458,0,CF2,L3,0.3,zero_fill,3,3,0.9440208673477173,1,False,0.6602564102564102,0.5801282051282052,0.70703125
6105,0,CF2,L3,0.3,zero_fill,5,4,0.4824727475643158,0,False,0.6840490797546013,0.46932515337423314,0.59765625
10321,0,CF2,L3,0.3,zero_fill,6,3,0.37046384811401367,0,False,0.7425742574257426,0.37623762376237624,0.59375
21771,0,CF2,L3,0.3,zero_fill,7,4,0.4653014540672302,0,False,0.6625386996904025,0.4055727554179567,0.51171875
22194,0,CF2,L3,0.3,zero_fill,0,9,0.43626508116722107,0,False,0.7961432506887053,0.48484848484848486,0.6875
6,0,CF2,L3,0.3,zero_fill,9,2,0.4383498430252075,0,False,0.7923976608187134,0.6666666666666666,0.890625
912,0,CF2,L3,0.3,zero_fill,7,2,0.48514509201049805,0,False,0.6752873563218391,0.5,0.6796875
16910,0,CF2,L3,0.3,zero_fill,5,7,0.9347605109214783,0,False,0.7701863354037267,0.7111801242236024,0.89453125
18738,0,CF2,L3,0.3,zero_fill,7,7,0.6084763407707214,1,False,0.717741935483871,0.4274193548387097,0.62109375
18020,0,CF2,L3,0.3,zero_fill,9,7,0.7426945567131042,0,False,0.7818181818181819,0.5428571428571428,0.81640625
3462,0,CF2,L3,0.3,zero_fill,8,4,0.42899397015571594,0,False,0.6333333333333333,0.45454545454545453,0.5859375
5696,0,CF2,L3,0.3,zero_fill,1,2,0.2170315533876419,0,False,0.6569767441860465,0.3430232558139535,0.4609375
15066,0,CF2,L3,0.3,zero_fill,3,8,0.40622052550315857,0,False,0.6908517350157729,0.4605678233438486,0.5703125
10653,0,CF2,L3,0.3,zero_fill,9,7,0.30617815256118774,0,False,0.7009063444108762,0.5377643504531722,0.6953125
13337,0,CF2,L3,0.3,zero_fill,2,7,0.5931242108345032,0,False,0.6448863636363636,0.4119318181818182,0.56640625
12340,0,CF2,L3,0.3,zero_fill,5,7,0.5024202466011047,0,False,0.7652439024390244,0.5884146341463414,0.75390625
9536,0,CF2,L3,0.3,zero_fill,0,7,0.48277202248573303,0,False,0.7391304347826086,0.7018633540372671,0.8828125
3566,0,CF2,L3,0.3,zero_fill,4,5,0.37104251980781555,0,False,0.7867435158501441,0.6426512968299711,0.87109375
20090,0,CF2,L3,0.3,zero_fill,4,4,0.9426891207695007,1,False,0.6461988304093568,0.18421052631578946,0.24609375
211,0,CF2,L3,0.3,zero_fill,0,4,0.7295289635658264,0,False,0.7254901960784313,0.3681917211328976,0.66015625
55,0,CF2,L3,0.3,zero_fill,8,6,0.5257761478424072,0,False,0.74,0.48,0.65625
1477,0,CF2,L3,0.3,zero_fill,2,1,0.4907911419868469,0,False,0.678391959798995,0.22110552763819097,0.34375
25898,0,CF2,L3,0.3,zero_fill,0,6,0.3381838798522949,0,False,0.7665706051873199,0.4755043227665706,0.64453125
25713,0,CF2,L3,0.3,zero_fill,0,1,0.47744840383529663,0,False,0.7375328083989501,0.5538057742782152,0.82421875
18055,0,CF2,L3,0.3,zero_fill,3,2,0.21586580574512482,0,False,0.7129337539432177,0.6529968454258676,0.80859375
17461,0,CF2,L3,0.3,zero_fill,3,1,0.5501119494438171,0,False,0.707936507936508,0.6222222222222222,0.765625
14237,0,CF2,L3,0.3,zero_fill,7,7,0.7947096228599548,1,False,0.7094017094017094,0.5584045584045584,0.765625
13858,0,CF2,L3,0.3,zero_fill,1,7,0.8184077143669128,0,False,0.6474358974358975,0.46153846153846156,0.5625
12386,0,CF2,L3,0.3,zero_fill,5,3,0.37446102499961853,0,False,0.7380191693290735,0.15335463258785942,0.1875
7223,0,CF2,L3,0.3,zero_fill,9,6,0.3182492256164551,0,False,0.7281553398058253,0.6634304207119741,0.80078125
3153,0,CF2,L3,0.3,zero_fill,5,2,0.5841559767723083,0,False,0.7247706422018348,0.48623853211009177,0.62109375
23265,0,CF2,L3,0.3,zero_fill,8,5,0.8956592082977295,0,False,0.6892655367231638,0.3418079096045198,0.47265625
9465,0,CF2,L3,0.3,zero_fill,0,2,0.527121365070343,0,False,0.588957055214724,0.3834355828220859,0.48828125
7419,0,CF2,L3,0.3,zero_fill,0,3,0.6986801624298096,0,False,0.7202380952380952,0.6339285714285714,0.83203125
4722,0,CF2,L3,0.3,zero_fill,6,7,0.5762552618980408,0,False,0.6463022508038585,0.42443729903536975,0.515625
23448,0,CF2,L3,0.3,zero_fill,6,8,0.2555699646472931,0,False,0.7162921348314607,0.5112359550561798,0.7109375
8222,0,CF2,L3,0.3,zero_fill,2,1,0.43193528056144714,0,False,0.5796178343949044,0.22611464968152867,0.27734375
20898,0,CF2,L3,0.3,zero_fill,8,7,0.7167981863021851,0,False,0.6234939759036144,0.3885542168674699,0.50390625
23313,0,CF2,L3,0.3,zero_fill,2,1,0.504406213760376,0,False,0.7396825396825397,0.28888888888888886,0.35546875
13426,0,CF2,L3,0.3,zero_fill,2,2,0.47922995686531067,1,False,0.6629213483146067,0.45786516853932585,0.63671875
25136,0,CF2,L3,0.3,zero_fill,4,7,0.521790623664856,0,False,0.7850746268656716,0.7044776119402985,0.921875
9268,0,CF2,L3,0.3,zero_fill,4,6,0.6315039396286011,0,False,0.689119170984456,0.4533678756476684,0.68359375
3892,0,CF2,L3,0.3,zero_fill,1,4,0.6285565495491028,0,False,0.7306666666666667,0.48,0.703125
4115,0,CF2,L3,0.3,zero_fill,3,7,0.5262741446495056,0,False,0.6483870967741936,0.36774193548387096,0.4453125
5166,0,CF2,L3,0.3,zero_fill,7,1,0.22472883760929108,0,False,0.6814814814814815,0.39012345679012345,0.6171875
14984,0,CF2,L3,0.3,zero_fill,3,2,0.4413664937019348,0,False,0.6655948553054662,0.6527331189710611,0.79296875
10520,0,CF2,L3,0.3,zero_fill,1,5,0.9728604555130005,0,False,0.6819484240687679,0.4871060171919771,0.6640625
4379,0,CF2,L3,0.3,zero_fill,2,5,0.9643638730049133,0,False,0.6606334841628959,0.2986425339366516,0.515625
8937,0,CF2,L3,0.3,zero_fill,1,3,0.5995476245880127,0,False,0.6081504702194357,0.4012539184952978,0.5
17550,0,CF2,L3,0.3,zero_fill,9,2,0.9880164861679077,0,False,0.6666666666666666,0.392,0.57421875
19085,0,CF2,L3,0.3,zero_fill,9,4,0.49073508381843567,0,False,0.7384259259259259,0.4699074074074074,0.79296875
17902,0,CF2,L3,0.3,zero_fill,6,2,0.39885905385017395,0,False,0.7236467236467237,0.3646723646723647,0.5
14780,0,CF2,L3,0.3,zero_fill,8,3,0.32329824566841125,0,False,0.7694013303769401,0.516629711751663,0.91015625
8401,0,CF2,L3,0.3,zero_fill,0,0,0.3774002492427826,1,False,0.742014742014742,0.4963144963144963,0.7890625
11230,0,CF2,L3,0.3,zero_fill,2,7,0.4092375338077545,0,False,0.6528925619834711,0.2892561983471074,0.41015625
1772,0,CF2,L3,0.3,zero_fill,3,1,0.5619171261787415,0,False,0.7914798206278026,0.3721973094170404,0.6484375
13326,0,CF2,L3,0.3,zero_fill,4,2,0.5727673768997192,0,False,0.7223427331887202,0.368763557483731,0.6640625
15230,0,CF2,L3,0.3,zero_fill,5,6,0.7753006219863892,0,False,0.6809815950920245,0.39263803680981596,0.5
20557,0,CF2,L3,0.3,zero_fill,0,6,0.5712304711341858,0,False,0.6930091185410334,0.1641337386018237,0.2109375
9555,0,CF2,L3,0.3,zero_fill,1,7,0.3634483814239502,0,False,0.7543859649122807,0.506265664160401,0.7890625
3667,0,CF2,L3,0.3,zero_fill,6,5,0.9054685235023499,0,False,0.6885245901639344,0.3469945355191257,0.49609375
5316,0,CF2,L3,0.3,zero_fill,5,3,0.6445184350013733,0,False,0.779874213836478,0.3710691823899371,0.4609375
3606,0,CF2,L3,0.3,zero_fill,5,1,0.42441919445991516,0,False,0.7728531855955678,0.3185595567867036,0.44921875
25776,0,CF2,L3,0.3,zero_fill,6,3,0.9353440403938293,0,False,0.7257617728531855,0.43213296398891965,0.609375
22231,0,CF2,L3,0.3,zero_fill,1,1,0.5440059304237366,1,False,0.7265625,0.4739583333333333,0.7109375
10855,0,CF2,L3,0.3,zero_fill,7,4,0.5987678170204163,0,False,0.6750572082379863,0.3707093821510298,0.6328125
130,0,CF2,L3,0.3,zero_fill,6,7,0.2871645390987396,0,False,0.7236180904522613,0.5050251256281407,0.78515625
434,0,CF2,L3,0.3,zero_fill,8,4,0.27737799286842346,0,False,0.7212121212121212,0.41818181818181815,0.5390625
5308,0,CF2,L3,0.3,zero_fill,5,2,0.28555288910865784,0,False,0.72,0.445,0.6953125
17682,0,CF2,L3,0.3,zero_fill,4,4,0.7500188946723938,1,False,0.7522935779816514,0.4197247706422018,0.71484375
16682,0,CF2,L3,0.3,zero_fill,8,2,0.47111600637435913,0,False,0.7102272727272727,0.5113636363636364,0.703125
12660,0,CF2,L3,0.3,zero_fill,5,2,0.3514696955680847,0,False,0.6528925619834711,0.39944903581267216,0.56640625
21362,0,CF2,L3,0.3,zero_fill,5,5,0.9497164487838745,1,False,0.6126984126984127,0.0761904761904762,0.09375
15483,0,CF2,L3,0.3,zero_fill,4,2,0.7200741767883301,0,False,0.7018970189701897,0.5338753387533876,0.76953125
5289,0,CF2,L3,0.3,zero_fill,5,1,0.45459815859794617,0,False,0.7466666666666667,0.528,0.7734375
19757,0,CF2,L3,0.3,zero_fill,1,2,0.9280382990837097,0,False,0.7578616352201258,0.3805031446540881,0.47265625
6799,0,CF2,L3,0.3,zero_fill,2,6,0.6435058116912842,0,False,0.7037037037037037,0.5123456790123457,0.6484375
18871,0,CF2,L3,0.3,zero_fill,2,7,0.46987494826316833,0,False,0.7898936170212766,0.5930851063829787,0.87109375
4740,0,CF2,L3,0.3,zero_fill,3,1,0.4396955370903015,0,False,0.7376093294460642,0.5131195335276968,0.6875
14926,0,CF2,L3,0.3,zero_fill,5,5,0.4387018382549286,1,False,0.7134328358208956,0.5074626865671642,0.6640625
3549,0,CF2,L3,0.3,zero_fill,4,5,0.9502025842666626,0,False,0.6666666666666666,0.471976401179941,0.625
13336,0,CF2,L3,0.3,zero_fill,9,9,0.24736277759075165,1,False,0.8062678062678063,0.35327635327635326,0.484375
8302,0,CF2,L3,0.3,zero_fill,3,4,0.346324622631073,0,False,0.7382352941176471,0.35294117647058826,0.46875
19884,0,CF2,L3,0.3,zero_fill,8,2,0.6958227157592773,0,False,0.6745562130177515,0.5325443786982249,0.703125
6927,0,CF2,L3,0.3,zero_fill,1,7,0.6145777106285095,0,False,0.7945945945945946,0.5351351351351351,0.7734375
15277,0,CF2,L3,0.3,zero_fill,6,6,0.4104505181312561,1,False,0.6739130434782609,0.546583850931677,0.6875
20278,0,CF2,L3,0.3,zero_fill,3,2,0.5112690329551697,0,False,0.7402597402597403,0.5454545454545454,0.65625
654,0,CF2,L3,0.3,zero_fill,8,8,0.4104994535446167,1,False,0.7358490566037735,0.37735849056603776,0.46875
19020,0,CF2,L3,0.3,zero_fill,0,8,0.20848776400089264,0,False,0.6637426900584795,0.3742690058479532,0.5
25403,0,CF2,L3,0.3,zero_fill,3,4,0.9995391368865967,0,False,0.667458432304038,0.25653206650831356,0.421875
1745,0,CF2,L3,0.3,zero_fill,8,3,0.9292040467262268,0,False,0.7507507507507507,0.5675675675675675,0.73828125
10726,0,CF2,L3,0.3,zero_fill,4,4,0.8665152192115784,1,False,0.6296296296296297,0.2336182336182336,0.3203125
23431,0,CF2,L3,0.3,zero_fill,4,1,0.40335384011268616,0,False,0.7919254658385093,0.391304347826087,0.4921875
231,0,CF2,L3,0.3,zero_fill,5,2,0.62933349609375,0,False,0.7159090909090909,0.40625,0.55859375
20678,0,CF2,L3,0.3,zero_fill,7,7,0.86762535572052,1,False,0.7950617283950617,0.5456790123456791,0.86328125
15851,0,CF2,L3,0.3,zero_fill,1,5,0.8311601281166077,0,False,0.6563467492260062,0.46439628482972134,0.5859375
24015,0,CF2,L3,0.3,zero_fill,0,0,0.8837275505065918,1,False,0.6211180124223602,0.40372670807453415,0.5078125
1082,0,CF2,L3,0.3,zero_fill,6,5,0.9113295674324036,0,False,0.671875,0.5125,0.640625
5573,0,CF2,L3,0.3,zero_fill,8,7,0.8296845555305481,0,False,0.7317784256559767,0.7026239067055393,0.94140625
11289,0,CF2,L3,0.3,zero_fill,1,4,0.32565757632255554,0,False,0.6939890710382514,0.3825136612021858,0.546875
1751,0,CF2,L3,0.3,zero_fill,0,9,0.4608304798603058,0,False,0.7215909090909091,0.48863636363636365,0.671875
4594,0,CF2,L3,0.3,zero_fill,6,4,0.6264245510101318,0,False,0.7033639143730887,0.4036697247706422,0.515625
21127,0,CF2,L3,0.3,zero_fill,8,4,0.5614079236984253,0,False,0.7027707808564232,0.48614609571788414,0.75390625
12370,0,CF2,L3,0.3,zero_fill,4,3,0.3621242344379425,0,False,0.750788643533123,0.6025236593059937,0.74609375
4125,0,CF2,L3,0.3,zero_fill,6,5,0.7943743467330933,0,False,0.7048192771084337,0.5512048192771084,0.71484375
11008,0,CF2,L3,0.3,zero_fill,1,1,0.7377064228057861,1,False,0.72,0.3288888888888889,0.578125
23395,0,CF2,L3,0.3,zero_fill,7,7,0.45784956216812134,1,False,0.7652733118971061,0.6012861736334405,0.73046875
3080,0,CF2,L3,0.3,zero_fill,3,3,0.41734278202056885,1,False,0.7540453074433657,0.5889967637540453,0.7109375
22400,0,CF2,L3,0.3,zero_fill,0,7,0.4024949371814728,0,False,0.7333333333333333,0.45,0.6328125
22514,0,CF2,L3,0.3,zero_fill,1,7,0.6543017625808716,0,False,0.7897727272727273,0.48579545454545453,0.66796875
15137,0,CF2,L3,0.3,zero_fill,0,7,0.36315593123435974,0,False,0.6820652173913043,0.36141304347826086,0.51953125
6681,0,CF2,L3,0.3,zero_fill,0,5,0.4652164578437805,0,False,0.7353760445682451,0.4178272980501393,0.5859375
5219,0,CF2,L3,0.3,zero_fill,5,5,0.8945611715316772,1,False,0.7492260061919505,0.39628482972136225,0.5
2355,0,CF2,L3,0.3,zero_fill,2,0,0.32690468430519104,0,False,0.6943620178041543,0.6083086053412463,0.80078125
4674,0,CF2,L3,0.3,zero_fill,5,3,0.5864719152450562,0,False,0.7142857142857143,0.6261398176291794,0.8046875
14575,0,CF2,L3,0.3,zero_fill,1,5,0.469390332698822,0,False,0.7633136094674556,0.6005917159763313,0.79296875
6563,0,CF2,L3,0.3,zero_fill,5,7,0.6646089553833008,0,False,0.653179190751445,0.2745664739884393,0.37109375
17492,0,CF2,L3,0.3,zero_fill,9,9,0.844767153263092,1,False,0.7572815533980582,0.4077669902912621,0.4921875
15770,0,CF2,L3,0.3,zero_fill,7,7,0.7353180646896362,1,False,0.656957928802589,0.5501618122977346,0.6640625
20830,0,CF2,L3,0.3,zero_fill,1,8,0.2929708957672119,0,False,0.75,0.4603658536585366,0.58984375
1777,0,CF2,L3,0.3,zero_fill,2,2,0.47540152072906494,1,False,0.7186544342507645,0.617737003058104,0.7890625
21617,0,CF2,L3,0.3,zero_fill,7,7,0.6479464769363403,1,False,0.7229299363057324,0.43630573248407645,0.53515625
21293,0,CF2,L3,0.3,zero_fill,4,2,0.40549471974372864,0,False,0.7816091954022989,0.6637931034482759,0.90234375
14504,0,CF2,L3,0.3,zero_fill,0,3,0.31514570116996765,0,False,0.7032640949554896,0.3353115727002967,0.44140625
21236,0,CF2,L3,0.3,zero_fill,7,2,0.7343603372573853,0,False,0.7166666666666667,0.46944444444444444,0.66015625
18558,0,CF2,L3,0.3,zero_fill,4,5,0.394784539937973,0,False,0.6886543535620053,0.36147757255936674,0.53515625
22916,0,CF2,L3,0.3,zero_fill,8,0,0.32573723793029785,0,False,0.7228571428571429,0.6571428571428571,0.8984375
18760,0,CF2,L3,0.3,zero_fill,6,7,0.8680742979049683,0,False,0.7057220708446866,0.5422343324250681,0.77734375
17389,0,CF2,L3,0.3,zero_fill,8,5,0.3313763737678528,0,False,0.7564655172413793,0.46336206896551724,0.83984375
13155,0,CF2,L3,0.3,zero_fill,8,8,0.6169586777687073,1,False,0.6496815286624203,0.46496815286624205,0.5703125
13999,0,CF2,L3,0.3,zero_fill,5,4,0.595039963722229,0,False,0.792022792022792,0.4843304843304843,0.6640625
10265,0,CF2,L3,0.3,zero_fill,8,8,0.44517990946769714,1,False,0.6363636363636364,0.21428571428571427,0.2578125
17239,0,CF2,L3,0.3,zero_fill,2,4,0.34951236844062805,0,False,0.7608200455580866,0.3804100227790433,0.65234375
6288,0,CF2,L3,0.3,zero_fill,3,1,0.9513124823570251,0,False,0.6646884272997032,0.26706231454005935,0.3515625
11514,0,CF2,L3,0.3,zero_fill,6,0,0.25739386677742004,0,False,0.6732954545454546,0.5255681818181818,0.72265625
23652,0,CF2,L3,0.3,zero_fill,1,2,0.7542513012886047,0,False,0.7622950819672131,0.43989071038251365,0.62890625
11939,0,CF2,L3,0.3,zero_fill,6,7,0.7992759346961975,0,False,0.7555555555555555,0.6222222222222222,0.765625
2174,0,CF2,L3,0.3,zero_fill,7,1,0.43910887837409973,0,False,0.7566265060240964,0.43614457831325304,0.70703125
15441,0,CF2,L3,0.3,zero_fill,4,7,0.6750054359436035,0,False,0.732824427480916,0.42748091603053434,0.65625
12260,0,CF2,L3,0.3,zero_fill,1,7,0.6483815908432007,0,False,0.7570093457943925,0.6947040498442367,0.87109375
25046,0,CF2,L3,0.3,zero_fill,6,5,0.4895038604736328,0,False,0.7358490566037735,0.60062893081761,0.74609375
13958,0,CF2,L3,0.3,zero_fill,9,1,0.4243920147418976,0,False,0.7084548104956269,0.4314868804664723,0.578125
20974,0,CF2,L3,0.3,zero_fill,8,5,0.3740960657596588,0,False,0.7653061224489796,0.4005102040816326,0.61328125
10626,0,CF2,L3,0.3,zero_fill,6,2,0.3294428586959839,0,False,0.7327586206896551,0.3563218390804598,0.484375
22545,0,CF2,L3,0.3,zero_fill,5,5,0.390954852104187,1,False,0.6888888888888889,0.5492063492063493,0.67578125
20288,0,CF2,L3,0.3,zero_fill,5,3,0.3714064061641693,0,False,0.6485623003194888,0.43450479233226835,0.53125
13790,0,CF2,L3,0.3,zero_fill,7,2,0.8511626720428467,0,False,0.6112852664576802,0.5329153605015674,0.6640625
2817,0,CF2,L3,0.3,zero_fill,4,1,0.29754531383514404,0,False,0.7760736196319018,0.4263803680981595,0.54296875
8344,0,CF2,L3,0.3,zero_fill,4,2,0.848635733127594,0,False,0.7451612903225806,0.6290322580645161,0.76171875
11708,0,CF2,L3,0.3,zero_fill,1,1,0.4087737500667572,1,False,0.6253602305475504,0.25360230547550433,0.34375
2379,0,CF2,L3,0.3,zero_fill,1,7,0.31147170066833496,0,False,0.7350157728706624,0.6845425867507886,0.84765625
23602,0,CF2,L3,0.3,zero_fill,2,1,0.2744580805301666,0,False,0.6640419947506562,0.4409448818897638,0.65625
24357,0,CF2,L3,0.3,zero_fill,8,2,0.5187711119651794,0,False,0.7236024844720497,0.43167701863354035,0.54296875
16783,0,CF2,L3,0.3,zero_fill,4,1,0.7137607932090759,0,False,0.6666666666666666,0.3989071038251366,0.5703125
11723,0,CF2,L3,0.3,zero_fill,9,5,0.4961729645729065,0,False,0.7346938775510204,0.4923469387755102,0.75390625
5140,0,CF2,L3,0.3,zero_fill,5,6,0.3807651102542877,0,False,0.7,0.48205128205128206,0.734375
14563,0,CF2,L3,0.3,zero_fill,1,1,0.9846251010894775,1,False,0.7038123167155426,0.4838709677419355,0.64453125
11905,0,CF2,L3,0.3,zero_fill,7,6,0.5627246499061584,0,False,0.7191977077363897,0.504297994269341,0.6875
4657,0,CF2,L3,0.3,zero_fill,5,7,0.4048186242580414,0,False,0.7228571428571429,0.28,0.3828125
9888,0,CF2,L3,0.3,zero_fill,7,4,0.3665643334388733,0,False,0.7406417112299465,0.6122994652406417,0.89453125
22827,0,CF2,L3,0.3,zero_fill,6,2,0.8561636209487915,0,False,0.7578347578347578,0.5156695156695157,0.70703125
23911,0,CF2,L3,0.3,zero_fill,7,5,0.8971760869026184,0,False,0.7342342342342343,0.4009009009009009,0.6953125
968,0,CF2,L3,0.3,zero_fill,3,2,0.8478226065635681,0,False,0.7699680511182109,0.4536741214057508,0.5546875
18416,0,CF2,L3,0.3,zero_fill,2,2,0.36041921377182007,1,False,0.6822660098522167,0.23891625615763548,0.37890625
15166,0,CF2,L3,0.3,zero_fill,7,5,0.7753469944000244,0,False,0.7703081232492998,0.5014005602240896,0.69921875
15537,0,CF2,L3,0.3,zero_fill,6,3,0.9434221386909485,0,False,0.7215189873417721,0.379746835443038,0.5859375
112,0,CF2,L3,0.3,zero_fill,6,3,0.40970149636268616,0,False,0.7662337662337663,0.288961038961039,0.34765625
9754,0,CF2,L3,0.3,zero_fill,8,5,0.4686865508556366,0,False,0.7105263157894737,0.45789473684210524,0.6796875
3827,0,CF2,L3,0.3,zero_fill,1,6,0.5712867975234985,0,False,0.7787878787878788,0.6151515151515151,0.79296875
16427,0,CF2,L3,0.3,zero_fill,8,7,0.39833512902259827,0,False,0.7134146341463414,0.5487804878048781,0.703125
4853,0,CF2,L3,0.3,zero_fill,8,5,0.5139563679695129,0,False,0.6845238095238095,0.44345238095238093,0.58203125
5025,0,CF2,L3,0.3,zero_fill,8,7,0.9903262257575989,0,False,0.6792452830188679,0.6698113207547169,0.83203125
5497,0,CF2,L3,0.3,zero_fill,5,2,0.5525444746017456,0,False,0.6443768996960486,0.3981762917933131,0.51171875
415,0,CF2,L3,0.3,zero_fill,5,2,0.41500502824783325,0,False,0.7092391304347826,0.5108695652173914,0.734375
6055,0,CF2,L3,0.3,zero_fill,2,2,0.984896183013916,1,False,0.6704225352112676,0.4450704225352113,0.6171875
4242,0,CF2,L3,0.3,zero_fill,6,3,0.4177241623401642,0,False,0.6990291262135923,0.4174757281553398,0.50390625
16007,0,CF2,L3,0.3,zero_fill,3,7,0.34287723898887634,0,False,0.7306590257879656,0.501432664756447,0.68359375
16184,0,CF2,L3,0.3,zero_fill,6,0,0.35989445447921753,0,False,0.7245989304812834,0.516042780748663,0.75390625
15180,0,CF2,L3,0.3,zero_fill,2,2,0.9779284000396729,1,False,0.5962145110410094,0.35646687697160884,0.44140625
16402,0,CF2,L3,0.3,zero_fill,3,2,0.9902434945106506,0,False,0.7549857549857549,0.5669515669515669,0.77734375
12883,0,CF2,L3,0.3,zero_fill,7,7,0.4644973874092102,1,False,0.7202380952380952,0.44047619047619047,0.578125
12596,0,CF2,L3,0.3,zero_fill,2,2,0.992088258266449,1,False,0.7665706051873199,0.5072046109510087,0.6875
13383,0,CF2,L3,0.3,zero_fill,0,2,0.5479171276092529,0,False,0.6666666666666666,0.33015873015873015,0.40625
17140,0,CF2,L3,0.3,zero_fill,0,3,0.5581954717636108,0,False,0.7259475218658892,0.565597667638484,0.7578125
11249,0,CF2,L3,0.3,zero_fill,7,7,0.6448678970336914,1,False,0.6630727762803235,0.4555256064690027,0.66015625
2927,0,CF2,L3,0.3,zero_fill,3,4,0.756198525428772,0,False,0.7292993630573248,0.42038216560509556,0.515625
13380,0,CF2,L3,0.3,zero_fill,3,2,0.8857530951499939,0,False,0.7080745341614907,0.5217391304347826,0.65625
24593,0,CF2,L3,0.3,zero_fill,5,3,0.9964610934257507,0,False,0.65527950310559,0.13975155279503104,0.17578125
14507,0,CF2,L3,0.3,zero_fill,8,0,0.3850283622741699,0,False,0.7467532467532467,0.4935064935064935,0.59375
9355,0,CF2,L3,0.3,zero_fill,8,5,0.38797712326049805,0,False,0.728735632183908,0.4574712643678161,0.77734375
3943,0,CF2,L3,0.3,zero_fill,3,5,0.599983811378479,0,False,0.7287671232876712,0.5753424657534246,0.8203125
4913,0,CF2,L3,0.3,zero_fill,4,5,0.42450448870658875,0,False,0.768361581920904,0.480225988700565,0.6640625
23440,0,CF2,L3,0.3,zero_fill,4,1,0.28220096230506897,0,False,0.615819209039548,0.4435028248587571,0.61328125
19289,0,CF2,L3,0.3,zero_fill,7,2,0.761259913444519,0,False,0.5365853658536586,0.4115853658536585,0.52734375
17841,0,CF2,L3,0.3,zero_fill,6,1,0.5247628092765808,0,False,0.7005347593582888,0.22459893048128343,0.328125
18139,0,CF2,L3,0.3,zero_fill,0,5,0.5035285949707031,0,False,0.7089337175792507,0.44668587896253603,0.60546875
18549,0,CF2,L3,0.3,zero_fill,7,3,0.44017890095710754,0,False,0.6867469879518072,0.5873493975903614,0.76171875
7215,0,CF2,L3,0.3,zero_fill,7,7,0.40081465244293213,1,False,0.7044776119402985,0.4417910447761194,0.578125
10574,0,CF2,L3,0.3,zero_fill,7,2,0.3344811201095581,0,False,0.7467700258397932,0.5529715762273901,0.8359375
10329,0,CF2,L3,0.3,zero_fill,7,2,0.2539755702018738,0,False,0.6604938271604939,0.5864197530864198,0.7421875
21502,0,CF2,L3,0.3,zero_fill,4,2,0.9862104058265686,0,False,0.7365079365079366,0.6761904761904762,0.83203125
1209,0,CF2,L3,0.3,zero_fill,8,5,0.38479849696159363,0,False,0.7472527472527473,0.5439560439560439,0.7734375
22202,0,CF2,L3,0.3,zero_fill,6,3,0.751382052898407,0,False,0.7507788161993769,0.6417445482866043,0.8046875
12914,0,CF2,L3,0.3,zero_fill,2,8,0.6438426971435547,0,False,0.6676384839650146,0.41690962099125367,0.55859375
23477,0,CF2,L3,0.3,zero_fill,6,3,0.569391131401062,0,False,0.7119741100323624,0.44983818770226536,0.54296875
13286,0,CF2,L3,0.3,zero_fill,5,5,0.737072229385376,1,False,0.6089743589743589,0.2692307692307692,0.328125
24957,0,CF2,L3,0.3,zero_fill,2,7,0.4962500035762787,0,False,0.7125307125307125,0.36363636363636365,0.578125
23215,0,CF2,L3,0.3,zero_fill,9,2,0.4205400049686432,0,False,0.7560240963855421,0.6114457831325302,0.79296875
8171,0,CF2,L3,0.3,zero_fill,3,5,0.7230245471000671,0,False,0.5819935691318328,0.43729903536977494,0.53125
13427,0,CF2,L3,0.3,zero_fill,4,7,0.3228486180305481,0,False,0.7247706422018348,0.5351681957186545,0.68359375
1985,0,CF2,L3,0.3,zero_fill,9,4,0.4787307381629944,0,False,0.7753164556962026,0.5063291139240507,0.625
19607,0,CF2,L3,0.3,zero_fill,1,1,0.5207486748695374,1,False,0.7309782608695652,0.3804347826086957,0.546875
15138,0,CF2,L3,0.3,zero_fill,4,2,0.4576456546783447,0,False,0.7488262910798122,0.40375586854460094,0.671875
18496,0,CF2,L3,0.3,zero_fill,3,0,0.6267603039741516,0,False,0.7050938337801609,0.6219839142091153,0.90625
11341,0,CF2,L3,0.3,zero_fill,5,5,0.8589434027671814,1,False,0.6718266253869969,0.4458204334365325,0.5625
3210,0,CF2,L3,0.3,zero_fill,6,2,0.5063269734382629,0,False,0.6625310173697271,0.49627791563275436,0.78125
9044,0,CF2,L3,0.3,zero_fill,3,3,0.9904175400733948,1,False,0.6842105263157895,0.4984520123839009,0.62890625
1784,0,CF2,L3,0.3,zero_fill,1,2,0.6020582318305969,0,False,0.7447447447447447,0.5435435435435435,0.70703125
20687,0,CF2,L3,0.3,zero_fill,7,3,0.6834080219268799,0,False,0.6935483870967742,0.4731182795698925,0.6875
21479,0,CF2,L3,0.3,zero_fill,1,4,0.947181761264801,0,False,0.6805111821086262,0.38338658146964855,0.46875
4465,0,CF2,L3,0.3,zero_fill,7,3,0.8191677331924438,0,False,0.707395498392283,0.31511254019292606,0.3828125
8098,0,CF2,L3,0.3,zero_fill,3,3,0.972607433795929,1,False,0.6463022508038585,0.39228295819935693,0.4765625
1105,0,CF2,L3,0.3,zero_fill,1,4,0.9966418743133545,0,False,0.7727272727272727,0.4444444444444444,0.6875
24036,0,CF2,L3,0.3,zero_fill,0,2,0.5920991897583008,0,False,0.7638483965014577,0.6151603498542274,0.82421875
24825,0,CF2,L3,0.3,zero_fill,1,2,0.8553725481033325,0,False,0.7564102564102564,0.5544871794871795,0.67578125
20081,0,CF2,L3,0.3,zero_fill,4,1,0.5072718858718872,0,False,0.6575757575757576,0.5060606060606061,0.65234375
11780,0,CF2,L3,0.3,zero_fill,5,3,0.5160667896270752,0,False,0.7484276729559748,0.4371069182389937,0.54296875
18228,0,CF2,L3,0.3,zero_fill,2,3,0.5408273935317993,0,False,0.6610169491525424,0.4830508474576271,0.66796875
4363,0,CF2,L3,0.3,zero_fill,4,4,0.4125204086303711,1,False,0.7258566978193146,0.3644859813084112,0.45703125
10210,0,CF2,L3,0.3,zero_fill,7,2,0.9245210886001587,0,False,0.6797752808988764,0.42134831460674155,0.5859375
7005,0,CF2,L3,0.3,zero_fill,2,7,0.7196534872055054,0,False,0.7206349206349206,0.6984126984126984,0.859375
7071,0,CF2,L3,0.3,zero_fill,3,9,0.28513237833976746,0,False,0.6859903381642513,0.36231884057971014,0.5859375
25299,0,CF2,L3,0.3,zero_fill,4,5,0.4046573042869568,0,False,0.7528409090909091,0.48863636363636365,0.671875
3393,0,CF2,L3,0.3,zero_fill,0,2,0.7166087627410889,0,False,0.6666666666666666,0.4084084084084084,0.53125
10532,0,CF2,L3,0.3,zero_fill,8,7,0.38114914298057556,0,False,0.7603305785123967,0.6170798898071626,0.875
14271,0,CF2,L3,0.3,zero_fill,3,1,0.3544025719165802,0,False,0.7277936962750716,0.4469914040114613,0.609375
12814,0,CF2,L3,0.3,zero_fill,4,3,0.5085104703903198,0,False,0.8067484662576687,0.3220858895705521,0.41015625
1763,0,CF2,L3,0.3,zero_fill,1,5,0.26278284192085266,0,False,0.6801242236024845,0.46273291925465837,0.58203125
2795,0,CF2,L3,0.3,zero_fill,4,4,0.7519218921661377,1,False,0.8225806451612904,0.3419354838709677,0.4140625
5329,0,CF2,L3,0.3,zero_fill,2,2,0.896272599697113,1,False,0.5977011494252874,0.23563218390804597,0.3203125
11024,0,CF2,L3,0.3,zero_fill,8,5,0.45163995027542114,0,False,0.703125,0.440625,0.55078125
23383,0,CF2,L3,0.3,zero_fill,6,1,0.5137093663215637,0,False,0.7161290322580646,0.4064516129032258,0.4921875
582,0,CF2,L3,0.3,zero_fill,2,2,0.45353397727012634,1,False,0.7235294117647059,0.4088235294117647,0.54296875
20037,0,CF2,L3,0.3,zero_fill,5,5,0.9244098663330078,1,False,0.6349206349206349,0.36772486772486773,0.54296875
4876,0,CF2,L3,0.3,zero_fill,3,4,0.9545760154724121,0,False,0.6815286624203821,0.25477707006369427,0.3125
16157,0,CF2,L3,0.3,zero_fill,1,7,0.5103597640991211,0,False,0.6529411764705882,0.47941176470588237,0.63671875
24155,0,CF2,L3,0.3,zero_fill,7,7,0.9962450861930847,1,False,0.7371428571428571,0.38857142857142857,0.53125
21035,0,CF2,L3,0.3,zero_fill,1,4,0.5913647413253784,0,False,0.752112676056338,0.4535211267605634,0.62890625
2530,0,CF2,L3,0.3,zero_fill,2,2,0.3218757212162018,1,False,0.6887608069164265,0.4668587896253602,0.6328125
20951,0,CF2,L3,0.3,zero_fill,4,2,0.9301328659057617,0,False,0.7115987460815048,0.6551724137931034,0.81640625
9752,0,CF2,L3,0.3,zero_fill,9,2,0.5752967000007629,0,False,0.7955801104972375,0.2541436464088398,0.359375
20362,0,CF2,L3,0.3,zero_fill,9,3,0.37049081921577454,0,False,0.7634730538922155,0.6526946107784432,0.8515625
5669,0,CF2,L3,0.3,zero_fill,2,7,0.32695358991622925,0,False,0.7636363636363637,0.4987012987012987,0.75
9395,0,CF2,L3,0.3,zero_fill,6,5,0.3704206049442291,0,False,0.7767295597484277,0.6509433962264151,0.80859375
22115,0,CF2,L3,0.3,zero_fill,2,4,0.9438183307647705,0,False,0.6477987421383647,0.22955974842767296,0.28515625
3784,0,CF2,L3,0.3,zero_fill,5,5,0.9966397285461426,1,False,0.6991643454038997,0.42618384401114207,0.59765625
15518,0,CF2,L3,0.3,zero_fill,1,9,0.3834194242954254,0,False,0.6729559748427673,0.44654088050314467,0.5546875
22913,0,CF2,L3,0.3,zero_fill,1,2,0.875119149684906,0,False,0.6977491961414791,0.43086816720257237,0.5234375
22485,0,CF2,L3,0.3,zero_fill,8,8,0.6659781336784363,1,False,0.6773162939297125,0.30990415335463256,0.37890625
14166,0,CF2,L3,0.3,zero_fill,9,7,0.35076019167900085,0,False,0.7102803738317757,0.6074766355140186,0.76171875
4606,0,CF2,L3,0.3,zero_fill,8,7,0.9228167533874512,0,False,0.7861111111111111,0.6333333333333333,0.890625
12043,0,CF2,L3,0.3,zero_fill,8,3,0.20966683328151703,0,False,0.7252124645892352,0.6062322946175638,0.8359375
20255,0,CF2,L3,0.3,zero_fill,9,2,0.9301972389221191,0,False,0.7333333333333333,0.45555555555555555,0.640625
21390,0,CF2,L3,0.3,zero_fill,8,2,0.4088454842567444,0,False,0.7688311688311689,0.44675324675324674,0.671875
13388,0,CF2,L3,0.3,zero_fill,6,5,0.3856936991214752,0,False,0.7345679012345679,0.6419753086419753,0.8125
9382,0,CF2,L3,0.3,zero_fill,0,0,0.49722516536712646,1,False,0.7897435897435897,0.5692307692307692,0.8671875
11878,0,CF2,L3,0.3,zero_fill,4,2,0.606995165348053,0,False,0.7212713936430318,0.5281173594132029,0.84375
10774,0,CF2,L3,0.3,zero_fill,1,2,0.9635859131813049,0,False,0.803921568627451,0.4583333333333333,0.73046875
2211,0,CF2,L3,0.3,zero_fill,4,4,0.831453800201416,1,False,0.6647398843930635,0.24855491329479767,0.3359375
22804,0,CF2,L3,0.3,zero_fill,1,2,0.8221471309661865,0,False,0.6825396825396826,0.5174603174603175,0.63671875
17903,0,CF2,L3,0.3,zero_fill,3,3,0.8950833082199097,1,False,0.5932721712538226,0.3333333333333333,0.42578125
16889,0,CF2,L3,0.3,zero_fill,1,5,0.42365866899490356,0,False,0.6377708978328174,0.30959752321981426,0.390625
3013,0,CF2,L3,0.3,zero_fill,8,7,0.861906111240387,0,False,0.6633906633906634,0.4864864864864865,0.7734375
19919,0,CF2,L3,0.3,zero_fill,8,7,0.8870007395744324,0,False,0.748587570621469,0.6610169491525424,0.9140625
7911,0,CF2,L3,0.3,zero_fill,0,7,0.772956371307373,0,False,0.7425149700598802,0.655688622754491,0.85546875
6473,0,CF2,L3,0.3,zero_fill,5,3,0.8694854974746704,0,False,0.7617647058823529,0.4117647058823529,0.546875
14963,0,CF2,L3,0.3,zero_fill,2,4,0.8389027714729309,0,False,0.6732954545454546,0.5284090909090909,0.7265625
3189,0,CF2,L3,0.3,zero_fill,3,3,0.553274393081665,1,False,0.6698113207547169,0.48742138364779874,0.60546875
21433,0,CF2,L3,0.3,zero_fill,6,7,0.5254530310630798,0,False,0.7351351351351352,0.45135135135135135,0.65234375
21534,0,CF2,L3,0.3,zero_fill,9,2,0.8828846216201782,0,False,0.7527593818984547,0.3730684326710817,0.66015625
4378,0,CF2,L3,0.3,zero_fill,4,6,0.4517138600349426,0,False,0.7292225201072386,0.35924932975871315,0.5234375
4179,0,CF2,L3,0.3,zero_fill,3,0,0.8812666535377502,0,False,0.6900269541778976,0.5498652291105122,0.796875
20275,0,CF2,L3,0.3,zero_fill,7,7,0.4688202440738678,1,False,0.6459627329192547,0.484472049689441,0.609375
724,0,CF2,L3,0.3,zero_fill,4,4,0.9927888512611389,1,False,0.78125,0.24147727272727273,0.33203125
15532,0,CF2,L3,0.3,zero_fill,5,3,0.7814945578575134,0,False,0.7395209580838323,0.4431137724550898,0.578125
7808,0,CF2,L3,0.3,zero_fill,4,4,0.3835575580596924,1,False,0.687041564792176,0.4400977995110024,0.703125
3185,0,CF2,L3,0.3,zero_fill,7,6,0.7348527908325195,0,False,0.7289156626506024,0.5512048192771084,0.71484375
8217,0,CF2,L3,0.3,zero_fill,5,4,0.7325549721717834,0,False,0.7338709677419355,0.5591397849462365,0.8125
15284,0,CF2,L3,0.3,zero_fill,2,2,0.7781118750572205,1,False,0.7275204359673024,0.3405994550408719,0.48828125
2195,0,CF2,L3,0.3,zero_fill,1,2,0.8998836874961853,0,False,0.6612903225806451,0.5096774193548387,0.6171875
21296,0,CF2,L3,0.3,zero_fill,0,3,0.5006864070892334,0,False,0.670846394984326,0.4952978056426332,0.6171875
14286,0,CF2,L3,0.3,zero_fill,3,7,0.7233267426490784,0,False,0.7581521739130435,0.6222826086956522,0.89453125
4261,0,CF2,L3,0.3,zero_fill,0,1,0.483262836933136,0,False,0.6187683284457478,0.2316715542521994,0.30859375
24480,0,CF2,L3,0.3,zero_fill,2,2,0.3144553005695343,1,False,0.618798955613577,0.2924281984334204,0.4375
23581,0,CF2,L3,0.3,zero_fill,7,7,0.7447131276130676,1,False,0.746268656716418,0.5283582089552239,0.69140625
24364,0,CF2,L3,0.3,zero_fill,7,7,0.9348567724227905,1,False,0.6243523316062176,0.21761658031088082,0.328125
4259,0,CF2,L3,0.3,zero_fill,4,1,0.5396691560745239,0,False,0.7428571428571429,0.45714285714285713,0.625
4323,0,CF2,L3,0.3,zero_fill,8,6,0.38866016268730164,0,False,0.7589285714285714,0.5625,0.73828125
26017,0,CF2,L3,0.3,zero_fill,2,2,0.5227130651473999,1,False,0.6837606837606838,0.3418803418803419,0.46875
4055,0,CF2,L3,0.3,zero_fill,9,3,0.36322730779647827,0,False,0.7087378640776699,0.3365695792880259,0.40625
23968,0,CF2,L3,0.3,zero_fill,6,7,0.6967394351959229,0,False,0.6893491124260355,0.4526627218934911,0.59765625
4914,0,CF2,L3,0.3,zero_fill,2,2,0.5822292566299438,1,False,0.7587064676616916,0.5398009950248757,0.84765625
17310,0,CF2,L3,0.3,zero_fill,7,6,0.1981932520866394,0,False,0.7223880597014926,0.4925373134328358,0.64453125
14981,0,CF2,L3,0.3,zero_fill,2,1,0.9138885140419006,0,False,0.6685714285714286,0.4685714285714286,0.640625
7511,0,CF2,L3,0.3,zero_fill,6,5,0.5121680498123169,0,False,0.6233766233766234,0.3961038961038961,0.4765625
4136,0,CF2,L3,0.3,zero_fill,9,2,0.7772215604782104,0,False,0.771513353115727,0.5964391691394659,0.78515625
8043,0,CF2,L3,0.3,zero_fill,2,2,0.9154964685440063,1,False,0.676923076923077,0.3974358974358974,0.60546875
14360,0,CF2,L3,0.3,zero_fill,4,4,0.43962979316711426,1,False,0.7049180327868853,0.4344262295081967,0.62109375
6364,0,CF2,L3,0.3,zero_fill,0,2,0.7642775774002075,0,False,0.7658227848101266,0.6012658227848101,0.7421875
8827,0,CF2,L3,0.3,zero_fill,4,1,0.8615942001342773,0,False,0.6024844720496895,0.32608695652173914,0.41015625
24886,0,CF2,L3,0.3,zero_fill,9,1,0.9266939759254456,0,False,0.7469879518072289,0.32228915662650603,0.41796875
21392,0,CF2,L3,0.3,zero_fill,2,2,0.4682944416999817,1,False,0.6697819314641744,0.3302180685358255,0.4140625
18654,0,CF2,L3,0.3,zero_fill,6,6,0.947767972946167,1,False,0.7469135802469136,0.4783950617283951,0.60546875
21766,0,CF2,L3,0.3,zero_fill,1,7,0.6155585646629333,0,False,0.7555555555555555,0.6305555555555555,0.88671875
25433,0,CF2,L3,0.3,zero_fill,8,4,0.8391404151916504,0,False,0.7692307692307693,0.48717948717948717,0.7421875
10927,0,CF2,L3,0.3,zero_fill,8,4,0.5780826807022095,0,False,0.6796116504854369,0.40129449838187703,0.484375
14092,0,CF2,L3,0.3,zero_fill,6,6,0.46843820810317993,1,False,0.7707865168539326,0.31910112359550563,0.5546875
20936,0,CF2,L3,0.3,zero_fill,9,5,0.9800721406936646,0,False,0.6706586826347305,0.3592814371257485,0.46875
23711,0,CF2,L3,0.3,zero_fill,4,5,0.5571815371513367,0,False,0.7003058103975535,0.5412844036697247,0.69140625
19260,0,CF2,L3,0.3,zero_fill,7,3,0.7214294672012329,0,False,0.7012195121951219,0.5030487804878049,0.64453125
17360,0,CF2,L3,0.3,zero_fill,3,3,0.9275081157684326,1,False,0.7857142857142857,0.40584415584415584,0.48828125
965,0,CF2,L3,0.3,zero_fill,0,3,0.35191625356674194,0,False,0.7188498402555911,0.43450479233226835,0.53125
463,0,CF2,L3,0.3,zero_fill,6,9,0.4396339952945709,0,False,0.6648936170212766,0.15691489361702127,0.23046875
8945,0,CF2,L3,0.3,zero_fill,6,7,0.9785445928573608,0,False,0.7897196261682243,0.47897196261682246,0.80078125
14090,0,CF2,L3,0.3,zero_fill,2,2,0.4817121624946594,1,False,0.7832817337461301,0.6934984520123839,0.875
8479,0,CF2,L3,0.3,zero_fill,9,3,0.42882511019706726,0,False,0.7743732590529248,0.45403899721448465,0.63671875
24477,0,CF2,L3,0.3,zero_fill,2,2,0.508315920829773,1,False,0.68,0.5292307692307693,0.671875
8195,0,CF2,L3,0.3,zero_fill,0,3,0.6073257923126221,0,False,0.6617647058823529,0.36470588235294116,0.484375
1773,0,CF2,L3,0.3,zero_fill,0,5,0.30276602506637573,0,False,0.64576802507837,0.4827586206896552,0.6015625
11776,0,CF2,L3,0.3,zero_fill,2,2,0.6365357041358948,1,False,0.6234567901234568,0.2006172839506173,0.25390625
3313,0,CF2,L3,0.3,zero_fill,6,5,0.5411317944526672,0,False,0.7225433526011561,0.3352601156069364,0.453125
5424,0,CF2,L3,0.3,zero_fill,9,7,0.876069962978363,0,False,0.7090395480225988,0.5480225988700564,0.7578125
19606,0,CF2,L3,0.3,zero_fill,2,3,0.40943798422813416,0,False,0.7133757961783439,0.7070063694267515,0.8671875
10110,0,CF2,L3,0.3,zero_fill,9,2,0.8542554378509521,0,False,0.6737804878048781,0.3567073170731707,0.45703125
22872,0,CF2,L3,0.3,zero_fill,6,3,0.7013704180717468,0,False,0.6945337620578779,0.5112540192926045,0.62109375
7573,0,CF2,L3,0.3,zero_fill,1,7,0.8498286008834839,0,False,0.7565982404692082,0.656891495601173,0.875
7105,0,CF2,L3,0.3,zero_fill,3,3,0.696206271648407,1,False,0.6317460317460317,0.4603174603174603,0.56640625
18854,0,CF2,L3,0.3,zero_fill,1,1,0.3480493128299713,1,False,0.60790273556231,0.45592705167173253,0.5859375
14576,0,CF2,L3,0.3,zero_fill,9,2,0.30882132053375244,0,False,0.7407407407407407,0.42592592592592593,0.62890625
9376,0,CF2,L3,0.3,zero_fill,0,7,0.722223699092865,0,False,0.6956521739130435,0.4048913043478261,0.58203125
20128,0,CF2,L3,0.3,zero_fill,8,5,0.5313570499420166,0,False,0.7089783281733746,0.4458204334365325,0.5625
24854,0,CF2,L3,0.3,zero_fill,9,2,0.7063993215560913,0,False,0.6582278481012658,0.44936708860759494,0.5546875
4937,0,CF2,L3,0.3,zero_fill,2,2,0.5738399624824524,1,False,0.6434108527131783,0.4263565891472868,0.64453125
338,0,CF2,L3,0.3,zero_fill,3,1,0.3236622214317322,0,False,0.6309523809523809,0.28273809523809523,0.37109375
9981,0,CF2,L3,0.3,zero_fill,3,7,0.4202500581741333,0,False,0.7241379310344828,0.6436781609195402,0.875
6665,0,CF2,L3,0.3,zero_fill,8,3,0.38641172647476196,0,False,0.7083333333333334,0.3974358974358974,0.484375
6704,0,CF2,L3,0.3,zero_fill,0,1,0.6125779747962952,0,False,0.7204819277108434,0.3421686746987952,0.5546875
23255,0,CF2,L3,0.3,zero_fill,2,7,0.47481027245521545,0,False,0.7885117493472585,0.4751958224543081,0.7109375
5355,0,CF2,L3,0.3,zero_fill,5,3,0.5198940634727478,0,False,0.717032967032967,0.6126373626373627,0.87109375
22422,0,CF2,L3,0.3,zero_fill,1,6,0.47200292348861694,0,False,0.676829268292683,0.5670731707317073,0.7265625
7367,0,CF2,L3,0.3,zero_fill,9,3,0.46004611253738403,0,False,0.655440414507772,0.4689119170984456,0.70703125
13489,0,CF2,L3,0.3,zero_fill,7,1,0.4418356716632843,0,False,0.7100591715976331,0.41420118343195267,0.546875
20955,0,CF2,L3,0.3,zero_fill,7,7,0.5016526579856873,1,False,0.7630057803468208,0.5549132947976878,0.75
25439,0,CF2,L3,0.3,zero_fill,9,0,0.6674919724464417,0,False,0.7731629392971247,0.7795527156549521,0.953125
12711,0,CF2,L3,0.3,zero_fill,8,2,0.9451717138290405,0,False,0.6253776435045317,0.4169184290030212,0.5390625
7671,0,CF2,L3,0.3,zero_fill,6,6,0.4003891050815582,1,False,0.7383177570093458,0.3613707165109034,0.453125
20420,0,CF2,L3,0.3,zero_fill,8,2,0.5827322006225586,0,False,0.7462235649546828,0.513595166163142,0.6640625
12630,0,CF2,L3,0.3,zero_fill,2,6,0.4285120368003845,0,False,0.7441860465116279,0.3546511627906977,0.4765625
21394,0,CF2,L3,0.3,zero_fill,1,1,0.4955786466598511,1,False,0.6777777777777778,0.3055555555555556,0.4296875
7095,0,CF2,L3,0.3,zero_fill,1,1,0.9673401117324829,1,False,0.715,0.495,0.7734375
11532,0,CF2,L3,0.3,zero_fill,9,5,0.22829297184944153,0,False,0.6334405144694534,0.3408360128617363,0.4140625
2853,0,CF2,L3,0.3,zero_fill,3,4,0.6693403124809265,0,False,0.7474747474747475,0.4898989898989899,0.7578125
13487,0,CF2,L3,0.3,zero_fill,0,3,0.36271992325782776,0,False,0.6386292834890965,0.46417445482866043,0.58203125
9350,0,CF2,L3,0.3,zero_fill,9,9,0.869886040687561,1,False,0.6424581005586593,0.29329608938547486,0.41015625
24164,0,CF2,L3,0.3,zero_fill,4,5,0.4486946165561676,0,False,0.7397660818713451,0.49122807017543857,0.65625
23155,0,CF2,L3,0.3,zero_fill,7,9,0.3156726360321045,0,False,0.575,0.4111111111111111,0.578125
1588,0,CF2,L3,0.3,zero_fill,8,3,0.7927831411361694,0,False,0.7985436893203883,0.44660194174757284,0.71875
5400,0,CF2,L3,0.3,zero_fill,5,3,0.26683539152145386,0,False,0.744408945686901,0.3450479233226837,0.421875
8913,0,CF2,L3,0.3,zero_fill,6,8,0.6117318868637085,0,False,0.6261980830670927,0.3801916932907348,0.46484375
4990,0,CF2,L3,0.3,zero_fill,8,7,0.448132187128067,0,False,0.7238095238095238,0.5841269841269842,0.71875
13364,0,CF2,L3,0.3,zero_fill,7,1,0.5446518659591675,0,False,0.7267441860465116,0.502906976744186,0.67578125
1157,0,CF2,L3,0.3,zero_fill,1,4,0.4817001521587372,0,False,0.6828478964401294,0.5631067961165048,0.6796875
19432,0,CF2,L3,0.3,zero_fill,6,6,0.7918308973312378,1,False,0.6857142857142857,0.36363636363636365,0.546875
24861,0,CF2,L3,0.3,zero_fill,1,2,0.3391941487789154,0,False,0.6818181818181818,0.4025974025974026,0.484375
16303,0,CF2,L3,0.3,zero_fill,0,0,0.7632137537002563,1,False,0.7346278317152104,0.6504854368932039,0.78515625
23675,0,CF2,L3,0.3,zero_fill,1,1,0.9766209125518799,1,False,0.7857142857142857,0.24107142857142858,0.31640625
10816,0,CF2,L3,0.3,zero_fill,5,1,0.6406720876693726,0,False,0.6931506849315069,0.3452054794520548,0.4921875
25683,0,CF2,L3,0.3,zero_fill,7,3,0.7048409581184387,0,False,0.7727272727272727,0.4318181818181818,0.7421875
6680,0,CF2,L3,0.3,zero_fill,7,2,0.44168663024902344,0,False,0.7516129032258064,0.5548387096774193,0.671875
15541,0,CF2,L3,0.3,zero_fill,1,2,0.792748749256134,0,False,0.7587131367292225,0.514745308310992,0.75
129,0,CF2,L3,0.3,zero_fill,9,2,0.7504147887229919,0,False,0.6832844574780058,0.26099706744868034,0.34765625
10977,0,CF2,L3,0.3,zero_fill,5,7,0.9060667753219604,0,False,0.7,0.6064516129032258,0.734375
7518,0,CF2,L3,0.3,zero_fill,5,4,0.26869016885757446,0,False,0.7289002557544757,0.47058823529411764,0.71875
15350,0,CF2,L3,0.3,zero_fill,0,4,0.3218708038330078,0,False,0.7175792507204611,0.5129682997118156,0.6953125
4712,0,CF2,L3,0.3,zero_fill,2,3,0.5286049246788025,0,False,0.6335403726708074,0.41304347826086957,0.51953125
3234,0,CF2,L3,0.3,zero_fill,1,2,0.5954283475875854,0,False,0.7611940298507462,0.6179104477611941,0.80859375
21292,0,CF2,L3,0.3,zero_fill,8,7,0.8247552514076233,0,False,0.7170868347338936,0.5294117647058824,0.73828125
6439,0,CF2,L3,0.3,zero_fill,6,2,0.7543982863426208,0,False,0.6962025316455697,0.6329113924050633,0.78125
16930,0,CF2,L3,0.3,zero_fill,4,4,0.4027133285999298,1,False,0.7622739018087855,0.4444444444444444,0.671875
25255,0,CF2,L3,0.3,zero_fill,6,2,0.7360501289367676,0,False,0.6727272727272727,0.5848484848484848,0.75390625
5562,0,CF2,L3,0.3,zero_fill,6,7,0.9632030725479126,0,False,0.6634615384615384,0.40384615384615385,0.4921875
20888,0,CF2,L3,0.3,zero_fill,6,7,0.9489218592643738,0,False,0.7468671679197995,0.5112781954887218,0.796875
17907,0,CF2,L3,0.3,zero_fill,0,3,0.39780500531196594,0,False,0.7794117647058824,0.6470588235294118,0.859375
15282,0,CF2,L3,0.3,zero_fill,5,2,0.9894325733184814,0,False,0.643312101910828,0.5636942675159236,0.69140625
9564,0,CF2,L3,0.3,zero_fill,5,6,0.7753580212593079,0,False,0.7775,0.46,0.71875
2105,0,CF2,L3,0.3,zero_fill,5,5,0.33967891335487366,1,False,0.6855345911949685,0.6257861635220126,0.77734375
2188,0,CF2,L3,0.3,zero_fill,5,7,0.6415531635284424,0,False,0.6529968454258676,0.5299684542586751,0.65625
10587,0,CF2,L3,0.3,zero_fill,9,5,0.4482116401195526,0,False,0.6997885835095138,0.25792811839323465,0.4765625
20421,0,CF2,L3,0.3,zero_fill,8,6,0.9064440727233887,0,False,0.6812933025404158,0.4295612009237875,0.7265625
23070,0,CF2,L3,0.3,zero_fill,0,5,0.7890803813934326,0,False,0.7215568862275449,0.5089820359281437,0.6640625
19127,0,CF2,L3,0.3,zero_fill,6,8,0.4343063533306122,0,False,0.6848137535816619,0.4670487106017192,0.63671875
7302,0,CF2,L3,0.3,zero_fill,3,3,0.8445722460746765,1,False,0.7072538860103627,0.26424870466321243,0.3984375
8409,0,CF2,L3,0.3,zero_fill,4,4,0.32863956689834595,1,False,0.6632653061224489,0.5510204081632653,0.84375
11086,0,CF2,L3,0.3,zero_fill,7,5,0.5277156829833984,0,False,0.7741046831955923,0.42424242424242425,0.6015625
17122,0,CF2,L3,0.3,zero_fill,5,5,0.7236868143081665,1,False,0.6878453038674033,0.34806629834254144,0.4921875
3555,0,CF2,L3,0.3,zero_fill,2,5,0.6158583164215088,0,False,0.7257142857142858,0.48,0.65625
19437,0,CF2,L3,0.3,zero_fill,4,5,0.3719903826713562,0,False,0.6962750716332379,0.30945558739255014,0.421875
594,0,CF2,L3,0.3,zero_fill,9,7,0.5147342681884766,0,False,0.7302052785923754,0.34310850439882695,0.45703125
21863,0,CF2,L3,0.3,zero_fill,3,5,0.4958733320236206,0,False,0.6845238095238095,0.47023809523809523,0.6171875
19765,0,CF2,L3,0.3,zero_fill,5,3,0.9984573125839233,0,False,0.7327044025157232,0.33962264150943394,0.421875
16909,0,CF2,L3,0.3,zero_fill,2,2,0.4717974066734314,1,False,0.7481108312342569,0.4005037783375315,0.62109375
21154,0,CF2,L3,0.3,zero_fill,7,7,0.9092322587966919,1,False,0.6943620178041543,0.44510385756676557,0.5859375
18615,0,CF2,L3,0.3,zero_fill,7,2,0.5596638917922974,0,False,0.7827050997782705,0.45454545454545453,0.80078125
18171,0,CF2,L3,0.3,zero_fill,7,7,0.7815672159194946,1,False,0.7532133676092545,0.48586118251928023,0.73828125
24434,0,CF2,L3,0.3,zero_fill,5,7,0.6768699288368225,0,False,0.6647887323943662,0.6197183098591549,0.859375
9664,0,CF2,L3,0.3,zero_fill,0,2,0.4152677059173584,0,False,0.7219251336898396,0.5347593582887701,0.78125
2013,0,CF2,L3,0.3,zero_fill,5,3,0.3760349750518799,0,False,0.7978260869565217,0.3760869565217391,0.67578125
13537,0,CF2,L3,0.3,zero_fill,4,7,0.9825996160507202,0,False,0.7519582245430809,0.5326370757180157,0.796875
23942,0,CF2,L3,0.3,zero_fill,9,5,0.8500881791114807,0,False,0.6430769230769231,0.47692307692307695,0.60546875
12415,0,CF2,L3,0.3,zero_fill,4,4,0.4401349723339081,1,False,0.740625,0.5125,0.640625
13735,0,CF2,L3,0.3,zero_fill,0,9,0.4448978304862976,0,False,0.7134328358208956,0.5104477611940299,0.66796875
6873,0,CF2,L3,0.3,zero_fill,1,4,0.9355452060699463,0,False,0.7867435158501441,0.4697406340057637,0.63671875
16233,0,CF2,L3,0.3,zero_fill,2,7,0.6127652525901794,0,False,0.6741214057507987,0.5239616613418531,0.640625
13108,0,CF2,L3,0.3,zero_fill,5,4,0.281532883644104,0,False,0.8083333333333333,0.5694444444444444,0.80078125
18114,0,CF2,L3,0.3,zero_fill,7,3,0.41512948274612427,0,False,0.6666666666666666,0.4263565891472868,0.64453125
25318,0,CF2,L3,0.3,zero_fill,0,8,0.38235002756118774,0,False,0.7095808383233533,0.5149700598802395,0.671875
22387,0,CF2,L3,0.3,zero_fill,7,7,0.7851319313049316,1,False,0.772189349112426,0.5502958579881657,0.7265625
19911,0,CF2,L3,0.3,zero_fill,7,1,0.7081819772720337,0,False,0.7937649880095923,0.4364508393285372,0.7109375
9953,0,CF2,L3,0.3,zero_fill,2,5,0.6188207864761353,0,False,0.6036585365853658,0.4573170731707317,0.5859375
18500,0,CF2,L3,0.3,zero_fill,1,1,0.5947697758674622,1,False,0.668693009118541,0.47416413373860183,0.609375
12463,0,CF2,L3,0.3,zero_fill,2,6,0.4675082564353943,0,False,0.7333333333333333,0.43478260869565216,0.5859375
12143,0,CF2,L3,0.3,zero_fill,8,4,0.8332356810569763,0,False,0.7780748663101604,0.5668449197860963,0.828125
14588,0,CF2,L3,0.3,zero_fill,8,6,0.2628800570964813,0,False,0.7377521613832853,0.4783861671469741,0.6484375
22152,0,CF2,L3,0.3,zero_fill,2,7,0.729961097240448,0,False,0.7771739130434783,0.5163043478260869,0.7421875
16563,0,CF2,L3,0.3,zero_fill,4,7,0.8470998406410217,0,False,0.6426512968299711,0.3227665706051873,0.4375
25225,0,CF2,L3,0.3,zero_fill,9,4,0.6739024519920349,0,False,0.6956521739130435,0.3333333333333333,0.44921875
1161,0,CF2,L3,0.3,zero_fill,2,2,0.7474541664123535,1,False,0.7060702875399361,0.6357827476038339,0.77734375
9891,0,CF2,L3,0.3,zero_fill,5,3,0.6482064127922058,0,False,0.770392749244713,0.5800604229607251,0.75
18833,0,CF2,L3,0.3,zero_fill,2,2,0.4129555821418762,1,False,0.6648351648351648,0.4697802197802198,0.66796875
6162,0,CF2,L3,0.3,zero_fill,2,3,0.7960070967674255,0,False,0.7909090909090909,0.45227272727272727,0.77734375
22638,0,CF2,L3,0.3,zero_fill,0,4,0.4698837995529175,0,False,0.7508090614886731,0.6310679611650486,0.76171875
6112,0,CF2,L3,0.3,zero_fill,6,7,0.5526453256607056,0,False,0.7563291139240507,0.5949367088607594,0.734375
24259,0,CF2,L3,0.3,zero_fill,9,4,0.4160345196723938,0,False,0.7388888888888889,0.3888888888888889,0.546875
18029,0,CF2,L3,0.3,zero_fill,2,4,0.629377007484436,0,False,0.734375,0.303125,0.37890625
13233,0,CF2,L3,0.3,zero_fill,0,2,0.5991647243499756,0,False,0.6796116504854369,0.5145631067961165,0.62109375
22560,0,CF2,L3,0.3,zero_fill,3,5,0.831675112247467,0,False,0.6762820512820513,0.391025641025641,0.4765625
17100,0,CF2,L3,0.3,zero_fill,7,7,0.35918518900871277,1,False,0.7572815533980582,0.3737864077669903,0.6015625
13394,0,CF2,L3,0.3,zero_fill,7,2,0.7919521331787109,0,False,0.6863354037267081,0.35403726708074534,0.4453125
25173,0,CF2,L3,0.3,zero_fill,3,5,0.20024114847183228,0,False,0.689119170984456,0.35233160621761656,0.53125
17342,0,CF2,L3,0.3,zero_fill,4,4,0.8593422174453735,1,False,0.7469512195121951,0.45121951219512196,0.578125
5881,0,CF2,L3,0.3,zero_fill,1,7,0.40950849652290344,0,False,0.7320441988950276,0.5607734806629834,0.79296875
16982,0,CF2,L3,0.3,zero_fill,3,7,0.8768216371536255,0,False,0.7327327327327328,0.6036036036036037,0.78515625
12959,0,CF2,L3,0.3,zero_fill,2,7,0.2283046543598175,0,False,0.6606060606060606,0.5606060606060606,0.72265625
3410,0,CF2,L3,0.3,zero_fill,2,2,0.9688348174095154,1,False,0.7798165137614679,0.5137614678899083,0.65625
1939,0,CF2,L3,0.3,zero_fill,2,2,0.4383545219898224,1,False,0.7147239263803681,0.5306748466257669,0.67578125
13563,0,CF2,L3,0.3,zero_fill,4,1,0.7265259623527527,0,False,0.6590909090909091,0.4902597402597403,0.58984375
9659,0,CF2,L3,0.3,zero_fill,4,2,0.7636558413505554,0,False,0.6564102564102564,0.3871794871794872,0.58984375
23588,0,CF2,L3,0.3,zero_fill,9,9,0.5598527789115906,1,False,0.656441717791411,0.294478527607362,0.375
12156,0,CF2,L3,0.3,zero_fill,9,2,0.613359272480011,0,False,0.7449856733524355,0.6819484240687679,0.9296875
24790,0,CF2,L3,0.3,zero_fill,4,7,0.5089367628097534,0,False,0.7628032345013477,0.477088948787062,0.69140625
894,0,CF2,L3,0.3,zero_fill,8,2,0.36737871170043945,0,False,0.7722772277227723,0.4084158415841584,0.64453125
13738,0,CF2,L3,0.3,zero_fill,7,6,0.621163010597229,0,False,0.6984126984126984,0.45714285714285713,0.5625
20555,0,CF2,L3,0.3,zero_fill,5,5,0.7046411037445068,1,False,0.6910112359550562,0.3707865168539326,0.515625
20457,0,CF2,L3,0.3,zero_fill,3,7,0.8740761876106262,0,False,0.7661538461538462,0.6646153846153846,0.84375
24842,0,CF2,L3,0.3,zero_fill,3,3,0.25477972626686096,1,False,0.6829268292682927,0.5182926829268293,0.6640625
11390,0,CF2,L3,0.3,zero_fill,9,6,0.9699309468269348,0,False,0.6962025316455697,0.5379746835443038,0.6640625
2665,0,CF2,L3,0.3,zero_fill,9,3,0.7123292088508606,0,False,0.7903225806451613,0.3456221198156682,0.5859375
24741,0,CF2,L3,0.3,zero_fill,8,3,0.8863216638565063,0,False,0.6538461538461539,0.4,0.609375
17634,0,CF2,L3,0.3,zero_fill,8,2,0.8065163493156433,0,False,0.6991404011461319,0.4269340974212034,0.58203125
16599,0,CF2,L3,0.3,zero_fill,1,2,0.5582488775253296,0,False,0.6039325842696629,0.25280898876404495,0.3515625
19330,0,CF2,L3,0.3,zero_fill,7,7,0.6697385907173157,1,False,0.7019230769230769,0.4967948717948718,0.60546875
3257,0,CF2,L3,0.3,zero_fill,1,2,0.4273400902748108,0,False,0.7543859649122807,0.5847953216374269,0.78125
1114,0,CF2,L3,0.3,zero_fill,9,2,0.9995144605636597,0,False,0.7393767705382436,0.3286118980169972,0.453125
11738,0,CF2,L3,0.3,zero_fill,8,7,0.527624785900116,0,False,0.7793696275071633,0.6361031518624641,0.8671875
13077,0,CF2,L3,0.3,zero_fill,8,5,0.291573703289032,0,False,0.7041800643086816,0.4405144694533762,0.53515625
5168,0,CF2,L3,0.3,zero_fill,3,4,0.8532165884971619,0,False,0.6738461538461539,0.5107692307692308,0.6484375
26013,0,CF2,L3,0.3,zero_fill,8,5,0.22869718074798584,0,False,0.6959247648902821,0.5141065830721003,0.640625
5611,0,CF2,L3,0.3,zero_fill,7,7,0.9250648021697998,1,False,0.7102803738317757,0.3582554517133956,0.44921875
9389,0,CF2,L3,0.3,zero_fill,6,3,0.27301323413848877,0,False,0.7310126582278481,0.4588607594936709,0.56640625
25070,0,CF2,L3,0.3,zero_fill,2,8,0.5200216174125671,0,False,0.6528662420382165,0.5095541401273885,0.625
11322,0,CF2,L3,0.3,zero_fill,8,1,0.38495132327079773,0,False,0.7116402116402116,0.46296296296296297,0.68359375
3051,0,CF2,L3,0.3,zero_fill,0,0,0.22187933325767517,1,False,0.7368421052631579,0.38596491228070173,0.6015625
18770,0,CF2,L3,0.3,zero_fill,4,7,0.352556973695755,0,False,0.7384196185286104,0.5667574931880109,0.8125
14692,0,CF2,L3,0.3,zero_fill,2,2,0.9966500401496887,1,False,0.7164179104477612,0.5194029850746269,0.6796875
4561,0,CF2,L3,0.3,zero_fill,5,9,0.25137293338775635,0,False,0.7150684931506849,0.4767123287671233,0.6796875
16994,0,CF2,L3,0.3,zero_fill,0,2,0.9710780382156372,0,False,0.6730769230769231,0.41346153846153844,0.50390625
4156,0,CF2,L3,0.3,zero_fill,5,7,0.2684059143066406,0,False,0.724025974025974,0.6428571428571429,0.7734375
5884,0,CF2,L3,0.3,zero_fill,1,3,0.5768524408340454,0,False,0.7020057306590258,0.47564469914040114,0.6484375
18233,0,CF2,L3,0.3,zero_fill,0,3,0.7193778157234192,0,False,0.6951871657754011,0.4037433155080214,0.58984375
17044,0,CF2,L3,0.3,zero_fill,6,9,0.780703604221344,0,False,0.6832298136645962,0.4472049689440994,0.5625
18857,0,CF2,L3,0.3,zero_fill,6,6,0.47269532084465027,1,False,0.7454068241469817,0.5406824146981627,0.8046875
21917,0,CF2,L3,0.3,zero_fill,9,0,0.5849668979644775,0,False,0.6389776357827476,0.41214057507987223,0.50390625
5054,0,CF2,L3,0.3,zero_fill,3,9,0.6699134111404419,0,False,0.7652733118971061,0.6109324758842444,0.7421875
7882,0,CF2,L3,0.3,zero_fill,4,4,0.3674358129501343,1,False,0.6366366366366366,0.5105105105105106,0.6640625
15688,0,CF2,L3,0.3,zero_fill,4,7,0.9928268194198608,0,False,0.7042682926829268,0.6676829268292683,0.85546875
5612,0,CF2,L3,0.3,zero_fill,8,4,0.9890890717506409,0,False,0.7129909365558912,0.49244712990936557,0.63671875
13934,0,CF2,L3,0.3,zero_fill,9,2,0.8666010499000549,0,False,0.7350157728706624,0.4952681388012618,0.61328125
16689,0,CF2,L3,0.3,zero_fill,2,2,0.5182222723960876,1,False,0.7418478260869565,0.35054347826086957,0.50390625
23844,0,CF2,L3,0.3,zero_fill,6,1,0.654084324836731,0,False,0.7009646302250804,0.4662379421221865,0.56640625
7944,0,CF2,L3,0.3,zero_fill,7,1,0.645389974117279,0,False,0.711340206185567,0.42010309278350516,0.63671875
11370,0,CF2,L3,0.3,zero_fill,8,3,0.47941944003105164,0,False,0.6428571428571429,0.41233766233766234,0.49609375
24569,0,CF2,L3,0.3,zero_fill,1,1,0.7220982313156128,1,False,0.7619047619047619,0.30158730158730157,0.4453125
7529,0,CF2,L3,0.3,zero_fill,5,5,0.5099941492080688,1,False,0.7742782152230971,0.5380577427821522,0.80078125
5092,0,CF2,L3,0.3,zero_fill,2,2,0.486766517162323,1,False,0.717391304347826,0.4320652173913043,0.62109375
20673,0,CF2,L3,0.3,zero_fill,2,2,0.5443163514137268,1,False,0.7071651090342679,0.20249221183800623,0.25390625
10096,0,CF2,L3,0.3,zero_fill,7,5,0.6685124039649963,0,False,0.6510263929618768,0.3284457478005865,0.4375
2059,0,CF2,L3,0.3,zero_fill,3,2,0.6004184484481812,0,False,0.6945244956772334,0.5360230547550432,0.7265625
19318,0,CF2,L3,0.3,zero_fill,0,7,0.5013545751571655,0,False,0.727027027027027,0.4756756756756757,0.6875
12977,0,CF2,L3,0.3,zero_fill,8,6,0.37798064947128296,0,False,0.7447447447447447,0.5525525525525525,0.71875
17673,0,CF2,L3,0.3,zero_fill,0,1,0.4445798397064209,0,False,0.7033639143730887,0.4984709480122324,0.63671875
18750,0,CF2,L3,0.3,zero_fill,0,5,0.5831301212310791,0,False,0.7320954907161804,0.4880636604774536,0.71875
16728,0,CF2,L3,0.3,zero_fill,3,3,0.715451180934906,1,False,0.7048192771084337,0.5180722891566265,0.671875
14776,0,CF2,L3,0.3,zero_fill,8,6,0.5289172530174255,0,False,0.7204968944099379,0.40062111801242234,0.50390625
6941,0,CF2,L3,0.3,zero_fill,9,1,0.46056655049324036,0,False,0.675609756097561,0.4121951219512195,0.66015625
16787,0,CF2,L3,0.3,zero_fill,6,2,0.3329898416996002,0,False,0.6437125748502994,0.3502994011976048,0.45703125
25932,0,CF2,L3,0.3,zero_fill,5,3,0.646232008934021,0,False,0.6310679611650486,0.5016181229773463,0.60546875
614,0,CF2,L3,0.3,zero_fill,0,7,0.7507285475730896,0,False,0.760932944606414,0.6326530612244898,0.84765625
25690,0,CF2,L3,0.3,zero_fill,5,5,0.24471023678779602,1,False,0.6420118343195266,0.35798816568047337,0.47265625
25968,0,CF2,L3,0.3,zero_fill,5,3,0.7285130620002747,0,False,0.6314199395770392,0.29003021148036257,0.375
20123,0,CF2,L3,0.3,zero_fill,3,8,0.751928985118866,0,False,0.782051282051282,0.532051282051282,0.6484375
13341,0,CF2,L3,0.3,zero_fill,5,3,0.6246738433837891,0,False,0.7711864406779662,0.53954802259887,0.74609375
24697,0,CF2,L3,0.3,zero_fill,4,3,0.2949202358722687,0,False,0.6329787234042553,0.3803191489361702,0.55859375
15157,0,CF2,L3,0.3,zero_fill,6,6,0.9434695839881897,1,False,0.7153465346534653,0.47029702970297027,0.7421875
23115,0,CF2,L3,0.3,zero_fill,1,2,0.8384650349617004,0,False,0.7714285714285715,0.5936507936507937,0.73046875
6396,0,CF2,L3,0.3,zero_fill,0,0,0.8738043904304504,1,False,0.6815286624203821,0.31528662420382164,0.38671875
19142,0,CF2,L3,0.3,zero_fill,4,2,0.4582260251045227,0,False,0.7678100263852242,0.6015831134564644,0.890625
13157,0,CF2,L3,0.3,zero_fill,3,7,0.9256222248077393,0,False,0.7151702786377709,0.5294117647058824,0.66796875
19866,0,CF2,L3,0.3,zero_fill,1,1,0.797654390335083,1,False,0.7373417721518988,0.2310126582278481,0.28515625
25996,0,CF2,L3,0.3,zero_fill,8,2,0.37801751494407654,0,False,0.7378917378917379,0.6438746438746439,0.8828125
25515,0,CF2,L3,0.3,zero_fill,7,5,0.8614988327026367,0,False,0.6383647798742138,0.22012578616352202,0.2734375
12876,0,CF2,L3,0.3,zero_fill,0,5,0.8805421590805054,0,False,0.7462235649546828,0.5438066465256798,0.703125
17565,0,CF2,L3,0.3,zero_fill,6,5,0.4533265233039856,0,False,0.7125,0.375,0.46875
17511,0,CF2,L3,0.3,zero_fill,4,7,0.47923439741134644,0,False,0.7329842931937173,0.5549738219895288,0.828125
19996,0,CF2,L3,0.3,zero_fill,0,2,0.4981096088886261,0,False,0.7097791798107256,0.61198738170347,0.7578125
12807,0,CF2,L3,0.3,zero_fill,1,1,0.6496221423149109,1,False,0.6593406593406593,0.36538461538461536,0.51953125
11001,0,CF2,L3,0.3,zero_fill,9,7,0.599629819393158,0,False,0.5483870967741935,0.3580645161290323,0.43359375
13107,0,CF2,L3,0.3,zero_fill,0,4,0.7339422702789307,0,False,0.6397694524495677,0.414985590778098,0.5625
12641,0,CF2,L3,0.3,zero_fill,6,0,0.40540018677711487,0,False,0.7287066246056783,0.6309148264984227,0.78125
22667,0,CF2,L3,0.3,zero_fill,5,3,0.5933291912078857,0,False,0.6903225806451613,0.5032258064516129,0.609375
7310,0,CF2,L3,0.3,zero_fill,7,2,0.6913082599639893,0,False,0.7286135693215339,0.40117994100294985,0.53125
764,0,CF2,L3,0.3,zero_fill,1,7,0.5847466588020325,0,False,0.7827102803738317,0.48364485981308414,0.80859375
14813,0,CF2,L3,0.3,zero_fill,4,2,0.43372857570648193,0,False,0.6876355748373102,0.4642082429501085,0.8359375
7132,0,CF2,L3,0.3,zero_fill,2,2,0.7403058409690857,1,False,0.7076923076923077,0.3230769230769231,0.41015625
23884,0,CF2,L3,0.3,zero_fill,1,6,0.6634251475334167,0,False,0.7138364779874213,0.4276729559748428,0.53125
22735,0,CF2,L3,0.3,zero_fill,8,4,0.6969313621520996,0,False,0.7009345794392523,0.367601246105919,0.4609375
12483,0,CF2,L3,0.3,zero_fill,2,3,0.2791788578033447,0,False,0.6861538461538461,0.563076923076923,0.71484375
10442,0,CF2,L3,0.3,zero_fill,6,2,0.4808541238307953,0,False,0.6984615384615385,0.6461538461538462,0.8203125
3733,0,CF2,L3,0.3,zero_fill,8,3,0.9777923822402954,0,False,0.7344632768361582,0.4774011299435028,0.66015625
20089,0,CF2,L3,0.3,zero_fill,4,4,0.8677951693534851,1,False,0.6583850931677019,0.32919254658385094,0.4140625
20411,0,CF2,L3,0.3,zero_fill,4,5,0.5720348358154297,0,False,0.6744186046511628,0.47093023255813954,0.6328125
10695,0,CF2,L3,0.3,zero_fill,4,3,0.4824344515800476,0,False,0.7729468599033816,0.5507246376811594,0.890625
11992,0,CF2,L3,0.3,zero_fill,2,3,0.8665432333946228,0,False,0.5641025641025641,0.42628205128205127,0.51953125
20712,0,CF2,L3,0.3,zero_fill,7,2,0.8283416032791138,0,False,0.6355421686746988,0.19879518072289157,0.2578125
6518,0,CF2,L3,0.3,zero_fill,8,5,0.3413843512535095,0,False,0.7171717171717171,0.5353535353535354,0.828125
6015,0,CF2,L3,0.3,zero_fill,9,7,0.7587485313415527,0,False,0.7879581151832461,0.6230366492146597,0.9296875
8396,0,CF2,L3,0.3,zero_fill,5,5,0.283764123916626,1,False,0.7530487804878049,0.5670731707317073,0.7265625
12097,0,CF2,L3,0.3,zero_fill,9,2,0.39219754934310913,0,False,0.6964285714285714,0.47023809523809523,0.6171875
12565,0,CF2,L3,0.3,zero_fill,2,6,0.672974705696106,0,False,0.6536144578313253,0.35843373493975905,0.46484375
22474,0,CF2,L3,0.3,zero_fill,4,5,0.9115374088287354,0,False,0.6816816816816816,0.4804804804804805,0.625
25110,0,CF2,L3,0.3,zero_fill,9,3,0.24748429656028748,0,False,0.7519582245430809,0.4725848563968668,0.70703125
8275,0,CF2,L3,0.3,zero_fill,8,6,0.37944871187210083,0,False,0.7539432176656151,0.4605678233438486,0.5703125
3871,0,CF2,L3,0.3,zero_fill,1,5,0.3869078755378723,0,False,0.6346153846153846,0.46474358974358976,0.56640625
24639,0,CF2,L3,0.3,zero_fill,2,7,0.7114230394363403,0,False,0.7275641025641025,0.5641025641025641,0.6875
15979,0,CF2,L3,0.3,zero_fill,3,5,0.26776936650276184,0,False,0.7012987012987013,0.5909090909090909,0.7109375
24513,0,CF2,L3,0.3,zero_fill,6,5,0.6677217483520508,0,False,0.7380952380952381,0.4226190476190476,0.5546875
10926,0,CF2,L3,0.3,zero_fill,7,7,0.5859938263893127,1,False,0.7190332326283988,0.5045317220543807,0.65234375
25564,0,CF2,L3,0.3,zero_fill,0,2,0.30373698472976685,0,False,0.7005988023952096,0.5988023952095808,0.78125
2118,0,CF2,L3,0.3,zero_fill,0,7,0.45103150606155396,0,False,0.6909090909090909,0.535064935064935,0.8046875
4358,0,CF2,L3,0.3,zero_fill,9,2,0.5513805150985718,0,False,0.6575757575757576,0.38484848484848483,0.49609375
5674,0,CF2,L3,0.3,zero_fill,8,3,0.9691780209541321,0,False,0.6699029126213593,0.5080906148867314,0.61328125
3397,0,CF2,L3,0.3,zero_fill,7,7,0.9029206037521362,1,False,0.6903225806451613,0.47419354838709676,0.57421875
5183,0,CF2,L3,0.3,zero_fill,7,1,0.3222402334213257,0,False,0.660377358490566,0.2803234501347709,0.40625
7505,0,CF2,L3,0.3,zero_fill,9,1,0.45878762006759644,0,False,0.7724719101123596,0.5112359550561798,0.7109375
17539,0,CF2,L3,0.3,zero_fill,0,2,0.39755693078041077,0,False,0.7616707616707616,0.4643734643734644,0.73828125
23918,0,CF2,L3,0.3,zero_fill,6,2,0.6356295943260193,0,False,0.7806451612903226,0.7064516129032258,0.85546875
19449,0,CF2,L3,0.3,zero_fill,2,2,0.536823570728302,1,False,0.6918767507002801,0.4117647058823529,0.57421875
18599,0,CF2,L3,0.3,zero_fill,3,5,0.3854169249534607,0,False,0.7545871559633027,0.38073394495412843,0.6484375
8175,0,CF2,L3,0.3,zero_fill,8,5,0.6747584342956543,0,False,0.7277936962750716,0.5902578796561605,0.8046875
18412,0,CF2,L3,0.3,zero_fill,7,7,0.4609624743461609,1,False,0.5814606741573034,0.23314606741573032,0.32421875
20667,0,CF2,L3,0.3,zero_fill,1,5,0.844427764415741,0,False,0.6168478260869565,0.4157608695652174,0.59765625
8672,0,CF2,L3,0.3,zero_fill,9,2,0.9563467502593994,0,False,0.759375,0.6375,0.796875
22087,0,CF2,L3,0.3,zero_fill,1,1,0.4197517931461334,1,False,0.7214484679665738,0.4178272980501393,0.5859375
6910,0,CF2,L3,0.3,zero_fill,2,1,0.7901262640953064,0,False,0.7189189189189189,0.33513513513513515,0.484375
19205,0,CF2,L3,0.3,zero_fill,3,9,0.2802947461605072,0,False,0.696875,0.6125,0.765625
10581,0,CF2,L3,0.3,zero_fill,3,2,0.4594944715499878,0,False,0.7088607594936709,0.5348101265822784,0.66015625
14516,0,CF2,L3,0.3,zero_fill,4,3,0.31265032291412354,0,False,0.7522123893805309,0.4631268436578171,0.61328125
22602,0,CF2,L3,0.3,zero_fill,4,2,0.43552806973457336,0,False,0.7650602409638554,0.608433734939759,0.7890625
1944,0,CF2,L3,0.3,zero_fill,0,2,0.5972516536712646,0,False,0.6845238095238095,0.4107142857142857,0.5390625
19718,0,CF2,L3,0.3,zero_fill,0,2,0.8331911563873291,0,False,0.6883116883116883,0.23376623376623376,0.28125
15599,0,CF2,L3,0.3,zero_fill,7,2,0.6793141961097717,0,False,0.7084548104956269,0.26822157434402333,0.359375
16766,0,CF2,L3,0.3,zero_fill,9,5,0.3986267149448395,0,False,0.6468926553672316,0.2570621468926554,0.35546875
12317,0,CF2,L3,0.3,zero_fill,5,5,0.9665356278419495,1,False,0.6258064516129033,0.42258064516129035,0.51171875
6275,0,CF2,L3,0.3,zero_fill,6,9,0.30501610040664673,0,False,0.7627627627627628,0.5525525525525525,0.71875
14332,0,CF2,L3,0.3,zero_fill,3,7,0.3868089020252228,0,False,0.6625,0.41875,0.5234375
25615,0,CF2,L3,0.3,zero_fill,8,2,0.7586815357208252,0,False,0.7420382165605095,0.5031847133757962,0.6171875
7680,0,CF2,L3,0.3,zero_fill,7,3,0.6763742566108704,0,False,0.7058823529411765,0.5294117647058824,0.703125
22105,0,CF2,L3,0.3,zero_fill,7,2,0.6092556715011597,0,False,0.5777126099706745,0.39002932551319647,0.51953125
19179,0,CF2,L3,0.3,zero_fill,5,3,0.6224184036254883,0,False,0.7456140350877193,0.5672514619883041,0.7578125
22379,0,CF2,L3,0.3,zero_fill,5,7,0.3106382489204407,0,False,0.7753424657534247,0.6191780821917808,0.8828125
11796,0,CF2,L3,0.3,zero_fill,0,7,0.4571284055709839,0,False,0.6944444444444444,0.49691358024691357,0.62890625
16929,0,CF2,L3,0.3,zero_fill,0,5,0.8810490369796753,0,False,0.7492537313432835,0.5492537313432836,0.71875
20580,0,CF2,L3,0.3,zero_fill,2,5,0.44304752349853516,0,False,0.6929824561403509,0.19298245614035087,0.2578125
21272,0,CF2,L3,0.3,zero_fill,7,7,0.35383063554763794,1,False,0.7035928143712575,0.6077844311377245,0.79296875
12963,0,CF2,L3,0.3,zero_fill,4,7,0.39938250184059143,0,False,0.7257142857142858,0.5485714285714286,0.75
15648,0,CF2,L3,0.3,zero_fill,9,7,0.3052632212638855,0,False,0.6151419558359621,0.49842271293375395,0.6171875
10831,0,CF2,L3,0.3,zero_fill,6,6,0.9189331531524658,1,False,0.7630979498861048,0.44646924829157175,0.765625
12228,0,CF2,L3,0.3,zero_fill,3,3,0.955407977104187,1,False,0.7860824742268041,0.5850515463917526,0.88671875
2242,0,CF2,L3,0.3,zero_fill,7,5,0.3839377760887146,0,False,0.7171428571428572,0.36,0.4921875
25443,0,CF2,L3,0.3,zero_fill,3,2,0.8485415577888489,0,False,0.7360703812316716,0.4252199413489736,0.56640625
23913,0,CF2,L3,0.3,zero_fill,1,4,0.9640601873397827,0,False,0.7373417721518988,0.4208860759493671,0.51953125
18452,0,CF2,L3,0.3,zero_fill,1,2,0.6576908230781555,0,False,0.6283185840707964,0.3952802359882006,0.5234375
12210,0,CF2,L3,0.3,zero_fill,0,8,0.684588611125946,0,False,0.6900958466453674,0.30990415335463256,0.37890625
3532,0,CF2,L3,0.3,zero_fill,6,8,0.3719140887260437,0,False,0.7034883720930233,0.37790697674418605,0.5078125
13678,0,CF2,L3,0.3,zero_fill,9,2,0.3315350413322449,0,False,0.7247706422018348,0.6513761467889908,0.83203125
21370,0,CF2,L3,0.3,zero_fill,5,4,0.3772989511489868,0,False,0.7019704433497537,0.4236453201970443,0.671875
23728,0,CF2,L3,0.3,zero_fill,9,5,0.6308383941650391,0,False,0.6189111747851003,0.35816618911174786,0.48828125
7460,0,CF2,L3,0.3,zero_fill,0,6,0.9076657891273499,0,False,0.7630057803468208,0.34104046242774566,0.4609375
25354,0,CF2,L3,0.3,zero_fill,2,2,0.9729112386703491,1,False,0.7657657657657657,0.5495495495495496,0.71484375
18984,0,CF2,L3,0.3,zero_fill,8,9,0.7116758227348328,0,False,0.7125,0.61875,0.7734375
12422,0,CF2,L3,0.3,zero_fill,6,6,0.9662443995475769,1,False,0.6871657754010695,0.42513368983957217,0.62109375
7413,0,CF2,L3,0.3,zero_fill,4,7,0.5078632831573486,0,False,0.7063711911357341,0.5096952908587258,0.71875
