patch_id,seed,family,level,frac,method,true_label,prediction,confidence,correct,bounded_unknown,isolated_missing_frac,mask_overlap_centre,centre_erased_frac
17222,0,CF2,L4,0.5,dictlearn,8,0,0.3733196258544922,0,False,0.7777777777777778,0.3747645951035782,0.77734375
7987,0,CF2,L4,0.5,dictlearn,4,5,0.424847275018692,0,False,0.7566539923954373,0.4448669201520912,0.9140625
14403,0,CF2,L4,0.5,dictlearn,1,4,0.4989960193634033,0,False,0.7880539499036608,0.4296724470134875,0.87109375
12904,0,CF2,L4,0.5,dictlearn,1,1,0.7732748985290527,1,False,0.7332123411978222,0.279491833030853,0.6015625
1024,0,CF2,L4,0.5,dictlearn,2,4,0.2853524386882782,0,False,0.8450184501845018,0.4095940959409594,0.8671875
15700,0,CF2,L4,0.5,dictlearn,3,0,0.932267963886261,0,False,0.7695035460992907,0.3900709219858156,0.859375
12639,0,CF2,L4,0.5,dictlearn,7,0,0.2784561216831207,0,False,0.8267419962335216,0.4519774011299435,0.9375
20658,0,CF2,L4,0.5,dictlearn,4,1,0.5123496055603027,0,False,0.7825242718446602,0.4563106796116505,0.91796875
2642,0,CF2,L4,0.5,dictlearn,7,2,0.4339357018470764,0,False,0.7681895093062606,0.3756345177664975,0.8671875
9392,0,CF2,L4,0.5,dictlearn,9,9,0.5358620882034302,1,False,0.7709030100334449,0.3110367892976589,0.7265625
23357,0,CF2,L4,0.5,dictlearn,5,6,0.6426658630371094,0,False,0.7292069632495164,0.344294003868472,0.6953125
15977,0,CF2,L4,0.5,dictlearn,0,1,0.456604927778244,0,False,0.7962264150943397,0.44150943396226416,0.9140625
10440,0,CF2,L4,0.5,dictlearn,0,0,0.5274723172187805,1,False,0.8327067669172933,0.4548872180451128,0.9453125
14216,0,CF2,L4,0.5,dictlearn,3,2,0.31302380561828613,0,False,0.7609108159392789,0.444022770398482,0.9140625
18353,0,CF2,L4,0.5,dictlearn,7,2,0.42172878980636597,0,False,0.8248175182481752,0.3740875912408759,0.80078125
17404,0,CF2,L4,0.5,dictlearn,3,9,0.433013379573822,0,False,0.7944444444444444,0.37222222222222223,0.78515625
8424,0,CF2,L4,0.5,dictlearn,8,0,0.6215285062789917,0,False,0.8227360308285164,0.4932562620423892,1.0
4744,0,CF2,L4,0.5,dictlearn,8,2,0.29797622561454773,0,False,0.7693761814744802,0.3553875236294896,0.734375
18797,0,CF2,L4,0.5,dictlearn,7,8,0.2584853172302246,0,False,0.7464285714285714,0.2982142857142857,0.65234375
3156,0,CF2,L4,0.5,dictlearn,7,2,0.24487628042697906,0,False,0.8010849909584087,0.4629294755877034,1.0
17024,0,CF2,L4,0.5,dictlearn,2,2,0.4083736538887024,1,False,0.8023255813953488,0.4728682170542636,0.953125
7807,0,CF2,L4,0.5,dictlearn,8,8,0.6411644816398621,1,False,0.7976190476190477,0.3741496598639456,0.859375
138,0,CF2,L4,0.5,dictlearn,0,7,0.45707401633262634,0,False,0.789272030651341,0.4386973180076628,0.89453125
20222,0,CF2,L4,0.5,dictlearn,2,0,0.7636372447013855,0,False,0.7835249042145593,0.42337164750957856,0.86328125
24734,0,CF2,L4,0.5,dictlearn,9,7,0.3893888294696808,0,False,0.7915129151291513,0.4132841328413284,0.875
8909,0,CF2,L4,0.5,dictlearn,0,5,0.2766821086406708,0,False,0.740234375,0.380859375,0.76171875
4684,0,CF2,L4,0.5,dictlearn,1,1,0.8969447016716003,1,False,0.7252336448598131,0.38317757009345793,0.80078125
15978,0,CF2,L4,0.5,dictlearn,6,5,0.6623234748840332,0,False,0.7593984962406015,0.4417293233082707,0.91796875
21495,0,CF2,L4,0.5,dictlearn,7,2,0.5819734334945679,0,False,0.7524177949709865,0.390715667311412,0.7890625
5107,0,CF2,L4,0.5,dictlearn,6,1,0.8411784172058105,0,False,0.7958477508650519,0.4100346020761246,0.92578125
1914,0,CF2,L4,0.5,dictlearn,2,5,0.4176042973995209,0,False,0.7348484848484849,0.44507575757575757,0.91796875
21307,0,CF2,L4,0.5,dictlearn,1,1,0.4672497808933258,1,False,0.837248322147651,0.42953020134228187,1.0
7178,0,CF2,L4,0.5,dictlearn,4,0,0.2329714298248291,0,False,0.8109640831758034,0.4612476370510397,0.953125
13264,0,CF2,L4,0.5,dictlearn,4,1,0.7280130982398987,0,False,0.79296875,0.435546875,0.87109375
21507,0,CF2,L4,0.5,dictlearn,1,3,0.3665345013141632,0,False,0.7746212121212122,0.4583333333333333,0.9453125
8399,0,CF2,L4,0.5,dictlearn,9,2,0.5089037418365479,0,False,0.819366852886406,0.37988826815642457,0.796875
4384,0,CF2,L4,0.5,dictlearn,0,2,0.6146906018257141,0,False,0.7735124760076776,0.3493282149712092,0.7109375
5820,0,CF2,L4,0.5,dictlearn,0,6,0.29983437061309814,0,False,0.822265625,0.39453125,0.7890625
22865,0,CF2,L4,0.5,dictlearn,0,0,0.6051250696182251,1,False,0.8166351606805293,0.44801512287334594,0.92578125
65,0,CF2,L4,0.5,dictlearn,0,0,0.3976995348930359,1,False,0.7549909255898367,0.426497277676951,0.91796875
15494,0,CF2,L4,0.5,dictlearn,6,1,0.31051376461982727,0,False,0.7899159663865546,0.4134453781512605,0.9609375
2327,0,CF2,L4,0.5,dictlearn,5,2,0.6562967300415039,0,False,0.7906542056074767,0.4635514018691589,0.96875
24596,0,CF2,L4,0.5,dictlearn,7,6,0.3130439221858978,0,False,0.8170144462279294,0.3595505617977528,0.875
3825,0,CF2,L4,0.5,dictlearn,5,7,0.28488850593566895,0,False,0.8123893805309734,0.4389380530973451,0.96875
17168,0,CF2,L4,0.5,dictlearn,7,2,0.49143174290657043,0,False,0.771484375,0.40234375,0.8046875
4357,0,CF2,L4,0.5,dictlearn,3,0,0.49710941314697266,0,False,0.8291746641074856,0.491362763915547,1.0
2364,0,CF2,L4,0.5,dictlearn,9,9,0.42540788650512695,1,False,0.7967032967032966,0.37362637362637363,0.796875
8703,0,CF2,L4,0.5,dictlearn,9,4,0.5367165207862854,0,False,0.7721280602636534,0.3954802259887006,0.8203125
19390,0,CF2,L4,0.5,dictlearn,9,0,0.9625228643417358,0,False,0.8276481149012568,0.45960502692998206,1.0
17853,0,CF2,L4,0.5,dictlearn,6,1,0.6691233515739441,0,False,0.7627416520210897,0.38488576449912126,0.85546875
4930,0,CF2,L4,0.5,dictlearn,4,2,0.5138283371925354,0,False,0.7911025145067698,0.42940038684719534,0.8671875
5314,0,CF2,L4,0.5,dictlearn,8,1,0.4208519458770752,0,False,0.811214953271028,0.411214953271028,0.859375
4478,0,CF2,L4,0.5,dictlearn,8,7,0.39236336946487427,0,False,0.7472118959107806,0.42379182156133827,0.890625
23679,0,CF2,L4,0.5,dictlearn,4,1,0.5799226760864258,0,False,0.8086642599277978,0.4566787003610108,0.98828125
5449,0,CF2,L4,0.5,dictlearn,1,8,0.4491073787212372,0,False,0.7123809523809523,0.3980952380952381,0.81640625
24183,0,CF2,L4,0.5,dictlearn,0,0,0.7498064637184143,1,False,0.8206039076376554,0.44404973357015987,0.9765625
20842,0,CF2,L4,0.5,dictlearn,3,2,0.729003369808197,0,False,0.8440366972477065,0.44403669724770645,0.9453125
18825,0,CF2,L4,0.5,dictlearn,9,0,0.37892985343933105,0,False,0.7099236641221374,0.3015267175572519,0.6171875
6265,0,CF2,L4,0.5,dictlearn,1,6,0.5408652424812317,0,False,0.7366482504604052,0.36279926335174956,0.76953125
24932,0,CF2,L4,0.5,dictlearn,4,2,0.650698721408844,0,False,0.74,0.4018181818181818,0.86328125
14427,0,CF2,L4,0.5,dictlearn,8,0,0.6447121500968933,0,False,0.8011152416356877,0.4200743494423792,0.8828125
3740,0,CF2,L4,0.5,dictlearn,7,1,0.3402065634727478,0,False,0.7597402597402597,0.3392857142857143,0.81640625
16809,0,CF2,L4,0.5,dictlearn,9,1,0.30476534366607666,0,False,0.7713248638838476,0.4047186932849365,0.87109375
1136,0,CF2,L4,0.5,dictlearn,1,2,0.490107923746109,0,False,0.7989690721649485,0.28865979381443296,0.65625
25757,0,CF2,L4,0.5,dictlearn,5,0,0.7204405069351196,0,False,0.8036363636363636,0.4618181818181818,0.9921875
7356,0,CF2,L4,0.5,dictlearn,4,1,0.5741841197013855,0,False,0.7556390977443609,0.42293233082706766,0.87890625
12298,0,CF2,L4,0.5,dictlearn,0,7,0.8072612285614014,0,False,0.8204633204633205,0.3667953667953668,0.7421875
5700,0,CF2,L4,0.5,dictlearn,3,2,0.7764732241630554,0,False,0.7849829351535836,0.2696245733788396,0.6171875
22753,0,CF2,L4,0.5,dictlearn,6,0,0.3096906840801239,0,False,0.786618444846293,0.3743218806509946,0.80859375
16813,0,CF2,L4,0.5,dictlearn,6,8,0.3200031518936157,0,False,0.718336483931947,0.41965973534971646,0.8671875
7373,0,CF2,L4,0.5,dictlearn,8,1,0.39569148421287537,0,False,0.7981481481481482,0.4537037037037037,0.95703125
20149,0,CF2,L4,0.5,dictlearn,2,2,0.6162331700325012,1,False,0.7859848484848485,0.38636363636363635,0.796875
15874,0,CF2,L4,0.5,dictlearn,9,2,0.593530535697937,0,False,0.8127272727272727,0.43636363636363634,0.9375
26011,0,CF2,L4,0.5,dictlearn,0,0,0.5590029358863831,1,False,0.8322147651006712,0.40268456375838924,0.9375
4196,0,CF2,L4,0.5,dictlearn,9,0,0.9147418141365051,0,False,0.8073394495412844,0.45871559633027525,0.9765625
11227,0,CF2,L4,0.5,dictlearn,3,0,0.4656258523464203,0,False,0.8062730627306273,0.35793357933579334,0.7578125
15736,0,CF2,L4,0.5,dictlearn,3,3,0.45455923676490784,1,False,0.8223062381852552,0.32136105860113423,0.6640625
6339,0,CF2,L4,0.5,dictlearn,6,0,0.7755603194236755,0,False,0.7553956834532374,0.4118705035971223,0.89453125
25704,0,CF2,L4,0.5,dictlearn,2,3,0.38695359230041504,0,False,0.7324723247232472,0.3505535055350554,0.7421875
3190,0,CF2,L4,0.5,dictlearn,7,1,0.3273192346096039,0,False,0.7523809523809524,0.38095238095238093,0.78125
737,0,CF2,L4,0.5,dictlearn,4,5,0.4320361018180847,0,False,0.7448405253283302,0.4446529080675422,0.92578125
22875,0,CF2,L4,0.5,dictlearn,9,0,0.6507827043533325,0,False,0.7219047619047619,0.3295238095238095,0.67578125
22749,0,CF2,L4,0.5,dictlearn,3,7,0.4248218238353729,0,False,0.7313432835820896,0.38619402985074625,0.80859375
22998,0,CF2,L4,0.5,dictlearn,3,1,0.5658943057060242,0,False,0.7734806629834254,0.42357274401473294,0.8984375
24210,0,CF2,L4,0.5,dictlearn,5,0,0.4699876308441162,0,False,0.8073217726396917,0.4797687861271676,0.97265625
6800,0,CF2,L4,0.5,dictlearn,4,2,0.9582064747810364,0,False,0.7806122448979592,0.4098639455782313,0.94140625
16602,0,CF2,L4,0.5,dictlearn,9,0,0.22489182651042938,0,False,0.77882797731569,0.3856332703213611,0.796875
10822,0,CF2,L4,0.5,dictlearn,6,4,0.9261487722396851,0,False,0.7193605683836589,0.25754884547069273,0.56640625
12822,0,CF2,L4,0.5,dictlearn,1,2,0.3805277943611145,0,False,0.8165784832451499,0.4056437389770723,0.8984375
12758,0,CF2,L4,0.5,dictlearn,5,2,0.40661731362342834,0,False,0.7877629063097514,0.44550669216061184,0.91015625
21144,0,CF2,L4,0.5,dictlearn,4,6,0.737169623374939,0,False,0.7650375939849624,0.40037593984962405,0.83203125
4900,0,CF2,L4,0.5,dictlearn,6,5,0.7683587670326233,0,False,0.7713754646840149,0.4312267657992565,0.90625
22888,0,CF2,L4,0.5,dictlearn,9,2,0.6942086815834045,0,False,0.7797513321492007,0.38010657193605685,0.8359375
19935,0,CF2,L4,0.5,dictlearn,9,3,0.32706600427627563,0,False,0.7712665406427222,0.4215500945179584,0.87109375
21896,0,CF2,L4,0.5,dictlearn,7,7,0.28103309869766235,1,False,0.8097826086956522,0.447463768115942,0.96484375
3475,0,CF2,L4,0.5,dictlearn,3,3,0.599568247795105,1,False,0.7362428842504743,0.3396584440227704,0.69921875
16171,0,CF2,L4,0.5,dictlearn,0,0,0.9106302261352539,1,False,0.8297491039426523,0.4032258064516129,0.87890625
4672,0,CF2,L4,0.5,dictlearn,4,7,0.4469713866710663,0,False,0.7354596622889306,0.4427767354596623,0.921875
10146,0,CF2,L4,0.5,dictlearn,2,0,0.5786304473876953,0,False,0.740530303030303,0.42992424242424243,0.88671875
9207,0,CF2,L4,0.5,dictlearn,7,6,0.6530616879463196,0,False,0.8109161793372319,0.4444444444444444,0.890625
17745,0,CF2,L4,0.5,dictlearn,9,0,0.31375426054000854,0,False,0.6960600375234521,0.44090056285178236,0.91796875
432,0,CF2,L4,0.5,dictlearn,7,3,0.5331344604492188,0,False,0.7251461988304093,0.31773879142300193,0.63671875
6608,0,CF2,L4,0.5,dictlearn,4,0,0.4947682023048401,0,False,0.8003802281368821,0.41825095057034223,0.859375
25769,0,CF2,L4,0.5,dictlearn,9,2,0.9869710206985474,0,False,0.7734375,0.46484375,0.9296875
14774,0,CF2,L4,0.5,dictlearn,3,0,0.38951364159584045,0,False,0.8082706766917294,0.45300751879699247,0.94140625
21627,0,CF2,L4,0.5,dictlearn,4,4,0.5080260038375854,1,False,0.7303370786516854,0.36142322097378277,0.75390625
8133,0,CF2,L4,0.5,dictlearn,2,5,0.2962651252746582,0,False,0.795774647887324,0.4084507042253521,0.90625
12554,0,CF2,L4,0.5,dictlearn,4,2,0.9798699617385864,0,False,0.7670454545454546,0.4109848484848485,0.84765625
10856,0,CF2,L4,0.5,dictlearn,1,5,0.2894946336746216,0,False,0.7357798165137615,0.3889908256880734,0.828125
15931,0,CF2,L4,0.5,dictlearn,3,7,0.48351600766181946,0,False,0.746615087040619,0.46421663442940037,0.9375
2367,0,CF2,L4,0.5,dictlearn,2,0,0.8694313764572144,0,False,0.8095238095238095,0.4597069597069597,0.98046875
25563,0,CF2,L4,0.5,dictlearn,7,6,0.4762294292449951,0,False,0.7366412213740458,0.3416030534351145,0.69921875
6748,0,CF2,L4,0.5,dictlearn,2,5,0.43100252747535706,0,False,0.7093235831809872,0.2376599634369287,0.5078125
5368,0,CF2,L4,0.5,dictlearn,8,8,0.6148998141288757,1,False,0.76007326007326,0.38461538461538464,0.8203125
25951,0,CF2,L4,0.5,dictlearn,6,4,0.27559998631477356,0,False,0.7701149425287356,0.4731800766283525,0.96484375
22082,0,CF2,L4,0.5,dictlearn,7,2,0.3483903408050537,0,False,0.78515625,0.404296875,0.80859375
19301,0,CF2,L4,0.5,dictlearn,4,4,0.8180308938026428,1,False,0.7495256166982922,0.4117647058823529,0.84765625
13302,0,CF2,L4,0.5,dictlearn,4,8,0.7247320413589478,0,False,0.7562380038387716,0.30326295585412666,0.6171875
15358,0,CF2,L4,0.5,dictlearn,0,1,0.7467209696769714,0,False,0.8171846435100548,0.4570383912248629,0.9765625
23572,0,CF2,L4,0.5,dictlearn,2,7,0.4750407040119171,0,False,0.7847682119205298,0.36258278145695366,0.85546875
14736,0,CF2,L4,0.5,dictlearn,4,1,0.24842120707035065,0,False,0.7142857142857143,0.42105263157894735,0.875
16685,0,CF2,L4,0.5,dictlearn,2,0,0.5528845191001892,0,False,0.8091993185689949,0.41396933560477,0.94921875
21902,0,CF2,L4,0.5,dictlearn,7,1,0.4268651008605957,0,False,0.7735191637630662,0.4337979094076655,0.97265625
6713,0,CF2,L4,0.5,dictlearn,5,8,0.3435652256011963,0,False,0.7618181818181818,0.39090909090909093,0.83984375
8771,0,CF2,L4,0.5,dictlearn,4,5,0.5347622632980347,0,False,0.8164794007490637,0.45880149812734083,0.95703125
20264,0,CF2,L4,0.5,dictlearn,3,8,0.5741430521011353,0,False,0.7364341085271318,0.3953488372093023,0.796875
24489,0,CF2,L4,0.5,dictlearn,1,2,0.6820457577705383,0,False,0.7992895204262878,0.35168738898756663,0.7734375
24852,0,CF2,L4,0.5,dictlearn,1,7,0.44045397639274597,0,False,0.7921348314606742,0.40636704119850187,0.84765625
6746,0,CF2,L4,0.5,dictlearn,1,1,0.393306702375412,1,False,0.7248062015503876,0.3682170542635659,0.7421875
5951,0,CF2,L4,0.5,dictlearn,5,2,0.34369561076164246,0,False,0.7513611615245009,0.4029038112522686,0.8671875
6438,0,CF2,L4,0.5,dictlearn,4,3,0.8229238390922546,0,False,0.7007299270072993,0.2791970802919708,0.59765625
11126,0,CF2,L4,0.5,dictlearn,9,2,0.7584956884384155,0,False,0.7602230483271375,0.4033457249070632,0.84765625
24241,0,CF2,L4,0.5,dictlearn,3,5,0.5647724270820618,0,False,0.7279693486590039,0.38122605363984674,0.77734375
23621,0,CF2,L4,0.5,dictlearn,6,7,0.361993670463562,0,False,0.7527881040892194,0.36617100371747213,0.76953125
14358,0,CF2,L4,0.5,dictlearn,6,8,0.40386441349983215,0,False,0.7325581395348837,0.42248062015503873,0.8515625
19003,0,CF2,L4,0.5,dictlearn,6,0,0.604870617389679,0,False,0.8253968253968254,0.4109347442680776,0.91015625
3760,0,CF2,L4,0.5,dictlearn,9,7,0.28129759430885315,0,False,0.841726618705036,0.41007194244604317,0.890625
1155,0,CF2,L4,0.5,dictlearn,5,2,0.6106717586517334,0,False,0.7595419847328244,0.3950381679389313,0.80859375
22044,0,CF2,L4,0.5,dictlearn,8,8,0.49634015560150146,1,False,0.7623089983022071,0.3225806451612903,0.7421875
17521,0,CF2,L4,0.5,dictlearn,4,6,0.6004892587661743,0,False,0.8180076628352491,0.41379310344827586,0.84375
15177,0,CF2,L4,0.5,dictlearn,9,8,0.5069644451141357,0,False,0.7682242990654206,0.3383177570093458,0.70703125
21080,0,CF2,L4,0.5,dictlearn,0,5,0.6149676442146301,0,False,0.6943907156673114,0.4119922630560928,0.83203125
4507,0,CF2,L4,0.5,dictlearn,5,1,0.29075899720191956,0,False,0.8190661478599222,0.4708171206225681,0.9453125
10600,0,CF2,L4,0.5,dictlearn,7,2,0.5286763310432434,0,False,0.7359550561797753,0.36704119850187267,0.765625
11754,0,CF2,L4,0.5,dictlearn,1,1,0.6460216641426086,1,False,0.860738255033557,0.36073825503355705,0.83984375
22934,0,CF2,L4,0.5,dictlearn,4,0,0.423962265253067,0,False,0.8234234234234235,0.46126126126126127,1.0
19094,0,CF2,L4,0.5,dictlearn,3,3,0.7006735801696777,1,False,0.7083333333333334,0.3125,0.64453125
25246,0,CF2,L4,0.5,dictlearn,7,7,0.29599127173423767,1,False,0.7847619047619048,0.3980952380952381,0.81640625
14745,0,CF2,L4,0.5,dictlearn,2,0,0.9149173498153687,0,False,0.8255613126079447,0.4317789291882556,0.9765625
3177,0,CF2,L4,0.5,dictlearn,8,2,0.5885494947433472,0,False,0.8064516129032258,0.428842504743833,0.8828125
13870,0,CF2,L4,0.5,dictlearn,5,1,0.34298908710479736,0,False,0.75,0.353515625,0.70703125
5605,0,CF2,L4,0.5,dictlearn,6,2,0.9901718497276306,0,False,0.712890625,0.3984375,0.796875
5202,0,CF2,L4,0.5,dictlearn,8,7,0.4234900176525116,0,False,0.7863720073664825,0.39410681399631675,0.8359375
8800,0,CF2,L4,0.5,dictlearn,5,8,0.6470788717269897,0,False,0.7605118829981719,0.3510054844606947,0.75
645,0,CF2,L4,0.5,dictlearn,3,0,0.3226271867752075,0,False,0.7680311890838206,0.49902534113060426,1.0
16077,0,CF2,L4,0.5,dictlearn,5,2,0.6650642156600952,0,False,0.8125,0.5,1.0
15336,0,CF2,L4,0.5,dictlearn,5,5,0.3886231780052185,1,False,0.7387914230019493,0.4405458089668616,0.8828125
20933,0,CF2,L4,0.5,dictlearn,0,0,0.6595232486724854,1,False,0.8387715930902111,0.4798464491362764,0.9765625
10580,0,CF2,L4,0.5,dictlearn,8,7,0.49011194705963135,0,False,0.7609942638623327,0.3824091778202677,0.78125
25902,0,CF2,L4,0.5,dictlearn,6,7,0.38429197669029236,0,False,0.7478260869565218,0.3391304347826087,0.76171875
4666,0,CF2,L4,0.5,dictlearn,8,8,0.49702188372612,1,False,0.7906976744186046,0.41681574239713776,0.91015625
14541,0,CF2,L4,0.5,dictlearn,4,1,0.7650479674339294,0,False,0.775390625,0.486328125,0.97265625
7374,0,CF2,L4,0.5,dictlearn,5,8,0.5440089106559753,0,False,0.7235915492957746,0.3380281690140845,0.75
4697,0,CF2,L4,0.5,dictlearn,5,0,0.7587044835090637,0,False,0.8183520599250936,0.4606741573033708,0.9609375
6317,0,CF2,L4,0.5,dictlearn,5,5,0.39476490020751953,1,False,0.7595419847328244,0.4484732824427481,0.91796875
16623,0,CF2,L4,0.5,dictlearn,6,0,0.5740049481391907,0,False,0.8035714285714286,0.4107142857142857,0.8984375
16511,0,CF2,L4,0.5,dictlearn,6,3,0.3327629268169403,0,False,0.7693761814744802,0.30623818525519847,0.6328125
16162,0,CF2,L4,0.5,dictlearn,3,4,0.3294060230255127,0,False,0.7774140752864157,0.36333878887070375,0.8671875
5989,0,CF2,L4,0.5,dictlearn,1,6,0.34154510498046875,0,False,0.7903525046382189,0.45269016697588127,0.953125
18753,0,CF2,L4,0.5,dictlearn,5,3,0.5669189095497131,0,False,0.73992673992674,0.2564102564102564,0.546875
20853,0,CF2,L4,0.5,dictlearn,4,0,0.4328669309616089,0,False,0.7328646748681898,0.3954305799648506,0.87890625
16556,0,CF2,L4,0.5,dictlearn,0,0,0.5966413617134094,1,False,0.7992351816443595,0.40152963671128106,0.8203125
7019,0,CF2,L4,0.5,dictlearn,9,2,0.6902067065238953,0,False,0.7537593984962406,0.4266917293233083,0.88671875
3090,0,CF2,L4,0.5,dictlearn,6,0,0.36017289757728577,0,False,0.8234165067178503,0.4491362763915547,0.9140625
14680,0,CF2,L4,0.5,dictlearn,3,9,0.23074227571487427,0,False,0.7613019891500904,0.2911392405063291,0.62890625
869,0,CF2,L4,0.5,dictlearn,3,4,0.3536546230316162,0,False,0.7760910815939279,0.3908918406072106,0.8046875
7595,0,CF2,L4,0.5,dictlearn,6,2,0.4523984491825104,0,False,0.7551401869158878,0.2953271028037383,0.6171875
14417,0,CF2,L4,0.5,dictlearn,1,1,0.47698065638542175,1,False,0.7922330097087379,0.47378640776699027,0.953125
13624,0,CF2,L4,0.5,dictlearn,9,3,0.58430415391922,0,False,0.7737478411053541,0.4214162348877375,0.953125
21083,0,CF2,L4,0.5,dictlearn,0,0,0.7303910255432129,1,False,0.7547528517110266,0.4220532319391635,0.8671875
7556,0,CF2,L4,0.5,dictlearn,1,4,0.6130509376525879,0,False,0.7662337662337663,0.4044526901669759,0.8515625
9289,0,CF2,L4,0.5,dictlearn,8,3,0.2707681655883789,0,False,0.8015267175572519,0.44274809160305345,0.90625
19944,0,CF2,L4,0.5,dictlearn,3,2,0.29641100764274597,0,False,0.7419354838709677,0.3567362428842505,0.734375
6057,0,CF2,L4,0.5,dictlearn,1,1,0.8725211024284363,1,False,0.8093385214007782,0.41245136186770426,0.828125
23029,0,CF2,L4,0.5,dictlearn,8,0,0.3879220485687256,0,False,0.7773722627737226,0.4197080291970803,0.8984375
23668,0,CF2,L4,0.5,dictlearn,5,3,0.6073344945907593,0,False,0.7837837837837838,0.444015444015444,0.8984375
13115,0,CF2,L4,0.5,dictlearn,8,0,0.289663165807724,0,False,0.7839388145315488,0.44933078393881454,0.91796875
20635,0,CF2,L4,0.5,dictlearn,3,5,0.4276736378669739,0,False,0.755877034358047,0.3670886075949367,0.79296875
4281,0,CF2,L4,0.5,dictlearn,4,2,0.6725666522979736,0,False,0.803921568627451,0.4206773618538324,0.921875
4139,0,CF2,L4,0.5,dictlearn,9,0,0.9287866950035095,0,False,0.8307692307692308,0.49230769230769234,1.0
10652,0,CF2,L4,0.5,dictlearn,1,1,0.32948341965675354,1,False,0.810077519379845,0.42441860465116277,0.85546875
700,0,CF2,L4,0.5,dictlearn,1,3,0.44257643818855286,0,False,0.7396226415094339,0.35094339622641507,0.7265625
5772,0,CF2,L4,0.5,dictlearn,3,0,0.39990541338920593,0,False,0.7708333333333334,0.42424242424242425,0.875
8114,0,CF2,L4,0.5,dictlearn,9,2,0.8867350220680237,0,False,0.8092485549132948,0.48554913294797686,0.984375
5964,0,CF2,L4,0.5,dictlearn,6,3,0.5731173753738403,0,False,0.7009345794392523,0.2411214953271028,0.50390625
17278,0,CF2,L4,0.5,dictlearn,7,0,0.38123634457588196,0,False,0.801923076923077,0.37115384615384617,0.75390625
9961,0,CF2,L4,0.5,dictlearn,0,2,0.34864935278892517,0,False,0.7881679389312977,0.3797709923664122,0.77734375
25974,0,CF2,L4,0.5,dictlearn,7,7,0.8933534622192383,1,False,0.7625482625482626,0.4768339768339768,0.96484375
14317,0,CF2,L4,0.5,dictlearn,3,2,0.577946126461029,0,False,0.8132075471698114,0.47924528301886793,0.9921875
6485,0,CF2,L4,0.5,dictlearn,0,3,0.5418545007705688,0,False,0.7746212121212122,0.38257575757575757,0.7890625
18287,0,CF2,L4,0.5,dictlearn,0,0,0.49304312467575073,1,False,0.8083182640144665,0.41952983725135623,0.90625
11840,0,CF2,L4,0.5,dictlearn,4,6,0.4353999197483063,0,False,0.7509727626459144,0.4571984435797665,0.91796875
864,0,CF2,L4,0.5,dictlearn,0,0,0.7117505073547363,1,False,0.7585551330798479,0.4372623574144487,0.8984375
20612,0,CF2,L4,0.5,dictlearn,1,0,0.3915005922317505,0,False,0.7315436241610739,0.2684563758389262,0.625
21079,0,CF2,L4,0.5,dictlearn,1,1,0.6380388736724854,1,False,0.7374784110535406,0.38341968911917096,0.8671875
11286,0,CF2,L4,0.5,dictlearn,5,7,0.47719109058380127,0,False,0.8126195028680688,0.45506692160611856,0.9296875
788,0,CF2,L4,0.5,dictlearn,0,0,0.39305540919303894,1,False,0.7469458987783595,0.38917975567190227,0.87109375
15932,0,CF2,L4,0.5,dictlearn,3,0,0.8646050095558167,0,False,0.7584269662921348,0.4232209737827715,0.8828125
18511,0,CF2,L4,0.5,dictlearn,3,3,0.7148919105529785,1,False,0.6816479400749064,0.2883895131086142,0.6015625
21576,0,CF2,L4,0.5,dictlearn,5,2,0.49833589792251587,0,False,0.8015122873345936,0.42344045368620037,0.875
17237,0,CF2,L4,0.5,dictlearn,2,2,0.4839217960834503,1,False,0.8209764918625678,0.42495479204339964,0.91796875
2966,0,CF2,L4,0.5,dictlearn,2,2,0.9590754508972168,1,False,0.7504761904761905,0.4361904761904762,0.89453125
16416,0,CF2,L4,0.5,dictlearn,5,5,0.8323822617530823,1,False,0.8171206225680934,0.3715953307392996,0.74609375
1280,0,CF2,L4,0.5,dictlearn,5,1,0.4595189094543457,0,False,0.8145315487571702,0.40535372848948376,0.828125
24928,0,CF2,L4,0.5,dictlearn,0,3,0.31729745864868164,0,False,0.7926421404682275,0.3377926421404682,0.7890625
23837,0,CF2,L4,0.5,dictlearn,1,1,0.3269791007041931,1,False,0.7822736030828517,0.3063583815028902,0.62109375
20230,0,CF2,L4,0.5,dictlearn,1,4,0.5841027498245239,0,False,0.8037383177570093,0.40186915887850466,0.83984375
23434,0,CF2,L4,0.5,dictlearn,5,3,0.35705530643463135,0,False,0.7356687898089171,0.3646496815286624,0.89453125
20522,0,CF2,L4,0.5,dictlearn,6,1,0.7062546014785767,0,False,0.8188405797101449,0.3967391304347826,0.85546875
7789,0,CF2,L4,0.5,dictlearn,3,7,0.42540788650512695,0,False,0.7932773109243697,0.3663865546218487,0.8515625
22086,0,CF2,L4,0.5,dictlearn,6,6,0.4794273376464844,1,False,0.7533206831119544,0.4174573055028463,0.859375
21339,0,CF2,L4,0.5,dictlearn,0,2,0.8942108154296875,0,False,0.7255520504731862,0.3422712933753943,0.84765625
6830,0,CF2,L4,0.5,dictlearn,9,7,0.4987918734550476,0,False,0.8406909788867563,0.43186180422264875,0.87890625
20902,0,CF2,L4,0.5,dictlearn,2,3,0.5741703510284424,0,False,0.7914230019493177,0.41130604288499023,0.82421875
17481,0,CF2,L4,0.5,dictlearn,5,0,0.48298215866088867,0,False,0.7756653992395437,0.4448669201520912,0.9140625
3050,0,CF2,L4,0.5,dictlearn,6,5,0.36979806423187256,0,False,0.7533460803059273,0.361376673040153,0.73828125
409,0,CF2,L4,0.5,dictlearn,1,2,0.5023770332336426,0,False,0.7604562737642585,0.4068441064638783,0.8359375
14823,0,CF2,L4,0.5,dictlearn,7,7,0.4242379367351532,1,False,0.7984644913627639,0.44529750479846447,0.90625
22892,0,CF2,L4,0.5,dictlearn,9,2,0.6553297638893127,0,False,0.8148854961832062,0.37404580152671757,0.765625
9470,0,CF2,L4,0.5,dictlearn,8,3,0.31428202986717224,0,False,0.7258687258687259,0.3108108108108108,0.62890625
9543,0,CF2,L4,0.5,dictlearn,6,2,0.5880698561668396,0,False,0.768270944741533,0.3939393939393939,0.86328125
22090,0,CF2,L4,0.5,dictlearn,5,3,0.47185808420181274,0,False,0.7960992907801419,0.4095744680851064,0.90234375
6045,0,CF2,L4,0.5,dictlearn,6,0,0.4745354950428009,0,False,0.7538759689922481,0.46705426356589147,0.94140625
317,0,CF2,L4,0.5,dictlearn,8,2,0.640005886554718,0,False,0.7769784172661871,0.42985611510791366,0.93359375
15812,0,CF2,L4,0.5,dictlearn,0,0,0.8549394011497498,1,False,0.783427495291902,0.4632768361581921,0.9609375
18170,0,CF2,L4,0.5,dictlearn,9,1,0.566196858882904,0,False,0.8161350844277674,0.43151969981238275,0.8984375
14781,0,CF2,L4,0.5,dictlearn,0,0,0.6661829352378845,1,False,0.8296703296703297,0.43956043956043955,0.9375
17886,0,CF2,L4,0.5,dictlearn,9,5,0.37979573011398315,0,False,0.7532710280373832,0.4130841121495327,0.86328125
20049,0,CF2,L4,0.5,dictlearn,3,0,0.46356064081192017,0,False,0.8453237410071942,0.44964028776978415,0.9765625
13283,0,CF2,L4,0.5,dictlearn,0,1,0.8739524483680725,0,False,0.8108108108108109,0.44787644787644787,0.90625
25830,0,CF2,L4,0.5,dictlearn,5,6,0.4232340157032013,0,False,0.7759856630824373,0.36917562724014336,0.8046875
14277,0,CF2,L4,0.5,dictlearn,9,2,0.3812365233898163,0,False,0.7595419847328244,0.42366412213740456,0.8671875
5908,0,CF2,L4,0.5,dictlearn,1,0,0.3579736351966858,0,False,0.82174688057041,0.42424242424242425,0.9296875
9731,0,CF2,L4,0.5,dictlearn,8,7,0.8797786235809326,0,False,0.7973231357552581,0.44933078393881454,0.91796875
14180,0,CF2,L4,0.5,dictlearn,9,0,0.9283205270767212,0,False,0.8302583025830258,0.4483394833948339,0.94921875
9246,0,CF2,L4,0.5,dictlearn,2,2,0.6520963311195374,1,False,0.8288461538461539,0.4634615384615385,0.94140625
1656,0,CF2,L4,0.5,dictlearn,2,3,0.31435367465019226,0,False,0.7874306839186691,0.3733826247689464,0.7890625
17712,0,CF2,L4,0.5,dictlearn,1,1,0.45308804512023926,1,False,0.7831775700934579,0.47102803738317756,0.984375
25544,0,CF2,L4,0.5,dictlearn,9,6,0.4382686913013458,0,False,0.75,0.4166666666666667,0.83984375
1120,0,CF2,L4,0.5,dictlearn,5,2,0.665897011756897,0,False,0.7869481765834933,0.3857965451055662,0.78515625
1298,0,CF2,L4,0.5,dictlearn,6,3,0.41718634963035583,0,False,0.7850953206239168,0.3344887348353553,0.75390625
25570,0,CF2,L4,0.5,dictlearn,2,2,0.6295762062072754,1,False,0.6940726577437859,0.35181644359464626,0.71875
5370,0,CF2,L4,0.5,dictlearn,7,0,0.31606772541999817,0,False,0.7787769784172662,0.37050359712230213,0.8046875
19075,0,CF2,L4,0.5,dictlearn,2,2,0.9181423783302307,1,False,0.8136531365313653,0.4446494464944649,0.94140625
8583,0,CF2,L4,0.5,dictlearn,0,1,0.26025301218032837,0,False,0.811284046692607,0.4708171206225681,0.9453125
2133,0,CF2,L4,0.5,dictlearn,0,1,0.31997644901275635,0,False,0.8376511226252159,0.4162348877374784,0.94140625
1982,0,CF2,L4,0.5,dictlearn,2,8,0.902662992477417,0,False,0.75,0.3511450381679389,0.71875
950,0,CF2,L4,0.5,dictlearn,8,0,0.8363395929336548,0,False,0.7388059701492538,0.3843283582089552,0.8046875
19563,0,CF2,L4,0.5,dictlearn,4,1,0.26201844215393066,0,False,0.8155893536121673,0.4524714828897338,0.9296875
21023,0,CF2,L4,0.5,dictlearn,6,2,0.47475406527519226,0,False,0.755859375,0.431640625,0.86328125
15687,0,CF2,L4,0.5,dictlearn,0,7,0.7199382781982422,0,False,0.7902912621359224,0.4679611650485437,0.94140625
6444,0,CF2,L4,0.5,dictlearn,6,8,0.36599400639533997,0,False,0.7358490566037735,0.3867924528301887,0.80078125
15735,0,CF2,L4,0.5,dictlearn,4,6,0.5779293775558472,0,False,0.7734375,0.4453125,0.890625
10651,0,CF2,L4,0.5,dictlearn,0,0,0.37940728664398193,1,False,0.7895752895752896,0.48455598455598453,0.98046875
13256,0,CF2,L4,0.5,dictlearn,1,1,0.6864518523216248,1,False,0.8118081180811808,0.42988929889298894,0.91015625
16855,0,CF2,L4,0.5,dictlearn,6,6,0.28430449962615967,1,False,0.7738970588235294,0.39889705882352944,0.84765625
14884,0,CF2,L4,0.5,dictlearn,9,2,0.5109503269195557,0,False,0.8164794007490637,0.44569288389513106,0.9296875
21884,0,CF2,L4,0.5,dictlearn,6,5,0.725684642791748,0,False,0.7310606060606061,0.3503787878787879,0.72265625
5078,0,CF2,L4,0.5,dictlearn,3,3,0.8203921914100647,1,False,0.7670454545454546,0.3541666666666667,0.73046875
20419,0,CF2,L4,0.5,dictlearn,9,4,0.47313207387924194,0,False,0.7844990548204159,0.3837429111531191,0.79296875
20521,0,CF2,L4,0.5,dictlearn,5,7,0.3747457265853882,0,False,0.7896749521988528,0.45506692160611856,0.9296875
23257,0,CF2,L4,0.5,dictlearn,5,2,0.6634677052497864,0,False,0.8131021194605009,0.4393063583815029,0.890625
17190,0,CF2,L4,0.5,dictlearn,2,2,0.7759772539138794,1,False,0.7578558225508318,0.4029574861367837,0.8515625
15631,0,CF2,L4,0.5,dictlearn,8,8,0.31058260798454285,1,False,0.8031189083820662,0.4269005847953216,0.85546875
504,0,CF2,L4,0.5,dictlearn,0,6,0.6555690169334412,0,False,0.7568093385214008,0.39299610894941633,0.7890625
14990,0,CF2,L4,0.5,dictlearn,3,1,0.969459056854248,0,False,0.7664233576642335,0.4489051094890511,0.9609375
24512,0,CF2,L4,0.5,dictlearn,8,0,0.4853503406047821,0,False,0.7617260787992496,0.39587242026266417,0.82421875
23120,0,CF2,L4,0.5,dictlearn,7,0,0.287935733795166,0,False,0.7464285714285714,0.39464285714285713,0.86328125
3357,0,CF2,L4,0.5,dictlearn,2,9,0.42773470282554626,0,False,0.7783595113438045,0.38917975567190227,0.87109375
8088,0,CF2,L4,0.5,dictlearn,1,4,0.24565744400024414,0,False,0.7786116322701688,0.32833020637898686,0.68359375
21849,0,CF2,L4,0.5,dictlearn,9,7,0.39111924171447754,0,False,0.7606679035250464,0.38589981447124305,0.8125
13683,0,CF2,L4,0.5,dictlearn,0,0,0.88298499584198,1,False,0.8386524822695035,0.4397163120567376,0.96875
22718,0,CF2,L4,0.5,dictlearn,9,2,0.2610999643802643,0,False,0.6979742173112339,0.36464088397790057,0.7734375
9927,0,CF2,L4,0.5,dictlearn,4,5,0.7161213159561157,0,False,0.7409523809523809,0.3295238095238095,0.67578125
11425,0,CF2,L4,0.5,dictlearn,0,6,0.3093136250972748,0,False,0.7524177949709865,0.4622823984526112,0.93359375
14578,0,CF2,L4,0.5,dictlearn,0,8,0.21534553170204163,0,False,0.8003802281368821,0.4866920152091255,1.0
25481,0,CF2,L4,0.5,dictlearn,8,0,0.6095845103263855,0,False,0.8380281690140845,0.44366197183098594,0.984375
11269,0,CF2,L4,0.5,dictlearn,5,3,0.400378555059433,0,False,0.764378478664193,0.3339517625231911,0.703125
12877,0,CF2,L4,0.5,dictlearn,5,7,0.47911888360977173,0,False,0.798941798941799,0.4126984126984127,0.9140625
22531,0,CF2,L4,0.5,dictlearn,9,1,0.19294680655002594,0,False,0.7541899441340782,0.3947858472998138,0.828125
13150,0,CF2,L4,0.5,dictlearn,3,2,0.2522798180580139,0,False,0.8218181818181818,0.4036363636363636,0.8671875
5654,0,CF2,L4,0.5,dictlearn,8,8,0.5177517533302307,1,False,0.747104247104247,0.4555984555984556,0.921875
1286,0,CF2,L4,0.5,dictlearn,7,1,0.3154071867465973,0,False,0.7553398058252427,0.4524271844660194,0.91015625
1652,0,CF2,L4,0.5,dictlearn,1,1,0.462956041097641,1,False,0.8026070763500931,0.4618249534450652,0.96875
22335,0,CF2,L4,0.5,dictlearn,2,4,0.3105122745037079,0,False,0.7728155339805826,0.4077669902912621,0.8203125
23848,0,CF2,L4,0.5,dictlearn,3,8,0.5064934492111206,0,False,0.7013232514177694,0.30245746691871456,0.625
2892,0,CF2,L4,0.5,dictlearn,6,0,0.8212577104568481,0,False,0.7937743190661478,0.4280155642023346,0.859375
16530,0,CF2,L4,0.5,dictlearn,8,0,0.3020564317703247,0,False,0.8007590132827325,0.4269449715370019,0.87890625
12848,0,CF2,L4,0.5,dictlearn,8,0,0.6832409501075745,0,False,0.7458256029684601,0.3747680890538033,0.7890625
7330,0,CF2,L4,0.5,dictlearn,7,0,0.3791360855102539,0,False,0.801094890510949,0.4397810218978102,0.94140625
3676,0,CF2,L4,0.5,dictlearn,1,1,0.8087286949157715,1,False,0.7785588752196837,0.4428822495606327,0.984375
19966,0,CF2,L4,0.5,dictlearn,8,8,0.42200979590415955,1,False,0.7926356589147286,0.4050387596899225,0.81640625
8382,0,CF2,L4,0.5,dictlearn,5,2,0.9374905228614807,0,False,0.789103690685413,0.4253075571177504,0.9453125
19660,0,CF2,L4,0.5,dictlearn,7,2,0.692739725112915,0,False,0.8464223385689355,0.3961605584642234,0.88671875
2508,0,CF2,L4,0.5,dictlearn,9,9,0.47620919346809387,1,False,0.720616570327553,0.35260115606936415,0.71484375
2360,0,CF2,L4,0.5,dictlearn,4,3,0.4172203540802002,0,False,0.7447619047619047,0.38476190476190475,0.7890625
16796,0,CF2,L4,0.5,dictlearn,1,2,0.43769463896751404,0,False,0.7169811320754716,0.37169811320754714,0.76953125
23426,0,CF2,L4,0.5,dictlearn,9,5,0.2850642204284668,0,False,0.7100371747211895,0.3420074349442379,0.71875
15590,0,CF2,L4,0.5,dictlearn,2,0,0.601394534111023,0,False,0.8108108108108109,0.40878378378378377,0.9453125
6302,0,CF2,L4,0.5,dictlearn,3,1,0.39806023240089417,0,False,0.7985347985347986,0.4542124542124542,0.96875
24519,0,CF2,L4,0.5,dictlearn,7,0,0.3933272361755371,0,False,0.8426103646833013,0.472168905950096,0.9609375
23276,0,CF2,L4,0.5,dictlearn,2,0,0.7451589703559875,0,False,0.8133333333333334,0.4666666666666667,0.95703125
24566,0,CF2,L4,0.5,dictlearn,8,7,0.8709849119186401,0,False,0.7874306839186691,0.4565619223659889,0.96484375
20978,0,CF2,L4,0.5,dictlearn,1,8,0.42423930764198303,0,False,0.7571428571428571,0.39107142857142857,0.85546875
8990,0,CF2,L4,0.5,dictlearn,3,5,0.3316846787929535,0,False,0.7865961199294532,0.41622574955908287,0.921875
11061,0,CF2,L4,0.5,dictlearn,7,0,0.4582885503768921,0,False,0.8134615384615385,0.47692307692307695,0.96875
7075,0,CF2,L4,0.5,dictlearn,9,7,0.466724693775177,0,False,0.8108108108108109,0.4206081081081081,0.97265625
17641,0,CF2,L4,0.5,dictlearn,2,2,0.899725615978241,1,False,0.8347529812606473,0.43100511073253833,0.98828125
12077,0,CF2,L4,0.5,dictlearn,9,9,0.9116725325584412,1,False,0.70703125,0.36328125,0.7265625
1779,0,CF2,L4,0.5,dictlearn,7,6,0.30917665362358093,0,False,0.7546125461254612,0.33948339483394835,0.71875
11519,0,CF2,L4,0.5,dictlearn,4,2,0.49927422404289246,0,False,0.8073929961089494,0.4980544747081712,1.0
8549,0,CF2,L4,0.5,dictlearn,3,2,0.4673483371734619,0,False,0.7721280602636534,0.4218455743879473,0.875
14623,0,CF2,L4,0.5,dictlearn,6,4,0.3289920389652252,0,False,0.7810077519379846,0.45542635658914726,0.91796875
10846,0,CF2,L4,0.5,dictlearn,3,2,0.7814946174621582,0,False,0.7934782608695652,0.3713768115942029,0.80078125
16289,0,CF2,L4,0.5,dictlearn,3,0,0.6579325795173645,0,False,0.7509727626459144,0.43190661478599224,0.8671875
12311,0,CF2,L4,0.5,dictlearn,8,4,0.27063295245170593,0,False,0.8205128205128205,0.3076923076923077,0.65625
6068,0,CF2,L4,0.5,dictlearn,8,5,0.6184146404266357,0,False,0.7611650485436893,0.458252427184466,0.921875
9629,0,CF2,L4,0.5,dictlearn,6,3,0.18257153034210205,0,False,0.8021778584392014,0.41560798548094374,0.89453125
19560,0,CF2,L4,0.5,dictlearn,3,0,0.6290692687034607,0,False,0.7984790874524715,0.47338403041825095,0.97265625
10379,0,CF2,L4,0.5,dictlearn,8,1,0.6610928773880005,0,False,0.7588126159554731,0.300556586270872,0.6328125
6499,0,CF2,L4,0.5,dictlearn,9,4,0.6793376207351685,0,False,0.7306273062730627,0.3191881918819188,0.67578125
1159,0,CF2,L4,0.5,dictlearn,0,0,0.8029705882072449,1,False,0.8322259136212624,0.42524916943521596,1.0
4366,0,CF2,L4,0.5,dictlearn,7,7,0.8465002775192261,1,False,0.7396226415094339,0.33584905660377357,0.6953125
8397,0,CF2,L4,0.5,dictlearn,1,0,0.7186224460601807,0,False,0.8043087971274686,0.4488330341113106,0.9765625
20905,0,CF2,L4,0.5,dictlearn,9,2,0.7305752038955688,0,False,0.7807486631016043,0.41532976827094475,0.91015625
15746,0,CF2,L4,0.5,dictlearn,5,7,0.5905635356903076,0,False,0.780718336483932,0.44045368620037806,0.91015625
9402,0,CF2,L4,0.5,dictlearn,3,2,0.40910592675209045,0,False,0.798828125,0.455078125,0.91015625
8164,0,CF2,L4,0.5,dictlearn,2,6,0.46089544892311096,0,False,0.7702205882352942,0.32536764705882354,0.69140625
510,0,CF2,L4,0.5,dictlearn,5,3,0.4439670741558075,0,False,0.7426470588235294,0.3400735294117647,0.72265625
24070,0,CF2,L4,0.5,dictlearn,9,1,0.46787407994270325,0,False,0.8052173913043478,0.43826086956521737,0.984375
2401,0,CF2,L4,0.5,dictlearn,4,5,0.5086432695388794,0,False,0.8003300330033003,0.3432343234323432,0.8125
12147,0,CF2,L4,0.5,dictlearn,3,3,0.3898221254348755,1,False,0.7533206831119544,0.40417457305502846,0.83203125
14499,0,CF2,L4,0.5,dictlearn,6,0,0.8431563377380371,0,False,0.8045977011494253,0.3831417624521073,0.78125
3530,0,CF2,L4,0.5,dictlearn,6,2,0.8021126985549927,0,False,0.8259325044404974,0.43872113676731794,0.96484375
14723,0,CF2,L4,0.5,dictlearn,7,2,0.9699485898017883,0,False,0.8076923076923077,0.4326923076923077,0.87890625
4435,0,CF2,L4,0.5,dictlearn,3,2,0.6163153648376465,0,False,0.7548262548262549,0.40540540540540543,0.8203125
22852,0,CF2,L4,0.5,dictlearn,2,4,0.4951602518558502,0,False,0.7795414462081128,0.30687830687830686,0.6796875
8461,0,CF2,L4,0.5,dictlearn,3,5,0.41965004801750183,0,False,0.7734375,0.48046875,0.9609375
21972,0,CF2,L4,0.5,dictlearn,7,2,0.41127851605415344,0,False,0.8128544423440454,0.44045368620037806,0.91015625
5410,0,CF2,L4,0.5,dictlearn,4,5,0.3790777325630188,0,False,0.7768595041322314,0.3785123966942149,0.89453125
17754,0,CF2,L4,0.5,dictlearn,6,7,0.47455477714538574,0,False,0.7796296296296297,0.4111111111111111,0.8671875
15311,0,CF2,L4,0.5,dictlearn,2,2,0.597440242767334,1,False,0.7572463768115942,0.4311594202898551,0.9296875
15185,0,CF2,L4,0.5,dictlearn,1,7,0.6601430773735046,0,False,0.7711069418386491,0.45778611632270166,0.953125
5663,0,CF2,L4,0.5,dictlearn,4,8,0.22408151626586914,0,False,0.7838312829525483,0.37785588752196836,0.83984375
6247,0,CF2,L4,0.5,dictlearn,6,1,0.5196396112442017,0,False,0.7822736030828517,0.44508670520231214,0.90234375
15287,0,CF2,L4,0.5,dictlearn,0,4,0.6966418623924255,0,False,0.7423076923076923,0.4576923076923077,0.9296875
19902,0,CF2,L4,0.5,dictlearn,0,0,0.41683605313301086,1,False,0.8003731343283582,0.47574626865671643,0.99609375
25188,0,CF2,L4,0.5,dictlearn,4,0,0.5272942185401917,0,False,0.7560975609756098,0.4333958724202627,0.90234375
11195,0,CF2,L4,0.5,dictlearn,8,0,0.6489054560661316,0,False,0.7941680960548885,0.36192109777015435,0.82421875
4828,0,CF2,L4,0.5,dictlearn,7,6,0.38050857186317444,0,False,0.7725631768953068,0.3285198555956679,0.7109375
23751,0,CF2,L4,0.5,dictlearn,5,5,0.21027889847755432,1,False,0.7592233009708738,0.37475728155339805,0.75390625
9464,0,CF2,L4,0.5,dictlearn,3,2,0.3709251582622528,0,False,0.7656529516994633,0.3685152057245081,0.8046875
25723,0,CF2,L4,0.5,dictlearn,0,0,0.3333483934402466,1,False,0.7553398058252427,0.41941747572815535,0.84375
16859,0,CF2,L4,0.5,dictlearn,5,5,0.28930190205574036,1,False,0.8161764705882353,0.43566176470588236,0.92578125
3601,0,CF2,L4,0.5,dictlearn,1,4,0.6753035187721252,0,False,0.7886792452830189,0.3849056603773585,0.796875
11679,0,CF2,L4,0.5,dictlearn,6,0,0.4651780128479004,0,False,0.7690839694656488,0.4637404580152672,0.94921875
12135,0,CF2,L4,0.5,dictlearn,7,6,0.19555972516536713,0,False,0.7857142857142857,0.4015444015444015,0.8125
16329,0,CF2,L4,0.5,dictlearn,1,2,0.579409122467041,0,False,0.7975986277873071,0.411663807890223,0.9375
94,0,CF2,L4,0.5,dictlearn,4,7,0.41139817237854004,0,False,0.7607913669064749,0.3345323741007194,0.7265625
14517,0,CF2,L4,0.5,dictlearn,9,0,0.3390408158302307,0,False,0.8134328358208955,0.46828358208955223,0.98046875
16852,0,CF2,L4,0.5,dictlearn,3,2,0.6094493269920349,0,False,0.7408695652173913,0.3739130434782609,0.83984375
6852,0,CF2,L4,0.5,dictlearn,6,0,0.6666178703308105,0,False,0.7607003891050583,0.4455252918287938,0.89453125
24858,0,CF2,L4,0.5,dictlearn,3,7,0.43480557203292847,0,False,0.8125,0.45075757575757575,0.9296875
297,0,CF2,L4,0.5,dictlearn,9,0,0.8749511241912842,0,False,0.8208092485549133,0.4932562620423892,1.0
12339,0,CF2,L4,0.5,dictlearn,2,2,0.5149891376495361,1,False,0.7518656716417911,0.416044776119403,0.87109375
20811,0,CF2,L4,0.5,dictlearn,8,5,0.5121340155601501,0,False,0.7452107279693486,0.37547892720306514,0.765625
12439,0,CF2,L4,0.5,dictlearn,5,0,0.6109569668769836,0,False,0.7871559633027523,0.45137614678899085,0.9609375
16632,0,CF2,L4,0.5,dictlearn,9,0,0.39566677808761597,0,False,0.7868217054263565,0.47093023255813954,0.94921875
5798,0,CF2,L4,0.5,dictlearn,4,0,0.5530725717544556,0,False,0.7512274959083469,0.3502454991816694,0.8359375
18458,0,CF2,L4,0.5,dictlearn,3,8,0.3338448405265808,0,False,0.752851711026616,0.3821292775665399,0.78515625
6105,0,CF2,L4,0.5,dictlearn,5,2,0.20962485671043396,0,False,0.7893772893772893,0.39194139194139194,0.8359375
10321,0,CF2,L4,0.5,dictlearn,6,2,0.4979540705680847,0,False,0.7616387337057728,0.4208566108007449,0.8828125
21771,0,CF2,L4,0.5,dictlearn,7,1,0.2511986494064331,0,False,0.7912885662431942,0.3793103448275862,0.81640625
22194,0,CF2,L4,0.5,dictlearn,0,0,0.743004322052002,1,False,0.7528301886792453,0.3867924528301887,0.80078125
6,0,CF2,L4,0.5,dictlearn,9,2,0.6107386350631714,0,False,0.7137330754352031,0.3578336557059961,0.72265625
912,0,CF2,L4,0.5,dictlearn,7,4,0.35871532559394836,0,False,0.7528735632183908,0.3045977011494253,0.62109375
16910,0,CF2,L4,0.5,dictlearn,5,0,0.5064651370048523,0,False,0.8347826086956521,0.4365217391304348,0.98046875
18738,0,CF2,L4,0.5,dictlearn,7,7,0.9075967073440552,1,False,0.7186897880539499,0.43545279383429675,0.8828125
18020,0,CF2,L4,0.5,dictlearn,9,7,0.5304930806159973,0,False,0.8108108108108109,0.42882882882882883,0.9296875
3462,0,CF2,L4,0.5,dictlearn,8,0,0.39314404129981995,0,False,0.7839851024208566,0.3817504655493482,0.80078125
5696,0,CF2,L4,0.5,dictlearn,1,0,0.5777786374092102,0,False,0.8359375,0.484375,0.96875
15066,0,CF2,L4,0.5,dictlearn,3,1,0.6151440143585205,0,False,0.7915869980879541,0.39961759082217974,0.81640625
10653,0,CF2,L4,0.5,dictlearn,9,0,0.6445187926292419,0,False,0.7926356589147286,0.4689922480620155,0.9453125
13337,0,CF2,L4,0.5,dictlearn,2,2,0.6221901774406433,1,False,0.7829457364341085,0.4689922480620155,0.9453125
12340,0,CF2,L4,0.5,dictlearn,5,0,0.37064656615257263,0,False,0.7971274685816876,0.414721723518851,0.90234375
9536,0,CF2,L4,0.5,dictlearn,0,0,0.7690197825431824,1,False,0.8033333333333333,0.405,0.94921875
3566,0,CF2,L4,0.5,dictlearn,4,4,0.6663491725921631,1,False,0.8226415094339623,0.4641509433962264,0.9609375
20090,0,CF2,L4,0.5,dictlearn,4,1,0.37899845838546753,0,False,0.8043117744610282,0.4129353233830846,0.97265625
211,0,CF2,L4,0.5,dictlearn,0,2,0.5328306555747986,0,False,0.7324478178368121,0.4079696394686907,0.83984375
55,0,CF2,L4,0.5,dictlearn,8,2,0.3892282247543335,0,False,0.7680311890838206,0.47953216374269003,0.9609375
1477,0,CF2,L4,0.5,dictlearn,2,1,0.7478359937667847,0,False,0.8366606170598911,0.42286751361161523,0.91015625
25898,0,CF2,L4,0.5,dictlearn,0,4,0.8192419409751892,0,False,0.8099808061420346,0.43761996161228406,0.890625
25713,0,CF2,L4,0.5,dictlearn,0,4,0.5756727457046509,0,False,0.8166666666666667,0.42592592592592593,0.8984375
18055,0,CF2,L4,0.5,dictlearn,3,3,0.41425076127052307,1,False,0.8081395348837209,0.3391472868217054,0.68359375
17461,0,CF2,L4,0.5,dictlearn,3,1,0.2457340657711029,0,False,0.7693631669535284,0.3459552495697074,0.78515625
14237,0,CF2,L4,0.5,dictlearn,7,0,0.4793621301651001,0,False,0.7885304659498208,0.4265232974910394,0.9296875
13858,0,CF2,L4,0.5,dictlearn,1,1,0.6215269565582275,1,False,0.7726396917148363,0.4701348747591522,0.953125
12386,0,CF2,L4,0.5,dictlearn,5,7,0.544794499874115,0,False,0.8049242424242424,0.4602272727272727,0.94921875
7223,0,CF2,L4,0.5,dictlearn,9,2,0.25359198451042175,0,False,0.7132616487455197,0.3064516129032258,0.66796875
3153,0,CF2,L4,0.5,dictlearn,5,0,0.7012541890144348,0,False,0.8288461538461539,0.4807692307692308,0.9765625
23265,0,CF2,L4,0.5,dictlearn,8,5,0.45169419050216675,0,False,0.7514563106796116,0.40388349514563104,0.8125
9465,0,CF2,L4,0.5,dictlearn,0,0,0.4689391255378723,1,False,0.7919847328244275,0.44656488549618323,0.9140625
7419,0,CF2,L4,0.5,dictlearn,0,8,0.6191622018814087,0,False,0.7283236994219653,0.4046242774566474,0.8203125
4722,0,CF2,L4,0.5,dictlearn,6,5,0.38590314984321594,0,False,0.8404452690166976,0.4174397031539889,0.87890625
23448,0,CF2,L4,0.5,dictlearn,6,5,0.43164128065109253,0,False,0.7722960151802657,0.3377609108159393,0.6953125
8222,0,CF2,L4,0.5,dictlearn,2,2,0.5986251831054688,1,False,0.8297872340425532,0.4564796905222437,0.921875
20898,0,CF2,L4,0.5,dictlearn,8,0,0.5503261089324951,0,False,0.794921875,0.482421875,0.96484375
23313,0,CF2,L4,0.5,dictlearn,2,0,0.2879284918308258,0,False,0.7129277566539924,0.3726235741444867,0.765625
13426,0,CF2,L4,0.5,dictlearn,2,2,0.9044379591941833,1,False,0.7917448405253283,0.41275797373358347,0.859375
25136,0,CF2,L4,0.5,dictlearn,4,7,0.9610559940338135,0,False,0.7151162790697675,0.44573643410852715,0.8984375
9268,0,CF2,L4,0.5,dictlearn,4,0,0.3081154525279999,0,False,0.7973231357552581,0.4474187380497132,0.9140625
3892,0,CF2,L4,0.5,dictlearn,1,1,0.9720572233200073,1,False,0.8168224299065421,0.4747663551401869,0.9921875
4115,0,CF2,L4,0.5,dictlearn,3,0,0.820013701915741,0,False,0.7826923076923077,0.4442307692307692,0.90234375
5166,0,CF2,L4,0.5,dictlearn,7,7,0.38354599475860596,1,False,0.7961672473867596,0.40418118466898956,0.90625
14984,0,CF2,L4,0.5,dictlearn,3,0,0.8330255150794983,0,False,0.7854545454545454,0.43454545454545457,0.93359375
10520,0,CF2,L4,0.5,dictlearn,1,7,0.5443022847175598,0,False,0.7751937984496124,0.46705426356589147,0.94140625
4379,0,CF2,L4,0.5,dictlearn,2,2,0.5322916507720947,1,False,0.8126195028680688,0.47609942638623326,0.97265625
8937,0,CF2,L4,0.5,dictlearn,1,1,0.9498752951622009,1,False,0.7669902912621359,0.3145631067961165,0.6328125
17550,0,CF2,L4,0.5,dictlearn,9,9,0.832815408706665,1,False,0.7661141804788214,0.35543278084714547,0.75390625
19085,0,CF2,L4,0.5,dictlearn,9,2,0.5462135076522827,0,False,0.7879377431906615,0.3657587548638132,0.734375
17902,0,CF2,L4,0.5,dictlearn,6,9,0.19155080616474152,0,False,0.8174757281553398,0.4155339805825243,0.8359375
14780,0,CF2,L4,0.5,dictlearn,8,3,0.39231693744659424,0,False,0.7125435540069687,0.25261324041811845,0.56640625
8401,0,CF2,L4,0.5,dictlearn,0,7,0.3922475576400757,0,False,0.6945525291828794,0.377431906614786,0.7578125
11230,0,CF2,L4,0.5,dictlearn,2,0,0.5647845268249512,0,False,0.8122605363984674,0.4885057471264368,0.99609375
1772,0,CF2,L4,0.5,dictlearn,3,1,0.2553122043609619,0,False,0.8160291438979964,0.44808743169398907,0.9609375
13326,0,CF2,L4,0.5,dictlearn,4,4,0.908851146697998,1,False,0.7794392523364486,0.4074766355140187,0.8515625
15230,0,CF2,L4,0.5,dictlearn,5,3,0.4463013708591461,0,False,0.74573055028463,0.42125237191650855,0.8671875
20557,0,CF2,L4,0.5,dictlearn,0,4,0.5292859077453613,0,False,0.7831775700934579,0.39065420560747666,0.81640625
9555,0,CF2,L4,0.5,dictlearn,1,7,0.6220191717147827,0,False,0.7660377358490567,0.39245283018867927,0.8125
3667,0,CF2,L4,0.5,dictlearn,6,0,0.9208729267120361,0,False,0.7889733840304183,0.40874524714828897,0.83984375
5316,0,CF2,L4,0.5,dictlearn,5,1,0.2958218455314636,0,False,0.8128654970760234,0.4405458089668616,0.8828125
3606,0,CF2,L4,0.5,dictlearn,5,1,0.5664843916893005,0,False,0.8139097744360902,0.48120300751879697,1.0
25776,0,CF2,L4,0.5,dictlearn,6,0,0.937311053276062,0,False,0.7859922178988327,0.3560311284046693,0.71484375
22231,0,CF2,L4,0.5,dictlearn,1,2,0.5556917786598206,0,False,0.8037037037037037,0.46296296296296297,0.9765625
10855,0,CF2,L4,0.5,dictlearn,7,3,0.4387722611427307,0,False,0.7402597402597403,0.3469387755102041,0.73046875
130,0,CF2,L4,0.5,dictlearn,6,2,0.7165541052818298,0,False,0.8275862068965517,0.4731800766283525,0.96484375
434,0,CF2,L4,0.5,dictlearn,8,0,0.9697413444519043,0,False,0.7734375,0.4375,0.875
5308,0,CF2,L4,0.5,dictlearn,5,2,0.42566555738449097,0,False,0.7137614678899082,0.41284403669724773,0.87890625
17682,0,CF2,L4,0.5,dictlearn,4,7,0.794282853603363,0,False,0.7523277467411545,0.43575418994413406,0.9140625
16682,0,CF2,L4,0.5,dictlearn,8,2,0.619376003742218,0,False,0.7903225806451613,0.4157706093189964,0.90625
12660,0,CF2,L4,0.5,dictlearn,5,2,0.5733492970466614,0,False,0.7653429602888087,0.42057761732851984,0.91015625
21362,0,CF2,L4,0.5,dictlearn,5,2,0.6735660433769226,0,False,0.8152380952380952,0.3980952380952381,0.81640625
15483,0,CF2,L4,0.5,dictlearn,4,2,0.8805640339851379,0,False,0.7616279069767442,0.4496124031007752,0.90625
5289,0,CF2,L4,0.5,dictlearn,5,0,0.32365682721138,0,False,0.7169117647058824,0.3694852941176471,0.78515625
19757,0,CF2,L4,0.5,dictlearn,1,7,0.600597620010376,0,False,0.8035019455252919,0.4727626459143969,0.94921875
6799,0,CF2,L4,0.5,dictlearn,2,2,0.9556365013122559,1,False,0.674373795761079,0.2947976878612717,0.59765625
18871,0,CF2,L4,0.5,dictlearn,2,0,0.6167611479759216,0,False,0.8235294117647058,0.4857685009487666,1.0
4740,0,CF2,L4,0.5,dictlearn,3,7,0.32941555976867676,0,False,0.7942307692307692,0.37115384615384617,0.75390625
14926,0,CF2,L4,0.5,dictlearn,5,0,0.8286066055297852,0,False,0.8223062381852552,0.44045368620037806,0.91015625
3549,0,CF2,L4,0.5,dictlearn,4,8,0.3746658265590668,0,False,0.7723735408560312,0.44357976653696496,0.890625
13336,0,CF2,L4,0.5,dictlearn,9,2,0.8395138382911682,0,False,0.8014571948998178,0.41712204007285975,0.89453125
8302,0,CF2,L4,0.5,dictlearn,3,0,0.44586849212646484,0,False,0.7739463601532567,0.4578544061302682,0.93359375
19884,0,CF2,L4,0.5,dictlearn,8,2,0.5150780081748962,0,False,0.7670454545454546,0.42613636363636365,0.87890625
6927,0,CF2,L4,0.5,dictlearn,1,7,0.5252427458763123,0,False,0.751412429378531,0.4274952919020716,0.88671875
15277,0,CF2,L4,0.5,dictlearn,6,2,0.3494064509868622,0,False,0.7737881508078994,0.44165170556552963,0.9609375
20278,0,CF2,L4,0.5,dictlearn,3,0,0.3618675470352173,0,False,0.7408829174664108,0.43378119001919385,0.8828125
654,0,CF2,L4,0.5,dictlearn,8,0,0.5990586876869202,0,False,0.7881679389312977,0.4541984732824427,0.9296875
19020,0,CF2,L4,0.5,dictlearn,0,0,0.6013394594192505,1,False,0.8181818181818182,0.4772727272727273,0.984375
25403,0,CF2,L4,0.5,dictlearn,3,6,0.3664655089378357,0,False,0.7010869565217391,0.3641304347826087,0.78515625
1745,0,CF2,L4,0.5,dictlearn,8,2,0.48656126856803894,0,False,0.801923076923077,0.4442307692307692,0.90234375
10726,0,CF2,L4,0.5,dictlearn,4,4,0.8226832151412964,1,False,0.7404718693284936,0.32849364791288566,0.70703125
23431,0,CF2,L4,0.5,dictlearn,4,2,0.6840234994888306,0,False,0.7538759689922481,0.4631782945736434,0.93359375
231,0,CF2,L4,0.5,dictlearn,5,0,0.8089547753334045,0,False,0.833976833976834,0.47876447876447875,0.96875
20678,0,CF2,L4,0.5,dictlearn,7,1,0.4898722767829895,0,False,0.7845303867403315,0.30570902394106814,0.6484375
15851,0,CF2,L4,0.5,dictlearn,1,8,0.4114021360874176,0,False,0.714548802946593,0.3020257826887661,0.640625
24015,0,CF2,L4,0.5,dictlearn,0,7,0.8119451403617859,0,False,0.7947454844006568,0.39901477832512317,0.94921875
1082,0,CF2,L4,0.5,dictlearn,6,1,0.5086390376091003,0,False,0.763915547024952,0.4165067178502879,0.84765625
5573,0,CF2,L4,0.5,dictlearn,8,0,0.5452910661697388,0,False,0.8023255813953488,0.47674418604651164,0.9609375
11289,0,CF2,L4,0.5,dictlearn,1,0,0.46957647800445557,0,False,0.7752380952380953,0.4704761904761905,0.96484375
1751,0,CF2,L4,0.5,dictlearn,0,0,0.5785887241363525,1,False,0.8054474708171206,0.47470817120622566,0.953125
4594,0,CF2,L4,0.5,dictlearn,6,0,0.578140377998352,0,False,0.7439252336448599,0.3925233644859813,0.8203125
21127,0,CF2,L4,0.5,dictlearn,8,7,0.8865049481391907,0,False,0.7601547388781431,0.4506769825918762,0.91015625
12370,0,CF2,L4,0.5,dictlearn,4,1,0.3018144369125366,0,False,0.8234234234234235,0.4252252252252252,0.921875
4125,0,CF2,L4,0.5,dictlearn,6,2,0.6832891702651978,0,False,0.7523105360443623,0.3789279112754159,0.80078125
11008,0,CF2,L4,0.5,dictlearn,1,2,0.5406525731086731,0,False,0.7231638418079096,0.3483992467043315,0.72265625
23395,0,CF2,L4,0.5,dictlearn,7,0,0.4553126394748688,0,False,0.811284046692607,0.46303501945525294,0.9296875
3080,0,CF2,L4,0.5,dictlearn,3,6,0.5600890517234802,0,False,0.6564885496183206,0.3893129770992366,0.796875
22400,0,CF2,L4,0.5,dictlearn,0,8,0.592404305934906,0,False,0.7813688212927756,0.42015209125475284,0.86328125
22514,0,CF2,L4,0.5,dictlearn,1,1,0.39622005820274353,1,False,0.7840909090909091,0.42045454545454547,0.8671875
15137,0,CF2,L4,0.5,dictlearn,0,0,0.46691209077835083,1,False,0.7617260787992496,0.4277673545966229,0.890625
6681,0,CF2,L4,0.5,dictlearn,0,7,0.45294106006622314,0,False,0.78125,0.419921875,0.83984375
5219,0,CF2,L4,0.5,dictlearn,5,1,0.7681609392166138,0,False,0.8155893536121673,0.4790874524714829,0.984375
2355,0,CF2,L4,0.5,dictlearn,2,1,0.3469196856021881,0,False,0.765625,0.388671875,0.77734375
4674,0,CF2,L4,0.5,dictlearn,5,3,0.3689364194869995,0,False,0.7417475728155339,0.36893203883495146,0.7421875
14575,0,CF2,L4,0.5,dictlearn,1,1,0.5080926418304443,1,False,0.7538167938931297,0.43320610687022904,0.88671875
6563,0,CF2,L4,0.5,dictlearn,5,4,0.4280018210411072,0,False,0.7911877394636015,0.3773946360153257,0.76953125
17492,0,CF2,L4,0.5,dictlearn,9,0,0.965121328830719,0,False,0.8097928436911488,0.4312617702448211,0.89453125
15770,0,CF2,L4,0.5,dictlearn,7,5,0.3655391335487366,0,False,0.7708737864077669,0.341747572815534,0.6875
20830,0,CF2,L4,0.5,dictlearn,1,1,0.429729163646698,1,False,0.7897623400365631,0.42413162705667273,0.90625
1777,0,CF2,L4,0.5,dictlearn,2,0,0.5242143869400024,0,False,0.7796610169491526,0.4463276836158192,0.92578125
21617,0,CF2,L4,0.5,dictlearn,7,7,0.9254572987556458,1,False,0.7676190476190476,0.4057142857142857,0.83203125
21293,0,CF2,L4,0.5,dictlearn,4,3,0.23750875890254974,0,False,0.7790697674418605,0.4166666666666667,0.83984375
14504,0,CF2,L4,0.5,dictlearn,0,2,0.5124241709709167,0,False,0.8092485549132948,0.348747591522158,0.70703125
21236,0,CF2,L4,0.5,dictlearn,7,4,0.8203209042549133,0,False,0.8166023166023166,0.42084942084942084,0.8515625
18558,0,CF2,L4,0.5,dictlearn,4,2,0.7542518973350525,0,False,0.8208695652173913,0.4226086956521739,0.94921875
22916,0,CF2,L4,0.5,dictlearn,8,0,0.4810936748981476,0,False,0.7705779334500875,0.3432574430823117,0.765625
18760,0,CF2,L4,0.5,dictlearn,6,2,0.7381458282470703,0,False,0.7021276595744681,0.31334622823984526,0.6328125
17389,0,CF2,L4,0.5,dictlearn,8,7,0.3546126186847687,0,False,0.8014440433212996,0.44404332129963897,0.9609375
13155,0,CF2,L4,0.5,dictlearn,8,4,0.8818286061286926,0,False,0.7467411545623837,0.3817504655493482,0.80078125
13999,0,CF2,L4,0.5,dictlearn,5,6,0.639970064163208,0,False,0.7371323529411765,0.39889705882352944,0.84765625
10265,0,CF2,L4,0.5,dictlearn,8,2,0.5854784250259399,0,False,0.7557251908396947,0.3435114503816794,0.703125
17239,0,CF2,L4,0.5,dictlearn,2,2,0.40775424242019653,1,False,0.7715930902111324,0.45489443378119004,0.92578125
6288,0,CF2,L4,0.5,dictlearn,3,1,0.5406224727630615,0,False,0.7126436781609196,0.3486590038314176,0.7109375
11514,0,CF2,L4,0.5,dictlearn,6,2,0.38490748405456543,0,False,0.7729007633587787,0.43320610687022904,0.88671875
23652,0,CF2,L4,0.5,dictlearn,1,2,0.3904567062854767,0,False,0.8164435946462715,0.45506692160611856,0.9296875
11939,0,CF2,L4,0.5,dictlearn,6,2,0.6237993836402893,0,False,0.8296703296703297,0.4597069597069597,0.98046875
2174,0,CF2,L4,0.5,dictlearn,7,0,0.3750719726085663,0,False,0.8310940499040307,0.4491362763915547,0.9140625
15441,0,CF2,L4,0.5,dictlearn,4,0,0.2630525231361389,0,False,0.8250460405156538,0.42173112338858193,0.89453125
12260,0,CF2,L4,0.5,dictlearn,1,1,0.4466365575790405,1,False,0.8135922330097087,0.4970873786407767,1.0
25046,0,CF2,L4,0.5,dictlearn,6,7,0.5804126858711243,0,False,0.7527472527472527,0.3534798534798535,0.75390625
13958,0,CF2,L4,0.5,dictlearn,9,5,0.24732650816440582,0,False,0.8076923076923077,0.42132867132867136,0.94140625
20974,0,CF2,L4,0.5,dictlearn,8,2,0.504342257976532,0,False,0.6371527777777778,0.3333333333333333,0.75
10626,0,CF2,L4,0.5,dictlearn,6,0,0.7749594449996948,0,False,0.8256029684601113,0.4749536178107607,1.0
22545,0,CF2,L4,0.5,dictlearn,5,0,0.41468754410743713,0,False,0.7161172161172161,0.37545787545787546,0.80078125
20288,0,CF2,L4,0.5,dictlearn,5,4,0.22834430634975433,0,False,0.7445742904841403,0.39065108514190316,0.9140625
13790,0,CF2,L4,0.5,dictlearn,7,2,0.4298570454120636,0,False,0.8216216216216217,0.44324324324324327,0.9609375
2817,0,CF2,L4,0.5,dictlearn,4,1,0.35231027007102966,0,False,0.8485370051635112,0.43029259896729777,0.9765625
8344,0,CF2,L4,0.5,dictlearn,4,4,0.6072677969932556,1,False,0.7391304347826086,0.3677536231884058,0.79296875
11708,0,CF2,L4,0.5,dictlearn,1,6,0.7187971472740173,0,False,0.7531760435571688,0.37749546279491836,0.8125
2379,0,CF2,L4,0.5,dictlearn,1,2,0.7350142002105713,0,False,0.7946768060836502,0.4220532319391635,0.8671875
23602,0,CF2,L4,0.5,dictlearn,2,2,0.43877744674682617,1,False,0.7977315689981096,0.42911153119092627,0.88671875
24357,0,CF2,L4,0.5,dictlearn,8,2,0.6150121092796326,0,False,0.8441558441558441,0.45083487940630795,0.94921875
16783,0,CF2,L4,0.5,dictlearn,4,1,0.8479160070419312,0,False,0.8193916349809885,0.4524714828897338,0.9296875
11723,0,CF2,L4,0.5,dictlearn,9,2,0.43567633628845215,0,False,0.8047445255474452,0.4124087591240876,0.8828125
5140,0,CF2,L4,0.5,dictlearn,5,0,0.3278759717941284,0,False,0.8019417475728156,0.47572815533980584,0.95703125
14563,0,CF2,L4,0.5,dictlearn,1,5,0.39622247219085693,0,False,0.7690875232774674,0.41899441340782123,0.87890625
11905,0,CF2,L4,0.5,dictlearn,7,4,0.6583951115608215,0,False,0.7159533073929961,0.38132295719844356,0.765625
4657,0,CF2,L4,0.5,dictlearn,5,8,0.8044447898864746,0,False,0.7216312056737588,0.26063829787234044,0.57421875
9888,0,CF2,L4,0.5,dictlearn,7,3,0.7600269913673401,0,False,0.7392086330935251,0.3830935251798561,0.83203125
22827,0,CF2,L4,0.5,dictlearn,6,4,0.5574226379394531,0,False,0.7734513274336283,0.29557522123893804,0.65234375
23911,0,CF2,L4,0.5,dictlearn,7,7,0.5486941337585449,1,False,0.7231329690346083,0.3296903460837887,0.70703125
968,0,CF2,L4,0.5,dictlearn,3,1,0.31619539856910706,0,False,0.792910447761194,0.43470149253731344,0.91015625
18416,0,CF2,L4,0.5,dictlearn,2,3,0.49164292216300964,0,False,0.7700348432055749,0.3832752613240418,0.859375
15166,0,CF2,L4,0.5,dictlearn,7,0,0.5685674548149109,0,False,0.7867383512544803,0.4265232974910394,0.9296875
15537,0,CF2,L4,0.5,dictlearn,6,2,0.8158355355262756,0,False,0.7293233082706767,0.38721804511278196,0.8046875
112,0,CF2,L4,0.5,dictlearn,6,5,0.24429501593112946,0,False,0.7480438184663537,0.3646322378716745,0.91015625
9754,0,CF2,L4,0.5,dictlearn,8,0,0.7836498618125916,0,False,0.8317214700193424,0.4661508704061896,0.94140625
3827,0,CF2,L4,0.5,dictlearn,1,1,0.3760046362876892,1,False,0.7916666666666666,0.4109848484848485,0.84765625
16427,0,CF2,L4,0.5,dictlearn,8,8,0.2522733807563782,1,False,0.7641325536062378,0.36062378167641324,0.72265625
4853,0,CF2,L4,0.5,dictlearn,8,2,0.6758458018302917,0,False,0.7180851063829787,0.3191489361702128,0.703125
5025,0,CF2,L4,0.5,dictlearn,8,1,0.3616158962249756,0,False,0.7649325626204239,0.44701348747591524,0.90625
5497,0,CF2,L4,0.5,dictlearn,5,1,0.47706663608551025,0,False,0.7910447761194029,0.4048507462686567,0.84765625
415,0,CF2,L4,0.5,dictlearn,5,0,0.2914031445980072,0,False,0.7349624060150376,0.42293233082706766,0.87890625
6055,0,CF2,L4,0.5,dictlearn,2,2,0.9411095380783081,1,False,0.800383877159309,0.45681381957773515,0.9296875
4242,0,CF2,L4,0.5,dictlearn,6,0,0.19185158610343933,0,False,0.7913793103448276,0.4103448275862069,0.9296875
16007,0,CF2,L4,0.5,dictlearn,3,7,0.5212331414222717,0,False,0.7621621621621621,0.4252252252252252,0.921875
16184,0,CF2,L4,0.5,dictlearn,6,1,0.5520915389060974,0,False,0.7606177606177607,0.416988416988417,0.84375
15180,0,CF2,L4,0.5,dictlearn,2,0,0.2126663476228714,0,False,0.71875,0.357421875,0.71484375
16402,0,CF2,L4,0.5,dictlearn,3,8,0.6925180554389954,0,False,0.8207885304659498,0.4014336917562724,0.875
12883,0,CF2,L4,0.5,dictlearn,7,7,0.7334713935852051,1,False,0.7816291161178509,0.42287694974003465,0.953125
12596,0,CF2,L4,0.5,dictlearn,2,5,0.6479191184043884,0,False,0.8254237288135593,0.4,0.921875
13383,0,CF2,L4,0.5,dictlearn,0,2,0.45875126123428345,0,False,0.7844660194174757,0.4155339805825243,0.8359375
17140,0,CF2,L4,0.5,dictlearn,0,0,0.8817091584205627,1,False,0.8238636363636364,0.4734848484848485,0.9765625
11249,0,CF2,L4,0.5,dictlearn,7,6,0.6237363219261169,0,False,0.8017391304347826,0.37565217391304345,0.84375
2927,0,CF2,L4,0.5,dictlearn,3,8,0.5336483716964722,0,False,0.708411214953271,0.29906542056074764,0.625
13380,0,CF2,L4,0.5,dictlearn,3,5,0.32501837611198425,0,False,0.7857142857142857,0.44015444015444016,0.890625
24593,0,CF2,L4,0.5,dictlearn,5,2,0.5250967144966125,0,False,0.7961165048543689,0.44854368932038835,0.90234375
14507,0,CF2,L4,0.5,dictlearn,8,1,0.410212904214859,0,False,0.8076923076923077,0.42657342657342656,0.953125
9355,0,CF2,L4,0.5,dictlearn,8,7,0.34921494126319885,0,False,0.8010118043844857,0.35075885328836426,0.8125
3943,0,CF2,L4,0.5,dictlearn,3,2,0.8595426678657532,0,False,0.7767175572519084,0.41603053435114506,0.8515625
4913,0,CF2,L4,0.5,dictlearn,4,4,0.6468042731285095,1,False,0.7707948243992606,0.30868761552680224,0.65234375
23440,0,CF2,L4,0.5,dictlearn,4,2,0.23681393265724182,0,False,0.7782026768642447,0.40344168260038243,0.82421875
19289,0,CF2,L4,0.5,dictlearn,7,8,0.252286434173584,0,False,0.8304431599229287,0.43545279383429675,0.8828125
17841,0,CF2,L4,0.5,dictlearn,6,8,0.4572964608669281,0,False,0.8210332103321033,0.46309963099630996,0.98046875
18139,0,CF2,L4,0.5,dictlearn,0,0,0.9314736723899841,1,False,0.8206106870229007,0.36259541984732824,0.7421875
18549,0,CF2,L4,0.5,dictlearn,7,3,0.6196153163909912,0,False,0.7746741154562383,0.39664804469273746,0.83203125
7215,0,CF2,L4,0.5,dictlearn,7,4,0.3508489727973938,0,False,0.8252911813643927,0.2911813643926789,0.68359375
10574,0,CF2,L4,0.5,dictlearn,7,1,0.5123364925384521,0,False,0.782608695652174,0.3383742911153119,0.69921875
10329,0,CF2,L4,0.5,dictlearn,7,7,0.6024036407470703,1,False,0.7635726795096323,0.29772329246935203,0.6640625
21502,0,CF2,L4,0.5,dictlearn,4,2,0.6359639763832092,0,False,0.8201834862385321,0.44403669724770645,0.9453125
1209,0,CF2,L4,0.5,dictlearn,8,0,0.41585269570350647,0,False,0.8140794223826715,0.45126353790613716,0.9765625
22202,0,CF2,L4,0.5,dictlearn,6,5,0.38996052742004395,0,False,0.7954971857410882,0.4090056285178236,0.8515625
12914,0,CF2,L4,0.5,dictlearn,2,0,0.2958343029022217,0,False,0.7514018691588785,0.3850467289719626,0.8046875
23477,0,CF2,L4,0.5,dictlearn,6,0,0.6374528408050537,0,False,0.8265682656826568,0.43911439114391143,0.9296875
13286,0,CF2,L4,0.5,dictlearn,5,8,0.3385392725467682,0,False,0.8420107719928187,0.3752244165170557,0.81640625
24957,0,CF2,L4,0.5,dictlearn,2,1,0.7318810820579529,0,False,0.7917448405253283,0.4634146341463415,0.96484375
23215,0,CF2,L4,0.5,dictlearn,9,0,0.7739037871360779,0,False,0.8154981549815498,0.45018450184501846,0.953125
8171,0,CF2,L4,0.5,dictlearn,3,0,0.25141486525535583,0,False,0.7957610789980732,0.4797687861271676,0.97265625
13427,0,CF2,L4,0.5,dictlearn,4,1,0.25807201862335205,0,False,0.7920604914933838,0.42533081285444235,0.87890625
1985,0,CF2,L4,0.5,dictlearn,9,7,0.6349242925643921,0,False,0.7870722433460076,0.4448669201520912,0.9140625
19607,0,CF2,L4,0.5,dictlearn,1,2,0.4057503640651703,0,False,0.8207547169811321,0.42452830188679247,0.87890625
15138,0,CF2,L4,0.5,dictlearn,4,2,0.5149834752082825,0,False,0.7918968692449355,0.43462246777163904,0.921875
18496,0,CF2,L4,0.5,dictlearn,3,0,0.5805599093437195,0,False,0.7861271676300579,0.4373795761078998,0.88671875
11341,0,CF2,L4,0.5,dictlearn,5,7,0.8490215539932251,0,False,0.7616279069767442,0.45348837209302323,0.9140625
3210,0,CF2,L4,0.5,dictlearn,6,6,0.23701871931552887,1,False,0.7370304114490162,0.4203935599284436,0.91796875
9044,0,CF2,L4,0.5,dictlearn,3,5,0.3196188509464264,0,False,0.7547528517110266,0.3935361216730038,0.80859375
1784,0,CF2,L4,0.5,dictlearn,1,4,0.28015291690826416,0,False,0.7708737864077669,0.44660194174757284,0.8984375
20687,0,CF2,L4,0.5,dictlearn,7,5,0.28290122747421265,0,False,0.8070175438596491,0.46588693957115007,0.93359375
21479,0,CF2,L4,0.5,dictlearn,1,1,0.4798514246940613,1,False,0.7833935018050542,0.43501805054151627,0.94140625
4465,0,CF2,L4,0.5,dictlearn,7,7,0.6904435753822327,1,False,0.7784200385356455,0.35067437379576105,0.7109375
8098,0,CF2,L4,0.5,dictlearn,3,0,0.40738406777381897,0,False,0.7792706333973128,0.44145873320537427,0.8984375
1105,0,CF2,L4,0.5,dictlearn,1,8,0.3561409115791321,0,False,0.785171102661597,0.33079847908745247,0.6796875
24036,0,CF2,L4,0.5,dictlearn,0,0,0.5290380120277405,1,False,0.8099630996309963,0.42435424354243545,0.8984375
24825,0,CF2,L4,0.5,dictlearn,1,1,0.6941889524459839,1,False,0.7897727272727273,0.4090909090909091,0.84375
20081,0,CF2,L4,0.5,dictlearn,4,1,0.6872589588165283,0,False,0.7862453531598513,0.39219330855018586,0.82421875
11780,0,CF2,L4,0.5,dictlearn,5,6,0.32667276263237,0,False,0.775,0.38269230769230766,0.77734375
18228,0,CF2,L4,0.5,dictlearn,2,2,0.34058877825737,1,False,0.7862453531598513,0.45539033457249073,0.95703125
4363,0,CF2,L4,0.5,dictlearn,4,1,0.32620230317115784,0,False,0.8021201413427562,0.43286219081272087,0.95703125
10210,0,CF2,L4,0.5,dictlearn,7,1,0.5415225028991699,0,False,0.7714808043875686,0.35283363802559414,0.75390625
7005,0,CF2,L4,0.5,dictlearn,2,0,0.5535571575164795,0,False,0.8125,0.45955882352941174,0.9765625
7071,0,CF2,L4,0.5,dictlearn,3,0,0.5774391293525696,0,False,0.7833333333333333,0.4388888888888889,0.92578125
25299,0,CF2,L4,0.5,dictlearn,4,2,0.3564826250076294,0,False,0.7433962264150943,0.39811320754716983,0.82421875
3393,0,CF2,L4,0.5,dictlearn,0,0,0.584965169429779,1,False,0.7279549718574109,0.4371482176360225,0.91015625
10532,0,CF2,L4,0.5,dictlearn,8,4,0.35310783982276917,0,False,0.796875,0.412109375,0.82421875
14271,0,CF2,L4,0.5,dictlearn,3,0,0.937717854976654,0,False,0.8277153558052435,0.4756554307116105,0.9921875
12814,0,CF2,L4,0.5,dictlearn,4,7,0.28330448269844055,0,False,0.7596899224806202,0.45930232558139533,0.92578125
1763,0,CF2,L4,0.5,dictlearn,1,2,0.2313694804906845,0,False,0.7252747252747253,0.4175824175824176,0.890625
2795,0,CF2,L4,0.5,dictlearn,4,4,0.8645243048667908,1,False,0.8264014466546112,0.3309222423146474,0.71484375
5329,0,CF2,L4,0.5,dictlearn,2,1,0.4165281653404236,0,False,0.8315602836879432,0.4219858156028369,0.9296875
11024,0,CF2,L4,0.5,dictlearn,8,5,0.610249400138855,0,False,0.8309352517985612,0.4370503597122302,0.94921875
23383,0,CF2,L4,0.5,dictlearn,6,4,0.4859636425971985,0,False,0.7972972972972973,0.4266409266409266,0.86328125
582,0,CF2,L4,0.5,dictlearn,2,0,0.4976029694080353,0,False,0.8526315789473684,0.41754385964912283,0.9296875
20037,0,CF2,L4,0.5,dictlearn,5,6,0.594304621219635,0,False,0.7549549549549549,0.4144144144144144,0.8984375
4876,0,CF2,L4,0.5,dictlearn,3,3,0.3915567398071289,1,False,0.7246376811594203,0.33152173913043476,0.71484375
16157,0,CF2,L4,0.5,dictlearn,1,7,0.6763201355934143,0,False,0.7543186180422264,0.40307101727447214,0.8203125
24155,0,CF2,L4,0.5,dictlearn,7,7,0.6816703081130981,1,False,0.7318007662835249,0.4157088122605364,0.84765625
21035,0,CF2,L4,0.5,dictlearn,1,7,0.622467577457428,0,False,0.7965451055662188,0.45873320537428025,0.93359375
2530,0,CF2,L4,0.5,dictlearn,2,1,0.4269242584705353,0,False,0.779245283018868,0.38301886792452833,0.79296875
20951,0,CF2,L4,0.5,dictlearn,4,1,0.4776355028152466,0,False,0.8239845261121856,0.4526112185686654,0.9140625
9752,0,CF2,L4,0.5,dictlearn,9,4,0.5221816897392273,0,False,0.7699805068226121,0.38011695906432746,0.76171875
20362,0,CF2,L4,0.5,dictlearn,9,8,0.5892993807792664,0,False,0.8013136288998358,0.37438423645320196,0.890625
5669,0,CF2,L4,0.5,dictlearn,2,0,0.8374642729759216,0,False,0.8298676748582231,0.4706994328922495,0.97265625
9395,0,CF2,L4,0.5,dictlearn,6,0,0.34889084100723267,0,False,0.7722960151802657,0.45351043643263755,0.93359375
22115,0,CF2,L4,0.5,dictlearn,2,8,0.7287531495094299,0,False,0.7846153846153846,0.41923076923076924,0.8515625
3784,0,CF2,L4,0.5,dictlearn,5,8,0.5936399102210999,0,False,0.7985480943738656,0.4283121597096189,0.921875
15518,0,CF2,L4,0.5,dictlearn,1,1,0.48089686036109924,1,False,0.7910447761194029,0.41044776119402987,0.859375
22913,0,CF2,L4,0.5,dictlearn,1,1,0.8299906849861145,1,False,0.8051470588235294,0.44669117647058826,0.94921875
22485,0,CF2,L4,0.5,dictlearn,8,8,0.36576852202415466,1,False,0.7237569060773481,0.36095764272559855,0.765625
14166,0,CF2,L4,0.5,dictlearn,9,7,0.5453821420669556,0,False,0.817658349328215,0.44529750479846447,0.90625
4606,0,CF2,L4,0.5,dictlearn,8,3,0.396589994430542,0,False,0.7806215722120659,0.3491773308957952,0.74609375
12043,0,CF2,L4,0.5,dictlearn,8,6,0.3554224967956543,0,False,0.7563176895306859,0.37725631768953066,0.81640625
20255,0,CF2,L4,0.5,dictlearn,9,1,0.30446937680244446,0,False,0.8074074074074075,0.40185185185185185,0.84765625
21390,0,CF2,L4,0.5,dictlearn,8,3,0.36697545647621155,0,False,0.7850287907869482,0.4049904030710173,0.82421875
13388,0,CF2,L4,0.5,dictlearn,6,8,0.5864811539649963,0,False,0.7625,0.37857142857142856,0.828125
9382,0,CF2,L4,0.5,dictlearn,0,6,0.8134481906890869,0,False,0.7412199630314233,0.4029574861367837,0.8515625
11878,0,CF2,L4,0.5,dictlearn,4,7,0.5088721513748169,0,False,0.7723880597014925,0.44402985074626866,0.9296875
10774,0,CF2,L4,0.5,dictlearn,1,1,0.9562369585037231,1,False,0.6777583187390543,0.29246935201401053,0.65234375
2211,0,CF2,L4,0.5,dictlearn,4,8,0.45400863885879517,0,False,0.7533980582524272,0.3864077669902913,0.77734375
22804,0,CF2,L4,0.5,dictlearn,1,3,0.6516164541244507,0,False,0.7749077490774908,0.3247232472324723,0.6875
17903,0,CF2,L4,0.5,dictlearn,3,2,0.463839054107666,0,False,0.7858472998137802,0.41527001862197394,0.87109375
16889,0,CF2,L4,0.5,dictlearn,1,5,0.7482512593269348,0,False,0.7481343283582089,0.33955223880597013,0.7109375
3013,0,CF2,L4,0.5,dictlearn,8,0,0.4602751135826111,0,False,0.7388781431334622,0.3713733075435203,0.75
19919,0,CF2,L4,0.5,dictlearn,8,0,0.6734355092048645,0,False,0.7820267686424475,0.4608030592734226,0.94140625
7911,0,CF2,L4,0.5,dictlearn,0,0,0.7717722058296204,1,False,0.8225190839694656,0.4770992366412214,0.9765625
6473,0,CF2,L4,0.5,dictlearn,5,2,0.8253467082977295,0,False,0.7970204841713222,0.45623836126629425,0.95703125
14963,0,CF2,L4,0.5,dictlearn,2,2,0.8071350455284119,1,False,0.7485822306238186,0.34215500945179583,0.70703125
3189,0,CF2,L4,0.5,dictlearn,3,2,0.6862629055976868,0,False,0.7267441860465116,0.24224806201550386,0.48828125
21433,0,CF2,L4,0.5,dictlearn,6,0,0.5062596797943115,0,False,0.7869481765834933,0.4510556621880998,0.91796875
21534,0,CF2,L4,0.5,dictlearn,9,2,0.43398845195770264,0,False,0.7509578544061303,0.4559386973180077,0.9296875
4378,0,CF2,L4,0.5,dictlearn,4,2,0.35676732659339905,0,False,0.779296875,0.435546875,0.87109375
4179,0,CF2,L4,0.5,dictlearn,3,8,0.3709866404533386,0,False,0.8256029684601113,0.44155844155844154,0.9296875
20275,0,CF2,L4,0.5,dictlearn,7,7,0.7179362177848816,1,False,0.7935368043087971,0.36983842010771995,0.8046875
724,0,CF2,L4,0.5,dictlearn,4,8,0.5014194250106812,0,False,0.7421731123388582,0.3830570902394107,0.8125
15532,0,CF2,L4,0.5,dictlearn,5,2,0.5600218176841736,0,False,0.75,0.3181818181818182,0.65625
7808,0,CF2,L4,0.5,dictlearn,4,6,0.3824719786643982,0,False,0.7942857142857143,0.46285714285714286,0.94921875
3185,0,CF2,L4,0.5,dictlearn,7,0,0.407390296459198,0,False,0.7436823104693141,0.4314079422382672,0.93359375
8217,0,CF2,L4,0.5,dictlearn,5,6,0.5797142386436462,0,False,0.7509505703422054,0.4144486692015209,0.8515625
15284,0,CF2,L4,0.5,dictlearn,2,3,0.39884403347969055,0,False,0.7243346007604563,0.34980988593155893,0.71875
2195,0,CF2,L4,0.5,dictlearn,1,2,0.5250837802886963,0,False,0.814176245210728,0.4885057471264368,0.99609375
21296,0,CF2,L4,0.5,dictlearn,0,2,0.9231061339378357,0,False,0.8087954110898662,0.45315487571701724,0.92578125
14286,0,CF2,L4,0.5,dictlearn,3,7,0.7282198667526245,0,False,0.7656826568265682,0.4132841328413284,0.875
4261,0,CF2,L4,0.5,dictlearn,0,0,0.850698709487915,1,False,0.8086642599277978,0.3898916967509025,0.84375
24480,0,CF2,L4,0.5,dictlearn,2,7,0.9385866522789001,0,False,0.7871559633027523,0.41100917431192663,0.875
23581,0,CF2,L4,0.5,dictlearn,7,7,0.9447613954544067,1,False,0.8079847908745247,0.47338403041825095,0.97265625
24364,0,CF2,L4,0.5,dictlearn,7,3,0.5090377330780029,0,False,0.718336483931947,0.3856332703213611,0.796875
4259,0,CF2,L4,0.5,dictlearn,4,0,0.6561553478240967,0,False,0.8352490421455939,0.48084291187739464,0.98046875
4323,0,CF2,L4,0.5,dictlearn,8,0,0.47041258215904236,0,False,0.782608695652174,0.43100189035916825,0.890625
26017,0,CF2,L4,0.5,dictlearn,2,2,0.7332264184951782,1,False,0.7056603773584905,0.3754716981132076,0.77734375
4055,0,CF2,L4,0.5,dictlearn,9,1,0.38957834243774414,0,False,0.7779690189328744,0.3373493975903614,0.765625
23968,0,CF2,L4,0.5,dictlearn,6,0,0.5671470761299133,0,False,0.8237547892720306,0.48084291187739464,0.98046875
4914,0,CF2,L4,0.5,dictlearn,2,2,0.7871630191802979,1,False,0.7700534759358288,0.3244206773618538,0.7109375
17310,0,CF2,L4,0.5,dictlearn,7,1,0.45002150535583496,0,False,0.7889733840304183,0.4448669201520912,0.9140625
14981,0,CF2,L4,0.5,dictlearn,2,2,0.8919757008552551,1,False,0.8041825095057035,0.3973384030418251,0.81640625
7511,0,CF2,L4,0.5,dictlearn,6,1,0.36335721611976624,0,False,0.755877034358047,0.3833634719710669,0.828125
4136,0,CF2,L4,0.5,dictlearn,9,7,0.7684779763221741,0,False,0.7314814814814815,0.37407407407407406,0.7890625
8043,0,CF2,L4,0.5,dictlearn,2,1,0.4443117678165436,0,False,0.7253384912959381,0.3733075435203095,0.75390625
14360,0,CF2,L4,0.5,dictlearn,4,0,0.7244459390640259,0,False,0.770197486535009,0.41651705565529623,0.90625
6364,0,CF2,L4,0.5,dictlearn,0,1,0.42929235100746155,0,False,0.802405498281787,0.41924398625429554,0.953125
8827,0,CF2,L4,0.5,dictlearn,4,3,0.524103581905365,0,False,0.7875,0.28214285714285714,0.6171875
24886,0,CF2,L4,0.5,dictlearn,9,9,0.31410840153694153,1,False,0.6819923371647509,0.31800766283524906,0.6484375
21392,0,CF2,L4,0.5,dictlearn,2,1,0.35019412636756897,0,False,0.8208092485549133,0.44508670520231214,0.90234375
18654,0,CF2,L4,0.5,dictlearn,6,2,0.6623892188072205,0,False,0.771484375,0.474609375,0.94921875
21766,0,CF2,L4,0.5,dictlearn,1,1,0.870394229888916,1,False,0.8436944937833037,0.40142095914742454,0.8828125
25433,0,CF2,L4,0.5,dictlearn,8,5,0.3838672637939453,0,False,0.7703703703703704,0.39444444444444443,0.83203125
10927,0,CF2,L4,0.5,dictlearn,8,2,0.8078792691230774,0,False,0.722495894909688,0.3497536945812808,0.83203125
14092,0,CF2,L4,0.5,dictlearn,6,6,0.9744169116020203,1,False,0.7467411545623837,0.3221601489757914,0.67578125
20936,0,CF2,L4,0.5,dictlearn,9,0,0.26200783252716064,0,False,0.7524366471734892,0.4834307992202729,0.96875
23711,0,CF2,L4,0.5,dictlearn,4,4,0.8179465532302856,1,False,0.8038461538461539,0.4403846153846154,0.89453125
19260,0,CF2,L4,0.5,dictlearn,7,6,0.7759766578674316,0,False,0.7526881720430108,0.35842293906810035,0.78125
17360,0,CF2,L4,0.5,dictlearn,3,8,0.322413831949234,0,False,0.7165217391304348,0.3130434782608696,0.703125
965,0,CF2,L4,0.5,dictlearn,0,7,0.35627835988998413,0,False,0.8033395176252319,0.4675324675324675,0.984375
463,0,CF2,L4,0.5,dictlearn,6,5,0.2298640012741089,0,False,0.7286245353159851,0.42193308550185876,0.88671875
8945,0,CF2,L4,0.5,dictlearn,6,6,0.6045624613761902,1,False,0.754863813229572,0.36964980544747084,0.7421875
14090,0,CF2,L4,0.5,dictlearn,2,0,0.6359997391700745,0,False,0.8255159474671669,0.4521575984990619,0.94140625
8479,0,CF2,L4,0.5,dictlearn,9,2,0.5647080540657043,0,False,0.7858439201451906,0.42105263157894735,0.90625
24477,0,CF2,L4,0.5,dictlearn,2,0,0.5615402460098267,0,False,0.7572815533980582,0.42330097087378643,0.8515625
8195,0,CF2,L4,0.5,dictlearn,0,1,0.47514355182647705,0,False,0.747104247104247,0.32625482625482627,0.66015625
1773,0,CF2,L4,0.5,dictlearn,0,0,0.7157122492790222,1,False,0.8003802281368821,0.44866920152091255,0.921875
11776,0,CF2,L4,0.5,dictlearn,2,2,0.2752240300178528,1,False,0.7634615384615384,0.4673076923076923,0.94921875
3313,0,CF2,L4,0.5,dictlearn,6,6,0.6090517640113831,1,False,0.7490494296577946,0.38593155893536124,0.79296875
5424,0,CF2,L4,0.5,dictlearn,9,1,0.9799579977989197,0,False,0.8087121212121212,0.45265151515151514,0.93359375
19606,0,CF2,L4,0.5,dictlearn,2,6,0.4793856739997864,0,False,0.7859922178988327,0.42217898832684825,0.84765625
10110,0,CF2,L4,0.5,dictlearn,9,0,0.39194488525390625,0,False,0.8146067415730337,0.40636704119850187,0.84765625
22872,0,CF2,L4,0.5,dictlearn,6,0,0.29369568824768066,0,False,0.7562380038387716,0.42994241842610365,0.875
7573,0,CF2,L4,0.5,dictlearn,1,1,0.48597708344459534,1,False,0.8003802281368821,0.4391634980988593,0.90234375
7105,0,CF2,L4,0.5,dictlearn,3,0,0.58866286277771,0,False,0.8057040998217468,0.4206773618538324,0.921875
18854,0,CF2,L4,0.5,dictlearn,1,8,0.4632101058959961,0,False,0.7074569789674953,0.3365200764818356,0.6875
14576,0,CF2,L4,0.5,dictlearn,9,0,0.4223622977733612,0,False,0.7731397459165155,0.37749546279491836,0.8125
9376,0,CF2,L4,0.5,dictlearn,0,8,0.31008481979370117,0,False,0.7076923076923077,0.42115384615384616,0.85546875
20128,0,CF2,L4,0.5,dictlearn,8,8,0.7204335331916809,1,False,0.7264492753623188,0.3442028985507246,0.7421875
24854,0,CF2,L4,0.5,dictlearn,9,2,0.8135504126548767,0,False,0.7097378277153558,0.3857677902621723,0.8046875
4937,0,CF2,L4,0.5,dictlearn,2,1,0.5872043967247009,0,False,0.7865546218487395,0.3815126050420168,0.88671875
338,0,CF2,L4,0.5,dictlearn,3,0,0.7976499795913696,0,False,0.819047619047619,0.4438095238095238,0.91015625
9981,0,CF2,L4,0.5,dictlearn,3,2,0.4842679798603058,0,False,0.7156133828996283,0.38847583643122674,0.81640625
6665,0,CF2,L4,0.5,dictlearn,8,7,0.7408295273780823,0,False,0.7441441441441441,0.3927927927927928,0.8515625
6704,0,CF2,L4,0.5,dictlearn,0,0,0.4094226062297821,1,False,0.8306878306878307,0.43209876543209874,0.95703125
23255,0,CF2,L4,0.5,dictlearn,2,2,0.7581233978271484,1,False,0.7690839694656488,0.45229007633587787,0.92578125
5355,0,CF2,L4,0.5,dictlearn,5,2,0.4274507462978363,0,False,0.7120622568093385,0.4027237354085603,0.80859375
22422,0,CF2,L4,0.5,dictlearn,1,0,0.419435977935791,0,False,0.7900763358778626,0.4484732824427481,0.91796875
7367,0,CF2,L4,0.5,dictlearn,9,4,0.4950069189071655,0,False,0.8015267175572519,0.4122137404580153,0.84375
13489,0,CF2,L4,0.5,dictlearn,7,4,0.38069435954093933,0,False,0.7533980582524272,0.31844660194174756,0.640625
20955,0,CF2,L4,0.5,dictlearn,7,0,0.3753577768802643,0,False,0.8536121673003803,0.4752851711026616,0.9765625
25439,0,CF2,L4,0.5,dictlearn,9,0,0.46562057733535767,0,False,0.7988394584139265,0.46421663442940037,0.9375
12711,0,CF2,L4,0.5,dictlearn,8,0,0.607662558555603,0,False,0.805019305019305,0.4555984555984556,0.921875
7671,0,CF2,L4,0.5,dictlearn,6,0,0.35181179642677307,0,False,0.8377862595419847,0.44656488549618323,0.9140625
20420,0,CF2,L4,0.5,dictlearn,8,5,0.48878827691078186,0,False,0.747104247104247,0.4247104247104247,0.859375
12630,0,CF2,L4,0.5,dictlearn,2,2,0.478622168302536,1,False,0.7556390977443609,0.4473684210526316,0.9296875
21394,0,CF2,L4,0.5,dictlearn,1,1,0.2682134211063385,1,False,0.7692307692307693,0.39587242026266417,0.82421875
7095,0,CF2,L4,0.5,dictlearn,1,1,0.7770147323608398,1,False,0.8225806451612904,0.45878136200716846,1.0
11532,0,CF2,L4,0.5,dictlearn,9,5,0.38603582978248596,0,False,0.7398843930635838,0.3834296724470135,0.77734375
2853,0,CF2,L4,0.5,dictlearn,3,7,0.4923632740974426,0,False,0.7526881720430108,0.36200716845878134,0.7890625
13487,0,CF2,L4,0.5,dictlearn,0,0,0.3672855496406555,1,False,0.7661596958174905,0.4619771863117871,0.94921875
9350,0,CF2,L4,0.5,dictlearn,9,0,0.6335930824279785,0,False,0.8066666666666666,0.415,0.97265625
24164,0,CF2,L4,0.5,dictlearn,4,1,0.7541335225105286,0,False,0.7859922178988327,0.4571984435797665,0.91796875
23155,0,CF2,L4,0.5,dictlearn,7,5,0.39866042137145996,0,False,0.7265917602996255,0.3389513108614232,0.70703125
1588,0,CF2,L4,0.5,dictlearn,8,1,0.25941023230552673,0,False,0.7680890538033395,0.437847866419295,0.921875
5400,0,CF2,L4,0.5,dictlearn,5,0,0.3941968083381653,0,False,0.7315175097276264,0.38132295719844356,0.765625
8913,0,CF2,L4,0.5,dictlearn,6,0,0.6736607551574707,0,False,0.8288461538461539,0.46923076923076923,0.953125
4990,0,CF2,L4,0.5,dictlearn,8,1,0.18601131439208984,0,False,0.7552986512524085,0.3853564547206166,0.78125
13364,0,CF2,L4,0.5,dictlearn,7,1,0.696345329284668,0,False,0.713472485768501,0.4117647058823529,0.84765625
1157,0,CF2,L4,0.5,dictlearn,1,0,0.5291247367858887,0,False,0.7674418604651163,0.46124031007751937,0.9296875
19432,0,CF2,L4,0.5,dictlearn,6,1,0.6161767244338989,0,False,0.8007448789571695,0.4692737430167598,0.984375
24861,0,CF2,L4,0.5,dictlearn,1,5,0.7601351737976074,0,False,0.7412451361867705,0.45525291828793774,0.9140625
16303,0,CF2,L4,0.5,dictlearn,0,6,0.7456507682800293,0,False,0.7485493230174082,0.3655705996131528,0.73828125
23675,0,CF2,L4,0.5,dictlearn,1,1,0.936000645160675,1,False,0.7662835249042146,0.28544061302681994,0.58203125
10816,0,CF2,L4,0.5,dictlearn,5,0,0.3447463810443878,0,False,0.8068833652007649,0.4608030592734226,0.94140625
25683,0,CF2,L4,0.5,dictlearn,7,0,0.7800530195236206,0,False,0.7792706333973128,0.4798464491362764,0.9765625
6680,0,CF2,L4,0.5,dictlearn,7,2,0.38688522577285767,0,False,0.7711069418386491,0.42964352720450283,0.89453125
15541,0,CF2,L4,0.5,dictlearn,1,5,0.5136150121688843,0,False,0.74573055028463,0.3700189753320683,0.76171875
129,0,CF2,L4,0.5,dictlearn,9,0,0.5527535080909729,0,False,0.7953216374269005,0.4171539961013645,0.8359375
10977,0,CF2,L4,0.5,dictlearn,5,5,0.621961772441864,1,False,0.7404718693284936,0.38656987295825773,0.83203125
7518,0,CF2,L4,0.5,dictlearn,5,2,0.5474818348884583,0,False,0.8414023372287145,0.4240400667779633,0.9921875
15350,0,CF2,L4,0.5,dictlearn,0,1,0.4528738260269165,0,False,0.7164750957854407,0.367816091954023,0.75
4712,0,CF2,L4,0.5,dictlearn,2,2,0.22020485997200012,1,False,0.7992766726943942,0.3688969258589512,0.796875
3234,0,CF2,L4,0.5,dictlearn,1,1,0.3745882213115692,1,False,0.7777777777777778,0.4091710758377425,0.90625
21292,0,CF2,L4,0.5,dictlearn,8,2,0.6751004457473755,0,False,0.7609427609427609,0.39225589225589225,0.91015625
6439,0,CF2,L4,0.5,dictlearn,6,8,0.743556022644043,0,False,0.7867647058823529,0.38786764705882354,0.82421875
16930,0,CF2,L4,0.5,dictlearn,4,0,0.4383642375469208,0,False,0.798828125,0.421875,0.84375
25255,0,CF2,L4,0.5,dictlearn,6,1,0.2099130004644394,0,False,0.788785046728972,0.394392523364486,0.82421875
5562,0,CF2,L4,0.5,dictlearn,6,3,0.5107874274253845,0,False,0.7720306513409961,0.4444444444444444,0.90625
20888,0,CF2,L4,0.5,dictlearn,6,4,0.41507890820503235,0,False,0.7644859813084112,0.4,0.8359375
17907,0,CF2,L4,0.5,dictlearn,0,0,0.6530565023422241,1,False,0.7598499061913696,0.4446529080675422,0.92578125
15282,0,CF2,L4,0.5,dictlearn,5,1,0.2319040298461914,0,False,0.8294010889292196,0.44464609800362975,0.95703125
9564,0,CF2,L4,0.5,dictlearn,5,1,0.7802481055259705,0,False,0.7598566308243727,0.38530465949820786,0.83984375
2105,0,CF2,L4,0.5,dictlearn,5,8,0.32841986417770386,0,False,0.7799642218246869,0.3756708407871199,0.8203125
2188,0,CF2,L4,0.5,dictlearn,5,2,0.4677569568157196,0,False,0.8317757009345794,0.4785046728971963,1.0
10587,0,CF2,L4,0.5,dictlearn,9,0,0.7794049382209778,0,False,0.8373382624768947,0.39186691312384475,0.828125
20421,0,CF2,L4,0.5,dictlearn,8,1,0.6988852620124817,0,False,0.745136186770428,0.28793774319066145,0.578125
23070,0,CF2,L4,0.5,dictlearn,0,0,0.5907815098762512,1,False,0.8311195445920304,0.45540796963946867,0.9375
19127,0,CF2,L4,0.5,dictlearn,6,7,0.3891119658946991,0,False,0.8018518518518518,0.4222222222222222,0.890625
7302,0,CF2,L4,0.5,dictlearn,3,7,0.7789260745048523,0,False,0.7208872458410351,0.38817005545286504,0.8203125
8409,0,CF2,L4,0.5,dictlearn,4,4,0.7541770339012146,1,False,0.7729636048526863,0.3708838821490468,0.8359375
11086,0,CF2,L4,0.5,dictlearn,7,6,0.3160158395767212,0,False,0.7237354085603113,0.44357976653696496,0.890625
17122,0,CF2,L4,0.5,dictlearn,5,2,0.3613956570625305,0,False,0.7969052224371374,0.43520309477756286,0.87890625
3555,0,CF2,L4,0.5,dictlearn,2,2,0.776538074016571,1,False,0.7538167938931297,0.42938931297709926,0.87890625
19437,0,CF2,L4,0.5,dictlearn,4,2,0.37136173248291016,0,False,0.77196261682243,0.3925233644859813,0.8203125
594,0,CF2,L4,0.5,dictlearn,9,2,0.571147620677948,0,False,0.7775628626692457,0.33268858800773693,0.671875
21863,0,CF2,L4,0.5,dictlearn,3,6,0.27307814359664917,0,False,0.788135593220339,0.29322033898305083,0.67578125
19765,0,CF2,L4,0.5,dictlearn,5,0,0.4138219952583313,0,False,0.8,0.4807692307692308,0.9765625
16909,0,CF2,L4,0.5,dictlearn,2,1,0.7017915844917297,0,False,0.7932263814616756,0.35472370766488415,0.77734375
21154,0,CF2,L4,0.5,dictlearn,7,3,0.5515654683113098,0,False,0.7611650485436893,0.2912621359223301,0.5859375
18615,0,CF2,L4,0.5,dictlearn,7,2,0.29293423891067505,0,False,0.7879377431906615,0.4669260700389105,0.9375
18171,0,CF2,L4,0.5,dictlearn,7,7,0.9056382179260254,1,False,0.7584269662921348,0.4794007490636704,1.0
24434,0,CF2,L4,0.5,dictlearn,5,0,0.6737233400344849,0,False,0.809106830122592,0.44833625218914186,1.0
9664,0,CF2,L4,0.5,dictlearn,0,0,0.2869434952735901,1,False,0.7757009345794392,0.44672897196261685,0.93359375
2013,0,CF2,L4,0.5,dictlearn,5,5,0.5829597115516663,1,False,0.7950664136622391,0.444022770398482,0.9140625
13537,0,CF2,L4,0.5,dictlearn,4,3,0.41512271761894226,0,False,0.7137546468401487,0.4200743494423792,0.8828125
23942,0,CF2,L4,0.5,dictlearn,9,0,0.7354868650436401,0,False,0.8166089965397924,0.4429065743944637,1.0
12415,0,CF2,L4,0.5,dictlearn,4,5,0.6784487366676331,0,False,0.7764298093587522,0.4090121317157712,0.921875
13735,0,CF2,L4,0.5,dictlearn,0,6,0.7755338549613953,0,False,0.7427466150870407,0.28433268858800775,0.57421875
6873,0,CF2,L4,0.5,dictlearn,1,1,0.9588737487792969,1,False,0.7805825242718447,0.44271844660194176,0.890625
16233,0,CF2,L4,0.5,dictlearn,2,0,0.8874819278717041,0,False,0.7732142857142857,0.45714285714285713,1.0
13108,0,CF2,L4,0.5,dictlearn,5,1,0.36342883110046387,0,False,0.7156488549618321,0.42748091603053434,0.875
18114,0,CF2,L4,0.5,dictlearn,7,7,0.6598707437515259,1,False,0.7859712230215827,0.4550359712230216,0.98828125
25318,0,CF2,L4,0.5,dictlearn,0,0,0.5870855450630188,1,False,0.7672727272727272,0.4036363636363636,0.8671875
22387,0,CF2,L4,0.5,dictlearn,7,0,0.3568490445613861,0,False,0.7792706333973128,0.43761996161228406,0.890625
19911,0,CF2,L4,0.5,dictlearn,7,0,0.3478798568248749,0,False,0.7722007722007722,0.4420849420849421,0.89453125
9953,0,CF2,L4,0.5,dictlearn,2,0,0.5783203840255737,0,False,0.8282442748091603,0.4179389312977099,0.85546875
18500,0,CF2,L4,0.5,dictlearn,1,1,0.6382266283035278,1,False,0.720616570327553,0.3969171483622351,0.8046875
12463,0,CF2,L4,0.5,dictlearn,2,4,0.3735552132129669,0,False,0.8080438756855576,0.4424131627056673,0.9453125
12143,0,CF2,L4,0.5,dictlearn,8,1,0.4620336592197418,0,False,0.7959183673469388,0.41187384044526903,0.8671875
14588,0,CF2,L4,0.5,dictlearn,8,1,0.741376519203186,0,False,0.8292282430213465,0.4039408866995074,0.9609375
22152,0,CF2,L4,0.5,dictlearn,2,1,0.7291326522827148,0,False,0.8377896613190731,0.39572192513368987,0.8671875
16563,0,CF2,L4,0.5,dictlearn,4,0,0.2657471001148224,0,False,0.7908745247148289,0.39923954372623577,0.8203125
25225,0,CF2,L4,0.5,dictlearn,9,1,0.3977288007736206,0,False,0.7309833024118738,0.3469387755102041,0.73046875
1161,0,CF2,L4,0.5,dictlearn,2,7,0.44074875116348267,0,False,0.76953125,0.416015625,0.83203125
9891,0,CF2,L4,0.5,dictlearn,5,7,0.5974661111831665,0,False,0.7992957746478874,0.44014084507042256,0.9765625
18833,0,CF2,L4,0.5,dictlearn,2,2,0.5125253796577454,1,False,0.7461240310077519,0.46511627906976744,0.9375
6162,0,CF2,L4,0.5,dictlearn,2,9,0.31939834356307983,0,False,0.7870036101083032,0.4404332129963899,0.953125
22638,0,CF2,L4,0.5,dictlearn,0,4,0.38907426595687866,0,False,0.7121495327102804,0.411214953271028,0.859375
6112,0,CF2,L4,0.5,dictlearn,6,0,0.4229639768600464,0,False,0.8045977011494253,0.4061302681992337,0.828125
24259,0,CF2,L4,0.5,dictlearn,9,0,0.5795087218284607,0,False,0.7985989492119089,0.4115586690017513,0.91796875
18029,0,CF2,L4,0.5,dictlearn,2,3,0.8223251700401306,0,False,0.7785977859778598,0.37822878228782286,0.80078125
13233,0,CF2,L4,0.5,dictlearn,0,0,0.26253920793533325,1,False,0.8067542213883677,0.474671669793621,0.98828125
22560,0,CF2,L4,0.5,dictlearn,3,8,0.27357521653175354,0,False,0.7641509433962265,0.3584905660377358,0.7421875
17100,0,CF2,L4,0.5,dictlearn,7,2,0.9008386731147766,0,False,0.7766990291262136,0.3864077669902913,0.77734375
13394,0,CF2,L4,0.5,dictlearn,7,7,0.4423825442790985,1,False,0.8134615384615385,0.4846153846153846,0.984375
25173,0,CF2,L4,0.5,dictlearn,3,1,0.5156894326210022,0,False,0.7807692307692308,0.4403846153846154,0.89453125
17342,0,CF2,L4,0.5,dictlearn,4,6,0.4085789918899536,0,False,0.7624521072796935,0.41379310344827586,0.84375
5881,0,CF2,L4,0.5,dictlearn,1,3,0.7667179107666016,0,False,0.7412451361867705,0.3346303501945525,0.671875
16982,0,CF2,L4,0.5,dictlearn,3,2,0.38940444588661194,0,False,0.6909722222222222,0.3420138888888889,0.76953125
12959,0,CF2,L4,0.5,dictlearn,2,7,0.9071560502052307,0,False,0.7526132404181185,0.36585365853658536,0.8203125
3410,0,CF2,L4,0.5,dictlearn,2,3,0.2007366269826889,0,False,0.7368421052631579,0.37406015037593987,0.77734375
1939,0,CF2,L4,0.5,dictlearn,2,2,0.42516839504241943,1,False,0.7381818181818182,0.4018181818181818,0.86328125
13563,0,CF2,L4,0.5,dictlearn,4,1,0.6330549120903015,0,False,0.8349146110056926,0.4629981024667932,0.953125
9659,0,CF2,L4,0.5,dictlearn,4,5,0.8176625967025757,0,False,0.6816546762589928,0.38848920863309355,0.84375
23588,0,CF2,L4,0.5,dictlearn,9,4,0.4688695967197418,0,False,0.7705544933078394,0.4187380497131931,0.85546875
12156,0,CF2,L4,0.5,dictlearn,9,8,0.2966456413269043,0,False,0.8080614203454894,0.3742802303262956,0.76171875
24790,0,CF2,L4,0.5,dictlearn,4,0,0.42698439955711365,0,False,0.7783985102420856,0.44692737430167595,0.9375
894,0,CF2,L4,0.5,dictlearn,8,7,0.5864558219909668,0,False,0.8161512027491409,0.38316151202749144,0.87109375
13738,0,CF2,L4,0.5,dictlearn,7,2,0.30590522289276123,0,False,0.8301158301158301,0.4922779922779923,0.99609375
20555,0,CF2,L4,0.5,dictlearn,5,3,0.30142322182655334,0,False,0.8201160541586073,0.47775628626692457,0.96484375
20457,0,CF2,L4,0.5,dictlearn,3,0,0.5988243222236633,0,False,0.7971014492753623,0.3822463768115942,0.82421875
24842,0,CF2,L4,0.5,dictlearn,3,1,0.5230441689491272,0,False,0.786096256684492,0.42780748663101603,0.9375
11390,0,CF2,L4,0.5,dictlearn,9,3,0.6189308166503906,0,False,0.7794970986460348,0.44294003868471954,0.89453125
2665,0,CF2,L4,0.5,dictlearn,9,2,0.8002192378044128,0,False,0.8025830258302583,0.4022140221402214,0.8515625
24741,0,CF2,L4,0.5,dictlearn,8,8,0.2501954734325409,1,False,0.8053691275167785,0.3976510067114094,0.92578125
17634,0,CF2,L4,0.5,dictlearn,8,1,0.34888654947280884,0,False,0.8189509306260575,0.3840947546531303,0.88671875
16599,0,CF2,L4,0.5,dictlearn,1,8,0.2946692109107971,0,False,0.7781954887218046,0.40789473684210525,0.84765625
19330,0,CF2,L4,0.5,dictlearn,7,2,0.96340411901474,0,False,0.697324414715719,0.2959866220735786,0.69140625
3257,0,CF2,L4,0.5,dictlearn,1,2,0.9447134137153625,0,False,0.8194444444444444,0.3229166666666667,0.7265625
1114,0,CF2,L4,0.5,dictlearn,9,3,0.3444892466068268,0,False,0.7625,0.39285714285714285,0.859375
11738,0,CF2,L4,0.5,dictlearn,8,1,0.2500632703304291,0,False,0.7523992322456814,0.42994241842610365,0.875
13077,0,CF2,L4,0.5,dictlearn,8,8,0.5798108577728271,1,False,0.7910447761194029,0.34888059701492535,0.73046875
5168,0,CF2,L4,0.5,dictlearn,3,0,0.5219650864601135,0,False,0.8137432188065099,0.43037974683544306,0.9296875
26013,0,CF2,L4,0.5,dictlearn,8,9,0.2271227240562439,0,False,0.7790476190476191,0.3295238095238095,0.67578125
5611,0,CF2,L4,0.5,dictlearn,7,4,0.36179879307746887,0,False,0.7730829420970265,0.3427230046948357,0.85546875
9389,0,CF2,L4,0.5,dictlearn,6,0,0.3977827727794647,0,False,0.8275862068965517,0.4500907441016334,0.96875
25070,0,CF2,L4,0.5,dictlearn,2,8,0.219918355345726,0,False,0.8308270676691729,0.4699248120300752,0.9765625
11322,0,CF2,L4,0.5,dictlearn,8,2,0.6928103566169739,0,False,0.743879472693032,0.4030131826741996,0.8359375
3051,0,CF2,L4,0.5,dictlearn,0,1,0.2967945337295532,0,False,0.7953020134228188,0.39932885906040266,0.9296875
18770,0,CF2,L4,0.5,dictlearn,4,2,0.39946961402893066,0,False,0.7861060329067642,0.41681901279707495,0.890625
14692,0,CF2,L4,0.5,dictlearn,2,2,0.9615415930747986,1,False,0.7393822393822393,0.35135135135135137,0.7109375
4561,0,CF2,L4,0.5,dictlearn,5,0,0.7557506561279297,0,False,0.7836363636363637,0.4618181818181818,0.9921875
16994,0,CF2,L4,0.5,dictlearn,0,2,0.8209506273269653,0,False,0.8018867924528302,0.4188679245283019,0.8671875
4156,0,CF2,L4,0.5,dictlearn,5,5,0.21858374774456024,1,False,0.7627118644067796,0.4143126177024482,0.859375
5884,0,CF2,L4,0.5,dictlearn,1,0,0.6427735090255737,0,False,0.7989130434782609,0.45652173913043476,0.984375
18233,0,CF2,L4,0.5,dictlearn,0,0,0.6804987788200378,1,False,0.7299270072992701,0.36313868613138683,0.77734375
17044,0,CF2,L4,0.5,dictlearn,6,0,0.3706585466861725,0,False,0.7996219281663516,0.42344045368620037,0.875
18857,0,CF2,L4,0.5,dictlearn,6,0,0.5971128344535828,0,False,0.7415329768270945,0.3582887700534759,0.78515625
21917,0,CF2,L4,0.5,dictlearn,9,4,0.3818278908729553,0,False,0.8131021194605009,0.4527938342967245,0.91796875
5054,0,CF2,L4,0.5,dictlearn,3,2,0.37552520632743835,0,False,0.7673179396092362,0.38543516873889877,0.84765625
7882,0,CF2,L4,0.5,dictlearn,4,2,0.49545079469680786,0,False,0.730188679245283,0.30566037735849055,0.6328125
15688,0,CF2,L4,0.5,dictlearn,4,4,0.5294312834739685,1,False,0.6704545454545454,0.30492424242424243,0.62890625
5612,0,CF2,L4,0.5,dictlearn,8,0,0.31157276034355164,0,False,0.7394636015325671,0.4559386973180077,0.9296875
13934,0,CF2,L4,0.5,dictlearn,9,0,0.6830792427062988,0,False,0.8257839721254355,0.40418118466898956,0.90625
16689,0,CF2,L4,0.5,dictlearn,2,6,0.7607016563415527,0,False,0.7621722846441947,0.38202247191011235,0.796875
23844,0,CF2,L4,0.5,dictlearn,6,6,0.7507917881011963,1,False,0.7728155339805826,0.3533980582524272,0.7109375
7944,0,CF2,L4,0.5,dictlearn,7,3,0.3827091455459595,0,False,0.7841726618705036,0.3489208633093525,0.7578125
11370,0,CF2,L4,0.5,dictlearn,8,2,0.6870853304862976,0,False,0.770197486535009,0.4380610412926391,0.953125
24569,0,CF2,L4,0.5,dictlearn,1,2,0.4266371428966522,0,False,0.7957371225577264,0.41207815275310833,0.90625
7529,0,CF2,L4,0.5,dictlearn,5,0,0.37713995575904846,0,False,0.8107074569789675,0.4588910133843212,0.9375
5092,0,CF2,L4,0.5,dictlearn,2,2,0.7650271654129028,1,False,0.805019305019305,0.4266409266409266,0.86328125
20673,0,CF2,L4,0.5,dictlearn,2,2,0.46118980646133423,1,False,0.7032755298651252,0.3236994219653179,0.65625
10096,0,CF2,L4,0.5,dictlearn,7,0,0.6923400163650513,0,False,0.8058608058608059,0.43223443223443225,0.921875
2059,0,CF2,L4,0.5,dictlearn,3,0,0.8115957379341125,0,False,0.8187134502923976,0.47953216374269003,0.9609375
19318,0,CF2,L4,0.5,dictlearn,0,0,0.7408895492553711,1,False,0.7666034155597723,0.40037950664136623,0.82421875
12977,0,CF2,L4,0.5,dictlearn,8,0,0.80861496925354,0,False,0.8206627680311891,0.4619883040935672,0.92578125
17673,0,CF2,L4,0.5,dictlearn,0,8,0.3127121925354004,0,False,0.7523992322456814,0.42226487523992323,0.859375
18750,0,CF2,L4,0.5,dictlearn,0,0,0.3366735577583313,1,False,0.7381370826010545,0.29876977152899825,0.6640625
16728,0,CF2,L4,0.5,dictlearn,3,1,0.32611796259880066,0,False,0.7730769230769231,0.38461538461538464,0.78125
14776,0,CF2,L4,0.5,dictlearn,8,3,0.5907613635063171,0,False,0.7523992322456814,0.3838771593090211,0.78125
6941,0,CF2,L4,0.5,dictlearn,9,2,0.485653817653656,0,False,0.8664323374340949,0.36203866432337434,0.8046875
16787,0,CF2,L4,0.5,dictlearn,6,8,0.5524237155914307,0,False,0.8041825095057035,0.33460076045627374,0.6875
25932,0,CF2,L4,0.5,dictlearn,5,6,0.2521226108074188,0,False,0.8061594202898551,0.447463768115942,0.96484375
614,0,CF2,L4,0.5,dictlearn,0,5,0.3547350764274597,0,False,0.8561151079136691,0.41007194244604317,0.890625
25690,0,CF2,L4,0.5,dictlearn,5,4,0.3122454285621643,0,False,0.7711069418386491,0.39399624765478425,0.8203125
25968,0,CF2,L4,0.5,dictlearn,5,8,0.48200878500938416,0,False,0.7327102803738318,0.37570093457943926,0.78515625
20123,0,CF2,L4,0.5,dictlearn,3,0,0.8220284581184387,0,False,0.7966417910447762,0.4496268656716418,0.94140625
13341,0,CF2,L4,0.5,dictlearn,5,8,0.31381553411483765,0,False,0.7072243346007605,0.3650190114068441,0.75
24697,0,CF2,L4,0.5,dictlearn,4,4,0.9306111335754395,1,False,0.7942307692307692,0.325,0.66015625
15157,0,CF2,L4,0.5,dictlearn,6,1,0.43241602182388306,0,False,0.8279569892473119,0.45340501792114696,0.98828125
23115,0,CF2,L4,0.5,dictlearn,1,1,0.665835440158844,1,False,0.7017543859649122,0.4171539961013645,0.8359375
6396,0,CF2,L4,0.5,dictlearn,0,0,0.8858444094657898,1,False,0.76171875,0.431640625,0.86328125
19142,0,CF2,L4,0.5,dictlearn,4,1,0.6326337456703186,0,False,0.8444846292947559,0.3435804701627486,0.7421875
13157,0,CF2,L4,0.5,dictlearn,3,7,0.5557590126991272,0,False,0.7735849056603774,0.41320754716981134,0.85546875
19866,0,CF2,L4,0.5,dictlearn,1,3,0.25647395849227905,0,False,0.768361581920904,0.4143126177024482,0.859375
25996,0,CF2,L4,0.5,dictlearn,8,7,0.5009425282478333,0,False,0.8033707865168539,0.44569288389513106,0.9296875
25515,0,CF2,L4,0.5,dictlearn,7,8,0.3799867033958435,0,False,0.7084078711985689,0.3470483005366726,0.7578125
12876,0,CF2,L4,0.5,dictlearn,0,1,0.430225133895874,0,False,0.8014981273408239,0.42134831460674155,0.87890625
17565,0,CF2,L4,0.5,dictlearn,6,6,0.3505696952342987,1,False,0.7855855855855856,0.409009009009009,0.88671875
17511,0,CF2,L4,0.5,dictlearn,4,4,0.3208107054233551,1,False,0.781651376146789,0.4055045871559633,0.86328125
19996,0,CF2,L4,0.5,dictlearn,0,0,0.914260983467102,1,False,0.7882562277580071,0.3896797153024911,0.85546875
12807,0,CF2,L4,0.5,dictlearn,1,1,0.35273492336273193,1,False,0.8006932409012132,0.42287694974003465,0.953125
11001,0,CF2,L4,0.5,dictlearn,9,6,0.7767515182495117,0,False,0.7586805555555556,0.3454861111111111,0.77734375
13107,0,CF2,L4,0.5,dictlearn,0,0,0.7906772494316101,1,False,0.7782026768642447,0.4110898661567878,0.83984375
12641,0,CF2,L4,0.5,dictlearn,6,0,0.9964069724082947,0,False,0.8104448742746615,0.4874274661508704,0.984375
22667,0,CF2,L4,0.5,dictlearn,5,1,0.5082458853721619,0,False,0.7517985611510791,0.3776978417266187,0.8203125
7310,0,CF2,L4,0.5,dictlearn,7,8,0.21577495336532593,0,False,0.758095238095238,0.41333333333333333,0.84765625
764,0,CF2,L4,0.5,dictlearn,1,1,0.4979274570941925,1,False,0.7808988764044944,0.4232209737827715,0.8828125
14813,0,CF2,L4,0.5,dictlearn,4,0,0.6815692186355591,0,False,0.8039568345323741,0.45863309352517984,0.99609375
7132,0,CF2,L4,0.5,dictlearn,2,8,0.29982757568359375,0,False,0.7797513321492007,0.3996447602131439,0.87890625
23884,0,CF2,L4,0.5,dictlearn,1,0,0.4699934124946594,0,False,0.8413547237076648,0.44206773618538325,0.96875
22735,0,CF2,L4,0.5,dictlearn,8,3,0.31437018513679504,0,False,0.7368421052631579,0.39766081871345027,0.796875
12483,0,CF2,L4,0.5,dictlearn,2,8,0.32864901423454285,0,False,0.7508710801393729,0.30139372822299654,0.67578125
10442,0,CF2,L4,0.5,dictlearn,6,2,0.23077350854873657,0,False,0.7635467980295566,0.3891625615763547,0.92578125
3733,0,CF2,L4,0.5,dictlearn,8,0,0.6106279492378235,0,False,0.829126213592233,0.4349514563106796,0.875
20089,0,CF2,L4,0.5,dictlearn,4,1,0.5110303163528442,0,False,0.7837837837837838,0.4247104247104247,0.859375
20411,0,CF2,L4,0.5,dictlearn,4,2,0.2356945127248764,0,False,0.7824427480916031,0.4618320610687023,0.9453125
10695,0,CF2,L4,0.5,dictlearn,4,1,0.5514989495277405,0,False,0.7792207792207793,0.45640074211502785,0.9609375
11992,0,CF2,L4,0.5,dictlearn,2,2,0.8870588541030884,1,False,0.7311411992263056,0.36750483558994196,0.7421875
20712,0,CF2,L4,0.5,dictlearn,7,7,0.8368993401527405,1,False,0.8273921200750469,0.474671669793621,0.98828125
6518,0,CF2,L4,0.5,dictlearn,8,1,0.45801761746406555,0,False,0.7758284600389863,0.442495126705653,0.88671875
6015,0,CF2,L4,0.5,dictlearn,9,8,0.48973315954208374,0,False,0.8136882129277566,0.3840304182509506,0.7890625
8396,0,CF2,L4,0.5,dictlearn,5,0,0.6741099953651428,0,False,0.8113207547169812,0.45849056603773586,0.94921875
12097,0,CF2,L4,0.5,dictlearn,9,3,0.44065776467323303,0,False,0.7850287907869482,0.418426103646833,0.8515625
12565,0,CF2,L4,0.5,dictlearn,2,0,0.6879027485847473,0,False,0.7967032967032966,0.45787545787545786,0.9765625
22474,0,CF2,L4,0.5,dictlearn,4,8,0.23408839106559753,0,False,0.794921875,0.482421875,0.96484375
25110,0,CF2,L4,0.5,dictlearn,9,2,0.5340387225151062,0,False,0.6937269372693727,0.25092250922509224,0.53125
8275,0,CF2,L4,0.5,dictlearn,8,2,0.979268491268158,0,False,0.7270955165692008,0.4152046783625731,0.83203125
3871,0,CF2,L4,0.5,dictlearn,1,0,0.5910875201225281,0,False,0.7790697674418605,0.4844961240310077,0.9765625
24639,0,CF2,L4,0.5,dictlearn,2,1,0.8314003944396973,0,False,0.7981366459627329,0.38819875776397517,0.9765625
15979,0,CF2,L4,0.5,dictlearn,3,2,0.36445000767707825,0,False,0.8307426597582038,0.4369602763385147,0.98828125
24513,0,CF2,L4,0.5,dictlearn,6,1,0.4661524295806885,0,False,0.8015122873345936,0.4120982986767486,0.8515625
10926,0,CF2,L4,0.5,dictlearn,7,1,0.5048543810844421,0,False,0.7702702702702703,0.4092664092664093,0.828125
25564,0,CF2,L4,0.5,dictlearn,0,2,0.6304194927215576,0,False,0.811284046692607,0.4688715953307393,0.94140625
2118,0,CF2,L4,0.5,dictlearn,0,0,0.5024436116218567,1,False,0.7676419965576592,0.36316695352839934,0.82421875
4358,0,CF2,L4,0.5,dictlearn,9,7,0.9459444284439087,0,False,0.7490706319702602,0.44609665427509293,0.9375
5674,0,CF2,L4,0.5,dictlearn,8,0,0.4561630189418793,0,False,0.8064516129032258,0.4459203036053131,0.91796875
3397,0,CF2,L4,0.5,dictlearn,7,4,0.5775130391120911,0,False,0.7446393762183235,0.4405458089668616,0.8828125
5183,0,CF2,L4,0.5,dictlearn,7,0,0.37395545840263367,0,False,0.8265895953757225,0.441233140655106,0.89453125
7505,0,CF2,L4,0.5,dictlearn,9,0,0.8816498517990112,0,False,0.82421875,0.46484375,0.9296875
17539,0,CF2,L4,0.5,dictlearn,0,6,0.8293923735618591,0,False,0.7790476190476191,0.43047619047619046,0.8828125
23918,0,CF2,L4,0.5,dictlearn,6,0,0.7245234847068787,0,False,0.8161888701517707,0.40809443507588533,0.9453125
19449,0,CF2,L4,0.5,dictlearn,2,2,0.8400900959968567,1,False,0.8238532110091743,0.43669724770642204,0.9296875
18599,0,CF2,L4,0.5,dictlearn,3,2,0.3221118748188019,0,False,0.7659963436928702,0.3857404021937843,0.82421875
8175,0,CF2,L4,0.5,dictlearn,8,0,0.42311087250709534,0,False,0.8114602587800369,0.4343807763401109,0.91796875
18412,0,CF2,L4,0.5,dictlearn,7,2,0.5223138332366943,0,False,0.7204301075268817,0.2777777777777778,0.60546875
20667,0,CF2,L4,0.5,dictlearn,1,8,0.5129562616348267,0,False,0.7795031055900621,0.32298136645962733,0.8125
8672,0,CF2,L4,0.5,dictlearn,9,3,0.25256770849227905,0,False,0.6925925925925925,0.31296296296296294,0.66015625
22087,0,CF2,L4,0.5,dictlearn,1,1,0.8769358396530151,1,False,0.7560521415270018,0.35195530726256985,0.73828125
6910,0,CF2,L4,0.5,dictlearn,2,2,0.9853253960609436,1,False,0.8097087378640777,0.42330097087378643,0.8515625
19205,0,CF2,L4,0.5,dictlearn,3,5,0.39068663120269775,0,False,0.822550831792976,0.4731977818853974,1.0
10581,0,CF2,L4,0.5,dictlearn,3,1,0.513378381729126,0,False,0.8023255813953488,0.40863787375415284,0.9609375
14516,0,CF2,L4,0.5,dictlearn,4,1,0.45368683338165283,0,False,0.7931034482758621,0.4047186932849365,0.87109375
22602,0,CF2,L4,0.5,dictlearn,4,1,0.5748388767242432,0,False,0.740530303030303,0.4034090909090909,0.83203125
1944,0,CF2,L4,0.5,dictlearn,0,0,0.8203575611114502,1,False,0.7873462214411248,0.4077328646748682,0.90625
19718,0,CF2,L4,0.5,dictlearn,0,1,0.45300382375717163,0,False,0.7957198443579766,0.4688715953307393,0.94140625
15599,0,CF2,L4,0.5,dictlearn,7,6,0.3847351372241974,0,False,0.7768313458262351,0.39182282793867124,0.8984375
16766,0,CF2,L4,0.5,dictlearn,9,0,0.4139954745769501,0,False,0.8267419962335216,0.4745762711864407,0.984375
12317,0,CF2,L4,0.5,dictlearn,5,1,0.2998432219028473,0,False,0.7977315689981096,0.46502835538752363,0.9609375
6275,0,CF2,L4,0.5,dictlearn,6,2,0.23760990798473358,0,False,0.7779850746268657,0.3917910447761194,0.8203125
14332,0,CF2,L4,0.5,dictlearn,3,7,0.6339961290359497,0,False,0.7533980582524272,0.4330097087378641,0.87109375
25615,0,CF2,L4,0.5,dictlearn,8,2,0.8983345031738281,0,False,0.7001795332136446,0.39497307001795334,0.859375
7680,0,CF2,L4,0.5,dictlearn,7,7,0.9483822584152222,1,False,0.8198198198198198,0.46126126126126127,1.0
22105,0,CF2,L4,0.5,dictlearn,7,7,0.30914053320884705,1,False,0.7372400756143668,0.39697542533081287,0.8203125
19179,0,CF2,L4,0.5,dictlearn,5,0,0.40528616309165955,0,False,0.7784200385356455,0.44315992292870904,0.8984375
22379,0,CF2,L4,0.5,dictlearn,5,8,0.2643813490867615,0,False,0.7659574468085106,0.43133462282398455,0.87109375
11796,0,CF2,L4,0.5,dictlearn,0,4,0.3425210416316986,0,False,0.8403669724770643,0.4,0.8515625
16929,0,CF2,L4,0.5,dictlearn,0,0,0.5191640853881836,1,False,0.7935702199661591,0.4010152284263959,0.92578125
20580,0,CF2,L4,0.5,dictlearn,2,5,0.2634582221508026,0,False,0.8234234234234235,0.3279279279279279,0.7109375
21272,0,CF2,L4,0.5,dictlearn,7,0,0.6837849020957947,0,False,0.8092485549132948,0.43159922928709055,0.875
12963,0,CF2,L4,0.5,dictlearn,4,1,0.595633864402771,0,False,0.8156521739130435,0.42434782608695654,0.953125
15648,0,CF2,L4,0.5,dictlearn,9,2,0.4785970151424408,0,False,0.7423664122137404,0.41030534351145037,0.83984375
10831,0,CF2,L4,0.5,dictlearn,6,0,0.8848111629486084,0,False,0.7708737864077669,0.45436893203883494,0.9140625
12228,0,CF2,L4,0.5,dictlearn,3,4,0.36174654960632324,0,False,0.7367424242424242,0.4696969696969697,0.96875
2242,0,CF2,L4,0.5,dictlearn,7,2,0.451401948928833,0,False,0.8276515151515151,0.48484848484848486,1.0
25443,0,CF2,L4,0.5,dictlearn,3,4,0.6417744755744934,0,False,0.6944971537001897,0.3092979127134725,0.63671875
23913,0,CF2,L4,0.5,dictlearn,1,7,0.5559097528457642,0,False,0.7837837837837838,0.4266409266409266,0.86328125
18452,0,CF2,L4,0.5,dictlearn,1,0,0.682983934879303,0,False,0.8042635658914729,0.47093023255813954,0.94921875
12210,0,CF2,L4,0.5,dictlearn,0,2,0.9333885908126831,0,False,0.8049242424242424,0.4772727272727273,0.984375
3532,0,CF2,L4,0.5,dictlearn,6,0,0.41815873980522156,0,False,0.7807971014492754,0.4148550724637681,0.89453125
13678,0,CF2,L4,0.5,dictlearn,9,7,0.6051801443099976,0,False,0.7743119266055046,0.41284403669724773,0.87890625
21370,0,CF2,L4,0.5,dictlearn,5,0,0.5811163187026978,0,False,0.8071161048689138,0.4681647940074906,0.9765625
23728,0,CF2,L4,0.5,dictlearn,9,2,0.7514433264732361,0,False,0.8421052631578947,0.4417293233082707,0.91796875
7460,0,CF2,L4,0.5,dictlearn,0,3,0.31456276774406433,0,False,0.7670454545454546,0.4431818181818182,0.9140625
25354,0,CF2,L4,0.5,dictlearn,2,0,0.4633673429489136,0,False,0.7777777777777778,0.4191033138401559,0.83984375
18984,0,CF2,L4,0.5,dictlearn,8,3,0.5421801209449768,0,False,0.7862190812720848,0.43462897526501765,0.9609375
12422,0,CF2,L4,0.5,dictlearn,6,6,0.6861122846603394,1,False,0.8104448742746615,0.4526112185686654,0.9140625
7413,0,CF2,L4,0.5,dictlearn,4,3,0.3210611045360565,0,False,0.7495908346972177,0.32078559738134205,0.765625
