patch_id,seed,family,level,frac,method,true_label,prediction,confidence,correct,bounded_unknown,isolated_missing_frac,mask_overlap_centre,centre_erased_frac
17222,0,CF2,L4,0.5,lama,8,2,0.9297617673873901,0,False,0.7777777777777778,0.3747645951035782,0.77734375
7987,0,CF2,L4,0.5,lama,4,3,0.531459629535675,0,False,0.7566539923954373,0.4448669201520912,0.9140625
14403,0,CF2,L4,0.5,lama,1,1,0.8173832297325134,1,False,0.7880539499036608,0.4296724470134875,0.87109375
12904,0,CF2,L4,0.5,lama,1,1,0.7638229131698608,1,False,0.7332123411978222,0.279491833030853,0.6015625
1024,0,CF2,L4,0.5,lama,2,2,0.44246339797973633,1,False,0.8450184501845018,0.4095940959409594,0.8671875
15700,0,CF2,L4,0.5,lama,3,0,0.9876304268836975,0,False,0.7695035460992907,0.3900709219858156,0.859375
12639,0,CF2,L4,0.5,lama,7,5,0.23617425560951233,0,False,0.8267419962335216,0.4519774011299435,0.9375
20658,0,CF2,L4,0.5,lama,4,2,0.4362753927707672,0,False,0.7825242718446602,0.4563106796116505,0.91796875
2642,0,CF2,L4,0.5,lama,7,8,0.24162842333316803,0,False,0.7681895093062606,0.3756345177664975,0.8671875
9392,0,CF2,L4,0.5,lama,9,9,0.9767831563949585,1,False,0.7709030100334449,0.3110367892976589,0.7265625
23357,0,CF2,L4,0.5,lama,5,6,0.7499468326568604,0,False,0.7292069632495164,0.344294003868472,0.6953125
15977,0,CF2,L4,0.5,lama,0,0,0.799166202545166,1,False,0.7962264150943397,0.44150943396226416,0.9140625
10440,0,CF2,L4,0.5,lama,0,6,0.4652422368526459,0,False,0.8327067669172933,0.4548872180451128,0.9453125
14216,0,CF2,L4,0.5,lama,3,5,0.7678536772727966,0,False,0.7609108159392789,0.444022770398482,0.9140625
18353,0,CF2,L4,0.5,lama,7,7,0.7826588749885559,1,False,0.8248175182481752,0.3740875912408759,0.80078125
17404,0,CF2,L4,0.5,lama,3,2,0.7669585943222046,0,False,0.7944444444444444,0.37222222222222223,0.78515625
8424,0,CF2,L4,0.5,lama,8,3,0.33609506487846375,0,False,0.8227360308285164,0.4932562620423892,1.0
4744,0,CF2,L4,0.5,lama,8,9,0.3295954465866089,0,False,0.7693761814744802,0.3553875236294896,0.734375
18797,0,CF2,L4,0.5,lama,7,7,0.7892568707466125,1,False,0.7464285714285714,0.2982142857142857,0.65234375
3156,0,CF2,L4,0.5,lama,7,7,0.6275092959403992,1,False,0.8010849909584087,0.4629294755877034,1.0
17024,0,CF2,L4,0.5,lama,2,2,0.6592814326286316,1,False,0.8023255813953488,0.4728682170542636,0.953125
7807,0,CF2,L4,0.5,lama,8,8,0.947207510471344,1,False,0.7976190476190477,0.3741496598639456,0.859375
138,0,CF2,L4,0.5,lama,0,0,0.9779770374298096,1,False,0.789272030651341,0.4386973180076628,0.89453125
20222,0,CF2,L4,0.5,lama,2,2,0.506271481513977,1,False,0.7835249042145593,0.42337164750957856,0.86328125
24734,0,CF2,L4,0.5,lama,9,3,0.7445852160453796,0,False,0.7915129151291513,0.4132841328413284,0.875
8909,0,CF2,L4,0.5,lama,0,3,0.5360487103462219,0,False,0.740234375,0.380859375,0.76171875
4684,0,CF2,L4,0.5,lama,1,1,0.8462084531784058,1,False,0.7252336448598131,0.38317757009345793,0.80078125
15978,0,CF2,L4,0.5,lama,6,1,0.2972058057785034,0,False,0.7593984962406015,0.4417293233082707,0.91796875
21495,0,CF2,L4,0.5,lama,7,1,0.3119025230407715,0,False,0.7524177949709865,0.390715667311412,0.7890625
5107,0,CF2,L4,0.5,lama,6,3,0.826092541217804,0,False,0.7958477508650519,0.4100346020761246,0.92578125
1914,0,CF2,L4,0.5,lama,2,7,0.6941689848899841,0,False,0.7348484848484849,0.44507575757575757,0.91796875
21307,0,CF2,L4,0.5,lama,1,1,0.558387815952301,1,False,0.837248322147651,0.42953020134228187,1.0
7178,0,CF2,L4,0.5,lama,4,8,0.218070387840271,0,False,0.8109640831758034,0.4612476370510397,0.953125
13264,0,CF2,L4,0.5,lama,4,1,0.8561815023422241,0,False,0.79296875,0.435546875,0.87109375
21507,0,CF2,L4,0.5,lama,1,1,0.9541939496994019,1,False,0.7746212121212122,0.4583333333333333,0.9453125
8399,0,CF2,L4,0.5,lama,9,0,0.7718736529350281,0,False,0.819366852886406,0.37988826815642457,0.796875
4384,0,CF2,L4,0.5,lama,0,0,0.989349901676178,1,False,0.7735124760076776,0.3493282149712092,0.7109375
5820,0,CF2,L4,0.5,lama,0,0,0.5152590274810791,1,False,0.822265625,0.39453125,0.7890625
22865,0,CF2,L4,0.5,lama,0,6,0.5183618664741516,0,False,0.8166351606805293,0.44801512287334594,0.92578125
65,0,CF2,L4,0.5,lama,0,0,0.6109181642532349,1,False,0.7549909255898367,0.426497277676951,0.91796875
15494,0,CF2,L4,0.5,lama,6,1,0.41690975427627563,0,False,0.7899159663865546,0.4134453781512605,0.9609375
2327,0,CF2,L4,0.5,lama,5,6,0.9908043146133423,0,False,0.7906542056074767,0.4635514018691589,0.96875
24596,0,CF2,L4,0.5,lama,7,5,0.8542499542236328,0,False,0.8170144462279294,0.3595505617977528,0.875
3825,0,CF2,L4,0.5,lama,5,6,0.4724040925502777,0,False,0.8123893805309734,0.4389380530973451,0.96875
17168,0,CF2,L4,0.5,lama,7,1,0.9643633365631104,0,False,0.771484375,0.40234375,0.8046875
4357,0,CF2,L4,0.5,lama,3,0,0.5534175634384155,0,False,0.8291746641074856,0.491362763915547,1.0
2364,0,CF2,L4,0.5,lama,9,9,0.5770143866539001,1,False,0.7967032967032966,0.37362637362637363,0.796875
8703,0,CF2,L4,0.5,lama,9,8,0.3725621700286865,0,False,0.7721280602636534,0.3954802259887006,0.8203125
19390,0,CF2,L4,0.5,lama,9,5,0.6052168011665344,0,False,0.8276481149012568,0.45960502692998206,1.0
17853,0,CF2,L4,0.5,lama,6,1,0.2326154261827469,0,False,0.7627416520210897,0.38488576449912126,0.85546875
4930,0,CF2,L4,0.5,lama,4,3,0.4509865641593933,0,False,0.7911025145067698,0.42940038684719534,0.8671875
5314,0,CF2,L4,0.5,lama,8,1,0.8654308915138245,0,False,0.811214953271028,0.411214953271028,0.859375
4478,0,CF2,L4,0.5,lama,8,8,0.3324492871761322,1,False,0.7472118959107806,0.42379182156133827,0.890625
23679,0,CF2,L4,0.5,lama,4,1,0.8544697165489197,0,False,0.8086642599277978,0.4566787003610108,0.98828125
5449,0,CF2,L4,0.5,lama,1,1,0.910008430480957,1,False,0.7123809523809523,0.3980952380952381,0.81640625
24183,0,CF2,L4,0.5,lama,0,0,0.5159814953804016,1,False,0.8206039076376554,0.44404973357015987,0.9765625
20842,0,CF2,L4,0.5,lama,3,3,0.4030243158340454,1,False,0.8440366972477065,0.44403669724770645,0.9453125
18825,0,CF2,L4,0.5,lama,9,0,0.6160649061203003,0,False,0.7099236641221374,0.3015267175572519,0.6171875
6265,0,CF2,L4,0.5,lama,1,1,0.30938810110092163,1,False,0.7366482504604052,0.36279926335174956,0.76953125
24932,0,CF2,L4,0.5,lama,4,2,0.8260274529457092,0,False,0.74,0.4018181818181818,0.86328125
14427,0,CF2,L4,0.5,lama,8,5,0.289436936378479,0,False,0.8011152416356877,0.4200743494423792,0.8828125
3740,0,CF2,L4,0.5,lama,7,1,0.554206371307373,0,False,0.7597402597402597,0.3392857142857143,0.81640625
16809,0,CF2,L4,0.5,lama,9,2,0.6682378649711609,0,False,0.7713248638838476,0.4047186932849365,0.87109375
1136,0,CF2,L4,0.5,lama,1,1,0.9699647426605225,1,False,0.7989690721649485,0.28865979381443296,0.65625
25757,0,CF2,L4,0.5,lama,5,3,0.2529876232147217,0,False,0.8036363636363636,0.4618181818181818,0.9921875
7356,0,CF2,L4,0.5,lama,4,1,0.9721863269805908,0,False,0.7556390977443609,0.42293233082706766,0.87890625
12298,0,CF2,L4,0.5,lama,0,7,0.25005877017974854,0,False,0.8204633204633205,0.3667953667953668,0.7421875
5700,0,CF2,L4,0.5,lama,3,2,0.9174239635467529,0,False,0.7849829351535836,0.2696245733788396,0.6171875
22753,0,CF2,L4,0.5,lama,6,6,0.49328699707984924,1,False,0.786618444846293,0.3743218806509946,0.80859375
16813,0,CF2,L4,0.5,lama,6,2,0.7383702397346497,0,False,0.718336483931947,0.41965973534971646,0.8671875
7373,0,CF2,L4,0.5,lama,8,6,0.38860610127449036,0,False,0.7981481481481482,0.4537037037037037,0.95703125
20149,0,CF2,L4,0.5,lama,2,2,0.8350302577018738,1,False,0.7859848484848485,0.38636363636363635,0.796875
15874,0,CF2,L4,0.5,lama,9,2,0.39779067039489746,0,False,0.8127272727272727,0.43636363636363634,0.9375
26011,0,CF2,L4,0.5,lama,0,9,0.369546115398407,0,False,0.8322147651006712,0.40268456375838924,0.9375
4196,0,CF2,L4,0.5,lama,9,0,0.28557339310646057,0,False,0.8073394495412844,0.45871559633027525,0.9765625
11227,0,CF2,L4,0.5,lama,3,1,0.6691410541534424,0,False,0.8062730627306273,0.35793357933579334,0.7578125
15736,0,CF2,L4,0.5,lama,3,3,0.9346015453338623,1,False,0.8223062381852552,0.32136105860113423,0.6640625
6339,0,CF2,L4,0.5,lama,6,8,0.6894919276237488,0,False,0.7553956834532374,0.4118705035971223,0.89453125
25704,0,CF2,L4,0.5,lama,2,2,0.5271457433700562,1,False,0.7324723247232472,0.3505535055350554,0.7421875
3190,0,CF2,L4,0.5,lama,7,7,0.6403194665908813,1,False,0.7523809523809524,0.38095238095238093,0.78125
737,0,CF2,L4,0.5,lama,4,1,0.5432342886924744,0,False,0.7448405253283302,0.4446529080675422,0.92578125
22875,0,CF2,L4,0.5,lama,9,9,0.93012934923172,1,False,0.7219047619047619,0.3295238095238095,0.67578125
22749,0,CF2,L4,0.5,lama,3,0,0.22913171350955963,0,False,0.7313432835820896,0.38619402985074625,0.80859375
22998,0,CF2,L4,0.5,lama,3,1,0.8642749190330505,0,False,0.7734806629834254,0.42357274401473294,0.8984375
24210,0,CF2,L4,0.5,lama,5,3,0.5796888470649719,0,False,0.8073217726396917,0.4797687861271676,0.97265625
6800,0,CF2,L4,0.5,lama,4,4,0.8607518076896667,1,False,0.7806122448979592,0.4098639455782313,0.94140625
16602,0,CF2,L4,0.5,lama,9,1,0.340358167886734,0,False,0.77882797731569,0.3856332703213611,0.796875
10822,0,CF2,L4,0.5,lama,6,2,0.8710723519325256,0,False,0.7193605683836589,0.25754884547069273,0.56640625
12822,0,CF2,L4,0.5,lama,1,3,0.5470553636550903,0,False,0.8165784832451499,0.4056437389770723,0.8984375
12758,0,CF2,L4,0.5,lama,5,5,0.7110374569892883,1,False,0.7877629063097514,0.44550669216061184,0.91015625
21144,0,CF2,L4,0.5,lama,4,4,0.7374650835990906,1,False,0.7650375939849624,0.40037593984962405,0.83203125
4900,0,CF2,L4,0.5,lama,6,7,0.18361690640449524,0,False,0.7713754646840149,0.4312267657992565,0.90625
22888,0,CF2,L4,0.5,lama,9,5,0.47305336594581604,0,False,0.7797513321492007,0.38010657193605685,0.8359375
19935,0,CF2,L4,0.5,lama,9,1,0.33866769075393677,0,False,0.7712665406427222,0.4215500945179584,0.87109375
21896,0,CF2,L4,0.5,lama,7,7,0.9829846024513245,1,False,0.8097826086956522,0.447463768115942,0.96484375
3475,0,CF2,L4,0.5,lama,3,3,0.7163322567939758,1,False,0.7362428842504743,0.3396584440227704,0.69921875
16171,0,CF2,L4,0.5,lama,0,0,0.993974506855011,1,False,0.8297491039426523,0.4032258064516129,0.87890625
4672,0,CF2,L4,0.5,lama,4,6,0.6540605425834656,0,False,0.7354596622889306,0.4427767354596623,0.921875
10146,0,CF2,L4,0.5,lama,2,2,0.7001388072967529,1,False,0.740530303030303,0.42992424242424243,0.88671875
9207,0,CF2,L4,0.5,lama,7,5,0.258055716753006,0,False,0.8109161793372319,0.4444444444444444,0.890625
17745,0,CF2,L4,0.5,lama,9,2,0.9976466298103333,0,False,0.6960600375234521,0.44090056285178236,0.91796875
432,0,CF2,L4,0.5,lama,7,7,0.7344350218772888,1,False,0.7251461988304093,0.31773879142300193,0.63671875
6608,0,CF2,L4,0.5,lama,4,1,0.9119748473167419,0,False,0.8003802281368821,0.41825095057034223,0.859375
25769,0,CF2,L4,0.5,lama,9,9,0.45616352558135986,1,False,0.7734375,0.46484375,0.9296875
14774,0,CF2,L4,0.5,lama,3,3,0.5068754553794861,1,False,0.8082706766917294,0.45300751879699247,0.94140625
21627,0,CF2,L4,0.5,lama,4,3,0.48042893409729004,0,False,0.7303370786516854,0.36142322097378277,0.75390625
8133,0,CF2,L4,0.5,lama,2,2,0.7869400978088379,1,False,0.795774647887324,0.4084507042253521,0.90625
12554,0,CF2,L4,0.5,lama,4,8,0.6674707531929016,0,False,0.7670454545454546,0.4109848484848485,0.84765625
10856,0,CF2,L4,0.5,lama,1,7,0.7994869947433472,0,False,0.7357798165137615,0.3889908256880734,0.828125
15931,0,CF2,L4,0.5,lama,3,3,0.700251042842865,1,False,0.746615087040619,0.46421663442940037,0.9375
2367,0,CF2,L4,0.5,lama,2,6,0.7062060832977295,0,False,0.8095238095238095,0.4597069597069597,0.98046875
25563,0,CF2,L4,0.5,lama,7,7,0.8515462279319763,1,False,0.7366412213740458,0.3416030534351145,0.69921875
6748,0,CF2,L4,0.5,lama,2,2,0.8975457549095154,1,False,0.7093235831809872,0.2376599634369287,0.5078125
5368,0,CF2,L4,0.5,lama,8,6,0.42361992597579956,0,False,0.76007326007326,0.38461538461538464,0.8203125
25951,0,CF2,L4,0.5,lama,6,3,0.25834792852401733,0,False,0.7701149425287356,0.4731800766283525,0.96484375
22082,0,CF2,L4,0.5,lama,7,7,0.7584199905395508,1,False,0.78515625,0.404296875,0.80859375
19301,0,CF2,L4,0.5,lama,4,4,0.8596355319023132,1,False,0.7495256166982922,0.4117647058823529,0.84765625
13302,0,CF2,L4,0.5,lama,4,4,0.9939786195755005,1,False,0.7562380038387716,0.30326295585412666,0.6171875
15358,0,CF2,L4,0.5,lama,0,3,0.2038765847682953,0,False,0.8171846435100548,0.4570383912248629,0.9765625
23572,0,CF2,L4,0.5,lama,2,3,0.734902560710907,0,False,0.7847682119205298,0.36258278145695366,0.85546875
14736,0,CF2,L4,0.5,lama,4,4,0.6052466034889221,1,False,0.7142857142857143,0.42105263157894735,0.875
16685,0,CF2,L4,0.5,lama,2,2,0.9210391640663147,1,False,0.8091993185689949,0.41396933560477,0.94921875
21902,0,CF2,L4,0.5,lama,7,1,0.8840516805648804,0,False,0.7735191637630662,0.4337979094076655,0.97265625
6713,0,CF2,L4,0.5,lama,5,6,0.25856223702430725,0,False,0.7618181818181818,0.39090909090909093,0.83984375
8771,0,CF2,L4,0.5,lama,4,4,0.5992769598960876,1,False,0.8164794007490637,0.45880149812734083,0.95703125
20264,0,CF2,L4,0.5,lama,3,9,0.258802592754364,0,False,0.7364341085271318,0.3953488372093023,0.796875
24489,0,CF2,L4,0.5,lama,1,1,0.9992604851722717,1,False,0.7992895204262878,0.35168738898756663,0.7734375
24852,0,CF2,L4,0.5,lama,1,4,0.41259607672691345,0,False,0.7921348314606742,0.40636704119850187,0.84765625
6746,0,CF2,L4,0.5,lama,1,1,0.6133492588996887,1,False,0.7248062015503876,0.3682170542635659,0.7421875
5951,0,CF2,L4,0.5,lama,5,3,0.4759272038936615,0,False,0.7513611615245009,0.4029038112522686,0.8671875
6438,0,CF2,L4,0.5,lama,4,4,0.9995573163032532,1,False,0.7007299270072993,0.2791970802919708,0.59765625
11126,0,CF2,L4,0.5,lama,9,6,0.4778023064136505,0,False,0.7602230483271375,0.4033457249070632,0.84765625
24241,0,CF2,L4,0.5,lama,3,5,0.5647364854812622,0,False,0.7279693486590039,0.38122605363984674,0.77734375
23621,0,CF2,L4,0.5,lama,6,6,0.6256832480430603,1,False,0.7527881040892194,0.36617100371747213,0.76953125
14358,0,CF2,L4,0.5,lama,6,5,0.2177288830280304,0,False,0.7325581395348837,0.42248062015503873,0.8515625
19003,0,CF2,L4,0.5,lama,6,5,0.7798061370849609,0,False,0.8253968253968254,0.4109347442680776,0.91015625
3760,0,CF2,L4,0.5,lama,9,3,0.5148924589157104,0,False,0.841726618705036,0.41007194244604317,0.890625
1155,0,CF2,L4,0.5,lama,5,5,0.9203944802284241,1,False,0.7595419847328244,0.3950381679389313,0.80859375
22044,0,CF2,L4,0.5,lama,8,1,0.47635695338249207,0,False,0.7623089983022071,0.3225806451612903,0.7421875
17521,0,CF2,L4,0.5,lama,4,4,0.6331759691238403,1,False,0.8180076628352491,0.41379310344827586,0.84375
15177,0,CF2,L4,0.5,lama,9,9,0.9097828269004822,1,False,0.7682242990654206,0.3383177570093458,0.70703125
21080,0,CF2,L4,0.5,lama,0,9,0.48240217566490173,0,False,0.6943907156673114,0.4119922630560928,0.83203125
4507,0,CF2,L4,0.5,lama,5,5,0.3859874904155731,1,False,0.8190661478599222,0.4708171206225681,0.9453125
10600,0,CF2,L4,0.5,lama,7,7,0.9992321729660034,1,False,0.7359550561797753,0.36704119850187267,0.765625
11754,0,CF2,L4,0.5,lama,1,1,0.9439751505851746,1,False,0.860738255033557,0.36073825503355705,0.83984375
22934,0,CF2,L4,0.5,lama,4,1,0.4241867959499359,0,False,0.8234234234234235,0.46126126126126127,1.0
19094,0,CF2,L4,0.5,lama,3,3,0.9996299743652344,1,False,0.7083333333333334,0.3125,0.64453125
25246,0,CF2,L4,0.5,lama,7,3,0.25020018219947815,0,False,0.7847619047619048,0.3980952380952381,0.81640625
14745,0,CF2,L4,0.5,lama,2,6,0.5142089128494263,0,False,0.8255613126079447,0.4317789291882556,0.9765625
3177,0,CF2,L4,0.5,lama,8,2,0.5120488405227661,0,False,0.8064516129032258,0.428842504743833,0.8828125
13870,0,CF2,L4,0.5,lama,5,1,0.3712886571884155,0,False,0.75,0.353515625,0.70703125
5605,0,CF2,L4,0.5,lama,6,3,0.7360575795173645,0,False,0.712890625,0.3984375,0.796875
5202,0,CF2,L4,0.5,lama,8,8,0.546155571937561,1,False,0.7863720073664825,0.39410681399631675,0.8359375
8800,0,CF2,L4,0.5,lama,5,3,0.9427167773246765,0,False,0.7605118829981719,0.3510054844606947,0.75
645,0,CF2,L4,0.5,lama,3,2,0.6390743851661682,0,False,0.7680311890838206,0.49902534113060426,1.0
16077,0,CF2,L4,0.5,lama,5,6,0.5293675661087036,0,False,0.8125,0.5,1.0
15336,0,CF2,L4,0.5,lama,5,5,0.47710108757019043,1,False,0.7387914230019493,0.4405458089668616,0.8828125
20933,0,CF2,L4,0.5,lama,0,6,0.2654695212841034,0,False,0.8387715930902111,0.4798464491362764,0.9765625
10580,0,CF2,L4,0.5,lama,8,0,0.3457954227924347,0,False,0.7609942638623327,0.3824091778202677,0.78125
25902,0,CF2,L4,0.5,lama,6,6,0.7454610466957092,1,False,0.7478260869565218,0.3391304347826087,0.76171875
4666,0,CF2,L4,0.5,lama,8,6,0.5005204081535339,0,False,0.7906976744186046,0.41681574239713776,0.91015625
14541,0,CF2,L4,0.5,lama,4,4,0.5473200678825378,1,False,0.775390625,0.486328125,0.97265625
7374,0,CF2,L4,0.5,lama,5,6,0.7557868957519531,0,False,0.7235915492957746,0.3380281690140845,0.75
4697,0,CF2,L4,0.5,lama,5,5,0.326708048582077,1,False,0.8183520599250936,0.4606741573033708,0.9609375
6317,0,CF2,L4,0.5,lama,5,2,0.6671693325042725,0,False,0.7595419847328244,0.4484732824427481,0.91796875
16623,0,CF2,L4,0.5,lama,6,6,0.6241418719291687,1,False,0.8035714285714286,0.4107142857142857,0.8984375
16511,0,CF2,L4,0.5,lama,6,3,0.44474196434020996,0,False,0.7693761814744802,0.30623818525519847,0.6328125
16162,0,CF2,L4,0.5,lama,3,7,0.4405074417591095,0,False,0.7774140752864157,0.36333878887070375,0.8671875
5989,0,CF2,L4,0.5,lama,1,2,0.6324601173400879,0,False,0.7903525046382189,0.45269016697588127,0.953125
18753,0,CF2,L4,0.5,lama,5,6,0.8024423718452454,0,False,0.73992673992674,0.2564102564102564,0.546875
20853,0,CF2,L4,0.5,lama,4,8,0.21243888139724731,0,False,0.7328646748681898,0.3954305799648506,0.87890625
16556,0,CF2,L4,0.5,lama,0,0,0.9971675276756287,1,False,0.7992351816443595,0.40152963671128106,0.8203125
7019,0,CF2,L4,0.5,lama,9,0,0.8316006064414978,0,False,0.7537593984962406,0.4266917293233083,0.88671875
3090,0,CF2,L4,0.5,lama,6,3,0.24999767541885376,0,False,0.8234165067178503,0.4491362763915547,0.9140625
14680,0,CF2,L4,0.5,lama,3,1,0.2313072234392166,0,False,0.7613019891500904,0.2911392405063291,0.62890625
869,0,CF2,L4,0.5,lama,3,3,0.6526789665222168,1,False,0.7760910815939279,0.3908918406072106,0.8046875
7595,0,CF2,L4,0.5,lama,6,2,0.634840190410614,0,False,0.7551401869158878,0.2953271028037383,0.6171875
14417,0,CF2,L4,0.5,lama,1,1,0.2610737085342407,1,False,0.7922330097087379,0.47378640776699027,0.953125
13624,0,CF2,L4,0.5,lama,9,3,0.8828372359275818,0,False,0.7737478411053541,0.4214162348877375,0.953125
21083,0,CF2,L4,0.5,lama,0,6,0.5099130868911743,0,False,0.7547528517110266,0.4220532319391635,0.8671875
7556,0,CF2,L4,0.5,lama,1,2,0.8606838583946228,0,False,0.7662337662337663,0.4044526901669759,0.8515625
9289,0,CF2,L4,0.5,lama,8,6,0.36909791827201843,0,False,0.8015267175572519,0.44274809160305345,0.90625
19944,0,CF2,L4,0.5,lama,3,3,0.5803481936454773,1,False,0.7419354838709677,0.3567362428842505,0.734375
6057,0,CF2,L4,0.5,lama,1,1,0.9235758781433105,1,False,0.8093385214007782,0.41245136186770426,0.828125
23029,0,CF2,L4,0.5,lama,8,9,0.1792689859867096,0,False,0.7773722627737226,0.4197080291970803,0.8984375
23668,0,CF2,L4,0.5,lama,5,6,0.536879301071167,0,False,0.7837837837837838,0.444015444015444,0.8984375
13115,0,CF2,L4,0.5,lama,8,8,0.7134425640106201,1,False,0.7839388145315488,0.44933078393881454,0.91796875
20635,0,CF2,L4,0.5,lama,3,2,0.2384612262248993,0,False,0.755877034358047,0.3670886075949367,0.79296875
4281,0,CF2,L4,0.5,lama,4,4,0.954279899597168,1,False,0.803921568627451,0.4206773618538324,0.921875
4139,0,CF2,L4,0.5,lama,9,2,0.2508566975593567,0,False,0.8307692307692308,0.49230769230769234,1.0
10652,0,CF2,L4,0.5,lama,1,8,0.22673837840557098,0,False,0.810077519379845,0.42441860465116277,0.85546875
700,0,CF2,L4,0.5,lama,1,1,0.8374638557434082,1,False,0.7396226415094339,0.35094339622641507,0.7265625
5772,0,CF2,L4,0.5,lama,3,8,0.47440266609191895,0,False,0.7708333333333334,0.42424242424242425,0.875
8114,0,CF2,L4,0.5,lama,9,8,0.3728664219379425,0,False,0.8092485549132948,0.48554913294797686,0.984375
5964,0,CF2,L4,0.5,lama,6,3,0.8080573081970215,0,False,0.7009345794392523,0.2411214953271028,0.50390625
17278,0,CF2,L4,0.5,lama,7,0,0.3262476325035095,0,False,0.801923076923077,0.37115384615384617,0.75390625
9961,0,CF2,L4,0.5,lama,0,1,0.41608062386512756,0,False,0.7881679389312977,0.3797709923664122,0.77734375
25974,0,CF2,L4,0.5,lama,7,7,0.8208933472633362,1,False,0.7625482625482626,0.4768339768339768,0.96484375
14317,0,CF2,L4,0.5,lama,3,3,0.9457034468650818,1,False,0.8132075471698114,0.47924528301886793,0.9921875
6485,0,CF2,L4,0.5,lama,0,0,0.9999634027481079,1,False,0.7746212121212122,0.38257575757575757,0.7890625
18287,0,CF2,L4,0.5,lama,0,6,0.48955562710762024,0,False,0.8083182640144665,0.41952983725135623,0.90625
11840,0,CF2,L4,0.5,lama,4,1,0.966812014579773,0,False,0.7509727626459144,0.4571984435797665,0.91796875
864,0,CF2,L4,0.5,lama,0,0,0.9749178886413574,1,False,0.7585551330798479,0.4372623574144487,0.8984375
20612,0,CF2,L4,0.5,lama,1,1,0.5322016477584839,1,False,0.7315436241610739,0.2684563758389262,0.625
21079,0,CF2,L4,0.5,lama,1,1,0.9612555503845215,1,False,0.7374784110535406,0.38341968911917096,0.8671875
11286,0,CF2,L4,0.5,lama,5,5,0.4562040865421295,1,False,0.8126195028680688,0.45506692160611856,0.9296875
788,0,CF2,L4,0.5,lama,0,1,0.7390493750572205,0,False,0.7469458987783595,0.38917975567190227,0.87109375
15932,0,CF2,L4,0.5,lama,3,3,0.19751371443271637,1,False,0.7584269662921348,0.4232209737827715,0.8828125
18511,0,CF2,L4,0.5,lama,3,3,0.9347302913665771,1,False,0.6816479400749064,0.2883895131086142,0.6015625
21576,0,CF2,L4,0.5,lama,5,3,0.8758739233016968,0,False,0.8015122873345936,0.42344045368620037,0.875
17237,0,CF2,L4,0.5,lama,2,2,0.8890513181686401,1,False,0.8209764918625678,0.42495479204339964,0.91796875
2966,0,CF2,L4,0.5,lama,2,2,0.9828512668609619,1,False,0.7504761904761905,0.4361904761904762,0.89453125
16416,0,CF2,L4,0.5,lama,5,5,0.6106583476066589,1,False,0.8171206225680934,0.3715953307392996,0.74609375
1280,0,CF2,L4,0.5,lama,5,7,0.7702741026878357,0,False,0.8145315487571702,0.40535372848948376,0.828125
24928,0,CF2,L4,0.5,lama,0,0,0.4297427237033844,1,False,0.7926421404682275,0.3377926421404682,0.7890625
23837,0,CF2,L4,0.5,lama,1,1,0.9176226258277893,1,False,0.7822736030828517,0.3063583815028902,0.62109375
20230,0,CF2,L4,0.5,lama,1,1,0.8552284836769104,1,False,0.8037383177570093,0.40186915887850466,0.83984375
23434,0,CF2,L4,0.5,lama,5,3,0.4735074043273926,0,False,0.7356687898089171,0.3646496815286624,0.89453125
20522,0,CF2,L4,0.5,lama,6,1,0.4404883086681366,0,False,0.8188405797101449,0.3967391304347826,0.85546875
7789,0,CF2,L4,0.5,lama,3,6,0.4552006721496582,0,False,0.7932773109243697,0.3663865546218487,0.8515625
22086,0,CF2,L4,0.5,lama,6,6,0.9147032499313354,1,False,0.7533206831119544,0.4174573055028463,0.859375
21339,0,CF2,L4,0.5,lama,0,0,0.9977877140045166,1,False,0.7255520504731862,0.3422712933753943,0.84765625
6830,0,CF2,L4,0.5,lama,9,0,0.8157369494438171,0,False,0.8406909788867563,0.43186180422264875,0.87890625
20902,0,CF2,L4,0.5,lama,2,7,0.5195565819740295,0,False,0.7914230019493177,0.41130604288499023,0.82421875
17481,0,CF2,L4,0.5,lama,5,3,0.6969472765922546,0,False,0.7756653992395437,0.4448669201520912,0.9140625
3050,0,CF2,L4,0.5,lama,6,2,0.2333509922027588,0,False,0.7533460803059273,0.361376673040153,0.73828125
409,0,CF2,L4,0.5,lama,1,2,0.5607752799987793,0,False,0.7604562737642585,0.4068441064638783,0.8359375
14823,0,CF2,L4,0.5,lama,7,8,0.3493275046348572,0,False,0.7984644913627639,0.44529750479846447,0.90625
22892,0,CF2,L4,0.5,lama,9,1,0.4087812006473541,0,False,0.8148854961832062,0.37404580152671757,0.765625
9470,0,CF2,L4,0.5,lama,8,8,0.6760665774345398,1,False,0.7258687258687259,0.3108108108108108,0.62890625
9543,0,CF2,L4,0.5,lama,6,4,0.3011320233345032,0,False,0.768270944741533,0.3939393939393939,0.86328125
22090,0,CF2,L4,0.5,lama,5,5,0.6940211057662964,1,False,0.7960992907801419,0.4095744680851064,0.90234375
6045,0,CF2,L4,0.5,lama,6,6,0.6726986765861511,1,False,0.7538759689922481,0.46705426356589147,0.94140625
317,0,CF2,L4,0.5,lama,8,8,0.46726131439208984,1,False,0.7769784172661871,0.42985611510791366,0.93359375
15812,0,CF2,L4,0.5,lama,0,1,0.35047459602355957,0,False,0.783427495291902,0.4632768361581921,0.9609375
18170,0,CF2,L4,0.5,lama,9,9,0.6774942874908447,1,False,0.8161350844277674,0.43151969981238275,0.8984375
14781,0,CF2,L4,0.5,lama,0,5,0.3138389587402344,0,False,0.8296703296703297,0.43956043956043955,0.9375
17886,0,CF2,L4,0.5,lama,9,9,0.5651324391365051,1,False,0.7532710280373832,0.4130841121495327,0.86328125
20049,0,CF2,L4,0.5,lama,3,7,0.7829976677894592,0,False,0.8453237410071942,0.44964028776978415,0.9765625
13283,0,CF2,L4,0.5,lama,0,1,0.7960440516471863,0,False,0.8108108108108109,0.44787644787644787,0.90625
25830,0,CF2,L4,0.5,lama,5,5,0.5860840678215027,1,False,0.7759856630824373,0.36917562724014336,0.8046875
14277,0,CF2,L4,0.5,lama,9,2,0.4100073277950287,0,False,0.7595419847328244,0.42366412213740456,0.8671875
5908,0,CF2,L4,0.5,lama,1,1,0.9992862343788147,1,False,0.82174688057041,0.42424242424242425,0.9296875
9731,0,CF2,L4,0.5,lama,8,8,0.846270740032196,1,False,0.7973231357552581,0.44933078393881454,0.91796875
14180,0,CF2,L4,0.5,lama,9,0,0.9249279499053955,0,False,0.8302583025830258,0.4483394833948339,0.94921875
9246,0,CF2,L4,0.5,lama,2,2,0.9661962985992432,1,False,0.8288461538461539,0.4634615384615385,0.94140625
1656,0,CF2,L4,0.5,lama,2,2,0.6286608576774597,1,False,0.7874306839186691,0.3733826247689464,0.7890625
17712,0,CF2,L4,0.5,lama,1,5,0.23715966939926147,0,False,0.7831775700934579,0.47102803738317756,0.984375
25544,0,CF2,L4,0.5,lama,9,8,0.8833844065666199,0,False,0.75,0.4166666666666667,0.83984375
1120,0,CF2,L4,0.5,lama,5,3,0.9822545647621155,0,False,0.7869481765834933,0.3857965451055662,0.78515625
1298,0,CF2,L4,0.5,lama,6,6,0.4718562662601471,1,False,0.7850953206239168,0.3344887348353553,0.75390625
25570,0,CF2,L4,0.5,lama,2,2,0.8219991326332092,1,False,0.6940726577437859,0.35181644359464626,0.71875
5370,0,CF2,L4,0.5,lama,7,7,0.45787450671195984,1,False,0.7787769784172662,0.37050359712230213,0.8046875
19075,0,CF2,L4,0.5,lama,2,3,0.48488619923591614,0,False,0.8136531365313653,0.4446494464944649,0.94140625
8583,0,CF2,L4,0.5,lama,0,0,0.25969141721725464,1,False,0.811284046692607,0.4708171206225681,0.9453125
2133,0,CF2,L4,0.5,lama,0,2,0.2911759912967682,0,False,0.8376511226252159,0.4162348877374784,0.94140625
1982,0,CF2,L4,0.5,lama,2,2,0.9623898863792419,1,False,0.75,0.3511450381679389,0.71875
950,0,CF2,L4,0.5,lama,8,5,0.751017689704895,0,False,0.7388059701492538,0.3843283582089552,0.8046875
19563,0,CF2,L4,0.5,lama,4,1,0.9113892316818237,0,False,0.8155893536121673,0.4524714828897338,0.9296875
21023,0,CF2,L4,0.5,lama,6,0,0.9669090509414673,0,False,0.755859375,0.431640625,0.86328125
15687,0,CF2,L4,0.5,lama,0,4,0.37540164589881897,0,False,0.7902912621359224,0.4679611650485437,0.94140625
6444,0,CF2,L4,0.5,lama,6,6,0.4639531970024109,1,False,0.7358490566037735,0.3867924528301887,0.80078125
15735,0,CF2,L4,0.5,lama,4,1,0.7713969945907593,0,False,0.7734375,0.4453125,0.890625
10651,0,CF2,L4,0.5,lama,0,6,0.4655405580997467,0,False,0.7895752895752896,0.48455598455598453,0.98046875
13256,0,CF2,L4,0.5,lama,1,1,0.9649598002433777,1,False,0.8118081180811808,0.42988929889298894,0.91015625
16855,0,CF2,L4,0.5,lama,6,6,0.4877389073371887,1,False,0.7738970588235294,0.39889705882352944,0.84765625
14884,0,CF2,L4,0.5,lama,9,2,0.4848479926586151,0,False,0.8164794007490637,0.44569288389513106,0.9296875
21884,0,CF2,L4,0.5,lama,6,5,0.6622921824455261,0,False,0.7310606060606061,0.3503787878787879,0.72265625
5078,0,CF2,L4,0.5,lama,3,3,0.8425858616828918,1,False,0.7670454545454546,0.3541666666666667,0.73046875
20419,0,CF2,L4,0.5,lama,9,2,0.8932204246520996,0,False,0.7844990548204159,0.3837429111531191,0.79296875
20521,0,CF2,L4,0.5,lama,5,3,0.5760095715522766,0,False,0.7896749521988528,0.45506692160611856,0.9296875
23257,0,CF2,L4,0.5,lama,5,2,0.24354951083660126,0,False,0.8131021194605009,0.4393063583815029,0.890625
17190,0,CF2,L4,0.5,lama,2,7,0.5468248128890991,0,False,0.7578558225508318,0.4029574861367837,0.8515625
15631,0,CF2,L4,0.5,lama,8,0,0.7235367298126221,0,False,0.8031189083820662,0.4269005847953216,0.85546875
504,0,CF2,L4,0.5,lama,0,0,0.7035796046257019,1,False,0.7568093385214008,0.39299610894941633,0.7890625
14990,0,CF2,L4,0.5,lama,3,5,0.9446145296096802,0,False,0.7664233576642335,0.4489051094890511,0.9609375
24512,0,CF2,L4,0.5,lama,8,0,0.9390411972999573,0,False,0.7617260787992496,0.39587242026266417,0.82421875
23120,0,CF2,L4,0.5,lama,7,6,0.6375231742858887,0,False,0.7464285714285714,0.39464285714285713,0.86328125
3357,0,CF2,L4,0.5,lama,2,3,0.6143537759780884,0,False,0.7783595113438045,0.38917975567190227,0.87109375
8088,0,CF2,L4,0.5,lama,1,1,0.901614785194397,1,False,0.7786116322701688,0.32833020637898686,0.68359375
21849,0,CF2,L4,0.5,lama,9,9,0.49113836884498596,1,False,0.7606679035250464,0.38589981447124305,0.8125
13683,0,CF2,L4,0.5,lama,0,6,0.530264675617218,0,False,0.8386524822695035,0.4397163120567376,0.96875
22718,0,CF2,L4,0.5,lama,9,3,0.929656445980072,0,False,0.6979742173112339,0.36464088397790057,0.7734375
9927,0,CF2,L4,0.5,lama,4,4,0.8842017650604248,1,False,0.7409523809523809,0.3295238095238095,0.67578125
11425,0,CF2,L4,0.5,lama,0,0,0.9343273043632507,1,False,0.7524177949709865,0.4622823984526112,0.93359375
14578,0,CF2,L4,0.5,lama,0,6,0.5204027891159058,0,False,0.8003802281368821,0.4866920152091255,1.0
25481,0,CF2,L4,0.5,lama,8,3,0.3419472873210907,0,False,0.8380281690140845,0.44366197183098594,0.984375
11269,0,CF2,L4,0.5,lama,5,3,0.5294579863548279,0,False,0.764378478664193,0.3339517625231911,0.703125
12877,0,CF2,L4,0.5,lama,5,1,0.8313928246498108,0,False,0.798941798941799,0.4126984126984127,0.9140625
22531,0,CF2,L4,0.5,lama,9,8,0.2405528426170349,0,False,0.7541899441340782,0.3947858472998138,0.828125
13150,0,CF2,L4,0.5,lama,3,8,0.35423797369003296,0,False,0.8218181818181818,0.4036363636363636,0.8671875
5654,0,CF2,L4,0.5,lama,8,3,0.994378387928009,0,False,0.747104247104247,0.4555984555984556,0.921875
1286,0,CF2,L4,0.5,lama,7,5,0.4194695055484772,0,False,0.7553398058252427,0.4524271844660194,0.91015625
1652,0,CF2,L4,0.5,lama,1,1,0.9991772770881653,1,False,0.8026070763500931,0.4618249534450652,0.96875
22335,0,CF2,L4,0.5,lama,2,2,0.4880440831184387,1,False,0.7728155339805826,0.4077669902912621,0.8203125
23848,0,CF2,L4,0.5,lama,3,3,0.9702616930007935,1,False,0.7013232514177694,0.30245746691871456,0.625
2892,0,CF2,L4,0.5,lama,6,6,0.49051323533058167,1,False,0.7937743190661478,0.4280155642023346,0.859375
16530,0,CF2,L4,0.5,lama,8,3,0.9416747093200684,0,False,0.8007590132827325,0.4269449715370019,0.87890625
12848,0,CF2,L4,0.5,lama,8,0,0.9420298337936401,0,False,0.7458256029684601,0.3747680890538033,0.7890625
7330,0,CF2,L4,0.5,lama,7,2,0.5924579501152039,0,False,0.801094890510949,0.4397810218978102,0.94140625
3676,0,CF2,L4,0.5,lama,1,1,0.7307897806167603,1,False,0.7785588752196837,0.4428822495606327,0.984375
19966,0,CF2,L4,0.5,lama,8,8,0.575140118598938,1,False,0.7926356589147286,0.4050387596899225,0.81640625
8382,0,CF2,L4,0.5,lama,5,8,0.5248006582260132,0,False,0.789103690685413,0.4253075571177504,0.9453125
19660,0,CF2,L4,0.5,lama,7,6,0.4723837673664093,0,False,0.8464223385689355,0.3961605584642234,0.88671875
2508,0,CF2,L4,0.5,lama,9,9,0.5481851100921631,1,False,0.720616570327553,0.35260115606936415,0.71484375
2360,0,CF2,L4,0.5,lama,4,4,0.8405129909515381,1,False,0.7447619047619047,0.38476190476190475,0.7890625
16796,0,CF2,L4,0.5,lama,1,1,0.9892174005508423,1,False,0.7169811320754716,0.37169811320754714,0.76953125
23426,0,CF2,L4,0.5,lama,9,0,0.29218900203704834,0,False,0.7100371747211895,0.3420074349442379,0.71875
15590,0,CF2,L4,0.5,lama,2,9,0.8184545040130615,0,False,0.8108108108108109,0.40878378378378377,0.9453125
6302,0,CF2,L4,0.5,lama,3,5,0.34991711378097534,0,False,0.7985347985347986,0.4542124542124542,0.96875
24519,0,CF2,L4,0.5,lama,7,2,0.4618852138519287,0,False,0.8426103646833013,0.472168905950096,0.9609375
23276,0,CF2,L4,0.5,lama,2,5,0.23987236618995667,0,False,0.8133333333333334,0.4666666666666667,0.95703125
24566,0,CF2,L4,0.5,lama,8,9,0.41325804591178894,0,False,0.7874306839186691,0.4565619223659889,0.96484375
20978,0,CF2,L4,0.5,lama,1,1,0.5567415952682495,1,False,0.7571428571428571,0.39107142857142857,0.85546875
8990,0,CF2,L4,0.5,lama,3,2,0.3706001341342926,0,False,0.7865961199294532,0.41622574955908287,0.921875
11061,0,CF2,L4,0.5,lama,7,3,0.7598698735237122,0,False,0.8134615384615385,0.47692307692307695,0.96875
7075,0,CF2,L4,0.5,lama,9,2,0.38859981298446655,0,False,0.8108108108108109,0.4206081081081081,0.97265625
17641,0,CF2,L4,0.5,lama,2,0,0.63484787940979,0,False,0.8347529812606473,0.43100511073253833,0.98828125
12077,0,CF2,L4,0.5,lama,9,9,0.9947846531867981,1,False,0.70703125,0.36328125,0.7265625
1779,0,CF2,L4,0.5,lama,7,7,0.9692113995552063,1,False,0.7546125461254612,0.33948339483394835,0.71875
11519,0,CF2,L4,0.5,lama,4,1,0.3398454785346985,0,False,0.8073929961089494,0.4980544747081712,1.0
8549,0,CF2,L4,0.5,lama,3,9,0.169657364487648,0,False,0.7721280602636534,0.4218455743879473,0.875
14623,0,CF2,L4,0.5,lama,6,3,0.5992651581764221,0,False,0.7810077519379846,0.45542635658914726,0.91796875
10846,0,CF2,L4,0.5,lama,3,2,0.7331650257110596,0,False,0.7934782608695652,0.3713768115942029,0.80078125
16289,0,CF2,L4,0.5,lama,3,5,0.4288351833820343,0,False,0.7509727626459144,0.43190661478599224,0.8671875
12311,0,CF2,L4,0.5,lama,8,8,0.6611999273300171,1,False,0.8205128205128205,0.3076923076923077,0.65625
6068,0,CF2,L4,0.5,lama,8,8,0.3708268105983734,1,False,0.7611650485436893,0.458252427184466,0.921875
9629,0,CF2,L4,0.5,lama,6,0,0.351884663105011,0,False,0.8021778584392014,0.41560798548094374,0.89453125
19560,0,CF2,L4,0.5,lama,3,9,0.23649179935455322,0,False,0.7984790874524715,0.47338403041825095,0.97265625
10379,0,CF2,L4,0.5,lama,8,6,0.46470725536346436,0,False,0.7588126159554731,0.300556586270872,0.6328125
6499,0,CF2,L4,0.5,lama,9,5,0.7434821128845215,0,False,0.7306273062730627,0.3191881918819188,0.67578125
1159,0,CF2,L4,0.5,lama,0,6,0.5229243636131287,0,False,0.8322259136212624,0.42524916943521596,1.0
4366,0,CF2,L4,0.5,lama,7,7,0.9562206268310547,1,False,0.7396226415094339,0.33584905660377357,0.6953125
8397,0,CF2,L4,0.5,lama,1,0,0.7924011945724487,0,False,0.8043087971274686,0.4488330341113106,0.9765625
20905,0,CF2,L4,0.5,lama,9,2,0.732972264289856,0,False,0.7807486631016043,0.41532976827094475,0.91015625
15746,0,CF2,L4,0.5,lama,5,5,0.8517997860908508,1,False,0.780718336483932,0.44045368620037806,0.91015625
9402,0,CF2,L4,0.5,lama,3,6,0.9248127341270447,0,False,0.798828125,0.455078125,0.91015625
8164,0,CF2,L4,0.5,lama,2,8,0.7899746298789978,0,False,0.7702205882352942,0.32536764705882354,0.69140625
510,0,CF2,L4,0.5,lama,5,5,0.2962273061275482,1,False,0.7426470588235294,0.3400735294117647,0.72265625
24070,0,CF2,L4,0.5,lama,9,3,0.3418031930923462,0,False,0.8052173913043478,0.43826086956521737,0.984375
2401,0,CF2,L4,0.5,lama,4,4,0.9460932612419128,1,False,0.8003300330033003,0.3432343234323432,0.8125
12147,0,CF2,L4,0.5,lama,3,8,0.8005568981170654,0,False,0.7533206831119544,0.40417457305502846,0.83203125
14499,0,CF2,L4,0.5,lama,6,5,0.25473329424858093,0,False,0.8045977011494253,0.3831417624521073,0.78125
3530,0,CF2,L4,0.5,lama,6,8,0.6574927568435669,0,False,0.8259325044404974,0.43872113676731794,0.96484375
14723,0,CF2,L4,0.5,lama,7,2,0.8745719194412231,0,False,0.8076923076923077,0.4326923076923077,0.87890625
4435,0,CF2,L4,0.5,lama,3,3,0.4085406959056854,1,False,0.7548262548262549,0.40540540540540543,0.8203125
22852,0,CF2,L4,0.5,lama,2,2,0.456693172454834,1,False,0.7795414462081128,0.30687830687830686,0.6796875
8461,0,CF2,L4,0.5,lama,3,3,0.9413363933563232,1,False,0.7734375,0.48046875,0.9609375
21972,0,CF2,L4,0.5,lama,7,7,0.5849170088768005,1,False,0.8128544423440454,0.44045368620037806,0.91015625
5410,0,CF2,L4,0.5,lama,4,3,0.6667971611022949,0,False,0.7768595041322314,0.3785123966942149,0.89453125
17754,0,CF2,L4,0.5,lama,6,1,0.8209168910980225,0,False,0.7796296296296297,0.4111111111111111,0.8671875
15311,0,CF2,L4,0.5,lama,2,2,0.9173561930656433,1,False,0.7572463768115942,0.4311594202898551,0.9296875
15185,0,CF2,L4,0.5,lama,1,1,0.8624141812324524,1,False,0.7711069418386491,0.45778611632270166,0.953125
5663,0,CF2,L4,0.5,lama,4,4,0.7063626646995544,1,False,0.7838312829525483,0.37785588752196836,0.83984375
6247,0,CF2,L4,0.5,lama,6,3,0.45341581106185913,0,False,0.7822736030828517,0.44508670520231214,0.90234375
15287,0,CF2,L4,0.5,lama,0,2,0.874944269657135,0,False,0.7423076923076923,0.4576923076923077,0.9296875
19902,0,CF2,L4,0.5,lama,0,0,0.6469178199768066,1,False,0.8003731343283582,0.47574626865671643,0.99609375
25188,0,CF2,L4,0.5,lama,4,0,0.8021994233131409,0,False,0.7560975609756098,0.4333958724202627,0.90234375
11195,0,CF2,L4,0.5,lama,8,8,0.6653792262077332,1,False,0.7941680960548885,0.36192109777015435,0.82421875
4828,0,CF2,L4,0.5,lama,7,1,0.8034700155258179,0,False,0.7725631768953068,0.3285198555956679,0.7109375
23751,0,CF2,L4,0.5,lama,5,5,0.5854964256286621,1,False,0.7592233009708738,0.37475728155339805,0.75390625
9464,0,CF2,L4,0.5,lama,3,1,0.9780265688896179,0,False,0.7656529516994633,0.3685152057245081,0.8046875
25723,0,CF2,L4,0.5,lama,0,0,0.872169554233551,1,False,0.7553398058252427,0.41941747572815535,0.84375
16859,0,CF2,L4,0.5,lama,5,3,0.3712168037891388,0,False,0.8161764705882353,0.43566176470588236,0.92578125
3601,0,CF2,L4,0.5,lama,1,1,0.4013785719871521,1,False,0.7886792452830189,0.3849056603773585,0.796875
11679,0,CF2,L4,0.5,lama,6,6,0.9234369993209839,1,False,0.7690839694656488,0.4637404580152672,0.94921875
12135,0,CF2,L4,0.5,lama,7,7,0.6743651628494263,1,False,0.7857142857142857,0.4015444015444015,0.8125
16329,0,CF2,L4,0.5,lama,1,2,0.7407861948013306,0,False,0.7975986277873071,0.411663807890223,0.9375
94,0,CF2,L4,0.5,lama,4,4,0.297470360994339,1,False,0.7607913669064749,0.3345323741007194,0.7265625
14517,0,CF2,L4,0.5,lama,9,5,0.5179152488708496,0,False,0.8134328358208955,0.46828358208955223,0.98046875
16852,0,CF2,L4,0.5,lama,3,1,0.5427802205085754,0,False,0.7408695652173913,0.3739130434782609,0.83984375
6852,0,CF2,L4,0.5,lama,6,8,0.2413928210735321,0,False,0.7607003891050583,0.4455252918287938,0.89453125
24858,0,CF2,L4,0.5,lama,3,7,0.7859527468681335,0,False,0.8125,0.45075757575757575,0.9296875
297,0,CF2,L4,0.5,lama,9,3,0.3019896447658539,0,False,0.8208092485549133,0.4932562620423892,1.0
12339,0,CF2,L4,0.5,lama,2,2,0.966723620891571,1,False,0.7518656716417911,0.416044776119403,0.87109375
20811,0,CF2,L4,0.5,lama,8,8,0.4897441565990448,1,False,0.7452107279693486,0.37547892720306514,0.765625
12439,0,CF2,L4,0.5,lama,5,5,0.9499676823616028,1,False,0.7871559633027523,0.45137614678899085,0.9609375
16632,0,CF2,L4,0.5,lama,9,0,0.9536393284797668,0,False,0.7868217054263565,0.47093023255813954,0.94921875
5798,0,CF2,L4,0.5,lama,4,2,0.5625674724578857,0,False,0.7512274959083469,0.3502454991816694,0.8359375
18458,0,CF2,L4,0.5,lama,3,8,0.47071900963783264,0,False,0.752851711026616,0.3821292775665399,0.78515625
6105,0,CF2,L4,0.5,lama,5,5,0.23980200290679932,1,False,0.7893772893772893,0.39194139194139194,0.8359375
10321,0,CF2,L4,0.5,lama,6,1,0.5977838635444641,0,False,0.7616387337057728,0.4208566108007449,0.8828125
21771,0,CF2,L4,0.5,lama,7,7,0.666532576084137,1,False,0.7912885662431942,0.3793103448275862,0.81640625
22194,0,CF2,L4,0.5,lama,0,0,0.9913525581359863,1,False,0.7528301886792453,0.3867924528301887,0.80078125
6,0,CF2,L4,0.5,lama,9,2,0.5237700343132019,0,False,0.7137330754352031,0.3578336557059961,0.72265625
912,0,CF2,L4,0.5,lama,7,1,0.6028602123260498,0,False,0.7528735632183908,0.3045977011494253,0.62109375
16910,0,CF2,L4,0.5,lama,5,5,0.5550060868263245,1,False,0.8347826086956521,0.4365217391304348,0.98046875
18738,0,CF2,L4,0.5,lama,7,7,0.6509667038917542,1,False,0.7186897880539499,0.43545279383429675,0.8828125
18020,0,CF2,L4,0.5,lama,9,6,0.44299882650375366,0,False,0.8108108108108109,0.42882882882882883,0.9296875
3462,0,CF2,L4,0.5,lama,8,5,0.4889644682407379,0,False,0.7839851024208566,0.3817504655493482,0.80078125
5696,0,CF2,L4,0.5,lama,1,8,0.42069897055625916,0,False,0.8359375,0.484375,0.96875
15066,0,CF2,L4,0.5,lama,3,3,0.6819649338722229,1,False,0.7915869980879541,0.39961759082217974,0.81640625
10653,0,CF2,L4,0.5,lama,9,5,0.22517842054367065,0,False,0.7926356589147286,0.4689922480620155,0.9453125
13337,0,CF2,L4,0.5,lama,2,2,0.8495931029319763,1,False,0.7829457364341085,0.4689922480620155,0.9453125
12340,0,CF2,L4,0.5,lama,5,9,0.4342656135559082,0,False,0.7971274685816876,0.414721723518851,0.90234375
9536,0,CF2,L4,0.5,lama,0,7,0.8482741117477417,0,False,0.8033333333333333,0.405,0.94921875
3566,0,CF2,L4,0.5,lama,4,1,0.7947401404380798,0,False,0.8226415094339623,0.4641509433962264,0.9609375
20090,0,CF2,L4,0.5,lama,4,1,0.8378486037254333,0,False,0.8043117744610282,0.4129353233830846,0.97265625
211,0,CF2,L4,0.5,lama,0,6,0.324739933013916,0,False,0.7324478178368121,0.4079696394686907,0.83984375
55,0,CF2,L4,0.5,lama,8,6,0.5957508683204651,0,False,0.7680311890838206,0.47953216374269003,0.9609375
1477,0,CF2,L4,0.5,lama,2,0,0.605101466178894,0,False,0.8366606170598911,0.42286751361161523,0.91015625
25898,0,CF2,L4,0.5,lama,0,6,0.44237589836120605,0,False,0.8099808061420346,0.43761996161228406,0.890625
25713,0,CF2,L4,0.5,lama,0,0,0.26264050602912903,1,False,0.8166666666666667,0.42592592592592593,0.8984375
18055,0,CF2,L4,0.5,lama,3,3,0.9199060797691345,1,False,0.8081395348837209,0.3391472868217054,0.68359375
17461,0,CF2,L4,0.5,lama,3,3,0.8744634389877319,1,False,0.7693631669535284,0.3459552495697074,0.78515625
14237,0,CF2,L4,0.5,lama,7,2,0.2294558584690094,0,False,0.7885304659498208,0.4265232974910394,0.9296875
13858,0,CF2,L4,0.5,lama,1,1,0.9712197780609131,1,False,0.7726396917148363,0.4701348747591522,0.953125
12386,0,CF2,L4,0.5,lama,5,4,0.3162548840045929,0,False,0.8049242424242424,0.4602272727272727,0.94921875
7223,0,CF2,L4,0.5,lama,9,9,0.5502483248710632,1,False,0.7132616487455197,0.3064516129032258,0.66796875
3153,0,CF2,L4,0.5,lama,5,2,0.5445776581764221,0,False,0.8288461538461539,0.4807692307692308,0.9765625
23265,0,CF2,L4,0.5,lama,8,1,0.5950399041175842,0,False,0.7514563106796116,0.40388349514563104,0.8125
9465,0,CF2,L4,0.5,lama,0,0,0.8974453210830688,1,False,0.7919847328244275,0.44656488549618323,0.9140625
7419,0,CF2,L4,0.5,lama,0,6,0.3286839723587036,0,False,0.7283236994219653,0.4046242774566474,0.8203125
4722,0,CF2,L4,0.5,lama,6,5,0.31640133261680603,0,False,0.8404452690166976,0.4174397031539889,0.87890625
23448,0,CF2,L4,0.5,lama,6,0,0.8837496042251587,0,False,0.7722960151802657,0.3377609108159393,0.6953125
8222,0,CF2,L4,0.5,lama,2,2,0.609806478023529,1,False,0.8297872340425532,0.4564796905222437,0.921875
20898,0,CF2,L4,0.5,lama,8,0,0.3217676877975464,0,False,0.794921875,0.482421875,0.96484375
23313,0,CF2,L4,0.5,lama,2,7,0.8567354679107666,0,False,0.7129277566539924,0.3726235741444867,0.765625
13426,0,CF2,L4,0.5,lama,2,4,0.2415706068277359,0,False,0.7917448405253283,0.41275797373358347,0.859375
25136,0,CF2,L4,0.5,lama,4,4,0.6510497331619263,1,False,0.7151162790697675,0.44573643410852715,0.8984375
9268,0,CF2,L4,0.5,lama,4,4,0.9989039897918701,1,False,0.7973231357552581,0.4474187380497132,0.9140625
3892,0,CF2,L4,0.5,lama,1,1,0.6556660532951355,1,False,0.8168224299065421,0.4747663551401869,0.9921875
4115,0,CF2,L4,0.5,lama,3,2,0.5269693732261658,0,False,0.7826923076923077,0.4442307692307692,0.90234375
5166,0,CF2,L4,0.5,lama,7,7,0.8514702320098877,1,False,0.7961672473867596,0.40418118466898956,0.90625
14984,0,CF2,L4,0.5,lama,3,4,0.6833772659301758,0,False,0.7854545454545454,0.43454545454545457,0.93359375
10520,0,CF2,L4,0.5,lama,1,2,0.5876093506813049,0,False,0.7751937984496124,0.46705426356589147,0.94140625
4379,0,CF2,L4,0.5,lama,2,2,0.7712212800979614,1,False,0.8126195028680688,0.47609942638623326,0.97265625
8937,0,CF2,L4,0.5,lama,1,1,0.9581928849220276,1,False,0.7669902912621359,0.3145631067961165,0.6328125
17550,0,CF2,L4,0.5,lama,9,9,0.9415931105613708,1,False,0.7661141804788214,0.35543278084714547,0.75390625
19085,0,CF2,L4,0.5,lama,9,0,0.46490275859832764,0,False,0.7879377431906615,0.3657587548638132,0.734375
17902,0,CF2,L4,0.5,lama,6,8,0.32463008165359497,0,False,0.8174757281553398,0.4155339805825243,0.8359375
14780,0,CF2,L4,0.5,lama,8,3,0.5762341618537903,0,False,0.7125435540069687,0.25261324041811845,0.56640625
8401,0,CF2,L4,0.5,lama,0,0,0.7455331087112427,1,False,0.6945525291828794,0.377431906614786,0.7578125
11230,0,CF2,L4,0.5,lama,2,6,0.7211971879005432,0,False,0.8122605363984674,0.4885057471264368,0.99609375
1772,0,CF2,L4,0.5,lama,3,1,0.6669648289680481,0,False,0.8160291438979964,0.44808743169398907,0.9609375
13326,0,CF2,L4,0.5,lama,4,4,0.9519457817077637,1,False,0.7794392523364486,0.4074766355140187,0.8515625
15230,0,CF2,L4,0.5,lama,5,2,0.995417594909668,0,False,0.74573055028463,0.42125237191650855,0.8671875
20557,0,CF2,L4,0.5,lama,0,6,0.5833762884140015,0,False,0.7831775700934579,0.39065420560747666,0.81640625
9555,0,CF2,L4,0.5,lama,1,1,0.9735442399978638,1,False,0.7660377358490567,0.39245283018867927,0.8125
3667,0,CF2,L4,0.5,lama,6,6,0.7255381345748901,1,False,0.7889733840304183,0.40874524714828897,0.83984375
5316,0,CF2,L4,0.5,lama,5,8,0.35023653507232666,0,False,0.8128654970760234,0.4405458089668616,0.8828125
3606,0,CF2,L4,0.5,lama,5,1,0.5646379590034485,0,False,0.8139097744360902,0.48120300751879697,1.0
25776,0,CF2,L4,0.5,lama,6,0,0.5648489594459534,0,False,0.7859922178988327,0.3560311284046693,0.71484375
22231,0,CF2,L4,0.5,lama,1,4,0.45307305455207825,0,False,0.8037037037037037,0.46296296296296297,0.9765625
10855,0,CF2,L4,0.5,lama,7,7,0.995541512966156,1,False,0.7402597402597403,0.3469387755102041,0.73046875
130,0,CF2,L4,0.5,lama,6,2,0.5392200946807861,0,False,0.8275862068965517,0.4731800766283525,0.96484375
434,0,CF2,L4,0.5,lama,8,6,0.5111772418022156,0,False,0.7734375,0.4375,0.875
5308,0,CF2,L4,0.5,lama,5,1,0.6705586910247803,0,False,0.7137614678899082,0.41284403669724773,0.87890625
17682,0,CF2,L4,0.5,lama,4,5,0.31745806336402893,0,False,0.7523277467411545,0.43575418994413406,0.9140625
16682,0,CF2,L4,0.5,lama,8,8,0.3778530955314636,1,False,0.7903225806451613,0.4157706093189964,0.90625
12660,0,CF2,L4,0.5,lama,5,6,0.7529677152633667,0,False,0.7653429602888087,0.42057761732851984,0.91015625
21362,0,CF2,L4,0.5,lama,5,5,0.5519522428512573,1,False,0.8152380952380952,0.3980952380952381,0.81640625
15483,0,CF2,L4,0.5,lama,4,4,0.837645947933197,1,False,0.7616279069767442,0.4496124031007752,0.90625
5289,0,CF2,L4,0.5,lama,5,1,0.5239818096160889,0,False,0.7169117647058824,0.3694852941176471,0.78515625
19757,0,CF2,L4,0.5,lama,1,1,0.9411433935165405,1,False,0.8035019455252919,0.4727626459143969,0.94921875
6799,0,CF2,L4,0.5,lama,2,2,0.9907360672950745,1,False,0.674373795761079,0.2947976878612717,0.59765625
18871,0,CF2,L4,0.5,lama,2,5,0.7796661853790283,0,False,0.8235294117647058,0.4857685009487666,1.0
4740,0,CF2,L4,0.5,lama,3,3,0.30094975233078003,1,False,0.7942307692307692,0.37115384615384617,0.75390625
14926,0,CF2,L4,0.5,lama,5,5,0.8000180125236511,1,False,0.8223062381852552,0.44045368620037806,0.91015625
3549,0,CF2,L4,0.5,lama,4,4,0.5960453152656555,1,False,0.7723735408560312,0.44357976653696496,0.890625
13336,0,CF2,L4,0.5,lama,9,2,0.31048595905303955,0,False,0.8014571948998178,0.41712204007285975,0.89453125
8302,0,CF2,L4,0.5,lama,3,1,0.3369385302066803,0,False,0.7739463601532567,0.4578544061302682,0.93359375
19884,0,CF2,L4,0.5,lama,8,6,0.45916762948036194,0,False,0.7670454545454546,0.42613636363636365,0.87890625
6927,0,CF2,L4,0.5,lama,1,1,0.958397388458252,1,False,0.751412429378531,0.4274952919020716,0.88671875
15277,0,CF2,L4,0.5,lama,6,6,0.6352930068969727,1,False,0.7737881508078994,0.44165170556552963,0.9609375
20278,0,CF2,L4,0.5,lama,3,3,0.614599883556366,1,False,0.7408829174664108,0.43378119001919385,0.8828125
654,0,CF2,L4,0.5,lama,8,9,0.3666223883628845,0,False,0.7881679389312977,0.4541984732824427,0.9296875
19020,0,CF2,L4,0.5,lama,0,9,0.3768414258956909,0,False,0.8181818181818182,0.4772727272727273,0.984375
25403,0,CF2,L4,0.5,lama,3,3,0.9898716807365417,1,False,0.7010869565217391,0.3641304347826087,0.78515625
1745,0,CF2,L4,0.5,lama,8,8,0.6176385283470154,1,False,0.801923076923077,0.4442307692307692,0.90234375
10726,0,CF2,L4,0.5,lama,4,4,0.9851138591766357,1,False,0.7404718693284936,0.32849364791288566,0.70703125
23431,0,CF2,L4,0.5,lama,4,8,0.6123586297035217,0,False,0.7538759689922481,0.4631782945736434,0.93359375
231,0,CF2,L4,0.5,lama,5,3,0.36787423491477966,0,False,0.833976833976834,0.47876447876447875,0.96875
20678,0,CF2,L4,0.5,lama,7,8,0.2719561755657196,0,False,0.7845303867403315,0.30570902394106814,0.6484375
15851,0,CF2,L4,0.5,lama,1,1,0.9344240427017212,1,False,0.714548802946593,0.3020257826887661,0.640625
24015,0,CF2,L4,0.5,lama,0,2,0.9961755275726318,0,False,0.7947454844006568,0.39901477832512317,0.94921875
1082,0,CF2,L4,0.5,lama,6,0,0.3382140100002289,0,False,0.763915547024952,0.4165067178502879,0.84765625
5573,0,CF2,L4,0.5,lama,8,8,0.3965131342411041,1,False,0.8023255813953488,0.47674418604651164,0.9609375
11289,0,CF2,L4,0.5,lama,1,1,0.5314720273017883,1,False,0.7752380952380953,0.4704761904761905,0.96484375
1751,0,CF2,L4,0.5,lama,0,0,0.6393476128578186,1,False,0.8054474708171206,0.47470817120622566,0.953125
4594,0,CF2,L4,0.5,lama,6,6,0.8383934497833252,1,False,0.7439252336448599,0.3925233644859813,0.8203125
21127,0,CF2,L4,0.5,lama,8,3,0.2780046761035919,0,False,0.7601547388781431,0.4506769825918762,0.91015625
12370,0,CF2,L4,0.5,lama,4,2,0.6708284616470337,0,False,0.8234234234234235,0.4252252252252252,0.921875
4125,0,CF2,L4,0.5,lama,6,6,0.79300856590271,1,False,0.7523105360443623,0.3789279112754159,0.80078125
11008,0,CF2,L4,0.5,lama,1,1,0.9880103468894958,1,False,0.7231638418079096,0.3483992467043315,0.72265625
23395,0,CF2,L4,0.5,lama,7,7,0.8349444270133972,1,False,0.811284046692607,0.46303501945525294,0.9296875
3080,0,CF2,L4,0.5,lama,3,3,0.9973151087760925,1,False,0.6564885496183206,0.3893129770992366,0.796875
22400,0,CF2,L4,0.5,lama,0,0,0.9990103244781494,1,False,0.7813688212927756,0.42015209125475284,0.86328125
22514,0,CF2,L4,0.5,lama,1,1,0.5834885835647583,1,False,0.7840909090909091,0.42045454545454547,0.8671875
15137,0,CF2,L4,0.5,lama,0,9,0.4029660224914551,0,False,0.7617260787992496,0.4277673545966229,0.890625
6681,0,CF2,L4,0.5,lama,0,0,0.6422954797744751,1,False,0.78125,0.419921875,0.83984375
5219,0,CF2,L4,0.5,lama,5,3,0.6617262959480286,0,False,0.8155893536121673,0.4790874524714829,0.984375
2355,0,CF2,L4,0.5,lama,2,2,0.7919806241989136,1,False,0.765625,0.388671875,0.77734375
4674,0,CF2,L4,0.5,lama,5,3,0.49523791670799255,0,False,0.7417475728155339,0.36893203883495146,0.7421875
14575,0,CF2,L4,0.5,lama,1,1,0.9996157884597778,1,False,0.7538167938931297,0.43320610687022904,0.88671875
6563,0,CF2,L4,0.5,lama,5,5,0.8152548670768738,1,False,0.7911877394636015,0.3773946360153257,0.76953125
17492,0,CF2,L4,0.5,lama,9,3,0.5369035005569458,0,False,0.8097928436911488,0.4312617702448211,0.89453125
15770,0,CF2,L4,0.5,lama,7,7,0.9079557061195374,1,False,0.7708737864077669,0.341747572815534,0.6875
20830,0,CF2,L4,0.5,lama,1,1,0.680243730545044,1,False,0.7897623400365631,0.42413162705667273,0.90625
1777,0,CF2,L4,0.5,lama,2,2,0.5108534693717957,1,False,0.7796610169491526,0.4463276836158192,0.92578125
21617,0,CF2,L4,0.5,lama,7,7,0.9347630143165588,1,False,0.7676190476190476,0.4057142857142857,0.83203125
21293,0,CF2,L4,0.5,lama,4,6,0.25954684615135193,0,False,0.7790697674418605,0.4166666666666667,0.83984375
14504,0,CF2,L4,0.5,lama,0,0,0.4287663996219635,1,False,0.8092485549132948,0.348747591522158,0.70703125
21236,0,CF2,L4,0.5,lama,7,1,0.8888898491859436,0,False,0.8166023166023166,0.42084942084942084,0.8515625
18558,0,CF2,L4,0.5,lama,4,4,0.9023956656455994,1,False,0.8208695652173913,0.4226086956521739,0.94921875
22916,0,CF2,L4,0.5,lama,8,0,0.715466320514679,0,False,0.7705779334500875,0.3432574430823117,0.765625
18760,0,CF2,L4,0.5,lama,6,2,0.8800692558288574,0,False,0.7021276595744681,0.31334622823984526,0.6328125
17389,0,CF2,L4,0.5,lama,8,0,0.5044466853141785,0,False,0.8014440433212996,0.44404332129963897,0.9609375
13155,0,CF2,L4,0.5,lama,8,2,0.3864176571369171,0,False,0.7467411545623837,0.3817504655493482,0.80078125
13999,0,CF2,L4,0.5,lama,5,6,0.4187517762184143,0,False,0.7371323529411765,0.39889705882352944,0.84765625
10265,0,CF2,L4,0.5,lama,8,8,0.9309496879577637,1,False,0.7557251908396947,0.3435114503816794,0.703125
17239,0,CF2,L4,0.5,lama,2,2,0.9643940329551697,1,False,0.7715930902111324,0.45489443378119004,0.92578125
6288,0,CF2,L4,0.5,lama,3,1,0.4379982054233551,0,False,0.7126436781609196,0.3486590038314176,0.7109375
11514,0,CF2,L4,0.5,lama,6,3,0.34618163108825684,0,False,0.7729007633587787,0.43320610687022904,0.88671875
23652,0,CF2,L4,0.5,lama,1,8,0.6005121469497681,0,False,0.8164435946462715,0.45506692160611856,0.9296875
11939,0,CF2,L4,0.5,lama,6,0,0.3207007348537445,0,False,0.8296703296703297,0.4597069597069597,0.98046875
2174,0,CF2,L4,0.5,lama,7,1,0.5392237305641174,0,False,0.8310940499040307,0.4491362763915547,0.9140625
15441,0,CF2,L4,0.5,lama,4,1,0.9588040113449097,0,False,0.8250460405156538,0.42173112338858193,0.89453125
12260,0,CF2,L4,0.5,lama,1,1,0.305319219827652,1,False,0.8135922330097087,0.4970873786407767,1.0
25046,0,CF2,L4,0.5,lama,6,6,0.7149056196212769,1,False,0.7527472527472527,0.3534798534798535,0.75390625
13958,0,CF2,L4,0.5,lama,9,8,0.2542858421802521,0,False,0.8076923076923077,0.42132867132867136,0.94140625
20974,0,CF2,L4,0.5,lama,8,8,0.49717941880226135,1,False,0.6371527777777778,0.3333333333333333,0.75
10626,0,CF2,L4,0.5,lama,6,3,0.319039911031723,0,False,0.8256029684601113,0.4749536178107607,1.0
22545,0,CF2,L4,0.5,lama,5,9,0.429259717464447,0,False,0.7161172161172161,0.37545787545787546,0.80078125
20288,0,CF2,L4,0.5,lama,5,6,0.2141999453306198,0,False,0.7445742904841403,0.39065108514190316,0.9140625
13790,0,CF2,L4,0.5,lama,7,7,0.572120189666748,1,False,0.8216216216216217,0.44324324324324327,0.9609375
2817,0,CF2,L4,0.5,lama,4,6,0.27614346146583557,0,False,0.8485370051635112,0.43029259896729777,0.9765625
8344,0,CF2,L4,0.5,lama,4,4,0.7072279453277588,1,False,0.7391304347826086,0.3677536231884058,0.79296875
11708,0,CF2,L4,0.5,lama,1,6,0.8110160827636719,0,False,0.7531760435571688,0.37749546279491836,0.8125
2379,0,CF2,L4,0.5,lama,1,2,0.8430272340774536,0,False,0.7946768060836502,0.4220532319391635,0.8671875
23602,0,CF2,L4,0.5,lama,2,2,0.5346308946609497,1,False,0.7977315689981096,0.42911153119092627,0.88671875
24357,0,CF2,L4,0.5,lama,8,2,0.6374170184135437,0,False,0.8441558441558441,0.45083487940630795,0.94921875
16783,0,CF2,L4,0.5,lama,4,1,0.8995128870010376,0,False,0.8193916349809885,0.4524714828897338,0.9296875
11723,0,CF2,L4,0.5,lama,9,0,0.8636770248413086,0,False,0.8047445255474452,0.4124087591240876,0.8828125
5140,0,CF2,L4,0.5,lama,5,7,0.25649169087409973,0,False,0.8019417475728156,0.47572815533980584,0.95703125
14563,0,CF2,L4,0.5,lama,1,1,0.9534229636192322,1,False,0.7690875232774674,0.41899441340782123,0.87890625
11905,0,CF2,L4,0.5,lama,7,5,0.3710910677909851,0,False,0.7159533073929961,0.38132295719844356,0.765625
4657,0,CF2,L4,0.5,lama,5,8,0.7600287795066833,0,False,0.7216312056737588,0.26063829787234044,0.57421875
9888,0,CF2,L4,0.5,lama,7,7,0.9935378432273865,1,False,0.7392086330935251,0.3830935251798561,0.83203125
22827,0,CF2,L4,0.5,lama,6,6,0.5485711097717285,1,False,0.7734513274336283,0.29557522123893804,0.65234375
23911,0,CF2,L4,0.5,lama,7,7,0.9912755489349365,1,False,0.7231329690346083,0.3296903460837887,0.70703125
968,0,CF2,L4,0.5,lama,3,2,0.46160635352134705,0,False,0.792910447761194,0.43470149253731344,0.91015625
18416,0,CF2,L4,0.5,lama,2,2,0.5392295122146606,1,False,0.7700348432055749,0.3832752613240418,0.859375
15166,0,CF2,L4,0.5,lama,7,7,0.9269275069236755,1,False,0.7867383512544803,0.4265232974910394,0.9296875
15537,0,CF2,L4,0.5,lama,6,5,0.5205226540565491,0,False,0.7293233082706767,0.38721804511278196,0.8046875
112,0,CF2,L4,0.5,lama,6,5,0.34708571434020996,0,False,0.7480438184663537,0.3646322378716745,0.91015625
9754,0,CF2,L4,0.5,lama,8,6,0.5937590599060059,0,False,0.8317214700193424,0.4661508704061896,0.94140625
3827,0,CF2,L4,0.5,lama,1,1,0.873421847820282,1,False,0.7916666666666666,0.4109848484848485,0.84765625
16427,0,CF2,L4,0.5,lama,8,8,0.5038260221481323,1,False,0.7641325536062378,0.36062378167641324,0.72265625
4853,0,CF2,L4,0.5,lama,8,1,0.393827885389328,0,False,0.7180851063829787,0.3191489361702128,0.703125
5025,0,CF2,L4,0.5,lama,8,2,0.5246255397796631,0,False,0.7649325626204239,0.44701348747591524,0.90625
5497,0,CF2,L4,0.5,lama,5,5,0.8191239237785339,1,False,0.7910447761194029,0.4048507462686567,0.84765625
415,0,CF2,L4,0.5,lama,5,2,0.8847734928131104,0,False,0.7349624060150376,0.42293233082706766,0.87890625
6055,0,CF2,L4,0.5,lama,2,2,0.9911290407180786,1,False,0.800383877159309,0.45681381957773515,0.9296875
4242,0,CF2,L4,0.5,lama,6,2,0.40743374824523926,0,False,0.7913793103448276,0.4103448275862069,0.9296875
16007,0,CF2,L4,0.5,lama,3,3,0.6227068305015564,1,False,0.7621621621621621,0.4252252252252252,0.921875
16184,0,CF2,L4,0.5,lama,6,6,0.4457007050514221,1,False,0.7606177606177607,0.416988416988417,0.84375
15180,0,CF2,L4,0.5,lama,2,2,0.5468971133232117,1,False,0.71875,0.357421875,0.71484375
16402,0,CF2,L4,0.5,lama,3,3,0.8189031481742859,1,False,0.8207885304659498,0.4014336917562724,0.875
12883,0,CF2,L4,0.5,lama,7,2,0.4297412633895874,0,False,0.7816291161178509,0.42287694974003465,0.953125
12596,0,CF2,L4,0.5,lama,2,2,0.9824036359786987,1,False,0.8254237288135593,0.4,0.921875
13383,0,CF2,L4,0.5,lama,0,0,0.7925108075141907,1,False,0.7844660194174757,0.4155339805825243,0.8359375
17140,0,CF2,L4,0.5,lama,0,7,0.6368961930274963,0,False,0.8238636363636364,0.4734848484848485,0.9765625
11249,0,CF2,L4,0.5,lama,7,7,0.9526439309120178,1,False,0.8017391304347826,0.37565217391304345,0.84375
2927,0,CF2,L4,0.5,lama,3,3,0.9952402114868164,1,False,0.708411214953271,0.29906542056074764,0.625
13380,0,CF2,L4,0.5,lama,3,2,0.5874048471450806,0,False,0.7857142857142857,0.44015444015444016,0.890625
24593,0,CF2,L4,0.5,lama,5,2,0.9069700837135315,0,False,0.7961165048543689,0.44854368932038835,0.90234375
14507,0,CF2,L4,0.5,lama,8,8,0.39893344044685364,1,False,0.8076923076923077,0.42657342657342656,0.953125
9355,0,CF2,L4,0.5,lama,8,1,0.8871493935585022,0,False,0.8010118043844857,0.35075885328836426,0.8125
3943,0,CF2,L4,0.5,lama,3,2,0.9323341846466064,0,False,0.7767175572519084,0.41603053435114506,0.8515625
4913,0,CF2,L4,0.5,lama,4,4,0.9795173406600952,1,False,0.7707948243992606,0.30868761552680224,0.65234375
23440,0,CF2,L4,0.5,lama,4,6,0.49095216393470764,0,False,0.7782026768642447,0.40344168260038243,0.82421875
19289,0,CF2,L4,0.5,lama,7,7,0.9382686018943787,1,False,0.8304431599229287,0.43545279383429675,0.8828125
17841,0,CF2,L4,0.5,lama,6,6,0.36235830187797546,1,False,0.8210332103321033,0.46309963099630996,0.98046875
18139,0,CF2,L4,0.5,lama,0,6,0.4869845509529114,0,False,0.8206106870229007,0.36259541984732824,0.7421875
18549,0,CF2,L4,0.5,lama,7,7,0.9981653094291687,1,False,0.7746741154562383,0.39664804469273746,0.83203125
7215,0,CF2,L4,0.5,lama,7,7,0.9999819993972778,1,False,0.8252911813643927,0.2911813643926789,0.68359375
10574,0,CF2,L4,0.5,lama,7,1,0.769576370716095,0,False,0.782608695652174,0.3383742911153119,0.69921875
10329,0,CF2,L4,0.5,lama,7,7,0.49737316370010376,1,False,0.7635726795096323,0.29772329246935203,0.6640625
21502,0,CF2,L4,0.5,lama,4,3,0.4770745635032654,0,False,0.8201834862385321,0.44403669724770645,0.9453125
1209,0,CF2,L4,0.5,lama,8,3,0.7334228754043579,0,False,0.8140794223826715,0.45126353790613716,0.9765625
22202,0,CF2,L4,0.5,lama,6,5,0.5021111369132996,0,False,0.7954971857410882,0.4090056285178236,0.8515625
12914,0,CF2,L4,0.5,lama,2,2,0.8126489520072937,1,False,0.7514018691588785,0.3850467289719626,0.8046875
23477,0,CF2,L4,0.5,lama,6,6,0.9349991083145142,1,False,0.8265682656826568,0.43911439114391143,0.9296875
13286,0,CF2,L4,0.5,lama,5,8,0.6316655874252319,0,False,0.8420107719928187,0.3752244165170557,0.81640625
24957,0,CF2,L4,0.5,lama,2,2,0.5292230248451233,1,False,0.7917448405253283,0.4634146341463415,0.96484375
23215,0,CF2,L4,0.5,lama,9,9,0.4588766396045685,1,False,0.8154981549815498,0.45018450184501846,0.953125
8171,0,CF2,L4,0.5,lama,3,2,0.5857594013214111,0,False,0.7957610789980732,0.4797687861271676,0.97265625
13427,0,CF2,L4,0.5,lama,4,3,0.27216479182243347,0,False,0.7920604914933838,0.42533081285444235,0.87890625
1985,0,CF2,L4,0.5,lama,9,0,0.6806869506835938,0,False,0.7870722433460076,0.4448669201520912,0.9140625
19607,0,CF2,L4,0.5,lama,1,1,0.49045827984809875,1,False,0.8207547169811321,0.42452830188679247,0.87890625
15138,0,CF2,L4,0.5,lama,4,4,0.931653618812561,1,False,0.7918968692449355,0.43462246777163904,0.921875
18496,0,CF2,L4,0.5,lama,3,7,0.44048118591308594,0,False,0.7861271676300579,0.4373795761078998,0.88671875
11341,0,CF2,L4,0.5,lama,5,2,0.6012013554573059,0,False,0.7616279069767442,0.45348837209302323,0.9140625
3210,0,CF2,L4,0.5,lama,6,3,0.6976749300956726,0,False,0.7370304114490162,0.4203935599284436,0.91796875
9044,0,CF2,L4,0.5,lama,3,3,0.7757152318954468,1,False,0.7547528517110266,0.3935361216730038,0.80859375
1784,0,CF2,L4,0.5,lama,1,1,0.3274032771587372,1,False,0.7708737864077669,0.44660194174757284,0.8984375
20687,0,CF2,L4,0.5,lama,7,7,0.5932492017745972,1,False,0.8070175438596491,0.46588693957115007,0.93359375
21479,0,CF2,L4,0.5,lama,1,8,0.4484081566333771,0,False,0.7833935018050542,0.43501805054151627,0.94140625
4465,0,CF2,L4,0.5,lama,7,7,0.997319757938385,1,False,0.7784200385356455,0.35067437379576105,0.7109375
8098,0,CF2,L4,0.5,lama,3,3,0.9994853734970093,1,False,0.7792706333973128,0.44145873320537427,0.8984375
1105,0,CF2,L4,0.5,lama,1,1,0.9489012956619263,1,False,0.785171102661597,0.33079847908745247,0.6796875
24036,0,CF2,L4,0.5,lama,0,0,0.40430015325546265,1,False,0.8099630996309963,0.42435424354243545,0.8984375
24825,0,CF2,L4,0.5,lama,1,1,0.83928382396698,1,False,0.7897727272727273,0.4090909090909091,0.84375
20081,0,CF2,L4,0.5,lama,4,1,0.8075639605522156,0,False,0.7862453531598513,0.39219330855018586,0.82421875
11780,0,CF2,L4,0.5,lama,5,2,0.24687938392162323,0,False,0.775,0.38269230769230766,0.77734375
18228,0,CF2,L4,0.5,lama,2,2,0.577552318572998,1,False,0.7862453531598513,0.45539033457249073,0.95703125
4363,0,CF2,L4,0.5,lama,4,6,0.36883848905563354,0,False,0.8021201413427562,0.43286219081272087,0.95703125
10210,0,CF2,L4,0.5,lama,7,1,0.8669344782829285,0,False,0.7714808043875686,0.35283363802559414,0.75390625
7005,0,CF2,L4,0.5,lama,2,2,0.41477274894714355,1,False,0.8125,0.45955882352941174,0.9765625
7071,0,CF2,L4,0.5,lama,3,2,0.5906991958618164,0,False,0.7833333333333333,0.4388888888888889,0.92578125
25299,0,CF2,L4,0.5,lama,4,4,0.953389585018158,1,False,0.7433962264150943,0.39811320754716983,0.82421875
3393,0,CF2,L4,0.5,lama,0,0,0.8662124872207642,1,False,0.7279549718574109,0.4371482176360225,0.91015625
10532,0,CF2,L4,0.5,lama,8,9,0.24725942313671112,0,False,0.796875,0.412109375,0.82421875
14271,0,CF2,L4,0.5,lama,3,5,0.7147777080535889,0,False,0.8277153558052435,0.4756554307116105,0.9921875
12814,0,CF2,L4,0.5,lama,4,3,0.33316221833229065,0,False,0.7596899224806202,0.45930232558139533,0.92578125
1763,0,CF2,L4,0.5,lama,1,1,0.3071141839027405,1,False,0.7252747252747253,0.4175824175824176,0.890625
2795,0,CF2,L4,0.5,lama,4,4,0.5367920994758606,1,False,0.8264014466546112,0.3309222423146474,0.71484375
5329,0,CF2,L4,0.5,lama,2,7,0.3507566452026367,0,False,0.8315602836879432,0.4219858156028369,0.9296875
11024,0,CF2,L4,0.5,lama,8,1,0.29276975989341736,0,False,0.8309352517985612,0.4370503597122302,0.94921875
23383,0,CF2,L4,0.5,lama,6,8,0.7221941351890564,0,False,0.7972972972972973,0.4266409266409266,0.86328125
582,0,CF2,L4,0.5,lama,2,2,0.8205518126487732,1,False,0.8526315789473684,0.41754385964912283,0.9296875
20037,0,CF2,L4,0.5,lama,5,5,0.6251307129859924,1,False,0.7549549549549549,0.4144144144144144,0.8984375
4876,0,CF2,L4,0.5,lama,3,3,0.39514073729515076,1,False,0.7246376811594203,0.33152173913043476,0.71484375
16157,0,CF2,L4,0.5,lama,1,1,0.9843852519989014,1,False,0.7543186180422264,0.40307101727447214,0.8203125
24155,0,CF2,L4,0.5,lama,7,7,0.9483404159545898,1,False,0.7318007662835249,0.4157088122605364,0.84765625
21035,0,CF2,L4,0.5,lama,1,5,0.44416964054107666,0,False,0.7965451055662188,0.45873320537428025,0.93359375
2530,0,CF2,L4,0.5,lama,2,5,0.5573211312294006,0,False,0.779245283018868,0.38301886792452833,0.79296875
20951,0,CF2,L4,0.5,lama,4,4,0.7181961536407471,1,False,0.8239845261121856,0.4526112185686654,0.9140625
9752,0,CF2,L4,0.5,lama,9,3,0.4837644398212433,0,False,0.7699805068226121,0.38011695906432746,0.76171875
20362,0,CF2,L4,0.5,lama,9,7,0.3995048701763153,0,False,0.8013136288998358,0.37438423645320196,0.890625
5669,0,CF2,L4,0.5,lama,2,2,0.45654118061065674,1,False,0.8298676748582231,0.4706994328922495,0.97265625
9395,0,CF2,L4,0.5,lama,6,5,0.361672967672348,0,False,0.7722960151802657,0.45351043643263755,0.93359375
22115,0,CF2,L4,0.5,lama,2,2,0.7903546094894409,1,False,0.7846153846153846,0.41923076923076924,0.8515625
3784,0,CF2,L4,0.5,lama,5,3,0.6620639562606812,0,False,0.7985480943738656,0.4283121597096189,0.921875
15518,0,CF2,L4,0.5,lama,1,7,0.6366080641746521,0,False,0.7910447761194029,0.41044776119402987,0.859375
22913,0,CF2,L4,0.5,lama,1,5,0.5075599551200867,0,False,0.8051470588235294,0.44669117647058826,0.94921875
22485,0,CF2,L4,0.5,lama,8,5,0.620996356010437,0,False,0.7237569060773481,0.36095764272559855,0.765625
14166,0,CF2,L4,0.5,lama,9,5,0.3784573972225189,0,False,0.817658349328215,0.44529750479846447,0.90625
4606,0,CF2,L4,0.5,lama,8,6,0.2861157953739166,0,False,0.7806215722120659,0.3491773308957952,0.74609375
12043,0,CF2,L4,0.5,lama,8,1,0.6824822425842285,0,False,0.7563176895306859,0.37725631768953066,0.81640625
20255,0,CF2,L4,0.5,lama,9,2,0.5888446569442749,0,False,0.8074074074074075,0.40185185185185185,0.84765625
21390,0,CF2,L4,0.5,lama,8,0,0.377475380897522,0,False,0.7850287907869482,0.4049904030710173,0.82421875
13388,0,CF2,L4,0.5,lama,6,6,0.6616809368133545,1,False,0.7625,0.37857142857142856,0.828125
9382,0,CF2,L4,0.5,lama,0,0,0.987054705619812,1,False,0.7412199630314233,0.4029574861367837,0.8515625
11878,0,CF2,L4,0.5,lama,4,1,0.7123863101005554,0,False,0.7723880597014925,0.44402985074626866,0.9296875
10774,0,CF2,L4,0.5,lama,1,1,0.9999980926513672,1,False,0.6777583187390543,0.29246935201401053,0.65234375
2211,0,CF2,L4,0.5,lama,4,1,0.7950357794761658,0,False,0.7533980582524272,0.3864077669902913,0.77734375
22804,0,CF2,L4,0.5,lama,1,1,0.6189789175987244,1,False,0.7749077490774908,0.3247232472324723,0.6875
17903,0,CF2,L4,0.5,lama,3,0,0.7896348237991333,0,False,0.7858472998137802,0.41527001862197394,0.87109375
16889,0,CF2,L4,0.5,lama,1,1,0.6819764971733093,1,False,0.7481343283582089,0.33955223880597013,0.7109375
3013,0,CF2,L4,0.5,lama,8,0,0.3990596532821655,0,False,0.7388781431334622,0.3713733075435203,0.75
19919,0,CF2,L4,0.5,lama,8,3,0.2421192228794098,0,False,0.7820267686424475,0.4608030592734226,0.94140625
7911,0,CF2,L4,0.5,lama,0,8,0.501585841178894,0,False,0.8225190839694656,0.4770992366412214,0.9765625
6473,0,CF2,L4,0.5,lama,5,6,0.8903870582580566,0,False,0.7970204841713222,0.45623836126629425,0.95703125
14963,0,CF2,L4,0.5,lama,2,2,0.9050809741020203,1,False,0.7485822306238186,0.34215500945179583,0.70703125
3189,0,CF2,L4,0.5,lama,3,3,0.8590502142906189,1,False,0.7267441860465116,0.24224806201550386,0.48828125
21433,0,CF2,L4,0.5,lama,6,6,0.3138419985771179,1,False,0.7869481765834933,0.4510556621880998,0.91796875
21534,0,CF2,L4,0.5,lama,9,2,0.8577759861946106,0,False,0.7509578544061303,0.4559386973180077,0.9296875
4378,0,CF2,L4,0.5,lama,4,4,0.3302786350250244,1,False,0.779296875,0.435546875,0.87109375
4179,0,CF2,L4,0.5,lama,3,4,0.5846267938613892,0,False,0.8256029684601113,0.44155844155844154,0.9296875
20275,0,CF2,L4,0.5,lama,7,3,0.34065309166908264,0,False,0.7935368043087971,0.36983842010771995,0.8046875
724,0,CF2,L4,0.5,lama,4,4,0.90509432554245,1,False,0.7421731123388582,0.3830570902394107,0.8125
15532,0,CF2,L4,0.5,lama,5,5,0.8065454959869385,1,False,0.75,0.3181818181818182,0.65625
7808,0,CF2,L4,0.5,lama,4,3,0.20595988631248474,0,False,0.7942857142857143,0.46285714285714286,0.94921875
3185,0,CF2,L4,0.5,lama,7,5,0.4373810887336731,0,False,0.7436823104693141,0.4314079422382672,0.93359375
8217,0,CF2,L4,0.5,lama,5,8,0.49421828985214233,0,False,0.7509505703422054,0.4144486692015209,0.8515625
15284,0,CF2,L4,0.5,lama,2,2,0.9934555888175964,1,False,0.7243346007604563,0.34980988593155893,0.71875
2195,0,CF2,L4,0.5,lama,1,8,0.6780280470848083,0,False,0.814176245210728,0.4885057471264368,0.99609375
21296,0,CF2,L4,0.5,lama,0,6,0.5996609926223755,0,False,0.8087954110898662,0.45315487571701724,0.92578125
14286,0,CF2,L4,0.5,lama,3,2,0.5804399847984314,0,False,0.7656826568265682,0.4132841328413284,0.875
4261,0,CF2,L4,0.5,lama,0,0,0.988243043422699,1,False,0.8086642599277978,0.3898916967509025,0.84375
24480,0,CF2,L4,0.5,lama,2,2,0.9962886571884155,1,False,0.7871559633027523,0.41100917431192663,0.875
23581,0,CF2,L4,0.5,lama,7,3,0.5914166569709778,0,False,0.8079847908745247,0.47338403041825095,0.97265625
24364,0,CF2,L4,0.5,lama,7,7,0.8344804644584656,1,False,0.718336483931947,0.3856332703213611,0.796875
4259,0,CF2,L4,0.5,lama,4,1,0.8893473744392395,0,False,0.8352490421455939,0.48084291187739464,0.98046875
4323,0,CF2,L4,0.5,lama,8,0,0.7839020490646362,0,False,0.782608695652174,0.43100189035916825,0.890625
26017,0,CF2,L4,0.5,lama,2,2,0.9978494644165039,1,False,0.7056603773584905,0.3754716981132076,0.77734375
4055,0,CF2,L4,0.5,lama,9,3,0.43730443716049194,0,False,0.7779690189328744,0.3373493975903614,0.765625
23968,0,CF2,L4,0.5,lama,6,6,0.5750815272331238,1,False,0.8237547892720306,0.48084291187739464,0.98046875
4914,0,CF2,L4,0.5,lama,2,2,0.9953346848487854,1,False,0.7700534759358288,0.3244206773618538,0.7109375
17310,0,CF2,L4,0.5,lama,7,6,0.2618039846420288,0,False,0.7889733840304183,0.4448669201520912,0.9140625
14981,0,CF2,L4,0.5,lama,2,7,0.45276939868927,0,False,0.8041825095057035,0.3973384030418251,0.81640625
7511,0,CF2,L4,0.5,lama,6,0,0.616889476776123,0,False,0.755877034358047,0.3833634719710669,0.828125
4136,0,CF2,L4,0.5,lama,9,9,0.9543915390968323,1,False,0.7314814814814815,0.37407407407407406,0.7890625
8043,0,CF2,L4,0.5,lama,2,2,0.7242522239685059,1,False,0.7253384912959381,0.3733075435203095,0.75390625
14360,0,CF2,L4,0.5,lama,4,6,0.5307636857032776,0,False,0.770197486535009,0.41651705565529623,0.90625
6364,0,CF2,L4,0.5,lama,0,6,0.48021143674850464,0,False,0.802405498281787,0.41924398625429554,0.953125
8827,0,CF2,L4,0.5,lama,4,4,0.9369593262672424,1,False,0.7875,0.28214285714285714,0.6171875
24886,0,CF2,L4,0.5,lama,9,2,0.578934907913208,0,False,0.6819923371647509,0.31800766283524906,0.6484375
21392,0,CF2,L4,0.5,lama,2,2,0.4503518342971802,1,False,0.8208092485549133,0.44508670520231214,0.90234375
18654,0,CF2,L4,0.5,lama,6,6,0.7090631127357483,1,False,0.771484375,0.474609375,0.94921875
21766,0,CF2,L4,0.5,lama,1,1,0.888388454914093,1,False,0.8436944937833037,0.40142095914742454,0.8828125
25433,0,CF2,L4,0.5,lama,8,1,0.5572150945663452,0,False,0.7703703703703704,0.39444444444444443,0.83203125
10927,0,CF2,L4,0.5,lama,8,1,0.9273958802223206,0,False,0.722495894909688,0.3497536945812808,0.83203125
14092,0,CF2,L4,0.5,lama,6,6,0.9949743747711182,1,False,0.7467411545623837,0.3221601489757914,0.67578125
20936,0,CF2,L4,0.5,lama,9,9,0.6548815369606018,1,False,0.7524366471734892,0.4834307992202729,0.96875
23711,0,CF2,L4,0.5,lama,4,4,0.8748958110809326,1,False,0.8038461538461539,0.4403846153846154,0.89453125
19260,0,CF2,L4,0.5,lama,7,1,0.9367398023605347,0,False,0.7526881720430108,0.35842293906810035,0.78125
17360,0,CF2,L4,0.5,lama,3,1,0.6835812926292419,0,False,0.7165217391304348,0.3130434782608696,0.703125
965,0,CF2,L4,0.5,lama,0,2,0.23052306473255157,0,False,0.8033395176252319,0.4675324675324675,0.984375
463,0,CF2,L4,0.5,lama,6,1,0.4122289717197418,0,False,0.7286245353159851,0.42193308550185876,0.88671875
8945,0,CF2,L4,0.5,lama,6,6,0.2644634544849396,1,False,0.754863813229572,0.36964980544747084,0.7421875
14090,0,CF2,L4,0.5,lama,2,2,0.46804293990135193,1,False,0.8255159474671669,0.4521575984990619,0.94140625
8479,0,CF2,L4,0.5,lama,9,2,0.5107252597808838,0,False,0.7858439201451906,0.42105263157894735,0.90625
24477,0,CF2,L4,0.5,lama,2,2,0.645680844783783,1,False,0.7572815533980582,0.42330097087378643,0.8515625
8195,0,CF2,L4,0.5,lama,0,0,0.963276743888855,1,False,0.747104247104247,0.32625482625482627,0.66015625
1773,0,CF2,L4,0.5,lama,0,6,0.6062837243080139,0,False,0.8003802281368821,0.44866920152091255,0.921875
11776,0,CF2,L4,0.5,lama,2,5,0.44641607999801636,0,False,0.7634615384615384,0.4673076923076923,0.94921875
3313,0,CF2,L4,0.5,lama,6,6,0.5239852070808411,1,False,0.7490494296577946,0.38593155893536124,0.79296875
5424,0,CF2,L4,0.5,lama,9,1,0.855884313583374,0,False,0.8087121212121212,0.45265151515151514,0.93359375
19606,0,CF2,L4,0.5,lama,2,2,0.5990186929702759,1,False,0.7859922178988327,0.42217898832684825,0.84765625
10110,0,CF2,L4,0.5,lama,9,2,0.9509615898132324,0,False,0.8146067415730337,0.40636704119850187,0.84765625
22872,0,CF2,L4,0.5,lama,6,3,0.7000035047531128,0,False,0.7562380038387716,0.42994241842610365,0.875
7573,0,CF2,L4,0.5,lama,1,1,0.9972493052482605,1,False,0.8003802281368821,0.4391634980988593,0.90234375
7105,0,CF2,L4,0.5,lama,3,3,0.5748232007026672,1,False,0.8057040998217468,0.4206773618538324,0.921875
18854,0,CF2,L4,0.5,lama,1,1,0.9969704151153564,1,False,0.7074569789674953,0.3365200764818356,0.6875
14576,0,CF2,L4,0.5,lama,9,9,0.5135279893875122,1,False,0.7731397459165155,0.37749546279491836,0.8125
9376,0,CF2,L4,0.5,lama,0,0,0.9688564538955688,1,False,0.7076923076923077,0.42115384615384616,0.85546875
20128,0,CF2,L4,0.5,lama,8,8,0.980866551399231,1,False,0.7264492753623188,0.3442028985507246,0.7421875
24854,0,CF2,L4,0.5,lama,9,0,0.908757209777832,0,False,0.7097378277153558,0.3857677902621723,0.8046875
4937,0,CF2,L4,0.5,lama,2,2,0.2395838350057602,1,False,0.7865546218487395,0.3815126050420168,0.88671875
338,0,CF2,L4,0.5,lama,3,2,0.40221062302589417,0,False,0.819047619047619,0.4438095238095238,0.91015625
9981,0,CF2,L4,0.5,lama,3,3,0.5422406196594238,1,False,0.7156133828996283,0.38847583643122674,0.81640625
6665,0,CF2,L4,0.5,lama,8,8,0.6323373913764954,1,False,0.7441441441441441,0.3927927927927928,0.8515625
6704,0,CF2,L4,0.5,lama,0,0,0.8088683485984802,1,False,0.8306878306878307,0.43209876543209874,0.95703125
23255,0,CF2,L4,0.5,lama,2,2,0.9257027506828308,1,False,0.7690839694656488,0.45229007633587787,0.92578125
5355,0,CF2,L4,0.5,lama,5,5,0.57930588722229,1,False,0.7120622568093385,0.4027237354085603,0.80859375
22422,0,CF2,L4,0.5,lama,1,4,0.9863341450691223,0,False,0.7900763358778626,0.4484732824427481,0.91796875
7367,0,CF2,L4,0.5,lama,9,9,0.5991555452346802,1,False,0.8015267175572519,0.4122137404580153,0.84375
13489,0,CF2,L4,0.5,lama,7,7,0.7800501585006714,1,False,0.7533980582524272,0.31844660194174756,0.640625
20955,0,CF2,L4,0.5,lama,7,7,0.6019212603569031,1,False,0.8536121673003803,0.4752851711026616,0.9765625
25439,0,CF2,L4,0.5,lama,9,9,0.4753415882587433,1,False,0.7988394584139265,0.46421663442940037,0.9375
12711,0,CF2,L4,0.5,lama,8,8,0.5381868481636047,1,False,0.805019305019305,0.4555984555984556,0.921875
7671,0,CF2,L4,0.5,lama,6,7,0.7258509397506714,0,False,0.8377862595419847,0.44656488549618323,0.9140625
20420,0,CF2,L4,0.5,lama,8,9,0.6342546939849854,0,False,0.747104247104247,0.4247104247104247,0.859375
12630,0,CF2,L4,0.5,lama,2,4,0.6505318284034729,0,False,0.7556390977443609,0.4473684210526316,0.9296875
21394,0,CF2,L4,0.5,lama,1,1,0.9062768220901489,1,False,0.7692307692307693,0.39587242026266417,0.82421875
7095,0,CF2,L4,0.5,lama,1,3,0.3441871404647827,0,False,0.8225806451612904,0.45878136200716846,1.0
11532,0,CF2,L4,0.5,lama,9,9,0.8959762454032898,1,False,0.7398843930635838,0.3834296724470135,0.77734375
2853,0,CF2,L4,0.5,lama,3,3,0.9050797820091248,1,False,0.7526881720430108,0.36200716845878134,0.7890625
13487,0,CF2,L4,0.5,lama,0,4,0.6267405152320862,0,False,0.7661596958174905,0.4619771863117871,0.94921875
9350,0,CF2,L4,0.5,lama,9,1,0.6054090261459351,0,False,0.8066666666666666,0.415,0.97265625
24164,0,CF2,L4,0.5,lama,4,2,0.4229820668697357,0,False,0.7859922178988327,0.4571984435797665,0.91796875
23155,0,CF2,L4,0.5,lama,7,7,0.6975976824760437,1,False,0.7265917602996255,0.3389513108614232,0.70703125
1588,0,CF2,L4,0.5,lama,8,6,0.29521581530570984,0,False,0.7680890538033395,0.437847866419295,0.921875
5400,0,CF2,L4,0.5,lama,5,6,0.5793120265007019,0,False,0.7315175097276264,0.38132295719844356,0.765625
8913,0,CF2,L4,0.5,lama,6,6,0.5130126476287842,1,False,0.8288461538461539,0.46923076923076923,0.953125
4990,0,CF2,L4,0.5,lama,8,2,0.5673274397850037,0,False,0.7552986512524085,0.3853564547206166,0.78125
13364,0,CF2,L4,0.5,lama,7,7,0.787997305393219,1,False,0.713472485768501,0.4117647058823529,0.84765625
1157,0,CF2,L4,0.5,lama,1,1,0.6731501817703247,1,False,0.7674418604651163,0.46124031007751937,0.9296875
19432,0,CF2,L4,0.5,lama,6,6,0.9666513204574585,1,False,0.8007448789571695,0.4692737430167598,0.984375
24861,0,CF2,L4,0.5,lama,1,8,0.4400346279144287,0,False,0.7412451361867705,0.45525291828793774,0.9140625
16303,0,CF2,L4,0.5,lama,0,0,0.417840838432312,1,False,0.7485493230174082,0.3655705996131528,0.73828125
23675,0,CF2,L4,0.5,lama,1,1,0.9454577565193176,1,False,0.7662835249042146,0.28544061302681994,0.58203125
10816,0,CF2,L4,0.5,lama,5,5,0.4918270409107208,1,False,0.8068833652007649,0.4608030592734226,0.94140625
25683,0,CF2,L4,0.5,lama,7,6,0.4404144883155823,0,False,0.7792706333973128,0.4798464491362764,0.9765625
6680,0,CF2,L4,0.5,lama,7,3,0.6754956841468811,0,False,0.7711069418386491,0.42964352720450283,0.89453125
15541,0,CF2,L4,0.5,lama,1,9,0.41910651326179504,0,False,0.74573055028463,0.3700189753320683,0.76171875
129,0,CF2,L4,0.5,lama,9,2,0.9080812931060791,0,False,0.7953216374269005,0.4171539961013645,0.8359375
10977,0,CF2,L4,0.5,lama,5,3,0.9531505107879639,0,False,0.7404718693284936,0.38656987295825773,0.83203125
7518,0,CF2,L4,0.5,lama,5,2,0.28717780113220215,0,False,0.8414023372287145,0.4240400667779633,0.9921875
15350,0,CF2,L4,0.5,lama,0,0,0.9180207252502441,1,False,0.7164750957854407,0.367816091954023,0.75
4712,0,CF2,L4,0.5,lama,2,2,0.9634271264076233,1,False,0.7992766726943942,0.3688969258589512,0.796875
3234,0,CF2,L4,0.5,lama,1,1,0.7639420032501221,1,False,0.7777777777777778,0.4091710758377425,0.90625
21292,0,CF2,L4,0.5,lama,8,3,0.26202139258384705,0,False,0.7609427609427609,0.39225589225589225,0.91015625
6439,0,CF2,L4,0.5,lama,6,6,0.76837557554245,1,False,0.7867647058823529,0.38786764705882354,0.82421875
16930,0,CF2,L4,0.5,lama,4,8,0.3935398757457733,0,False,0.798828125,0.421875,0.84375
25255,0,CF2,L4,0.5,lama,6,2,0.3765422999858856,0,False,0.788785046728972,0.394392523364486,0.82421875
5562,0,CF2,L4,0.5,lama,6,6,0.9867783784866333,1,False,0.7720306513409961,0.4444444444444444,0.90625
20888,0,CF2,L4,0.5,lama,6,6,0.9731554985046387,1,False,0.7644859813084112,0.4,0.8359375
17907,0,CF2,L4,0.5,lama,0,8,0.7985355257987976,0,False,0.7598499061913696,0.4446529080675422,0.92578125
15282,0,CF2,L4,0.5,lama,5,2,0.3496837913990021,0,False,0.8294010889292196,0.44464609800362975,0.95703125
9564,0,CF2,L4,0.5,lama,5,3,0.5154714584350586,0,False,0.7598566308243727,0.38530465949820786,0.83984375
2105,0,CF2,L4,0.5,lama,5,6,0.5979006886482239,0,False,0.7799642218246869,0.3756708407871199,0.8203125
2188,0,CF2,L4,0.5,lama,5,5,0.7689836621284485,1,False,0.8317757009345794,0.4785046728971963,1.0
10587,0,CF2,L4,0.5,lama,9,3,0.6301684975624084,0,False,0.8373382624768947,0.39186691312384475,0.828125
20421,0,CF2,L4,0.5,lama,8,3,0.43962615728378296,0,False,0.745136186770428,0.28793774319066145,0.578125
23070,0,CF2,L4,0.5,lama,0,9,0.5876571536064148,0,False,0.8311195445920304,0.45540796963946867,0.9375
19127,0,CF2,L4,0.5,lama,6,0,0.44775649905204773,0,False,0.8018518518518518,0.4222222222222222,0.890625
7302,0,CF2,L4,0.5,lama,3,2,0.7354748249053955,0,False,0.7208872458410351,0.38817005545286504,0.8203125
8409,0,CF2,L4,0.5,lama,4,5,0.49556130170822144,0,False,0.7729636048526863,0.3708838821490468,0.8359375
11086,0,CF2,L4,0.5,lama,7,7,0.5171040892601013,1,False,0.7237354085603113,0.44357976653696496,0.890625
17122,0,CF2,L4,0.5,lama,5,2,0.9532394409179688,0,False,0.7969052224371374,0.43520309477756286,0.87890625
3555,0,CF2,L4,0.5,lama,2,2,0.9994252920150757,1,False,0.7538167938931297,0.42938931297709926,0.87890625
19437,0,CF2,L4,0.5,lama,4,4,0.7494509816169739,1,False,0.77196261682243,0.3925233644859813,0.8203125
594,0,CF2,L4,0.5,lama,9,9,0.8696488738059998,1,False,0.7775628626692457,0.33268858800773693,0.671875
21863,0,CF2,L4,0.5,lama,3,4,0.24862483143806458,0,False,0.788135593220339,0.29322033898305083,0.67578125
19765,0,CF2,L4,0.5,lama,5,3,0.8802698254585266,0,False,0.8,0.4807692307692308,0.9765625
16909,0,CF2,L4,0.5,lama,2,2,0.4492376446723938,1,False,0.7932263814616756,0.35472370766488415,0.77734375
21154,0,CF2,L4,0.5,lama,7,7,0.9951889514923096,1,False,0.7611650485436893,0.2912621359223301,0.5859375
18615,0,CF2,L4,0.5,lama,7,7,0.8459960222244263,1,False,0.7879377431906615,0.4669260700389105,0.9375
18171,0,CF2,L4,0.5,lama,7,3,0.7597532868385315,0,False,0.7584269662921348,0.4794007490636704,1.0
24434,0,CF2,L4,0.5,lama,5,3,0.44931477308273315,0,False,0.809106830122592,0.44833625218914186,1.0
9664,0,CF2,L4,0.5,lama,0,6,0.9453330039978027,0,False,0.7757009345794392,0.44672897196261685,0.93359375
2013,0,CF2,L4,0.5,lama,5,5,0.8809143304824829,1,False,0.7950664136622391,0.444022770398482,0.9140625
13537,0,CF2,L4,0.5,lama,4,0,0.9885375499725342,0,False,0.7137546468401487,0.4200743494423792,0.8828125
23942,0,CF2,L4,0.5,lama,9,8,0.4554062783718109,0,False,0.8166089965397924,0.4429065743944637,1.0
12415,0,CF2,L4,0.5,lama,4,4,0.6820642352104187,1,False,0.7764298093587522,0.4090121317157712,0.921875
13735,0,CF2,L4,0.5,lama,0,0,0.9868576526641846,1,False,0.7427466150870407,0.28433268858800775,0.57421875
6873,0,CF2,L4,0.5,lama,1,1,0.9979507327079773,1,False,0.7805825242718447,0.44271844660194176,0.890625
16233,0,CF2,L4,0.5,lama,2,8,0.5027754902839661,0,False,0.7732142857142857,0.45714285714285713,1.0
13108,0,CF2,L4,0.5,lama,5,5,0.37393492460250854,1,False,0.7156488549618321,0.42748091603053434,0.875
18114,0,CF2,L4,0.5,lama,7,3,0.4715525805950165,0,False,0.7859712230215827,0.4550359712230216,0.98828125
25318,0,CF2,L4,0.5,lama,0,5,0.23178820312023163,0,False,0.7672727272727272,0.4036363636363636,0.8671875
22387,0,CF2,L4,0.5,lama,7,7,0.5576902031898499,1,False,0.7792706333973128,0.43761996161228406,0.890625
19911,0,CF2,L4,0.5,lama,7,1,0.7851400971412659,0,False,0.7722007722007722,0.4420849420849421,0.89453125
9953,0,CF2,L4,0.5,lama,2,3,0.5495288372039795,0,False,0.8282442748091603,0.4179389312977099,0.85546875
18500,0,CF2,L4,0.5,lama,1,1,0.9994599223136902,1,False,0.720616570327553,0.3969171483622351,0.8046875
12463,0,CF2,L4,0.5,lama,2,5,0.5956932902336121,0,False,0.8080438756855576,0.4424131627056673,0.9453125
12143,0,CF2,L4,0.5,lama,8,8,0.7929908037185669,1,False,0.7959183673469388,0.41187384044526903,0.8671875
14588,0,CF2,L4,0.5,lama,8,1,0.6945037841796875,0,False,0.8292282430213465,0.4039408866995074,0.9609375
22152,0,CF2,L4,0.5,lama,2,7,0.6718078255653381,0,False,0.8377896613190731,0.39572192513368987,0.8671875
16563,0,CF2,L4,0.5,lama,4,6,0.4785371422767639,0,False,0.7908745247148289,0.39923954372623577,0.8203125
25225,0,CF2,L4,0.5,lama,9,9,0.7299627661705017,1,False,0.7309833024118738,0.3469387755102041,0.73046875
1161,0,CF2,L4,0.5,lama,2,3,0.3880584239959717,0,False,0.76953125,0.416015625,0.83203125
9891,0,CF2,L4,0.5,lama,5,6,0.5381425023078918,0,False,0.7992957746478874,0.44014084507042256,0.9765625
18833,0,CF2,L4,0.5,lama,2,2,0.4869207441806793,1,False,0.7461240310077519,0.46511627906976744,0.9375
6162,0,CF2,L4,0.5,lama,2,1,0.8171373605728149,0,False,0.7870036101083032,0.4404332129963899,0.953125
22638,0,CF2,L4,0.5,lama,0,9,0.6909797787666321,0,False,0.7121495327102804,0.411214953271028,0.859375
6112,0,CF2,L4,0.5,lama,6,6,0.4808119535446167,1,False,0.8045977011494253,0.4061302681992337,0.828125
24259,0,CF2,L4,0.5,lama,9,3,0.32971829175949097,0,False,0.7985989492119089,0.4115586690017513,0.91796875
18029,0,CF2,L4,0.5,lama,2,2,0.9850389957427979,1,False,0.7785977859778598,0.37822878228782286,0.80078125
13233,0,CF2,L4,0.5,lama,0,2,0.45960819721221924,0,False,0.8067542213883677,0.474671669793621,0.98828125
22560,0,CF2,L4,0.5,lama,3,7,0.3477429747581482,0,False,0.7641509433962265,0.3584905660377358,0.7421875
17100,0,CF2,L4,0.5,lama,7,1,0.8098648190498352,0,False,0.7766990291262136,0.3864077669902913,0.77734375
13394,0,CF2,L4,0.5,lama,7,7,0.8232128620147705,1,False,0.8134615384615385,0.4846153846153846,0.984375
25173,0,CF2,L4,0.5,lama,3,6,0.34230685234069824,0,False,0.7807692307692308,0.4403846153846154,0.89453125
17342,0,CF2,L4,0.5,lama,4,4,0.5684658885002136,1,False,0.7624521072796935,0.41379310344827586,0.84375
5881,0,CF2,L4,0.5,lama,1,1,0.7546550035476685,1,False,0.7412451361867705,0.3346303501945525,0.671875
16982,0,CF2,L4,0.5,lama,3,1,0.6797307133674622,0,False,0.6909722222222222,0.3420138888888889,0.76953125
12959,0,CF2,L4,0.5,lama,2,2,0.779466986656189,1,False,0.7526132404181185,0.36585365853658536,0.8203125
3410,0,CF2,L4,0.5,lama,2,2,0.9977251887321472,1,False,0.7368421052631579,0.37406015037593987,0.77734375
1939,0,CF2,L4,0.5,lama,2,2,0.9989314675331116,1,False,0.7381818181818182,0.4018181818181818,0.86328125
13563,0,CF2,L4,0.5,lama,4,2,0.3033708930015564,0,False,0.8349146110056926,0.4629981024667932,0.953125
9659,0,CF2,L4,0.5,lama,4,1,0.8907834887504578,0,False,0.6816546762589928,0.38848920863309355,0.84375
23588,0,CF2,L4,0.5,lama,9,9,0.46359434723854065,1,False,0.7705544933078394,0.4187380497131931,0.85546875
12156,0,CF2,L4,0.5,lama,9,8,0.2803478538990021,0,False,0.8080614203454894,0.3742802303262956,0.76171875
24790,0,CF2,L4,0.5,lama,4,5,0.5184821486473083,0,False,0.7783985102420856,0.44692737430167595,0.9375
894,0,CF2,L4,0.5,lama,8,6,0.47959282994270325,0,False,0.8161512027491409,0.38316151202749144,0.87109375
13738,0,CF2,L4,0.5,lama,7,7,0.7975540161132812,1,False,0.8301158301158301,0.4922779922779923,0.99609375
20555,0,CF2,L4,0.5,lama,5,3,0.6854753494262695,0,False,0.8201160541586073,0.47775628626692457,0.96484375
20457,0,CF2,L4,0.5,lama,3,5,0.34360432624816895,0,False,0.7971014492753623,0.3822463768115942,0.82421875
24842,0,CF2,L4,0.5,lama,3,3,0.2720412313938141,1,False,0.786096256684492,0.42780748663101603,0.9375
11390,0,CF2,L4,0.5,lama,9,0,0.9332451820373535,0,False,0.7794970986460348,0.44294003868471954,0.89453125
2665,0,CF2,L4,0.5,lama,9,2,0.43010565638542175,0,False,0.8025830258302583,0.4022140221402214,0.8515625
24741,0,CF2,L4,0.5,lama,8,8,0.5837362408638,1,False,0.8053691275167785,0.3976510067114094,0.92578125
17634,0,CF2,L4,0.5,lama,8,3,0.31324371695518494,0,False,0.8189509306260575,0.3840947546531303,0.88671875
16599,0,CF2,L4,0.5,lama,1,1,0.964373767375946,1,False,0.7781954887218046,0.40789473684210525,0.84765625
19330,0,CF2,L4,0.5,lama,7,7,0.8296322822570801,1,False,0.697324414715719,0.2959866220735786,0.69140625
3257,0,CF2,L4,0.5,lama,1,1,0.9050804972648621,1,False,0.8194444444444444,0.3229166666666667,0.7265625
1114,0,CF2,L4,0.5,lama,9,3,0.9913973808288574,0,False,0.7625,0.39285714285714285,0.859375
11738,0,CF2,L4,0.5,lama,8,6,0.5664612650871277,0,False,0.7523992322456814,0.42994241842610365,0.875
13077,0,CF2,L4,0.5,lama,8,3,0.49556833505630493,0,False,0.7910447761194029,0.34888059701492535,0.73046875
5168,0,CF2,L4,0.5,lama,3,6,0.4873596727848053,0,False,0.8137432188065099,0.43037974683544306,0.9296875
26013,0,CF2,L4,0.5,lama,8,2,0.7085047364234924,0,False,0.7790476190476191,0.3295238095238095,0.67578125
5611,0,CF2,L4,0.5,lama,7,7,0.5678642988204956,1,False,0.7730829420970265,0.3427230046948357,0.85546875
9389,0,CF2,L4,0.5,lama,6,6,0.26798057556152344,1,False,0.8275862068965517,0.4500907441016334,0.96875
25070,0,CF2,L4,0.5,lama,2,2,0.8413480520248413,1,False,0.8308270676691729,0.4699248120300752,0.9765625
11322,0,CF2,L4,0.5,lama,8,6,0.514467179775238,0,False,0.743879472693032,0.4030131826741996,0.8359375
3051,0,CF2,L4,0.5,lama,0,3,0.3504682183265686,0,False,0.7953020134228188,0.39932885906040266,0.9296875
18770,0,CF2,L4,0.5,lama,4,2,0.549210786819458,0,False,0.7861060329067642,0.41681901279707495,0.890625
14692,0,CF2,L4,0.5,lama,2,0,0.7765907049179077,0,False,0.7393822393822393,0.35135135135135137,0.7109375
4561,0,CF2,L4,0.5,lama,5,5,0.3727710545063019,1,False,0.7836363636363637,0.4618181818181818,0.9921875
16994,0,CF2,L4,0.5,lama,0,3,0.7093323469161987,0,False,0.8018867924528302,0.4188679245283019,0.8671875
4156,0,CF2,L4,0.5,lama,5,5,0.35828307271003723,1,False,0.7627118644067796,0.4143126177024482,0.859375
5884,0,CF2,L4,0.5,lama,1,2,0.6475334167480469,0,False,0.7989130434782609,0.45652173913043476,0.984375
18233,0,CF2,L4,0.5,lama,0,0,0.7801393270492554,1,False,0.7299270072992701,0.36313868613138683,0.77734375
17044,0,CF2,L4,0.5,lama,6,9,0.30985552072525024,0,False,0.7996219281663516,0.42344045368620037,0.875
18857,0,CF2,L4,0.5,lama,6,8,0.3622722029685974,0,False,0.7415329768270945,0.3582887700534759,0.78515625
21917,0,CF2,L4,0.5,lama,9,9,0.765896737575531,1,False,0.8131021194605009,0.4527938342967245,0.91796875
5054,0,CF2,L4,0.5,lama,3,0,0.8612983822822571,0,False,0.7673179396092362,0.38543516873889877,0.84765625
7882,0,CF2,L4,0.5,lama,4,4,0.8298442363739014,1,False,0.730188679245283,0.30566037735849055,0.6328125
15688,0,CF2,L4,0.5,lama,4,4,0.654425323009491,1,False,0.6704545454545454,0.30492424242424243,0.62890625
5612,0,CF2,L4,0.5,lama,8,8,0.5367036461830139,1,False,0.7394636015325671,0.4559386973180077,0.9296875
13934,0,CF2,L4,0.5,lama,9,5,0.31561920046806335,0,False,0.8257839721254355,0.40418118466898956,0.90625
16689,0,CF2,L4,0.5,lama,2,2,0.7222999334335327,1,False,0.7621722846441947,0.38202247191011235,0.796875
23844,0,CF2,L4,0.5,lama,6,0,0.6519721150398254,0,False,0.7728155339805826,0.3533980582524272,0.7109375
7944,0,CF2,L4,0.5,lama,7,7,0.8262115716934204,1,False,0.7841726618705036,0.3489208633093525,0.7578125
11370,0,CF2,L4,0.5,lama,8,6,0.33392828702926636,0,False,0.770197486535009,0.4380610412926391,0.953125
24569,0,CF2,L4,0.5,lama,1,1,0.7958484292030334,1,False,0.7957371225577264,0.41207815275310833,0.90625
7529,0,CF2,L4,0.5,lama,5,5,0.6965264081954956,1,False,0.8107074569789675,0.4588910133843212,0.9375
5092,0,CF2,L4,0.5,lama,2,2,0.590312659740448,1,False,0.805019305019305,0.4266409266409266,0.86328125
20673,0,CF2,L4,0.5,lama,2,2,0.9999939203262329,1,False,0.7032755298651252,0.3236994219653179,0.65625
10096,0,CF2,L4,0.5,lama,7,1,0.851421594619751,0,False,0.8058608058608059,0.43223443223443225,0.921875
2059,0,CF2,L4,0.5,lama,3,3,0.3273603022098541,1,False,0.8187134502923976,0.47953216374269003,0.9609375
19318,0,CF2,L4,0.5,lama,0,6,0.6806967854499817,0,False,0.7666034155597723,0.40037950664136623,0.82421875
12977,0,CF2,L4,0.5,lama,8,6,0.30791476368904114,0,False,0.8206627680311891,0.4619883040935672,0.92578125
17673,0,CF2,L4,0.5,lama,0,0,0.9359571933746338,1,False,0.7523992322456814,0.42226487523992323,0.859375
18750,0,CF2,L4,0.5,lama,0,0,0.9223843812942505,1,False,0.7381370826010545,0.29876977152899825,0.6640625
16728,0,CF2,L4,0.5,lama,3,0,0.6411365866661072,0,False,0.7730769230769231,0.38461538461538464,0.78125
14776,0,CF2,L4,0.5,lama,8,6,0.35607707500457764,0,False,0.7523992322456814,0.3838771593090211,0.78125
6941,0,CF2,L4,0.5,lama,9,0,0.44367286562919617,0,False,0.8664323374340949,0.36203866432337434,0.8046875
16787,0,CF2,L4,0.5,lama,6,6,0.430675745010376,1,False,0.8041825095057035,0.33460076045627374,0.6875
25932,0,CF2,L4,0.5,lama,5,8,0.5896626710891724,0,False,0.8061594202898551,0.447463768115942,0.96484375
614,0,CF2,L4,0.5,lama,0,9,0.32697728276252747,0,False,0.8561151079136691,0.41007194244604317,0.890625
25690,0,CF2,L4,0.5,lama,5,5,0.5317460298538208,1,False,0.7711069418386491,0.39399624765478425,0.8203125
25968,0,CF2,L4,0.5,lama,5,5,0.7092347145080566,1,False,0.7327102803738318,0.37570093457943926,0.78515625
20123,0,CF2,L4,0.5,lama,3,3,0.5418559312820435,1,False,0.7966417910447762,0.4496268656716418,0.94140625
13341,0,CF2,L4,0.5,lama,5,5,0.6229634881019592,1,False,0.7072243346007605,0.3650190114068441,0.75
24697,0,CF2,L4,0.5,lama,4,4,0.9353598952293396,1,False,0.7942307692307692,0.325,0.66015625
15157,0,CF2,L4,0.5,lama,6,2,0.7047725319862366,0,False,0.8279569892473119,0.45340501792114696,0.98828125
23115,0,CF2,L4,0.5,lama,1,5,0.31985583901405334,0,False,0.7017543859649122,0.4171539961013645,0.8359375
6396,0,CF2,L4,0.5,lama,0,6,0.5819700956344604,0,False,0.76171875,0.431640625,0.86328125
19142,0,CF2,L4,0.5,lama,4,0,0.3453327715396881,0,False,0.8444846292947559,0.3435804701627486,0.7421875
13157,0,CF2,L4,0.5,lama,3,2,0.41737839579582214,0,False,0.7735849056603774,0.41320754716981134,0.85546875
19866,0,CF2,L4,0.5,lama,1,2,0.6245257258415222,0,False,0.768361581920904,0.4143126177024482,0.859375
25996,0,CF2,L4,0.5,lama,8,3,0.4880569577217102,0,False,0.8033707865168539,0.44569288389513106,0.9296875
25515,0,CF2,L4,0.5,lama,7,1,0.644425630569458,0,False,0.7084078711985689,0.3470483005366726,0.7578125
12876,0,CF2,L4,0.5,lama,0,0,0.7527236938476562,1,False,0.8014981273408239,0.42134831460674155,0.87890625
17565,0,CF2,L4,0.5,lama,6,6,0.8772645592689514,1,False,0.7855855855855856,0.409009009009009,0.88671875
17511,0,CF2,L4,0.5,lama,4,1,0.7598559856414795,0,False,0.781651376146789,0.4055045871559633,0.86328125
19996,0,CF2,L4,0.5,lama,0,0,0.2614133656024933,1,False,0.7882562277580071,0.3896797153024911,0.85546875
12807,0,CF2,L4,0.5,lama,1,2,0.564635694026947,0,False,0.8006932409012132,0.42287694974003465,0.953125
11001,0,CF2,L4,0.5,lama,9,9,0.9113320112228394,1,False,0.7586805555555556,0.3454861111111111,0.77734375
13107,0,CF2,L4,0.5,lama,0,2,0.7049070000648499,0,False,0.7782026768642447,0.4110898661567878,0.83984375
12641,0,CF2,L4,0.5,lama,6,6,0.9649782180786133,1,False,0.8104448742746615,0.4874274661508704,0.984375
22667,0,CF2,L4,0.5,lama,5,2,0.48682600259780884,0,False,0.7517985611510791,0.3776978417266187,0.8203125
7310,0,CF2,L4,0.5,lama,7,1,0.6755108833312988,0,False,0.758095238095238,0.41333333333333333,0.84765625
764,0,CF2,L4,0.5,lama,1,3,0.5961307287216187,0,False,0.7808988764044944,0.4232209737827715,0.8828125
14813,0,CF2,L4,0.5,lama,4,1,0.8884539604187012,0,False,0.8039568345323741,0.45863309352517984,0.99609375
7132,0,CF2,L4,0.5,lama,2,2,0.8281564116477966,1,False,0.7797513321492007,0.3996447602131439,0.87890625
23884,0,CF2,L4,0.5,lama,1,8,0.5954304337501526,0,False,0.8413547237076648,0.44206773618538325,0.96875
22735,0,CF2,L4,0.5,lama,8,8,0.7084950804710388,1,False,0.7368421052631579,0.39766081871345027,0.796875
12483,0,CF2,L4,0.5,lama,2,9,0.3840743601322174,0,False,0.7508710801393729,0.30139372822299654,0.67578125
10442,0,CF2,L4,0.5,lama,6,0,0.4333633780479431,0,False,0.7635467980295566,0.3891625615763547,0.92578125
3733,0,CF2,L4,0.5,lama,8,6,0.5965250730514526,0,False,0.829126213592233,0.4349514563106796,0.875
20089,0,CF2,L4,0.5,lama,4,4,0.653537929058075,1,False,0.7837837837837838,0.4247104247104247,0.859375
20411,0,CF2,L4,0.5,lama,4,8,0.2387474626302719,0,False,0.7824427480916031,0.4618320610687023,0.9453125
10695,0,CF2,L4,0.5,lama,4,5,0.7359656691551208,0,False,0.7792207792207793,0.45640074211502785,0.9609375
11992,0,CF2,L4,0.5,lama,2,2,0.9513139128684998,1,False,0.7311411992263056,0.36750483558994196,0.7421875
20712,0,CF2,L4,0.5,lama,7,2,0.493551105260849,0,False,0.8273921200750469,0.474671669793621,0.98828125
6518,0,CF2,L4,0.5,lama,8,6,0.44152697920799255,0,False,0.7758284600389863,0.442495126705653,0.88671875
6015,0,CF2,L4,0.5,lama,9,1,0.8398529887199402,0,False,0.8136882129277566,0.3840304182509506,0.7890625
8396,0,CF2,L4,0.5,lama,5,2,0.6767492294311523,0,False,0.8113207547169812,0.45849056603773586,0.94921875
12097,0,CF2,L4,0.5,lama,9,9,0.514528751373291,1,False,0.7850287907869482,0.418426103646833,0.8515625
12565,0,CF2,L4,0.5,lama,2,2,0.7253255248069763,1,False,0.7967032967032966,0.45787545787545786,0.9765625
22474,0,CF2,L4,0.5,lama,4,1,0.42170092463493347,0,False,0.794921875,0.482421875,0.96484375
25110,0,CF2,L4,0.5,lama,9,9,0.9911681413650513,1,False,0.6937269372693727,0.25092250922509224,0.53125
8275,0,CF2,L4,0.5,lama,8,9,0.7584405541419983,0,False,0.7270955165692008,0.4152046783625731,0.83203125
3871,0,CF2,L4,0.5,lama,1,1,0.47942885756492615,1,False,0.7790697674418605,0.4844961240310077,0.9765625
24639,0,CF2,L4,0.5,lama,2,3,0.3404713571071625,0,False,0.7981366459627329,0.38819875776397517,0.9765625
15979,0,CF2,L4,0.5,lama,3,3,0.4459013342857361,1,False,0.8307426597582038,0.4369602763385147,0.98828125
24513,0,CF2,L4,0.5,lama,6,5,0.5794463753700256,0,False,0.8015122873345936,0.4120982986767486,0.8515625
10926,0,CF2,L4,0.5,lama,7,7,0.8847920298576355,1,False,0.7702702702702703,0.4092664092664093,0.828125
25564,0,CF2,L4,0.5,lama,0,6,0.5883711576461792,0,False,0.811284046692607,0.4688715953307393,0.94140625
2118,0,CF2,L4,0.5,lama,0,0,0.8934569954872131,1,False,0.7676419965576592,0.36316695352839934,0.82421875
4358,0,CF2,L4,0.5,lama,9,3,0.7860140800476074,0,False,0.7490706319702602,0.44609665427509293,0.9375
5674,0,CF2,L4,0.5,lama,8,8,0.4774424731731415,1,False,0.8064516129032258,0.4459203036053131,0.91796875
3397,0,CF2,L4,0.5,lama,7,7,0.9769376516342163,1,False,0.7446393762183235,0.4405458089668616,0.8828125
5183,0,CF2,L4,0.5,lama,7,5,0.4864797592163086,0,False,0.8265895953757225,0.441233140655106,0.89453125
7505,0,CF2,L4,0.5,lama,9,5,0.7822514772415161,0,False,0.82421875,0.46484375,0.9296875
17539,0,CF2,L4,0.5,lama,0,9,0.4777466356754303,0,False,0.7790476190476191,0.43047619047619046,0.8828125
23918,0,CF2,L4,0.5,lama,6,8,0.3159671425819397,0,False,0.8161888701517707,0.40809443507588533,0.9453125
19449,0,CF2,L4,0.5,lama,2,2,0.7453071475028992,1,False,0.8238532110091743,0.43669724770642204,0.9296875
18599,0,CF2,L4,0.5,lama,3,8,0.3682667911052704,0,False,0.7659963436928702,0.3857404021937843,0.82421875
8175,0,CF2,L4,0.5,lama,8,4,0.4272254407405853,0,False,0.8114602587800369,0.4343807763401109,0.91796875
18412,0,CF2,L4,0.5,lama,7,7,0.9442237019538879,1,False,0.7204301075268817,0.2777777777777778,0.60546875
20667,0,CF2,L4,0.5,lama,1,1,0.9574657082557678,1,False,0.7795031055900621,0.32298136645962733,0.8125
8672,0,CF2,L4,0.5,lama,9,9,0.5651051998138428,1,False,0.6925925925925925,0.31296296296296294,0.66015625
22087,0,CF2,L4,0.5,lama,1,1,0.9999774694442749,1,False,0.7560521415270018,0.35195530726256985,0.73828125
6910,0,CF2,L4,0.5,lama,2,2,0.9944325089454651,1,False,0.8097087378640777,0.42330097087378643,0.8515625
19205,0,CF2,L4,0.5,lama,3,3,0.4346636235713959,1,False,0.822550831792976,0.4731977818853974,1.0
10581,0,CF2,L4,0.5,lama,3,5,0.3579246997833252,0,False,0.8023255813953488,0.40863787375415284,0.9609375
14516,0,CF2,L4,0.5,lama,4,5,0.5605818033218384,0,False,0.7931034482758621,0.4047186932849365,0.87109375
22602,0,CF2,L4,0.5,lama,4,2,0.9272421598434448,0,False,0.740530303030303,0.4034090909090909,0.83203125
1944,0,CF2,L4,0.5,lama,0,8,0.2511559724807739,0,False,0.7873462214411248,0.4077328646748682,0.90625
19718,0,CF2,L4,0.5,lama,0,2,0.35694941878318787,0,False,0.7957198443579766,0.4688715953307393,0.94140625
15599,0,CF2,L4,0.5,lama,7,1,0.7502175569534302,0,False,0.7768313458262351,0.39182282793867124,0.8984375
16766,0,CF2,L4,0.5,lama,9,5,0.42102280259132385,0,False,0.8267419962335216,0.4745762711864407,0.984375
12317,0,CF2,L4,0.5,lama,5,8,0.39432066679000854,0,False,0.7977315689981096,0.46502835538752363,0.9609375
6275,0,CF2,L4,0.5,lama,6,4,0.5796780586242676,0,False,0.7779850746268657,0.3917910447761194,0.8203125
14332,0,CF2,L4,0.5,lama,3,3,0.4623611867427826,1,False,0.7533980582524272,0.4330097087378641,0.87109375
25615,0,CF2,L4,0.5,lama,8,2,0.42895978689193726,0,False,0.7001795332136446,0.39497307001795334,0.859375
7680,0,CF2,L4,0.5,lama,7,7,0.49113819003105164,1,False,0.8198198198198198,0.46126126126126127,1.0
22105,0,CF2,L4,0.5,lama,7,7,0.7938448190689087,1,False,0.7372400756143668,0.39697542533081287,0.8203125
19179,0,CF2,L4,0.5,lama,5,3,0.31170961260795593,0,False,0.7784200385356455,0.44315992292870904,0.8984375
22379,0,CF2,L4,0.5,lama,5,5,0.8979054689407349,1,False,0.7659574468085106,0.43133462282398455,0.87109375
11796,0,CF2,L4,0.5,lama,0,8,0.40555331110954285,0,False,0.8403669724770643,0.4,0.8515625
16929,0,CF2,L4,0.5,lama,0,0,0.9081292748451233,1,False,0.7935702199661591,0.4010152284263959,0.92578125
20580,0,CF2,L4,0.5,lama,2,9,0.5058863759040833,0,False,0.8234234234234235,0.3279279279279279,0.7109375
21272,0,CF2,L4,0.5,lama,7,7,0.43206897377967834,1,False,0.8092485549132948,0.43159922928709055,0.875
12963,0,CF2,L4,0.5,lama,4,4,0.4966897964477539,1,False,0.8156521739130435,0.42434782608695654,0.953125
15648,0,CF2,L4,0.5,lama,9,9,0.5832483768463135,1,False,0.7423664122137404,0.41030534351145037,0.83984375
10831,0,CF2,L4,0.5,lama,6,6,0.9857783317565918,1,False,0.7708737864077669,0.45436893203883494,0.9140625
12228,0,CF2,L4,0.5,lama,3,1,0.770923912525177,0,False,0.7367424242424242,0.4696969696969697,0.96875
2242,0,CF2,L4,0.5,lama,7,7,0.26415684819221497,1,False,0.8276515151515151,0.48484848484848486,1.0
25443,0,CF2,L4,0.5,lama,3,3,0.7650688886642456,1,False,0.6944971537001897,0.3092979127134725,0.63671875
23913,0,CF2,L4,0.5,lama,1,1,0.9874873161315918,1,False,0.7837837837837838,0.4266409266409266,0.86328125
18452,0,CF2,L4,0.5,lama,1,2,0.330412358045578,0,False,0.8042635658914729,0.47093023255813954,0.94921875
12210,0,CF2,L4,0.5,lama,0,0,0.7132481336593628,1,False,0.8049242424242424,0.4772727272727273,0.984375
3532,0,CF2,L4,0.5,lama,6,8,0.327434778213501,0,False,0.7807971014492754,0.4148550724637681,0.89453125
13678,0,CF2,L4,0.5,lama,9,9,0.9891708493232727,1,False,0.7743119266055046,0.41284403669724773,0.87890625
21370,0,CF2,L4,0.5,lama,5,6,0.2420138269662857,0,False,0.8071161048689138,0.4681647940074906,0.9765625
23728,0,CF2,L4,0.5,lama,9,5,0.8156626224517822,0,False,0.8421052631578947,0.4417293233082707,0.91796875
7460,0,CF2,L4,0.5,lama,0,0,0.9829981327056885,1,False,0.7670454545454546,0.4431818181818182,0.9140625
25354,0,CF2,L4,0.5,lama,2,2,0.6343894600868225,1,False,0.7777777777777778,0.4191033138401559,0.83984375
18984,0,CF2,L4,0.5,lama,8,0,0.5172225832939148,0,False,0.7862190812720848,0.43462897526501765,0.9609375
12422,0,CF2,L4,0.5,lama,6,6,0.8790041208267212,1,False,0.8104448742746615,0.4526112185686654,0.9140625
7413,0,CF2,L4,0.5,lama,4,8,0.323398619890213,0,False,0.7495908346972177,0.32078559738134205,0.765625
