patch_id,seed,family,level,frac,method,true_label,prediction,confidence,correct,bounded_unknown,isolated_missing_frac,mask_overlap_centre,centre_erased_frac
17222,0,CF1,L3,0.3,bilinear,8,8,0.9764960408210754,1,False,0.006514657980456026,0.24104234527687296,0.2890625
7987,0,CF1,L3,0.3,bilinear,4,4,0.3846626579761505,1,False,0.009771986970684038,0.23452768729641693,0.28125
14403,0,CF1,L3,0.3,bilinear,1,4,0.43922632932662964,0,False,0.009771986970684038,0.2280130293159609,0.2734375
12904,0,CF1,L3,0.3,bilinear,1,1,0.777595579624176,1,False,0.016286644951140065,0.2247557003257329,0.26953125
1024,0,CF1,L3,0.3,bilinear,2,2,0.7166571021080017,1,False,0.016286644951140065,0.2703583061889251,0.32421875
15700,0,CF1,L3,0.3,bilinear,3,0,0.999997615814209,0,False,0.009771986970684038,0.2703583061889251,0.32421875
12639,0,CF1,L3,0.3,bilinear,7,7,0.8148833513259888,1,False,0.013029315960912053,0.2247557003257329,0.26953125
20658,0,CF1,L3,0.3,bilinear,4,2,0.4267122745513916,0,False,0.013029315960912053,0.25732899022801303,0.30859375
2642,0,CF1,L3,0.3,bilinear,7,7,0.7190008759498596,1,False,0.013029315960912053,0.26384364820846906,0.31640625
9392,0,CF1,L3,0.3,bilinear,9,9,0.9815422892570496,1,False,0.026058631921824105,0.22149837133550487,0.265625
23357,0,CF1,L3,0.3,bilinear,5,6,0.5580751895904541,0,False,0.016286644951140065,0.23452768729641693,0.28125
15977,0,CF1,L3,0.3,bilinear,0,0,0.7218788266181946,1,False,0.003257328990228013,0.22149837133550487,0.265625
10440,0,CF1,L3,0.3,bilinear,0,0,0.9990653395652771,1,False,0.006514657980456026,0.26384364820846906,0.31640625
14216,0,CF1,L3,0.3,bilinear,3,3,0.7853371500968933,1,False,0.013029315960912053,0.25732899022801303,0.30859375
18353,0,CF1,L3,0.3,bilinear,7,7,0.9193549156188965,1,False,0.013029315960912053,0.23778501628664495,0.28515625
17404,0,CF1,L3,0.3,bilinear,3,9,0.5436594486236572,0,False,0.026058631921824105,0.2671009771986971,0.3203125
8424,0,CF1,L3,0.3,bilinear,8,8,0.41173413395881653,1,False,0.026058631921824105,0.2247557003257329,0.26953125
4744,0,CF1,L3,0.3,bilinear,8,8,0.5257452726364136,1,False,0.009771986970684038,0.23452768729641693,0.28125
18797,0,CF1,L3,0.3,bilinear,7,7,0.9995489716529846,1,False,0.003257328990228013,0.28013029315960913,0.3359375
3156,0,CF1,L3,0.3,bilinear,7,7,0.989569365978241,1,False,0.0,0.2736156351791531,0.328125
17024,0,CF1,L3,0.3,bilinear,2,2,0.940621018409729,1,False,0.0,0.26058631921824105,0.3125
7807,0,CF1,L3,0.3,bilinear,8,8,0.9506743550300598,1,False,0.003257328990228013,0.21498371335504887,0.2578125
138,0,CF1,L3,0.3,bilinear,0,0,0.9983041286468506,1,False,0.003257328990228013,0.24104234527687296,0.2890625
20222,0,CF1,L3,0.3,bilinear,2,2,0.999970555305481,1,False,0.0,0.250814332247557,0.30078125
24734,0,CF1,L3,0.3,bilinear,9,0,0.6561020016670227,0,False,0.009771986970684038,0.28013029315960913,0.3359375
8909,0,CF1,L3,0.3,bilinear,0,0,0.8950650691986084,1,False,0.0,0.2247557003257329,0.26953125
4684,0,CF1,L3,0.3,bilinear,1,1,0.9992891550064087,1,False,0.0,0.26058631921824105,0.3125
15978,0,CF1,L3,0.3,bilinear,6,6,0.7847398519515991,1,False,0.016286644951140065,0.20521172638436483,0.24609375
21495,0,CF1,L3,0.3,bilinear,7,7,0.8607472777366638,1,False,0.013029315960912053,0.2703583061889251,0.32421875
5107,0,CF1,L3,0.3,bilinear,6,1,0.35396888852119446,0,False,0.016286644951140065,0.2671009771986971,0.3203125
1914,0,CF1,L3,0.3,bilinear,2,2,0.8192422986030579,1,False,0.006514657980456026,0.23127035830618892,0.27734375
21307,0,CF1,L3,0.3,bilinear,1,1,0.9999871253967285,1,False,0.003257328990228013,0.23778501628664495,0.28515625
7178,0,CF1,L3,0.3,bilinear,4,4,0.7201828956604004,1,False,0.006514657980456026,0.23778501628664495,0.28515625
13264,0,CF1,L3,0.3,bilinear,4,6,0.49759525060653687,0,False,0.006514657980456026,0.2768729641693811,0.33203125
21507,0,CF1,L3,0.3,bilinear,1,1,0.9973273277282715,1,False,0.02280130293159609,0.23127035830618892,0.27734375
8399,0,CF1,L3,0.3,bilinear,9,0,0.43148091435432434,0,False,0.013029315960912053,0.2768729641693811,0.33203125
4384,0,CF1,L3,0.3,bilinear,0,0,0.9993910789489746,1,False,0.009771986970684038,0.23452768729641693,0.28125
5820,0,CF1,L3,0.3,bilinear,0,1,0.7148180603981018,0,False,0.0,0.20846905537459284,0.25
22865,0,CF1,L3,0.3,bilinear,0,0,0.9679189324378967,1,False,0.013029315960912053,0.19218241042345277,0.23046875
65,0,CF1,L3,0.3,bilinear,0,0,0.6672303676605225,1,False,0.009771986970684038,0.28664495114006516,0.34375
15494,0,CF1,L3,0.3,bilinear,6,6,0.709998369216919,1,False,0.006514657980456026,0.26384364820846906,0.31640625
2327,0,CF1,L3,0.3,bilinear,5,5,0.9296947717666626,1,False,0.009771986970684038,0.23778501628664495,0.28515625
24596,0,CF1,L3,0.3,bilinear,7,6,0.7550076842308044,0,False,0.009771986970684038,0.2247557003257329,0.26953125
3825,0,CF1,L3,0.3,bilinear,5,5,0.6942195296287537,1,False,0.016286644951140065,0.26384364820846906,0.31640625
17168,0,CF1,L3,0.3,bilinear,7,7,0.9044276475906372,1,False,0.019543973941368076,0.2182410423452769,0.26171875
4357,0,CF1,L3,0.3,bilinear,3,3,0.5801661014556885,1,False,0.013029315960912053,0.23452768729641693,0.28125
2364,0,CF1,L3,0.3,bilinear,9,9,0.8482768535614014,1,False,0.006514657980456026,0.28664495114006516,0.34375
8703,0,CF1,L3,0.3,bilinear,9,9,0.9781977534294128,1,False,0.016286644951140065,0.23778501628664495,0.28515625
19390,0,CF1,L3,0.3,bilinear,9,9,0.964832603931427,1,False,0.006514657980456026,0.2671009771986971,0.3203125
17853,0,CF1,L3,0.3,bilinear,6,2,0.4688398241996765,0,False,0.006514657980456026,0.2768729641693811,0.33203125
4930,0,CF1,L3,0.3,bilinear,4,1,0.7625911831855774,0,False,0.009771986970684038,0.247557003257329,0.296875
5314,0,CF1,L3,0.3,bilinear,8,8,0.7675102949142456,1,False,0.013029315960912053,0.2280130293159609,0.2734375
4478,0,CF1,L3,0.3,bilinear,8,8,0.9099187254905701,1,False,0.009771986970684038,0.250814332247557,0.30078125
23679,0,CF1,L3,0.3,bilinear,4,1,0.8601007461547852,0,False,0.003257328990228013,0.23127035830618892,0.27734375
5449,0,CF1,L3,0.3,bilinear,1,1,0.8735500574111938,1,False,0.003257328990228013,0.28338762214983715,0.33984375
24183,0,CF1,L3,0.3,bilinear,0,0,0.9252672791481018,1,False,0.019543973941368076,0.2247557003257329,0.26953125
20842,0,CF1,L3,0.3,bilinear,3,3,0.9708999991416931,1,False,0.006514657980456026,0.2703583061889251,0.32421875
18825,0,CF1,L3,0.3,bilinear,9,0,0.7099496126174927,0,False,0.006514657980456026,0.2182410423452769,0.26171875
6265,0,CF1,L3,0.3,bilinear,1,1,0.941454291343689,1,False,0.013029315960912053,0.26058631921824105,0.3125
24932,0,CF1,L3,0.3,bilinear,4,2,0.4801122844219208,0,False,0.003257328990228013,0.26384364820846906,0.31640625
14427,0,CF1,L3,0.3,bilinear,8,9,0.4679983854293823,0,False,0.009771986970684038,0.23778501628664495,0.28515625
3740,0,CF1,L3,0.3,bilinear,7,7,0.9915077686309814,1,False,0.003257328990228013,0.25732899022801303,0.30859375
16809,0,CF1,L3,0.3,bilinear,9,2,0.3522045612335205,0,False,0.013029315960912053,0.24104234527687296,0.2890625
1136,0,CF1,L3,0.3,bilinear,1,1,0.7554770112037659,1,False,0.019543973941368076,0.2768729641693811,0.33203125
25757,0,CF1,L3,0.3,bilinear,5,5,0.9851426482200623,1,False,0.016286644951140065,0.247557003257329,0.296875
7356,0,CF1,L3,0.3,bilinear,4,4,0.6287294030189514,1,False,0.013029315960912053,0.250814332247557,0.30078125
12298,0,CF1,L3,0.3,bilinear,0,0,0.9871168732643127,1,False,0.009771986970684038,0.26058631921824105,0.3125
5700,0,CF1,L3,0.3,bilinear,3,3,0.3662235736846924,1,False,0.019543973941368076,0.23452768729641693,0.28125
22753,0,CF1,L3,0.3,bilinear,6,6,0.8303502202033997,1,False,0.006514657980456026,0.24104234527687296,0.2890625
16813,0,CF1,L3,0.3,bilinear,6,8,0.5174482464790344,0,False,0.013029315960912053,0.2182410423452769,0.26171875
7373,0,CF1,L3,0.3,bilinear,8,8,0.7710837125778198,1,False,0.013029315960912053,0.26058631921824105,0.3125
20149,0,CF1,L3,0.3,bilinear,2,2,0.7175055146217346,1,False,0.016286644951140065,0.2703583061889251,0.32421875
15874,0,CF1,L3,0.3,bilinear,9,9,0.988471508026123,1,False,0.013029315960912053,0.23127035830618892,0.27734375
26011,0,CF1,L3,0.3,bilinear,0,0,0.8639915585517883,1,False,0.019543973941368076,0.2182410423452769,0.26171875
4196,0,CF1,L3,0.3,bilinear,9,9,0.6189804673194885,1,False,0.013029315960912053,0.26384364820846906,0.31640625
11227,0,CF1,L3,0.3,bilinear,3,3,0.710176408290863,1,False,0.003257328990228013,0.250814332247557,0.30078125
15736,0,CF1,L3,0.3,bilinear,3,3,0.9890046715736389,1,False,0.006514657980456026,0.25732899022801303,0.30859375
6339,0,CF1,L3,0.3,bilinear,6,6,0.8229343295097351,1,False,0.009771986970684038,0.26384364820846906,0.31640625
25704,0,CF1,L3,0.3,bilinear,2,2,0.9706684350967407,1,False,0.009771986970684038,0.23452768729641693,0.28125
3190,0,CF1,L3,0.3,bilinear,7,7,0.913401186466217,1,False,0.003257328990228013,0.2768729641693811,0.33203125
737,0,CF1,L3,0.3,bilinear,4,4,0.7645086050033569,1,False,0.006514657980456026,0.2182410423452769,0.26171875
22875,0,CF1,L3,0.3,bilinear,9,9,0.93580162525177,1,False,0.006514657980456026,0.250814332247557,0.30078125
22749,0,CF1,L3,0.3,bilinear,3,3,0.8025204539299011,1,False,0.003257328990228013,0.23452768729641693,0.28125
22998,0,CF1,L3,0.3,bilinear,3,3,0.9661834836006165,1,False,0.006514657980456026,0.25732899022801303,0.30859375
24210,0,CF1,L3,0.3,bilinear,5,5,0.9429946541786194,1,False,0.006514657980456026,0.26058631921824105,0.3125
6800,0,CF1,L3,0.3,bilinear,4,4,0.8994265794754028,1,False,0.013029315960912053,0.254071661237785,0.3046875
16602,0,CF1,L3,0.3,bilinear,9,9,0.41507449746131897,1,False,0.003257328990228013,0.247557003257329,0.296875
10822,0,CF1,L3,0.3,bilinear,6,6,0.7339637279510498,1,False,0.006514657980456026,0.25732899022801303,0.30859375
12822,0,CF1,L3,0.3,bilinear,1,1,0.9999594688415527,1,False,0.009771986970684038,0.24104234527687296,0.2890625
12758,0,CF1,L3,0.3,bilinear,5,5,0.9529630541801453,1,False,0.003257328990228013,0.28013029315960913,0.3359375
21144,0,CF1,L3,0.3,bilinear,4,4,0.9737334847450256,1,False,0.009771986970684038,0.2247557003257329,0.26953125
4900,0,CF1,L3,0.3,bilinear,6,6,0.3834027051925659,1,False,0.006514657980456026,0.24104234527687296,0.2890625
22888,0,CF1,L3,0.3,bilinear,9,9,0.9990471005439758,1,False,0.016286644951140065,0.247557003257329,0.296875
19935,0,CF1,L3,0.3,bilinear,9,9,0.5493757724761963,1,False,0.02280130293159609,0.247557003257329,0.296875
21896,0,CF1,L3,0.3,bilinear,7,7,0.986397922039032,1,False,0.013029315960912053,0.2247557003257329,0.26953125
3475,0,CF1,L3,0.3,bilinear,3,3,0.8543559312820435,1,False,0.013029315960912053,0.2931596091205212,0.3515625
16171,0,CF1,L3,0.3,bilinear,0,0,0.9999094009399414,1,False,0.013029315960912053,0.24429967426710097,0.29296875
4672,0,CF1,L3,0.3,bilinear,4,7,0.9077173471450806,0,False,0.003257328990228013,0.26058631921824105,0.3125
10146,0,CF1,L3,0.3,bilinear,2,2,0.9999513626098633,1,False,0.02280130293159609,0.247557003257329,0.296875
9207,0,CF1,L3,0.3,bilinear,7,7,0.7981309294700623,1,False,0.009771986970684038,0.26384364820846906,0.31640625
17745,0,CF1,L3,0.3,bilinear,9,2,0.9997343420982361,0,False,0.016286644951140065,0.25732899022801303,0.30859375
432,0,CF1,L3,0.3,bilinear,7,7,0.8444358706474304,1,False,0.019543973941368076,0.247557003257329,0.296875
6608,0,CF1,L3,0.3,bilinear,4,4,0.9901639819145203,1,False,0.006514657980456026,0.24104234527687296,0.2890625
25769,0,CF1,L3,0.3,bilinear,9,9,0.9980636239051819,1,False,0.02280130293159609,0.2280130293159609,0.2734375
14774,0,CF1,L3,0.3,bilinear,3,3,0.9109729528427124,1,False,0.003257328990228013,0.26058631921824105,0.3125
21627,0,CF1,L3,0.3,bilinear,4,4,0.8295291662216187,1,False,0.009771986970684038,0.28013029315960913,0.3359375
8133,0,CF1,L3,0.3,bilinear,2,2,0.9999099969863892,1,False,0.003257328990228013,0.250814332247557,0.30078125
12554,0,CF1,L3,0.3,bilinear,4,4,0.9992708563804626,1,False,0.006514657980456026,0.2247557003257329,0.26953125
10856,0,CF1,L3,0.3,bilinear,1,1,0.9630597829818726,1,False,0.009771986970684038,0.2182410423452769,0.26171875
15931,0,CF1,L3,0.3,bilinear,3,3,0.9941556453704834,1,False,0.02280130293159609,0.26058631921824105,0.3125
2367,0,CF1,L3,0.3,bilinear,2,2,0.6977493166923523,1,False,0.006514657980456026,0.2280130293159609,0.2734375
25563,0,CF1,L3,0.3,bilinear,7,7,0.8081605434417725,1,False,0.006514657980456026,0.247557003257329,0.296875
6748,0,CF1,L3,0.3,bilinear,2,2,0.9905125498771667,1,False,0.006514657980456026,0.2703583061889251,0.32421875
5368,0,CF1,L3,0.3,bilinear,8,8,0.9889434576034546,1,False,0.006514657980456026,0.247557003257329,0.296875
25951,0,CF1,L3,0.3,bilinear,6,6,0.981381893157959,1,False,0.006514657980456026,0.26058631921824105,0.3125
22082,0,CF1,L3,0.3,bilinear,7,7,0.9994545578956604,1,False,0.006514657980456026,0.2247557003257329,0.26953125
19301,0,CF1,L3,0.3,bilinear,4,4,0.9934737086296082,1,False,0.013029315960912053,0.23127035830618892,0.27734375
13302,0,CF1,L3,0.3,bilinear,4,4,0.9897146821022034,1,False,0.016286644951140065,0.26058631921824105,0.3125
15358,0,CF1,L3,0.3,bilinear,0,0,0.7814189791679382,1,False,0.009771986970684038,0.26058631921824105,0.3125
23572,0,CF1,L3,0.3,bilinear,2,2,0.915094256401062,1,False,0.006514657980456026,0.26384364820846906,0.31640625
14736,0,CF1,L3,0.3,bilinear,4,4,0.9963279366493225,1,False,0.019543973941368076,0.2703583061889251,0.32421875
16685,0,CF1,L3,0.3,bilinear,2,2,0.91446453332901,1,False,0.009771986970684038,0.25732899022801303,0.30859375
21902,0,CF1,L3,0.3,bilinear,7,7,0.4946209490299225,1,False,0.02280130293159609,0.24429967426710097,0.29296875
6713,0,CF1,L3,0.3,bilinear,5,6,0.482545405626297,0,False,0.009771986970684038,0.26058631921824105,0.3125
8771,0,CF1,L3,0.3,bilinear,4,4,0.9761715531349182,1,False,0.0,0.2931596091205212,0.3515625
20264,0,CF1,L3,0.3,bilinear,3,5,0.5777984857559204,0,False,0.003257328990228013,0.2671009771986971,0.3203125
24489,0,CF1,L3,0.3,bilinear,1,1,0.9999966621398926,1,False,0.003257328990228013,0.23778501628664495,0.28515625
24852,0,CF1,L3,0.3,bilinear,1,4,0.6899287104606628,0,False,0.006514657980456026,0.23778501628664495,0.28515625
6746,0,CF1,L3,0.3,bilinear,1,1,0.8205522894859314,1,False,0.003257328990228013,0.23452768729641693,0.28125
5951,0,CF1,L3,0.3,bilinear,5,5,0.7191335558891296,1,False,0.009771986970684038,0.23127035830618892,0.27734375
6438,0,CF1,L3,0.3,bilinear,4,4,0.9994798302650452,1,False,0.006514657980456026,0.2736156351791531,0.328125
11126,0,CF1,L3,0.3,bilinear,9,6,0.6727983951568604,0,False,0.006514657980456026,0.28338762214983715,0.33984375
24241,0,CF1,L3,0.3,bilinear,3,3,0.9319451451301575,1,False,0.0,0.23778501628664495,0.28515625
23621,0,CF1,L3,0.3,bilinear,6,6,0.7827362418174744,1,False,0.003257328990228013,0.2182410423452769,0.26171875
14358,0,CF1,L3,0.3,bilinear,6,6,0.6099151968955994,1,False,0.016286644951140065,0.23127035830618892,0.27734375
19003,0,CF1,L3,0.3,bilinear,6,5,0.4455741047859192,0,False,0.003257328990228013,0.247557003257329,0.296875
3760,0,CF1,L3,0.3,bilinear,9,2,0.5773104429244995,0,False,0.006514657980456026,0.2768729641693811,0.33203125
1155,0,CF1,L3,0.3,bilinear,5,5,0.9973500967025757,1,False,0.003257328990228013,0.23127035830618892,0.27734375
22044,0,CF1,L3,0.3,bilinear,8,8,0.2687670886516571,1,False,0.016286644951140065,0.250814332247557,0.30078125
17521,0,CF1,L3,0.3,bilinear,4,4,0.9221527576446533,1,False,0.009771986970684038,0.250814332247557,0.30078125
15177,0,CF1,L3,0.3,bilinear,9,9,0.6614117622375488,1,False,0.009771986970684038,0.2671009771986971,0.3203125
21080,0,CF1,L3,0.3,bilinear,0,0,0.9979228377342224,1,False,0.013029315960912053,0.28013029315960913,0.3359375
4507,0,CF1,L3,0.3,bilinear,5,5,0.8032411336898804,1,False,0.006514657980456026,0.2182410423452769,0.26171875
10600,0,CF1,L3,0.3,bilinear,7,7,0.9859569072723389,1,False,0.003257328990228013,0.254071661237785,0.3046875
11754,0,CF1,L3,0.3,bilinear,1,1,0.9996694326400757,1,False,0.009771986970684038,0.23778501628664495,0.28515625
22934,0,CF1,L3,0.3,bilinear,4,4,0.9760056138038635,1,False,0.013029315960912053,0.21498371335504887,0.2578125
19094,0,CF1,L3,0.3,bilinear,3,3,0.9987221360206604,1,False,0.013029315960912053,0.20521172638436483,0.24609375
25246,0,CF1,L3,0.3,bilinear,7,7,0.9045977592468262,1,False,0.013029315960912053,0.254071661237785,0.3046875
14745,0,CF1,L3,0.3,bilinear,2,2,0.999993085861206,1,False,0.003257328990228013,0.250814332247557,0.30078125
3177,0,CF1,L3,0.3,bilinear,8,9,0.5713865756988525,0,False,0.006514657980456026,0.24104234527687296,0.2890625
13870,0,CF1,L3,0.3,bilinear,5,1,0.38348284363746643,0,False,0.006514657980456026,0.28664495114006516,0.34375
5605,0,CF1,L3,0.3,bilinear,6,6,0.9502627849578857,1,False,0.006514657980456026,0.247557003257329,0.296875
5202,0,CF1,L3,0.3,bilinear,8,8,0.9918493032455444,1,False,0.009771986970684038,0.247557003257329,0.296875
8800,0,CF1,L3,0.3,bilinear,5,5,0.9951698184013367,1,False,0.013029315960912053,0.24429967426710097,0.29296875
645,0,CF1,L3,0.3,bilinear,3,3,0.9950565099716187,1,False,0.009771986970684038,0.2247557003257329,0.26953125
16077,0,CF1,L3,0.3,bilinear,5,5,0.9901812076568604,1,False,0.013029315960912053,0.23452768729641693,0.28125
15336,0,CF1,L3,0.3,bilinear,5,5,0.7382437586784363,1,False,0.0,0.250814332247557,0.30078125
20933,0,CF1,L3,0.3,bilinear,0,0,0.9105916619300842,1,False,0.016286644951140065,0.2671009771986971,0.3203125
10580,0,CF1,L3,0.3,bilinear,8,8,0.8710845708847046,1,False,0.013029315960912053,0.23778501628664495,0.28515625
25902,0,CF1,L3,0.3,bilinear,6,6,0.9564054012298584,1,False,0.009771986970684038,0.21172638436482086,0.25390625
4666,0,CF1,L3,0.3,bilinear,8,8,0.9999397993087769,1,False,0.013029315960912053,0.25732899022801303,0.30859375
14541,0,CF1,L3,0.3,bilinear,4,4,0.9782226085662842,1,False,0.006514657980456026,0.28338762214983715,0.33984375
7374,0,CF1,L3,0.3,bilinear,5,5,0.774841845035553,1,False,0.009771986970684038,0.28338762214983715,0.33984375
4697,0,CF1,L3,0.3,bilinear,5,0,0.44972115755081177,0,False,0.016286644951140065,0.24104234527687296,0.2890625
6317,0,CF1,L3,0.3,bilinear,5,5,0.7406129240989685,1,False,0.006514657980456026,0.26384364820846906,0.31640625
16623,0,CF1,L3,0.3,bilinear,6,6,0.7966643571853638,1,False,0.026058631921824105,0.2703583061889251,0.32421875
16511,0,CF1,L3,0.3,bilinear,6,5,0.32636386156082153,0,False,0.003257328990228013,0.254071661237785,0.3046875
16162,0,CF1,L3,0.3,bilinear,3,9,0.5603356957435608,0,False,0.016286644951140065,0.3127035830618892,0.375
5989,0,CF1,L3,0.3,bilinear,1,1,0.9072151184082031,1,False,0.03257328990228013,0.26058631921824105,0.3125
18753,0,CF1,L3,0.3,bilinear,5,5,0.9980351328849792,1,False,0.019543973941368076,0.24429967426710097,0.29296875
20853,0,CF1,L3,0.3,bilinear,4,4,0.7148570418357849,1,False,0.009771986970684038,0.250814332247557,0.30078125
16556,0,CF1,L3,0.3,bilinear,0,0,0.9666231274604797,1,False,0.0,0.2247557003257329,0.26953125
7019,0,CF1,L3,0.3,bilinear,9,9,0.9358071684837341,1,False,0.016286644951140065,0.22149837133550487,0.265625
3090,0,CF1,L3,0.3,bilinear,6,6,0.9965465664863586,1,False,0.009771986970684038,0.2280130293159609,0.2734375
14680,0,CF1,L3,0.3,bilinear,3,3,0.9755688309669495,1,False,0.009771986970684038,0.30618892508143325,0.3671875
869,0,CF1,L3,0.3,bilinear,3,3,0.45849910378456116,1,False,0.003257328990228013,0.22149837133550487,0.265625
7595,0,CF1,L3,0.3,bilinear,6,6,0.8873679637908936,1,False,0.016286644951140065,0.23127035830618892,0.27734375
14417,0,CF1,L3,0.3,bilinear,1,1,0.9594640731811523,1,False,0.009771986970684038,0.20195439739413681,0.2421875
13624,0,CF1,L3,0.3,bilinear,9,9,0.9754811525344849,1,False,0.026058631921824105,0.21172638436482086,0.25390625
21083,0,CF1,L3,0.3,bilinear,0,0,0.9990648627281189,1,False,0.013029315960912053,0.25732899022801303,0.30859375
7556,0,CF1,L3,0.3,bilinear,1,1,0.9953873753547668,1,False,0.013029315960912053,0.250814332247557,0.30078125
9289,0,CF1,L3,0.3,bilinear,8,8,0.7136943340301514,1,False,0.013029315960912053,0.23127035830618892,0.27734375
19944,0,CF1,L3,0.3,bilinear,3,3,0.9083753228187561,1,False,0.006514657980456026,0.250814332247557,0.30078125
6057,0,CF1,L3,0.3,bilinear,1,1,0.957699179649353,1,False,0.003257328990228013,0.25732899022801303,0.30859375
23029,0,CF1,L3,0.3,bilinear,8,0,0.575695812702179,0,False,0.009771986970684038,0.24104234527687296,0.2890625
23668,0,CF1,L3,0.3,bilinear,5,5,0.9463176131248474,1,False,0.003257328990228013,0.2280130293159609,0.2734375
13115,0,CF1,L3,0.3,bilinear,8,8,0.9722474217414856,1,False,0.009771986970684038,0.2703583061889251,0.32421875
20635,0,CF1,L3,0.3,bilinear,3,3,0.4811115562915802,1,False,0.016286644951140065,0.22149837133550487,0.265625
4281,0,CF1,L3,0.3,bilinear,4,4,0.9906476140022278,1,False,0.003257328990228013,0.28013029315960913,0.3359375
4139,0,CF1,L3,0.3,bilinear,9,2,0.5078092217445374,0,False,0.02280130293159609,0.23778501628664495,0.28515625
10652,0,CF1,L3,0.3,bilinear,1,1,0.8548834323883057,1,False,0.013029315960912053,0.2703583061889251,0.32421875
700,0,CF1,L3,0.3,bilinear,1,1,0.9967092275619507,1,False,0.006514657980456026,0.2964169381107492,0.35546875
5772,0,CF1,L3,0.3,bilinear,3,7,0.33878302574157715,0,False,0.019543973941368076,0.2736156351791531,0.328125
8114,0,CF1,L3,0.3,bilinear,9,9,0.8084160089492798,1,False,0.006514657980456026,0.2703583061889251,0.32421875
5964,0,CF1,L3,0.3,bilinear,6,6,0.6438905000686646,1,False,0.006514657980456026,0.25732899022801303,0.30859375
17278,0,CF1,L3,0.3,bilinear,7,7,0.7102835774421692,1,False,0.006514657980456026,0.22149837133550487,0.265625
9961,0,CF1,L3,0.3,bilinear,0,0,0.5645074844360352,1,False,0.009771986970684038,0.2671009771986971,0.3203125
25974,0,CF1,L3,0.3,bilinear,7,7,0.9999309778213501,1,False,0.009771986970684038,0.24429967426710097,0.29296875
14317,0,CF1,L3,0.3,bilinear,3,3,0.9552978277206421,1,False,0.006514657980456026,0.2703583061889251,0.32421875
6485,0,CF1,L3,0.3,bilinear,0,0,0.999988317489624,1,False,0.009771986970684038,0.2736156351791531,0.328125
18287,0,CF1,L3,0.3,bilinear,0,0,0.9897032380104065,1,False,0.006514657980456026,0.247557003257329,0.296875
11840,0,CF1,L3,0.3,bilinear,4,4,0.9277259111404419,1,False,0.013029315960912053,0.23127035830618892,0.27734375
864,0,CF1,L3,0.3,bilinear,0,0,0.9978905320167542,1,False,0.02280130293159609,0.23452768729641693,0.28125
20612,0,CF1,L3,0.3,bilinear,1,1,0.6862708926200867,1,False,0.016286644951140065,0.28338762214983715,0.33984375
21079,0,CF1,L3,0.3,bilinear,1,1,0.9998822212219238,1,False,0.0,0.26058631921824105,0.3125
11286,0,CF1,L3,0.3,bilinear,5,5,0.991417646408081,1,False,0.016286644951140065,0.2247557003257329,0.26953125
788,0,CF1,L3,0.3,bilinear,0,0,0.9685829281806946,1,False,0.006514657980456026,0.28013029315960913,0.3359375
15932,0,CF1,L3,0.3,bilinear,3,3,0.8571439981460571,1,False,0.0,0.23778501628664495,0.28515625
18511,0,CF1,L3,0.3,bilinear,3,3,0.9973996877670288,1,False,0.003257328990228013,0.26058631921824105,0.3125
21576,0,CF1,L3,0.3,bilinear,5,1,0.3584446907043457,0,False,0.0,0.26058631921824105,0.3125
17237,0,CF1,L3,0.3,bilinear,2,2,0.9991379976272583,1,False,0.006514657980456026,0.20195439739413681,0.2421875
2966,0,CF1,L3,0.3,bilinear,2,2,0.9999992847442627,1,False,0.009771986970684038,0.2964169381107492,0.35546875
16416,0,CF1,L3,0.3,bilinear,5,5,0.9964869022369385,1,False,0.009771986970684038,0.2671009771986971,0.3203125
1280,0,CF1,L3,0.3,bilinear,5,5,0.8478607535362244,1,False,0.009771986970684038,0.25732899022801303,0.30859375
24928,0,CF1,L3,0.3,bilinear,0,0,0.9477583169937134,1,False,0.003257328990228013,0.250814332247557,0.30078125
23837,0,CF1,L3,0.3,bilinear,1,1,0.8683228492736816,1,False,0.003257328990228013,0.23452768729641693,0.28125
20230,0,CF1,L3,0.3,bilinear,1,1,0.9984979629516602,1,False,0.003257328990228013,0.22149837133550487,0.265625
23434,0,CF1,L3,0.3,bilinear,5,5,0.9942763447761536,1,False,0.013029315960912053,0.254071661237785,0.3046875
20522,0,CF1,L3,0.3,bilinear,6,2,0.3973544239997864,0,False,0.009771986970684038,0.2280130293159609,0.2734375
7789,0,CF1,L3,0.3,bilinear,3,7,0.2824227809906006,0,False,0.009771986970684038,0.2247557003257329,0.26953125
22086,0,CF1,L3,0.3,bilinear,6,6,0.9913507699966431,1,False,0.006514657980456026,0.2736156351791531,0.328125
21339,0,CF1,L3,0.3,bilinear,0,0,0.9936313033103943,1,False,0.009771986970684038,0.247557003257329,0.296875
6830,0,CF1,L3,0.3,bilinear,9,9,0.999982476234436,1,False,0.009771986970684038,0.247557003257329,0.296875
20902,0,CF1,L3,0.3,bilinear,2,2,0.9937781095504761,1,False,0.026058631921824105,0.2931596091205212,0.3515625
17481,0,CF1,L3,0.3,bilinear,5,5,0.9879941940307617,1,False,0.006514657980456026,0.26384364820846906,0.31640625
3050,0,CF1,L3,0.3,bilinear,6,6,0.6054351925849915,1,False,0.009771986970684038,0.23452768729641693,0.28125
409,0,CF1,L3,0.3,bilinear,1,4,0.6859110593795776,0,False,0.009771986970684038,0.247557003257329,0.296875
14823,0,CF1,L3,0.3,bilinear,7,7,0.926581859588623,1,False,0.013029315960912053,0.2280130293159609,0.2734375
22892,0,CF1,L3,0.3,bilinear,9,1,0.40300682187080383,0,False,0.0,0.23127035830618892,0.27734375
9470,0,CF1,L3,0.3,bilinear,8,8,0.5794889330863953,1,False,0.009771986970684038,0.26058631921824105,0.3125
9543,0,CF1,L3,0.3,bilinear,6,8,0.4601815938949585,0,False,0.003257328990228013,0.26384364820846906,0.31640625
22090,0,CF1,L3,0.3,bilinear,5,5,0.9933351278305054,1,False,0.02280130293159609,0.23452768729641693,0.28125
6045,0,CF1,L3,0.3,bilinear,6,6,0.9903291463851929,1,False,0.006514657980456026,0.2247557003257329,0.26953125
317,0,CF1,L3,0.3,bilinear,8,8,0.9762601256370544,1,False,0.013029315960912053,0.25732899022801303,0.30859375
15812,0,CF1,L3,0.3,bilinear,0,0,0.9968048334121704,1,False,0.006514657980456026,0.2247557003257329,0.26953125
18170,0,CF1,L3,0.3,bilinear,9,9,0.9751912951469421,1,False,0.02280130293159609,0.28664495114006516,0.34375
14781,0,CF1,L3,0.3,bilinear,0,0,0.8536712527275085,1,False,0.013029315960912053,0.250814332247557,0.30078125
17886,0,CF1,L3,0.3,bilinear,9,9,0.9814230799674988,1,False,0.006514657980456026,0.26058631921824105,0.3125
20049,0,CF1,L3,0.3,bilinear,3,0,0.8863023519515991,0,False,0.009771986970684038,0.254071661237785,0.3046875
13283,0,CF1,L3,0.3,bilinear,0,0,0.9236176013946533,1,False,0.013029315960912053,0.26384364820846906,0.31640625
25830,0,CF1,L3,0.3,bilinear,5,5,0.998810887336731,1,False,0.0,0.247557003257329,0.296875
14277,0,CF1,L3,0.3,bilinear,9,9,0.9460955262184143,1,False,0.02280130293159609,0.26384364820846906,0.31640625
5908,0,CF1,L3,0.3,bilinear,1,1,0.9999704360961914,1,False,0.013029315960912053,0.2247557003257329,0.26953125
9731,0,CF1,L3,0.3,bilinear,8,8,0.8786844611167908,1,False,0.003257328990228013,0.25732899022801303,0.30859375
14180,0,CF1,L3,0.3,bilinear,9,9,0.9958512783050537,1,False,0.003257328990228013,0.24429967426710097,0.29296875
9246,0,CF1,L3,0.3,bilinear,2,2,0.9989017248153687,1,False,0.016286644951140065,0.20846905537459284,0.25
1656,0,CF1,L3,0.3,bilinear,2,2,0.38016968965530396,1,False,0.019543973941368076,0.23778501628664495,0.28515625
17712,0,CF1,L3,0.3,bilinear,1,1,0.8404938578605652,1,False,0.013029315960912053,0.28013029315960913,0.3359375
25544,0,CF1,L3,0.3,bilinear,9,9,0.719839334487915,1,False,0.003257328990228013,0.22149837133550487,0.265625
1120,0,CF1,L3,0.3,bilinear,5,5,0.9983629584312439,1,False,0.006514657980456026,0.23778501628664495,0.28515625
1298,0,CF1,L3,0.3,bilinear,6,6,0.8526216745376587,1,False,0.009771986970684038,0.23452768729641693,0.28125
25570,0,CF1,L3,0.3,bilinear,2,2,0.9977694749832153,1,False,0.003257328990228013,0.2182410423452769,0.26171875
5370,0,CF1,L3,0.3,bilinear,7,7,0.8023338317871094,1,False,0.009771986970684038,0.247557003257329,0.296875
19075,0,CF1,L3,0.3,bilinear,2,2,0.9879887104034424,1,False,0.006514657980456026,0.2280130293159609,0.2734375
8583,0,CF1,L3,0.3,bilinear,0,0,0.23219388723373413,1,False,0.003257328990228013,0.2671009771986971,0.3203125
2133,0,CF1,L3,0.3,bilinear,0,2,0.3255354166030884,0,False,0.016286644951140065,0.23127035830618892,0.27734375
1982,0,CF1,L3,0.3,bilinear,2,2,0.878678023815155,1,False,0.009771986970684038,0.250814332247557,0.30078125
950,0,CF1,L3,0.3,bilinear,8,8,0.42636990547180176,1,False,0.009771986970684038,0.26384364820846906,0.31640625
19563,0,CF1,L3,0.3,bilinear,4,4,0.9814060926437378,1,False,0.003257328990228013,0.2703583061889251,0.32421875
21023,0,CF1,L3,0.3,bilinear,6,6,0.9619472622871399,1,False,0.019543973941368076,0.21498371335504887,0.2578125
15687,0,CF1,L3,0.3,bilinear,0,0,0.7836117148399353,1,False,0.0,0.2768729641693811,0.33203125
6444,0,CF1,L3,0.3,bilinear,6,6,0.9560107588768005,1,False,0.003257328990228013,0.2280130293159609,0.2734375
15735,0,CF1,L3,0.3,bilinear,4,4,0.9988289475440979,1,False,0.016286644951140065,0.24429967426710097,0.29296875
10651,0,CF1,L3,0.3,bilinear,0,0,0.8091319799423218,1,False,0.003257328990228013,0.24429967426710097,0.29296875
13256,0,CF1,L3,0.3,bilinear,1,1,0.9996984004974365,1,False,0.009771986970684038,0.25732899022801303,0.30859375
16855,0,CF1,L3,0.3,bilinear,6,5,0.2913757860660553,0,False,0.009771986970684038,0.254071661237785,0.3046875
14884,0,CF1,L3,0.3,bilinear,9,9,0.9839911460876465,1,False,0.009771986970684038,0.2671009771986971,0.3203125
21884,0,CF1,L3,0.3,bilinear,6,6,0.8625100255012512,1,False,0.006514657980456026,0.2247557003257329,0.26953125
5078,0,CF1,L3,0.3,bilinear,3,3,0.5824134945869446,1,False,0.013029315960912053,0.254071661237785,0.3046875
20419,0,CF1,L3,0.3,bilinear,9,9,0.5412355661392212,1,False,0.009771986970684038,0.250814332247557,0.30078125
20521,0,CF1,L3,0.3,bilinear,5,5,0.9577432870864868,1,False,0.006514657980456026,0.23778501628664495,0.28515625
23257,0,CF1,L3,0.3,bilinear,5,5,0.8232167363166809,1,False,0.009771986970684038,0.31921824104234525,0.3828125
17190,0,CF1,L3,0.3,bilinear,2,2,0.9855666160583496,1,False,0.006514657980456026,0.2703583061889251,0.32421875
15631,0,CF1,L3,0.3,bilinear,8,8,0.9844751954078674,1,False,0.003257328990228013,0.2247557003257329,0.26953125
504,0,CF1,L3,0.3,bilinear,0,0,0.9799737930297852,1,False,0.013029315960912053,0.2247557003257329,0.26953125
14990,0,CF1,L3,0.3,bilinear,3,3,0.999495267868042,1,False,0.016286644951140065,0.23452768729641693,0.28125
24512,0,CF1,L3,0.3,bilinear,8,8,0.940921425819397,1,False,0.009771986970684038,0.250814332247557,0.30078125
23120,0,CF1,L3,0.3,bilinear,7,7,0.6937876343727112,1,False,0.006514657980456026,0.2182410423452769,0.26171875
3357,0,CF1,L3,0.3,bilinear,2,2,0.9970165491104126,1,False,0.016286644951140065,0.22149837133550487,0.265625
8088,0,CF1,L3,0.3,bilinear,1,1,0.957619845867157,1,False,0.016286644951140065,0.24104234527687296,0.2890625
21849,0,CF1,L3,0.3,bilinear,9,9,0.7199434041976929,1,False,0.009771986970684038,0.2703583061889251,0.32421875
13683,0,CF1,L3,0.3,bilinear,0,0,0.9951646327972412,1,False,0.009771986970684038,0.23778501628664495,0.28515625
22718,0,CF1,L3,0.3,bilinear,9,3,0.6496471762657166,0,False,0.013029315960912053,0.250814332247557,0.30078125
9927,0,CF1,L3,0.3,bilinear,4,4,0.8965701460838318,1,False,0.016286644951140065,0.24429967426710097,0.29296875
11425,0,CF1,L3,0.3,bilinear,0,0,0.9988008737564087,1,False,0.026058631921824105,0.247557003257329,0.296875
14578,0,CF1,L3,0.3,bilinear,0,0,0.8633512258529663,1,False,0.019543973941368076,0.2182410423452769,0.26171875
25481,0,CF1,L3,0.3,bilinear,8,8,0.5950832962989807,1,False,0.009771986970684038,0.250814332247557,0.30078125
11269,0,CF1,L3,0.3,bilinear,5,5,0.9974918365478516,1,False,0.009771986970684038,0.24429967426710097,0.29296875
12877,0,CF1,L3,0.3,bilinear,5,5,0.9566482305526733,1,False,0.006514657980456026,0.25732899022801303,0.30859375
22531,0,CF1,L3,0.3,bilinear,9,9,0.31154754757881165,1,False,0.016286644951140065,0.23778501628664495,0.28515625
13150,0,CF1,L3,0.3,bilinear,3,1,0.39451277256011963,0,False,0.006514657980456026,0.25732899022801303,0.30859375
5654,0,CF1,L3,0.3,bilinear,8,8,0.8390808701515198,1,False,0.016286644951140065,0.26384364820846906,0.31640625
1286,0,CF1,L3,0.3,bilinear,7,7,0.9952481389045715,1,False,0.009771986970684038,0.2703583061889251,0.32421875
1652,0,CF1,L3,0.3,bilinear,1,1,0.9999209642410278,1,False,0.016286644951140065,0.250814332247557,0.30078125
22335,0,CF1,L3,0.3,bilinear,2,2,0.9537610411643982,1,False,0.016286644951140065,0.2703583061889251,0.32421875
23848,0,CF1,L3,0.3,bilinear,3,3,0.9269207715988159,1,False,0.029315960912052116,0.2247557003257329,0.26953125
2892,0,CF1,L3,0.3,bilinear,6,6,0.9910622835159302,1,False,0.006514657980456026,0.2671009771986971,0.3203125
16530,0,CF1,L3,0.3,bilinear,8,8,0.893854022026062,1,False,0.009771986970684038,0.26384364820846906,0.31640625
12848,0,CF1,L3,0.3,bilinear,8,8,0.9909389019012451,1,False,0.016286644951140065,0.28664495114006516,0.34375
7330,0,CF1,L3,0.3,bilinear,7,7,0.9669970870018005,1,False,0.003257328990228013,0.250814332247557,0.30078125
3676,0,CF1,L3,0.3,bilinear,1,1,0.9410049915313721,1,False,0.013029315960912053,0.23778501628664495,0.28515625
19966,0,CF1,L3,0.3,bilinear,8,8,0.8703919053077698,1,False,0.016286644951140065,0.22149837133550487,0.265625
8382,0,CF1,L3,0.3,bilinear,5,6,0.7574275732040405,0,False,0.009771986970684038,0.250814332247557,0.30078125
19660,0,CF1,L3,0.3,bilinear,7,7,0.38504841923713684,1,False,0.0,0.2182410423452769,0.26171875
2508,0,CF1,L3,0.3,bilinear,9,9,0.8244471549987793,1,False,0.013029315960912053,0.22149837133550487,0.265625
2360,0,CF1,L3,0.3,bilinear,4,4,0.8047193884849548,1,False,0.009771986970684038,0.2280130293159609,0.2734375
16796,0,CF1,L3,0.3,bilinear,1,1,0.9995885491371155,1,False,0.013029315960912053,0.26058631921824105,0.3125
23426,0,CF1,L3,0.3,bilinear,9,0,0.3257198929786682,0,False,0.009771986970684038,0.20846905537459284,0.25
15590,0,CF1,L3,0.3,bilinear,2,9,0.8065267205238342,0,False,0.016286644951140065,0.254071661237785,0.3046875
6302,0,CF1,L3,0.3,bilinear,3,3,0.6904046535491943,1,False,0.019543973941368076,0.28664495114006516,0.34375
24519,0,CF1,L3,0.3,bilinear,7,7,0.7461461424827576,1,False,0.013029315960912053,0.23127035830618892,0.27734375
23276,0,CF1,L3,0.3,bilinear,2,2,0.6088025569915771,1,False,0.009771986970684038,0.2703583061889251,0.32421875
24566,0,CF1,L3,0.3,bilinear,8,8,0.9749200344085693,1,False,0.013029315960912053,0.18892508143322476,0.2265625
20978,0,CF1,L3,0.3,bilinear,1,4,0.8183760046958923,0,False,0.003257328990228013,0.26058631921824105,0.3125
8990,0,CF1,L3,0.3,bilinear,3,3,0.8896450400352478,1,False,0.013029315960912053,0.254071661237785,0.3046875
11061,0,CF1,L3,0.3,bilinear,7,7,0.8287175297737122,1,False,0.0,0.2182410423452769,0.26171875
7075,0,CF1,L3,0.3,bilinear,9,5,0.7966583967208862,0,False,0.013029315960912053,0.2280130293159609,0.2734375
17641,0,CF1,L3,0.3,bilinear,2,2,0.9998630285263062,1,False,0.016286644951140065,0.20846905537459284,0.25
12077,0,CF1,L3,0.3,bilinear,9,9,0.9993897676467896,1,False,0.009771986970684038,0.21172638436482086,0.25390625
1779,0,CF1,L3,0.3,bilinear,7,7,0.9973441958427429,1,False,0.026058631921824105,0.254071661237785,0.3046875
11519,0,CF1,L3,0.3,bilinear,4,4,0.8095389008522034,1,False,0.019543973941368076,0.250814332247557,0.30078125
8549,0,CF1,L3,0.3,bilinear,3,3,0.830348014831543,1,False,0.003257328990228013,0.21172638436482086,0.25390625
14623,0,CF1,L3,0.3,bilinear,6,6,0.39507555961608887,1,False,0.02280130293159609,0.250814332247557,0.30078125
10846,0,CF1,L3,0.3,bilinear,3,3,0.9981682300567627,1,False,0.006514657980456026,0.25732899022801303,0.30859375
16289,0,CF1,L3,0.3,bilinear,3,3,0.9361611604690552,1,False,0.006514657980456026,0.26058631921824105,0.3125
12311,0,CF1,L3,0.3,bilinear,8,8,0.8612354397773743,1,False,0.013029315960912053,0.2671009771986971,0.3203125
6068,0,CF1,L3,0.3,bilinear,8,8,0.8866946697235107,1,False,0.003257328990228013,0.25732899022801303,0.30859375
9629,0,CF1,L3,0.3,bilinear,6,6,0.7876452803611755,1,False,0.019543973941368076,0.23127035830618892,0.27734375
19560,0,CF1,L3,0.3,bilinear,3,9,0.5581034421920776,0,False,0.003257328990228013,0.250814332247557,0.30078125
10379,0,CF1,L3,0.3,bilinear,8,8,0.9626479744911194,1,False,0.0,0.2703583061889251,0.32421875
6499,0,CF1,L3,0.3,bilinear,9,6,0.8944258689880371,0,False,0.016286644951140065,0.24104234527687296,0.2890625
1159,0,CF1,L3,0.3,bilinear,0,0,0.9981254935264587,1,False,0.02280130293159609,0.2247557003257329,0.26953125
4366,0,CF1,L3,0.3,bilinear,7,7,0.9982516169548035,1,False,0.016286644951140065,0.28664495114006516,0.34375
8397,0,CF1,L3,0.3,bilinear,1,0,0.40337392687797546,0,False,0.02280130293159609,0.25732899022801303,0.30859375
20905,0,CF1,L3,0.3,bilinear,9,9,0.45129701495170593,1,False,0.009771986970684038,0.28664495114006516,0.34375
15746,0,CF1,L3,0.3,bilinear,5,5,0.9372944235801697,1,False,0.003257328990228013,0.254071661237785,0.3046875
9402,0,CF1,L3,0.3,bilinear,3,8,0.9292448163032532,0,False,0.006514657980456026,0.2736156351791531,0.328125
8164,0,CF1,L3,0.3,bilinear,2,0,0.559420108795166,0,False,0.016286644951140065,0.2671009771986971,0.3203125
510,0,CF1,L3,0.3,bilinear,5,5,0.8158488869667053,1,False,0.009771986970684038,0.24429967426710097,0.29296875
24070,0,CF1,L3,0.3,bilinear,9,1,0.6750923991203308,0,False,0.013029315960912053,0.30293159609120524,0.36328125
2401,0,CF1,L3,0.3,bilinear,4,4,0.9895765781402588,1,False,0.013029315960912053,0.254071661237785,0.3046875
12147,0,CF1,L3,0.3,bilinear,3,3,0.5871574878692627,1,False,0.013029315960912053,0.23127035830618892,0.27734375
14499,0,CF1,L3,0.3,bilinear,6,6,0.6737067699432373,1,False,0.003257328990228013,0.2671009771986971,0.3203125
3530,0,CF1,L3,0.3,bilinear,6,6,0.9961329698562622,1,False,0.026058631921824105,0.28013029315960913,0.3359375
14723,0,CF1,L3,0.3,bilinear,7,2,0.5257905721664429,0,False,0.003257328990228013,0.25732899022801303,0.30859375
4435,0,CF1,L3,0.3,bilinear,3,3,0.9605950713157654,1,False,0.009771986970684038,0.23778501628664495,0.28515625
22852,0,CF1,L3,0.3,bilinear,2,2,0.755854606628418,1,False,0.003257328990228013,0.23452768729641693,0.28125
8461,0,CF1,L3,0.3,bilinear,3,3,0.9991952776908875,1,False,0.009771986970684038,0.26058631921824105,0.3125
21972,0,CF1,L3,0.3,bilinear,7,7,0.9991052746772766,1,False,0.026058631921824105,0.28338762214983715,0.33984375
5410,0,CF1,L3,0.3,bilinear,4,4,0.9309657216072083,1,False,0.009771986970684038,0.26384364820846906,0.31640625
17754,0,CF1,L3,0.3,bilinear,6,6,0.9797695875167847,1,False,0.0,0.23452768729641693,0.28125
15311,0,CF1,L3,0.3,bilinear,2,2,0.9997439980506897,1,False,0.016286644951140065,0.22149837133550487,0.265625
15185,0,CF1,L3,0.3,bilinear,1,1,0.9687354564666748,1,False,0.006514657980456026,0.254071661237785,0.3046875
5663,0,CF1,L3,0.3,bilinear,4,4,0.7254263162612915,1,False,0.016286644951140065,0.28013029315960913,0.3359375
6247,0,CF1,L3,0.3,bilinear,6,6,0.9966540336608887,1,False,0.003257328990228013,0.24429967426710097,0.29296875
15287,0,CF1,L3,0.3,bilinear,0,4,0.5012782216072083,0,False,0.0,0.250814332247557,0.30078125
19902,0,CF1,L3,0.3,bilinear,0,0,0.9943065047264099,1,False,0.013029315960912053,0.2736156351791531,0.328125
25188,0,CF1,L3,0.3,bilinear,4,4,0.6799912452697754,1,False,0.003257328990228013,0.24104234527687296,0.2890625
11195,0,CF1,L3,0.3,bilinear,8,8,0.5713992118835449,1,False,0.006514657980456026,0.25732899022801303,0.30859375
4828,0,CF1,L3,0.3,bilinear,7,1,0.5630713105201721,0,False,0.009771986970684038,0.23778501628664495,0.28515625
23751,0,CF1,L3,0.3,bilinear,5,5,0.9422929883003235,1,False,0.013029315960912053,0.24104234527687296,0.2890625
9464,0,CF1,L3,0.3,bilinear,3,1,0.6011035442352295,0,False,0.006514657980456026,0.247557003257329,0.296875
25723,0,CF1,L3,0.3,bilinear,0,0,0.9909520149230957,1,False,0.013029315960912053,0.254071661237785,0.3046875
16859,0,CF1,L3,0.3,bilinear,5,5,0.983639121055603,1,False,0.006514657980456026,0.26384364820846906,0.31640625
3601,0,CF1,L3,0.3,bilinear,1,1,0.9990028738975525,1,False,0.013029315960912053,0.25732899022801303,0.30859375
11679,0,CF1,L3,0.3,bilinear,6,6,0.9824298620223999,1,False,0.006514657980456026,0.2671009771986971,0.3203125
12135,0,CF1,L3,0.3,bilinear,7,1,0.514959990978241,0,False,0.016286644951140065,0.20846905537459284,0.25
16329,0,CF1,L3,0.3,bilinear,1,1,0.7712966203689575,1,False,0.003257328990228013,0.23452768729641693,0.28125
94,0,CF1,L3,0.3,bilinear,4,4,0.4633128046989441,1,False,0.009771986970684038,0.26384364820846906,0.31640625
14517,0,CF1,L3,0.3,bilinear,9,5,0.5083199739456177,0,False,0.003257328990228013,0.2703583061889251,0.32421875
16852,0,CF1,L3,0.3,bilinear,3,3,0.9964190721511841,1,False,0.013029315960912053,0.2736156351791531,0.328125
6852,0,CF1,L3,0.3,bilinear,6,6,0.5342268943786621,1,False,0.016286644951140065,0.2182410423452769,0.26171875
24858,0,CF1,L3,0.3,bilinear,3,3,0.9845475554466248,1,False,0.013029315960912053,0.23127035830618892,0.27734375
297,0,CF1,L3,0.3,bilinear,9,9,0.8373605012893677,1,False,0.009771986970684038,0.250814332247557,0.30078125
12339,0,CF1,L3,0.3,bilinear,2,2,0.999772846698761,1,False,0.006514657980456026,0.23778501628664495,0.28515625
20811,0,CF1,L3,0.3,bilinear,8,8,0.9495339393615723,1,False,0.006514657980456026,0.2768729641693811,0.33203125
12439,0,CF1,L3,0.3,bilinear,5,5,0.8756632804870605,1,False,0.009771986970684038,0.22149837133550487,0.265625
16632,0,CF1,L3,0.3,bilinear,9,0,0.9455459713935852,0,False,0.013029315960912053,0.2280130293159609,0.2734375
5798,0,CF1,L3,0.3,bilinear,4,4,0.42540016770362854,1,False,0.019543973941368076,0.24104234527687296,0.2890625
18458,0,CF1,L3,0.3,bilinear,3,3,0.9758310914039612,1,False,0.009771986970684038,0.23127035830618892,0.27734375
6105,0,CF1,L3,0.3,bilinear,5,5,0.9131649136543274,1,False,0.019543973941368076,0.28664495114006516,0.34375
10321,0,CF1,L3,0.3,bilinear,6,6,0.9343263506889343,1,False,0.009771986970684038,0.26058631921824105,0.3125
21771,0,CF1,L3,0.3,bilinear,7,7,0.9894591569900513,1,False,0.006514657980456026,0.247557003257329,0.296875
22194,0,CF1,L3,0.3,bilinear,0,0,0.9889995455741882,1,False,0.009771986970684038,0.2964169381107492,0.35546875
6,0,CF1,L3,0.3,bilinear,9,9,0.7238645553588867,1,False,0.013029315960912053,0.28013029315960913,0.3359375
912,0,CF1,L3,0.3,bilinear,7,7,0.9816544055938721,1,False,0.006514657980456026,0.23127035830618892,0.27734375
16910,0,CF1,L3,0.3,bilinear,5,5,0.8895799517631531,1,False,0.016286644951140065,0.19218241042345277,0.23046875
18738,0,CF1,L3,0.3,bilinear,7,7,0.998397171497345,1,False,0.016286644951140065,0.26058631921824105,0.3125
18020,0,CF1,L3,0.3,bilinear,9,9,0.9273045063018799,1,False,0.02280130293159609,0.24429967426710097,0.29296875
3462,0,CF1,L3,0.3,bilinear,8,8,0.3743494153022766,1,False,0.006514657980456026,0.24429967426710097,0.29296875
5696,0,CF1,L3,0.3,bilinear,1,0,0.29768192768096924,0,False,0.009771986970684038,0.2996742671009772,0.359375
15066,0,CF1,L3,0.3,bilinear,3,3,0.9809953570365906,1,False,0.019543973941368076,0.23778501628664495,0.28515625
10653,0,CF1,L3,0.3,bilinear,9,9,0.7757770419120789,1,False,0.016286644951140065,0.26384364820846906,0.31640625
13337,0,CF1,L3,0.3,bilinear,2,2,0.9999774694442749,1,False,0.006514657980456026,0.2671009771986971,0.3203125
12340,0,CF1,L3,0.3,bilinear,5,5,0.9953346848487854,1,False,0.006514657980456026,0.254071661237785,0.3046875
9536,0,CF1,L3,0.3,bilinear,0,0,0.9992665648460388,1,False,0.006514657980456026,0.24429967426710097,0.29296875
3566,0,CF1,L3,0.3,bilinear,4,4,0.5969151258468628,1,False,0.003257328990228013,0.23127035830618892,0.27734375
20090,0,CF1,L3,0.3,bilinear,4,4,0.9390213489532471,1,False,0.0,0.2280130293159609,0.2734375
211,0,CF1,L3,0.3,bilinear,0,0,0.950310230255127,1,False,0.016286644951140065,0.2280130293159609,0.2734375
55,0,CF1,L3,0.3,bilinear,8,6,0.7406677603721619,0,False,0.006514657980456026,0.23778501628664495,0.28515625
1477,0,CF1,L3,0.3,bilinear,2,5,0.3774398863315582,0,False,0.006514657980456026,0.2703583061889251,0.32421875
25898,0,CF1,L3,0.3,bilinear,0,6,0.8654948472976685,0,False,0.0,0.250814332247557,0.30078125
25713,0,CF1,L3,0.3,bilinear,0,0,0.6952523589134216,1,False,0.013029315960912053,0.26058631921824105,0.3125
18055,0,CF1,L3,0.3,bilinear,3,3,0.9966433048248291,1,False,0.013029315960912053,0.23452768729641693,0.28125
17461,0,CF1,L3,0.3,bilinear,3,3,0.9419108629226685,1,False,0.02280130293159609,0.2964169381107492,0.35546875
14237,0,CF1,L3,0.3,bilinear,7,7,0.7098790407180786,1,False,0.009771986970684038,0.2768729641693811,0.33203125
13858,0,CF1,L3,0.3,bilinear,1,1,0.9982482194900513,1,False,0.006514657980456026,0.23127035830618892,0.27734375
12386,0,CF1,L3,0.3,bilinear,5,5,0.7261323928833008,1,False,0.013029315960912053,0.2736156351791531,0.328125
7223,0,CF1,L3,0.3,bilinear,9,9,0.9896857142448425,1,False,0.019543973941368076,0.25732899022801303,0.30859375
3153,0,CF1,L3,0.3,bilinear,5,5,0.7273057103157043,1,False,0.009771986970684038,0.2768729641693811,0.33203125
23265,0,CF1,L3,0.3,bilinear,8,8,0.728643000125885,1,False,0.009771986970684038,0.22149837133550487,0.265625
9465,0,CF1,L3,0.3,bilinear,0,0,0.5368292331695557,1,False,0.016286644951140065,0.23452768729641693,0.28125
7419,0,CF1,L3,0.3,bilinear,0,0,0.9984009861946106,1,False,0.006514657980456026,0.250814332247557,0.30078125
4722,0,CF1,L3,0.3,bilinear,6,6,0.7804390788078308,1,False,0.019543973941368076,0.247557003257329,0.296875
23448,0,CF1,L3,0.3,bilinear,6,0,0.8855860233306885,0,False,0.003257328990228013,0.28013029315960913,0.3359375
8222,0,CF1,L3,0.3,bilinear,2,2,0.969480574131012,1,False,0.0,0.24104234527687296,0.2890625
20898,0,CF1,L3,0.3,bilinear,8,8,0.9794541001319885,1,False,0.009771986970684038,0.24429967426710097,0.29296875
23313,0,CF1,L3,0.3,bilinear,2,2,0.999051034450531,1,False,0.013029315960912053,0.20521172638436483,0.24609375
13426,0,CF1,L3,0.3,bilinear,2,2,0.9898579716682434,1,False,0.013029315960912053,0.26058631921824105,0.3125
25136,0,CF1,L3,0.3,bilinear,4,4,0.9999309778213501,1,False,0.009771986970684038,0.20846905537459284,0.25
9268,0,CF1,L3,0.3,bilinear,4,4,0.9986904263496399,1,False,0.009771986970684038,0.26058631921824105,0.3125
3892,0,CF1,L3,0.3,bilinear,1,1,0.9995661377906799,1,False,0.013029315960912053,0.20846905537459284,0.25
4115,0,CF1,L3,0.3,bilinear,3,0,0.6062310338020325,0,False,0.006514657980456026,0.247557003257329,0.296875
5166,0,CF1,L3,0.3,bilinear,7,7,0.9954546689987183,1,False,0.006514657980456026,0.2671009771986971,0.3203125
14984,0,CF1,L3,0.3,bilinear,3,9,0.41751721501350403,0,False,0.006514657980456026,0.2736156351791531,0.328125
10520,0,CF1,L3,0.3,bilinear,1,1,0.8552759289741516,1,False,0.006514657980456026,0.2280130293159609,0.2734375
4379,0,CF1,L3,0.3,bilinear,2,2,0.9999442100524902,1,False,0.016286644951140065,0.24429967426710097,0.29296875
8937,0,CF1,L3,0.3,bilinear,1,1,0.9882340431213379,1,False,0.009771986970684038,0.25732899022801303,0.30859375
17550,0,CF1,L3,0.3,bilinear,9,9,0.9988278746604919,1,False,0.0,0.2736156351791531,0.328125
19085,0,CF1,L3,0.3,bilinear,9,9,0.9804186224937439,1,False,0.0,0.23452768729641693,0.28125
17902,0,CF1,L3,0.3,bilinear,6,6,0.7274814248085022,1,False,0.003257328990228013,0.254071661237785,0.3046875
14780,0,CF1,L3,0.3,bilinear,8,3,0.6412734389305115,0,False,0.009771986970684038,0.24429967426710097,0.29296875
8401,0,CF1,L3,0.3,bilinear,0,0,0.9935779571533203,1,False,0.009771986970684038,0.254071661237785,0.3046875
11230,0,CF1,L3,0.3,bilinear,2,2,0.9780754446983337,1,False,0.003257328990228013,0.254071661237785,0.3046875
1772,0,CF1,L3,0.3,bilinear,3,3,0.9932500123977661,1,False,0.006514657980456026,0.250814332247557,0.30078125
13326,0,CF1,L3,0.3,bilinear,4,4,0.99958735704422,1,False,0.006514657980456026,0.2280130293159609,0.2734375
15230,0,CF1,L3,0.3,bilinear,5,2,0.8604457974433899,0,False,0.003257328990228013,0.2931596091205212,0.3515625
20557,0,CF1,L3,0.3,bilinear,0,0,0.9935365319252014,1,False,0.006514657980456026,0.28338762214983715,0.33984375
9555,0,CF1,L3,0.3,bilinear,1,1,0.9989631175994873,1,False,0.006514657980456026,0.25732899022801303,0.30859375
3667,0,CF1,L3,0.3,bilinear,6,6,0.962184488773346,1,False,0.003257328990228013,0.247557003257329,0.296875
5316,0,CF1,L3,0.3,bilinear,5,5,0.8637838959693909,1,False,0.0,0.21172638436482086,0.25390625
3606,0,CF1,L3,0.3,bilinear,5,5,0.3777523338794708,1,False,0.003257328990228013,0.28664495114006516,0.34375
25776,0,CF1,L3,0.3,bilinear,6,6,0.9674268960952759,1,False,0.013029315960912053,0.247557003257329,0.296875
22231,0,CF1,L3,0.3,bilinear,1,1,0.9997382760047913,1,False,0.003257328990228013,0.28013029315960913,0.3359375
10855,0,CF1,L3,0.3,bilinear,7,7,0.9994044303894043,1,False,0.013029315960912053,0.20846905537459284,0.25
130,0,CF1,L3,0.3,bilinear,6,6,0.9991199374198914,1,False,0.009771986970684038,0.22149837133550487,0.265625
434,0,CF1,L3,0.3,bilinear,8,8,0.44341009855270386,1,False,0.013029315960912053,0.2182410423452769,0.26171875
5308,0,CF1,L3,0.3,bilinear,5,9,0.2688559591770172,0,False,0.013029315960912053,0.2736156351791531,0.328125
17682,0,CF1,L3,0.3,bilinear,4,4,0.46443718671798706,1,False,0.006514657980456026,0.26058631921824105,0.3125
16682,0,CF1,L3,0.3,bilinear,8,8,0.9365066885948181,1,False,0.02280130293159609,0.2182410423452769,0.26171875
12660,0,CF1,L3,0.3,bilinear,5,5,0.9575936794281006,1,False,0.006514657980456026,0.2703583061889251,0.32421875
21362,0,CF1,L3,0.3,bilinear,5,5,0.9951379895210266,1,False,0.003257328990228013,0.24429967426710097,0.29296875
15483,0,CF1,L3,0.3,bilinear,4,4,0.8609378337860107,1,False,0.006514657980456026,0.26384364820846906,0.31640625
5289,0,CF1,L3,0.3,bilinear,5,5,0.4147985577583313,1,False,0.009771986970684038,0.24429967426710097,0.29296875
19757,0,CF1,L3,0.3,bilinear,1,1,0.9973137974739075,1,False,0.006514657980456026,0.23127035830618892,0.27734375
6799,0,CF1,L3,0.3,bilinear,2,2,0.9944068193435669,1,False,0.016286644951140065,0.24429967426710097,0.29296875
18871,0,CF1,L3,0.3,bilinear,2,2,0.9991862177848816,1,False,0.009771986970684038,0.25732899022801303,0.30859375
4740,0,CF1,L3,0.3,bilinear,3,3,0.9300054311752319,1,False,0.026058631921824105,0.2671009771986971,0.3203125
14926,0,CF1,L3,0.3,bilinear,5,5,0.9416186213493347,1,False,0.003257328990228013,0.2182410423452769,0.26171875
3549,0,CF1,L3,0.3,bilinear,4,4,0.7300429344177246,1,False,0.019543973941368076,0.2736156351791531,0.328125
13336,0,CF1,L3,0.3,bilinear,9,9,0.4908521771430969,1,False,0.003257328990228013,0.23778501628664495,0.28515625
8302,0,CF1,L3,0.3,bilinear,3,2,0.517227292060852,0,False,0.019543973941368076,0.25732899022801303,0.30859375
19884,0,CF1,L3,0.3,bilinear,8,8,0.6861035227775574,1,False,0.02280130293159609,0.26058631921824105,0.3125
6927,0,CF1,L3,0.3,bilinear,1,1,0.9715438485145569,1,False,0.009771986970684038,0.25732899022801303,0.30859375
15277,0,CF1,L3,0.3,bilinear,6,6,0.986088216304779,1,False,0.013029315960912053,0.1986970684039088,0.23828125
20278,0,CF1,L3,0.3,bilinear,3,3,0.9496035575866699,1,False,0.016286644951140065,0.250814332247557,0.30078125
654,0,CF1,L3,0.3,bilinear,8,8,0.9618136882781982,1,False,0.003257328990228013,0.254071661237785,0.3046875
19020,0,CF1,L3,0.3,bilinear,0,0,0.9688400030136108,1,False,0.009771986970684038,0.247557003257329,0.296875
25403,0,CF1,L3,0.3,bilinear,3,3,0.8487238883972168,1,False,0.003257328990228013,0.2671009771986971,0.3203125
1745,0,CF1,L3,0.3,bilinear,8,8,0.9121989607810974,1,False,0.013029315960912053,0.247557003257329,0.296875
10726,0,CF1,L3,0.3,bilinear,4,4,0.957944929599762,1,False,0.016286644951140065,0.2899022801302932,0.34765625
23431,0,CF1,L3,0.3,bilinear,4,4,0.9997937083244324,1,False,0.016286644951140065,0.28013029315960913,0.3359375
231,0,CF1,L3,0.3,bilinear,5,5,0.9947709441184998,1,False,0.016286644951140065,0.2703583061889251,0.32421875
20678,0,CF1,L3,0.3,bilinear,7,7,0.9660108089447021,1,False,0.016286644951140065,0.2768729641693811,0.33203125
15851,0,CF1,L3,0.3,bilinear,1,1,0.9983944296836853,1,False,0.009771986970684038,0.254071661237785,0.3046875
24015,0,CF1,L3,0.3,bilinear,0,0,0.9999340772628784,1,False,0.009771986970684038,0.254071661237785,0.3046875
1082,0,CF1,L3,0.3,bilinear,6,6,0.5027676224708557,1,False,0.019543973941368076,0.2671009771986971,0.3203125
5573,0,CF1,L3,0.3,bilinear,8,8,0.38496261835098267,1,False,0.019543973941368076,0.26384364820846906,0.31640625
11289,0,CF1,L3,0.3,bilinear,1,1,0.9997574687004089,1,False,0.006514657980456026,0.2736156351791531,0.328125
1751,0,CF1,L3,0.3,bilinear,0,0,0.5451769232749939,1,False,0.0,0.25732899022801303,0.30859375
4594,0,CF1,L3,0.3,bilinear,6,6,0.9869329333305359,1,False,0.009771986970684038,0.2280130293159609,0.2734375
21127,0,CF1,L3,0.3,bilinear,8,8,0.982014000415802,1,False,0.009771986970684038,0.26058631921824105,0.3125
12370,0,CF1,L3,0.3,bilinear,4,4,0.9403982162475586,1,False,0.006514657980456026,0.26058631921824105,0.3125
4125,0,CF1,L3,0.3,bilinear,6,6,0.9980247020721436,1,False,0.003257328990228013,0.24429967426710097,0.29296875
11008,0,CF1,L3,0.3,bilinear,1,1,0.991280734539032,1,False,0.013029315960912053,0.250814332247557,0.30078125
23395,0,CF1,L3,0.3,bilinear,7,7,0.9886462688446045,1,False,0.009771986970684038,0.23127035830618892,0.27734375
3080,0,CF1,L3,0.3,bilinear,3,3,0.992531955242157,1,False,0.0,0.26384364820846906,0.31640625
22400,0,CF1,L3,0.3,bilinear,0,0,0.9999815225601196,1,False,0.026058631921824105,0.24429967426710097,0.29296875
22514,0,CF1,L3,0.3,bilinear,1,1,0.9676084518432617,1,False,0.006514657980456026,0.21172638436482086,0.25390625
15137,0,CF1,L3,0.3,bilinear,0,0,0.9972621202468872,1,False,0.009771986970684038,0.25732899022801303,0.30859375
6681,0,CF1,L3,0.3,bilinear,0,0,0.9959795475006104,1,False,0.016286644951140065,0.2703583061889251,0.32421875
5219,0,CF1,L3,0.3,bilinear,5,5,0.36306342482566833,1,False,0.016286644951140065,0.25732899022801303,0.30859375
2355,0,CF1,L3,0.3,bilinear,2,2,0.8477777242660522,1,False,0.019543973941368076,0.23452768729641693,0.28125
4674,0,CF1,L3,0.3,bilinear,5,3,0.5754704475402832,0,False,0.006514657980456026,0.23452768729641693,0.28125
14575,0,CF1,L3,0.3,bilinear,1,1,0.9999994039535522,1,False,0.009771986970684038,0.2899022801302932,0.34765625
6563,0,CF1,L3,0.3,bilinear,5,5,0.9207824468612671,1,False,0.019543973941368076,0.21498371335504887,0.2578125
17492,0,CF1,L3,0.3,bilinear,9,9,0.5662971138954163,1,False,0.006514657980456026,0.250814332247557,0.30078125
15770,0,CF1,L3,0.3,bilinear,7,7,0.9893437623977661,1,False,0.003257328990228013,0.2182410423452769,0.26171875
20830,0,CF1,L3,0.3,bilinear,1,1,0.9986169338226318,1,False,0.013029315960912053,0.24429967426710097,0.29296875
1777,0,CF1,L3,0.3,bilinear,2,2,0.9989213943481445,1,False,0.009771986970684038,0.247557003257329,0.296875
21617,0,CF1,L3,0.3,bilinear,7,7,0.998143196105957,1,False,0.013029315960912053,0.26384364820846906,0.31640625
21293,0,CF1,L3,0.3,bilinear,4,6,0.2824189364910126,0,False,0.006514657980456026,0.28013029315960913,0.3359375
14504,0,CF1,L3,0.3,bilinear,0,3,0.4037724733352661,0,False,0.006514657980456026,0.28013029315960913,0.3359375
21236,0,CF1,L3,0.3,bilinear,7,7,0.9892429113388062,1,False,0.0,0.247557003257329,0.296875
18558,0,CF1,L3,0.3,bilinear,4,4,0.9925986528396606,1,False,0.016286644951140065,0.247557003257329,0.296875
22916,0,CF1,L3,0.3,bilinear,8,8,0.6313768625259399,1,False,0.02280130293159609,0.20195439739413681,0.2421875
18760,0,CF1,L3,0.3,bilinear,6,2,0.9199926257133484,0,False,0.013029315960912053,0.28338762214983715,0.33984375
17389,0,CF1,L3,0.3,bilinear,8,8,0.8600254058837891,1,False,0.006514657980456026,0.2736156351791531,0.328125
13155,0,CF1,L3,0.3,bilinear,8,8,0.4327682852745056,1,False,0.006514657980456026,0.2280130293159609,0.2734375
13999,0,CF1,L3,0.3,bilinear,5,5,0.9592632055282593,1,False,0.003257328990228013,0.25732899022801303,0.30859375
10265,0,CF1,L3,0.3,bilinear,8,8,0.9626041650772095,1,False,0.006514657980456026,0.254071661237785,0.3046875
17239,0,CF1,L3,0.3,bilinear,2,2,0.9999089241027832,1,False,0.006514657980456026,0.254071661237785,0.3046875
6288,0,CF1,L3,0.3,bilinear,3,3,0.5403761267662048,1,False,0.0,0.24104234527687296,0.2890625
11514,0,CF1,L3,0.3,bilinear,6,6,0.7146385908126831,1,False,0.0,0.25732899022801303,0.30859375
23652,0,CF1,L3,0.3,bilinear,1,1,0.9997325539588928,1,False,0.006514657980456026,0.28013029315960913,0.3359375
11939,0,CF1,L3,0.3,bilinear,6,6,0.9970312118530273,1,False,0.016286644951140065,0.2247557003257329,0.26953125
2174,0,CF1,L3,0.3,bilinear,7,7,0.9098300933837891,1,False,0.013029315960912053,0.24429967426710097,0.29296875
15441,0,CF1,L3,0.3,bilinear,4,4,0.9938051700592041,1,False,0.006514657980456026,0.247557003257329,0.296875
12260,0,CF1,L3,0.3,bilinear,1,1,0.9688632488250732,1,False,0.026058631921824105,0.24104234527687296,0.2890625
25046,0,CF1,L3,0.3,bilinear,6,6,0.9349080324172974,1,False,0.006514657980456026,0.2736156351791531,0.328125
13958,0,CF1,L3,0.3,bilinear,9,9,0.43234625458717346,1,False,0.019543973941368076,0.26384364820846906,0.31640625
20974,0,CF1,L3,0.3,bilinear,8,8,0.7542980313301086,1,False,0.02280130293159609,0.21172638436482086,0.25390625
10626,0,CF1,L3,0.3,bilinear,6,6,0.9048516154289246,1,False,0.009771986970684038,0.24429967426710097,0.29296875
22545,0,CF1,L3,0.3,bilinear,5,5,0.798930823802948,1,False,0.009771986970684038,0.28664495114006516,0.34375
20288,0,CF1,L3,0.3,bilinear,5,5,0.5457125902175903,1,False,0.006514657980456026,0.250814332247557,0.30078125
13790,0,CF1,L3,0.3,bilinear,7,7,0.9983958601951599,1,False,0.006514657980456026,0.24104234527687296,0.2890625
2817,0,CF1,L3,0.3,bilinear,4,4,0.8077405095100403,1,False,0.006514657980456026,0.25732899022801303,0.30859375
8344,0,CF1,L3,0.3,bilinear,4,4,0.9981411695480347,1,False,0.013029315960912053,0.2671009771986971,0.3203125
11708,0,CF1,L3,0.3,bilinear,1,1,0.9997439980506897,1,False,0.02280130293159609,0.28338762214983715,0.33984375
2379,0,CF1,L3,0.3,bilinear,1,1,0.9676011800765991,1,False,0.016286644951140065,0.2182410423452769,0.26171875
23602,0,CF1,L3,0.3,bilinear,2,2,0.9899481534957886,1,False,0.013029315960912053,0.250814332247557,0.30078125
24357,0,CF1,L3,0.3,bilinear,8,6,0.5281633734703064,0,False,0.013029315960912053,0.254071661237785,0.3046875
16783,0,CF1,L3,0.3,bilinear,4,4,0.9921414852142334,1,False,0.016286644951140065,0.24429967426710097,0.29296875
11723,0,CF1,L3,0.3,bilinear,9,9,0.9935833811759949,1,False,0.013029315960912053,0.24104234527687296,0.2890625
5140,0,CF1,L3,0.3,bilinear,5,5,0.9712066650390625,1,False,0.0,0.2703583061889251,0.32421875
14563,0,CF1,L3,0.3,bilinear,1,1,0.9999265670776367,1,False,0.009771986970684038,0.2736156351791531,0.328125
11905,0,CF1,L3,0.3,bilinear,7,7,0.4871097207069397,1,False,0.003257328990228013,0.28013029315960913,0.3359375
4657,0,CF1,L3,0.3,bilinear,5,5,0.965210497379303,1,False,0.006514657980456026,0.26384364820846906,0.31640625
9888,0,CF1,L3,0.3,bilinear,7,7,0.9949644804000854,1,False,0.013029315960912053,0.24104234527687296,0.2890625
22827,0,CF1,L3,0.3,bilinear,6,6,0.830551028251648,1,False,0.019543973941368076,0.23127035830618892,0.27734375
23911,0,CF1,L3,0.3,bilinear,7,7,0.9978808760643005,1,False,0.009771986970684038,0.22149837133550487,0.265625
968,0,CF1,L3,0.3,bilinear,3,3,0.836247444152832,1,False,0.0,0.24104234527687296,0.2890625
18416,0,CF1,L3,0.3,bilinear,2,2,0.9699273705482483,1,False,0.006514657980456026,0.23778501628664495,0.28515625
15166,0,CF1,L3,0.3,bilinear,7,7,0.990006148815155,1,False,0.0,0.26384364820846906,0.31640625
15537,0,CF1,L3,0.3,bilinear,6,5,0.3496648073196411,0,False,0.009771986970684038,0.2182410423452769,0.26171875
112,0,CF1,L3,0.3,bilinear,6,6,0.9448030591011047,1,False,0.013029315960912053,0.254071661237785,0.3046875
9754,0,CF1,L3,0.3,bilinear,8,8,0.9877490401268005,1,False,0.006514657980456026,0.23778501628664495,0.28515625
3827,0,CF1,L3,0.3,bilinear,1,1,0.9944695234298706,1,False,0.016286644951140065,0.254071661237785,0.3046875
16427,0,CF1,L3,0.3,bilinear,8,8,0.935215175151825,1,False,0.006514657980456026,0.2736156351791531,0.328125
4853,0,CF1,L3,0.3,bilinear,8,1,0.5436910390853882,0,False,0.016286644951140065,0.2247557003257329,0.26953125
5025,0,CF1,L3,0.3,bilinear,8,1,0.3803713321685791,0,False,0.003257328990228013,0.2280130293159609,0.2734375
5497,0,CF1,L3,0.3,bilinear,5,5,0.7253336310386658,1,False,0.02280130293159609,0.250814332247557,0.30078125
415,0,CF1,L3,0.3,bilinear,5,5,0.8739584684371948,1,False,0.009771986970684038,0.24429967426710097,0.29296875
6055,0,CF1,L3,0.3,bilinear,2,2,0.9999388456344604,1,False,0.006514657980456026,0.26058631921824105,0.3125
4242,0,CF1,L3,0.3,bilinear,6,5,0.7266014814376831,0,False,0.006514657980456026,0.250814332247557,0.30078125
16007,0,CF1,L3,0.3,bilinear,3,3,0.9952232241630554,1,False,0.006514657980456026,0.26058631921824105,0.3125
16184,0,CF1,L3,0.3,bilinear,6,6,0.9116725325584412,1,False,0.009771986970684038,0.26058631921824105,0.3125
15180,0,CF1,L3,0.3,bilinear,2,2,0.6875781416893005,1,False,0.016286644951140065,0.2182410423452769,0.26171875
16402,0,CF1,L3,0.3,bilinear,3,3,0.9993021488189697,1,False,0.016286644951140065,0.2280130293159609,0.2734375
12883,0,CF1,L3,0.3,bilinear,7,7,0.9803339838981628,1,False,0.016286644951140065,0.2899022801302932,0.34765625
12596,0,CF1,L3,0.3,bilinear,2,2,0.9999626874923706,1,False,0.013029315960912053,0.24104234527687296,0.2890625
13383,0,CF1,L3,0.3,bilinear,0,0,0.9996209144592285,1,False,0.006514657980456026,0.21498371335504887,0.2578125
17140,0,CF1,L3,0.3,bilinear,0,0,0.9894290566444397,1,False,0.013029315960912053,0.23778501628664495,0.28515625
11249,0,CF1,L3,0.3,bilinear,7,7,0.9801344275474548,1,False,0.009771986970684038,0.24104234527687296,0.2890625
2927,0,CF1,L3,0.3,bilinear,3,3,0.9398561716079712,1,False,0.013029315960912053,0.24429967426710097,0.29296875
13380,0,CF1,L3,0.3,bilinear,3,3,0.9452148675918579,1,False,0.009771986970684038,0.2768729641693811,0.33203125
24593,0,CF1,L3,0.3,bilinear,5,5,0.9776536822319031,1,False,0.009771986970684038,0.247557003257329,0.296875
14507,0,CF1,L3,0.3,bilinear,8,3,0.38638266921043396,0,False,0.016286644951140065,0.23452768729641693,0.28125
9355,0,CF1,L3,0.3,bilinear,8,8,0.7792671918869019,1,False,0.009771986970684038,0.24104234527687296,0.2890625
3943,0,CF1,L3,0.3,bilinear,3,3,0.8115235567092896,1,False,0.009771986970684038,0.25732899022801303,0.30859375
4913,0,CF1,L3,0.3,bilinear,4,4,0.9898096323013306,1,False,0.013029315960912053,0.26058631921824105,0.3125
23440,0,CF1,L3,0.3,bilinear,4,4,0.43694955110549927,1,False,0.02280130293159609,0.20521172638436483,0.24609375
19289,0,CF1,L3,0.3,bilinear,7,7,0.9830647110939026,1,False,0.019543973941368076,0.23778501628664495,0.28515625
17841,0,CF1,L3,0.3,bilinear,6,6,0.9783450365066528,1,False,0.0,0.250814332247557,0.30078125
18139,0,CF1,L3,0.3,bilinear,0,0,0.9473660588264465,1,False,0.016286644951140065,0.2247557003257329,0.26953125
18549,0,CF1,L3,0.3,bilinear,7,7,0.999798595905304,1,False,0.016286644951140065,0.28013029315960913,0.3359375
7215,0,CF1,L3,0.3,bilinear,7,7,0.999990701675415,1,False,0.016286644951140065,0.25732899022801303,0.30859375
10574,0,CF1,L3,0.3,bilinear,7,7,0.6408814787864685,1,False,0.009771986970684038,0.24429967426710097,0.29296875
10329,0,CF1,L3,0.3,bilinear,7,7,0.5249841213226318,1,False,0.003257328990228013,0.23778501628664495,0.28515625
21502,0,CF1,L3,0.3,bilinear,4,4,0.982585072517395,1,False,0.013029315960912053,0.20846905537459284,0.25
1209,0,CF1,L3,0.3,bilinear,8,8,0.7168205976486206,1,False,0.013029315960912053,0.247557003257329,0.296875
22202,0,CF1,L3,0.3,bilinear,6,6,0.9536261558532715,1,False,0.016286644951140065,0.2703583061889251,0.32421875
12914,0,CF1,L3,0.3,bilinear,2,2,0.8903442621231079,1,False,0.016286644951140065,0.25732899022801303,0.30859375
23477,0,CF1,L3,0.3,bilinear,6,6,0.9197092056274414,1,False,0.016286644951140065,0.2703583061889251,0.32421875
13286,0,CF1,L3,0.3,bilinear,5,5,0.8330148458480835,1,False,0.006514657980456026,0.254071661237785,0.3046875
24957,0,CF1,L3,0.3,bilinear,2,2,0.9992629885673523,1,False,0.003257328990228013,0.23452768729641693,0.28125
23215,0,CF1,L3,0.3,bilinear,9,9,0.8398677110671997,1,False,0.013029315960912053,0.24429967426710097,0.29296875
8171,0,CF1,L3,0.3,bilinear,3,3,0.7895013093948364,1,False,0.003257328990228013,0.23778501628664495,0.28515625
13427,0,CF1,L3,0.3,bilinear,4,4,0.990746021270752,1,False,0.019543973941368076,0.22149837133550487,0.265625
1985,0,CF1,L3,0.3,bilinear,9,9,0.9350995421409607,1,False,0.013029315960912053,0.22149837133550487,0.265625
19607,0,CF1,L3,0.3,bilinear,1,1,0.8185500502586365,1,False,0.009771986970684038,0.2280130293159609,0.2734375
15138,0,CF1,L3,0.3,bilinear,4,4,0.9035906791687012,1,False,0.006514657980456026,0.26058631921824105,0.3125
18496,0,CF1,L3,0.3,bilinear,3,3,0.9955633878707886,1,False,0.006514657980456026,0.21498371335504887,0.2578125
11341,0,CF1,L3,0.3,bilinear,5,5,0.7065004110336304,1,False,0.016286644951140065,0.28664495114006516,0.34375
3210,0,CF1,L3,0.3,bilinear,6,5,0.49689751863479614,0,False,0.003257328990228013,0.30293159609120524,0.36328125
9044,0,CF1,L3,0.3,bilinear,3,3,0.9730379581451416,1,False,0.009771986970684038,0.21172638436482086,0.25390625
1784,0,CF1,L3,0.3,bilinear,1,1,0.7268571853637695,1,False,0.009771986970684038,0.2247557003257329,0.26953125
20687,0,CF1,L3,0.3,bilinear,7,7,0.9970685839653015,1,False,0.006514657980456026,0.250814332247557,0.30078125
21479,0,CF1,L3,0.3,bilinear,1,1,0.9997233748435974,1,False,0.019543973941368076,0.254071661237785,0.3046875
4465,0,CF1,L3,0.3,bilinear,7,7,0.999188244342804,1,False,0.013029315960912053,0.254071661237785,0.3046875
8098,0,CF1,L3,0.3,bilinear,3,3,0.9999973773956299,1,False,0.003257328990228013,0.24104234527687296,0.2890625
1105,0,CF1,L3,0.3,bilinear,1,1,0.9944129586219788,1,False,0.009771986970684038,0.247557003257329,0.296875
24036,0,CF1,L3,0.3,bilinear,0,0,0.9984020590782166,1,False,0.013029315960912053,0.21172638436482086,0.25390625
24825,0,CF1,L3,0.3,bilinear,1,1,0.999993085861206,1,False,0.006514657980456026,0.254071661237785,0.3046875
20081,0,CF1,L3,0.3,bilinear,4,4,0.7229228615760803,1,False,0.006514657980456026,0.247557003257329,0.296875
11780,0,CF1,L3,0.3,bilinear,5,5,0.7521953582763672,1,False,0.013029315960912053,0.254071661237785,0.3046875
18228,0,CF1,L3,0.3,bilinear,2,2,0.802838146686554,1,False,0.019543973941368076,0.2703583061889251,0.32421875
4363,0,CF1,L3,0.3,bilinear,4,4,0.9984362721443176,1,False,0.003257328990228013,0.247557003257329,0.296875
10210,0,CF1,L3,0.3,bilinear,7,1,0.8273770809173584,0,False,0.006514657980456026,0.23778501628664495,0.28515625
7005,0,CF1,L3,0.3,bilinear,2,2,0.9988435506820679,1,False,0.006514657980456026,0.254071661237785,0.3046875
7071,0,CF1,L3,0.3,bilinear,3,3,0.7037671804428101,1,False,0.009771986970684038,0.250814332247557,0.30078125
25299,0,CF1,L3,0.3,bilinear,4,4,0.9852302670478821,1,False,0.006514657980456026,0.23452768729641693,0.28125
3393,0,CF1,L3,0.3,bilinear,0,0,0.7504948377609253,1,False,0.009771986970684038,0.1986970684039088,0.23828125
10532,0,CF1,L3,0.3,bilinear,8,9,0.4411540627479553,0,False,0.013029315960912053,0.2182410423452769,0.26171875
14271,0,CF1,L3,0.3,bilinear,3,3,0.8028636574745178,1,False,0.009771986970684038,0.2703583061889251,0.32421875
12814,0,CF1,L3,0.3,bilinear,4,4,0.9980292916297913,1,False,0.009771986970684038,0.2736156351791531,0.328125
1763,0,CF1,L3,0.3,bilinear,1,1,0.6988381743431091,1,False,0.006514657980456026,0.23127035830618892,0.27734375
2795,0,CF1,L3,0.3,bilinear,4,4,0.9465400576591492,1,False,0.003257328990228013,0.25732899022801303,0.30859375
5329,0,CF1,L3,0.3,bilinear,2,2,0.9606221318244934,1,False,0.003257328990228013,0.2247557003257329,0.26953125
11024,0,CF1,L3,0.3,bilinear,8,6,0.9352286458015442,0,False,0.013029315960912053,0.247557003257329,0.296875
23383,0,CF1,L3,0.3,bilinear,6,6,0.9459511637687683,1,False,0.016286644951140065,0.26384364820846906,0.31640625
582,0,CF1,L3,0.3,bilinear,2,2,0.9638338088989258,1,False,0.016286644951140065,0.2671009771986971,0.3203125
20037,0,CF1,L3,0.3,bilinear,5,5,0.900326132774353,1,False,0.003257328990228013,0.23127035830618892,0.27734375
4876,0,CF1,L3,0.3,bilinear,3,3,0.6575515866279602,1,False,0.009771986970684038,0.2182410423452769,0.26171875
16157,0,CF1,L3,0.3,bilinear,1,1,0.9990003705024719,1,False,0.013029315960912053,0.25732899022801303,0.30859375
24155,0,CF1,L3,0.3,bilinear,7,7,0.9998958110809326,1,False,0.019543973941368076,0.2247557003257329,0.26953125
21035,0,CF1,L3,0.3,bilinear,1,1,0.9998829364776611,1,False,0.013029315960912053,0.247557003257329,0.296875
2530,0,CF1,L3,0.3,bilinear,2,2,0.762370228767395,1,False,0.019543973941368076,0.23127035830618892,0.27734375
20951,0,CF1,L3,0.3,bilinear,4,4,0.9922319650650024,1,False,0.013029315960912053,0.26058631921824105,0.3125
9752,0,CF1,L3,0.3,bilinear,9,9,0.6394228339195251,1,False,0.009771986970684038,0.2280130293159609,0.2734375
20362,0,CF1,L3,0.3,bilinear,9,8,0.6182300448417664,0,False,0.009771986970684038,0.23452768729641693,0.28125
5669,0,CF1,L3,0.3,bilinear,2,2,0.9421564936637878,1,False,0.009771986970684038,0.26058631921824105,0.3125
9395,0,CF1,L3,0.3,bilinear,6,6,0.851184070110321,1,False,0.013029315960912053,0.22149837133550487,0.265625
22115,0,CF1,L3,0.3,bilinear,2,2,0.534366250038147,1,False,0.009771986970684038,0.28013029315960913,0.3359375
3784,0,CF1,L3,0.3,bilinear,5,5,0.518610417842865,1,False,0.016286644951140065,0.26058631921824105,0.3125
15518,0,CF1,L3,0.3,bilinear,1,1,0.9376363754272461,1,False,0.013029315960912053,0.254071661237785,0.3046875
22913,0,CF1,L3,0.3,bilinear,1,1,0.5518882274627686,1,False,0.009771986970684038,0.23452768729641693,0.28125
22485,0,CF1,L3,0.3,bilinear,8,8,0.9894136190414429,1,False,0.013029315960912053,0.247557003257329,0.296875
14166,0,CF1,L3,0.3,bilinear,9,9,0.5642278790473938,1,False,0.006514657980456026,0.2280130293159609,0.2734375
4606,0,CF1,L3,0.3,bilinear,8,8,0.7582616209983826,1,False,0.006514657980456026,0.23127035830618892,0.27734375
12043,0,CF1,L3,0.3,bilinear,8,8,0.31176984310150146,1,False,0.013029315960912053,0.28664495114006516,0.34375
20255,0,CF1,L3,0.3,bilinear,9,9,0.9685759544372559,1,False,0.006514657980456026,0.2182410423452769,0.26171875
21390,0,CF1,L3,0.3,bilinear,8,6,0.43527597188949585,0,False,0.02280130293159609,0.24104234527687296,0.2890625
13388,0,CF1,L3,0.3,bilinear,6,6,0.8938502669334412,1,False,0.009771986970684038,0.247557003257329,0.296875
9382,0,CF1,L3,0.3,bilinear,0,0,0.9991173148155212,1,False,0.009771986970684038,0.2703583061889251,0.32421875
11878,0,CF1,L3,0.3,bilinear,4,4,0.9978571534156799,1,False,0.013029315960912053,0.20846905537459284,0.25
10774,0,CF1,L3,0.3,bilinear,1,1,0.9999982118606567,1,False,0.006514657980456026,0.254071661237785,0.3046875
2211,0,CF1,L3,0.3,bilinear,4,4,0.9989621639251709,1,False,0.009771986970684038,0.2247557003257329,0.26953125
22804,0,CF1,L3,0.3,bilinear,1,1,0.9916669726371765,1,False,0.006514657980456026,0.2671009771986971,0.3203125
17903,0,CF1,L3,0.3,bilinear,3,0,0.5310035943984985,0,False,0.0,0.26384364820846906,0.31640625
16889,0,CF1,L3,0.3,bilinear,1,1,0.6027054786682129,1,False,0.009771986970684038,0.2736156351791531,0.328125
3013,0,CF1,L3,0.3,bilinear,8,8,0.8507118821144104,1,False,0.006514657980456026,0.247557003257329,0.296875
19919,0,CF1,L3,0.3,bilinear,8,8,0.5749455690383911,1,False,0.016286644951140065,0.24104234527687296,0.2890625
7911,0,CF1,L3,0.3,bilinear,0,0,0.7844899892807007,1,False,0.016286644951140065,0.23127035830618892,0.27734375
6473,0,CF1,L3,0.3,bilinear,5,5,0.9937297105789185,1,False,0.0,0.254071661237785,0.3046875
14963,0,CF1,L3,0.3,bilinear,2,2,0.9362205266952515,1,False,0.016286644951140065,0.2671009771986971,0.3203125
3189,0,CF1,L3,0.3,bilinear,3,3,0.8709427714347839,1,False,0.006514657980456026,0.247557003257329,0.296875
21433,0,CF1,L3,0.3,bilinear,6,6,0.7231470346450806,1,False,0.006514657980456026,0.2768729641693811,0.33203125
21534,0,CF1,L3,0.3,bilinear,9,9,0.9992223978042603,1,False,0.006514657980456026,0.2768729641693811,0.33203125
4378,0,CF1,L3,0.3,bilinear,4,4,0.7556877136230469,1,False,0.006514657980456026,0.2703583061889251,0.32421875
4179,0,CF1,L3,0.3,bilinear,3,3,0.9999915361404419,1,False,0.013029315960912053,0.24429967426710097,0.29296875
20275,0,CF1,L3,0.3,bilinear,7,7,0.9326900839805603,1,False,0.009771986970684038,0.30293159609120524,0.36328125
724,0,CF1,L3,0.3,bilinear,4,4,0.9415225386619568,1,False,0.013029315960912053,0.2671009771986971,0.3203125
15532,0,CF1,L3,0.3,bilinear,5,5,0.9947044253349304,1,False,0.009771986970684038,0.23778501628664495,0.28515625
7808,0,CF1,L3,0.3,bilinear,4,3,0.4722728133201599,0,False,0.013029315960912053,0.247557003257329,0.296875
3185,0,CF1,L3,0.3,bilinear,7,7,0.9987474679946899,1,False,0.009771986970684038,0.28013029315960913,0.3359375
8217,0,CF1,L3,0.3,bilinear,5,5,0.8966549634933472,1,False,0.009771986970684038,0.28664495114006516,0.34375
15284,0,CF1,L3,0.3,bilinear,2,2,0.9945240020751953,1,False,0.009771986970684038,0.2280130293159609,0.2734375
2195,0,CF1,L3,0.3,bilinear,1,1,0.9314169883728027,1,False,0.013029315960912053,0.2996742671009772,0.359375
21296,0,CF1,L3,0.3,bilinear,0,0,0.9593769907951355,1,False,0.013029315960912053,0.25732899022801303,0.30859375
14286,0,CF1,L3,0.3,bilinear,3,3,0.9791988134384155,1,False,0.019543973941368076,0.23127035830618892,0.27734375
4261,0,CF1,L3,0.3,bilinear,0,0,0.9997654557228088,1,False,0.013029315960912053,0.254071661237785,0.3046875
24480,0,CF1,L3,0.3,bilinear,2,2,0.999693751335144,1,False,0.003257328990228013,0.2703583061889251,0.32421875
23581,0,CF1,L3,0.3,bilinear,7,7,0.9884613752365112,1,False,0.016286644951140065,0.25732899022801303,0.30859375
24364,0,CF1,L3,0.3,bilinear,7,7,0.997698962688446,1,False,0.016286644951140065,0.247557003257329,0.296875
4259,0,CF1,L3,0.3,bilinear,4,4,0.9000638127326965,1,False,0.009771986970684038,0.2247557003257329,0.26953125
4323,0,CF1,L3,0.3,bilinear,8,8,0.6808017492294312,1,False,0.016286644951140065,0.24429967426710097,0.29296875
26017,0,CF1,L3,0.3,bilinear,2,2,0.9998829364776611,1,False,0.009771986970684038,0.2768729641693811,0.33203125
4055,0,CF1,L3,0.3,bilinear,9,9,0.43158820271492004,1,False,0.019543973941368076,0.254071661237785,0.3046875
23968,0,CF1,L3,0.3,bilinear,6,6,0.9813905954360962,1,False,0.013029315960912053,0.2280130293159609,0.2734375
4914,0,CF1,L3,0.3,bilinear,2,2,0.9975435137748718,1,False,0.006514657980456026,0.247557003257329,0.296875
17310,0,CF1,L3,0.3,bilinear,7,7,0.6470459699630737,1,False,0.009771986970684038,0.24429967426710097,0.29296875
14981,0,CF1,L3,0.3,bilinear,2,2,0.5906099677085876,1,False,0.009771986970684038,0.2247557003257329,0.26953125
7511,0,CF1,L3,0.3,bilinear,6,6,0.9283919334411621,1,False,0.003257328990228013,0.23778501628664495,0.28515625
4136,0,CF1,L3,0.3,bilinear,9,9,0.9869531393051147,1,False,0.019543973941368076,0.24104234527687296,0.2890625
8043,0,CF1,L3,0.3,bilinear,2,2,0.9863559007644653,1,False,0.013029315960912053,0.24429967426710097,0.29296875
14360,0,CF1,L3,0.3,bilinear,4,4,0.9874722361564636,1,False,0.003257328990228013,0.24429967426710097,0.29296875
6364,0,CF1,L3,0.3,bilinear,0,0,0.9970581531524658,1,False,0.003257328990228013,0.22149837133550487,0.265625
8827,0,CF1,L3,0.3,bilinear,4,4,0.9491084814071655,1,False,0.013029315960912053,0.23778501628664495,0.28515625
24886,0,CF1,L3,0.3,bilinear,9,2,0.9950814247131348,0,False,0.016286644951140065,0.22149837133550487,0.265625
21392,0,CF1,L3,0.3,bilinear,2,2,0.9971941709518433,1,False,0.009771986970684038,0.2247557003257329,0.26953125
18654,0,CF1,L3,0.3,bilinear,6,6,0.9457452297210693,1,False,0.003257328990228013,0.2280130293159609,0.2734375
21766,0,CF1,L3,0.3,bilinear,1,1,0.5429079532623291,1,False,0.009771986970684038,0.23127035830618892,0.27734375
25433,0,CF1,L3,0.3,bilinear,8,1,0.4655785858631134,0,False,0.003257328990228013,0.2703583061889251,0.32421875
10927,0,CF1,L3,0.3,bilinear,8,1,0.8044673800468445,0,False,0.009771986970684038,0.2182410423452769,0.26171875
14092,0,CF1,L3,0.3,bilinear,6,6,0.9983680844306946,1,False,0.003257328990228013,0.2996742671009772,0.359375
20936,0,CF1,L3,0.3,bilinear,9,5,0.7272957563400269,0,False,0.009771986970684038,0.24104234527687296,0.2890625
23711,0,CF1,L3,0.3,bilinear,4,4,0.9697806239128113,1,False,0.009771986970684038,0.2768729641693811,0.33203125
19260,0,CF1,L3,0.3,bilinear,7,7,0.9574736952781677,1,False,0.009771986970684038,0.18892508143322476,0.2265625
17360,0,CF1,L3,0.3,bilinear,3,3,0.9370745420455933,1,False,0.006514657980456026,0.26058631921824105,0.3125
965,0,CF1,L3,0.3,bilinear,0,0,0.8579485416412354,1,False,0.0,0.24104234527687296,0.2890625
463,0,CF1,L3,0.3,bilinear,6,9,0.46991896629333496,0,False,0.019543973941368076,0.26058631921824105,0.3125
8945,0,CF1,L3,0.3,bilinear,6,5,0.517304539680481,0,False,0.009771986970684038,0.247557003257329,0.296875
14090,0,CF1,L3,0.3,bilinear,2,2,0.996895432472229,1,False,0.016286644951140065,0.26384364820846906,0.31640625
8479,0,CF1,L3,0.3,bilinear,9,9,0.9969424605369568,1,False,0.016286644951140065,0.21172638436482086,0.25390625
24477,0,CF1,L3,0.3,bilinear,2,2,0.9978609681129456,1,False,0.013029315960912053,0.31921824104234525,0.3828125
8195,0,CF1,L3,0.3,bilinear,0,0,0.9995429515838623,1,False,0.009771986970684038,0.23127035830618892,0.27734375
1773,0,CF1,L3,0.3,bilinear,0,0,0.969977080821991,1,False,0.02280130293159609,0.21172638436482086,0.25390625
11776,0,CF1,L3,0.3,bilinear,2,2,0.3373868465423584,1,False,0.003257328990228013,0.2280130293159609,0.2734375
3313,0,CF1,L3,0.3,bilinear,6,6,0.9900173544883728,1,False,0.03257328990228013,0.19218241042345277,0.23046875
5424,0,CF1,L3,0.3,bilinear,9,9,0.9152684211730957,1,False,0.013029315960912053,0.26384364820846906,0.31640625
19606,0,CF1,L3,0.3,bilinear,2,2,0.9185278415679932,1,False,0.019543973941368076,0.23778501628664495,0.28515625
10110,0,CF1,L3,0.3,bilinear,9,9,0.9740299582481384,1,False,0.016286644951140065,0.254071661237785,0.3046875
22872,0,CF1,L3,0.3,bilinear,6,7,0.8895236253738403,0,False,0.003257328990228013,0.26384364820846906,0.31640625
7573,0,CF1,L3,0.3,bilinear,1,1,0.9999091625213623,1,False,0.006514657980456026,0.25732899022801303,0.30859375
7105,0,CF1,L3,0.3,bilinear,3,3,0.9976200461387634,1,False,0.009771986970684038,0.26058631921824105,0.3125
18854,0,CF1,L3,0.3,bilinear,1,1,0.9926019310951233,1,False,0.009771986970684038,0.30293159609120524,0.36328125
14576,0,CF1,L3,0.3,bilinear,9,9,0.9998196959495544,1,False,0.009771986970684038,0.2931596091205212,0.3515625
9376,0,CF1,L3,0.3,bilinear,0,0,0.990675687789917,1,False,0.016286644951140065,0.250814332247557,0.30078125
20128,0,CF1,L3,0.3,bilinear,8,8,0.9974952936172485,1,False,0.013029315960912053,0.23778501628664495,0.28515625
24854,0,CF1,L3,0.3,bilinear,9,9,0.9999277591705322,1,False,0.019543973941368076,0.26384364820846906,0.31640625
4937,0,CF1,L3,0.3,bilinear,2,2,0.803961992263794,1,False,0.006514657980456026,0.2768729641693811,0.33203125
338,0,CF1,L3,0.3,bilinear,3,3,0.9829028248786926,1,False,0.009771986970684038,0.2703583061889251,0.32421875
9981,0,CF1,L3,0.3,bilinear,3,3,0.6930913329124451,1,False,0.016286644951140065,0.2703583061889251,0.32421875
6665,0,CF1,L3,0.3,bilinear,8,8,0.9646928310394287,1,False,0.009771986970684038,0.23778501628664495,0.28515625
6704,0,CF1,L3,0.3,bilinear,0,0,0.9703062176704407,1,False,0.019543973941368076,0.23452768729641693,0.28125
23255,0,CF1,L3,0.3,bilinear,2,2,0.9999011754989624,1,False,0.006514657980456026,0.20846905537459284,0.25
5355,0,CF1,L3,0.3,bilinear,5,5,0.960411787033081,1,False,0.009771986970684038,0.2996742671009772,0.359375
22422,0,CF1,L3,0.3,bilinear,1,1,0.8951452970504761,1,False,0.019543973941368076,0.25732899022801303,0.30859375
7367,0,CF1,L3,0.3,bilinear,9,9,0.8863640427589417,1,False,0.016286644951140065,0.26058631921824105,0.3125
13489,0,CF1,L3,0.3,bilinear,7,7,0.6012129783630371,1,False,0.003257328990228013,0.24429967426710097,0.29296875
20955,0,CF1,L3,0.3,bilinear,7,7,0.9926282167434692,1,False,0.0,0.2182410423452769,0.26171875
25439,0,CF1,L3,0.3,bilinear,9,9,0.999994158744812,1,False,0.0,0.250814332247557,0.30078125
12711,0,CF1,L3,0.3,bilinear,8,8,0.9115396738052368,1,False,0.003257328990228013,0.23127035830618892,0.27734375
7671,0,CF1,L3,0.3,bilinear,6,6,0.6258006691932678,1,False,0.003257328990228013,0.23127035830618892,0.27734375
20420,0,CF1,L3,0.3,bilinear,8,9,0.43105548620224,0,False,0.003257328990228013,0.2736156351791531,0.328125
12630,0,CF1,L3,0.3,bilinear,2,7,0.3364182412624359,0,False,0.003257328990228013,0.23452768729641693,0.28125
21394,0,CF1,L3,0.3,bilinear,1,1,0.9446593523025513,1,False,0.006514657980456026,0.2703583061889251,0.32421875
7095,0,CF1,L3,0.3,bilinear,1,1,0.8754487633705139,1,False,0.019543973941368076,0.21498371335504887,0.2578125
11532,0,CF1,L3,0.3,bilinear,9,9,0.95071941614151,1,False,0.006514657980456026,0.250814332247557,0.30078125
2853,0,CF1,L3,0.3,bilinear,3,3,0.9982571005821228,1,False,0.013029315960912053,0.2703583061889251,0.32421875
13487,0,CF1,L3,0.3,bilinear,0,0,0.9918563365936279,1,False,0.02280130293159609,0.22149837133550487,0.265625
9350,0,CF1,L3,0.3,bilinear,9,9,0.9805266857147217,1,False,0.016286644951140065,0.23452768729641693,0.28125
24164,0,CF1,L3,0.3,bilinear,4,4,0.9590585827827454,1,False,0.009771986970684038,0.28013029315960913,0.3359375
23155,0,CF1,L3,0.3,bilinear,7,7,0.9830752015113831,1,False,0.006514657980456026,0.2768729641693811,0.33203125
1588,0,CF1,L3,0.3,bilinear,8,3,0.40810516476631165,0,False,0.013029315960912053,0.23452768729641693,0.28125
5400,0,CF1,L3,0.3,bilinear,5,6,0.4792340099811554,0,False,0.013029315960912053,0.24104234527687296,0.2890625
8913,0,CF1,L3,0.3,bilinear,6,6,0.9779835343360901,1,False,0.013029315960912053,0.22149837133550487,0.265625
4990,0,CF1,L3,0.3,bilinear,8,2,0.5511650443077087,0,False,0.016286644951140065,0.247557003257329,0.296875
13364,0,CF1,L3,0.3,bilinear,7,7,0.9995013475418091,1,False,0.006514657980456026,0.2768729641693811,0.33203125
1157,0,CF1,L3,0.3,bilinear,1,1,0.8844689726829529,1,False,0.003257328990228013,0.24104234527687296,0.2890625
19432,0,CF1,L3,0.3,bilinear,6,6,0.9994574189186096,1,False,0.009771986970684038,0.28664495114006516,0.34375
24861,0,CF1,L3,0.3,bilinear,1,1,0.941227376461029,1,False,0.006514657980456026,0.2703583061889251,0.32421875
16303,0,CF1,L3,0.3,bilinear,0,0,0.6983519196510315,1,False,0.003257328990228013,0.2280130293159609,0.2734375
23675,0,CF1,L3,0.3,bilinear,1,1,0.9941723942756653,1,False,0.006514657980456026,0.247557003257329,0.296875
10816,0,CF1,L3,0.3,bilinear,5,5,0.9349481463432312,1,False,0.009771986970684038,0.23778501628664495,0.28515625
25683,0,CF1,L3,0.3,bilinear,7,7,0.9977701902389526,1,False,0.026058631921824105,0.247557003257329,0.296875
6680,0,CF1,L3,0.3,bilinear,7,7,0.8005836009979248,1,False,0.009771986970684038,0.247557003257329,0.296875
15541,0,CF1,L3,0.3,bilinear,1,1,0.9648709297180176,1,False,0.009771986970684038,0.2280130293159609,0.2734375
129,0,CF1,L3,0.3,bilinear,9,9,0.9147158861160278,1,False,0.013029315960912053,0.24429967426710097,0.29296875
10977,0,CF1,L3,0.3,bilinear,5,5,0.9844591617584229,1,False,0.003257328990228013,0.2280130293159609,0.2734375
7518,0,CF1,L3,0.3,bilinear,5,5,0.7594356536865234,1,False,0.009771986970684038,0.2703583061889251,0.32421875
15350,0,CF1,L3,0.3,bilinear,0,0,0.9814557433128357,1,False,0.016286644951140065,0.2671009771986971,0.3203125
4712,0,CF1,L3,0.3,bilinear,2,2,0.9975792765617371,1,False,0.013029315960912053,0.22149837133550487,0.265625
3234,0,CF1,L3,0.3,bilinear,1,1,0.9360517859458923,1,False,0.006514657980456026,0.254071661237785,0.3046875
21292,0,CF1,L3,0.3,bilinear,8,6,0.5290256142616272,0,False,0.016286644951140065,0.26058631921824105,0.3125
6439,0,CF1,L3,0.3,bilinear,6,8,0.5780141353607178,0,False,0.009771986970684038,0.247557003257329,0.296875
16930,0,CF1,L3,0.3,bilinear,4,4,0.7740758657455444,1,False,0.003257328990228013,0.28013029315960913,0.3359375
25255,0,CF1,L3,0.3,bilinear,6,2,0.44538062810897827,0,False,0.02280130293159609,0.2703583061889251,0.32421875
5562,0,CF1,L3,0.3,bilinear,6,6,0.9975271821022034,1,False,0.006514657980456026,0.2768729641693811,0.33203125
20888,0,CF1,L3,0.3,bilinear,6,6,0.8599817752838135,1,False,0.009771986970684038,0.2182410423452769,0.26171875
17907,0,CF1,L3,0.3,bilinear,0,0,0.9832890629768372,1,False,0.019543973941368076,0.22149837133550487,0.265625
15282,0,CF1,L3,0.3,bilinear,5,6,0.6831902861595154,0,False,0.016286644951140065,0.2736156351791531,0.328125
9564,0,CF1,L3,0.3,bilinear,5,5,0.9944955706596375,1,False,0.009771986970684038,0.25732899022801303,0.30859375
2105,0,CF1,L3,0.3,bilinear,5,5,0.6164064407348633,1,False,0.006514657980456026,0.24104234527687296,0.2890625
2188,0,CF1,L3,0.3,bilinear,5,5,0.9782097339630127,1,False,0.016286644951140065,0.23127035830618892,0.27734375
10587,0,CF1,L3,0.3,bilinear,9,9,0.9817480444908142,1,False,0.009771986970684038,0.250814332247557,0.30078125
20421,0,CF1,L3,0.3,bilinear,8,9,0.7873628735542297,0,False,0.003257328990228013,0.28664495114006516,0.34375
23070,0,CF1,L3,0.3,bilinear,0,0,0.9992794394493103,1,False,0.009771986970684038,0.250814332247557,0.30078125
19127,0,CF1,L3,0.3,bilinear,6,6,0.9612711071968079,1,False,0.019543973941368076,0.24104234527687296,0.2890625
7302,0,CF1,L3,0.3,bilinear,3,3,0.9957024455070496,1,False,0.006514657980456026,0.2247557003257329,0.26953125
8409,0,CF1,L3,0.3,bilinear,4,4,0.9999936819076538,1,False,0.006514657980456026,0.250814332247557,0.30078125
11086,0,CF1,L3,0.3,bilinear,7,7,0.9868705868721008,1,False,0.006514657980456026,0.21498371335504887,0.2578125
17122,0,CF1,L3,0.3,bilinear,5,5,0.9976931214332581,1,False,0.006514657980456026,0.1986970684039088,0.23828125
3555,0,CF1,L3,0.3,bilinear,2,2,0.9999387264251709,1,False,0.009771986970684038,0.247557003257329,0.296875
19437,0,CF1,L3,0.3,bilinear,4,4,0.6885981559753418,1,False,0.016286644951140065,0.26058631921824105,0.3125
594,0,CF1,L3,0.3,bilinear,9,9,0.9910318851470947,1,False,0.006514657980456026,0.24104234527687296,0.2890625
21863,0,CF1,L3,0.3,bilinear,3,3,0.992244303226471,1,False,0.006514657980456026,0.247557003257329,0.296875
19765,0,CF1,L3,0.3,bilinear,5,5,0.9916672110557556,1,False,0.009771986970684038,0.23778501628664495,0.28515625
16909,0,CF1,L3,0.3,bilinear,2,2,0.9884073138237,1,False,0.016286644951140065,0.28013029315960913,0.3359375
21154,0,CF1,L3,0.3,bilinear,7,7,0.9990251064300537,1,False,0.003257328990228013,0.2736156351791531,0.328125
18615,0,CF1,L3,0.3,bilinear,7,7,0.9752019047737122,1,False,0.009771986970684038,0.250814332247557,0.30078125
18171,0,CF1,L3,0.3,bilinear,7,7,0.9999499320983887,1,False,0.016286644951140065,0.24429967426710097,0.29296875
24434,0,CF1,L3,0.3,bilinear,5,5,0.9253356456756592,1,False,0.009771986970684038,0.24104234527687296,0.2890625
9664,0,CF1,L3,0.3,bilinear,0,0,0.9850825071334839,1,False,0.009771986970684038,0.24104234527687296,0.2890625
2013,0,CF1,L3,0.3,bilinear,5,5,0.9832164645195007,1,False,0.003257328990228013,0.254071661237785,0.3046875
13537,0,CF1,L3,0.3,bilinear,4,0,0.8587476015090942,0,False,0.02280130293159609,0.23127035830618892,0.27734375
23942,0,CF1,L3,0.3,bilinear,9,6,0.5912537574768066,0,False,0.009771986970684038,0.26384364820846906,0.31640625
12415,0,CF1,L3,0.3,bilinear,4,4,0.7912757992744446,1,False,0.009771986970684038,0.2247557003257329,0.26953125
13735,0,CF1,L3,0.3,bilinear,0,0,0.9970487952232361,1,False,0.006514657980456026,0.23778501628664495,0.28515625
6873,0,CF1,L3,0.3,bilinear,1,1,0.9990590214729309,1,False,0.009771986970684038,0.26384364820846906,0.31640625
16233,0,CF1,L3,0.3,bilinear,2,2,0.9826410412788391,1,False,0.013029315960912053,0.2247557003257329,0.26953125
13108,0,CF1,L3,0.3,bilinear,5,5,0.5873438119888306,1,False,0.009771986970684038,0.2703583061889251,0.32421875
18114,0,CF1,L3,0.3,bilinear,7,7,0.997796893119812,1,False,0.013029315960912053,0.250814332247557,0.30078125
25318,0,CF1,L3,0.3,bilinear,0,6,0.5092453360557556,0,False,0.003257328990228013,0.23127035830618892,0.27734375
22387,0,CF1,L3,0.3,bilinear,7,7,0.9498051404953003,1,False,0.016286644951140065,0.23778501628664495,0.28515625
19911,0,CF1,L3,0.3,bilinear,7,7,0.8659631013870239,1,False,0.003257328990228013,0.23127035830618892,0.27734375
9953,0,CF1,L3,0.3,bilinear,2,2,0.9913103580474854,1,False,0.003257328990228013,0.23778501628664495,0.28515625
18500,0,CF1,L3,0.3,bilinear,1,1,0.9983512163162231,1,False,0.006514657980456026,0.2247557003257329,0.26953125
12463,0,CF1,L3,0.3,bilinear,2,5,0.46725741028785706,0,False,0.013029315960912053,0.22149837133550487,0.265625
12143,0,CF1,L3,0.3,bilinear,8,8,0.9741995334625244,1,False,0.013029315960912053,0.2247557003257329,0.26953125
14588,0,CF1,L3,0.3,bilinear,8,8,0.9872989058494568,1,False,0.006514657980456026,0.24104234527687296,0.2890625
22152,0,CF1,L3,0.3,bilinear,2,2,0.9007313251495361,1,False,0.009771986970684038,0.2247557003257329,0.26953125
16563,0,CF1,L3,0.3,bilinear,4,4,0.6746763586997986,1,False,0.013029315960912053,0.250814332247557,0.30078125
25225,0,CF1,L3,0.3,bilinear,9,9,0.9550259709358215,1,False,0.006514657980456026,0.254071661237785,0.3046875
1161,0,CF1,L3,0.3,bilinear,2,2,0.5883183479309082,1,False,0.003257328990228013,0.2280130293159609,0.2734375
9891,0,CF1,L3,0.3,bilinear,5,5,0.7910683751106262,1,False,0.013029315960912053,0.2671009771986971,0.3203125
18833,0,CF1,L3,0.3,bilinear,2,2,0.969534695148468,1,False,0.006514657980456026,0.2671009771986971,0.3203125
6162,0,CF1,L3,0.3,bilinear,2,2,0.9421505331993103,1,False,0.006514657980456026,0.247557003257329,0.296875
22638,0,CF1,L3,0.3,bilinear,0,0,0.8705097436904907,1,False,0.009771986970684038,0.26384364820846906,0.31640625
6112,0,CF1,L3,0.3,bilinear,6,6,0.7295350432395935,1,False,0.009771986970684038,0.254071661237785,0.3046875
24259,0,CF1,L3,0.3,bilinear,9,9,0.9543201923370361,1,False,0.006514657980456026,0.254071661237785,0.3046875
18029,0,CF1,L3,0.3,bilinear,2,2,0.9862680435180664,1,False,0.009771986970684038,0.26384364820846906,0.31640625
13233,0,CF1,L3,0.3,bilinear,0,0,0.9597864151000977,1,False,0.006514657980456026,0.23778501628664495,0.28515625
22560,0,CF1,L3,0.3,bilinear,3,3,0.46675723791122437,1,False,0.006514657980456026,0.254071661237785,0.3046875
17100,0,CF1,L3,0.3,bilinear,7,7,0.9868727922439575,1,False,0.003257328990228013,0.23452768729641693,0.28125
13394,0,CF1,L3,0.3,bilinear,7,7,0.9697607755661011,1,False,0.006514657980456026,0.254071661237785,0.3046875
25173,0,CF1,L3,0.3,bilinear,3,7,0.4026867747306824,0,False,0.006514657980456026,0.247557003257329,0.296875
17342,0,CF1,L3,0.3,bilinear,4,4,0.9986019730567932,1,False,0.009771986970684038,0.25732899022801303,0.30859375
5881,0,CF1,L3,0.3,bilinear,1,1,0.9350510835647583,1,False,0.0,0.26058631921824105,0.3125
16982,0,CF1,L3,0.3,bilinear,3,9,0.4701521396636963,0,False,0.009771986970684038,0.2931596091205212,0.3515625
12959,0,CF1,L3,0.3,bilinear,2,2,0.9926536083221436,1,False,0.009771986970684038,0.247557003257329,0.296875
3410,0,CF1,L3,0.3,bilinear,2,2,0.998794436454773,1,False,0.006514657980456026,0.25732899022801303,0.30859375
1939,0,CF1,L3,0.3,bilinear,2,2,0.9999721050262451,1,False,0.009771986970684038,0.2703583061889251,0.32421875
13563,0,CF1,L3,0.3,bilinear,4,2,0.44975346326828003,0,False,0.013029315960912053,0.26058631921824105,0.3125
9659,0,CF1,L3,0.3,bilinear,4,1,0.8533309102058411,0,False,0.003257328990228013,0.24429967426710097,0.29296875
23588,0,CF1,L3,0.3,bilinear,9,9,0.9853544235229492,1,False,0.003257328990228013,0.24429967426710097,0.29296875
12156,0,CF1,L3,0.3,bilinear,9,9,0.5664673447608948,1,False,0.003257328990228013,0.26058631921824105,0.3125
24790,0,CF1,L3,0.3,bilinear,4,4,0.41119956970214844,1,False,0.026058631921824105,0.26384364820846906,0.31640625
894,0,CF1,L3,0.3,bilinear,8,8,0.6642062067985535,1,False,0.016286644951140065,0.2768729641693811,0.33203125
13738,0,CF1,L3,0.3,bilinear,7,7,0.9871727228164673,1,False,0.009771986970684038,0.25732899022801303,0.30859375
20555,0,CF1,L3,0.3,bilinear,5,5,0.9268308877944946,1,False,0.009771986970684038,0.2931596091205212,0.3515625
20457,0,CF1,L3,0.3,bilinear,3,1,0.4954763650894165,0,False,0.019543973941368076,0.28664495114006516,0.34375
24842,0,CF1,L3,0.3,bilinear,3,5,0.7132169008255005,0,False,0.019543973941368076,0.2671009771986971,0.3203125
11390,0,CF1,L3,0.3,bilinear,9,9,0.5513595938682556,1,False,0.009771986970684038,0.2899022801302932,0.34765625
2665,0,CF1,L3,0.3,bilinear,9,9,0.954676628112793,1,False,0.016286644951140065,0.254071661237785,0.3046875
24741,0,CF1,L3,0.3,bilinear,8,8,0.699162483215332,1,False,0.009771986970684038,0.25732899022801303,0.30859375
17634,0,CF1,L3,0.3,bilinear,8,3,0.3594001829624176,0,False,0.016286644951140065,0.2280130293159609,0.2734375
16599,0,CF1,L3,0.3,bilinear,1,1,0.9411661028862,1,False,0.016286644951140065,0.23778501628664495,0.28515625
19330,0,CF1,L3,0.3,bilinear,7,7,0.7764654159545898,1,False,0.013029315960912053,0.2671009771986971,0.3203125
3257,0,CF1,L3,0.3,bilinear,1,1,0.989346981048584,1,False,0.003257328990228013,0.2182410423452769,0.26171875
1114,0,CF1,L3,0.3,bilinear,9,9,0.99979168176651,1,False,0.003257328990228013,0.26058631921824105,0.3125
11738,0,CF1,L3,0.3,bilinear,8,8,0.8117558360099792,1,False,0.009771986970684038,0.23127035830618892,0.27734375
13077,0,CF1,L3,0.3,bilinear,8,8,0.999659538269043,1,False,0.019543973941368076,0.26384364820846906,0.31640625
5168,0,CF1,L3,0.3,bilinear,3,3,0.5769273638725281,1,False,0.016286644951140065,0.23778501628664495,0.28515625
26013,0,CF1,L3,0.3,bilinear,8,8,0.8725154399871826,1,False,0.019543973941368076,0.23452768729641693,0.28125
5611,0,CF1,L3,0.3,bilinear,7,7,0.9953227639198303,1,False,0.016286644951140065,0.23127035830618892,0.27734375
9389,0,CF1,L3,0.3,bilinear,6,6,0.9191413521766663,1,False,0.019543973941368076,0.24104234527687296,0.2890625
25070,0,CF1,L3,0.3,bilinear,2,2,0.9998862743377686,1,False,0.006514657980456026,0.254071661237785,0.3046875
11322,0,CF1,L3,0.3,bilinear,8,8,0.9141093492507935,1,False,0.006514657980456026,0.21172638436482086,0.25390625
3051,0,CF1,L3,0.3,bilinear,0,0,0.6895599365234375,1,False,0.003257328990228013,0.2899022801302932,0.34765625
18770,0,CF1,L3,0.3,bilinear,4,5,0.24161472916603088,0,False,0.013029315960912053,0.2280130293159609,0.2734375
14692,0,CF1,L3,0.3,bilinear,2,2,0.987415611743927,1,False,0.02280130293159609,0.26058631921824105,0.3125
4561,0,CF1,L3,0.3,bilinear,5,5,0.8798055648803711,1,False,0.009771986970684038,0.23778501628664495,0.28515625
16994,0,CF1,L3,0.3,bilinear,0,0,0.9999414682388306,1,False,0.013029315960912053,0.2671009771986971,0.3203125
4156,0,CF1,L3,0.3,bilinear,5,5,0.298069030046463,1,False,0.009771986970684038,0.25732899022801303,0.30859375
5884,0,CF1,L3,0.3,bilinear,1,2,0.6999532580375671,0,False,0.013029315960912053,0.2996742671009772,0.359375
18233,0,CF1,L3,0.3,bilinear,0,0,0.9877927899360657,1,False,0.003257328990228013,0.2671009771986971,0.3203125
17044,0,CF1,L3,0.3,bilinear,6,6,0.9892908930778503,1,False,0.009771986970684038,0.24104234527687296,0.2890625
18857,0,CF1,L3,0.3,bilinear,6,6,0.7734717130661011,1,False,0.013029315960912053,0.23778501628664495,0.28515625
21917,0,CF1,L3,0.3,bilinear,9,9,0.6969028115272522,1,False,0.006514657980456026,0.247557003257329,0.296875
5054,0,CF1,L3,0.3,bilinear,3,9,0.8858022689819336,0,False,0.013029315960912053,0.22149837133550487,0.265625
7882,0,CF1,L3,0.3,bilinear,4,4,0.9488627314567566,1,False,0.006514657980456026,0.250814332247557,0.30078125
15688,0,CF1,L3,0.3,bilinear,4,4,0.9999680519104004,1,False,0.009771986970684038,0.2280130293159609,0.2734375
5612,0,CF1,L3,0.3,bilinear,8,8,0.9704548716545105,1,False,0.013029315960912053,0.254071661237785,0.3046875
13934,0,CF1,L3,0.3,bilinear,9,9,0.9224477410316467,1,False,0.019543973941368076,0.2736156351791531,0.328125
16689,0,CF1,L3,0.3,bilinear,2,2,0.995908260345459,1,False,0.003257328990228013,0.26058631921824105,0.3125
23844,0,CF1,L3,0.3,bilinear,6,6,0.9712395668029785,1,False,0.006514657980456026,0.28338762214983715,0.33984375
7944,0,CF1,L3,0.3,bilinear,7,7,0.9570165276527405,1,False,0.013029315960912053,0.24104234527687296,0.2890625
11370,0,CF1,L3,0.3,bilinear,8,8,0.9935897588729858,1,False,0.009771986970684038,0.254071661237785,0.3046875
24569,0,CF1,L3,0.3,bilinear,1,1,0.999925971031189,1,False,0.009771986970684038,0.2736156351791531,0.328125
7529,0,CF1,L3,0.3,bilinear,5,5,0.9426475167274475,1,False,0.02280130293159609,0.247557003257329,0.296875
5092,0,CF1,L3,0.3,bilinear,2,2,0.9919945001602173,1,False,0.0,0.24104234527687296,0.2890625
20673,0,CF1,L3,0.3,bilinear,2,2,0.9999854564666748,1,False,0.009771986970684038,0.2768729641693811,0.33203125
10096,0,CF1,L3,0.3,bilinear,7,7,0.8648638129234314,1,False,0.006514657980456026,0.26058631921824105,0.3125
2059,0,CF1,L3,0.3,bilinear,3,3,0.8881600499153137,1,False,0.006514657980456026,0.22149837133550487,0.265625
19318,0,CF1,L3,0.3,bilinear,0,0,0.9995819926261902,1,False,0.013029315960912053,0.26058631921824105,0.3125
12977,0,CF1,L3,0.3,bilinear,8,0,0.49708986282348633,0,False,0.013029315960912053,0.2671009771986971,0.3203125
17673,0,CF1,L3,0.3,bilinear,0,0,0.8892091512680054,1,False,0.003257328990228013,0.24104234527687296,0.2890625
18750,0,CF1,L3,0.3,bilinear,0,0,0.9315903782844543,1,False,0.02280130293159609,0.20195439739413681,0.2421875
16728,0,CF1,L3,0.3,bilinear,3,3,0.9507107734680176,1,False,0.013029315960912053,0.26058631921824105,0.3125
14776,0,CF1,L3,0.3,bilinear,8,8,0.9693512916564941,1,False,0.003257328990228013,0.28338762214983715,0.33984375
6941,0,CF1,L3,0.3,bilinear,9,9,0.9628400206565857,1,False,0.016286644951140065,0.2768729641693811,0.33203125
16787,0,CF1,L3,0.3,bilinear,6,8,0.6859055757522583,0,False,0.019543973941368076,0.254071661237785,0.3046875
25932,0,CF1,L3,0.3,bilinear,5,5,0.9541831016540527,1,False,0.003257328990228013,0.26384364820846906,0.31640625
614,0,CF1,L3,0.3,bilinear,0,0,0.6158189177513123,1,False,0.02280130293159609,0.25732899022801303,0.30859375
25690,0,CF1,L3,0.3,bilinear,5,5,0.8416460752487183,1,False,0.019543973941368076,0.2280130293159609,0.2734375
25968,0,CF1,L3,0.3,bilinear,5,5,0.990852415561676,1,False,0.016286644951140065,0.2247557003257329,0.26953125
20123,0,CF1,L3,0.3,bilinear,3,3,0.9099448919296265,1,False,0.003257328990228013,0.2671009771986971,0.3203125
13341,0,CF1,L3,0.3,bilinear,5,5,0.9104019999504089,1,False,0.013029315960912053,0.25732899022801303,0.30859375
24697,0,CF1,L3,0.3,bilinear,4,4,0.9996898174285889,1,False,0.019543973941368076,0.24104234527687296,0.2890625
15157,0,CF1,L3,0.3,bilinear,6,6,0.615004301071167,1,False,0.016286644951140065,0.2931596091205212,0.3515625
23115,0,CF1,L3,0.3,bilinear,1,1,0.4785328507423401,1,False,0.009771986970684038,0.20521172638436483,0.24609375
6396,0,CF1,L3,0.3,bilinear,0,0,0.999148964881897,1,False,0.02280130293159609,0.2768729641693811,0.33203125
19142,0,CF1,L3,0.3,bilinear,4,4,0.7767456769943237,1,False,0.003257328990228013,0.26384364820846906,0.31640625
13157,0,CF1,L3,0.3,bilinear,3,3,0.84584641456604,1,False,0.0,0.254071661237785,0.3046875
19866,0,CF1,L3,0.3,bilinear,1,1,0.9681790471076965,1,False,0.006514657980456026,0.23778501628664495,0.28515625
25996,0,CF1,L3,0.3,bilinear,8,8,0.9994714856147766,1,False,0.009771986970684038,0.26058631921824105,0.3125
25515,0,CF1,L3,0.3,bilinear,7,1,0.9180141687393188,0,False,0.006514657980456026,0.23127035830618892,0.27734375
12876,0,CF1,L3,0.3,bilinear,0,0,0.9934293627738953,1,False,0.013029315960912053,0.2736156351791531,0.328125
17565,0,CF1,L3,0.3,bilinear,6,6,0.9939449429512024,1,False,0.009771986970684038,0.2280130293159609,0.2734375
17511,0,CF1,L3,0.3,bilinear,4,4,0.4713831841945648,1,False,0.003257328990228013,0.24104234527687296,0.2890625
19996,0,CF1,L3,0.3,bilinear,0,0,0.9986926913261414,1,False,0.006514657980456026,0.2280130293159609,0.2734375
12807,0,CF1,L3,0.3,bilinear,1,1,0.9997367262840271,1,False,0.006514657980456026,0.19543973941368079,0.234375
11001,0,CF1,L3,0.3,bilinear,9,9,0.9768582582473755,1,False,0.019543973941368076,0.23778501628664495,0.28515625
13107,0,CF1,L3,0.3,bilinear,0,0,0.999672532081604,1,False,0.016286644951140065,0.24429967426710097,0.29296875
12641,0,CF1,L3,0.3,bilinear,6,6,0.9982782602310181,1,False,0.003257328990228013,0.28013029315960913,0.3359375
22667,0,CF1,L3,0.3,bilinear,5,5,0.9965740442276001,1,False,0.016286644951140065,0.254071661237785,0.3046875
7310,0,CF1,L3,0.3,bilinear,7,7,0.9659563302993774,1,False,0.009771986970684038,0.24429967426710097,0.29296875
764,0,CF1,L3,0.3,bilinear,1,1,0.9220180511474609,1,False,0.006514657980456026,0.2768729641693811,0.33203125
14813,0,CF1,L3,0.3,bilinear,4,4,0.9958221912384033,1,False,0.019543973941368076,0.2736156351791531,0.328125
7132,0,CF1,L3,0.3,bilinear,2,2,0.9991461038589478,1,False,0.009771986970684038,0.26058631921824105,0.3125
23884,0,CF1,L3,0.3,bilinear,1,1,0.3661954998970032,1,False,0.006514657980456026,0.23778501628664495,0.28515625
22735,0,CF1,L3,0.3,bilinear,8,8,0.9892365336418152,1,False,0.009771986970684038,0.254071661237785,0.3046875
12483,0,CF1,L3,0.3,bilinear,2,2,0.9894315004348755,1,False,0.003257328990228013,0.24104234527687296,0.2890625
10442,0,CF1,L3,0.3,bilinear,6,6,0.7944034934043884,1,False,0.003257328990228013,0.23778501628664495,0.28515625
3733,0,CF1,L3,0.3,bilinear,8,8,0.9977116584777832,1,False,0.006514657980456026,0.254071661237785,0.3046875
20089,0,CF1,L3,0.3,bilinear,4,4,0.9798001646995544,1,False,0.013029315960912053,0.250814332247557,0.30078125
20411,0,CF1,L3,0.3,bilinear,4,4,0.6836978197097778,1,False,0.006514657980456026,0.2931596091205212,0.3515625
10695,0,CF1,L3,0.3,bilinear,4,1,0.46733370423316956,0,False,0.003257328990228013,0.254071661237785,0.3046875
11992,0,CF1,L3,0.3,bilinear,2,2,0.9999368190765381,1,False,0.003257328990228013,0.23127035830618892,0.27734375
20712,0,CF1,L3,0.3,bilinear,7,7,0.9643065929412842,1,False,0.003257328990228013,0.26384364820846906,0.31640625
6518,0,CF1,L3,0.3,bilinear,8,8,0.9152712225914001,1,False,0.003257328990228013,0.2768729641693811,0.33203125
6015,0,CF1,L3,0.3,bilinear,9,9,0.8648971319198608,1,False,0.009771986970684038,0.26384364820846906,0.31640625
8396,0,CF1,L3,0.3,bilinear,5,2,0.7933834791183472,0,False,0.006514657980456026,0.24429967426710097,0.29296875
12097,0,CF1,L3,0.3,bilinear,9,9,0.9974225759506226,1,False,0.013029315960912053,0.2280130293159609,0.2734375
12565,0,CF1,L3,0.3,bilinear,2,2,0.9742698669433594,1,False,0.003257328990228013,0.24429967426710097,0.29296875
22474,0,CF1,L3,0.3,bilinear,4,4,0.5351552367210388,1,False,0.009771986970684038,0.23127035830618892,0.27734375
25110,0,CF1,L3,0.3,bilinear,9,9,0.9929183125495911,1,False,0.003257328990228013,0.26384364820846906,0.31640625
8275,0,CF1,L3,0.3,bilinear,8,8,0.9902778267860413,1,False,0.016286644951140065,0.24429967426710097,0.29296875
3871,0,CF1,L3,0.3,bilinear,1,1,0.8069288730621338,1,False,0.006514657980456026,0.21172638436482086,0.25390625
24639,0,CF1,L3,0.3,bilinear,2,2,0.9981974959373474,1,False,0.02280130293159609,0.26058631921824105,0.3125
15979,0,CF1,L3,0.3,bilinear,3,3,0.7924033999443054,1,False,0.006514657980456026,0.24429967426710097,0.29296875
24513,0,CF1,L3,0.3,bilinear,6,6,0.9964836835861206,1,False,0.013029315960912053,0.30293159609120524,0.36328125
10926,0,CF1,L3,0.3,bilinear,7,7,0.9499036073684692,1,False,0.013029315960912053,0.254071661237785,0.3046875
25564,0,CF1,L3,0.3,bilinear,0,0,0.8180757761001587,1,False,0.0,0.26058631921824105,0.3125
2118,0,CF1,L3,0.3,bilinear,0,0,0.8734301328659058,1,False,0.003257328990228013,0.23127035830618892,0.27734375
4358,0,CF1,L3,0.3,bilinear,9,2,0.41346681118011475,0,False,0.006514657980456026,0.2247557003257329,0.26953125
5674,0,CF1,L3,0.3,bilinear,8,8,0.26667729020118713,1,False,0.009771986970684038,0.2182410423452769,0.26171875
3397,0,CF1,L3,0.3,bilinear,7,7,0.9994877576828003,1,False,0.016286644951140065,0.26384364820846906,0.31640625
5183,0,CF1,L3,0.3,bilinear,7,7,0.9517518877983093,1,False,0.006514657980456026,0.26058631921824105,0.3125
7505,0,CF1,L3,0.3,bilinear,9,9,0.9998069405555725,1,False,0.016286644951140065,0.23778501628664495,0.28515625
17539,0,CF1,L3,0.3,bilinear,0,0,0.8927982449531555,1,False,0.013029315960912053,0.2703583061889251,0.32421875
23918,0,CF1,L3,0.3,bilinear,6,5,0.669609010219574,0,False,0.003257328990228013,0.2280130293159609,0.2734375
19449,0,CF1,L3,0.3,bilinear,2,2,0.9993583559989929,1,False,0.009771986970684038,0.28664495114006516,0.34375
18599,0,CF1,L3,0.3,bilinear,3,3,0.6799948215484619,1,False,0.003257328990228013,0.2671009771986971,0.3203125
8175,0,CF1,L3,0.3,bilinear,8,6,0.5970470905303955,0,False,0.013029315960912053,0.24104234527687296,0.2890625
18412,0,CF1,L3,0.3,bilinear,7,7,0.968655526638031,1,False,0.006514657980456026,0.21172638436482086,0.25390625
20667,0,CF1,L3,0.3,bilinear,1,1,0.974177360534668,1,False,0.013029315960912053,0.250814332247557,0.30078125
8672,0,CF1,L3,0.3,bilinear,9,9,0.8314443826675415,1,False,0.016286644951140065,0.23127035830618892,0.27734375
22087,0,CF1,L3,0.3,bilinear,1,1,0.9999909400939941,1,False,0.009771986970684038,0.2768729641693811,0.33203125
6910,0,CF1,L3,0.3,bilinear,2,2,0.9995452761650085,1,False,0.006514657980456026,0.2703583061889251,0.32421875
19205,0,CF1,L3,0.3,bilinear,3,5,0.5747812390327454,0,False,0.02280130293159609,0.24429967426710097,0.29296875
10581,0,CF1,L3,0.3,bilinear,3,3,0.9607823491096497,1,False,0.013029315960912053,0.24429967426710097,0.29296875
14516,0,CF1,L3,0.3,bilinear,4,4,0.6485249996185303,1,False,0.0,0.28338762214983715,0.33984375
22602,0,CF1,L3,0.3,bilinear,4,4,0.9609232544898987,1,False,0.016286644951140065,0.23452768729641693,0.28125
1944,0,CF1,L3,0.3,bilinear,0,0,0.9455437660217285,1,False,0.013029315960912053,0.26384364820846906,0.31640625
19718,0,CF1,L3,0.3,bilinear,0,2,0.5950128436088562,0,False,0.009771986970684038,0.28013029315960913,0.3359375
15599,0,CF1,L3,0.3,bilinear,7,7,0.99289470911026,1,False,0.006514657980456026,0.2182410423452769,0.26171875
16766,0,CF1,L3,0.3,bilinear,9,9,0.9695664048194885,1,False,0.009771986970684038,0.26058631921824105,0.3125
12317,0,CF1,L3,0.3,bilinear,5,5,0.6475874185562134,1,False,0.009771986970684038,0.26058631921824105,0.3125
6275,0,CF1,L3,0.3,bilinear,6,6,0.7581761479377747,1,False,0.006514657980456026,0.254071661237785,0.3046875
14332,0,CF1,L3,0.3,bilinear,3,3,0.6372748017311096,1,False,0.02280130293159609,0.26058631921824105,0.3125
25615,0,CF1,L3,0.3,bilinear,8,8,0.9889889359474182,1,False,0.009771986970684038,0.247557003257329,0.296875
7680,0,CF1,L3,0.3,bilinear,7,7,0.9999761581420898,1,False,0.009771986970684038,0.250814332247557,0.30078125
22105,0,CF1,L3,0.3,bilinear,7,7,0.9982523322105408,1,False,0.013029315960912053,0.28664495114006516,0.34375
19179,0,CF1,L3,0.3,bilinear,5,5,0.7349549531936646,1,False,0.013029315960912053,0.23452768729641693,0.28125
22379,0,CF1,L3,0.3,bilinear,5,5,0.9014942646026611,1,False,0.003257328990228013,0.254071661237785,0.3046875
11796,0,CF1,L3,0.3,bilinear,0,0,0.9936572909355164,1,False,0.006514657980456026,0.2280130293159609,0.2734375
16929,0,CF1,L3,0.3,bilinear,0,0,0.9997957348823547,1,False,0.006514657980456026,0.24104234527687296,0.2890625
20580,0,CF1,L3,0.3,bilinear,2,5,0.34682130813598633,0,False,0.009771986970684038,0.24104234527687296,0.2890625
21272,0,CF1,L3,0.3,bilinear,7,7,0.7881066799163818,1,False,0.016286644951140065,0.24104234527687296,0.2890625
12963,0,CF1,L3,0.3,bilinear,4,4,0.9963876008987427,1,False,0.003257328990228013,0.247557003257329,0.296875
15648,0,CF1,L3,0.3,bilinear,9,9,0.9448352456092834,1,False,0.009771986970684038,0.254071661237785,0.3046875
10831,0,CF1,L3,0.3,bilinear,6,6,0.9967153072357178,1,False,0.013029315960912053,0.2182410423452769,0.26171875
12228,0,CF1,L3,0.3,bilinear,3,3,0.8889260292053223,1,False,0.02280130293159609,0.21498371335504887,0.2578125
2242,0,CF1,L3,0.3,bilinear,7,9,0.7757964134216309,0,False,0.009771986970684038,0.21498371335504887,0.2578125
25443,0,CF1,L3,0.3,bilinear,3,3,0.9999980926513672,1,False,0.016286644951140065,0.23452768729641693,0.28125
23913,0,CF1,L3,0.3,bilinear,1,1,0.9776495695114136,1,False,0.02280130293159609,0.21498371335504887,0.2578125
18452,0,CF1,L3,0.3,bilinear,1,1,0.9908379912376404,1,False,0.006514657980456026,0.24104234527687296,0.2890625
12210,0,CF1,L3,0.3,bilinear,0,0,0.9995846152305603,1,False,0.006514657980456026,0.2768729641693811,0.33203125
3532,0,CF1,L3,0.3,bilinear,6,6,0.4911080598831177,1,False,0.009771986970684038,0.28013029315960913,0.3359375
13678,0,CF1,L3,0.3,bilinear,9,9,0.9949786067008972,1,False,0.009771986970684038,0.25732899022801303,0.30859375
21370,0,CF1,L3,0.3,bilinear,5,8,0.5192379355430603,0,False,0.013029315960912053,0.23452768729641693,0.28125
23728,0,CF1,L3,0.3,bilinear,9,9,0.9998869895935059,1,False,0.0,0.2703583061889251,0.32421875
7460,0,CF1,L3,0.3,bilinear,0,0,0.9989250302314758,1,False,0.013029315960912053,0.23127035830618892,0.27734375
25354,0,CF1,L3,0.3,bilinear,2,2,0.994024932384491,1,False,0.009771986970684038,0.23452768729641693,0.28125
18984,0,CF1,L3,0.3,bilinear,8,8,0.991969645023346,1,False,0.009771986970684038,0.25732899022801303,0.30859375
12422,0,CF1,L3,0.3,bilinear,6,6,0.9997977614402771,1,False,0.0,0.28664495114006516,0.34375
7413,0,CF1,L3,0.3,bilinear,4,4,0.5441920757293701,1,False,0.019543973941368076,0.2671009771986971,0.3203125
