patch_id,seed,family,level,frac,method,true_label,prediction,confidence,correct,bounded_unknown,isolated_missing_frac,mask_overlap_centre,centre_erased_frac
17222,0,CF1,L3,0.3,csfr,8,8,0.9807230830192566,1,False,0.006514657980456026,0.24104234527687296,0.2890625
7987,0,CF1,L3,0.3,csfr,4,4,0.41845861077308655,1,False,0.009771986970684038,0.23452768729641693,0.28125
14403,0,CF1,L3,0.3,csfr,1,1,0.4865802228450775,1,False,0.009771986970684038,0.2280130293159609,0.2734375
12904,0,CF1,L3,0.3,csfr,1,1,0.7774016261100769,1,False,0.016286644951140065,0.2247557003257329,0.26953125
1024,0,CF1,L3,0.3,csfr,2,2,0.7112285494804382,1,False,0.016286644951140065,0.2703583061889251,0.32421875
15700,0,CF1,L3,0.3,csfr,3,0,0.9999978542327881,0,False,0.009771986970684038,0.2703583061889251,0.32421875
12639,0,CF1,L3,0.3,csfr,7,7,0.8244816064834595,1,False,0.013029315960912053,0.2247557003257329,0.26953125
20658,0,CF1,L3,0.3,csfr,4,2,0.45279377698898315,0,False,0.013029315960912053,0.25732899022801303,0.30859375
2642,0,CF1,L3,0.3,csfr,7,7,0.7635265588760376,1,False,0.013029315960912053,0.26384364820846906,0.31640625
9392,0,CF1,L3,0.3,csfr,9,9,0.9783477783203125,1,False,0.026058631921824105,0.22149837133550487,0.265625
23357,0,CF1,L3,0.3,csfr,5,5,0.554038941860199,1,False,0.016286644951140065,0.23452768729641693,0.28125
15977,0,CF1,L3,0.3,csfr,0,0,0.7575703263282776,1,False,0.003257328990228013,0.22149837133550487,0.265625
10440,0,CF1,L3,0.3,csfr,0,0,0.9991931319236755,1,False,0.006514657980456026,0.26384364820846906,0.31640625
14216,0,CF1,L3,0.3,csfr,3,3,0.7925256490707397,1,False,0.013029315960912053,0.25732899022801303,0.30859375
18353,0,CF1,L3,0.3,csfr,7,7,0.933534562587738,1,False,0.013029315960912053,0.23778501628664495,0.28515625
17404,0,CF1,L3,0.3,csfr,3,9,0.5330340266227722,0,False,0.026058631921824105,0.2671009771986971,0.3203125
8424,0,CF1,L3,0.3,csfr,8,8,0.41249239444732666,1,False,0.026058631921824105,0.2247557003257329,0.26953125
4744,0,CF1,L3,0.3,csfr,8,8,0.523647665977478,1,False,0.009771986970684038,0.23452768729641693,0.28125
18797,0,CF1,L3,0.3,csfr,7,7,0.9996242523193359,1,False,0.003257328990228013,0.28013029315960913,0.3359375
3156,0,CF1,L3,0.3,csfr,7,7,0.990658164024353,1,False,0.0,0.2736156351791531,0.328125
17024,0,CF1,L3,0.3,csfr,2,2,0.9443181753158569,1,False,0.0,0.26058631921824105,0.3125
7807,0,CF1,L3,0.3,csfr,8,8,0.9546853303909302,1,False,0.003257328990228013,0.21498371335504887,0.2578125
138,0,CF1,L3,0.3,csfr,0,0,0.9983056783676147,1,False,0.003257328990228013,0.24104234527687296,0.2890625
20222,0,CF1,L3,0.3,csfr,2,2,0.9999780654907227,1,False,0.0,0.250814332247557,0.30078125
24734,0,CF1,L3,0.3,csfr,9,0,0.6502358317375183,0,False,0.009771986970684038,0.28013029315960913,0.3359375
8909,0,CF1,L3,0.3,csfr,0,0,0.9286922812461853,1,False,0.0,0.2247557003257329,0.26953125
4684,0,CF1,L3,0.3,csfr,1,1,0.9992769360542297,1,False,0.0,0.26058631921824105,0.3125
15978,0,CF1,L3,0.3,csfr,6,6,0.766835629940033,1,False,0.016286644951140065,0.20521172638436483,0.24609375
21495,0,CF1,L3,0.3,csfr,7,7,0.8530714511871338,1,False,0.013029315960912053,0.2703583061889251,0.32421875
5107,0,CF1,L3,0.3,csfr,6,1,0.3742004632949829,0,False,0.016286644951140065,0.2671009771986971,0.3203125
1914,0,CF1,L3,0.3,csfr,2,2,0.8679443001747131,1,False,0.006514657980456026,0.23127035830618892,0.27734375
21307,0,CF1,L3,0.3,csfr,1,1,0.9999933242797852,1,False,0.003257328990228013,0.23778501628664495,0.28515625
7178,0,CF1,L3,0.3,csfr,4,4,0.7052357196807861,1,False,0.006514657980456026,0.23778501628664495,0.28515625
13264,0,CF1,L3,0.3,csfr,4,6,0.4869460463523865,0,False,0.006514657980456026,0.2768729641693811,0.33203125
21507,0,CF1,L3,0.3,csfr,1,1,0.9982637763023376,1,False,0.02280130293159609,0.23127035830618892,0.27734375
8399,0,CF1,L3,0.3,csfr,9,0,0.4513132572174072,0,False,0.013029315960912053,0.2768729641693811,0.33203125
4384,0,CF1,L3,0.3,csfr,0,0,0.9994871616363525,1,False,0.009771986970684038,0.23452768729641693,0.28125
5820,0,CF1,L3,0.3,csfr,0,1,0.7566392421722412,0,False,0.0,0.20846905537459284,0.25
22865,0,CF1,L3,0.3,csfr,0,0,0.9767628312110901,1,False,0.013029315960912053,0.19218241042345277,0.23046875
65,0,CF1,L3,0.3,csfr,0,0,0.6660902500152588,1,False,0.009771986970684038,0.28664495114006516,0.34375
15494,0,CF1,L3,0.3,csfr,6,6,0.6957404017448425,1,False,0.006514657980456026,0.26384364820846906,0.31640625
2327,0,CF1,L3,0.3,csfr,5,5,0.9235399961471558,1,False,0.009771986970684038,0.23778501628664495,0.28515625
24596,0,CF1,L3,0.3,csfr,7,6,0.7589439749717712,0,False,0.009771986970684038,0.2247557003257329,0.26953125
3825,0,CF1,L3,0.3,csfr,5,5,0.6635859608650208,1,False,0.016286644951140065,0.26384364820846906,0.31640625
17168,0,CF1,L3,0.3,csfr,7,7,0.9392301440238953,1,False,0.019543973941368076,0.2182410423452769,0.26171875
4357,0,CF1,L3,0.3,csfr,3,3,0.6419658064842224,1,False,0.013029315960912053,0.23452768729641693,0.28125
2364,0,CF1,L3,0.3,csfr,9,9,0.8699871301651001,1,False,0.006514657980456026,0.28664495114006516,0.34375
8703,0,CF1,L3,0.3,csfr,9,9,0.9800894260406494,1,False,0.016286644951140065,0.23778501628664495,0.28515625
19390,0,CF1,L3,0.3,csfr,9,9,0.9703750610351562,1,False,0.006514657980456026,0.2671009771986971,0.3203125
17853,0,CF1,L3,0.3,csfr,6,2,0.4382016062736511,0,False,0.006514657980456026,0.2768729641693811,0.33203125
4930,0,CF1,L3,0.3,csfr,4,1,0.7583275437355042,0,False,0.009771986970684038,0.247557003257329,0.296875
5314,0,CF1,L3,0.3,csfr,8,8,0.7899103164672852,1,False,0.013029315960912053,0.2280130293159609,0.2734375
4478,0,CF1,L3,0.3,csfr,8,8,0.9063593745231628,1,False,0.009771986970684038,0.250814332247557,0.30078125
23679,0,CF1,L3,0.3,csfr,4,1,0.8953071236610413,0,False,0.003257328990228013,0.23127035830618892,0.27734375
5449,0,CF1,L3,0.3,csfr,1,1,0.9035409688949585,1,False,0.003257328990228013,0.28338762214983715,0.33984375
24183,0,CF1,L3,0.3,csfr,0,0,0.9446475505828857,1,False,0.019543973941368076,0.2247557003257329,0.26953125
20842,0,CF1,L3,0.3,csfr,3,3,0.971639096736908,1,False,0.006514657980456026,0.2703583061889251,0.32421875
18825,0,CF1,L3,0.3,csfr,9,0,0.6531632542610168,0,False,0.006514657980456026,0.2182410423452769,0.26171875
6265,0,CF1,L3,0.3,csfr,1,1,0.9307360053062439,1,False,0.013029315960912053,0.26058631921824105,0.3125
24932,0,CF1,L3,0.3,csfr,4,2,0.44097304344177246,0,False,0.003257328990228013,0.26384364820846906,0.31640625
14427,0,CF1,L3,0.3,csfr,8,9,0.4882050156593323,0,False,0.009771986970684038,0.23778501628664495,0.28515625
3740,0,CF1,L3,0.3,csfr,7,7,0.9900050759315491,1,False,0.003257328990228013,0.25732899022801303,0.30859375
16809,0,CF1,L3,0.3,csfr,9,2,0.41449329257011414,0,False,0.013029315960912053,0.24104234527687296,0.2890625
1136,0,CF1,L3,0.3,csfr,1,1,0.8278816938400269,1,False,0.019543973941368076,0.2768729641693811,0.33203125
25757,0,CF1,L3,0.3,csfr,5,5,0.9823147058486938,1,False,0.016286644951140065,0.247557003257329,0.296875
7356,0,CF1,L3,0.3,csfr,4,4,0.6052108407020569,1,False,0.013029315960912053,0.250814332247557,0.30078125
12298,0,CF1,L3,0.3,csfr,0,0,0.9850295186042786,1,False,0.009771986970684038,0.26058631921824105,0.3125
5700,0,CF1,L3,0.3,csfr,3,2,0.42585429549217224,0,False,0.019543973941368076,0.23452768729641693,0.28125
22753,0,CF1,L3,0.3,csfr,6,6,0.8274029493331909,1,False,0.006514657980456026,0.24104234527687296,0.2890625
16813,0,CF1,L3,0.3,csfr,6,8,0.5304964184761047,0,False,0.013029315960912053,0.2182410423452769,0.26171875
7373,0,CF1,L3,0.3,csfr,8,8,0.7694898247718811,1,False,0.013029315960912053,0.26058631921824105,0.3125
20149,0,CF1,L3,0.3,csfr,2,2,0.7152257561683655,1,False,0.016286644951140065,0.2703583061889251,0.32421875
15874,0,CF1,L3,0.3,csfr,9,9,0.9892284870147705,1,False,0.013029315960912053,0.23127035830618892,0.27734375
26011,0,CF1,L3,0.3,csfr,0,0,0.9116309285163879,1,False,0.019543973941368076,0.2182410423452769,0.26171875
4196,0,CF1,L3,0.3,csfr,9,9,0.649005651473999,1,False,0.013029315960912053,0.26384364820846906,0.31640625
11227,0,CF1,L3,0.3,csfr,3,3,0.717350423336029,1,False,0.003257328990228013,0.250814332247557,0.30078125
15736,0,CF1,L3,0.3,csfr,3,3,0.99122554063797,1,False,0.006514657980456026,0.25732899022801303,0.30859375
6339,0,CF1,L3,0.3,csfr,6,6,0.82191401720047,1,False,0.009771986970684038,0.26384364820846906,0.31640625
25704,0,CF1,L3,0.3,csfr,2,2,0.9756362438201904,1,False,0.009771986970684038,0.23452768729641693,0.28125
3190,0,CF1,L3,0.3,csfr,7,7,0.9071612358093262,1,False,0.003257328990228013,0.2768729641693811,0.33203125
737,0,CF1,L3,0.3,csfr,4,4,0.7719151377677917,1,False,0.006514657980456026,0.2182410423452769,0.26171875
22875,0,CF1,L3,0.3,csfr,9,9,0.9502151608467102,1,False,0.006514657980456026,0.250814332247557,0.30078125
22749,0,CF1,L3,0.3,csfr,3,3,0.7588480114936829,1,False,0.003257328990228013,0.23452768729641693,0.28125
22998,0,CF1,L3,0.3,csfr,3,3,0.9779892563819885,1,False,0.006514657980456026,0.25732899022801303,0.30859375
24210,0,CF1,L3,0.3,csfr,5,5,0.9427141547203064,1,False,0.006514657980456026,0.26058631921824105,0.3125
6800,0,CF1,L3,0.3,csfr,4,4,0.8987976908683777,1,False,0.013029315960912053,0.254071661237785,0.3046875
16602,0,CF1,L3,0.3,csfr,9,9,0.47150370478630066,1,False,0.003257328990228013,0.247557003257329,0.296875
10822,0,CF1,L3,0.3,csfr,6,6,0.7766847610473633,1,False,0.006514657980456026,0.25732899022801303,0.30859375
12822,0,CF1,L3,0.3,csfr,1,1,0.9999746084213257,1,False,0.009771986970684038,0.24104234527687296,0.2890625
12758,0,CF1,L3,0.3,csfr,5,5,0.9685560464859009,1,False,0.003257328990228013,0.28013029315960913,0.3359375
21144,0,CF1,L3,0.3,csfr,4,4,0.97239750623703,1,False,0.009771986970684038,0.2247557003257329,0.26953125
4900,0,CF1,L3,0.3,csfr,6,6,0.4279155731201172,1,False,0.006514657980456026,0.24104234527687296,0.2890625
22888,0,CF1,L3,0.3,csfr,9,9,0.9990859031677246,1,False,0.016286644951140065,0.247557003257329,0.296875
19935,0,CF1,L3,0.3,csfr,9,9,0.5822848081588745,1,False,0.02280130293159609,0.247557003257329,0.296875
21896,0,CF1,L3,0.3,csfr,7,7,0.9862803220748901,1,False,0.013029315960912053,0.2247557003257329,0.26953125
3475,0,CF1,L3,0.3,csfr,3,3,0.8743411302566528,1,False,0.013029315960912053,0.2931596091205212,0.3515625
16171,0,CF1,L3,0.3,csfr,0,0,0.9998815059661865,1,False,0.013029315960912053,0.24429967426710097,0.29296875
4672,0,CF1,L3,0.3,csfr,4,7,0.9089006781578064,0,False,0.003257328990228013,0.26058631921824105,0.3125
10146,0,CF1,L3,0.3,csfr,2,2,0.9999499320983887,1,False,0.02280130293159609,0.247557003257329,0.296875
9207,0,CF1,L3,0.3,csfr,7,7,0.8145493268966675,1,False,0.009771986970684038,0.26384364820846906,0.31640625
17745,0,CF1,L3,0.3,csfr,9,2,0.9996927976608276,0,False,0.016286644951140065,0.25732899022801303,0.30859375
432,0,CF1,L3,0.3,csfr,7,7,0.8974395394325256,1,False,0.019543973941368076,0.247557003257329,0.296875
6608,0,CF1,L3,0.3,csfr,4,4,0.9896342754364014,1,False,0.006514657980456026,0.24104234527687296,0.2890625
25769,0,CF1,L3,0.3,csfr,9,9,0.9984343647956848,1,False,0.02280130293159609,0.2280130293159609,0.2734375
14774,0,CF1,L3,0.3,csfr,3,3,0.8962591886520386,1,False,0.003257328990228013,0.26058631921824105,0.3125
21627,0,CF1,L3,0.3,csfr,4,4,0.8115034103393555,1,False,0.009771986970684038,0.28013029315960913,0.3359375
8133,0,CF1,L3,0.3,csfr,2,2,0.9999096393585205,1,False,0.003257328990228013,0.250814332247557,0.30078125
12554,0,CF1,L3,0.3,csfr,4,4,0.9994385838508606,1,False,0.006514657980456026,0.2247557003257329,0.26953125
10856,0,CF1,L3,0.3,csfr,1,1,0.9648689031600952,1,False,0.009771986970684038,0.2182410423452769,0.26171875
15931,0,CF1,L3,0.3,csfr,3,3,0.9938029050827026,1,False,0.02280130293159609,0.26058631921824105,0.3125
2367,0,CF1,L3,0.3,csfr,2,2,0.7028341889381409,1,False,0.006514657980456026,0.2280130293159609,0.2734375
25563,0,CF1,L3,0.3,csfr,7,7,0.8010674118995667,1,False,0.006514657980456026,0.247557003257329,0.296875
6748,0,CF1,L3,0.3,csfr,2,2,0.9891697764396667,1,False,0.006514657980456026,0.2703583061889251,0.32421875
5368,0,CF1,L3,0.3,csfr,8,8,0.9904279708862305,1,False,0.006514657980456026,0.247557003257329,0.296875
25951,0,CF1,L3,0.3,csfr,6,6,0.9841355681419373,1,False,0.006514657980456026,0.26058631921824105,0.3125
22082,0,CF1,L3,0.3,csfr,7,7,0.9995749592781067,1,False,0.006514657980456026,0.2247557003257329,0.26953125
19301,0,CF1,L3,0.3,csfr,4,4,0.9940471649169922,1,False,0.013029315960912053,0.23127035830618892,0.27734375
13302,0,CF1,L3,0.3,csfr,4,4,0.990918755531311,1,False,0.016286644951140065,0.26058631921824105,0.3125
15358,0,CF1,L3,0.3,csfr,0,0,0.7871333956718445,1,False,0.009771986970684038,0.26058631921824105,0.3125
23572,0,CF1,L3,0.3,csfr,2,2,0.9213176965713501,1,False,0.006514657980456026,0.26384364820846906,0.31640625
14736,0,CF1,L3,0.3,csfr,4,4,0.9965541362762451,1,False,0.019543973941368076,0.2703583061889251,0.32421875
16685,0,CF1,L3,0.3,csfr,2,2,0.9348787069320679,1,False,0.009771986970684038,0.25732899022801303,0.30859375
21902,0,CF1,L3,0.3,csfr,7,7,0.5589249730110168,1,False,0.02280130293159609,0.24429967426710097,0.29296875
6713,0,CF1,L3,0.3,csfr,5,6,0.49866023659706116,0,False,0.009771986970684038,0.26058631921824105,0.3125
8771,0,CF1,L3,0.3,csfr,4,4,0.9748157262802124,1,False,0.0,0.2931596091205212,0.3515625
20264,0,CF1,L3,0.3,csfr,3,5,0.4905015230178833,0,False,0.003257328990228013,0.2671009771986971,0.3203125
24489,0,CF1,L3,0.3,csfr,1,1,0.9999970197677612,1,False,0.003257328990228013,0.23778501628664495,0.28515625
24852,0,CF1,L3,0.3,csfr,1,4,0.7174456119537354,0,False,0.006514657980456026,0.23778501628664495,0.28515625
6746,0,CF1,L3,0.3,csfr,1,1,0.835817277431488,1,False,0.003257328990228013,0.23452768729641693,0.28125
5951,0,CF1,L3,0.3,csfr,5,5,0.7057495713233948,1,False,0.009771986970684038,0.23127035830618892,0.27734375
6438,0,CF1,L3,0.3,csfr,4,4,0.9995030164718628,1,False,0.006514657980456026,0.2736156351791531,0.328125
11126,0,CF1,L3,0.3,csfr,9,6,0.6643473505973816,0,False,0.006514657980456026,0.28338762214983715,0.33984375
24241,0,CF1,L3,0.3,csfr,3,3,0.9334642291069031,1,False,0.0,0.23778501628664495,0.28515625
23621,0,CF1,L3,0.3,csfr,6,6,0.8344374299049377,1,False,0.003257328990228013,0.2182410423452769,0.26171875
14358,0,CF1,L3,0.3,csfr,6,6,0.5364930033683777,1,False,0.016286644951140065,0.23127035830618892,0.27734375
19003,0,CF1,L3,0.3,csfr,6,6,0.50196772813797,1,False,0.003257328990228013,0.247557003257329,0.296875
3760,0,CF1,L3,0.3,csfr,9,2,0.5901188254356384,0,False,0.006514657980456026,0.2768729641693811,0.33203125
1155,0,CF1,L3,0.3,csfr,5,5,0.9973253011703491,1,False,0.003257328990228013,0.23127035830618892,0.27734375
22044,0,CF1,L3,0.3,csfr,8,7,0.25196701288223267,0,False,0.016286644951140065,0.250814332247557,0.30078125
17521,0,CF1,L3,0.3,csfr,4,4,0.912140429019928,1,False,0.009771986970684038,0.250814332247557,0.30078125
15177,0,CF1,L3,0.3,csfr,9,9,0.6793810725212097,1,False,0.009771986970684038,0.2671009771986971,0.3203125
21080,0,CF1,L3,0.3,csfr,0,0,0.998831570148468,1,False,0.013029315960912053,0.28013029315960913,0.3359375
4507,0,CF1,L3,0.3,csfr,5,5,0.7849956750869751,1,False,0.006514657980456026,0.2182410423452769,0.26171875
10600,0,CF1,L3,0.3,csfr,7,7,0.9878540635108948,1,False,0.003257328990228013,0.254071661237785,0.3046875
11754,0,CF1,L3,0.3,csfr,1,1,0.999699592590332,1,False,0.009771986970684038,0.23778501628664495,0.28515625
22934,0,CF1,L3,0.3,csfr,4,4,0.9639682769775391,1,False,0.013029315960912053,0.21498371335504887,0.2578125
19094,0,CF1,L3,0.3,csfr,3,3,0.9988858103752136,1,False,0.013029315960912053,0.20521172638436483,0.24609375
25246,0,CF1,L3,0.3,csfr,7,7,0.9114387631416321,1,False,0.013029315960912053,0.254071661237785,0.3046875
14745,0,CF1,L3,0.3,csfr,2,2,0.9999938011169434,1,False,0.003257328990228013,0.250814332247557,0.30078125
3177,0,CF1,L3,0.3,csfr,8,9,0.5536322593688965,0,False,0.006514657980456026,0.24104234527687296,0.2890625
13870,0,CF1,L3,0.3,csfr,5,1,0.44580909609794617,0,False,0.006514657980456026,0.28664495114006516,0.34375
5605,0,CF1,L3,0.3,csfr,6,6,0.9490336179733276,1,False,0.006514657980456026,0.247557003257329,0.296875
5202,0,CF1,L3,0.3,csfr,8,8,0.9939046502113342,1,False,0.009771986970684038,0.247557003257329,0.296875
8800,0,CF1,L3,0.3,csfr,5,5,0.9950416684150696,1,False,0.013029315960912053,0.24429967426710097,0.29296875
645,0,CF1,L3,0.3,csfr,3,3,0.9955506324768066,1,False,0.009771986970684038,0.2247557003257329,0.26953125
16077,0,CF1,L3,0.3,csfr,5,5,0.9906099438667297,1,False,0.013029315960912053,0.23452768729641693,0.28125
15336,0,CF1,L3,0.3,csfr,5,5,0.7822180390357971,1,False,0.0,0.250814332247557,0.30078125
20933,0,CF1,L3,0.3,csfr,0,0,0.8776822686195374,1,False,0.016286644951140065,0.2671009771986971,0.3203125
10580,0,CF1,L3,0.3,csfr,8,8,0.8782687187194824,1,False,0.013029315960912053,0.23778501628664495,0.28515625
25902,0,CF1,L3,0.3,csfr,6,6,0.9465944170951843,1,False,0.009771986970684038,0.21172638436482086,0.25390625
4666,0,CF1,L3,0.3,csfr,8,8,0.9999121427536011,1,False,0.013029315960912053,0.25732899022801303,0.30859375
14541,0,CF1,L3,0.3,csfr,4,4,0.9761059880256653,1,False,0.006514657980456026,0.28338762214983715,0.33984375
7374,0,CF1,L3,0.3,csfr,5,5,0.8125619292259216,1,False,0.009771986970684038,0.28338762214983715,0.33984375
4697,0,CF1,L3,0.3,csfr,5,0,0.4332320988178253,0,False,0.016286644951140065,0.24104234527687296,0.2890625
6317,0,CF1,L3,0.3,csfr,5,5,0.7485501170158386,1,False,0.006514657980456026,0.26384364820846906,0.31640625
16623,0,CF1,L3,0.3,csfr,6,6,0.8117293119430542,1,False,0.026058631921824105,0.2703583061889251,0.32421875
16511,0,CF1,L3,0.3,csfr,6,5,0.3342796862125397,0,False,0.003257328990228013,0.254071661237785,0.3046875
16162,0,CF1,L3,0.3,csfr,3,9,0.5861638784408569,0,False,0.016286644951140065,0.3127035830618892,0.375
5989,0,CF1,L3,0.3,csfr,1,1,0.9023205637931824,1,False,0.03257328990228013,0.26058631921824105,0.3125
18753,0,CF1,L3,0.3,csfr,5,5,0.9980632662773132,1,False,0.019543973941368076,0.24429967426710097,0.29296875
20853,0,CF1,L3,0.3,csfr,4,4,0.7202383875846863,1,False,0.009771986970684038,0.250814332247557,0.30078125
16556,0,CF1,L3,0.3,csfr,0,0,0.965792179107666,1,False,0.0,0.2247557003257329,0.26953125
7019,0,CF1,L3,0.3,csfr,9,9,0.9354309439659119,1,False,0.016286644951140065,0.22149837133550487,0.265625
3090,0,CF1,L3,0.3,csfr,6,6,0.9969229102134705,1,False,0.009771986970684038,0.2280130293159609,0.2734375
14680,0,CF1,L3,0.3,csfr,3,3,0.975196123123169,1,False,0.009771986970684038,0.30618892508143325,0.3671875
869,0,CF1,L3,0.3,csfr,3,3,0.4570542275905609,1,False,0.003257328990228013,0.22149837133550487,0.265625
7595,0,CF1,L3,0.3,csfr,6,6,0.8823032975196838,1,False,0.016286644951140065,0.23127035830618892,0.27734375
14417,0,CF1,L3,0.3,csfr,1,1,0.9666451215744019,1,False,0.009771986970684038,0.20195439739413681,0.2421875
13624,0,CF1,L3,0.3,csfr,9,9,0.9891208410263062,1,False,0.026058631921824105,0.21172638436482086,0.25390625
21083,0,CF1,L3,0.3,csfr,0,0,0.9989134073257446,1,False,0.013029315960912053,0.25732899022801303,0.30859375
7556,0,CF1,L3,0.3,csfr,1,1,0.9957463145256042,1,False,0.013029315960912053,0.250814332247557,0.30078125
9289,0,CF1,L3,0.3,csfr,8,8,0.6792629957199097,1,False,0.013029315960912053,0.23127035830618892,0.27734375
19944,0,CF1,L3,0.3,csfr,3,3,0.9043899774551392,1,False,0.006514657980456026,0.250814332247557,0.30078125
6057,0,CF1,L3,0.3,csfr,1,1,0.9921918511390686,1,False,0.003257328990228013,0.25732899022801303,0.30859375
23029,0,CF1,L3,0.3,csfr,8,0,0.5966565608978271,0,False,0.009771986970684038,0.24104234527687296,0.2890625
23668,0,CF1,L3,0.3,csfr,5,5,0.947162389755249,1,False,0.003257328990228013,0.2280130293159609,0.2734375
13115,0,CF1,L3,0.3,csfr,8,8,0.9784992933273315,1,False,0.009771986970684038,0.2703583061889251,0.32421875
20635,0,CF1,L3,0.3,csfr,3,3,0.46711021661758423,1,False,0.016286644951140065,0.22149837133550487,0.265625
4281,0,CF1,L3,0.3,csfr,4,4,0.9797711968421936,1,False,0.003257328990228013,0.28013029315960913,0.3359375
4139,0,CF1,L3,0.3,csfr,9,2,0.5324038863182068,0,False,0.02280130293159609,0.23778501628664495,0.28515625
10652,0,CF1,L3,0.3,csfr,1,1,0.9471303820610046,1,False,0.013029315960912053,0.2703583061889251,0.32421875
700,0,CF1,L3,0.3,csfr,1,1,0.9983114004135132,1,False,0.006514657980456026,0.2964169381107492,0.35546875
5772,0,CF1,L3,0.3,csfr,3,7,0.33578649163246155,0,False,0.019543973941368076,0.2736156351791531,0.328125
8114,0,CF1,L3,0.3,csfr,9,9,0.8184534907341003,1,False,0.006514657980456026,0.2703583061889251,0.32421875
5964,0,CF1,L3,0.3,csfr,6,6,0.6928718090057373,1,False,0.006514657980456026,0.25732899022801303,0.30859375
17278,0,CF1,L3,0.3,csfr,7,7,0.7735679745674133,1,False,0.006514657980456026,0.22149837133550487,0.265625
9961,0,CF1,L3,0.3,csfr,0,0,0.5530663728713989,1,False,0.009771986970684038,0.2671009771986971,0.3203125
25974,0,CF1,L3,0.3,csfr,7,7,0.9999445676803589,1,False,0.009771986970684038,0.24429967426710097,0.29296875
14317,0,CF1,L3,0.3,csfr,3,3,0.9383537173271179,1,False,0.006514657980456026,0.2703583061889251,0.32421875
6485,0,CF1,L3,0.3,csfr,0,0,0.9999843835830688,1,False,0.009771986970684038,0.2736156351791531,0.328125
18287,0,CF1,L3,0.3,csfr,0,0,0.989528477191925,1,False,0.006514657980456026,0.247557003257329,0.296875
11840,0,CF1,L3,0.3,csfr,4,4,0.9322903752326965,1,False,0.013029315960912053,0.23127035830618892,0.27734375
864,0,CF1,L3,0.3,csfr,0,0,0.9980384707450867,1,False,0.02280130293159609,0.23452768729641693,0.28125
20612,0,CF1,L3,0.3,csfr,1,1,0.7410683631896973,1,False,0.016286644951140065,0.28338762214983715,0.33984375
21079,0,CF1,L3,0.3,csfr,1,1,0.9999282360076904,1,False,0.0,0.26058631921824105,0.3125
11286,0,CF1,L3,0.3,csfr,5,5,0.9927875399589539,1,False,0.016286644951140065,0.2247557003257329,0.26953125
788,0,CF1,L3,0.3,csfr,0,0,0.9793248772621155,1,False,0.006514657980456026,0.28013029315960913,0.3359375
15932,0,CF1,L3,0.3,csfr,3,3,0.8802129626274109,1,False,0.0,0.23778501628664495,0.28515625
18511,0,CF1,L3,0.3,csfr,3,3,0.9971747398376465,1,False,0.003257328990228013,0.26058631921824105,0.3125
21576,0,CF1,L3,0.3,csfr,5,1,0.4239366054534912,0,False,0.0,0.26058631921824105,0.3125
17237,0,CF1,L3,0.3,csfr,2,2,0.9992413520812988,1,False,0.006514657980456026,0.20195439739413681,0.2421875
2966,0,CF1,L3,0.3,csfr,2,2,0.9999994039535522,1,False,0.009771986970684038,0.2964169381107492,0.35546875
16416,0,CF1,L3,0.3,csfr,5,5,0.9965597987174988,1,False,0.009771986970684038,0.2671009771986971,0.3203125
1280,0,CF1,L3,0.3,csfr,5,5,0.8779053688049316,1,False,0.009771986970684038,0.25732899022801303,0.30859375
24928,0,CF1,L3,0.3,csfr,0,0,0.9448351263999939,1,False,0.003257328990228013,0.250814332247557,0.30078125
23837,0,CF1,L3,0.3,csfr,1,1,0.8916360139846802,1,False,0.003257328990228013,0.23452768729641693,0.28125
20230,0,CF1,L3,0.3,csfr,1,1,0.998824417591095,1,False,0.003257328990228013,0.22149837133550487,0.265625
23434,0,CF1,L3,0.3,csfr,5,5,0.9953609108924866,1,False,0.013029315960912053,0.254071661237785,0.3046875
20522,0,CF1,L3,0.3,csfr,6,2,0.3888668417930603,0,False,0.009771986970684038,0.2280130293159609,0.2734375
7789,0,CF1,L3,0.3,csfr,3,7,0.3469259440898895,0,False,0.009771986970684038,0.2247557003257329,0.26953125
22086,0,CF1,L3,0.3,csfr,6,6,0.9914729595184326,1,False,0.006514657980456026,0.2736156351791531,0.328125
21339,0,CF1,L3,0.3,csfr,0,0,0.9996665716171265,1,False,0.009771986970684038,0.247557003257329,0.296875
6830,0,CF1,L3,0.3,csfr,9,9,0.999985933303833,1,False,0.009771986970684038,0.247557003257329,0.296875
20902,0,CF1,L3,0.3,csfr,2,2,0.9934849143028259,1,False,0.026058631921824105,0.2931596091205212,0.3515625
17481,0,CF1,L3,0.3,csfr,5,5,0.9888588190078735,1,False,0.006514657980456026,0.26384364820846906,0.31640625
3050,0,CF1,L3,0.3,csfr,6,6,0.586209237575531,1,False,0.009771986970684038,0.23452768729641693,0.28125
409,0,CF1,L3,0.3,csfr,1,4,0.7454873919487,0,False,0.009771986970684038,0.247557003257329,0.296875
14823,0,CF1,L3,0.3,csfr,7,7,0.9480806589126587,1,False,0.013029315960912053,0.2280130293159609,0.2734375
22892,0,CF1,L3,0.3,csfr,9,1,0.39168718457221985,0,False,0.0,0.23127035830618892,0.27734375
9470,0,CF1,L3,0.3,csfr,8,8,0.5702944397926331,1,False,0.009771986970684038,0.26058631921824105,0.3125
9543,0,CF1,L3,0.3,csfr,6,8,0.49887582659721375,0,False,0.003257328990228013,0.26384364820846906,0.31640625
22090,0,CF1,L3,0.3,csfr,5,5,0.99403315782547,1,False,0.02280130293159609,0.23452768729641693,0.28125
6045,0,CF1,L3,0.3,csfr,6,6,0.9908612966537476,1,False,0.006514657980456026,0.2247557003257329,0.26953125
317,0,CF1,L3,0.3,csfr,8,8,0.9757585525512695,1,False,0.013029315960912053,0.25732899022801303,0.30859375
15812,0,CF1,L3,0.3,csfr,0,0,0.9969899654388428,1,False,0.006514657980456026,0.2247557003257329,0.26953125
18170,0,CF1,L3,0.3,csfr,9,9,0.9852710962295532,1,False,0.02280130293159609,0.28664495114006516,0.34375
14781,0,CF1,L3,0.3,csfr,0,0,0.924939751625061,1,False,0.013029315960912053,0.250814332247557,0.30078125
17886,0,CF1,L3,0.3,csfr,9,9,0.9851974844932556,1,False,0.006514657980456026,0.26058631921824105,0.3125
20049,0,CF1,L3,0.3,csfr,3,0,0.8932948708534241,0,False,0.009771986970684038,0.254071661237785,0.3046875
13283,0,CF1,L3,0.3,csfr,0,0,0.9433539509773254,1,False,0.013029315960912053,0.26384364820846906,0.31640625
25830,0,CF1,L3,0.3,csfr,5,5,0.9987660646438599,1,False,0.0,0.247557003257329,0.296875
14277,0,CF1,L3,0.3,csfr,9,9,0.9560297131538391,1,False,0.02280130293159609,0.26384364820846906,0.31640625
5908,0,CF1,L3,0.3,csfr,1,1,0.9999738931655884,1,False,0.013029315960912053,0.2247557003257329,0.26953125
9731,0,CF1,L3,0.3,csfr,8,8,0.8555405735969543,1,False,0.003257328990228013,0.25732899022801303,0.30859375
14180,0,CF1,L3,0.3,csfr,9,9,0.9966133236885071,1,False,0.003257328990228013,0.24429967426710097,0.29296875
9246,0,CF1,L3,0.3,csfr,2,2,0.9989860653877258,1,False,0.016286644951140065,0.20846905537459284,0.25
1656,0,CF1,L3,0.3,csfr,2,2,0.3825826048851013,1,False,0.019543973941368076,0.23778501628664495,0.28515625
17712,0,CF1,L3,0.3,csfr,1,1,0.8662006855010986,1,False,0.013029315960912053,0.28013029315960913,0.3359375
25544,0,CF1,L3,0.3,csfr,9,9,0.6791542768478394,1,False,0.003257328990228013,0.22149837133550487,0.265625
1120,0,CF1,L3,0.3,csfr,5,5,0.9984511137008667,1,False,0.006514657980456026,0.23778501628664495,0.28515625
1298,0,CF1,L3,0.3,csfr,6,6,0.8629429340362549,1,False,0.009771986970684038,0.23452768729641693,0.28125
25570,0,CF1,L3,0.3,csfr,2,2,0.9969178438186646,1,False,0.003257328990228013,0.2182410423452769,0.26171875
5370,0,CF1,L3,0.3,csfr,7,7,0.7780601978302002,1,False,0.009771986970684038,0.247557003257329,0.296875
19075,0,CF1,L3,0.3,csfr,2,2,0.9887359738349915,1,False,0.006514657980456026,0.2280130293159609,0.2734375
8583,0,CF1,L3,0.3,csfr,0,0,0.22798235714435577,1,False,0.003257328990228013,0.2671009771986971,0.3203125
2133,0,CF1,L3,0.3,csfr,0,2,0.3268415033817291,0,False,0.016286644951140065,0.23127035830618892,0.27734375
1982,0,CF1,L3,0.3,csfr,2,2,0.8659669756889343,1,False,0.009771986970684038,0.250814332247557,0.30078125
950,0,CF1,L3,0.3,csfr,8,8,0.45686864852905273,1,False,0.009771986970684038,0.26384364820846906,0.31640625
19563,0,CF1,L3,0.3,csfr,4,4,0.9826743006706238,1,False,0.003257328990228013,0.2703583061889251,0.32421875
21023,0,CF1,L3,0.3,csfr,6,6,0.9755954742431641,1,False,0.019543973941368076,0.21498371335504887,0.2578125
15687,0,CF1,L3,0.3,csfr,0,0,0.7937409281730652,1,False,0.0,0.2768729641693811,0.33203125
6444,0,CF1,L3,0.3,csfr,6,6,0.977005124092102,1,False,0.003257328990228013,0.2280130293159609,0.2734375
15735,0,CF1,L3,0.3,csfr,4,4,0.998993456363678,1,False,0.016286644951140065,0.24429967426710097,0.29296875
10651,0,CF1,L3,0.3,csfr,0,0,0.7931408882141113,1,False,0.003257328990228013,0.24429967426710097,0.29296875
13256,0,CF1,L3,0.3,csfr,1,1,0.9998445510864258,1,False,0.009771986970684038,0.25732899022801303,0.30859375
16855,0,CF1,L3,0.3,csfr,6,5,0.29356852173805237,0,False,0.009771986970684038,0.254071661237785,0.3046875
14884,0,CF1,L3,0.3,csfr,9,9,0.9823800325393677,1,False,0.009771986970684038,0.2671009771986971,0.3203125
21884,0,CF1,L3,0.3,csfr,6,6,0.8564041256904602,1,False,0.006514657980456026,0.2247557003257329,0.26953125
5078,0,CF1,L3,0.3,csfr,3,3,0.49125364422798157,1,False,0.013029315960912053,0.254071661237785,0.3046875
20419,0,CF1,L3,0.3,csfr,9,9,0.5444612503051758,1,False,0.009771986970684038,0.250814332247557,0.30078125
20521,0,CF1,L3,0.3,csfr,5,5,0.9664335250854492,1,False,0.006514657980456026,0.23778501628664495,0.28515625
23257,0,CF1,L3,0.3,csfr,5,5,0.8263170719146729,1,False,0.009771986970684038,0.31921824104234525,0.3828125
17190,0,CF1,L3,0.3,csfr,2,2,0.9846460223197937,1,False,0.006514657980456026,0.2703583061889251,0.32421875
15631,0,CF1,L3,0.3,csfr,8,8,0.988075852394104,1,False,0.003257328990228013,0.2247557003257329,0.26953125
504,0,CF1,L3,0.3,csfr,0,0,0.9763022661209106,1,False,0.013029315960912053,0.2247557003257329,0.26953125
14990,0,CF1,L3,0.3,csfr,3,3,0.9994935989379883,1,False,0.016286644951140065,0.23452768729641693,0.28125
24512,0,CF1,L3,0.3,csfr,8,8,0.9067766666412354,1,False,0.009771986970684038,0.250814332247557,0.30078125
23120,0,CF1,L3,0.3,csfr,7,7,0.7521407008171082,1,False,0.006514657980456026,0.2182410423452769,0.26171875
3357,0,CF1,L3,0.3,csfr,2,2,0.9978343844413757,1,False,0.016286644951140065,0.22149837133550487,0.265625
8088,0,CF1,L3,0.3,csfr,1,1,0.9585318565368652,1,False,0.016286644951140065,0.24104234527687296,0.2890625
21849,0,CF1,L3,0.3,csfr,9,9,0.7446618676185608,1,False,0.009771986970684038,0.2703583061889251,0.32421875
13683,0,CF1,L3,0.3,csfr,0,0,0.9941232800483704,1,False,0.009771986970684038,0.23778501628664495,0.28515625
22718,0,CF1,L3,0.3,csfr,9,3,0.6683174967765808,0,False,0.013029315960912053,0.250814332247557,0.30078125
9927,0,CF1,L3,0.3,csfr,4,4,0.9128742814064026,1,False,0.016286644951140065,0.24429967426710097,0.29296875
11425,0,CF1,L3,0.3,csfr,0,0,0.9992600083351135,1,False,0.026058631921824105,0.247557003257329,0.296875
14578,0,CF1,L3,0.3,csfr,0,0,0.8573517203330994,1,False,0.019543973941368076,0.2182410423452769,0.26171875
25481,0,CF1,L3,0.3,csfr,8,8,0.6646239161491394,1,False,0.009771986970684038,0.250814332247557,0.30078125
11269,0,CF1,L3,0.3,csfr,5,5,0.9981572031974792,1,False,0.009771986970684038,0.24429967426710097,0.29296875
12877,0,CF1,L3,0.3,csfr,5,5,0.9447134137153625,1,False,0.006514657980456026,0.25732899022801303,0.30859375
22531,0,CF1,L3,0.3,csfr,9,9,0.3087131381034851,1,False,0.016286644951140065,0.23778501628664495,0.28515625
13150,0,CF1,L3,0.3,csfr,3,1,0.4176323711872101,0,False,0.006514657980456026,0.25732899022801303,0.30859375
5654,0,CF1,L3,0.3,csfr,8,8,0.7823411822319031,1,False,0.016286644951140065,0.26384364820846906,0.31640625
1286,0,CF1,L3,0.3,csfr,7,7,0.9942663311958313,1,False,0.009771986970684038,0.2703583061889251,0.32421875
1652,0,CF1,L3,0.3,csfr,1,1,0.9999412298202515,1,False,0.016286644951140065,0.250814332247557,0.30078125
22335,0,CF1,L3,0.3,csfr,2,2,0.9515879154205322,1,False,0.016286644951140065,0.2703583061889251,0.32421875
23848,0,CF1,L3,0.3,csfr,3,3,0.9352293610572815,1,False,0.029315960912052116,0.2247557003257329,0.26953125
2892,0,CF1,L3,0.3,csfr,6,6,0.9915904402732849,1,False,0.006514657980456026,0.2671009771986971,0.3203125
16530,0,CF1,L3,0.3,csfr,8,8,0.9026404023170471,1,False,0.009771986970684038,0.26384364820846906,0.31640625
12848,0,CF1,L3,0.3,csfr,8,8,0.9878208041191101,1,False,0.016286644951140065,0.28664495114006516,0.34375
7330,0,CF1,L3,0.3,csfr,7,7,0.9738982319831848,1,False,0.003257328990228013,0.250814332247557,0.30078125
3676,0,CF1,L3,0.3,csfr,1,1,0.9404877424240112,1,False,0.013029315960912053,0.23778501628664495,0.28515625
19966,0,CF1,L3,0.3,csfr,8,8,0.8395663499832153,1,False,0.016286644951140065,0.22149837133550487,0.265625
8382,0,CF1,L3,0.3,csfr,5,6,0.7779802083969116,0,False,0.009771986970684038,0.250814332247557,0.30078125
19660,0,CF1,L3,0.3,csfr,7,7,0.4061930477619171,1,False,0.0,0.2182410423452769,0.26171875
2508,0,CF1,L3,0.3,csfr,9,9,0.8278325796127319,1,False,0.013029315960912053,0.22149837133550487,0.265625
2360,0,CF1,L3,0.3,csfr,4,4,0.7513847947120667,1,False,0.009771986970684038,0.2280130293159609,0.2734375
16796,0,CF1,L3,0.3,csfr,1,1,0.99972003698349,1,False,0.013029315960912053,0.26058631921824105,0.3125
23426,0,CF1,L3,0.3,csfr,9,9,0.33177581429481506,1,False,0.009771986970684038,0.20846905537459284,0.25
15590,0,CF1,L3,0.3,csfr,2,9,0.8093202710151672,0,False,0.016286644951140065,0.254071661237785,0.3046875
6302,0,CF1,L3,0.3,csfr,3,3,0.6712073087692261,1,False,0.019543973941368076,0.28664495114006516,0.34375
24519,0,CF1,L3,0.3,csfr,7,7,0.7937170267105103,1,False,0.013029315960912053,0.23127035830618892,0.27734375
23276,0,CF1,L3,0.3,csfr,2,2,0.6192777752876282,1,False,0.009771986970684038,0.2703583061889251,0.32421875
24566,0,CF1,L3,0.3,csfr,8,8,0.9697654843330383,1,False,0.013029315960912053,0.18892508143322476,0.2265625
20978,0,CF1,L3,0.3,csfr,1,4,0.836941123008728,0,False,0.003257328990228013,0.26058631921824105,0.3125
8990,0,CF1,L3,0.3,csfr,3,3,0.894777238368988,1,False,0.013029315960912053,0.254071661237785,0.3046875
11061,0,CF1,L3,0.3,csfr,7,7,0.8130288124084473,1,False,0.0,0.2182410423452769,0.26171875
7075,0,CF1,L3,0.3,csfr,9,5,0.8097971677780151,0,False,0.013029315960912053,0.2280130293159609,0.2734375
17641,0,CF1,L3,0.3,csfr,2,2,0.9999159574508667,1,False,0.016286644951140065,0.20846905537459284,0.25
12077,0,CF1,L3,0.3,csfr,9,9,0.9995715022087097,1,False,0.009771986970684038,0.21172638436482086,0.25390625
1779,0,CF1,L3,0.3,csfr,7,7,0.9982929825782776,1,False,0.026058631921824105,0.254071661237785,0.3046875
11519,0,CF1,L3,0.3,csfr,4,4,0.8299936652183533,1,False,0.019543973941368076,0.250814332247557,0.30078125
8549,0,CF1,L3,0.3,csfr,3,3,0.8409128785133362,1,False,0.003257328990228013,0.21172638436482086,0.25390625
14623,0,CF1,L3,0.3,csfr,6,6,0.3942219614982605,1,False,0.02280130293159609,0.250814332247557,0.30078125
10846,0,CF1,L3,0.3,csfr,3,3,0.9980066418647766,1,False,0.006514657980456026,0.25732899022801303,0.30859375
16289,0,CF1,L3,0.3,csfr,3,3,0.9294916391372681,1,False,0.006514657980456026,0.26058631921824105,0.3125
12311,0,CF1,L3,0.3,csfr,8,8,0.8757071495056152,1,False,0.013029315960912053,0.2671009771986971,0.3203125
6068,0,CF1,L3,0.3,csfr,8,8,0.9012169241905212,1,False,0.003257328990228013,0.25732899022801303,0.30859375
9629,0,CF1,L3,0.3,csfr,6,6,0.7993417382240295,1,False,0.019543973941368076,0.23127035830618892,0.27734375
19560,0,CF1,L3,0.3,csfr,3,9,0.5671786665916443,0,False,0.003257328990228013,0.250814332247557,0.30078125
10379,0,CF1,L3,0.3,csfr,8,8,0.9651124477386475,1,False,0.0,0.2703583061889251,0.32421875
6499,0,CF1,L3,0.3,csfr,9,6,0.8663646578788757,0,False,0.016286644951140065,0.24104234527687296,0.2890625
1159,0,CF1,L3,0.3,csfr,0,0,0.9981829524040222,1,False,0.02280130293159609,0.2247557003257329,0.26953125
4366,0,CF1,L3,0.3,csfr,7,7,0.9988400340080261,1,False,0.016286644951140065,0.28664495114006516,0.34375
8397,0,CF1,L3,0.3,csfr,1,0,0.6718623638153076,0,False,0.02280130293159609,0.25732899022801303,0.30859375
20905,0,CF1,L3,0.3,csfr,9,9,0.4364062547683716,1,False,0.009771986970684038,0.28664495114006516,0.34375
15746,0,CF1,L3,0.3,csfr,5,5,0.9453722834587097,1,False,0.003257328990228013,0.254071661237785,0.3046875
9402,0,CF1,L3,0.3,csfr,3,8,0.9436621069908142,0,False,0.006514657980456026,0.2736156351791531,0.328125
8164,0,CF1,L3,0.3,csfr,2,0,0.603219747543335,0,False,0.016286644951140065,0.2671009771986971,0.3203125
510,0,CF1,L3,0.3,csfr,5,5,0.8223933577537537,1,False,0.009771986970684038,0.24429967426710097,0.29296875
24070,0,CF1,L3,0.3,csfr,9,1,0.721876859664917,0,False,0.013029315960912053,0.30293159609120524,0.36328125
2401,0,CF1,L3,0.3,csfr,4,4,0.9884716272354126,1,False,0.013029315960912053,0.254071661237785,0.3046875
12147,0,CF1,L3,0.3,csfr,3,3,0.611916184425354,1,False,0.013029315960912053,0.23127035830618892,0.27734375
14499,0,CF1,L3,0.3,csfr,6,6,0.6697098612785339,1,False,0.003257328990228013,0.2671009771986971,0.3203125
3530,0,CF1,L3,0.3,csfr,6,6,0.995173990726471,1,False,0.026058631921824105,0.28013029315960913,0.3359375
14723,0,CF1,L3,0.3,csfr,7,2,0.5224224328994751,0,False,0.003257328990228013,0.25732899022801303,0.30859375
4435,0,CF1,L3,0.3,csfr,3,3,0.9546260833740234,1,False,0.009771986970684038,0.23778501628664495,0.28515625
22852,0,CF1,L3,0.3,csfr,2,2,0.7516114115715027,1,False,0.003257328990228013,0.23452768729641693,0.28125
8461,0,CF1,L3,0.3,csfr,3,3,0.999369204044342,1,False,0.009771986970684038,0.26058631921824105,0.3125
21972,0,CF1,L3,0.3,csfr,7,7,0.9992795586585999,1,False,0.026058631921824105,0.28338762214983715,0.33984375
5410,0,CF1,L3,0.3,csfr,4,4,0.9246896505355835,1,False,0.009771986970684038,0.26384364820846906,0.31640625
17754,0,CF1,L3,0.3,csfr,6,6,0.9798603653907776,1,False,0.0,0.23452768729641693,0.28125
15311,0,CF1,L3,0.3,csfr,2,2,0.999784529209137,1,False,0.016286644951140065,0.22149837133550487,0.265625
15185,0,CF1,L3,0.3,csfr,1,1,0.9745741486549377,1,False,0.006514657980456026,0.254071661237785,0.3046875
5663,0,CF1,L3,0.3,csfr,4,4,0.7630956172943115,1,False,0.016286644951140065,0.28013029315960913,0.3359375
6247,0,CF1,L3,0.3,csfr,6,6,0.9962355494499207,1,False,0.003257328990228013,0.24429967426710097,0.29296875
15287,0,CF1,L3,0.3,csfr,0,4,0.5404760241508484,0,False,0.0,0.250814332247557,0.30078125
19902,0,CF1,L3,0.3,csfr,0,0,0.9944406151771545,1,False,0.013029315960912053,0.2736156351791531,0.328125
25188,0,CF1,L3,0.3,csfr,4,4,0.6638191342353821,1,False,0.003257328990228013,0.24104234527687296,0.2890625
11195,0,CF1,L3,0.3,csfr,8,8,0.6056585907936096,1,False,0.006514657980456026,0.25732899022801303,0.30859375
4828,0,CF1,L3,0.3,csfr,7,1,0.5746955275535583,0,False,0.009771986970684038,0.23778501628664495,0.28515625
23751,0,CF1,L3,0.3,csfr,5,5,0.9453491568565369,1,False,0.013029315960912053,0.24104234527687296,0.2890625
9464,0,CF1,L3,0.3,csfr,3,1,0.625186026096344,0,False,0.006514657980456026,0.247557003257329,0.296875
25723,0,CF1,L3,0.3,csfr,0,0,0.9908415079116821,1,False,0.013029315960912053,0.254071661237785,0.3046875
16859,0,CF1,L3,0.3,csfr,5,5,0.9853949546813965,1,False,0.006514657980456026,0.26384364820846906,0.31640625
3601,0,CF1,L3,0.3,csfr,1,1,0.9996613264083862,1,False,0.013029315960912053,0.25732899022801303,0.30859375
11679,0,CF1,L3,0.3,csfr,6,6,0.9820176362991333,1,False,0.006514657980456026,0.2671009771986971,0.3203125
12135,0,CF1,L3,0.3,csfr,7,1,0.530242383480072,0,False,0.016286644951140065,0.20846905537459284,0.25
16329,0,CF1,L3,0.3,csfr,1,1,0.7719157338142395,1,False,0.003257328990228013,0.23452768729641693,0.28125
94,0,CF1,L3,0.3,csfr,4,4,0.48664283752441406,1,False,0.009771986970684038,0.26384364820846906,0.31640625
14517,0,CF1,L3,0.3,csfr,9,5,0.4700597822666168,0,False,0.003257328990228013,0.2703583061889251,0.32421875
16852,0,CF1,L3,0.3,csfr,3,3,0.9947344064712524,1,False,0.013029315960912053,0.2736156351791531,0.328125
6852,0,CF1,L3,0.3,csfr,6,6,0.5529064536094666,1,False,0.016286644951140065,0.2182410423452769,0.26171875
24858,0,CF1,L3,0.3,csfr,3,3,0.9890267252922058,1,False,0.013029315960912053,0.23127035830618892,0.27734375
297,0,CF1,L3,0.3,csfr,9,9,0.8208986520767212,1,False,0.009771986970684038,0.250814332247557,0.30078125
12339,0,CF1,L3,0.3,csfr,2,2,0.9997289776802063,1,False,0.006514657980456026,0.23778501628664495,0.28515625
20811,0,CF1,L3,0.3,csfr,8,8,0.9343678951263428,1,False,0.006514657980456026,0.2768729641693811,0.33203125
12439,0,CF1,L3,0.3,csfr,5,5,0.8768203854560852,1,False,0.009771986970684038,0.22149837133550487,0.265625
16632,0,CF1,L3,0.3,csfr,9,0,0.9465086460113525,0,False,0.013029315960912053,0.2280130293159609,0.2734375
5798,0,CF1,L3,0.3,csfr,4,9,0.4131012260913849,0,False,0.019543973941368076,0.24104234527687296,0.2890625
18458,0,CF1,L3,0.3,csfr,3,3,0.9773871302604675,1,False,0.009771986970684038,0.23127035830618892,0.27734375
6105,0,CF1,L3,0.3,csfr,5,5,0.9273547530174255,1,False,0.019543973941368076,0.28664495114006516,0.34375
10321,0,CF1,L3,0.3,csfr,6,6,0.93022221326828,1,False,0.009771986970684038,0.26058631921824105,0.3125
21771,0,CF1,L3,0.3,csfr,7,7,0.9928275942802429,1,False,0.006514657980456026,0.247557003257329,0.296875
22194,0,CF1,L3,0.3,csfr,0,0,0.9919403195381165,1,False,0.009771986970684038,0.2964169381107492,0.35546875
6,0,CF1,L3,0.3,csfr,9,9,0.7130873203277588,1,False,0.013029315960912053,0.28013029315960913,0.3359375
912,0,CF1,L3,0.3,csfr,7,7,0.9878181219100952,1,False,0.006514657980456026,0.23127035830618892,0.27734375
16910,0,CF1,L3,0.3,csfr,5,5,0.8977323770523071,1,False,0.016286644951140065,0.19218241042345277,0.23046875
18738,0,CF1,L3,0.3,csfr,7,7,0.998439371585846,1,False,0.016286644951140065,0.26058631921824105,0.3125
18020,0,CF1,L3,0.3,csfr,9,9,0.9253254532814026,1,False,0.02280130293159609,0.24429967426710097,0.29296875
3462,0,CF1,L3,0.3,csfr,8,8,0.36468586325645447,1,False,0.006514657980456026,0.24429967426710097,0.29296875
5696,0,CF1,L3,0.3,csfr,1,0,0.3003759980201721,0,False,0.009771986970684038,0.2996742671009772,0.359375
15066,0,CF1,L3,0.3,csfr,3,3,0.9801425933837891,1,False,0.019543973941368076,0.23778501628664495,0.28515625
10653,0,CF1,L3,0.3,csfr,9,9,0.8262308835983276,1,False,0.016286644951140065,0.26384364820846906,0.31640625
13337,0,CF1,L3,0.3,csfr,2,2,0.9999839067459106,1,False,0.006514657980456026,0.2671009771986971,0.3203125
12340,0,CF1,L3,0.3,csfr,5,5,0.9952399730682373,1,False,0.006514657980456026,0.254071661237785,0.3046875
9536,0,CF1,L3,0.3,csfr,0,0,0.9992541670799255,1,False,0.006514657980456026,0.24429967426710097,0.29296875
3566,0,CF1,L3,0.3,csfr,4,4,0.6251352429389954,1,False,0.003257328990228013,0.23127035830618892,0.27734375
20090,0,CF1,L3,0.3,csfr,4,4,0.9379587769508362,1,False,0.0,0.2280130293159609,0.2734375
211,0,CF1,L3,0.3,csfr,0,0,0.958633303642273,1,False,0.016286644951140065,0.2280130293159609,0.2734375
55,0,CF1,L3,0.3,csfr,8,6,0.7759865522384644,0,False,0.006514657980456026,0.23778501628664495,0.28515625
1477,0,CF1,L3,0.3,csfr,2,5,0.46560603380203247,0,False,0.006514657980456026,0.2703583061889251,0.32421875
25898,0,CF1,L3,0.3,csfr,0,6,0.8659625053405762,0,False,0.0,0.250814332247557,0.30078125
25713,0,CF1,L3,0.3,csfr,0,0,0.6994478702545166,1,False,0.013029315960912053,0.26058631921824105,0.3125
18055,0,CF1,L3,0.3,csfr,3,3,0.9969362020492554,1,False,0.013029315960912053,0.23452768729641693,0.28125
17461,0,CF1,L3,0.3,csfr,3,3,0.9412863254547119,1,False,0.02280130293159609,0.2964169381107492,0.35546875
14237,0,CF1,L3,0.3,csfr,7,7,0.7918082475662231,1,False,0.009771986970684038,0.2768729641693811,0.33203125
13858,0,CF1,L3,0.3,csfr,1,1,0.9984739422798157,1,False,0.006514657980456026,0.23127035830618892,0.27734375
12386,0,CF1,L3,0.3,csfr,5,5,0.7858927249908447,1,False,0.013029315960912053,0.2736156351791531,0.328125
7223,0,CF1,L3,0.3,csfr,9,9,0.9918302893638611,1,False,0.019543973941368076,0.25732899022801303,0.30859375
3153,0,CF1,L3,0.3,csfr,5,5,0.7138015627861023,1,False,0.009771986970684038,0.2768729641693811,0.33203125
23265,0,CF1,L3,0.3,csfr,8,8,0.712498128414154,1,False,0.009771986970684038,0.22149837133550487,0.265625
9465,0,CF1,L3,0.3,csfr,0,0,0.6128086447715759,1,False,0.016286644951140065,0.23452768729641693,0.28125
7419,0,CF1,L3,0.3,csfr,0,0,0.9984341263771057,1,False,0.006514657980456026,0.250814332247557,0.30078125
4722,0,CF1,L3,0.3,csfr,6,6,0.7849597930908203,1,False,0.019543973941368076,0.247557003257329,0.296875
23448,0,CF1,L3,0.3,csfr,6,0,0.8872169852256775,0,False,0.003257328990228013,0.28013029315960913,0.3359375
8222,0,CF1,L3,0.3,csfr,2,2,0.970618486404419,1,False,0.0,0.24104234527687296,0.2890625
20898,0,CF1,L3,0.3,csfr,8,8,0.97898268699646,1,False,0.009771986970684038,0.24429967426710097,0.29296875
23313,0,CF1,L3,0.3,csfr,2,2,0.9990986585617065,1,False,0.013029315960912053,0.20521172638436483,0.24609375
13426,0,CF1,L3,0.3,csfr,2,2,0.9918638467788696,1,False,0.013029315960912053,0.26058631921824105,0.3125
25136,0,CF1,L3,0.3,csfr,4,4,0.9999014139175415,1,False,0.009771986970684038,0.20846905537459284,0.25
9268,0,CF1,L3,0.3,csfr,4,4,0.9988552331924438,1,False,0.009771986970684038,0.26058631921824105,0.3125
3892,0,CF1,L3,0.3,csfr,1,1,0.9995704293251038,1,False,0.013029315960912053,0.20846905537459284,0.25
4115,0,CF1,L3,0.3,csfr,3,0,0.6741476058959961,0,False,0.006514657980456026,0.247557003257329,0.296875
5166,0,CF1,L3,0.3,csfr,7,7,0.9957234859466553,1,False,0.006514657980456026,0.2671009771986971,0.3203125
14984,0,CF1,L3,0.3,csfr,3,9,0.3524477779865265,0,False,0.006514657980456026,0.2736156351791531,0.328125
10520,0,CF1,L3,0.3,csfr,1,1,0.8959301114082336,1,False,0.006514657980456026,0.2280130293159609,0.2734375
4379,0,CF1,L3,0.3,csfr,2,2,0.9999539852142334,1,False,0.016286644951140065,0.24429967426710097,0.29296875
8937,0,CF1,L3,0.3,csfr,1,1,0.9905210733413696,1,False,0.009771986970684038,0.25732899022801303,0.30859375
17550,0,CF1,L3,0.3,csfr,9,9,0.9991979002952576,1,False,0.0,0.2736156351791531,0.328125
19085,0,CF1,L3,0.3,csfr,9,9,0.9815390706062317,1,False,0.0,0.23452768729641693,0.28125
17902,0,CF1,L3,0.3,csfr,6,6,0.7435991168022156,1,False,0.003257328990228013,0.254071661237785,0.3046875
14780,0,CF1,L3,0.3,csfr,8,3,0.6748985648155212,0,False,0.009771986970684038,0.24429967426710097,0.29296875
8401,0,CF1,L3,0.3,csfr,0,0,0.9939073920249939,1,False,0.009771986970684038,0.254071661237785,0.3046875
11230,0,CF1,L3,0.3,csfr,2,2,0.9813693761825562,1,False,0.003257328990228013,0.254071661237785,0.3046875
1772,0,CF1,L3,0.3,csfr,3,3,0.9922647476196289,1,False,0.006514657980456026,0.250814332247557,0.30078125
13326,0,CF1,L3,0.3,csfr,4,4,0.9996330738067627,1,False,0.006514657980456026,0.2280130293159609,0.2734375
15230,0,CF1,L3,0.3,csfr,5,2,0.8389080166816711,0,False,0.003257328990228013,0.2931596091205212,0.3515625
20557,0,CF1,L3,0.3,csfr,0,0,0.9914624094963074,1,False,0.006514657980456026,0.28338762214983715,0.33984375
9555,0,CF1,L3,0.3,csfr,1,1,0.9996709823608398,1,False,0.006514657980456026,0.25732899022801303,0.30859375
3667,0,CF1,L3,0.3,csfr,6,6,0.9735610485076904,1,False,0.003257328990228013,0.247557003257329,0.296875
5316,0,CF1,L3,0.3,csfr,5,5,0.851346492767334,1,False,0.0,0.21172638436482086,0.25390625
3606,0,CF1,L3,0.3,csfr,5,5,0.38873007893562317,1,False,0.003257328990228013,0.28664495114006516,0.34375
25776,0,CF1,L3,0.3,csfr,6,6,0.971375584602356,1,False,0.013029315960912053,0.247557003257329,0.296875
22231,0,CF1,L3,0.3,csfr,1,1,0.9997982382774353,1,False,0.003257328990228013,0.28013029315960913,0.3359375
10855,0,CF1,L3,0.3,csfr,7,7,0.999273955821991,1,False,0.013029315960912053,0.20846905537459284,0.25
130,0,CF1,L3,0.3,csfr,6,6,0.998830258846283,1,False,0.009771986970684038,0.22149837133550487,0.265625
434,0,CF1,L3,0.3,csfr,8,8,0.43315231800079346,1,False,0.013029315960912053,0.2182410423452769,0.26171875
5308,0,CF1,L3,0.3,csfr,5,9,0.31544700264930725,0,False,0.013029315960912053,0.2736156351791531,0.328125
17682,0,CF1,L3,0.3,csfr,4,4,0.48261868953704834,1,False,0.006514657980456026,0.26058631921824105,0.3125
16682,0,CF1,L3,0.3,csfr,8,8,0.944197952747345,1,False,0.02280130293159609,0.2182410423452769,0.26171875
12660,0,CF1,L3,0.3,csfr,5,5,0.9526257514953613,1,False,0.006514657980456026,0.2703583061889251,0.32421875
21362,0,CF1,L3,0.3,csfr,5,5,0.9957391023635864,1,False,0.003257328990228013,0.24429967426710097,0.29296875
15483,0,CF1,L3,0.3,csfr,4,4,0.8250584602355957,1,False,0.006514657980456026,0.26384364820846906,0.31640625
5289,0,CF1,L3,0.3,csfr,5,5,0.44674378633499146,1,False,0.009771986970684038,0.24429967426710097,0.29296875
19757,0,CF1,L3,0.3,csfr,1,1,0.9982776641845703,1,False,0.006514657980456026,0.23127035830618892,0.27734375
6799,0,CF1,L3,0.3,csfr,2,2,0.9958252906799316,1,False,0.016286644951140065,0.24429967426710097,0.29296875
18871,0,CF1,L3,0.3,csfr,2,2,0.9993001222610474,1,False,0.009771986970684038,0.25732899022801303,0.30859375
4740,0,CF1,L3,0.3,csfr,3,3,0.9379631876945496,1,False,0.026058631921824105,0.2671009771986971,0.3203125
14926,0,CF1,L3,0.3,csfr,5,5,0.9375413656234741,1,False,0.003257328990228013,0.2182410423452769,0.26171875
3549,0,CF1,L3,0.3,csfr,4,4,0.7159322500228882,1,False,0.019543973941368076,0.2736156351791531,0.328125
13336,0,CF1,L3,0.3,csfr,9,9,0.5132758021354675,1,False,0.003257328990228013,0.23778501628664495,0.28515625
8302,0,CF1,L3,0.3,csfr,3,2,0.5418333411216736,0,False,0.019543973941368076,0.25732899022801303,0.30859375
19884,0,CF1,L3,0.3,csfr,8,8,0.7635396718978882,1,False,0.02280130293159609,0.26058631921824105,0.3125
6927,0,CF1,L3,0.3,csfr,1,1,0.9814955592155457,1,False,0.009771986970684038,0.25732899022801303,0.30859375
15277,0,CF1,L3,0.3,csfr,6,6,0.9868506193161011,1,False,0.013029315960912053,0.1986970684039088,0.23828125
20278,0,CF1,L3,0.3,csfr,3,3,0.9566740393638611,1,False,0.016286644951140065,0.250814332247557,0.30078125
654,0,CF1,L3,0.3,csfr,8,8,0.9617959260940552,1,False,0.003257328990228013,0.254071661237785,0.3046875
19020,0,CF1,L3,0.3,csfr,0,0,0.9731728434562683,1,False,0.009771986970684038,0.247557003257329,0.296875
25403,0,CF1,L3,0.3,csfr,3,3,0.8414368629455566,1,False,0.003257328990228013,0.2671009771986971,0.3203125
1745,0,CF1,L3,0.3,csfr,8,8,0.9186176657676697,1,False,0.013029315960912053,0.247557003257329,0.296875
10726,0,CF1,L3,0.3,csfr,4,4,0.9646204113960266,1,False,0.016286644951140065,0.2899022801302932,0.34765625
23431,0,CF1,L3,0.3,csfr,4,4,0.9997207522392273,1,False,0.016286644951140065,0.28013029315960913,0.3359375
231,0,CF1,L3,0.3,csfr,5,5,0.9948122501373291,1,False,0.016286644951140065,0.2703583061889251,0.32421875
20678,0,CF1,L3,0.3,csfr,7,7,0.9751881957054138,1,False,0.016286644951140065,0.2768729641693811,0.33203125
15851,0,CF1,L3,0.3,csfr,1,1,0.9992103576660156,1,False,0.009771986970684038,0.254071661237785,0.3046875
24015,0,CF1,L3,0.3,csfr,0,0,0.9999405145645142,1,False,0.009771986970684038,0.254071661237785,0.3046875
1082,0,CF1,L3,0.3,csfr,6,6,0.5016826391220093,1,False,0.019543973941368076,0.2671009771986971,0.3203125
5573,0,CF1,L3,0.3,csfr,8,8,0.3751709759235382,1,False,0.019543973941368076,0.26384364820846906,0.31640625
11289,0,CF1,L3,0.3,csfr,1,1,0.9998148083686829,1,False,0.006514657980456026,0.2736156351791531,0.328125
1751,0,CF1,L3,0.3,csfr,0,0,0.5618494749069214,1,False,0.0,0.25732899022801303,0.30859375
4594,0,CF1,L3,0.3,csfr,6,6,0.9874051213264465,1,False,0.009771986970684038,0.2280130293159609,0.2734375
21127,0,CF1,L3,0.3,csfr,8,8,0.9777905344963074,1,False,0.009771986970684038,0.26058631921824105,0.3125
12370,0,CF1,L3,0.3,csfr,4,4,0.9259647130966187,1,False,0.006514657980456026,0.26058631921824105,0.3125
4125,0,CF1,L3,0.3,csfr,6,6,0.998299777507782,1,False,0.003257328990228013,0.24429967426710097,0.29296875
11008,0,CF1,L3,0.3,csfr,1,1,0.9926812052726746,1,False,0.013029315960912053,0.250814332247557,0.30078125
23395,0,CF1,L3,0.3,csfr,7,7,0.9901798963546753,1,False,0.009771986970684038,0.23127035830618892,0.27734375
3080,0,CF1,L3,0.3,csfr,3,3,0.99455726146698,1,False,0.0,0.26384364820846906,0.31640625
22400,0,CF1,L3,0.3,csfr,0,0,0.9999926090240479,1,False,0.026058631921824105,0.24429967426710097,0.29296875
22514,0,CF1,L3,0.3,csfr,1,1,0.9749121069908142,1,False,0.006514657980456026,0.21172638436482086,0.25390625
15137,0,CF1,L3,0.3,csfr,0,0,0.9973522424697876,1,False,0.009771986970684038,0.25732899022801303,0.30859375
6681,0,CF1,L3,0.3,csfr,0,0,0.9966322779655457,1,False,0.016286644951140065,0.2703583061889251,0.32421875
5219,0,CF1,L3,0.3,csfr,5,5,0.3401433527469635,1,False,0.016286644951140065,0.25732899022801303,0.30859375
2355,0,CF1,L3,0.3,csfr,2,2,0.879463255405426,1,False,0.019543973941368076,0.23452768729641693,0.28125
4674,0,CF1,L3,0.3,csfr,5,3,0.5379877686500549,0,False,0.006514657980456026,0.23452768729641693,0.28125
14575,0,CF1,L3,0.3,csfr,1,1,0.9999996423721313,1,False,0.009771986970684038,0.2899022801302932,0.34765625
6563,0,CF1,L3,0.3,csfr,5,5,0.9186486601829529,1,False,0.019543973941368076,0.21498371335504887,0.2578125
17492,0,CF1,L3,0.3,csfr,9,9,0.5705990195274353,1,False,0.006514657980456026,0.250814332247557,0.30078125
15770,0,CF1,L3,0.3,csfr,7,7,0.989721953868866,1,False,0.003257328990228013,0.2182410423452769,0.26171875
20830,0,CF1,L3,0.3,csfr,1,1,0.9988459348678589,1,False,0.013029315960912053,0.24429967426710097,0.29296875
1777,0,CF1,L3,0.3,csfr,2,2,0.9988491535186768,1,False,0.009771986970684038,0.247557003257329,0.296875
21617,0,CF1,L3,0.3,csfr,7,7,0.9984725117683411,1,False,0.013029315960912053,0.26384364820846906,0.31640625
21293,0,CF1,L3,0.3,csfr,4,6,0.2763495445251465,0,False,0.006514657980456026,0.28013029315960913,0.3359375
14504,0,CF1,L3,0.3,csfr,0,3,0.4971168339252472,0,False,0.006514657980456026,0.28013029315960913,0.3359375
21236,0,CF1,L3,0.3,csfr,7,7,0.9968683123588562,1,False,0.0,0.247557003257329,0.296875
18558,0,CF1,L3,0.3,csfr,4,4,0.9907009601593018,1,False,0.016286644951140065,0.247557003257329,0.296875
22916,0,CF1,L3,0.3,csfr,8,8,0.633308470249176,1,False,0.02280130293159609,0.20195439739413681,0.2421875
18760,0,CF1,L3,0.3,csfr,6,2,0.9085988402366638,0,False,0.013029315960912053,0.28338762214983715,0.33984375
17389,0,CF1,L3,0.3,csfr,8,8,0.8508124947547913,1,False,0.006514657980456026,0.2736156351791531,0.328125
13155,0,CF1,L3,0.3,csfr,8,8,0.46266669034957886,1,False,0.006514657980456026,0.2280130293159609,0.2734375
13999,0,CF1,L3,0.3,csfr,5,5,0.9609335660934448,1,False,0.003257328990228013,0.25732899022801303,0.30859375
10265,0,CF1,L3,0.3,csfr,8,8,0.9711800813674927,1,False,0.006514657980456026,0.254071661237785,0.3046875
17239,0,CF1,L3,0.3,csfr,2,2,0.9999408721923828,1,False,0.006514657980456026,0.254071661237785,0.3046875
6288,0,CF1,L3,0.3,csfr,3,3,0.5304499268531799,1,False,0.0,0.24104234527687296,0.2890625
11514,0,CF1,L3,0.3,csfr,6,6,0.7096232175827026,1,False,0.0,0.25732899022801303,0.30859375
23652,0,CF1,L3,0.3,csfr,1,1,0.999870777130127,1,False,0.006514657980456026,0.28013029315960913,0.3359375
11939,0,CF1,L3,0.3,csfr,6,6,0.9971486926078796,1,False,0.016286644951140065,0.2247557003257329,0.26953125
2174,0,CF1,L3,0.3,csfr,7,7,0.9123948812484741,1,False,0.013029315960912053,0.24429967426710097,0.29296875
15441,0,CF1,L3,0.3,csfr,4,4,0.9945125579833984,1,False,0.006514657980456026,0.247557003257329,0.296875
12260,0,CF1,L3,0.3,csfr,1,1,0.9710908532142639,1,False,0.026058631921824105,0.24104234527687296,0.2890625
25046,0,CF1,L3,0.3,csfr,6,6,0.9120428562164307,1,False,0.006514657980456026,0.2736156351791531,0.328125
13958,0,CF1,L3,0.3,csfr,9,9,0.5643346905708313,1,False,0.019543973941368076,0.26384364820846906,0.31640625
20974,0,CF1,L3,0.3,csfr,8,8,0.7542767524719238,1,False,0.02280130293159609,0.21172638436482086,0.25390625
10626,0,CF1,L3,0.3,csfr,6,6,0.9155502319335938,1,False,0.009771986970684038,0.24429967426710097,0.29296875
22545,0,CF1,L3,0.3,csfr,5,5,0.6228957176208496,1,False,0.009771986970684038,0.28664495114006516,0.34375
20288,0,CF1,L3,0.3,csfr,5,5,0.5063700675964355,1,False,0.006514657980456026,0.250814332247557,0.30078125
13790,0,CF1,L3,0.3,csfr,7,7,0.9979979395866394,1,False,0.006514657980456026,0.24104234527687296,0.2890625
2817,0,CF1,L3,0.3,csfr,4,4,0.7981540560722351,1,False,0.006514657980456026,0.25732899022801303,0.30859375
8344,0,CF1,L3,0.3,csfr,4,4,0.997696578502655,1,False,0.013029315960912053,0.2671009771986971,0.3203125
11708,0,CF1,L3,0.3,csfr,1,1,0.9998176693916321,1,False,0.02280130293159609,0.28338762214983715,0.33984375
2379,0,CF1,L3,0.3,csfr,1,1,0.9592923521995544,1,False,0.016286644951140065,0.2182410423452769,0.26171875
23602,0,CF1,L3,0.3,csfr,2,2,0.9897604584693909,1,False,0.013029315960912053,0.250814332247557,0.30078125
24357,0,CF1,L3,0.3,csfr,8,6,0.5664011836051941,0,False,0.013029315960912053,0.254071661237785,0.3046875
16783,0,CF1,L3,0.3,csfr,4,4,0.9936965107917786,1,False,0.016286644951140065,0.24429967426710097,0.29296875
11723,0,CF1,L3,0.3,csfr,9,9,0.9935223460197449,1,False,0.013029315960912053,0.24104234527687296,0.2890625
5140,0,CF1,L3,0.3,csfr,5,5,0.9718994498252869,1,False,0.0,0.2703583061889251,0.32421875
14563,0,CF1,L3,0.3,csfr,1,1,0.9999333620071411,1,False,0.009771986970684038,0.2736156351791531,0.328125
11905,0,CF1,L3,0.3,csfr,7,7,0.4672776758670807,1,False,0.003257328990228013,0.28013029315960913,0.3359375
4657,0,CF1,L3,0.3,csfr,5,5,0.9668880701065063,1,False,0.006514657980456026,0.26384364820846906,0.31640625
9888,0,CF1,L3,0.3,csfr,7,7,0.9949445128440857,1,False,0.013029315960912053,0.24104234527687296,0.2890625
22827,0,CF1,L3,0.3,csfr,6,6,0.8319832682609558,1,False,0.019543973941368076,0.23127035830618892,0.27734375
23911,0,CF1,L3,0.3,csfr,7,7,0.9985194802284241,1,False,0.009771986970684038,0.22149837133550487,0.265625
968,0,CF1,L3,0.3,csfr,3,3,0.8378515243530273,1,False,0.0,0.24104234527687296,0.2890625
18416,0,CF1,L3,0.3,csfr,2,2,0.9731751084327698,1,False,0.006514657980456026,0.23778501628664495,0.28515625
15166,0,CF1,L3,0.3,csfr,7,7,0.9894819259643555,1,False,0.0,0.26384364820846906,0.31640625
15537,0,CF1,L3,0.3,csfr,6,6,0.34817054867744446,1,False,0.009771986970684038,0.2182410423452769,0.26171875
112,0,CF1,L3,0.3,csfr,6,6,0.9417594075202942,1,False,0.013029315960912053,0.254071661237785,0.3046875
9754,0,CF1,L3,0.3,csfr,8,8,0.9896492958068848,1,False,0.006514657980456026,0.23778501628664495,0.28515625
3827,0,CF1,L3,0.3,csfr,1,1,0.9961894154548645,1,False,0.016286644951140065,0.254071661237785,0.3046875
16427,0,CF1,L3,0.3,csfr,8,8,0.9317876100540161,1,False,0.006514657980456026,0.2736156351791531,0.328125
4853,0,CF1,L3,0.3,csfr,8,1,0.5417803525924683,0,False,0.016286644951140065,0.2247557003257329,0.26953125
5025,0,CF1,L3,0.3,csfr,8,1,0.35322868824005127,0,False,0.003257328990228013,0.2280130293159609,0.2734375
5497,0,CF1,L3,0.3,csfr,5,5,0.7343511581420898,1,False,0.02280130293159609,0.250814332247557,0.30078125
415,0,CF1,L3,0.3,csfr,5,5,0.8794928193092346,1,False,0.009771986970684038,0.24429967426710097,0.29296875
6055,0,CF1,L3,0.3,csfr,2,2,0.9999698400497437,1,False,0.006514657980456026,0.26058631921824105,0.3125
4242,0,CF1,L3,0.3,csfr,6,5,0.7393753528594971,0,False,0.006514657980456026,0.250814332247557,0.30078125
16007,0,CF1,L3,0.3,csfr,3,3,0.9938496947288513,1,False,0.006514657980456026,0.26058631921824105,0.3125
16184,0,CF1,L3,0.3,csfr,6,6,0.9135192632675171,1,False,0.009771986970684038,0.26058631921824105,0.3125
15180,0,CF1,L3,0.3,csfr,2,2,0.7636892795562744,1,False,0.016286644951140065,0.2182410423452769,0.26171875
16402,0,CF1,L3,0.3,csfr,3,3,0.9990713596343994,1,False,0.016286644951140065,0.2280130293159609,0.2734375
12883,0,CF1,L3,0.3,csfr,7,7,0.9806122183799744,1,False,0.016286644951140065,0.2899022801302932,0.34765625
12596,0,CF1,L3,0.3,csfr,2,2,0.999962329864502,1,False,0.013029315960912053,0.24104234527687296,0.2890625
13383,0,CF1,L3,0.3,csfr,0,0,0.9996997117996216,1,False,0.006514657980456026,0.21498371335504887,0.2578125
17140,0,CF1,L3,0.3,csfr,0,0,0.9918166995048523,1,False,0.013029315960912053,0.23778501628664495,0.28515625
11249,0,CF1,L3,0.3,csfr,7,7,0.9787342548370361,1,False,0.009771986970684038,0.24104234527687296,0.2890625
2927,0,CF1,L3,0.3,csfr,3,3,0.9614463448524475,1,False,0.013029315960912053,0.24429967426710097,0.29296875
13380,0,CF1,L3,0.3,csfr,3,3,0.943649411201477,1,False,0.009771986970684038,0.2768729641693811,0.33203125
24593,0,CF1,L3,0.3,csfr,5,5,0.9777552485466003,1,False,0.009771986970684038,0.247557003257329,0.296875
14507,0,CF1,L3,0.3,csfr,8,3,0.4364863634109497,0,False,0.016286644951140065,0.23452768729641693,0.28125
9355,0,CF1,L3,0.3,csfr,8,8,0.8376054167747498,1,False,0.009771986970684038,0.24104234527687296,0.2890625
3943,0,CF1,L3,0.3,csfr,3,3,0.790073812007904,1,False,0.009771986970684038,0.25732899022801303,0.30859375
4913,0,CF1,L3,0.3,csfr,4,4,0.985775887966156,1,False,0.013029315960912053,0.26058631921824105,0.3125
23440,0,CF1,L3,0.3,csfr,4,4,0.44533586502075195,1,False,0.02280130293159609,0.20521172638436483,0.24609375
19289,0,CF1,L3,0.3,csfr,7,7,0.9828372001647949,1,False,0.019543973941368076,0.23778501628664495,0.28515625
17841,0,CF1,L3,0.3,csfr,6,6,0.9806309938430786,1,False,0.0,0.250814332247557,0.30078125
18139,0,CF1,L3,0.3,csfr,0,0,0.9521974325180054,1,False,0.016286644951140065,0.2247557003257329,0.26953125
18549,0,CF1,L3,0.3,csfr,7,7,0.9997754693031311,1,False,0.016286644951140065,0.28013029315960913,0.3359375
7215,0,CF1,L3,0.3,csfr,7,7,0.9999923706054688,1,False,0.016286644951140065,0.25732899022801303,0.30859375
10574,0,CF1,L3,0.3,csfr,7,7,0.8014324903488159,1,False,0.009771986970684038,0.24429967426710097,0.29296875
10329,0,CF1,L3,0.3,csfr,7,7,0.5267274975776672,1,False,0.003257328990228013,0.23778501628664495,0.28515625
21502,0,CF1,L3,0.3,csfr,4,4,0.9792015552520752,1,False,0.013029315960912053,0.20846905537459284,0.25
1209,0,CF1,L3,0.3,csfr,8,8,0.7362122535705566,1,False,0.013029315960912053,0.247557003257329,0.296875
22202,0,CF1,L3,0.3,csfr,6,6,0.9566609859466553,1,False,0.016286644951140065,0.2703583061889251,0.32421875
12914,0,CF1,L3,0.3,csfr,2,2,0.8814237713813782,1,False,0.016286644951140065,0.25732899022801303,0.30859375
23477,0,CF1,L3,0.3,csfr,6,6,0.9400583505630493,1,False,0.016286644951140065,0.2703583061889251,0.32421875
13286,0,CF1,L3,0.3,csfr,5,5,0.8377781510353088,1,False,0.006514657980456026,0.254071661237785,0.3046875
24957,0,CF1,L3,0.3,csfr,2,2,0.9993398785591125,1,False,0.003257328990228013,0.23452768729641693,0.28125
23215,0,CF1,L3,0.3,csfr,9,9,0.861723005771637,1,False,0.013029315960912053,0.24429967426710097,0.29296875
8171,0,CF1,L3,0.3,csfr,3,3,0.809121310710907,1,False,0.003257328990228013,0.23778501628664495,0.28515625
13427,0,CF1,L3,0.3,csfr,4,4,0.9915899634361267,1,False,0.019543973941368076,0.22149837133550487,0.265625
1985,0,CF1,L3,0.3,csfr,9,9,0.9356364011764526,1,False,0.013029315960912053,0.22149837133550487,0.265625
19607,0,CF1,L3,0.3,csfr,1,1,0.7945177555084229,1,False,0.009771986970684038,0.2280130293159609,0.2734375
15138,0,CF1,L3,0.3,csfr,4,4,0.9108386635780334,1,False,0.006514657980456026,0.26058631921824105,0.3125
18496,0,CF1,L3,0.3,csfr,3,3,0.9960903525352478,1,False,0.006514657980456026,0.21498371335504887,0.2578125
11341,0,CF1,L3,0.3,csfr,5,5,0.6996184587478638,1,False,0.016286644951140065,0.28664495114006516,0.34375
3210,0,CF1,L3,0.3,csfr,6,5,0.4809698164463043,0,False,0.003257328990228013,0.30293159609120524,0.36328125
9044,0,CF1,L3,0.3,csfr,3,3,0.976250171661377,1,False,0.009771986970684038,0.21172638436482086,0.25390625
1784,0,CF1,L3,0.3,csfr,1,1,0.7948355078697205,1,False,0.009771986970684038,0.2247557003257329,0.26953125
20687,0,CF1,L3,0.3,csfr,7,7,0.996951699256897,1,False,0.006514657980456026,0.250814332247557,0.30078125
21479,0,CF1,L3,0.3,csfr,1,1,0.9998661279678345,1,False,0.019543973941368076,0.254071661237785,0.3046875
4465,0,CF1,L3,0.3,csfr,7,7,0.9992972612380981,1,False,0.013029315960912053,0.254071661237785,0.3046875
8098,0,CF1,L3,0.3,csfr,3,3,0.9999978542327881,1,False,0.003257328990228013,0.24104234527687296,0.2890625
1105,0,CF1,L3,0.3,csfr,1,1,0.9943690896034241,1,False,0.009771986970684038,0.247557003257329,0.296875
24036,0,CF1,L3,0.3,csfr,0,0,0.9986112117767334,1,False,0.013029315960912053,0.21172638436482086,0.25390625
24825,0,CF1,L3,0.3,csfr,1,1,0.9999923706054688,1,False,0.006514657980456026,0.254071661237785,0.3046875
20081,0,CF1,L3,0.3,csfr,4,4,0.7162799835205078,1,False,0.006514657980456026,0.247557003257329,0.296875
11780,0,CF1,L3,0.3,csfr,5,5,0.749735414981842,1,False,0.013029315960912053,0.254071661237785,0.3046875
18228,0,CF1,L3,0.3,csfr,2,2,0.7917482852935791,1,False,0.019543973941368076,0.2703583061889251,0.32421875
4363,0,CF1,L3,0.3,csfr,4,4,0.9985756874084473,1,False,0.003257328990228013,0.247557003257329,0.296875
10210,0,CF1,L3,0.3,csfr,7,1,0.8725053668022156,0,False,0.006514657980456026,0.23778501628664495,0.28515625
7005,0,CF1,L3,0.3,csfr,2,2,0.9988516569137573,1,False,0.006514657980456026,0.254071661237785,0.3046875
7071,0,CF1,L3,0.3,csfr,3,3,0.744981050491333,1,False,0.009771986970684038,0.250814332247557,0.30078125
25299,0,CF1,L3,0.3,csfr,4,4,0.9870253205299377,1,False,0.006514657980456026,0.23452768729641693,0.28125
3393,0,CF1,L3,0.3,csfr,0,0,0.7636617422103882,1,False,0.009771986970684038,0.1986970684039088,0.23828125
10532,0,CF1,L3,0.3,csfr,8,9,0.40784838795661926,0,False,0.013029315960912053,0.2182410423452769,0.26171875
14271,0,CF1,L3,0.3,csfr,3,3,0.769246518611908,1,False,0.009771986970684038,0.2703583061889251,0.32421875
12814,0,CF1,L3,0.3,csfr,4,4,0.9980594515800476,1,False,0.009771986970684038,0.2736156351791531,0.328125
1763,0,CF1,L3,0.3,csfr,1,1,0.7019366025924683,1,False,0.006514657980456026,0.23127035830618892,0.27734375
2795,0,CF1,L3,0.3,csfr,4,4,0.9512210488319397,1,False,0.003257328990228013,0.25732899022801303,0.30859375
5329,0,CF1,L3,0.3,csfr,2,2,0.9721473455429077,1,False,0.003257328990228013,0.2247557003257329,0.26953125
11024,0,CF1,L3,0.3,csfr,8,6,0.9395144581794739,0,False,0.013029315960912053,0.247557003257329,0.296875
23383,0,CF1,L3,0.3,csfr,6,6,0.9510084986686707,1,False,0.016286644951140065,0.26384364820846906,0.31640625
582,0,CF1,L3,0.3,csfr,2,2,0.960491955280304,1,False,0.016286644951140065,0.2671009771986971,0.3203125
20037,0,CF1,L3,0.3,csfr,5,5,0.9044728875160217,1,False,0.003257328990228013,0.23127035830618892,0.27734375
4876,0,CF1,L3,0.3,csfr,3,3,0.6359931230545044,1,False,0.009771986970684038,0.2182410423452769,0.26171875
16157,0,CF1,L3,0.3,csfr,1,1,0.9995498061180115,1,False,0.013029315960912053,0.25732899022801303,0.30859375
24155,0,CF1,L3,0.3,csfr,7,7,0.99991774559021,1,False,0.019543973941368076,0.2247557003257329,0.26953125
21035,0,CF1,L3,0.3,csfr,1,1,0.9999022483825684,1,False,0.013029315960912053,0.247557003257329,0.296875
2530,0,CF1,L3,0.3,csfr,2,2,0.7216333150863647,1,False,0.019543973941368076,0.23127035830618892,0.27734375
20951,0,CF1,L3,0.3,csfr,4,4,0.991287887096405,1,False,0.013029315960912053,0.26058631921824105,0.3125
9752,0,CF1,L3,0.3,csfr,9,9,0.630716860294342,1,False,0.009771986970684038,0.2280130293159609,0.2734375
20362,0,CF1,L3,0.3,csfr,9,8,0.6385902762413025,0,False,0.009771986970684038,0.23452768729641693,0.28125
5669,0,CF1,L3,0.3,csfr,2,2,0.9416730403900146,1,False,0.009771986970684038,0.26058631921824105,0.3125
9395,0,CF1,L3,0.3,csfr,6,6,0.8493555784225464,1,False,0.013029315960912053,0.22149837133550487,0.265625
22115,0,CF1,L3,0.3,csfr,2,2,0.5369846224784851,1,False,0.009771986970684038,0.28013029315960913,0.3359375
3784,0,CF1,L3,0.3,csfr,5,5,0.6039223074913025,1,False,0.016286644951140065,0.26058631921824105,0.3125
15518,0,CF1,L3,0.3,csfr,1,1,0.9312107563018799,1,False,0.013029315960912053,0.254071661237785,0.3046875
22913,0,CF1,L3,0.3,csfr,1,1,0.531662106513977,1,False,0.009771986970684038,0.23452768729641693,0.28125
22485,0,CF1,L3,0.3,csfr,8,8,0.9913612008094788,1,False,0.013029315960912053,0.247557003257329,0.296875
14166,0,CF1,L3,0.3,csfr,9,9,0.5564062595367432,1,False,0.006514657980456026,0.2280130293159609,0.2734375
4606,0,CF1,L3,0.3,csfr,8,8,0.8011629581451416,1,False,0.006514657980456026,0.23127035830618892,0.27734375
12043,0,CF1,L3,0.3,csfr,8,8,0.30547091364860535,1,False,0.013029315960912053,0.28664495114006516,0.34375
20255,0,CF1,L3,0.3,csfr,9,9,0.9671831727027893,1,False,0.006514657980456026,0.2182410423452769,0.26171875
21390,0,CF1,L3,0.3,csfr,8,6,0.4325050711631775,0,False,0.02280130293159609,0.24104234527687296,0.2890625
13388,0,CF1,L3,0.3,csfr,6,6,0.9039206504821777,1,False,0.009771986970684038,0.247557003257329,0.296875
9382,0,CF1,L3,0.3,csfr,0,0,0.9990571141242981,1,False,0.009771986970684038,0.2703583061889251,0.32421875
11878,0,CF1,L3,0.3,csfr,4,4,0.9977145195007324,1,False,0.013029315960912053,0.20846905537459284,0.25
10774,0,CF1,L3,0.3,csfr,1,1,0.9999992847442627,1,False,0.006514657980456026,0.254071661237785,0.3046875
2211,0,CF1,L3,0.3,csfr,4,4,0.9990259408950806,1,False,0.009771986970684038,0.2247557003257329,0.26953125
22804,0,CF1,L3,0.3,csfr,1,1,0.9910615086555481,1,False,0.006514657980456026,0.2671009771986971,0.3203125
17903,0,CF1,L3,0.3,csfr,3,0,0.6623984575271606,0,False,0.0,0.26384364820846906,0.31640625
16889,0,CF1,L3,0.3,csfr,1,1,0.6407510638237,1,False,0.009771986970684038,0.2736156351791531,0.328125
3013,0,CF1,L3,0.3,csfr,8,8,0.8548477292060852,1,False,0.006514657980456026,0.247557003257329,0.296875
19919,0,CF1,L3,0.3,csfr,8,8,0.545530378818512,1,False,0.016286644951140065,0.24104234527687296,0.2890625
7911,0,CF1,L3,0.3,csfr,0,0,0.7801177501678467,1,False,0.016286644951140065,0.23127035830618892,0.27734375
6473,0,CF1,L3,0.3,csfr,5,5,0.9932035207748413,1,False,0.0,0.254071661237785,0.3046875
14963,0,CF1,L3,0.3,csfr,2,2,0.9342613220214844,1,False,0.016286644951140065,0.2671009771986971,0.3203125
3189,0,CF1,L3,0.3,csfr,3,3,0.8630381226539612,1,False,0.006514657980456026,0.247557003257329,0.296875
21433,0,CF1,L3,0.3,csfr,6,6,0.771388828754425,1,False,0.006514657980456026,0.2768729641693811,0.33203125
21534,0,CF1,L3,0.3,csfr,9,9,0.9993411898612976,1,False,0.006514657980456026,0.2768729641693811,0.33203125
4378,0,CF1,L3,0.3,csfr,4,4,0.7331095337867737,1,False,0.006514657980456026,0.2703583061889251,0.32421875
4179,0,CF1,L3,0.3,csfr,3,3,0.9999963045120239,1,False,0.013029315960912053,0.24429967426710097,0.29296875
20275,0,CF1,L3,0.3,csfr,7,7,0.8661561608314514,1,False,0.009771986970684038,0.30293159609120524,0.36328125
724,0,CF1,L3,0.3,csfr,4,4,0.9412457346916199,1,False,0.013029315960912053,0.2671009771986971,0.3203125
15532,0,CF1,L3,0.3,csfr,5,5,0.9945018291473389,1,False,0.009771986970684038,0.23778501628664495,0.28515625
7808,0,CF1,L3,0.3,csfr,4,3,0.4469343423843384,0,False,0.013029315960912053,0.247557003257329,0.296875
3185,0,CF1,L3,0.3,csfr,7,7,0.9988725781440735,1,False,0.009771986970684038,0.28013029315960913,0.3359375
8217,0,CF1,L3,0.3,csfr,5,5,0.917263925075531,1,False,0.009771986970684038,0.28664495114006516,0.34375
15284,0,CF1,L3,0.3,csfr,2,2,0.9947428703308105,1,False,0.009771986970684038,0.2280130293159609,0.2734375
2195,0,CF1,L3,0.3,csfr,1,1,0.9303022623062134,1,False,0.013029315960912053,0.2996742671009772,0.359375
21296,0,CF1,L3,0.3,csfr,0,0,0.9606047868728638,1,False,0.013029315960912053,0.25732899022801303,0.30859375
14286,0,CF1,L3,0.3,csfr,3,3,0.9837636947631836,1,False,0.019543973941368076,0.23127035830618892,0.27734375
4261,0,CF1,L3,0.3,csfr,0,0,0.9998273849487305,1,False,0.013029315960912053,0.254071661237785,0.3046875
24480,0,CF1,L3,0.3,csfr,2,2,0.9997345805168152,1,False,0.003257328990228013,0.2703583061889251,0.32421875
23581,0,CF1,L3,0.3,csfr,7,7,0.9920847415924072,1,False,0.016286644951140065,0.25732899022801303,0.30859375
24364,0,CF1,L3,0.3,csfr,7,7,0.998024582862854,1,False,0.016286644951140065,0.247557003257329,0.296875
4259,0,CF1,L3,0.3,csfr,4,4,0.8939782381057739,1,False,0.009771986970684038,0.2247557003257329,0.26953125
4323,0,CF1,L3,0.3,csfr,8,8,0.6834295988082886,1,False,0.016286644951140065,0.24429967426710097,0.29296875
26017,0,CF1,L3,0.3,csfr,2,2,0.9999581575393677,1,False,0.009771986970684038,0.2768729641693811,0.33203125
4055,0,CF1,L3,0.3,csfr,9,9,0.44254955649375916,1,False,0.019543973941368076,0.254071661237785,0.3046875
23968,0,CF1,L3,0.3,csfr,6,6,0.9804194569587708,1,False,0.013029315960912053,0.2280130293159609,0.2734375
4914,0,CF1,L3,0.3,csfr,2,2,0.9981715679168701,1,False,0.006514657980456026,0.247557003257329,0.296875
17310,0,CF1,L3,0.3,csfr,7,7,0.515717089176178,1,False,0.009771986970684038,0.24429967426710097,0.29296875
14981,0,CF1,L3,0.3,csfr,2,2,0.60841965675354,1,False,0.009771986970684038,0.2247557003257329,0.26953125
7511,0,CF1,L3,0.3,csfr,6,6,0.9006171822547913,1,False,0.003257328990228013,0.23778501628664495,0.28515625
4136,0,CF1,L3,0.3,csfr,9,9,0.9864876866340637,1,False,0.019543973941368076,0.24104234527687296,0.2890625
8043,0,CF1,L3,0.3,csfr,2,2,0.984765887260437,1,False,0.013029315960912053,0.24429967426710097,0.29296875
14360,0,CF1,L3,0.3,csfr,4,4,0.9890083074569702,1,False,0.003257328990228013,0.24429967426710097,0.29296875
6364,0,CF1,L3,0.3,csfr,0,0,0.9976968169212341,1,False,0.003257328990228013,0.22149837133550487,0.265625
8827,0,CF1,L3,0.3,csfr,4,4,0.9578683972358704,1,False,0.013029315960912053,0.23778501628664495,0.28515625
24886,0,CF1,L3,0.3,csfr,9,2,0.9956933856010437,0,False,0.016286644951140065,0.22149837133550487,0.265625
21392,0,CF1,L3,0.3,csfr,2,2,0.9974967837333679,1,False,0.009771986970684038,0.2247557003257329,0.26953125
18654,0,CF1,L3,0.3,csfr,6,6,0.9404811859130859,1,False,0.003257328990228013,0.2280130293159609,0.2734375
21766,0,CF1,L3,0.3,csfr,1,1,0.5656930804252625,1,False,0.009771986970684038,0.23127035830618892,0.27734375
25433,0,CF1,L3,0.3,csfr,8,1,0.48055964708328247,0,False,0.003257328990228013,0.2703583061889251,0.32421875
10927,0,CF1,L3,0.3,csfr,8,1,0.7947111129760742,0,False,0.009771986970684038,0.2182410423452769,0.26171875
14092,0,CF1,L3,0.3,csfr,6,6,0.9981897473335266,1,False,0.003257328990228013,0.2996742671009772,0.359375
20936,0,CF1,L3,0.3,csfr,9,5,0.7387737035751343,0,False,0.009771986970684038,0.24104234527687296,0.2890625
23711,0,CF1,L3,0.3,csfr,4,4,0.9695240259170532,1,False,0.009771986970684038,0.2768729641693811,0.33203125
19260,0,CF1,L3,0.3,csfr,7,7,0.9581744074821472,1,False,0.009771986970684038,0.18892508143322476,0.2265625
17360,0,CF1,L3,0.3,csfr,3,3,0.9361041188240051,1,False,0.006514657980456026,0.26058631921824105,0.3125
965,0,CF1,L3,0.3,csfr,0,0,0.8870168328285217,1,False,0.0,0.24104234527687296,0.2890625
463,0,CF1,L3,0.3,csfr,6,9,0.44655919075012207,0,False,0.019543973941368076,0.26058631921824105,0.3125
8945,0,CF1,L3,0.3,csfr,6,5,0.5247591137886047,0,False,0.009771986970684038,0.247557003257329,0.296875
14090,0,CF1,L3,0.3,csfr,2,2,0.9973794221878052,1,False,0.016286644951140065,0.26384364820846906,0.31640625
8479,0,CF1,L3,0.3,csfr,9,9,0.9973074197769165,1,False,0.016286644951140065,0.21172638436482086,0.25390625
24477,0,CF1,L3,0.3,csfr,2,2,0.9981735944747925,1,False,0.013029315960912053,0.31921824104234525,0.3828125
8195,0,CF1,L3,0.3,csfr,0,0,0.999649167060852,1,False,0.009771986970684038,0.23127035830618892,0.27734375
1773,0,CF1,L3,0.3,csfr,0,0,0.9720351696014404,1,False,0.02280130293159609,0.21172638436482086,0.25390625
11776,0,CF1,L3,0.3,csfr,2,2,0.39757880568504333,1,False,0.003257328990228013,0.2280130293159609,0.2734375
3313,0,CF1,L3,0.3,csfr,6,6,0.9900913238525391,1,False,0.03257328990228013,0.19218241042345277,0.23046875
5424,0,CF1,L3,0.3,csfr,9,9,0.9438934922218323,1,False,0.013029315960912053,0.26384364820846906,0.31640625
19606,0,CF1,L3,0.3,csfr,2,2,0.9275702834129333,1,False,0.019543973941368076,0.23778501628664495,0.28515625
10110,0,CF1,L3,0.3,csfr,9,9,0.9751136302947998,1,False,0.016286644951140065,0.254071661237785,0.3046875
22872,0,CF1,L3,0.3,csfr,6,7,0.9025211334228516,0,False,0.003257328990228013,0.26384364820846906,0.31640625
7573,0,CF1,L3,0.3,csfr,1,1,0.9999189376831055,1,False,0.006514657980456026,0.25732899022801303,0.30859375
7105,0,CF1,L3,0.3,csfr,3,3,0.9978674650192261,1,False,0.009771986970684038,0.26058631921824105,0.3125
18854,0,CF1,L3,0.3,csfr,1,1,0.9954196214675903,1,False,0.009771986970684038,0.30293159609120524,0.36328125
14576,0,CF1,L3,0.3,csfr,9,9,0.9998427629470825,1,False,0.009771986970684038,0.2931596091205212,0.3515625
9376,0,CF1,L3,0.3,csfr,0,0,0.9935823082923889,1,False,0.016286644951140065,0.250814332247557,0.30078125
20128,0,CF1,L3,0.3,csfr,8,8,0.9974058270454407,1,False,0.013029315960912053,0.23778501628664495,0.28515625
24854,0,CF1,L3,0.3,csfr,9,9,0.9999229907989502,1,False,0.019543973941368076,0.26384364820846906,0.31640625
4937,0,CF1,L3,0.3,csfr,2,2,0.8216164112091064,1,False,0.006514657980456026,0.2768729641693811,0.33203125
338,0,CF1,L3,0.3,csfr,3,3,0.9816436171531677,1,False,0.009771986970684038,0.2703583061889251,0.32421875
9981,0,CF1,L3,0.3,csfr,3,3,0.6694940328598022,1,False,0.016286644951140065,0.2703583061889251,0.32421875
6665,0,CF1,L3,0.3,csfr,8,8,0.9695427417755127,1,False,0.009771986970684038,0.23778501628664495,0.28515625
6704,0,CF1,L3,0.3,csfr,0,0,0.9782707095146179,1,False,0.019543973941368076,0.23452768729641693,0.28125
23255,0,CF1,L3,0.3,csfr,2,2,0.999904990196228,1,False,0.006514657980456026,0.20846905537459284,0.25
5355,0,CF1,L3,0.3,csfr,5,5,0.9575337171554565,1,False,0.009771986970684038,0.2996742671009772,0.359375
22422,0,CF1,L3,0.3,csfr,1,1,0.9072028398513794,1,False,0.019543973941368076,0.25732899022801303,0.30859375
7367,0,CF1,L3,0.3,csfr,9,9,0.8983870148658752,1,False,0.016286644951140065,0.26058631921824105,0.3125
13489,0,CF1,L3,0.3,csfr,7,7,0.6323136687278748,1,False,0.003257328990228013,0.24429967426710097,0.29296875
20955,0,CF1,L3,0.3,csfr,7,7,0.9934390187263489,1,False,0.0,0.2182410423452769,0.26171875
25439,0,CF1,L3,0.3,csfr,9,9,0.9999959468841553,1,False,0.0,0.250814332247557,0.30078125
12711,0,CF1,L3,0.3,csfr,8,8,0.9129781126976013,1,False,0.003257328990228013,0.23127035830618892,0.27734375
7671,0,CF1,L3,0.3,csfr,6,6,0.5487781763076782,1,False,0.003257328990228013,0.23127035830618892,0.27734375
20420,0,CF1,L3,0.3,csfr,8,9,0.611129879951477,0,False,0.003257328990228013,0.2736156351791531,0.328125
12630,0,CF1,L3,0.3,csfr,2,7,0.28962987661361694,0,False,0.003257328990228013,0.23452768729641693,0.28125
21394,0,CF1,L3,0.3,csfr,1,1,0.9411225318908691,1,False,0.006514657980456026,0.2703583061889251,0.32421875
7095,0,CF1,L3,0.3,csfr,1,1,0.9179807305335999,1,False,0.019543973941368076,0.21498371335504887,0.2578125
11532,0,CF1,L3,0.3,csfr,9,9,0.9548249840736389,1,False,0.006514657980456026,0.250814332247557,0.30078125
2853,0,CF1,L3,0.3,csfr,3,3,0.9967086315155029,1,False,0.013029315960912053,0.2703583061889251,0.32421875
13487,0,CF1,L3,0.3,csfr,0,0,0.9934638142585754,1,False,0.02280130293159609,0.22149837133550487,0.265625
9350,0,CF1,L3,0.3,csfr,9,9,0.9854645133018494,1,False,0.016286644951140065,0.23452768729641693,0.28125
24164,0,CF1,L3,0.3,csfr,4,4,0.9592162370681763,1,False,0.009771986970684038,0.28013029315960913,0.3359375
23155,0,CF1,L3,0.3,csfr,7,7,0.9844635725021362,1,False,0.006514657980456026,0.2768729641693811,0.33203125
1588,0,CF1,L3,0.3,csfr,8,3,0.4273299276828766,0,False,0.013029315960912053,0.23452768729641693,0.28125
5400,0,CF1,L3,0.3,csfr,5,6,0.45754867792129517,0,False,0.013029315960912053,0.24104234527687296,0.2890625
8913,0,CF1,L3,0.3,csfr,6,6,0.9807764887809753,1,False,0.013029315960912053,0.22149837133550487,0.265625
4990,0,CF1,L3,0.3,csfr,8,2,0.5235132575035095,0,False,0.016286644951140065,0.247557003257329,0.296875
13364,0,CF1,L3,0.3,csfr,7,7,0.9996395111083984,1,False,0.006514657980456026,0.2768729641693811,0.33203125
1157,0,CF1,L3,0.3,csfr,1,1,0.9139013290405273,1,False,0.003257328990228013,0.24104234527687296,0.2890625
19432,0,CF1,L3,0.3,csfr,6,6,0.9995943903923035,1,False,0.009771986970684038,0.28664495114006516,0.34375
24861,0,CF1,L3,0.3,csfr,1,1,0.9474215507507324,1,False,0.006514657980456026,0.2703583061889251,0.32421875
16303,0,CF1,L3,0.3,csfr,0,0,0.6972540020942688,1,False,0.003257328990228013,0.2280130293159609,0.2734375
23675,0,CF1,L3,0.3,csfr,1,1,0.9945582151412964,1,False,0.006514657980456026,0.247557003257329,0.296875
10816,0,CF1,L3,0.3,csfr,5,5,0.9459473490715027,1,False,0.009771986970684038,0.23778501628664495,0.28515625
25683,0,CF1,L3,0.3,csfr,7,7,0.9984915256500244,1,False,0.026058631921824105,0.247557003257329,0.296875
6680,0,CF1,L3,0.3,csfr,7,7,0.8134316205978394,1,False,0.009771986970684038,0.247557003257329,0.296875
15541,0,CF1,L3,0.3,csfr,1,1,0.9734795689582825,1,False,0.009771986970684038,0.2280130293159609,0.2734375
129,0,CF1,L3,0.3,csfr,9,9,0.9198964238166809,1,False,0.013029315960912053,0.24429967426710097,0.29296875
10977,0,CF1,L3,0.3,csfr,5,5,0.9827656149864197,1,False,0.003257328990228013,0.2280130293159609,0.2734375
7518,0,CF1,L3,0.3,csfr,5,5,0.76350337266922,1,False,0.009771986970684038,0.2703583061889251,0.32421875
15350,0,CF1,L3,0.3,csfr,0,0,0.9963162541389465,1,False,0.016286644951140065,0.2671009771986971,0.3203125
4712,0,CF1,L3,0.3,csfr,2,2,0.9984158277511597,1,False,0.013029315960912053,0.22149837133550487,0.265625
3234,0,CF1,L3,0.3,csfr,1,1,0.9315811395645142,1,False,0.006514657980456026,0.254071661237785,0.3046875
21292,0,CF1,L3,0.3,csfr,8,8,0.5161265134811401,1,False,0.016286644951140065,0.26058631921824105,0.3125
6439,0,CF1,L3,0.3,csfr,6,8,0.5298561453819275,0,False,0.009771986970684038,0.247557003257329,0.296875
16930,0,CF1,L3,0.3,csfr,4,4,0.7792218923568726,1,False,0.003257328990228013,0.28013029315960913,0.3359375
25255,0,CF1,L3,0.3,csfr,6,2,0.45400121808052063,0,False,0.02280130293159609,0.2703583061889251,0.32421875
5562,0,CF1,L3,0.3,csfr,6,6,0.9977465271949768,1,False,0.006514657980456026,0.2768729641693811,0.33203125
20888,0,CF1,L3,0.3,csfr,6,6,0.839171290397644,1,False,0.009771986970684038,0.2182410423452769,0.26171875
17907,0,CF1,L3,0.3,csfr,0,0,0.9803338646888733,1,False,0.019543973941368076,0.22149837133550487,0.265625
15282,0,CF1,L3,0.3,csfr,5,6,0.6897861361503601,0,False,0.016286644951140065,0.2736156351791531,0.328125
9564,0,CF1,L3,0.3,csfr,5,5,0.9944104552268982,1,False,0.009771986970684038,0.25732899022801303,0.30859375
2105,0,CF1,L3,0.3,csfr,5,5,0.6596848368644714,1,False,0.006514657980456026,0.24104234527687296,0.2890625
2188,0,CF1,L3,0.3,csfr,5,5,0.9831522703170776,1,False,0.016286644951140065,0.23127035830618892,0.27734375
10587,0,CF1,L3,0.3,csfr,9,9,0.9830220937728882,1,False,0.009771986970684038,0.250814332247557,0.30078125
20421,0,CF1,L3,0.3,csfr,8,9,0.8215932846069336,0,False,0.003257328990228013,0.28664495114006516,0.34375
23070,0,CF1,L3,0.3,csfr,0,0,0.9994620680809021,1,False,0.009771986970684038,0.250814332247557,0.30078125
19127,0,CF1,L3,0.3,csfr,6,6,0.9693460464477539,1,False,0.019543973941368076,0.24104234527687296,0.2890625
7302,0,CF1,L3,0.3,csfr,3,3,0.9960060715675354,1,False,0.006514657980456026,0.2247557003257329,0.26953125
8409,0,CF1,L3,0.3,csfr,4,4,0.9999953508377075,1,False,0.006514657980456026,0.250814332247557,0.30078125
11086,0,CF1,L3,0.3,csfr,7,7,0.9872748851776123,1,False,0.006514657980456026,0.21498371335504887,0.2578125
17122,0,CF1,L3,0.3,csfr,5,5,0.9980588555335999,1,False,0.006514657980456026,0.1986970684039088,0.23828125
3555,0,CF1,L3,0.3,csfr,2,2,0.9999536275863647,1,False,0.009771986970684038,0.247557003257329,0.296875
19437,0,CF1,L3,0.3,csfr,4,4,0.7022101283073425,1,False,0.016286644951140065,0.26058631921824105,0.3125
594,0,CF1,L3,0.3,csfr,9,9,0.991462767124176,1,False,0.006514657980456026,0.24104234527687296,0.2890625
21863,0,CF1,L3,0.3,csfr,3,3,0.9921626448631287,1,False,0.006514657980456026,0.247557003257329,0.296875
19765,0,CF1,L3,0.3,csfr,5,5,0.9945213794708252,1,False,0.009771986970684038,0.23778501628664495,0.28515625
16909,0,CF1,L3,0.3,csfr,2,2,0.9905852675437927,1,False,0.016286644951140065,0.28013029315960913,0.3359375
21154,0,CF1,L3,0.3,csfr,7,7,0.9991320967674255,1,False,0.003257328990228013,0.2736156351791531,0.328125
18615,0,CF1,L3,0.3,csfr,7,7,0.9759100079536438,1,False,0.009771986970684038,0.250814332247557,0.30078125
18171,0,CF1,L3,0.3,csfr,7,7,0.9999557733535767,1,False,0.016286644951140065,0.24429967426710097,0.29296875
24434,0,CF1,L3,0.3,csfr,5,5,0.9276733994483948,1,False,0.009771986970684038,0.24104234527687296,0.2890625
9664,0,CF1,L3,0.3,csfr,0,0,0.9887120723724365,1,False,0.009771986970684038,0.24104234527687296,0.2890625
2013,0,CF1,L3,0.3,csfr,5,5,0.9861108064651489,1,False,0.003257328990228013,0.254071661237785,0.3046875
13537,0,CF1,L3,0.3,csfr,4,0,0.7945782542228699,0,False,0.02280130293159609,0.23127035830618892,0.27734375
23942,0,CF1,L3,0.3,csfr,9,6,0.5551275610923767,0,False,0.009771986970684038,0.26384364820846906,0.31640625
12415,0,CF1,L3,0.3,csfr,4,4,0.8212030529975891,1,False,0.009771986970684038,0.2247557003257329,0.26953125
13735,0,CF1,L3,0.3,csfr,0,0,0.9995286464691162,1,False,0.006514657980456026,0.23778501628664495,0.28515625
6873,0,CF1,L3,0.3,csfr,1,1,0.9992485642433167,1,False,0.009771986970684038,0.26384364820846906,0.31640625
16233,0,CF1,L3,0.3,csfr,2,2,0.9863103628158569,1,False,0.013029315960912053,0.2247557003257329,0.26953125
13108,0,CF1,L3,0.3,csfr,5,5,0.5995801091194153,1,False,0.009771986970684038,0.2703583061889251,0.32421875
18114,0,CF1,L3,0.3,csfr,7,7,0.9979425072669983,1,False,0.013029315960912053,0.250814332247557,0.30078125
25318,0,CF1,L3,0.3,csfr,0,6,0.564346194267273,0,False,0.003257328990228013,0.23127035830618892,0.27734375
22387,0,CF1,L3,0.3,csfr,7,7,0.9455941915512085,1,False,0.016286644951140065,0.23778501628664495,0.28515625
19911,0,CF1,L3,0.3,csfr,7,7,0.8763089776039124,1,False,0.003257328990228013,0.23127035830618892,0.27734375
9953,0,CF1,L3,0.3,csfr,2,2,0.9931984543800354,1,False,0.003257328990228013,0.23778501628664495,0.28515625
18500,0,CF1,L3,0.3,csfr,1,1,0.9990633130073547,1,False,0.006514657980456026,0.2247557003257329,0.26953125
12463,0,CF1,L3,0.3,csfr,2,5,0.46109330654144287,0,False,0.013029315960912053,0.22149837133550487,0.265625
12143,0,CF1,L3,0.3,csfr,8,8,0.9736003875732422,1,False,0.013029315960912053,0.2247557003257329,0.26953125
14588,0,CF1,L3,0.3,csfr,8,8,0.9859083294868469,1,False,0.006514657980456026,0.24104234527687296,0.2890625
22152,0,CF1,L3,0.3,csfr,2,2,0.877792477607727,1,False,0.009771986970684038,0.2247557003257329,0.26953125
16563,0,CF1,L3,0.3,csfr,4,4,0.6648587584495544,1,False,0.013029315960912053,0.250814332247557,0.30078125
25225,0,CF1,L3,0.3,csfr,9,9,0.9586805105209351,1,False,0.006514657980456026,0.254071661237785,0.3046875
1161,0,CF1,L3,0.3,csfr,2,2,0.5706877708435059,1,False,0.003257328990228013,0.2280130293159609,0.2734375
9891,0,CF1,L3,0.3,csfr,5,5,0.7958874106407166,1,False,0.013029315960912053,0.2671009771986971,0.3203125
18833,0,CF1,L3,0.3,csfr,2,2,0.9684832692146301,1,False,0.006514657980456026,0.2671009771986971,0.3203125
6162,0,CF1,L3,0.3,csfr,2,2,0.9450869560241699,1,False,0.006514657980456026,0.247557003257329,0.296875
22638,0,CF1,L3,0.3,csfr,0,0,0.8585104942321777,1,False,0.009771986970684038,0.26384364820846906,0.31640625
6112,0,CF1,L3,0.3,csfr,6,6,0.6714911460876465,1,False,0.009771986970684038,0.254071661237785,0.3046875
24259,0,CF1,L3,0.3,csfr,9,9,0.9540746808052063,1,False,0.006514657980456026,0.254071661237785,0.3046875
18029,0,CF1,L3,0.3,csfr,2,2,0.9902682900428772,1,False,0.009771986970684038,0.26384364820846906,0.31640625
13233,0,CF1,L3,0.3,csfr,0,0,0.9526772499084473,1,False,0.006514657980456026,0.23778501628664495,0.28515625
22560,0,CF1,L3,0.3,csfr,3,3,0.48487281799316406,1,False,0.006514657980456026,0.254071661237785,0.3046875
17100,0,CF1,L3,0.3,csfr,7,7,0.9891981482505798,1,False,0.003257328990228013,0.23452768729641693,0.28125
13394,0,CF1,L3,0.3,csfr,7,7,0.9717178344726562,1,False,0.006514657980456026,0.254071661237785,0.3046875
25173,0,CF1,L3,0.3,csfr,3,7,0.4344441294670105,0,False,0.006514657980456026,0.247557003257329,0.296875
17342,0,CF1,L3,0.3,csfr,4,4,0.9988214373588562,1,False,0.009771986970684038,0.25732899022801303,0.30859375
5881,0,CF1,L3,0.3,csfr,1,1,0.953840434551239,1,False,0.0,0.26058631921824105,0.3125
16982,0,CF1,L3,0.3,csfr,3,9,0.46936118602752686,0,False,0.009771986970684038,0.2931596091205212,0.3515625
12959,0,CF1,L3,0.3,csfr,2,2,0.9924749732017517,1,False,0.009771986970684038,0.247557003257329,0.296875
3410,0,CF1,L3,0.3,csfr,2,2,0.9990416169166565,1,False,0.006514657980456026,0.25732899022801303,0.30859375
1939,0,CF1,L3,0.3,csfr,2,2,0.9999760389328003,1,False,0.009771986970684038,0.2703583061889251,0.32421875
13563,0,CF1,L3,0.3,csfr,4,2,0.4287993609905243,0,False,0.013029315960912053,0.26058631921824105,0.3125
9659,0,CF1,L3,0.3,csfr,4,1,0.859251081943512,0,False,0.003257328990228013,0.24429967426710097,0.29296875
23588,0,CF1,L3,0.3,csfr,9,9,0.9885817170143127,1,False,0.003257328990228013,0.24429967426710097,0.29296875
12156,0,CF1,L3,0.3,csfr,9,9,0.5607389211654663,1,False,0.003257328990228013,0.26058631921824105,0.3125
24790,0,CF1,L3,0.3,csfr,4,2,0.43248990178108215,0,False,0.026058631921824105,0.26384364820846906,0.31640625
894,0,CF1,L3,0.3,csfr,8,8,0.5959547758102417,1,False,0.016286644951140065,0.2768729641693811,0.33203125
13738,0,CF1,L3,0.3,csfr,7,7,0.9864879250526428,1,False,0.009771986970684038,0.25732899022801303,0.30859375
20555,0,CF1,L3,0.3,csfr,5,5,0.9244562983512878,1,False,0.009771986970684038,0.2931596091205212,0.3515625
20457,0,CF1,L3,0.3,csfr,3,1,0.5446825623512268,0,False,0.019543973941368076,0.28664495114006516,0.34375
24842,0,CF1,L3,0.3,csfr,3,5,0.7122524380683899,0,False,0.019543973941368076,0.2671009771986971,0.3203125
11390,0,CF1,L3,0.3,csfr,9,9,0.5472546815872192,1,False,0.009771986970684038,0.2899022801302932,0.34765625
2665,0,CF1,L3,0.3,csfr,9,9,0.9606176614761353,1,False,0.016286644951140065,0.254071661237785,0.3046875
24741,0,CF1,L3,0.3,csfr,8,8,0.7049885988235474,1,False,0.009771986970684038,0.25732899022801303,0.30859375
17634,0,CF1,L3,0.3,csfr,8,3,0.3920576870441437,0,False,0.016286644951140065,0.2280130293159609,0.2734375
16599,0,CF1,L3,0.3,csfr,1,1,0.9692784547805786,1,False,0.016286644951140065,0.23778501628664495,0.28515625
19330,0,CF1,L3,0.3,csfr,7,7,0.7872301340103149,1,False,0.013029315960912053,0.2671009771986971,0.3203125
3257,0,CF1,L3,0.3,csfr,1,1,0.9913395047187805,1,False,0.003257328990228013,0.2182410423452769,0.26171875
1114,0,CF1,L3,0.3,csfr,9,9,0.9998296499252319,1,False,0.003257328990228013,0.26058631921824105,0.3125
11738,0,CF1,L3,0.3,csfr,8,8,0.8042135238647461,1,False,0.009771986970684038,0.23127035830618892,0.27734375
13077,0,CF1,L3,0.3,csfr,8,8,0.9996486902236938,1,False,0.019543973941368076,0.26384364820846906,0.31640625
5168,0,CF1,L3,0.3,csfr,3,3,0.5864255428314209,1,False,0.016286644951140065,0.23778501628664495,0.28515625
26013,0,CF1,L3,0.3,csfr,8,8,0.8865713477134705,1,False,0.019543973941368076,0.23452768729641693,0.28125
5611,0,CF1,L3,0.3,csfr,7,7,0.9970067143440247,1,False,0.016286644951140065,0.23127035830618892,0.27734375
9389,0,CF1,L3,0.3,csfr,6,6,0.9183022975921631,1,False,0.019543973941368076,0.24104234527687296,0.2890625
25070,0,CF1,L3,0.3,csfr,2,2,0.9998451471328735,1,False,0.006514657980456026,0.254071661237785,0.3046875
11322,0,CF1,L3,0.3,csfr,8,8,0.9070678353309631,1,False,0.006514657980456026,0.21172638436482086,0.25390625
3051,0,CF1,L3,0.3,csfr,0,0,0.7231590747833252,1,False,0.003257328990228013,0.2899022801302932,0.34765625
18770,0,CF1,L3,0.3,csfr,4,5,0.24229201674461365,0,False,0.013029315960912053,0.2280130293159609,0.2734375
14692,0,CF1,L3,0.3,csfr,2,2,0.9867201447486877,1,False,0.02280130293159609,0.26058631921824105,0.3125
4561,0,CF1,L3,0.3,csfr,5,5,0.9049419164657593,1,False,0.009771986970684038,0.23778501628664495,0.28515625
16994,0,CF1,L3,0.3,csfr,0,0,0.9999667406082153,1,False,0.013029315960912053,0.2671009771986971,0.3203125
4156,0,CF1,L3,0.3,csfr,5,5,0.29438647627830505,1,False,0.009771986970684038,0.25732899022801303,0.30859375
5884,0,CF1,L3,0.3,csfr,1,2,0.7725775241851807,0,False,0.013029315960912053,0.2996742671009772,0.359375
18233,0,CF1,L3,0.3,csfr,0,0,0.9875432252883911,1,False,0.003257328990228013,0.2671009771986971,0.3203125
17044,0,CF1,L3,0.3,csfr,6,6,0.992512583732605,1,False,0.009771986970684038,0.24104234527687296,0.2890625
18857,0,CF1,L3,0.3,csfr,6,6,0.7963290214538574,1,False,0.013029315960912053,0.23778501628664495,0.28515625
21917,0,CF1,L3,0.3,csfr,9,9,0.7007676362991333,1,False,0.006514657980456026,0.247557003257329,0.296875
5054,0,CF1,L3,0.3,csfr,3,9,0.8824698328971863,0,False,0.013029315960912053,0.22149837133550487,0.265625
7882,0,CF1,L3,0.3,csfr,4,4,0.9532750844955444,1,False,0.006514657980456026,0.250814332247557,0.30078125
15688,0,CF1,L3,0.3,csfr,4,4,0.9999533891677856,1,False,0.009771986970684038,0.2280130293159609,0.2734375
5612,0,CF1,L3,0.3,csfr,8,8,0.9724843502044678,1,False,0.013029315960912053,0.254071661237785,0.3046875
13934,0,CF1,L3,0.3,csfr,9,9,0.905033528804779,1,False,0.019543973941368076,0.2736156351791531,0.328125
16689,0,CF1,L3,0.3,csfr,2,2,0.9967600703239441,1,False,0.003257328990228013,0.26058631921824105,0.3125
23844,0,CF1,L3,0.3,csfr,6,6,0.9732800126075745,1,False,0.006514657980456026,0.28338762214983715,0.33984375
7944,0,CF1,L3,0.3,csfr,7,7,0.9622679948806763,1,False,0.013029315960912053,0.24104234527687296,0.2890625
11370,0,CF1,L3,0.3,csfr,8,8,0.9936184883117676,1,False,0.009771986970684038,0.254071661237785,0.3046875
24569,0,CF1,L3,0.3,csfr,1,1,0.9999393224716187,1,False,0.009771986970684038,0.2736156351791531,0.328125
7529,0,CF1,L3,0.3,csfr,5,5,0.947986364364624,1,False,0.02280130293159609,0.247557003257329,0.296875
5092,0,CF1,L3,0.3,csfr,2,2,0.9903959631919861,1,False,0.0,0.24104234527687296,0.2890625
20673,0,CF1,L3,0.3,csfr,2,2,0.9999845027923584,1,False,0.009771986970684038,0.2768729641693811,0.33203125
10096,0,CF1,L3,0.3,csfr,7,7,0.8693752884864807,1,False,0.006514657980456026,0.26058631921824105,0.3125
2059,0,CF1,L3,0.3,csfr,3,3,0.8881770968437195,1,False,0.006514657980456026,0.22149837133550487,0.265625
19318,0,CF1,L3,0.3,csfr,0,0,0.9997460246086121,1,False,0.013029315960912053,0.26058631921824105,0.3125
12977,0,CF1,L3,0.3,csfr,8,0,0.5253385305404663,0,False,0.013029315960912053,0.2671009771986971,0.3203125
17673,0,CF1,L3,0.3,csfr,0,0,0.8481707572937012,1,False,0.003257328990228013,0.24104234527687296,0.2890625
18750,0,CF1,L3,0.3,csfr,0,0,0.9363189935684204,1,False,0.02280130293159609,0.20195439739413681,0.2421875
16728,0,CF1,L3,0.3,csfr,3,3,0.9562923312187195,1,False,0.013029315960912053,0.26058631921824105,0.3125
14776,0,CF1,L3,0.3,csfr,8,8,0.9764357209205627,1,False,0.003257328990228013,0.28338762214983715,0.33984375
6941,0,CF1,L3,0.3,csfr,9,9,0.9772654175758362,1,False,0.016286644951140065,0.2768729641693811,0.33203125
16787,0,CF1,L3,0.3,csfr,6,8,0.7157287001609802,0,False,0.019543973941368076,0.254071661237785,0.3046875
25932,0,CF1,L3,0.3,csfr,5,5,0.9627628922462463,1,False,0.003257328990228013,0.26384364820846906,0.31640625
614,0,CF1,L3,0.3,csfr,0,0,0.6710094213485718,1,False,0.02280130293159609,0.25732899022801303,0.30859375
25690,0,CF1,L3,0.3,csfr,5,5,0.8597836494445801,1,False,0.019543973941368076,0.2280130293159609,0.2734375
25968,0,CF1,L3,0.3,csfr,5,5,0.9915859699249268,1,False,0.016286644951140065,0.2247557003257329,0.26953125
20123,0,CF1,L3,0.3,csfr,3,3,0.8927672505378723,1,False,0.003257328990228013,0.2671009771986971,0.3203125
13341,0,CF1,L3,0.3,csfr,5,5,0.9073485732078552,1,False,0.013029315960912053,0.25732899022801303,0.30859375
24697,0,CF1,L3,0.3,csfr,4,4,0.9997619986534119,1,False,0.019543973941368076,0.24104234527687296,0.2890625
15157,0,CF1,L3,0.3,csfr,6,6,0.5744741559028625,1,False,0.016286644951140065,0.2931596091205212,0.3515625
23115,0,CF1,L3,0.3,csfr,1,1,0.49183183908462524,1,False,0.009771986970684038,0.20521172638436483,0.24609375
6396,0,CF1,L3,0.3,csfr,0,0,0.9992295503616333,1,False,0.02280130293159609,0.2768729641693811,0.33203125
19142,0,CF1,L3,0.3,csfr,4,4,0.783308207988739,1,False,0.003257328990228013,0.26384364820846906,0.31640625
13157,0,CF1,L3,0.3,csfr,3,3,0.84054034948349,1,False,0.0,0.254071661237785,0.3046875
19866,0,CF1,L3,0.3,csfr,1,1,0.9741918444633484,1,False,0.006514657980456026,0.23778501628664495,0.28515625
25996,0,CF1,L3,0.3,csfr,8,8,0.9995338916778564,1,False,0.009771986970684038,0.26058631921824105,0.3125
25515,0,CF1,L3,0.3,csfr,7,1,0.9415984153747559,0,False,0.006514657980456026,0.23127035830618892,0.27734375
12876,0,CF1,L3,0.3,csfr,0,0,0.9942032694816589,1,False,0.013029315960912053,0.2736156351791531,0.328125
17565,0,CF1,L3,0.3,csfr,6,6,0.9947032332420349,1,False,0.009771986970684038,0.2280130293159609,0.2734375
17511,0,CF1,L3,0.3,csfr,4,4,0.5080052614212036,1,False,0.003257328990228013,0.24104234527687296,0.2890625
19996,0,CF1,L3,0.3,csfr,0,0,0.9989215135574341,1,False,0.006514657980456026,0.2280130293159609,0.2734375
12807,0,CF1,L3,0.3,csfr,1,1,0.99978107213974,1,False,0.006514657980456026,0.19543973941368079,0.234375
11001,0,CF1,L3,0.3,csfr,9,9,0.9765393733978271,1,False,0.019543973941368076,0.23778501628664495,0.28515625
13107,0,CF1,L3,0.3,csfr,0,0,0.999804675579071,1,False,0.016286644951140065,0.24429967426710097,0.29296875
12641,0,CF1,L3,0.3,csfr,6,6,0.9985968470573425,1,False,0.003257328990228013,0.28013029315960913,0.3359375
22667,0,CF1,L3,0.3,csfr,5,5,0.9969167709350586,1,False,0.016286644951140065,0.254071661237785,0.3046875
7310,0,CF1,L3,0.3,csfr,7,7,0.967705249786377,1,False,0.009771986970684038,0.24429967426710097,0.29296875
764,0,CF1,L3,0.3,csfr,1,1,0.8897936344146729,1,False,0.006514657980456026,0.2768729641693811,0.33203125
14813,0,CF1,L3,0.3,csfr,4,4,0.9961510896682739,1,False,0.019543973941368076,0.2736156351791531,0.328125
7132,0,CF1,L3,0.3,csfr,2,2,0.9992017149925232,1,False,0.009771986970684038,0.26058631921824105,0.3125
23884,0,CF1,L3,0.3,csfr,1,1,0.36905279755592346,1,False,0.006514657980456026,0.23778501628664495,0.28515625
22735,0,CF1,L3,0.3,csfr,8,8,0.979695200920105,1,False,0.009771986970684038,0.254071661237785,0.3046875
12483,0,CF1,L3,0.3,csfr,2,2,0.9885002374649048,1,False,0.003257328990228013,0.24104234527687296,0.2890625
10442,0,CF1,L3,0.3,csfr,6,6,0.8127948045730591,1,False,0.003257328990228013,0.23778501628664495,0.28515625
3733,0,CF1,L3,0.3,csfr,8,8,0.9981639981269836,1,False,0.006514657980456026,0.254071661237785,0.3046875
20089,0,CF1,L3,0.3,csfr,4,4,0.9767314195632935,1,False,0.013029315960912053,0.250814332247557,0.30078125
20411,0,CF1,L3,0.3,csfr,4,4,0.6946366429328918,1,False,0.006514657980456026,0.2931596091205212,0.3515625
10695,0,CF1,L3,0.3,csfr,4,1,0.4974146783351898,0,False,0.003257328990228013,0.254071661237785,0.3046875
11992,0,CF1,L3,0.3,csfr,2,2,0.9999287128448486,1,False,0.003257328990228013,0.23127035830618892,0.27734375
20712,0,CF1,L3,0.3,csfr,7,7,0.9596694707870483,1,False,0.003257328990228013,0.26384364820846906,0.31640625
6518,0,CF1,L3,0.3,csfr,8,8,0.9281226992607117,1,False,0.003257328990228013,0.2768729641693811,0.33203125
6015,0,CF1,L3,0.3,csfr,9,9,0.8263890147209167,1,False,0.009771986970684038,0.26384364820846906,0.31640625
8396,0,CF1,L3,0.3,csfr,5,2,0.7452311515808105,0,False,0.006514657980456026,0.24429967426710097,0.29296875
12097,0,CF1,L3,0.3,csfr,9,9,0.9977554678916931,1,False,0.013029315960912053,0.2280130293159609,0.2734375
12565,0,CF1,L3,0.3,csfr,2,2,0.9826845526695251,1,False,0.003257328990228013,0.24429967426710097,0.29296875
22474,0,CF1,L3,0.3,csfr,4,4,0.5466171503067017,1,False,0.009771986970684038,0.23127035830618892,0.27734375
25110,0,CF1,L3,0.3,csfr,9,9,0.9944860339164734,1,False,0.003257328990228013,0.26384364820846906,0.31640625
8275,0,CF1,L3,0.3,csfr,8,8,0.9901636242866516,1,False,0.016286644951140065,0.24429967426710097,0.29296875
3871,0,CF1,L3,0.3,csfr,1,1,0.7949517965316772,1,False,0.006514657980456026,0.21172638436482086,0.25390625
24639,0,CF1,L3,0.3,csfr,2,2,0.9986464381217957,1,False,0.02280130293159609,0.26058631921824105,0.3125
15979,0,CF1,L3,0.3,csfr,3,3,0.7888783812522888,1,False,0.006514657980456026,0.24429967426710097,0.29296875
24513,0,CF1,L3,0.3,csfr,6,6,0.9942163228988647,1,False,0.013029315960912053,0.30293159609120524,0.36328125
10926,0,CF1,L3,0.3,csfr,7,7,0.9458476305007935,1,False,0.013029315960912053,0.254071661237785,0.3046875
25564,0,CF1,L3,0.3,csfr,0,0,0.8140978217124939,1,False,0.0,0.26058631921824105,0.3125
2118,0,CF1,L3,0.3,csfr,0,0,0.8842630982398987,1,False,0.003257328990228013,0.23127035830618892,0.27734375
4358,0,CF1,L3,0.3,csfr,9,3,0.43395209312438965,0,False,0.006514657980456026,0.2247557003257329,0.26953125
5674,0,CF1,L3,0.3,csfr,8,8,0.2985341548919678,1,False,0.009771986970684038,0.2182410423452769,0.26171875
3397,0,CF1,L3,0.3,csfr,7,7,0.9995380640029907,1,False,0.016286644951140065,0.26384364820846906,0.31640625
5183,0,CF1,L3,0.3,csfr,7,7,0.9573296904563904,1,False,0.006514657980456026,0.26058631921824105,0.3125
7505,0,CF1,L3,0.3,csfr,9,9,0.9998587369918823,1,False,0.016286644951140065,0.23778501628664495,0.28515625
17539,0,CF1,L3,0.3,csfr,0,0,0.8974935412406921,1,False,0.013029315960912053,0.2703583061889251,0.32421875
23918,0,CF1,L3,0.3,csfr,6,5,0.6453979015350342,0,False,0.003257328990228013,0.2280130293159609,0.2734375
19449,0,CF1,L3,0.3,csfr,2,2,0.9994804263114929,1,False,0.009771986970684038,0.28664495114006516,0.34375
18599,0,CF1,L3,0.3,csfr,3,3,0.6360247731208801,1,False,0.003257328990228013,0.2671009771986971,0.3203125
8175,0,CF1,L3,0.3,csfr,8,6,0.5965398550033569,0,False,0.013029315960912053,0.24104234527687296,0.2890625
18412,0,CF1,L3,0.3,csfr,7,7,0.9728900194168091,1,False,0.006514657980456026,0.21172638436482086,0.25390625
20667,0,CF1,L3,0.3,csfr,1,1,0.9765461683273315,1,False,0.013029315960912053,0.250814332247557,0.30078125
8672,0,CF1,L3,0.3,csfr,9,9,0.8534302115440369,1,False,0.016286644951140065,0.23127035830618892,0.27734375
22087,0,CF1,L3,0.3,csfr,1,1,0.9999970197677612,1,False,0.009771986970684038,0.2768729641693811,0.33203125
6910,0,CF1,L3,0.3,csfr,2,2,0.9995373487472534,1,False,0.006514657980456026,0.2703583061889251,0.32421875
19205,0,CF1,L3,0.3,csfr,3,5,0.6385884284973145,0,False,0.02280130293159609,0.24429967426710097,0.29296875
10581,0,CF1,L3,0.3,csfr,3,3,0.962626039981842,1,False,0.013029315960912053,0.24429967426710097,0.29296875
14516,0,CF1,L3,0.3,csfr,4,4,0.6445838212966919,1,False,0.0,0.28338762214983715,0.33984375
22602,0,CF1,L3,0.3,csfr,4,4,0.9606059789657593,1,False,0.016286644951140065,0.23452768729641693,0.28125
1944,0,CF1,L3,0.3,csfr,0,0,0.9519698619842529,1,False,0.013029315960912053,0.26384364820846906,0.31640625
19718,0,CF1,L3,0.3,csfr,0,2,0.5814686417579651,0,False,0.009771986970684038,0.28013029315960913,0.3359375
15599,0,CF1,L3,0.3,csfr,7,7,0.9933372735977173,1,False,0.006514657980456026,0.2182410423452769,0.26171875
16766,0,CF1,L3,0.3,csfr,9,9,0.9750900268554688,1,False,0.009771986970684038,0.26058631921824105,0.3125
12317,0,CF1,L3,0.3,csfr,5,5,0.6298761367797852,1,False,0.009771986970684038,0.26058631921824105,0.3125
6275,0,CF1,L3,0.3,csfr,6,6,0.7479124665260315,1,False,0.006514657980456026,0.254071661237785,0.3046875
14332,0,CF1,L3,0.3,csfr,3,3,0.6021043062210083,1,False,0.02280130293159609,0.26058631921824105,0.3125
25615,0,CF1,L3,0.3,csfr,8,8,0.9887500405311584,1,False,0.009771986970684038,0.247557003257329,0.296875
7680,0,CF1,L3,0.3,csfr,7,7,0.9999737739562988,1,False,0.009771986970684038,0.250814332247557,0.30078125
22105,0,CF1,L3,0.3,csfr,7,7,0.9987220168113708,1,False,0.013029315960912053,0.28664495114006516,0.34375
19179,0,CF1,L3,0.3,csfr,5,5,0.685907781124115,1,False,0.013029315960912053,0.23452768729641693,0.28125
22379,0,CF1,L3,0.3,csfr,5,5,0.9067613482475281,1,False,0.003257328990228013,0.254071661237785,0.3046875
11796,0,CF1,L3,0.3,csfr,0,0,0.9944602251052856,1,False,0.006514657980456026,0.2280130293159609,0.2734375
16929,0,CF1,L3,0.3,csfr,0,0,0.9998237490653992,1,False,0.006514657980456026,0.24104234527687296,0.2890625
20580,0,CF1,L3,0.3,csfr,2,5,0.40833455324172974,0,False,0.009771986970684038,0.24104234527687296,0.2890625
21272,0,CF1,L3,0.3,csfr,7,7,0.7783620357513428,1,False,0.016286644951140065,0.24104234527687296,0.2890625
12963,0,CF1,L3,0.3,csfr,4,4,0.9962049126625061,1,False,0.003257328990228013,0.247557003257329,0.296875
15648,0,CF1,L3,0.3,csfr,9,9,0.9452220797538757,1,False,0.009771986970684038,0.254071661237785,0.3046875
10831,0,CF1,L3,0.3,csfr,6,6,0.9972841739654541,1,False,0.013029315960912053,0.2182410423452769,0.26171875
12228,0,CF1,L3,0.3,csfr,3,3,0.9179508090019226,1,False,0.02280130293159609,0.21498371335504887,0.2578125
2242,0,CF1,L3,0.3,csfr,7,9,0.7944150567054749,0,False,0.009771986970684038,0.21498371335504887,0.2578125
25443,0,CF1,L3,0.3,csfr,3,3,0.9999986886978149,1,False,0.016286644951140065,0.23452768729641693,0.28125
23913,0,CF1,L3,0.3,csfr,1,1,0.9800159335136414,1,False,0.02280130293159609,0.21498371335504887,0.2578125
18452,0,CF1,L3,0.3,csfr,1,1,0.9927113056182861,1,False,0.006514657980456026,0.24104234527687296,0.2890625
12210,0,CF1,L3,0.3,csfr,0,0,0.9994910955429077,1,False,0.006514657980456026,0.2768729641693811,0.33203125
3532,0,CF1,L3,0.3,csfr,6,6,0.5264781713485718,1,False,0.009771986970684038,0.28013029315960913,0.3359375
13678,0,CF1,L3,0.3,csfr,9,9,0.9954836368560791,1,False,0.009771986970684038,0.25732899022801303,0.30859375
21370,0,CF1,L3,0.3,csfr,5,8,0.4777366816997528,0,False,0.013029315960912053,0.23452768729641693,0.28125
23728,0,CF1,L3,0.3,csfr,9,9,0.9998923540115356,1,False,0.0,0.2703583061889251,0.32421875
7460,0,CF1,L3,0.3,csfr,0,0,0.9992978572845459,1,False,0.013029315960912053,0.23127035830618892,0.27734375
25354,0,CF1,L3,0.3,csfr,2,2,0.9943629503250122,1,False,0.009771986970684038,0.23452768729641693,0.28125
18984,0,CF1,L3,0.3,csfr,8,8,0.986354649066925,1,False,0.009771986970684038,0.25732899022801303,0.30859375
12422,0,CF1,L3,0.3,csfr,6,6,0.9997876286506653,1,False,0.0,0.28664495114006516,0.34375
7413,0,CF1,L3,0.3,csfr,4,4,0.6036186218261719,1,False,0.019543973941368076,0.2671009771986971,0.3203125
