patch_id,seed,family,level,frac,method,true_label,prediction,confidence,correct,bounded_unknown,isolated_missing_frac,mask_overlap_centre,centre_erased_frac
17222,0,CF1,L3,0.3,dictlearn,8,8,0.4935469925403595,1,False,0.006514657980456026,0.24104234527687296,0.2890625
7987,0,CF1,L3,0.3,dictlearn,4,3,0.43031635880470276,0,False,0.009771986970684038,0.23452768729641693,0.28125
14403,0,CF1,L3,0.3,dictlearn,1,4,0.7614655494689941,0,False,0.009771986970684038,0.2280130293159609,0.2734375
12904,0,CF1,L3,0.3,dictlearn,1,1,0.26552334427833557,1,False,0.016286644951140065,0.2247557003257329,0.26953125
1024,0,CF1,L3,0.3,dictlearn,2,2,0.5912219882011414,1,False,0.016286644951140065,0.2703583061889251,0.32421875
15700,0,CF1,L3,0.3,dictlearn,3,0,0.9820370078086853,0,False,0.009771986970684038,0.2703583061889251,0.32421875
12639,0,CF1,L3,0.3,dictlearn,7,7,0.67276531457901,1,False,0.013029315960912053,0.2247557003257329,0.26953125
20658,0,CF1,L3,0.3,dictlearn,4,2,0.3544849455356598,0,False,0.013029315960912053,0.25732899022801303,0.30859375
2642,0,CF1,L3,0.3,dictlearn,7,7,0.7605534791946411,1,False,0.013029315960912053,0.26384364820846906,0.31640625
9392,0,CF1,L3,0.3,dictlearn,9,9,0.6884840726852417,1,False,0.026058631921824105,0.22149837133550487,0.265625
23357,0,CF1,L3,0.3,dictlearn,5,5,0.4683113694190979,1,False,0.016286644951140065,0.23452768729641693,0.28125
15977,0,CF1,L3,0.3,dictlearn,0,8,0.38870862126350403,0,False,0.003257328990228013,0.22149837133550487,0.265625
10440,0,CF1,L3,0.3,dictlearn,0,0,0.7437726259231567,1,False,0.006514657980456026,0.26384364820846906,0.31640625
14216,0,CF1,L3,0.3,dictlearn,3,3,0.6481499075889587,1,False,0.013029315960912053,0.25732899022801303,0.30859375
18353,0,CF1,L3,0.3,dictlearn,7,3,0.40756502747535706,0,False,0.013029315960912053,0.23778501628664495,0.28515625
17404,0,CF1,L3,0.3,dictlearn,3,3,0.3213697671890259,1,False,0.026058631921824105,0.2671009771986971,0.3203125
8424,0,CF1,L3,0.3,dictlearn,8,8,0.43794357776641846,1,False,0.026058631921824105,0.2247557003257329,0.26953125
4744,0,CF1,L3,0.3,dictlearn,8,8,0.7809751629829407,1,False,0.009771986970684038,0.23452768729641693,0.28125
18797,0,CF1,L3,0.3,dictlearn,7,7,0.9858415722846985,1,False,0.003257328990228013,0.28013029315960913,0.3359375
3156,0,CF1,L3,0.3,dictlearn,7,2,0.6532071828842163,0,False,0.0,0.2736156351791531,0.328125
17024,0,CF1,L3,0.3,dictlearn,2,2,0.4806414842605591,1,False,0.0,0.26058631921824105,0.3125
7807,0,CF1,L3,0.3,dictlearn,8,8,0.8365914821624756,1,False,0.003257328990228013,0.21498371335504887,0.2578125
138,0,CF1,L3,0.3,dictlearn,0,0,0.6786379218101501,1,False,0.003257328990228013,0.24104234527687296,0.2890625
20222,0,CF1,L3,0.3,dictlearn,2,2,0.9443408250808716,1,False,0.0,0.250814332247557,0.30078125
24734,0,CF1,L3,0.3,dictlearn,9,3,0.26566433906555176,0,False,0.009771986970684038,0.28013029315960913,0.3359375
8909,0,CF1,L3,0.3,dictlearn,0,0,0.4611639976501465,1,False,0.0,0.2247557003257329,0.26953125
4684,0,CF1,L3,0.3,dictlearn,1,1,0.4520740211009979,1,False,0.0,0.26058631921824105,0.3125
15978,0,CF1,L3,0.3,dictlearn,6,6,0.28647661209106445,1,False,0.016286644951140065,0.20521172638436483,0.24609375
21495,0,CF1,L3,0.3,dictlearn,7,3,0.3748243451118469,0,False,0.013029315960912053,0.2703583061889251,0.32421875
5107,0,CF1,L3,0.3,dictlearn,6,3,0.4708954989910126,0,False,0.016286644951140065,0.2671009771986971,0.3203125
1914,0,CF1,L3,0.3,dictlearn,2,3,0.313893586397171,0,False,0.006514657980456026,0.23127035830618892,0.27734375
21307,0,CF1,L3,0.3,dictlearn,1,1,0.841566801071167,1,False,0.003257328990228013,0.23778501628664495,0.28515625
7178,0,CF1,L3,0.3,dictlearn,4,5,0.17725925147533417,0,False,0.006514657980456026,0.23778501628664495,0.28515625
13264,0,CF1,L3,0.3,dictlearn,4,8,0.25094959139823914,0,False,0.006514657980456026,0.2768729641693811,0.33203125
21507,0,CF1,L3,0.3,dictlearn,1,1,0.42484810948371887,1,False,0.02280130293159609,0.23127035830618892,0.27734375
8399,0,CF1,L3,0.3,dictlearn,9,2,0.5842873454093933,0,False,0.013029315960912053,0.2768729641693811,0.33203125
4384,0,CF1,L3,0.3,dictlearn,0,0,0.8138508200645447,1,False,0.009771986970684038,0.23452768729641693,0.28125
5820,0,CF1,L3,0.3,dictlearn,0,1,0.46584248542785645,0,False,0.0,0.20846905537459284,0.25
22865,0,CF1,L3,0.3,dictlearn,0,0,0.5229886174201965,1,False,0.013029315960912053,0.19218241042345277,0.23046875
65,0,CF1,L3,0.3,dictlearn,0,3,0.422983318567276,0,False,0.009771986970684038,0.28664495114006516,0.34375
15494,0,CF1,L3,0.3,dictlearn,6,6,0.575657308101654,1,False,0.006514657980456026,0.26384364820846906,0.31640625
2327,0,CF1,L3,0.3,dictlearn,5,5,0.5724517107009888,1,False,0.009771986970684038,0.23778501628664495,0.28515625
24596,0,CF1,L3,0.3,dictlearn,7,3,0.36122214794158936,0,False,0.009771986970684038,0.2247557003257329,0.26953125
3825,0,CF1,L3,0.3,dictlearn,5,5,0.42291954159736633,1,False,0.016286644951140065,0.26384364820846906,0.31640625
17168,0,CF1,L3,0.3,dictlearn,7,2,0.7185789942741394,0,False,0.019543973941368076,0.2182410423452769,0.26171875
4357,0,CF1,L3,0.3,dictlearn,3,3,0.4038316011428833,1,False,0.013029315960912053,0.23452768729641693,0.28125
2364,0,CF1,L3,0.3,dictlearn,9,9,0.5507325530052185,1,False,0.006514657980456026,0.28664495114006516,0.34375
8703,0,CF1,L3,0.3,dictlearn,9,8,0.48804840445518494,0,False,0.016286644951140065,0.23778501628664495,0.28515625
19390,0,CF1,L3,0.3,dictlearn,9,9,0.8037304878234863,1,False,0.006514657980456026,0.2671009771986971,0.3203125
17853,0,CF1,L3,0.3,dictlearn,6,2,0.29505655169487,0,False,0.006514657980456026,0.2768729641693811,0.33203125
4930,0,CF1,L3,0.3,dictlearn,4,8,0.2384411096572876,0,False,0.009771986970684038,0.247557003257329,0.296875
5314,0,CF1,L3,0.3,dictlearn,8,8,0.7002512216567993,1,False,0.013029315960912053,0.2280130293159609,0.2734375
4478,0,CF1,L3,0.3,dictlearn,8,8,0.48725780844688416,1,False,0.009771986970684038,0.250814332247557,0.30078125
23679,0,CF1,L3,0.3,dictlearn,4,1,0.5243897438049316,0,False,0.003257328990228013,0.23127035830618892,0.27734375
5449,0,CF1,L3,0.3,dictlearn,1,4,0.4410606920719147,0,False,0.003257328990228013,0.28338762214983715,0.33984375
24183,0,CF1,L3,0.3,dictlearn,0,0,0.5740426182746887,1,False,0.019543973941368076,0.2247557003257329,0.26953125
20842,0,CF1,L3,0.3,dictlearn,3,3,0.8652141094207764,1,False,0.006514657980456026,0.2703583061889251,0.32421875
18825,0,CF1,L3,0.3,dictlearn,9,0,0.44902876019477844,0,False,0.006514657980456026,0.2182410423452769,0.26171875
6265,0,CF1,L3,0.3,dictlearn,1,1,0.42692506313323975,1,False,0.013029315960912053,0.26058631921824105,0.3125
24932,0,CF1,L3,0.3,dictlearn,4,2,0.2794317901134491,0,False,0.003257328990228013,0.26384364820846906,0.31640625
14427,0,CF1,L3,0.3,dictlearn,8,2,0.3656403720378876,0,False,0.009771986970684038,0.23778501628664495,0.28515625
3740,0,CF1,L3,0.3,dictlearn,7,7,0.8057396411895752,1,False,0.003257328990228013,0.25732899022801303,0.30859375
16809,0,CF1,L3,0.3,dictlearn,9,2,0.2516031563282013,0,False,0.013029315960912053,0.24104234527687296,0.2890625
1136,0,CF1,L3,0.3,dictlearn,1,3,0.3832285404205322,0,False,0.019543973941368076,0.2768729641693811,0.33203125
25757,0,CF1,L3,0.3,dictlearn,5,5,0.8959218859672546,1,False,0.016286644951140065,0.247557003257329,0.296875
7356,0,CF1,L3,0.3,dictlearn,4,4,0.44971829652786255,1,False,0.013029315960912053,0.250814332247557,0.30078125
12298,0,CF1,L3,0.3,dictlearn,0,7,0.36026570200920105,0,False,0.009771986970684038,0.26058631921824105,0.3125
5700,0,CF1,L3,0.3,dictlearn,3,2,0.472552627325058,0,False,0.019543973941368076,0.23452768729641693,0.28125
22753,0,CF1,L3,0.3,dictlearn,6,6,0.5748476982116699,1,False,0.006514657980456026,0.24104234527687296,0.2890625
16813,0,CF1,L3,0.3,dictlearn,6,8,0.6235813498497009,0,False,0.013029315960912053,0.2182410423452769,0.26171875
7373,0,CF1,L3,0.3,dictlearn,8,8,0.40524518489837646,1,False,0.013029315960912053,0.26058631921824105,0.3125
20149,0,CF1,L3,0.3,dictlearn,2,2,0.3734825849533081,1,False,0.016286644951140065,0.2703583061889251,0.32421875
15874,0,CF1,L3,0.3,dictlearn,9,9,0.39319220185279846,1,False,0.013029315960912053,0.23127035830618892,0.27734375
26011,0,CF1,L3,0.3,dictlearn,0,0,0.4082260727882385,1,False,0.019543973941368076,0.2182410423452769,0.26171875
4196,0,CF1,L3,0.3,dictlearn,9,9,0.645980954170227,1,False,0.013029315960912053,0.26384364820846906,0.31640625
11227,0,CF1,L3,0.3,dictlearn,3,3,0.45363399386405945,1,False,0.003257328990228013,0.250814332247557,0.30078125
15736,0,CF1,L3,0.3,dictlearn,3,3,0.955143928527832,1,False,0.006514657980456026,0.25732899022801303,0.30859375
6339,0,CF1,L3,0.3,dictlearn,6,6,0.7250776290893555,1,False,0.009771986970684038,0.26384364820846906,0.31640625
25704,0,CF1,L3,0.3,dictlearn,2,2,0.3385528028011322,1,False,0.009771986970684038,0.23452768729641693,0.28125
3190,0,CF1,L3,0.3,dictlearn,7,7,0.7207021117210388,1,False,0.003257328990228013,0.2768729641693811,0.33203125
737,0,CF1,L3,0.3,dictlearn,4,4,0.40141597390174866,1,False,0.006514657980456026,0.2182410423452769,0.26171875
22875,0,CF1,L3,0.3,dictlearn,9,9,0.4390278458595276,1,False,0.006514657980456026,0.250814332247557,0.30078125
22749,0,CF1,L3,0.3,dictlearn,3,3,0.6036152839660645,1,False,0.003257328990228013,0.23452768729641693,0.28125
22998,0,CF1,L3,0.3,dictlearn,3,3,0.9661810398101807,1,False,0.006514657980456026,0.25732899022801303,0.30859375
24210,0,CF1,L3,0.3,dictlearn,5,5,0.7317777276039124,1,False,0.006514657980456026,0.26058631921824105,0.3125
6800,0,CF1,L3,0.3,dictlearn,4,3,0.44221508502960205,0,False,0.013029315960912053,0.254071661237785,0.3046875
16602,0,CF1,L3,0.3,dictlearn,9,3,0.34590962529182434,0,False,0.003257328990228013,0.247557003257329,0.296875
10822,0,CF1,L3,0.3,dictlearn,6,6,0.33493727445602417,1,False,0.006514657980456026,0.25732899022801303,0.30859375
12822,0,CF1,L3,0.3,dictlearn,1,1,0.8215583562850952,1,False,0.009771986970684038,0.24104234527687296,0.2890625
12758,0,CF1,L3,0.3,dictlearn,5,5,0.7173482179641724,1,False,0.003257328990228013,0.28013029315960913,0.3359375
21144,0,CF1,L3,0.3,dictlearn,4,4,0.4098943769931793,1,False,0.009771986970684038,0.2247557003257329,0.26953125
4900,0,CF1,L3,0.3,dictlearn,6,3,0.551564633846283,0,False,0.006514657980456026,0.24104234527687296,0.2890625
22888,0,CF1,L3,0.3,dictlearn,9,9,0.7950347661972046,1,False,0.016286644951140065,0.247557003257329,0.296875
19935,0,CF1,L3,0.3,dictlearn,9,3,0.44232887029647827,0,False,0.02280130293159609,0.247557003257329,0.296875
21896,0,CF1,L3,0.3,dictlearn,7,7,0.7202050685882568,1,False,0.013029315960912053,0.2247557003257329,0.26953125
3475,0,CF1,L3,0.3,dictlearn,3,3,0.782052218914032,1,False,0.013029315960912053,0.2931596091205212,0.3515625
16171,0,CF1,L3,0.3,dictlearn,0,0,0.9396780133247375,1,False,0.013029315960912053,0.24429967426710097,0.29296875
4672,0,CF1,L3,0.3,dictlearn,4,2,0.2927112579345703,0,False,0.003257328990228013,0.26058631921824105,0.3125
10146,0,CF1,L3,0.3,dictlearn,2,2,0.997422456741333,1,False,0.02280130293159609,0.247557003257329,0.296875
9207,0,CF1,L3,0.3,dictlearn,7,2,0.2774181663990021,0,False,0.009771986970684038,0.26384364820846906,0.31640625
17745,0,CF1,L3,0.3,dictlearn,9,2,0.996384859085083,0,False,0.016286644951140065,0.25732899022801303,0.30859375
432,0,CF1,L3,0.3,dictlearn,7,7,0.35755154490470886,1,False,0.019543973941368076,0.247557003257329,0.296875
6608,0,CF1,L3,0.3,dictlearn,4,6,0.40444666147232056,0,False,0.006514657980456026,0.24104234527687296,0.2890625
25769,0,CF1,L3,0.3,dictlearn,9,9,0.6589682102203369,1,False,0.02280130293159609,0.2280130293159609,0.2734375
14774,0,CF1,L3,0.3,dictlearn,3,3,0.9361717104911804,1,False,0.003257328990228013,0.26058631921824105,0.3125
21627,0,CF1,L3,0.3,dictlearn,4,4,0.7153298258781433,1,False,0.009771986970684038,0.28013029315960913,0.3359375
8133,0,CF1,L3,0.3,dictlearn,2,2,0.9959576725959778,1,False,0.003257328990228013,0.250814332247557,0.30078125
12554,0,CF1,L3,0.3,dictlearn,4,4,0.9630934000015259,1,False,0.006514657980456026,0.2247557003257329,0.26953125
10856,0,CF1,L3,0.3,dictlearn,1,9,0.6559205651283264,0,False,0.009771986970684038,0.2182410423452769,0.26171875
15931,0,CF1,L3,0.3,dictlearn,3,3,0.9706699252128601,1,False,0.02280130293159609,0.26058631921824105,0.3125
2367,0,CF1,L3,0.3,dictlearn,2,2,0.5439894795417786,1,False,0.006514657980456026,0.2280130293159609,0.2734375
25563,0,CF1,L3,0.3,dictlearn,7,7,0.37427955865859985,1,False,0.006514657980456026,0.247557003257329,0.296875
6748,0,CF1,L3,0.3,dictlearn,2,2,0.7886955142021179,1,False,0.006514657980456026,0.2703583061889251,0.32421875
5368,0,CF1,L3,0.3,dictlearn,8,8,0.8566216230392456,1,False,0.006514657980456026,0.247557003257329,0.296875
25951,0,CF1,L3,0.3,dictlearn,6,3,0.38801687955856323,0,False,0.006514657980456026,0.26058631921824105,0.3125
22082,0,CF1,L3,0.3,dictlearn,7,7,0.9017372131347656,1,False,0.006514657980456026,0.2247557003257329,0.26953125
19301,0,CF1,L3,0.3,dictlearn,4,4,0.47944125533103943,1,False,0.013029315960912053,0.23127035830618892,0.27734375
13302,0,CF1,L3,0.3,dictlearn,4,4,0.5335186123847961,1,False,0.016286644951140065,0.26058631921824105,0.3125
15358,0,CF1,L3,0.3,dictlearn,0,0,0.3074350655078888,1,False,0.009771986970684038,0.26058631921824105,0.3125
23572,0,CF1,L3,0.3,dictlearn,2,2,0.6165789365768433,1,False,0.006514657980456026,0.26384364820846906,0.31640625
14736,0,CF1,L3,0.3,dictlearn,4,4,0.6903114318847656,1,False,0.019543973941368076,0.2703583061889251,0.32421875
16685,0,CF1,L3,0.3,dictlearn,2,2,0.7084685564041138,1,False,0.009771986970684038,0.25732899022801303,0.30859375
21902,0,CF1,L3,0.3,dictlearn,7,7,0.4732270836830139,1,False,0.02280130293159609,0.24429967426710097,0.29296875
6713,0,CF1,L3,0.3,dictlearn,5,6,0.3963819742202759,0,False,0.009771986970684038,0.26058631921824105,0.3125
8771,0,CF1,L3,0.3,dictlearn,4,4,0.6965667605400085,1,False,0.0,0.2931596091205212,0.3515625
20264,0,CF1,L3,0.3,dictlearn,3,5,0.38671550154685974,0,False,0.003257328990228013,0.2671009771986971,0.3203125
24489,0,CF1,L3,0.3,dictlearn,1,1,0.9547438025474548,1,False,0.003257328990228013,0.23778501628664495,0.28515625
24852,0,CF1,L3,0.3,dictlearn,1,8,0.374070405960083,0,False,0.006514657980456026,0.23778501628664495,0.28515625
6746,0,CF1,L3,0.3,dictlearn,1,3,0.40229812264442444,0,False,0.003257328990228013,0.23452768729641693,0.28125
5951,0,CF1,L3,0.3,dictlearn,5,2,0.24189706146717072,0,False,0.009771986970684038,0.23127035830618892,0.27734375
6438,0,CF1,L3,0.3,dictlearn,4,4,0.8785584568977356,1,False,0.006514657980456026,0.2736156351791531,0.328125
11126,0,CF1,L3,0.3,dictlearn,9,6,0.25538864731788635,0,False,0.006514657980456026,0.28338762214983715,0.33984375
24241,0,CF1,L3,0.3,dictlearn,3,3,0.48019489645957947,1,False,0.0,0.23778501628664495,0.28515625
23621,0,CF1,L3,0.3,dictlearn,6,6,0.771078884601593,1,False,0.003257328990228013,0.2182410423452769,0.26171875
14358,0,CF1,L3,0.3,dictlearn,6,8,0.3200352191925049,0,False,0.016286644951140065,0.23127035830618892,0.27734375
19003,0,CF1,L3,0.3,dictlearn,6,5,0.3834739625453949,0,False,0.003257328990228013,0.247557003257329,0.296875
3760,0,CF1,L3,0.3,dictlearn,9,2,0.8117710947990417,0,False,0.006514657980456026,0.2768729641693811,0.33203125
1155,0,CF1,L3,0.3,dictlearn,5,5,0.959525465965271,1,False,0.003257328990228013,0.23127035830618892,0.27734375
22044,0,CF1,L3,0.3,dictlearn,8,6,0.3393854796886444,0,False,0.016286644951140065,0.250814332247557,0.30078125
17521,0,CF1,L3,0.3,dictlearn,4,5,0.5062567591667175,0,False,0.009771986970684038,0.250814332247557,0.30078125
15177,0,CF1,L3,0.3,dictlearn,9,9,0.579240083694458,1,False,0.009771986970684038,0.2671009771986971,0.3203125
21080,0,CF1,L3,0.3,dictlearn,0,0,0.6432600021362305,1,False,0.013029315960912053,0.28013029315960913,0.3359375
4507,0,CF1,L3,0.3,dictlearn,5,5,0.5410244464874268,1,False,0.006514657980456026,0.2182410423452769,0.26171875
10600,0,CF1,L3,0.3,dictlearn,7,2,0.3712364733219147,0,False,0.003257328990228013,0.254071661237785,0.3046875
11754,0,CF1,L3,0.3,dictlearn,1,1,0.8369999527931213,1,False,0.009771986970684038,0.23778501628664495,0.28515625
22934,0,CF1,L3,0.3,dictlearn,4,4,0.6919049620628357,1,False,0.013029315960912053,0.21498371335504887,0.2578125
19094,0,CF1,L3,0.3,dictlearn,3,3,0.9776726365089417,1,False,0.013029315960912053,0.20521172638436483,0.24609375
25246,0,CF1,L3,0.3,dictlearn,7,2,0.2377549260854721,0,False,0.013029315960912053,0.254071661237785,0.3046875
14745,0,CF1,L3,0.3,dictlearn,2,2,0.9978392720222473,1,False,0.003257328990228013,0.250814332247557,0.30078125
3177,0,CF1,L3,0.3,dictlearn,8,8,0.3664792478084564,1,False,0.006514657980456026,0.24104234527687296,0.2890625
13870,0,CF1,L3,0.3,dictlearn,5,2,0.2962917685508728,0,False,0.006514657980456026,0.28664495114006516,0.34375
5605,0,CF1,L3,0.3,dictlearn,6,5,0.2849554121494293,0,False,0.006514657980456026,0.247557003257329,0.296875
5202,0,CF1,L3,0.3,dictlearn,8,8,0.6963893175125122,1,False,0.009771986970684038,0.247557003257329,0.296875
8800,0,CF1,L3,0.3,dictlearn,5,5,0.905805230140686,1,False,0.013029315960912053,0.24429967426710097,0.29296875
645,0,CF1,L3,0.3,dictlearn,3,3,0.8524248600006104,1,False,0.009771986970684038,0.2247557003257329,0.26953125
16077,0,CF1,L3,0.3,dictlearn,5,5,0.8793464303016663,1,False,0.013029315960912053,0.23452768729641693,0.28125
15336,0,CF1,L3,0.3,dictlearn,5,5,0.4983478784561157,1,False,0.0,0.250814332247557,0.30078125
20933,0,CF1,L3,0.3,dictlearn,0,2,0.5035921931266785,0,False,0.016286644951140065,0.2671009771986971,0.3203125
10580,0,CF1,L3,0.3,dictlearn,8,8,0.28796231746673584,1,False,0.013029315960912053,0.23778501628664495,0.28515625
25902,0,CF1,L3,0.3,dictlearn,6,6,0.47623223066329956,1,False,0.009771986970684038,0.21172638436482086,0.25390625
4666,0,CF1,L3,0.3,dictlearn,8,8,0.9828307628631592,1,False,0.013029315960912053,0.25732899022801303,0.30859375
14541,0,CF1,L3,0.3,dictlearn,4,4,0.32583704590797424,1,False,0.006514657980456026,0.28338762214983715,0.33984375
7374,0,CF1,L3,0.3,dictlearn,5,5,0.5944654941558838,1,False,0.009771986970684038,0.28338762214983715,0.33984375
4697,0,CF1,L3,0.3,dictlearn,5,0,0.29434970021247864,0,False,0.016286644951140065,0.24104234527687296,0.2890625
6317,0,CF1,L3,0.3,dictlearn,5,5,0.21238113939762115,1,False,0.006514657980456026,0.26384364820846906,0.31640625
16623,0,CF1,L3,0.3,dictlearn,6,6,0.45969095826148987,1,False,0.026058631921824105,0.2703583061889251,0.32421875
16511,0,CF1,L3,0.3,dictlearn,6,5,0.32204318046569824,0,False,0.003257328990228013,0.254071661237785,0.3046875
16162,0,CF1,L3,0.3,dictlearn,3,9,0.35566163063049316,0,False,0.016286644951140065,0.3127035830618892,0.375
5989,0,CF1,L3,0.3,dictlearn,1,1,0.39330732822418213,1,False,0.03257328990228013,0.26058631921824105,0.3125
18753,0,CF1,L3,0.3,dictlearn,5,5,0.9834871292114258,1,False,0.019543973941368076,0.24429967426710097,0.29296875
20853,0,CF1,L3,0.3,dictlearn,4,8,0.29532673954963684,0,False,0.009771986970684038,0.250814332247557,0.30078125
16556,0,CF1,L3,0.3,dictlearn,0,6,0.27337127923965454,0,False,0.0,0.2247557003257329,0.26953125
7019,0,CF1,L3,0.3,dictlearn,9,9,0.31112223863601685,1,False,0.016286644951140065,0.22149837133550487,0.265625
3090,0,CF1,L3,0.3,dictlearn,6,6,0.9256889224052429,1,False,0.009771986970684038,0.2280130293159609,0.2734375
14680,0,CF1,L3,0.3,dictlearn,3,3,0.5856179594993591,1,False,0.009771986970684038,0.30618892508143325,0.3671875
869,0,CF1,L3,0.3,dictlearn,3,9,0.34477347135543823,0,False,0.003257328990228013,0.22149837133550487,0.265625
7595,0,CF1,L3,0.3,dictlearn,6,6,0.5930724143981934,1,False,0.016286644951140065,0.23127035830618892,0.27734375
14417,0,CF1,L3,0.3,dictlearn,1,1,0.7138405442237854,1,False,0.009771986970684038,0.20195439739413681,0.2421875
13624,0,CF1,L3,0.3,dictlearn,9,9,0.8599392771720886,1,False,0.026058631921824105,0.21172638436482086,0.25390625
21083,0,CF1,L3,0.3,dictlearn,0,0,0.8948392868041992,1,False,0.013029315960912053,0.25732899022801303,0.30859375
7556,0,CF1,L3,0.3,dictlearn,1,1,0.5597109794616699,1,False,0.013029315960912053,0.250814332247557,0.30078125
9289,0,CF1,L3,0.3,dictlearn,8,8,0.3130508065223694,1,False,0.013029315960912053,0.23127035830618892,0.27734375
19944,0,CF1,L3,0.3,dictlearn,3,3,0.44605889916419983,1,False,0.006514657980456026,0.250814332247557,0.30078125
6057,0,CF1,L3,0.3,dictlearn,1,1,0.38890042901039124,1,False,0.003257328990228013,0.25732899022801303,0.30859375
23029,0,CF1,L3,0.3,dictlearn,8,3,0.2211504727602005,0,False,0.009771986970684038,0.24104234527687296,0.2890625
23668,0,CF1,L3,0.3,dictlearn,5,5,0.6265286207199097,1,False,0.003257328990228013,0.2280130293159609,0.2734375
13115,0,CF1,L3,0.3,dictlearn,8,8,0.5066139101982117,1,False,0.009771986970684038,0.2703583061889251,0.32421875
20635,0,CF1,L3,0.3,dictlearn,3,3,0.36224666237831116,1,False,0.016286644951140065,0.22149837133550487,0.265625
4281,0,CF1,L3,0.3,dictlearn,4,4,0.9585930109024048,1,False,0.003257328990228013,0.28013029315960913,0.3359375
4139,0,CF1,L3,0.3,dictlearn,9,2,0.3207600712776184,0,False,0.02280130293159609,0.23778501628664495,0.28515625
10652,0,CF1,L3,0.3,dictlearn,1,1,0.5005826354026794,1,False,0.013029315960912053,0.2703583061889251,0.32421875
700,0,CF1,L3,0.3,dictlearn,1,3,0.5273897647857666,0,False,0.006514657980456026,0.2964169381107492,0.35546875
5772,0,CF1,L3,0.3,dictlearn,3,7,0.292250394821167,0,False,0.019543973941368076,0.2736156351791531,0.328125
8114,0,CF1,L3,0.3,dictlearn,9,2,0.24861696362495422,0,False,0.006514657980456026,0.2703583061889251,0.32421875
5964,0,CF1,L3,0.3,dictlearn,6,3,0.5031017661094666,0,False,0.006514657980456026,0.25732899022801303,0.30859375
17278,0,CF1,L3,0.3,dictlearn,7,2,0.8075858354568481,0,False,0.006514657980456026,0.22149837133550487,0.265625
9961,0,CF1,L3,0.3,dictlearn,0,1,0.3115393817424774,0,False,0.009771986970684038,0.2671009771986971,0.3203125
25974,0,CF1,L3,0.3,dictlearn,7,7,0.9159749746322632,1,False,0.009771986970684038,0.24429967426710097,0.29296875
14317,0,CF1,L3,0.3,dictlearn,3,3,0.8057743310928345,1,False,0.006514657980456026,0.2703583061889251,0.32421875
6485,0,CF1,L3,0.3,dictlearn,0,0,0.9697809219360352,1,False,0.009771986970684038,0.2736156351791531,0.328125
18287,0,CF1,L3,0.3,dictlearn,0,0,0.6152266263961792,1,False,0.006514657980456026,0.247557003257329,0.296875
11840,0,CF1,L3,0.3,dictlearn,4,4,0.614306628704071,1,False,0.013029315960912053,0.23127035830618892,0.27734375
864,0,CF1,L3,0.3,dictlearn,0,0,0.8935695886611938,1,False,0.02280130293159609,0.23452768729641693,0.28125
20612,0,CF1,L3,0.3,dictlearn,1,7,0.42484232783317566,0,False,0.016286644951140065,0.28338762214983715,0.33984375
21079,0,CF1,L3,0.3,dictlearn,1,1,0.8700926899909973,1,False,0.0,0.26058631921824105,0.3125
11286,0,CF1,L3,0.3,dictlearn,5,5,0.9308562874794006,1,False,0.016286644951140065,0.2247557003257329,0.26953125
788,0,CF1,L3,0.3,dictlearn,0,9,0.2825703024864197,0,False,0.006514657980456026,0.28013029315960913,0.3359375
15932,0,CF1,L3,0.3,dictlearn,3,3,0.6212921738624573,1,False,0.0,0.23778501628664495,0.28515625
18511,0,CF1,L3,0.3,dictlearn,3,3,0.9806506037712097,1,False,0.003257328990228013,0.26058631921824105,0.3125
21576,0,CF1,L3,0.3,dictlearn,5,3,0.5962883830070496,0,False,0.0,0.26058631921824105,0.3125
17237,0,CF1,L3,0.3,dictlearn,2,2,0.982989490032196,1,False,0.006514657980456026,0.20195439739413681,0.2421875
2966,0,CF1,L3,0.3,dictlearn,2,2,0.9946511387825012,1,False,0.009771986970684038,0.2964169381107492,0.35546875
16416,0,CF1,L3,0.3,dictlearn,5,5,0.9180238246917725,1,False,0.009771986970684038,0.2671009771986971,0.3203125
1280,0,CF1,L3,0.3,dictlearn,5,5,0.8269861340522766,1,False,0.009771986970684038,0.25732899022801303,0.30859375
24928,0,CF1,L3,0.3,dictlearn,0,0,0.5575588345527649,1,False,0.003257328990228013,0.250814332247557,0.30078125
23837,0,CF1,L3,0.3,dictlearn,1,1,0.7100921869277954,1,False,0.003257328990228013,0.23452768729641693,0.28125
20230,0,CF1,L3,0.3,dictlearn,1,1,0.7310472130775452,1,False,0.003257328990228013,0.22149837133550487,0.265625
23434,0,CF1,L3,0.3,dictlearn,5,5,0.8743023872375488,1,False,0.013029315960912053,0.254071661237785,0.3046875
20522,0,CF1,L3,0.3,dictlearn,6,2,0.26770904660224915,0,False,0.009771986970684038,0.2280130293159609,0.2734375
7789,0,CF1,L3,0.3,dictlearn,3,1,0.24044324457645416,0,False,0.009771986970684038,0.2247557003257329,0.26953125
22086,0,CF1,L3,0.3,dictlearn,6,6,0.6857014298439026,1,False,0.006514657980456026,0.2736156351791531,0.328125
21339,0,CF1,L3,0.3,dictlearn,0,0,0.9547923803329468,1,False,0.009771986970684038,0.247557003257329,0.296875
6830,0,CF1,L3,0.3,dictlearn,9,9,0.9987177848815918,1,False,0.009771986970684038,0.247557003257329,0.296875
20902,0,CF1,L3,0.3,dictlearn,2,2,0.856334388256073,1,False,0.026058631921824105,0.2931596091205212,0.3515625
17481,0,CF1,L3,0.3,dictlearn,5,5,0.7899269461631775,1,False,0.006514657980456026,0.26384364820846906,0.31640625
3050,0,CF1,L3,0.3,dictlearn,6,5,0.3356885612010956,0,False,0.009771986970684038,0.23452768729641693,0.28125
409,0,CF1,L3,0.3,dictlearn,1,2,0.4349023997783661,0,False,0.009771986970684038,0.247557003257329,0.296875
14823,0,CF1,L3,0.3,dictlearn,7,7,0.7844401597976685,1,False,0.013029315960912053,0.2280130293159609,0.2734375
22892,0,CF1,L3,0.3,dictlearn,9,1,0.4003615379333496,0,False,0.0,0.23127035830618892,0.27734375
9470,0,CF1,L3,0.3,dictlearn,8,3,0.2351590096950531,0,False,0.009771986970684038,0.26058631921824105,0.3125
9543,0,CF1,L3,0.3,dictlearn,6,6,0.3863494098186493,1,False,0.003257328990228013,0.26384364820846906,0.31640625
22090,0,CF1,L3,0.3,dictlearn,5,5,0.9555796980857849,1,False,0.02280130293159609,0.23452768729641693,0.28125
6045,0,CF1,L3,0.3,dictlearn,6,6,0.9187681674957275,1,False,0.006514657980456026,0.2247557003257329,0.26953125
317,0,CF1,L3,0.3,dictlearn,8,8,0.6122835874557495,1,False,0.013029315960912053,0.25732899022801303,0.30859375
15812,0,CF1,L3,0.3,dictlearn,0,0,0.9319329261779785,1,False,0.006514657980456026,0.2247557003257329,0.26953125
18170,0,CF1,L3,0.3,dictlearn,9,9,0.7790328860282898,1,False,0.02280130293159609,0.28664495114006516,0.34375
14781,0,CF1,L3,0.3,dictlearn,0,6,0.19587573409080505,0,False,0.013029315960912053,0.250814332247557,0.30078125
17886,0,CF1,L3,0.3,dictlearn,9,9,0.6831554770469666,1,False,0.006514657980456026,0.26058631921824105,0.3125
20049,0,CF1,L3,0.3,dictlearn,3,0,0.5954047441482544,0,False,0.009771986970684038,0.254071661237785,0.3046875
13283,0,CF1,L3,0.3,dictlearn,0,0,0.6963202953338623,1,False,0.013029315960912053,0.26384364820846906,0.31640625
25830,0,CF1,L3,0.3,dictlearn,5,5,0.9890134334564209,1,False,0.0,0.247557003257329,0.296875
14277,0,CF1,L3,0.3,dictlearn,9,2,0.36103543639183044,0,False,0.02280130293159609,0.26384364820846906,0.31640625
5908,0,CF1,L3,0.3,dictlearn,1,1,0.7419276833534241,1,False,0.013029315960912053,0.2247557003257329,0.26953125
9731,0,CF1,L3,0.3,dictlearn,8,8,0.32132378220558167,1,False,0.003257328990228013,0.25732899022801303,0.30859375
14180,0,CF1,L3,0.3,dictlearn,9,9,0.37191256880760193,1,False,0.003257328990228013,0.24429967426710097,0.29296875
9246,0,CF1,L3,0.3,dictlearn,2,2,0.9918569326400757,1,False,0.016286644951140065,0.20846905537459284,0.25
1656,0,CF1,L3,0.3,dictlearn,2,2,0.31510016322135925,1,False,0.019543973941368076,0.23778501628664495,0.28515625
17712,0,CF1,L3,0.3,dictlearn,1,1,0.4273514151573181,1,False,0.013029315960912053,0.28013029315960913,0.3359375
25544,0,CF1,L3,0.3,dictlearn,9,9,0.6357848644256592,1,False,0.003257328990228013,0.22149837133550487,0.265625
1120,0,CF1,L3,0.3,dictlearn,5,5,0.9813434481620789,1,False,0.006514657980456026,0.23778501628664495,0.28515625
1298,0,CF1,L3,0.3,dictlearn,6,5,0.47266677021980286,0,False,0.009771986970684038,0.23452768729641693,0.28125
25570,0,CF1,L3,0.3,dictlearn,2,2,0.9696713089942932,1,False,0.003257328990228013,0.2182410423452769,0.26171875
5370,0,CF1,L3,0.3,dictlearn,7,7,0.6178783178329468,1,False,0.009771986970684038,0.247557003257329,0.296875
19075,0,CF1,L3,0.3,dictlearn,2,2,0.8963027000427246,1,False,0.006514657980456026,0.2280130293159609,0.2734375
8583,0,CF1,L3,0.3,dictlearn,0,2,0.2494020164012909,0,False,0.003257328990228013,0.2671009771986971,0.3203125
2133,0,CF1,L3,0.3,dictlearn,0,2,0.3013600707054138,0,False,0.016286644951140065,0.23127035830618892,0.27734375
1982,0,CF1,L3,0.3,dictlearn,2,2,0.7315571308135986,1,False,0.009771986970684038,0.250814332247557,0.30078125
950,0,CF1,L3,0.3,dictlearn,8,9,0.36494746804237366,0,False,0.009771986970684038,0.26384364820846906,0.31640625
19563,0,CF1,L3,0.3,dictlearn,4,4,0.6356571316719055,1,False,0.003257328990228013,0.2703583061889251,0.32421875
21023,0,CF1,L3,0.3,dictlearn,6,6,0.7737812995910645,1,False,0.019543973941368076,0.21498371335504887,0.2578125
15687,0,CF1,L3,0.3,dictlearn,0,5,0.17347432672977448,0,False,0.0,0.2768729641693811,0.33203125
6444,0,CF1,L3,0.3,dictlearn,6,6,0.68553227186203,1,False,0.003257328990228013,0.2280130293159609,0.2734375
15735,0,CF1,L3,0.3,dictlearn,4,4,0.845890462398529,1,False,0.016286644951140065,0.24429967426710097,0.29296875
10651,0,CF1,L3,0.3,dictlearn,0,0,0.495816707611084,1,False,0.003257328990228013,0.24429967426710097,0.29296875
13256,0,CF1,L3,0.3,dictlearn,1,1,0.7181940674781799,1,False,0.009771986970684038,0.25732899022801303,0.30859375
16855,0,CF1,L3,0.3,dictlearn,6,5,0.23766204714775085,0,False,0.009771986970684038,0.254071661237785,0.3046875
14884,0,CF1,L3,0.3,dictlearn,9,9,0.8016656637191772,1,False,0.009771986970684038,0.2671009771986971,0.3203125
21884,0,CF1,L3,0.3,dictlearn,6,6,0.2513555884361267,1,False,0.006514657980456026,0.2247557003257329,0.26953125
5078,0,CF1,L3,0.3,dictlearn,3,3,0.42573022842407227,1,False,0.013029315960912053,0.254071661237785,0.3046875
20419,0,CF1,L3,0.3,dictlearn,9,2,0.39503028988838196,0,False,0.009771986970684038,0.250814332247557,0.30078125
20521,0,CF1,L3,0.3,dictlearn,5,5,0.8266155123710632,1,False,0.006514657980456026,0.23778501628664495,0.28515625
23257,0,CF1,L3,0.3,dictlearn,5,5,0.5583693981170654,1,False,0.009771986970684038,0.31921824104234525,0.3828125
17190,0,CF1,L3,0.3,dictlearn,2,2,0.46377894282341003,1,False,0.006514657980456026,0.2703583061889251,0.32421875
15631,0,CF1,L3,0.3,dictlearn,8,6,0.4732500910758972,0,False,0.003257328990228013,0.2247557003257329,0.26953125
504,0,CF1,L3,0.3,dictlearn,0,0,0.4479810297489166,1,False,0.013029315960912053,0.2247557003257329,0.26953125
14990,0,CF1,L3,0.3,dictlearn,3,3,0.9734810590744019,1,False,0.016286644951140065,0.23452768729641693,0.28125
24512,0,CF1,L3,0.3,dictlearn,8,8,0.9043633937835693,1,False,0.009771986970684038,0.250814332247557,0.30078125
23120,0,CF1,L3,0.3,dictlearn,7,7,0.41724079847335815,1,False,0.006514657980456026,0.2182410423452769,0.26171875
3357,0,CF1,L3,0.3,dictlearn,2,2,0.9884933829307556,1,False,0.016286644951140065,0.22149837133550487,0.265625
8088,0,CF1,L3,0.3,dictlearn,1,1,0.36255893111228943,1,False,0.016286644951140065,0.24104234527687296,0.2890625
21849,0,CF1,L3,0.3,dictlearn,9,9,0.4610905647277832,1,False,0.009771986970684038,0.2703583061889251,0.32421875
13683,0,CF1,L3,0.3,dictlearn,0,0,0.789103627204895,1,False,0.009771986970684038,0.23778501628664495,0.28515625
22718,0,CF1,L3,0.3,dictlearn,9,3,0.7555534839630127,0,False,0.013029315960912053,0.250814332247557,0.30078125
9927,0,CF1,L3,0.3,dictlearn,4,3,0.40617552399635315,0,False,0.016286644951140065,0.24429967426710097,0.29296875
11425,0,CF1,L3,0.3,dictlearn,0,0,0.6544274091720581,1,False,0.026058631921824105,0.247557003257329,0.296875
14578,0,CF1,L3,0.3,dictlearn,0,9,0.2792544364929199,0,False,0.019543973941368076,0.2182410423452769,0.26171875
25481,0,CF1,L3,0.3,dictlearn,8,3,0.5334926247596741,0,False,0.009771986970684038,0.250814332247557,0.30078125
11269,0,CF1,L3,0.3,dictlearn,5,5,0.9679773449897766,1,False,0.009771986970684038,0.24429967426710097,0.29296875
12877,0,CF1,L3,0.3,dictlearn,5,5,0.8454330563545227,1,False,0.006514657980456026,0.25732899022801303,0.30859375
22531,0,CF1,L3,0.3,dictlearn,9,1,0.19378814101219177,0,False,0.016286644951140065,0.23778501628664495,0.28515625
13150,0,CF1,L3,0.3,dictlearn,3,3,0.4639028012752533,1,False,0.006514657980456026,0.25732899022801303,0.30859375
5654,0,CF1,L3,0.3,dictlearn,8,8,0.7284568548202515,1,False,0.016286644951140065,0.26384364820846906,0.31640625
1286,0,CF1,L3,0.3,dictlearn,7,7,0.581387996673584,1,False,0.009771986970684038,0.2703583061889251,0.32421875
1652,0,CF1,L3,0.3,dictlearn,1,1,0.863660454750061,1,False,0.016286644951140065,0.250814332247557,0.30078125
22335,0,CF1,L3,0.3,dictlearn,2,2,0.458445280790329,1,False,0.016286644951140065,0.2703583061889251,0.32421875
23848,0,CF1,L3,0.3,dictlearn,3,3,0.5775764584541321,1,False,0.029315960912052116,0.2247557003257329,0.26953125
2892,0,CF1,L3,0.3,dictlearn,6,6,0.9420775771141052,1,False,0.006514657980456026,0.2671009771986971,0.3203125
16530,0,CF1,L3,0.3,dictlearn,8,8,0.43623149394989014,1,False,0.009771986970684038,0.26384364820846906,0.31640625
12848,0,CF1,L3,0.3,dictlearn,8,8,0.9308895468711853,1,False,0.016286644951140065,0.28664495114006516,0.34375
7330,0,CF1,L3,0.3,dictlearn,7,7,0.7248201966285706,1,False,0.003257328990228013,0.250814332247557,0.30078125
3676,0,CF1,L3,0.3,dictlearn,1,5,0.3754301369190216,0,False,0.013029315960912053,0.23778501628664495,0.28515625
19966,0,CF1,L3,0.3,dictlearn,8,3,0.5754405856132507,0,False,0.016286644951140065,0.22149837133550487,0.265625
8382,0,CF1,L3,0.3,dictlearn,5,6,0.7461118102073669,0,False,0.009771986970684038,0.250814332247557,0.30078125
19660,0,CF1,L3,0.3,dictlearn,7,2,0.27767279744148254,0,False,0.0,0.2182410423452769,0.26171875
2508,0,CF1,L3,0.3,dictlearn,9,9,0.5943586230278015,1,False,0.013029315960912053,0.22149837133550487,0.265625
2360,0,CF1,L3,0.3,dictlearn,4,9,0.27444127202033997,0,False,0.009771986970684038,0.2280130293159609,0.2734375
16796,0,CF1,L3,0.3,dictlearn,1,3,0.4523504376411438,0,False,0.013029315960912053,0.26058631921824105,0.3125
23426,0,CF1,L3,0.3,dictlearn,9,2,0.26969489455223083,0,False,0.009771986970684038,0.20846905537459284,0.25
15590,0,CF1,L3,0.3,dictlearn,2,9,0.22585837543010712,0,False,0.016286644951140065,0.254071661237785,0.3046875
6302,0,CF1,L3,0.3,dictlearn,3,3,0.6906086802482605,1,False,0.019543973941368076,0.28664495114006516,0.34375
24519,0,CF1,L3,0.3,dictlearn,7,7,0.23933295905590057,1,False,0.013029315960912053,0.23127035830618892,0.27734375
23276,0,CF1,L3,0.3,dictlearn,2,3,0.3630714416503906,0,False,0.009771986970684038,0.2703583061889251,0.32421875
24566,0,CF1,L3,0.3,dictlearn,8,8,0.6178263425827026,1,False,0.013029315960912053,0.18892508143322476,0.2265625
20978,0,CF1,L3,0.3,dictlearn,1,4,0.8274461627006531,0,False,0.003257328990228013,0.26058631921824105,0.3125
8990,0,CF1,L3,0.3,dictlearn,3,3,0.7601794004440308,1,False,0.013029315960912053,0.254071661237785,0.3046875
11061,0,CF1,L3,0.3,dictlearn,7,7,0.5916208624839783,1,False,0.0,0.2182410423452769,0.26171875
7075,0,CF1,L3,0.3,dictlearn,9,5,0.38835108280181885,0,False,0.013029315960912053,0.2280130293159609,0.2734375
17641,0,CF1,L3,0.3,dictlearn,2,2,0.990223228931427,1,False,0.016286644951140065,0.20846905537459284,0.25
12077,0,CF1,L3,0.3,dictlearn,9,9,0.7644058465957642,1,False,0.009771986970684038,0.21172638436482086,0.25390625
1779,0,CF1,L3,0.3,dictlearn,7,7,0.7795601487159729,1,False,0.026058631921824105,0.254071661237785,0.3046875
11519,0,CF1,L3,0.3,dictlearn,4,4,0.35910946130752563,1,False,0.019543973941368076,0.250814332247557,0.30078125
8549,0,CF1,L3,0.3,dictlearn,3,3,0.6736823916435242,1,False,0.003257328990228013,0.21172638436482086,0.25390625
14623,0,CF1,L3,0.3,dictlearn,6,4,0.3733833432197571,0,False,0.02280130293159609,0.250814332247557,0.30078125
10846,0,CF1,L3,0.3,dictlearn,3,3,0.8111106753349304,1,False,0.006514657980456026,0.25732899022801303,0.30859375
16289,0,CF1,L3,0.3,dictlearn,3,3,0.4012563228607178,1,False,0.006514657980456026,0.26058631921824105,0.3125
12311,0,CF1,L3,0.3,dictlearn,8,8,0.3275188207626343,1,False,0.013029315960912053,0.2671009771986971,0.3203125
6068,0,CF1,L3,0.3,dictlearn,8,8,0.6316604018211365,1,False,0.003257328990228013,0.25732899022801303,0.30859375
9629,0,CF1,L3,0.3,dictlearn,6,8,0.5729743242263794,0,False,0.019543973941368076,0.23127035830618892,0.27734375
19560,0,CF1,L3,0.3,dictlearn,3,5,0.31805914640426636,0,False,0.003257328990228013,0.250814332247557,0.30078125
10379,0,CF1,L3,0.3,dictlearn,8,8,0.5832530856132507,1,False,0.0,0.2703583061889251,0.32421875
6499,0,CF1,L3,0.3,dictlearn,9,6,0.7503781318664551,0,False,0.016286644951140065,0.24104234527687296,0.2890625
1159,0,CF1,L3,0.3,dictlearn,0,0,0.6805981993675232,1,False,0.02280130293159609,0.2247557003257329,0.26953125
4366,0,CF1,L3,0.3,dictlearn,7,2,0.8745730519294739,0,False,0.016286644951140065,0.28664495114006516,0.34375
8397,0,CF1,L3,0.3,dictlearn,1,8,0.25906458497047424,0,False,0.02280130293159609,0.25732899022801303,0.30859375
20905,0,CF1,L3,0.3,dictlearn,9,8,0.36739110946655273,0,False,0.009771986970684038,0.28664495114006516,0.34375
15746,0,CF1,L3,0.3,dictlearn,5,5,0.6184543371200562,1,False,0.003257328990228013,0.254071661237785,0.3046875
9402,0,CF1,L3,0.3,dictlearn,3,8,0.6596779823303223,0,False,0.006514657980456026,0.2736156351791531,0.328125
8164,0,CF1,L3,0.3,dictlearn,2,6,0.5546451807022095,0,False,0.016286644951140065,0.2671009771986971,0.3203125
510,0,CF1,L3,0.3,dictlearn,5,5,0.6923536658287048,1,False,0.009771986970684038,0.24429967426710097,0.29296875
24070,0,CF1,L3,0.3,dictlearn,9,1,0.25543978810310364,0,False,0.013029315960912053,0.30293159609120524,0.36328125
2401,0,CF1,L3,0.3,dictlearn,4,4,0.6612131595611572,1,False,0.013029315960912053,0.254071661237785,0.3046875
12147,0,CF1,L3,0.3,dictlearn,3,3,0.5463252067565918,1,False,0.013029315960912053,0.23127035830618892,0.27734375
14499,0,CF1,L3,0.3,dictlearn,6,5,0.49214398860931396,0,False,0.003257328990228013,0.2671009771986971,0.3203125
3530,0,CF1,L3,0.3,dictlearn,6,6,0.5473931431770325,1,False,0.026058631921824105,0.28013029315960913,0.3359375
14723,0,CF1,L3,0.3,dictlearn,7,2,0.6340505480766296,0,False,0.003257328990228013,0.25732899022801303,0.30859375
4435,0,CF1,L3,0.3,dictlearn,3,3,0.992976188659668,1,False,0.009771986970684038,0.23778501628664495,0.28515625
22852,0,CF1,L3,0.3,dictlearn,2,6,0.5723261833190918,0,False,0.003257328990228013,0.23452768729641693,0.28125
8461,0,CF1,L3,0.3,dictlearn,3,3,0.9924730062484741,1,False,0.009771986970684038,0.26058631921824105,0.3125
21972,0,CF1,L3,0.3,dictlearn,7,7,0.6751748919487,1,False,0.026058631921824105,0.28338762214983715,0.33984375
5410,0,CF1,L3,0.3,dictlearn,4,4,0.3906431496143341,1,False,0.009771986970684038,0.26384364820846906,0.31640625
17754,0,CF1,L3,0.3,dictlearn,6,5,0.5323303937911987,0,False,0.0,0.23452768729641693,0.28125
15311,0,CF1,L3,0.3,dictlearn,2,2,0.8671525120735168,1,False,0.016286644951140065,0.22149837133550487,0.265625
15185,0,CF1,L3,0.3,dictlearn,1,3,0.26795610785484314,0,False,0.006514657980456026,0.254071661237785,0.3046875
5663,0,CF1,L3,0.3,dictlearn,4,4,0.4423398971557617,1,False,0.016286644951140065,0.28013029315960913,0.3359375
6247,0,CF1,L3,0.3,dictlearn,6,3,0.7847367525100708,0,False,0.003257328990228013,0.24429967426710097,0.29296875
15287,0,CF1,L3,0.3,dictlearn,0,2,0.7150583863258362,0,False,0.0,0.250814332247557,0.30078125
19902,0,CF1,L3,0.3,dictlearn,0,0,0.768839418888092,1,False,0.013029315960912053,0.2736156351791531,0.328125
25188,0,CF1,L3,0.3,dictlearn,4,4,0.5357235670089722,1,False,0.003257328990228013,0.24104234527687296,0.2890625
11195,0,CF1,L3,0.3,dictlearn,8,6,0.41342177987098694,0,False,0.006514657980456026,0.25732899022801303,0.30859375
4828,0,CF1,L3,0.3,dictlearn,7,1,0.48842689394950867,0,False,0.009771986970684038,0.23778501628664495,0.28515625
23751,0,CF1,L3,0.3,dictlearn,5,5,0.6413082480430603,1,False,0.013029315960912053,0.24104234527687296,0.2890625
9464,0,CF1,L3,0.3,dictlearn,3,3,0.6914185881614685,1,False,0.006514657980456026,0.247557003257329,0.296875
25723,0,CF1,L3,0.3,dictlearn,0,0,0.74604332447052,1,False,0.013029315960912053,0.254071661237785,0.3046875
16859,0,CF1,L3,0.3,dictlearn,5,5,0.8500872254371643,1,False,0.006514657980456026,0.26384364820846906,0.31640625
3601,0,CF1,L3,0.3,dictlearn,1,3,0.5065734386444092,0,False,0.013029315960912053,0.25732899022801303,0.30859375
11679,0,CF1,L3,0.3,dictlearn,6,6,0.4153118431568146,1,False,0.006514657980456026,0.2671009771986971,0.3203125
12135,0,CF1,L3,0.3,dictlearn,7,7,0.5051913857460022,1,False,0.016286644951140065,0.20846905537459284,0.25
16329,0,CF1,L3,0.3,dictlearn,1,3,0.381460577249527,0,False,0.003257328990228013,0.23452768729641693,0.28125
94,0,CF1,L3,0.3,dictlearn,4,5,0.2434326410293579,0,False,0.009771986970684038,0.26384364820846906,0.31640625
14517,0,CF1,L3,0.3,dictlearn,9,2,0.1569628119468689,0,False,0.003257328990228013,0.2703583061889251,0.32421875
16852,0,CF1,L3,0.3,dictlearn,3,3,0.9931886196136475,1,False,0.013029315960912053,0.2736156351791531,0.328125
6852,0,CF1,L3,0.3,dictlearn,6,6,0.2578183114528656,1,False,0.016286644951140065,0.2182410423452769,0.26171875
24858,0,CF1,L3,0.3,dictlearn,3,3,0.7467613816261292,1,False,0.013029315960912053,0.23127035830618892,0.27734375
297,0,CF1,L3,0.3,dictlearn,9,9,0.6145485043525696,1,False,0.009771986970684038,0.250814332247557,0.30078125
12339,0,CF1,L3,0.3,dictlearn,2,2,0.9971827268600464,1,False,0.006514657980456026,0.23778501628664495,0.28515625
20811,0,CF1,L3,0.3,dictlearn,8,8,0.5045333504676819,1,False,0.006514657980456026,0.2768729641693811,0.33203125
12439,0,CF1,L3,0.3,dictlearn,5,5,0.7297430038452148,1,False,0.009771986970684038,0.22149837133550487,0.265625
16632,0,CF1,L3,0.3,dictlearn,9,5,0.19819511473178864,0,False,0.013029315960912053,0.2280130293159609,0.2734375
5798,0,CF1,L3,0.3,dictlearn,4,3,0.31358689069747925,0,False,0.019543973941368076,0.24104234527687296,0.2890625
18458,0,CF1,L3,0.3,dictlearn,3,3,0.7215645909309387,1,False,0.009771986970684038,0.23127035830618892,0.27734375
6105,0,CF1,L3,0.3,dictlearn,5,5,0.6569440960884094,1,False,0.019543973941368076,0.28664495114006516,0.34375
10321,0,CF1,L3,0.3,dictlearn,6,6,0.4633873701095581,1,False,0.009771986970684038,0.26058631921824105,0.3125
21771,0,CF1,L3,0.3,dictlearn,7,7,0.9199749231338501,1,False,0.006514657980456026,0.247557003257329,0.296875
22194,0,CF1,L3,0.3,dictlearn,0,0,0.540031909942627,1,False,0.009771986970684038,0.2964169381107492,0.35546875
6,0,CF1,L3,0.3,dictlearn,9,9,0.265521764755249,1,False,0.013029315960912053,0.28013029315960913,0.3359375
912,0,CF1,L3,0.3,dictlearn,7,7,0.5517824292182922,1,False,0.006514657980456026,0.23127035830618892,0.27734375
16910,0,CF1,L3,0.3,dictlearn,5,5,0.731051504611969,1,False,0.016286644951140065,0.19218241042345277,0.23046875
18738,0,CF1,L3,0.3,dictlearn,7,7,0.9168221354484558,1,False,0.016286644951140065,0.26058631921824105,0.3125
18020,0,CF1,L3,0.3,dictlearn,9,8,0.24638713896274567,0,False,0.02280130293159609,0.24429967426710097,0.29296875
3462,0,CF1,L3,0.3,dictlearn,8,8,0.2890787124633789,1,False,0.006514657980456026,0.24429967426710097,0.29296875
5696,0,CF1,L3,0.3,dictlearn,1,1,0.15605711936950684,1,False,0.009771986970684038,0.2996742671009772,0.359375
15066,0,CF1,L3,0.3,dictlearn,3,3,0.9178949594497681,1,False,0.019543973941368076,0.23778501628664495,0.28515625
10653,0,CF1,L3,0.3,dictlearn,9,9,0.5485697388648987,1,False,0.016286644951140065,0.26384364820846906,0.31640625
13337,0,CF1,L3,0.3,dictlearn,2,2,0.9987163543701172,1,False,0.006514657980456026,0.2671009771986971,0.3203125
12340,0,CF1,L3,0.3,dictlearn,5,5,0.98069167137146,1,False,0.006514657980456026,0.254071661237785,0.3046875
9536,0,CF1,L3,0.3,dictlearn,0,0,0.6784906983375549,1,False,0.006514657980456026,0.24429967426710097,0.29296875
3566,0,CF1,L3,0.3,dictlearn,4,4,0.3504810035228729,1,False,0.003257328990228013,0.23127035830618892,0.27734375
20090,0,CF1,L3,0.3,dictlearn,4,4,0.35349607467651367,1,False,0.0,0.2280130293159609,0.2734375
211,0,CF1,L3,0.3,dictlearn,0,0,0.31944704055786133,1,False,0.016286644951140065,0.2280130293159609,0.2734375
55,0,CF1,L3,0.3,dictlearn,8,6,0.38999831676483154,0,False,0.006514657980456026,0.23778501628664495,0.28515625
1477,0,CF1,L3,0.3,dictlearn,2,5,0.4667774438858032,0,False,0.006514657980456026,0.2703583061889251,0.32421875
25898,0,CF1,L3,0.3,dictlearn,0,6,0.46309134364128113,0,False,0.0,0.250814332247557,0.30078125
25713,0,CF1,L3,0.3,dictlearn,0,9,0.3434722125530243,0,False,0.013029315960912053,0.26058631921824105,0.3125
18055,0,CF1,L3,0.3,dictlearn,3,3,0.9809531569480896,1,False,0.013029315960912053,0.23452768729641693,0.28125
17461,0,CF1,L3,0.3,dictlearn,3,3,0.7107701301574707,1,False,0.02280130293159609,0.2964169381107492,0.35546875
14237,0,CF1,L3,0.3,dictlearn,7,2,0.31411832571029663,0,False,0.009771986970684038,0.2768729641693811,0.33203125
13858,0,CF1,L3,0.3,dictlearn,1,1,0.890223503112793,1,False,0.006514657980456026,0.23127035830618892,0.27734375
12386,0,CF1,L3,0.3,dictlearn,5,5,0.6309351325035095,1,False,0.013029315960912053,0.2736156351791531,0.328125
7223,0,CF1,L3,0.3,dictlearn,9,9,0.6923781633377075,1,False,0.019543973941368076,0.25732899022801303,0.30859375
3153,0,CF1,L3,0.3,dictlearn,5,5,0.3736501634120941,1,False,0.009771986970684038,0.2768729641693811,0.33203125
23265,0,CF1,L3,0.3,dictlearn,8,8,0.36639904975891113,1,False,0.009771986970684038,0.22149837133550487,0.265625
9465,0,CF1,L3,0.3,dictlearn,0,8,0.22543078660964966,0,False,0.016286644951140065,0.23452768729641693,0.28125
7419,0,CF1,L3,0.3,dictlearn,0,9,0.39458993077278137,0,False,0.006514657980456026,0.250814332247557,0.30078125
4722,0,CF1,L3,0.3,dictlearn,6,6,0.4580205976963043,1,False,0.019543973941368076,0.247557003257329,0.296875
23448,0,CF1,L3,0.3,dictlearn,6,5,0.42290523648262024,0,False,0.003257328990228013,0.28013029315960913,0.3359375
8222,0,CF1,L3,0.3,dictlearn,2,2,0.92477947473526,1,False,0.0,0.24104234527687296,0.2890625
20898,0,CF1,L3,0.3,dictlearn,8,8,0.7689740657806396,1,False,0.009771986970684038,0.24429967426710097,0.29296875
23313,0,CF1,L3,0.3,dictlearn,2,2,0.8484110236167908,1,False,0.013029315960912053,0.20521172638436483,0.24609375
13426,0,CF1,L3,0.3,dictlearn,2,2,0.7218603491783142,1,False,0.013029315960912053,0.26058631921824105,0.3125
25136,0,CF1,L3,0.3,dictlearn,4,4,0.9765401482582092,1,False,0.009771986970684038,0.20846905537459284,0.25
9268,0,CF1,L3,0.3,dictlearn,4,4,0.8652125597000122,1,False,0.009771986970684038,0.26058631921824105,0.3125
3892,0,CF1,L3,0.3,dictlearn,1,1,0.8054150342941284,1,False,0.013029315960912053,0.20846905537459284,0.25
4115,0,CF1,L3,0.3,dictlearn,3,9,0.2562449872493744,0,False,0.006514657980456026,0.247557003257329,0.296875
5166,0,CF1,L3,0.3,dictlearn,7,7,0.9593779444694519,1,False,0.006514657980456026,0.2671009771986971,0.3203125
14984,0,CF1,L3,0.3,dictlearn,3,4,0.2827327847480774,0,False,0.006514657980456026,0.2736156351791531,0.328125
10520,0,CF1,L3,0.3,dictlearn,1,1,0.34636014699935913,1,False,0.006514657980456026,0.2280130293159609,0.2734375
4379,0,CF1,L3,0.3,dictlearn,2,2,0.9364469051361084,1,False,0.016286644951140065,0.24429967426710097,0.29296875
8937,0,CF1,L3,0.3,dictlearn,1,3,0.4851168096065521,0,False,0.009771986970684038,0.25732899022801303,0.30859375
17550,0,CF1,L3,0.3,dictlearn,9,9,0.9498578906059265,1,False,0.0,0.2736156351791531,0.328125
19085,0,CF1,L3,0.3,dictlearn,9,9,0.6820715665817261,1,False,0.0,0.23452768729641693,0.28125
17902,0,CF1,L3,0.3,dictlearn,6,6,0.3383614122867584,1,False,0.003257328990228013,0.254071661237785,0.3046875
14780,0,CF1,L3,0.3,dictlearn,8,5,0.46050769090652466,0,False,0.009771986970684038,0.24429967426710097,0.29296875
8401,0,CF1,L3,0.3,dictlearn,0,0,0.6109080910682678,1,False,0.009771986970684038,0.254071661237785,0.3046875
11230,0,CF1,L3,0.3,dictlearn,2,2,0.8926951289176941,1,False,0.003257328990228013,0.254071661237785,0.3046875
1772,0,CF1,L3,0.3,dictlearn,3,3,0.9451436996459961,1,False,0.006514657980456026,0.250814332247557,0.30078125
13326,0,CF1,L3,0.3,dictlearn,4,4,0.9678052663803101,1,False,0.006514657980456026,0.2280130293159609,0.2734375
15230,0,CF1,L3,0.3,dictlearn,5,2,0.4913271367549896,0,False,0.003257328990228013,0.2931596091205212,0.3515625
20557,0,CF1,L3,0.3,dictlearn,0,6,0.5522069334983826,0,False,0.006514657980456026,0.28338762214983715,0.33984375
9555,0,CF1,L3,0.3,dictlearn,1,3,0.5164681673049927,0,False,0.006514657980456026,0.25732899022801303,0.30859375
3667,0,CF1,L3,0.3,dictlearn,6,6,0.6309605240821838,1,False,0.003257328990228013,0.247557003257329,0.296875
5316,0,CF1,L3,0.3,dictlearn,5,5,0.8320422172546387,1,False,0.0,0.21172638436482086,0.25390625
3606,0,CF1,L3,0.3,dictlearn,5,5,0.33688485622406006,1,False,0.003257328990228013,0.28664495114006516,0.34375
25776,0,CF1,L3,0.3,dictlearn,6,6,0.6812973618507385,1,False,0.013029315960912053,0.247557003257329,0.296875
22231,0,CF1,L3,0.3,dictlearn,1,1,0.7042760252952576,1,False,0.003257328990228013,0.28013029315960913,0.3359375
10855,0,CF1,L3,0.3,dictlearn,7,7,0.906790554523468,1,False,0.013029315960912053,0.20846905537459284,0.25
130,0,CF1,L3,0.3,dictlearn,6,6,0.9476698040962219,1,False,0.009771986970684038,0.22149837133550487,0.265625
434,0,CF1,L3,0.3,dictlearn,8,8,0.3210770785808563,1,False,0.013029315960912053,0.2182410423452769,0.26171875
5308,0,CF1,L3,0.3,dictlearn,5,3,0.2385478913784027,0,False,0.013029315960912053,0.2736156351791531,0.328125
17682,0,CF1,L3,0.3,dictlearn,4,3,0.5489542484283447,0,False,0.006514657980456026,0.26058631921824105,0.3125
16682,0,CF1,L3,0.3,dictlearn,8,8,0.3409913182258606,1,False,0.02280130293159609,0.2182410423452769,0.26171875
12660,0,CF1,L3,0.3,dictlearn,5,5,0.7611902356147766,1,False,0.006514657980456026,0.2703583061889251,0.32421875
21362,0,CF1,L3,0.3,dictlearn,5,5,0.8902876377105713,1,False,0.003257328990228013,0.24429967426710097,0.29296875
15483,0,CF1,L3,0.3,dictlearn,4,2,0.7589440941810608,0,False,0.006514657980456026,0.26384364820846906,0.31640625
5289,0,CF1,L3,0.3,dictlearn,5,3,0.5932512879371643,0,False,0.009771986970684038,0.24429967426710097,0.29296875
19757,0,CF1,L3,0.3,dictlearn,1,1,0.6202462315559387,1,False,0.006514657980456026,0.23127035830618892,0.27734375
6799,0,CF1,L3,0.3,dictlearn,2,2,0.8893548250198364,1,False,0.016286644951140065,0.24429967426710097,0.29296875
18871,0,CF1,L3,0.3,dictlearn,2,2,0.9643842577934265,1,False,0.009771986970684038,0.25732899022801303,0.30859375
4740,0,CF1,L3,0.3,dictlearn,3,3,0.6609306931495667,1,False,0.026058631921824105,0.2671009771986971,0.3203125
14926,0,CF1,L3,0.3,dictlearn,5,5,0.6506109237670898,1,False,0.003257328990228013,0.2182410423452769,0.26171875
3549,0,CF1,L3,0.3,dictlearn,4,3,0.37402862310409546,0,False,0.019543973941368076,0.2736156351791531,0.328125
13336,0,CF1,L3,0.3,dictlearn,9,9,0.4402153789997101,1,False,0.003257328990228013,0.23778501628664495,0.28515625
8302,0,CF1,L3,0.3,dictlearn,3,6,0.2613464593887329,0,False,0.019543973941368076,0.25732899022801303,0.30859375
19884,0,CF1,L3,0.3,dictlearn,8,8,0.5922977328300476,1,False,0.02280130293159609,0.26058631921824105,0.3125
6927,0,CF1,L3,0.3,dictlearn,1,2,0.32549914717674255,0,False,0.009771986970684038,0.25732899022801303,0.30859375
15277,0,CF1,L3,0.3,dictlearn,6,6,0.6677951216697693,1,False,0.013029315960912053,0.1986970684039088,0.23828125
20278,0,CF1,L3,0.3,dictlearn,3,3,0.7925314903259277,1,False,0.016286644951140065,0.250814332247557,0.30078125
654,0,CF1,L3,0.3,dictlearn,8,8,0.7802440524101257,1,False,0.003257328990228013,0.254071661237785,0.3046875
19020,0,CF1,L3,0.3,dictlearn,0,9,0.5300994515419006,0,False,0.009771986970684038,0.247557003257329,0.296875
25403,0,CF1,L3,0.3,dictlearn,3,3,0.638827919960022,1,False,0.003257328990228013,0.2671009771986971,0.3203125
1745,0,CF1,L3,0.3,dictlearn,8,3,0.3932967782020569,0,False,0.013029315960912053,0.247557003257329,0.296875
10726,0,CF1,L3,0.3,dictlearn,4,4,0.4954293668270111,1,False,0.016286644951140065,0.2899022801302932,0.34765625
23431,0,CF1,L3,0.3,dictlearn,4,4,0.9629780650138855,1,False,0.016286644951140065,0.28013029315960913,0.3359375
231,0,CF1,L3,0.3,dictlearn,5,5,0.8797830939292908,1,False,0.016286644951140065,0.2703583061889251,0.32421875
20678,0,CF1,L3,0.3,dictlearn,7,7,0.5450872182846069,1,False,0.016286644951140065,0.2768729641693811,0.33203125
15851,0,CF1,L3,0.3,dictlearn,1,1,0.7645595073699951,1,False,0.009771986970684038,0.254071661237785,0.3046875
24015,0,CF1,L3,0.3,dictlearn,0,0,0.9859679937362671,1,False,0.009771986970684038,0.254071661237785,0.3046875
1082,0,CF1,L3,0.3,dictlearn,6,8,0.5139780044555664,0,False,0.019543973941368076,0.2671009771986971,0.3203125
5573,0,CF1,L3,0.3,dictlearn,8,3,0.3988606333732605,0,False,0.019543973941368076,0.26384364820846906,0.31640625
11289,0,CF1,L3,0.3,dictlearn,1,1,0.7375226020812988,1,False,0.006514657980456026,0.2736156351791531,0.328125
1751,0,CF1,L3,0.3,dictlearn,0,3,0.2646135091781616,0,False,0.0,0.25732899022801303,0.30859375
4594,0,CF1,L3,0.3,dictlearn,6,6,0.7140867710113525,1,False,0.009771986970684038,0.2280130293159609,0.2734375
21127,0,CF1,L3,0.3,dictlearn,8,8,0.8840004205703735,1,False,0.009771986970684038,0.26058631921824105,0.3125
12370,0,CF1,L3,0.3,dictlearn,4,3,0.3175301253795624,0,False,0.006514657980456026,0.26058631921824105,0.3125
4125,0,CF1,L3,0.3,dictlearn,6,6,0.8781488537788391,1,False,0.003257328990228013,0.24429967426710097,0.29296875
11008,0,CF1,L3,0.3,dictlearn,1,1,0.3305123746395111,1,False,0.013029315960912053,0.250814332247557,0.30078125
23395,0,CF1,L3,0.3,dictlearn,7,7,0.6038050055503845,1,False,0.009771986970684038,0.23127035830618892,0.27734375
3080,0,CF1,L3,0.3,dictlearn,3,3,0.9629520773887634,1,False,0.0,0.26384364820846906,0.31640625
22400,0,CF1,L3,0.3,dictlearn,0,0,0.912865936756134,1,False,0.026058631921824105,0.24429967426710097,0.29296875
22514,0,CF1,L3,0.3,dictlearn,1,1,0.4160064160823822,1,False,0.006514657980456026,0.21172638436482086,0.25390625
15137,0,CF1,L3,0.3,dictlearn,0,0,0.8436982035636902,1,False,0.009771986970684038,0.25732899022801303,0.30859375
6681,0,CF1,L3,0.3,dictlearn,0,0,0.5701480507850647,1,False,0.016286644951140065,0.2703583061889251,0.32421875
5219,0,CF1,L3,0.3,dictlearn,5,5,0.7369836568832397,1,False,0.016286644951140065,0.25732899022801303,0.30859375
2355,0,CF1,L3,0.3,dictlearn,2,2,0.3618675470352173,1,False,0.019543973941368076,0.23452768729641693,0.28125
4674,0,CF1,L3,0.3,dictlearn,5,3,0.45662516355514526,0,False,0.006514657980456026,0.23452768729641693,0.28125
14575,0,CF1,L3,0.3,dictlearn,1,1,0.8148809671401978,1,False,0.009771986970684038,0.2899022801302932,0.34765625
6563,0,CF1,L3,0.3,dictlearn,5,5,0.676926851272583,1,False,0.019543973941368076,0.21498371335504887,0.2578125
17492,0,CF1,L3,0.3,dictlearn,9,9,0.5096331238746643,1,False,0.006514657980456026,0.250814332247557,0.30078125
15770,0,CF1,L3,0.3,dictlearn,7,7,0.6619589328765869,1,False,0.003257328990228013,0.2182410423452769,0.26171875
20830,0,CF1,L3,0.3,dictlearn,1,1,0.6329453587532043,1,False,0.013029315960912053,0.24429967426710097,0.29296875
1777,0,CF1,L3,0.3,dictlearn,2,2,0.9480921030044556,1,False,0.009771986970684038,0.247557003257329,0.296875
21617,0,CF1,L3,0.3,dictlearn,7,7,0.9559658765792847,1,False,0.013029315960912053,0.26384364820846906,0.31640625
21293,0,CF1,L3,0.3,dictlearn,4,6,0.30908671021461487,0,False,0.006514657980456026,0.28013029315960913,0.3359375
14504,0,CF1,L3,0.3,dictlearn,0,3,0.713935911655426,0,False,0.006514657980456026,0.28013029315960913,0.3359375
21236,0,CF1,L3,0.3,dictlearn,7,7,0.7048207521438599,1,False,0.0,0.247557003257329,0.296875
18558,0,CF1,L3,0.3,dictlearn,4,4,0.44089969992637634,1,False,0.016286644951140065,0.247557003257329,0.296875
22916,0,CF1,L3,0.3,dictlearn,8,6,0.4412662386894226,0,False,0.02280130293159609,0.20195439739413681,0.2421875
18760,0,CF1,L3,0.3,dictlearn,6,2,0.4951854646205902,0,False,0.013029315960912053,0.28338762214983715,0.33984375
17389,0,CF1,L3,0.3,dictlearn,8,8,0.3042042851448059,1,False,0.006514657980456026,0.2736156351791531,0.328125
13155,0,CF1,L3,0.3,dictlearn,8,6,0.2558998167514801,0,False,0.006514657980456026,0.2280130293159609,0.2734375
13999,0,CF1,L3,0.3,dictlearn,5,5,0.3499830961227417,1,False,0.003257328990228013,0.25732899022801303,0.30859375
10265,0,CF1,L3,0.3,dictlearn,8,8,0.4207468032836914,1,False,0.006514657980456026,0.254071661237785,0.3046875
17239,0,CF1,L3,0.3,dictlearn,2,2,0.9918938279151917,1,False,0.006514657980456026,0.254071661237785,0.3046875
6288,0,CF1,L3,0.3,dictlearn,3,5,0.5828143954277039,0,False,0.0,0.24104234527687296,0.2890625
11514,0,CF1,L3,0.3,dictlearn,6,6,0.53755784034729,1,False,0.0,0.25732899022801303,0.30859375
23652,0,CF1,L3,0.3,dictlearn,1,1,0.8810195326805115,1,False,0.006514657980456026,0.28013029315960913,0.3359375
11939,0,CF1,L3,0.3,dictlearn,6,6,0.6999979019165039,1,False,0.016286644951140065,0.2247557003257329,0.26953125
2174,0,CF1,L3,0.3,dictlearn,7,2,0.43309399485588074,0,False,0.013029315960912053,0.24429967426710097,0.29296875
15441,0,CF1,L3,0.3,dictlearn,4,4,0.7816902995109558,1,False,0.006514657980456026,0.247557003257329,0.296875
12260,0,CF1,L3,0.3,dictlearn,1,1,0.7818556427955627,1,False,0.026058631921824105,0.24104234527687296,0.2890625
25046,0,CF1,L3,0.3,dictlearn,6,6,0.5324602723121643,1,False,0.006514657980456026,0.2736156351791531,0.328125
13958,0,CF1,L3,0.3,dictlearn,9,3,0.2969130873680115,0,False,0.019543973941368076,0.26384364820846906,0.31640625
20974,0,CF1,L3,0.3,dictlearn,8,9,0.29393503069877625,0,False,0.02280130293159609,0.21172638436482086,0.25390625
10626,0,CF1,L3,0.3,dictlearn,6,6,0.4245973229408264,1,False,0.009771986970684038,0.24429967426710097,0.29296875
22545,0,CF1,L3,0.3,dictlearn,5,5,0.5982970595359802,1,False,0.009771986970684038,0.28664495114006516,0.34375
20288,0,CF1,L3,0.3,dictlearn,5,5,0.6605151295661926,1,False,0.006514657980456026,0.250814332247557,0.30078125
13790,0,CF1,L3,0.3,dictlearn,7,7,0.9657279849052429,1,False,0.006514657980456026,0.24104234527687296,0.2890625
2817,0,CF1,L3,0.3,dictlearn,4,5,0.5885136127471924,0,False,0.006514657980456026,0.25732899022801303,0.30859375
8344,0,CF1,L3,0.3,dictlearn,4,4,0.5494833588600159,1,False,0.013029315960912053,0.2671009771986971,0.3203125
11708,0,CF1,L3,0.3,dictlearn,1,2,0.3469497263431549,0,False,0.02280130293159609,0.28338762214983715,0.33984375
2379,0,CF1,L3,0.3,dictlearn,1,1,0.5102460980415344,1,False,0.016286644951140065,0.2182410423452769,0.26171875
23602,0,CF1,L3,0.3,dictlearn,2,2,0.9287715554237366,1,False,0.013029315960912053,0.250814332247557,0.30078125
24357,0,CF1,L3,0.3,dictlearn,8,6,0.4970302879810333,0,False,0.013029315960912053,0.254071661237785,0.3046875
16783,0,CF1,L3,0.3,dictlearn,4,4,0.9482070803642273,1,False,0.016286644951140065,0.24429967426710097,0.29296875
11723,0,CF1,L3,0.3,dictlearn,9,9,0.7386977076530457,1,False,0.013029315960912053,0.24104234527687296,0.2890625
5140,0,CF1,L3,0.3,dictlearn,5,5,0.8093788027763367,1,False,0.0,0.2703583061889251,0.32421875
14563,0,CF1,L3,0.3,dictlearn,1,1,0.9347655773162842,1,False,0.009771986970684038,0.2736156351791531,0.328125
11905,0,CF1,L3,0.3,dictlearn,7,9,0.28743523359298706,0,False,0.003257328990228013,0.28013029315960913,0.3359375
4657,0,CF1,L3,0.3,dictlearn,5,5,0.9092763662338257,1,False,0.006514657980456026,0.26384364820846906,0.31640625
9888,0,CF1,L3,0.3,dictlearn,7,7,0.896997332572937,1,False,0.013029315960912053,0.24104234527687296,0.2890625
22827,0,CF1,L3,0.3,dictlearn,6,5,0.4621315896511078,0,False,0.019543973941368076,0.23127035830618892,0.27734375
23911,0,CF1,L3,0.3,dictlearn,7,7,0.9268730282783508,1,False,0.009771986970684038,0.22149837133550487,0.265625
968,0,CF1,L3,0.3,dictlearn,3,3,0.9654045701026917,1,False,0.0,0.24104234527687296,0.2890625
18416,0,CF1,L3,0.3,dictlearn,2,2,0.508259117603302,1,False,0.006514657980456026,0.23778501628664495,0.28515625
15166,0,CF1,L3,0.3,dictlearn,7,7,0.7236679196357727,1,False,0.0,0.26384364820846906,0.31640625
15537,0,CF1,L3,0.3,dictlearn,6,6,0.2513589859008789,1,False,0.009771986970684038,0.2182410423452769,0.26171875
112,0,CF1,L3,0.3,dictlearn,6,6,0.5036808252334595,1,False,0.013029315960912053,0.254071661237785,0.3046875
9754,0,CF1,L3,0.3,dictlearn,8,8,0.82206130027771,1,False,0.006514657980456026,0.23778501628664495,0.28515625
3827,0,CF1,L3,0.3,dictlearn,1,2,0.2956399619579315,0,False,0.016286644951140065,0.254071661237785,0.3046875
16427,0,CF1,L3,0.3,dictlearn,8,8,0.548879861831665,1,False,0.006514657980456026,0.2736156351791531,0.328125
4853,0,CF1,L3,0.3,dictlearn,8,1,0.20781351625919342,0,False,0.016286644951140065,0.2247557003257329,0.26953125
5025,0,CF1,L3,0.3,dictlearn,8,9,0.349202424287796,0,False,0.003257328990228013,0.2280130293159609,0.2734375
5497,0,CF1,L3,0.3,dictlearn,5,5,0.65411776304245,1,False,0.02280130293159609,0.250814332247557,0.30078125
415,0,CF1,L3,0.3,dictlearn,5,5,0.7303422689437866,1,False,0.009771986970684038,0.24429967426710097,0.29296875
6055,0,CF1,L3,0.3,dictlearn,2,2,0.9901288151741028,1,False,0.006514657980456026,0.26058631921824105,0.3125
4242,0,CF1,L3,0.3,dictlearn,6,5,0.4608800709247589,0,False,0.006514657980456026,0.250814332247557,0.30078125
16007,0,CF1,L3,0.3,dictlearn,3,3,0.849444568157196,1,False,0.006514657980456026,0.26058631921824105,0.3125
16184,0,CF1,L3,0.3,dictlearn,6,6,0.29321563243865967,1,False,0.009771986970684038,0.26058631921824105,0.3125
15180,0,CF1,L3,0.3,dictlearn,2,7,0.1979108601808548,0,False,0.016286644951140065,0.2182410423452769,0.26171875
16402,0,CF1,L3,0.3,dictlearn,3,3,0.9901052117347717,1,False,0.016286644951140065,0.2280130293159609,0.2734375
12883,0,CF1,L3,0.3,dictlearn,7,7,0.9122424125671387,1,False,0.016286644951140065,0.2899022801302932,0.34765625
12596,0,CF1,L3,0.3,dictlearn,2,2,0.9903838634490967,1,False,0.013029315960912053,0.24104234527687296,0.2890625
13383,0,CF1,L3,0.3,dictlearn,0,0,0.9562677145004272,1,False,0.006514657980456026,0.21498371335504887,0.2578125
17140,0,CF1,L3,0.3,dictlearn,0,0,0.47293004393577576,1,False,0.013029315960912053,0.23778501628664495,0.28515625
11249,0,CF1,L3,0.3,dictlearn,7,7,0.5901873707771301,1,False,0.009771986970684038,0.24104234527687296,0.2890625
2927,0,CF1,L3,0.3,dictlearn,3,3,0.7854004502296448,1,False,0.013029315960912053,0.24429967426710097,0.29296875
13380,0,CF1,L3,0.3,dictlearn,3,3,0.7449198961257935,1,False,0.009771986970684038,0.2768729641693811,0.33203125
24593,0,CF1,L3,0.3,dictlearn,5,5,0.6889760494232178,1,False,0.009771986970684038,0.247557003257329,0.296875
14507,0,CF1,L3,0.3,dictlearn,8,3,0.4407660663127899,0,False,0.016286644951140065,0.23452768729641693,0.28125
9355,0,CF1,L3,0.3,dictlearn,8,8,0.30851927399635315,1,False,0.009771986970684038,0.24104234527687296,0.2890625
3943,0,CF1,L3,0.3,dictlearn,3,3,0.5172305107116699,1,False,0.009771986970684038,0.25732899022801303,0.30859375
4913,0,CF1,L3,0.3,dictlearn,4,4,0.9531079530715942,1,False,0.013029315960912053,0.26058631921824105,0.3125
23440,0,CF1,L3,0.3,dictlearn,4,4,0.2350778877735138,1,False,0.02280130293159609,0.20521172638436483,0.24609375
19289,0,CF1,L3,0.3,dictlearn,7,7,0.6320575475692749,1,False,0.019543973941368076,0.23778501628664495,0.28515625
17841,0,CF1,L3,0.3,dictlearn,6,5,0.7977352142333984,0,False,0.0,0.250814332247557,0.30078125
18139,0,CF1,L3,0.3,dictlearn,0,6,0.4708639085292816,0,False,0.016286644951140065,0.2247557003257329,0.26953125
18549,0,CF1,L3,0.3,dictlearn,7,7,0.7146940231323242,1,False,0.016286644951140065,0.28013029315960913,0.3359375
7215,0,CF1,L3,0.3,dictlearn,7,7,0.9743044972419739,1,False,0.016286644951140065,0.25732899022801303,0.30859375
10574,0,CF1,L3,0.3,dictlearn,7,7,0.33205726742744446,1,False,0.009771986970684038,0.24429967426710097,0.29296875
10329,0,CF1,L3,0.3,dictlearn,7,7,0.3157786726951599,1,False,0.003257328990228013,0.23778501628664495,0.28515625
21502,0,CF1,L3,0.3,dictlearn,4,5,0.34728357195854187,0,False,0.013029315960912053,0.20846905537459284,0.25
1209,0,CF1,L3,0.3,dictlearn,8,8,0.44735774397850037,1,False,0.013029315960912053,0.247557003257329,0.296875
22202,0,CF1,L3,0.3,dictlearn,6,6,0.5307635068893433,1,False,0.016286644951140065,0.2703583061889251,0.32421875
12914,0,CF1,L3,0.3,dictlearn,2,2,0.5653963685035706,1,False,0.016286644951140065,0.25732899022801303,0.30859375
23477,0,CF1,L3,0.3,dictlearn,6,6,0.47147539258003235,1,False,0.016286644951140065,0.2703583061889251,0.32421875
13286,0,CF1,L3,0.3,dictlearn,5,5,0.789767861366272,1,False,0.006514657980456026,0.254071661237785,0.3046875
24957,0,CF1,L3,0.3,dictlearn,2,2,0.988084614276886,1,False,0.003257328990228013,0.23452768729641693,0.28125
23215,0,CF1,L3,0.3,dictlearn,9,9,0.3333550989627838,1,False,0.013029315960912053,0.24429967426710097,0.29296875
8171,0,CF1,L3,0.3,dictlearn,3,3,0.5519869327545166,1,False,0.003257328990228013,0.23778501628664495,0.28515625
13427,0,CF1,L3,0.3,dictlearn,4,4,0.9105228781700134,1,False,0.019543973941368076,0.22149837133550487,0.265625
1985,0,CF1,L3,0.3,dictlearn,9,9,0.6505142450332642,1,False,0.013029315960912053,0.22149837133550487,0.265625
19607,0,CF1,L3,0.3,dictlearn,1,1,0.382028192281723,1,False,0.009771986970684038,0.2280130293159609,0.2734375
15138,0,CF1,L3,0.3,dictlearn,4,6,0.24967750906944275,0,False,0.006514657980456026,0.26058631921824105,0.3125
18496,0,CF1,L3,0.3,dictlearn,3,3,0.9575497508049011,1,False,0.006514657980456026,0.21498371335504887,0.2578125
11341,0,CF1,L3,0.3,dictlearn,5,5,0.6529847979545593,1,False,0.016286644951140065,0.28664495114006516,0.34375
3210,0,CF1,L3,0.3,dictlearn,6,5,0.45724916458129883,0,False,0.003257328990228013,0.30293159609120524,0.36328125
9044,0,CF1,L3,0.3,dictlearn,3,3,0.6790854334831238,1,False,0.009771986970684038,0.21172638436482086,0.25390625
1784,0,CF1,L3,0.3,dictlearn,1,1,0.29226750135421753,1,False,0.009771986970684038,0.2247557003257329,0.26953125
20687,0,CF1,L3,0.3,dictlearn,7,7,0.5455082058906555,1,False,0.006514657980456026,0.250814332247557,0.30078125
21479,0,CF1,L3,0.3,dictlearn,1,1,0.9965708255767822,1,False,0.019543973941368076,0.254071661237785,0.3046875
4465,0,CF1,L3,0.3,dictlearn,7,7,0.6214412450790405,1,False,0.013029315960912053,0.254071661237785,0.3046875
8098,0,CF1,L3,0.3,dictlearn,3,3,0.9994645714759827,1,False,0.003257328990228013,0.24104234527687296,0.2890625
1105,0,CF1,L3,0.3,dictlearn,1,1,0.3164908289909363,1,False,0.009771986970684038,0.247557003257329,0.296875
24036,0,CF1,L3,0.3,dictlearn,0,0,0.9682525396347046,1,False,0.013029315960912053,0.21172638436482086,0.25390625
24825,0,CF1,L3,0.3,dictlearn,1,1,0.8145192861557007,1,False,0.006514657980456026,0.254071661237785,0.3046875
20081,0,CF1,L3,0.3,dictlearn,4,4,0.6278848648071289,1,False,0.006514657980456026,0.247557003257329,0.296875
11780,0,CF1,L3,0.3,dictlearn,5,5,0.49676820635795593,1,False,0.013029315960912053,0.254071661237785,0.3046875
18228,0,CF1,L3,0.3,dictlearn,2,2,0.567177951335907,1,False,0.019543973941368076,0.2703583061889251,0.32421875
4363,0,CF1,L3,0.3,dictlearn,4,4,0.8745467066764832,1,False,0.003257328990228013,0.247557003257329,0.296875
10210,0,CF1,L3,0.3,dictlearn,7,2,0.384440541267395,0,False,0.006514657980456026,0.23778501628664495,0.28515625
7005,0,CF1,L3,0.3,dictlearn,2,2,0.9645870923995972,1,False,0.006514657980456026,0.254071661237785,0.3046875
7071,0,CF1,L3,0.3,dictlearn,3,3,0.3703534007072449,1,False,0.009771986970684038,0.250814332247557,0.30078125
25299,0,CF1,L3,0.3,dictlearn,4,4,0.5580568313598633,1,False,0.006514657980456026,0.23452768729641693,0.28125
3393,0,CF1,L3,0.3,dictlearn,0,9,0.4429585933685303,0,False,0.009771986970684038,0.1986970684039088,0.23828125
10532,0,CF1,L3,0.3,dictlearn,8,8,0.32758793234825134,1,False,0.013029315960912053,0.2182410423452769,0.26171875
14271,0,CF1,L3,0.3,dictlearn,3,3,0.6375902891159058,1,False,0.009771986970684038,0.2703583061889251,0.32421875
12814,0,CF1,L3,0.3,dictlearn,4,4,0.962035596370697,1,False,0.009771986970684038,0.2736156351791531,0.328125
1763,0,CF1,L3,0.3,dictlearn,1,1,0.4515571594238281,1,False,0.006514657980456026,0.23127035830618892,0.27734375
2795,0,CF1,L3,0.3,dictlearn,4,4,0.49047237634658813,1,False,0.003257328990228013,0.25732899022801303,0.30859375
5329,0,CF1,L3,0.3,dictlearn,2,2,0.8651483058929443,1,False,0.003257328990228013,0.2247557003257329,0.26953125
11024,0,CF1,L3,0.3,dictlearn,8,6,0.6601130962371826,0,False,0.013029315960912053,0.247557003257329,0.296875
23383,0,CF1,L3,0.3,dictlearn,6,8,0.3910523056983948,0,False,0.016286644951140065,0.26384364820846906,0.31640625
582,0,CF1,L3,0.3,dictlearn,2,2,0.8391923904418945,1,False,0.016286644951140065,0.2671009771986971,0.3203125
20037,0,CF1,L3,0.3,dictlearn,5,5,0.8447030186653137,1,False,0.003257328990228013,0.23127035830618892,0.27734375
4876,0,CF1,L3,0.3,dictlearn,3,3,0.6457458734512329,1,False,0.009771986970684038,0.2182410423452769,0.26171875
16157,0,CF1,L3,0.3,dictlearn,1,2,0.8449817895889282,0,False,0.013029315960912053,0.25732899022801303,0.30859375
24155,0,CF1,L3,0.3,dictlearn,7,7,0.9208771586418152,1,False,0.019543973941368076,0.2247557003257329,0.26953125
21035,0,CF1,L3,0.3,dictlearn,1,1,0.8704386353492737,1,False,0.013029315960912053,0.247557003257329,0.296875
2530,0,CF1,L3,0.3,dictlearn,2,2,0.5527016520500183,1,False,0.019543973941368076,0.23127035830618892,0.27734375
20951,0,CF1,L3,0.3,dictlearn,4,6,0.5954432487487793,0,False,0.013029315960912053,0.26058631921824105,0.3125
9752,0,CF1,L3,0.3,dictlearn,9,9,0.36230504512786865,1,False,0.009771986970684038,0.2280130293159609,0.2734375
20362,0,CF1,L3,0.3,dictlearn,9,9,0.42066243290901184,1,False,0.009771986970684038,0.23452768729641693,0.28125
5669,0,CF1,L3,0.3,dictlearn,2,2,0.8410395383834839,1,False,0.009771986970684038,0.26058631921824105,0.3125
9395,0,CF1,L3,0.3,dictlearn,6,6,0.7492454648017883,1,False,0.013029315960912053,0.22149837133550487,0.265625
22115,0,CF1,L3,0.3,dictlearn,2,3,0.46706920862197876,0,False,0.009771986970684038,0.28013029315960913,0.3359375
3784,0,CF1,L3,0.3,dictlearn,5,5,0.5103107690811157,1,False,0.016286644951140065,0.26058631921824105,0.3125
15518,0,CF1,L3,0.3,dictlearn,1,3,0.24636898934841156,0,False,0.013029315960912053,0.254071661237785,0.3046875
22913,0,CF1,L3,0.3,dictlearn,1,1,0.7486850023269653,1,False,0.009771986970684038,0.23452768729641693,0.28125
22485,0,CF1,L3,0.3,dictlearn,8,8,0.7384090423583984,1,False,0.013029315960912053,0.247557003257329,0.296875
14166,0,CF1,L3,0.3,dictlearn,9,2,0.2743545472621918,0,False,0.006514657980456026,0.2280130293159609,0.2734375
4606,0,CF1,L3,0.3,dictlearn,8,8,0.4084564447402954,1,False,0.006514657980456026,0.23127035830618892,0.27734375
12043,0,CF1,L3,0.3,dictlearn,8,5,0.3962969183921814,0,False,0.013029315960912053,0.28664495114006516,0.34375
20255,0,CF1,L3,0.3,dictlearn,9,9,0.8454948663711548,1,False,0.006514657980456026,0.2182410423452769,0.26171875
21390,0,CF1,L3,0.3,dictlearn,8,5,0.3026910424232483,0,False,0.02280130293159609,0.24104234527687296,0.2890625
13388,0,CF1,L3,0.3,dictlearn,6,5,0.6697105169296265,0,False,0.009771986970684038,0.247557003257329,0.296875
9382,0,CF1,L3,0.3,dictlearn,0,0,0.8651006817817688,1,False,0.009771986970684038,0.2703583061889251,0.32421875
11878,0,CF1,L3,0.3,dictlearn,4,4,0.7237545847892761,1,False,0.013029315960912053,0.20846905537459284,0.25
10774,0,CF1,L3,0.3,dictlearn,1,1,0.8887318968772888,1,False,0.006514657980456026,0.254071661237785,0.3046875
2211,0,CF1,L3,0.3,dictlearn,4,4,0.7945111393928528,1,False,0.009771986970684038,0.2247557003257329,0.26953125
22804,0,CF1,L3,0.3,dictlearn,1,1,0.33113428950309753,1,False,0.006514657980456026,0.2671009771986971,0.3203125
17903,0,CF1,L3,0.3,dictlearn,3,9,0.22347283363342285,0,False,0.0,0.26384364820846906,0.31640625
16889,0,CF1,L3,0.3,dictlearn,1,1,0.5277776718139648,1,False,0.009771986970684038,0.2736156351791531,0.328125
3013,0,CF1,L3,0.3,dictlearn,8,8,0.6492478251457214,1,False,0.006514657980456026,0.247557003257329,0.296875
19919,0,CF1,L3,0.3,dictlearn,8,8,0.6599683165550232,1,False,0.016286644951140065,0.24104234527687296,0.2890625
7911,0,CF1,L3,0.3,dictlearn,0,0,0.33772215247154236,1,False,0.016286644951140065,0.23127035830618892,0.27734375
6473,0,CF1,L3,0.3,dictlearn,5,5,0.9577844142913818,1,False,0.0,0.254071661237785,0.3046875
14963,0,CF1,L3,0.3,dictlearn,2,2,0.6948935985565186,1,False,0.016286644951140065,0.2671009771986971,0.3203125
3189,0,CF1,L3,0.3,dictlearn,3,3,0.85773766040802,1,False,0.006514657980456026,0.247557003257329,0.296875
21433,0,CF1,L3,0.3,dictlearn,6,6,0.46093031764030457,1,False,0.006514657980456026,0.2768729641693811,0.33203125
21534,0,CF1,L3,0.3,dictlearn,9,9,0.8067048192024231,1,False,0.006514657980456026,0.2768729641693811,0.33203125
4378,0,CF1,L3,0.3,dictlearn,4,4,0.42860132455825806,1,False,0.006514657980456026,0.2703583061889251,0.32421875
4179,0,CF1,L3,0.3,dictlearn,3,3,0.999549925327301,1,False,0.013029315960912053,0.24429967426710097,0.29296875
20275,0,CF1,L3,0.3,dictlearn,7,7,0.508374810218811,1,False,0.009771986970684038,0.30293159609120524,0.36328125
724,0,CF1,L3,0.3,dictlearn,4,4,0.3452967703342438,1,False,0.013029315960912053,0.2671009771986971,0.3203125
15532,0,CF1,L3,0.3,dictlearn,5,5,0.925278902053833,1,False,0.009771986970684038,0.23778501628664495,0.28515625
7808,0,CF1,L3,0.3,dictlearn,4,3,0.48269566893577576,0,False,0.013029315960912053,0.247557003257329,0.296875
3185,0,CF1,L3,0.3,dictlearn,7,7,0.8208041191101074,1,False,0.009771986970684038,0.28013029315960913,0.3359375
8217,0,CF1,L3,0.3,dictlearn,5,5,0.5794163346290588,1,False,0.009771986970684038,0.28664495114006516,0.34375
15284,0,CF1,L3,0.3,dictlearn,2,2,0.6812477707862854,1,False,0.009771986970684038,0.2280130293159609,0.2734375
2195,0,CF1,L3,0.3,dictlearn,1,1,0.4038890302181244,1,False,0.013029315960912053,0.2996742671009772,0.359375
21296,0,CF1,L3,0.3,dictlearn,0,1,0.29020950198173523,0,False,0.013029315960912053,0.25732899022801303,0.30859375
14286,0,CF1,L3,0.3,dictlearn,3,3,0.831000804901123,1,False,0.019543973941368076,0.23127035830618892,0.27734375
4261,0,CF1,L3,0.3,dictlearn,0,0,0.9408693909645081,1,False,0.013029315960912053,0.254071661237785,0.3046875
24480,0,CF1,L3,0.3,dictlearn,2,2,0.9816930294036865,1,False,0.003257328990228013,0.2703583061889251,0.32421875
23581,0,CF1,L3,0.3,dictlearn,7,7,0.9553038477897644,1,False,0.016286644951140065,0.25732899022801303,0.30859375
24364,0,CF1,L3,0.3,dictlearn,7,7,0.8302412629127502,1,False,0.016286644951140065,0.247557003257329,0.296875
4259,0,CF1,L3,0.3,dictlearn,4,4,0.3657093048095703,1,False,0.009771986970684038,0.2247557003257329,0.26953125
4323,0,CF1,L3,0.3,dictlearn,8,3,0.3847496807575226,0,False,0.016286644951140065,0.24429967426710097,0.29296875
26017,0,CF1,L3,0.3,dictlearn,2,2,0.7055890560150146,1,False,0.009771986970684038,0.2768729641693811,0.33203125
4055,0,CF1,L3,0.3,dictlearn,9,5,0.5501567721366882,0,False,0.019543973941368076,0.254071661237785,0.3046875
23968,0,CF1,L3,0.3,dictlearn,6,6,0.7688946723937988,1,False,0.013029315960912053,0.2280130293159609,0.2734375
4914,0,CF1,L3,0.3,dictlearn,2,2,0.9406663775444031,1,False,0.006514657980456026,0.247557003257329,0.296875
17310,0,CF1,L3,0.3,dictlearn,7,7,0.5081980228424072,1,False,0.009771986970684038,0.24429967426710097,0.29296875
14981,0,CF1,L3,0.3,dictlearn,2,2,0.5196283459663391,1,False,0.009771986970684038,0.2247557003257329,0.26953125
7511,0,CF1,L3,0.3,dictlearn,6,6,0.6654143333435059,1,False,0.003257328990228013,0.23778501628664495,0.28515625
4136,0,CF1,L3,0.3,dictlearn,9,9,0.8598573803901672,1,False,0.019543973941368076,0.24104234527687296,0.2890625
8043,0,CF1,L3,0.3,dictlearn,2,2,0.7248905301094055,1,False,0.013029315960912053,0.24429967426710097,0.29296875
14360,0,CF1,L3,0.3,dictlearn,4,5,0.41290032863616943,0,False,0.003257328990228013,0.24429967426710097,0.29296875
6364,0,CF1,L3,0.3,dictlearn,0,0,0.25530651211738586,1,False,0.003257328990228013,0.22149837133550487,0.265625
8827,0,CF1,L3,0.3,dictlearn,4,4,0.43292587995529175,1,False,0.013029315960912053,0.23778501628664495,0.28515625
24886,0,CF1,L3,0.3,dictlearn,9,2,0.8309683203697205,0,False,0.016286644951140065,0.22149837133550487,0.265625
21392,0,CF1,L3,0.3,dictlearn,2,2,0.9755495190620422,1,False,0.009771986970684038,0.2247557003257329,0.26953125
18654,0,CF1,L3,0.3,dictlearn,6,6,0.8561195135116577,1,False,0.003257328990228013,0.2280130293159609,0.2734375
21766,0,CF1,L3,0.3,dictlearn,1,1,0.4330201745033264,1,False,0.009771986970684038,0.23127035830618892,0.27734375
25433,0,CF1,L3,0.3,dictlearn,8,1,0.34870290756225586,0,False,0.003257328990228013,0.2703583061889251,0.32421875
10927,0,CF1,L3,0.3,dictlearn,8,8,0.4553518295288086,1,False,0.009771986970684038,0.2182410423452769,0.26171875
14092,0,CF1,L3,0.3,dictlearn,6,6,0.6063511967658997,1,False,0.003257328990228013,0.2996742671009772,0.359375
20936,0,CF1,L3,0.3,dictlearn,9,5,0.5711294412612915,0,False,0.009771986970684038,0.24104234527687296,0.2890625
23711,0,CF1,L3,0.3,dictlearn,4,4,0.5479524731636047,1,False,0.009771986970684038,0.2768729641693811,0.33203125
19260,0,CF1,L3,0.3,dictlearn,7,7,0.7042796015739441,1,False,0.009771986970684038,0.18892508143322476,0.2265625
17360,0,CF1,L3,0.3,dictlearn,3,3,0.698181688785553,1,False,0.006514657980456026,0.26058631921824105,0.3125
965,0,CF1,L3,0.3,dictlearn,0,5,0.23063458502292633,0,False,0.0,0.24104234527687296,0.2890625
463,0,CF1,L3,0.3,dictlearn,6,5,0.31082117557525635,0,False,0.019543973941368076,0.26058631921824105,0.3125
8945,0,CF1,L3,0.3,dictlearn,6,5,0.5995759963989258,0,False,0.009771986970684038,0.247557003257329,0.296875
14090,0,CF1,L3,0.3,dictlearn,2,2,0.8938320279121399,1,False,0.016286644951140065,0.26384364820846906,0.31640625
8479,0,CF1,L3,0.3,dictlearn,9,9,0.6221230626106262,1,False,0.016286644951140065,0.21172638436482086,0.25390625
24477,0,CF1,L3,0.3,dictlearn,2,2,0.9624649882316589,1,False,0.013029315960912053,0.31921824104234525,0.3828125
8195,0,CF1,L3,0.3,dictlearn,0,0,0.7840526700019836,1,False,0.009771986970684038,0.23127035830618892,0.27734375
1773,0,CF1,L3,0.3,dictlearn,0,0,0.6281141042709351,1,False,0.02280130293159609,0.21172638436482086,0.25390625
11776,0,CF1,L3,0.3,dictlearn,2,3,0.26021844148635864,0,False,0.003257328990228013,0.2280130293159609,0.2734375
3313,0,CF1,L3,0.3,dictlearn,6,6,0.7562388777732849,1,False,0.03257328990228013,0.19218241042345277,0.23046875
5424,0,CF1,L3,0.3,dictlearn,9,9,0.7346767783164978,1,False,0.013029315960912053,0.26384364820846906,0.31640625
19606,0,CF1,L3,0.3,dictlearn,2,2,0.47773808240890503,1,False,0.019543973941368076,0.23778501628664495,0.28515625
10110,0,CF1,L3,0.3,dictlearn,9,9,0.6790152192115784,1,False,0.016286644951140065,0.254071661237785,0.3046875
22872,0,CF1,L3,0.3,dictlearn,6,7,0.37417110800743103,0,False,0.003257328990228013,0.26384364820846906,0.31640625
7573,0,CF1,L3,0.3,dictlearn,1,1,0.6251205801963806,1,False,0.006514657980456026,0.25732899022801303,0.30859375
7105,0,CF1,L3,0.3,dictlearn,3,3,0.9582070112228394,1,False,0.009771986970684038,0.26058631921824105,0.3125
18854,0,CF1,L3,0.3,dictlearn,1,3,0.49393031001091003,0,False,0.009771986970684038,0.30293159609120524,0.36328125
14576,0,CF1,L3,0.3,dictlearn,9,9,0.988856852054596,1,False,0.009771986970684038,0.2931596091205212,0.3515625
9376,0,CF1,L3,0.3,dictlearn,0,6,0.5524833798408508,0,False,0.016286644951140065,0.250814332247557,0.30078125
20128,0,CF1,L3,0.3,dictlearn,8,8,0.9730480313301086,1,False,0.013029315960912053,0.23778501628664495,0.28515625
24854,0,CF1,L3,0.3,dictlearn,9,9,0.9490191340446472,1,False,0.019543973941368076,0.26384364820846906,0.31640625
4937,0,CF1,L3,0.3,dictlearn,2,4,0.47236913442611694,0,False,0.006514657980456026,0.2768729641693811,0.33203125
338,0,CF1,L3,0.3,dictlearn,3,3,0.8865383863449097,1,False,0.009771986970684038,0.2703583061889251,0.32421875
9981,0,CF1,L3,0.3,dictlearn,3,3,0.47059735655784607,1,False,0.016286644951140065,0.2703583061889251,0.32421875
6665,0,CF1,L3,0.3,dictlearn,8,8,0.6582451462745667,1,False,0.009771986970684038,0.23778501628664495,0.28515625
6704,0,CF1,L3,0.3,dictlearn,0,6,0.5134945511817932,0,False,0.019543973941368076,0.23452768729641693,0.28125
23255,0,CF1,L3,0.3,dictlearn,2,2,0.9669008851051331,1,False,0.006514657980456026,0.20846905537459284,0.25
5355,0,CF1,L3,0.3,dictlearn,5,5,0.6477161645889282,1,False,0.009771986970684038,0.2996742671009772,0.359375
22422,0,CF1,L3,0.3,dictlearn,1,4,0.6441708207130432,0,False,0.019543973941368076,0.25732899022801303,0.30859375
7367,0,CF1,L3,0.3,dictlearn,9,9,0.5841052532196045,1,False,0.016286644951140065,0.26058631921824105,0.3125
13489,0,CF1,L3,0.3,dictlearn,7,3,0.22477427124977112,0,False,0.003257328990228013,0.24429967426710097,0.29296875
20955,0,CF1,L3,0.3,dictlearn,7,7,0.8881772756576538,1,False,0.0,0.2182410423452769,0.26171875
25439,0,CF1,L3,0.3,dictlearn,9,9,0.9867377877235413,1,False,0.0,0.250814332247557,0.30078125
12711,0,CF1,L3,0.3,dictlearn,8,8,0.6733813285827637,1,False,0.003257328990228013,0.23127035830618892,0.27734375
7671,0,CF1,L3,0.3,dictlearn,6,4,0.41709840297698975,0,False,0.003257328990228013,0.23127035830618892,0.27734375
20420,0,CF1,L3,0.3,dictlearn,8,8,0.2405196577310562,1,False,0.003257328990228013,0.2736156351791531,0.328125
12630,0,CF1,L3,0.3,dictlearn,2,4,0.2133701890707016,0,False,0.003257328990228013,0.23452768729641693,0.28125
21394,0,CF1,L3,0.3,dictlearn,1,1,0.3665691912174225,1,False,0.006514657980456026,0.2703583061889251,0.32421875
7095,0,CF1,L3,0.3,dictlearn,1,1,0.6369258761405945,1,False,0.019543973941368076,0.21498371335504887,0.2578125
11532,0,CF1,L3,0.3,dictlearn,9,9,0.6005787253379822,1,False,0.006514657980456026,0.250814332247557,0.30078125
2853,0,CF1,L3,0.3,dictlearn,3,3,0.9979211688041687,1,False,0.013029315960912053,0.2703583061889251,0.32421875
13487,0,CF1,L3,0.3,dictlearn,0,6,0.7313060164451599,0,False,0.02280130293159609,0.22149837133550487,0.265625
9350,0,CF1,L3,0.3,dictlearn,9,9,0.7408702373504639,1,False,0.016286644951140065,0.23452768729641693,0.28125
24164,0,CF1,L3,0.3,dictlearn,4,4,0.7417628169059753,1,False,0.009771986970684038,0.28013029315960913,0.3359375
23155,0,CF1,L3,0.3,dictlearn,7,7,0.6154342889785767,1,False,0.006514657980456026,0.2768729641693811,0.33203125
1588,0,CF1,L3,0.3,dictlearn,8,3,0.2305511236190796,0,False,0.013029315960912053,0.23452768729641693,0.28125
5400,0,CF1,L3,0.3,dictlearn,5,5,0.27804499864578247,1,False,0.013029315960912053,0.24104234527687296,0.2890625
8913,0,CF1,L3,0.3,dictlearn,6,6,0.7387921214103699,1,False,0.013029315960912053,0.22149837133550487,0.265625
4990,0,CF1,L3,0.3,dictlearn,8,2,0.3156333267688751,0,False,0.016286644951140065,0.247557003257329,0.296875
13364,0,CF1,L3,0.3,dictlearn,7,7,0.9820383787155151,1,False,0.006514657980456026,0.2768729641693811,0.33203125
1157,0,CF1,L3,0.3,dictlearn,1,1,0.2766581177711487,1,False,0.003257328990228013,0.24104234527687296,0.2890625
19432,0,CF1,L3,0.3,dictlearn,6,6,0.6159464716911316,1,False,0.009771986970684038,0.28664495114006516,0.34375
24861,0,CF1,L3,0.3,dictlearn,1,1,0.6563526391983032,1,False,0.006514657980456026,0.2703583061889251,0.32421875
16303,0,CF1,L3,0.3,dictlearn,0,0,0.6726566553115845,1,False,0.003257328990228013,0.2280130293159609,0.2734375
23675,0,CF1,L3,0.3,dictlearn,1,1,0.7373090386390686,1,False,0.006514657980456026,0.247557003257329,0.296875
10816,0,CF1,L3,0.3,dictlearn,5,5,0.5512720942497253,1,False,0.009771986970684038,0.23778501628664495,0.28515625
25683,0,CF1,L3,0.3,dictlearn,7,7,0.6955015659332275,1,False,0.026058631921824105,0.247557003257329,0.296875
6680,0,CF1,L3,0.3,dictlearn,7,7,0.7309578061103821,1,False,0.009771986970684038,0.247557003257329,0.296875
15541,0,CF1,L3,0.3,dictlearn,1,3,0.2555604577064514,0,False,0.009771986970684038,0.2280130293159609,0.2734375
129,0,CF1,L3,0.3,dictlearn,9,9,0.6555960178375244,1,False,0.013029315960912053,0.24429967426710097,0.29296875
10977,0,CF1,L3,0.3,dictlearn,5,5,0.8651448488235474,1,False,0.003257328990228013,0.2280130293159609,0.2734375
7518,0,CF1,L3,0.3,dictlearn,5,5,0.5621258020401001,1,False,0.009771986970684038,0.2703583061889251,0.32421875
15350,0,CF1,L3,0.3,dictlearn,0,8,0.34076163172721863,0,False,0.016286644951140065,0.2671009771986971,0.3203125
4712,0,CF1,L3,0.3,dictlearn,2,2,0.8924505114555359,1,False,0.013029315960912053,0.22149837133550487,0.265625
3234,0,CF1,L3,0.3,dictlearn,1,1,0.4143320322036743,1,False,0.006514657980456026,0.254071661237785,0.3046875
21292,0,CF1,L3,0.3,dictlearn,8,6,0.4534883201122284,0,False,0.016286644951140065,0.26058631921824105,0.3125
6439,0,CF1,L3,0.3,dictlearn,6,3,0.36551612615585327,0,False,0.009771986970684038,0.247557003257329,0.296875
16930,0,CF1,L3,0.3,dictlearn,4,7,0.3060220181941986,0,False,0.003257328990228013,0.28013029315960913,0.3359375
25255,0,CF1,L3,0.3,dictlearn,6,4,0.5846009254455566,0,False,0.02280130293159609,0.2703583061889251,0.32421875
5562,0,CF1,L3,0.3,dictlearn,6,6,0.8090781569480896,1,False,0.006514657980456026,0.2768729641693811,0.33203125
20888,0,CF1,L3,0.3,dictlearn,6,6,0.2998029589653015,1,False,0.009771986970684038,0.2182410423452769,0.26171875
17907,0,CF1,L3,0.3,dictlearn,0,0,0.520119845867157,1,False,0.019543973941368076,0.22149837133550487,0.265625
15282,0,CF1,L3,0.3,dictlearn,5,8,0.46699023246765137,0,False,0.016286644951140065,0.2736156351791531,0.328125
9564,0,CF1,L3,0.3,dictlearn,5,5,0.9785062670707703,1,False,0.009771986970684038,0.25732899022801303,0.30859375
2105,0,CF1,L3,0.3,dictlearn,5,5,0.7907167673110962,1,False,0.006514657980456026,0.24104234527687296,0.2890625
2188,0,CF1,L3,0.3,dictlearn,5,5,0.8196972012519836,1,False,0.016286644951140065,0.23127035830618892,0.27734375
10587,0,CF1,L3,0.3,dictlearn,9,9,0.45157063007354736,1,False,0.009771986970684038,0.250814332247557,0.30078125
20421,0,CF1,L3,0.3,dictlearn,8,9,0.3889816105365753,0,False,0.003257328990228013,0.28664495114006516,0.34375
23070,0,CF1,L3,0.3,dictlearn,0,0,0.9736522436141968,1,False,0.009771986970684038,0.250814332247557,0.30078125
19127,0,CF1,L3,0.3,dictlearn,6,5,0.6407215595245361,0,False,0.019543973941368076,0.24104234527687296,0.2890625
7302,0,CF1,L3,0.3,dictlearn,3,3,0.9458638429641724,1,False,0.006514657980456026,0.2247557003257329,0.26953125
8409,0,CF1,L3,0.3,dictlearn,4,4,0.9958285689353943,1,False,0.006514657980456026,0.250814332247557,0.30078125
11086,0,CF1,L3,0.3,dictlearn,7,7,0.9420466423034668,1,False,0.006514657980456026,0.21498371335504887,0.2578125
17122,0,CF1,L3,0.3,dictlearn,5,5,0.9722604751586914,1,False,0.006514657980456026,0.1986970684039088,0.23828125
3555,0,CF1,L3,0.3,dictlearn,2,2,0.9918564558029175,1,False,0.009771986970684038,0.247557003257329,0.296875
19437,0,CF1,L3,0.3,dictlearn,4,5,0.3003675043582916,0,False,0.016286644951140065,0.26058631921824105,0.3125
594,0,CF1,L3,0.3,dictlearn,9,9,0.7407835721969604,1,False,0.006514657980456026,0.24104234527687296,0.2890625
21863,0,CF1,L3,0.3,dictlearn,3,3,0.8905127644538879,1,False,0.006514657980456026,0.247557003257329,0.296875
19765,0,CF1,L3,0.3,dictlearn,5,5,0.9590086936950684,1,False,0.009771986970684038,0.23778501628664495,0.28515625
16909,0,CF1,L3,0.3,dictlearn,2,2,0.834817111492157,1,False,0.016286644951140065,0.28013029315960913,0.3359375
21154,0,CF1,L3,0.3,dictlearn,7,7,0.9518983364105225,1,False,0.003257328990228013,0.2736156351791531,0.328125
18615,0,CF1,L3,0.3,dictlearn,7,7,0.404767781496048,1,False,0.009771986970684038,0.250814332247557,0.30078125
18171,0,CF1,L3,0.3,dictlearn,7,7,0.9949514865875244,1,False,0.016286644951140065,0.24429967426710097,0.29296875
24434,0,CF1,L3,0.3,dictlearn,5,5,0.4473741054534912,1,False,0.009771986970684038,0.24104234527687296,0.2890625
9664,0,CF1,L3,0.3,dictlearn,0,0,0.4521583914756775,1,False,0.009771986970684038,0.24104234527687296,0.2890625
2013,0,CF1,L3,0.3,dictlearn,5,5,0.9304030537605286,1,False,0.003257328990228013,0.254071661237785,0.3046875
13537,0,CF1,L3,0.3,dictlearn,4,0,0.33995962142944336,0,False,0.02280130293159609,0.23127035830618892,0.27734375
23942,0,CF1,L3,0.3,dictlearn,9,9,0.7138237953186035,1,False,0.009771986970684038,0.26384364820846906,0.31640625
12415,0,CF1,L3,0.3,dictlearn,4,6,0.6034440398216248,0,False,0.009771986970684038,0.2247557003257329,0.26953125
13735,0,CF1,L3,0.3,dictlearn,0,9,0.4553714990615845,0,False,0.006514657980456026,0.23778501628664495,0.28515625
6873,0,CF1,L3,0.3,dictlearn,1,1,0.6771018505096436,1,False,0.009771986970684038,0.26384364820846906,0.31640625
16233,0,CF1,L3,0.3,dictlearn,2,2,0.9096550941467285,1,False,0.013029315960912053,0.2247557003257329,0.26953125
13108,0,CF1,L3,0.3,dictlearn,5,5,0.46319782733917236,1,False,0.009771986970684038,0.2703583061889251,0.32421875
18114,0,CF1,L3,0.3,dictlearn,7,7,0.9163882732391357,1,False,0.013029315960912053,0.250814332247557,0.30078125
25318,0,CF1,L3,0.3,dictlearn,0,5,0.27696865797042847,0,False,0.003257328990228013,0.23127035830618892,0.27734375
22387,0,CF1,L3,0.3,dictlearn,7,7,0.8472946882247925,1,False,0.016286644951140065,0.23778501628664495,0.28515625
19911,0,CF1,L3,0.3,dictlearn,7,7,0.6504627466201782,1,False,0.003257328990228013,0.23127035830618892,0.27734375
9953,0,CF1,L3,0.3,dictlearn,2,2,0.9354017376899719,1,False,0.003257328990228013,0.23778501628664495,0.28515625
18500,0,CF1,L3,0.3,dictlearn,1,4,0.49834495782852173,0,False,0.006514657980456026,0.2247557003257329,0.26953125
12463,0,CF1,L3,0.3,dictlearn,2,5,0.43383723497390747,0,False,0.013029315960912053,0.22149837133550487,0.265625
12143,0,CF1,L3,0.3,dictlearn,8,8,0.9175180792808533,1,False,0.013029315960912053,0.2247557003257329,0.26953125
14588,0,CF1,L3,0.3,dictlearn,8,8,0.7416415810585022,1,False,0.006514657980456026,0.24104234527687296,0.2890625
22152,0,CF1,L3,0.3,dictlearn,2,2,0.7744598388671875,1,False,0.009771986970684038,0.2247557003257329,0.26953125
16563,0,CF1,L3,0.3,dictlearn,4,6,0.4684278666973114,0,False,0.013029315960912053,0.250814332247557,0.30078125
25225,0,CF1,L3,0.3,dictlearn,9,9,0.25354132056236267,1,False,0.006514657980456026,0.254071661237785,0.3046875
1161,0,CF1,L3,0.3,dictlearn,2,2,0.5339885950088501,1,False,0.003257328990228013,0.2280130293159609,0.2734375
9891,0,CF1,L3,0.3,dictlearn,5,5,0.8406369090080261,1,False,0.013029315960912053,0.2671009771986971,0.3203125
18833,0,CF1,L3,0.3,dictlearn,2,2,0.4916918873786926,1,False,0.006514657980456026,0.2671009771986971,0.3203125
6162,0,CF1,L3,0.3,dictlearn,2,2,0.5778442025184631,1,False,0.006514657980456026,0.247557003257329,0.296875
22638,0,CF1,L3,0.3,dictlearn,0,0,0.4136089086532593,1,False,0.009771986970684038,0.26384364820846906,0.31640625
6112,0,CF1,L3,0.3,dictlearn,6,0,0.3130016326904297,0,False,0.009771986970684038,0.254071661237785,0.3046875
24259,0,CF1,L3,0.3,dictlearn,9,9,0.5139403343200684,1,False,0.006514657980456026,0.254071661237785,0.3046875
18029,0,CF1,L3,0.3,dictlearn,2,2,0.7782198786735535,1,False,0.009771986970684038,0.26384364820846906,0.31640625
13233,0,CF1,L3,0.3,dictlearn,0,2,0.41805338859558105,0,False,0.006514657980456026,0.23778501628664495,0.28515625
22560,0,CF1,L3,0.3,dictlearn,3,3,0.469120591878891,1,False,0.006514657980456026,0.254071661237785,0.3046875
17100,0,CF1,L3,0.3,dictlearn,7,7,0.8277093172073364,1,False,0.003257328990228013,0.23452768729641693,0.28125
13394,0,CF1,L3,0.3,dictlearn,7,7,0.44838476181030273,1,False,0.006514657980456026,0.254071661237785,0.3046875
25173,0,CF1,L3,0.3,dictlearn,3,7,0.20854590833187103,0,False,0.006514657980456026,0.247557003257329,0.296875
17342,0,CF1,L3,0.3,dictlearn,4,4,0.7172581553459167,1,False,0.009771986970684038,0.25732899022801303,0.30859375
5881,0,CF1,L3,0.3,dictlearn,1,5,0.21889951825141907,0,False,0.0,0.26058631921824105,0.3125
16982,0,CF1,L3,0.3,dictlearn,3,3,0.23664841055870056,1,False,0.009771986970684038,0.2931596091205212,0.3515625
12959,0,CF1,L3,0.3,dictlearn,2,2,0.7920250296592712,1,False,0.009771986970684038,0.247557003257329,0.296875
3410,0,CF1,L3,0.3,dictlearn,2,2,0.8947297930717468,1,False,0.006514657980456026,0.25732899022801303,0.30859375
1939,0,CF1,L3,0.3,dictlearn,2,2,0.9894620776176453,1,False,0.009771986970684038,0.2703583061889251,0.32421875
13563,0,CF1,L3,0.3,dictlearn,4,2,0.3337722420692444,0,False,0.013029315960912053,0.26058631921824105,0.3125
9659,0,CF1,L3,0.3,dictlearn,4,4,0.48820188641548157,1,False,0.003257328990228013,0.24429967426710097,0.29296875
23588,0,CF1,L3,0.3,dictlearn,9,9,0.8115143775939941,1,False,0.003257328990228013,0.24429967426710097,0.29296875
12156,0,CF1,L3,0.3,dictlearn,9,9,0.24185742437839508,1,False,0.003257328990228013,0.26058631921824105,0.3125
24790,0,CF1,L3,0.3,dictlearn,4,2,0.4291061758995056,0,False,0.026058631921824105,0.26384364820846906,0.31640625
894,0,CF1,L3,0.3,dictlearn,8,3,0.29528138041496277,0,False,0.016286644951140065,0.2768729641693811,0.33203125
13738,0,CF1,L3,0.3,dictlearn,7,7,0.6508273482322693,1,False,0.009771986970684038,0.25732899022801303,0.30859375
20555,0,CF1,L3,0.3,dictlearn,5,3,0.6716146469116211,0,False,0.009771986970684038,0.2931596091205212,0.3515625
20457,0,CF1,L3,0.3,dictlearn,3,3,0.6212238669395447,1,False,0.019543973941368076,0.28664495114006516,0.34375
24842,0,CF1,L3,0.3,dictlearn,3,5,0.6100625395774841,0,False,0.019543973941368076,0.2671009771986971,0.3203125
11390,0,CF1,L3,0.3,dictlearn,9,2,0.24143405258655548,0,False,0.009771986970684038,0.2899022801302932,0.34765625
2665,0,CF1,L3,0.3,dictlearn,9,9,0.5990310311317444,1,False,0.016286644951140065,0.254071661237785,0.3046875
24741,0,CF1,L3,0.3,dictlearn,8,8,0.5346293449401855,1,False,0.009771986970684038,0.25732899022801303,0.30859375
17634,0,CF1,L3,0.3,dictlearn,8,3,0.3168392479419708,0,False,0.016286644951140065,0.2280130293159609,0.2734375
16599,0,CF1,L3,0.3,dictlearn,1,4,0.31755056977272034,0,False,0.016286644951140065,0.23778501628664495,0.28515625
19330,0,CF1,L3,0.3,dictlearn,7,7,0.5959492921829224,1,False,0.013029315960912053,0.2671009771986971,0.3203125
3257,0,CF1,L3,0.3,dictlearn,1,3,0.41280418634414673,0,False,0.003257328990228013,0.2182410423452769,0.26171875
1114,0,CF1,L3,0.3,dictlearn,9,9,0.9391976594924927,1,False,0.003257328990228013,0.26058631921824105,0.3125
11738,0,CF1,L3,0.3,dictlearn,8,8,0.5400161743164062,1,False,0.009771986970684038,0.23127035830618892,0.27734375
13077,0,CF1,L3,0.3,dictlearn,8,8,0.9858486652374268,1,False,0.019543973941368076,0.26384364820846906,0.31640625
5168,0,CF1,L3,0.3,dictlearn,3,3,0.4081704020500183,1,False,0.016286644951140065,0.23778501628664495,0.28515625
26013,0,CF1,L3,0.3,dictlearn,8,3,0.519795835018158,0,False,0.019543973941368076,0.23452768729641693,0.28125
5611,0,CF1,L3,0.3,dictlearn,7,7,0.8595181107521057,1,False,0.016286644951140065,0.23127035830618892,0.27734375
9389,0,CF1,L3,0.3,dictlearn,6,6,0.3055998682975769,1,False,0.019543973941368076,0.24104234527687296,0.2890625
25070,0,CF1,L3,0.3,dictlearn,2,2,0.5798981785774231,1,False,0.006514657980456026,0.254071661237785,0.3046875
11322,0,CF1,L3,0.3,dictlearn,8,8,0.738318145275116,1,False,0.006514657980456026,0.21172638436482086,0.25390625
3051,0,CF1,L3,0.3,dictlearn,0,6,0.2900298535823822,0,False,0.003257328990228013,0.2899022801302932,0.34765625
18770,0,CF1,L3,0.3,dictlearn,4,8,0.22481095790863037,0,False,0.013029315960912053,0.2280130293159609,0.2734375
14692,0,CF1,L3,0.3,dictlearn,2,2,0.7754197716712952,1,False,0.02280130293159609,0.26058631921824105,0.3125
4561,0,CF1,L3,0.3,dictlearn,5,5,0.5879955291748047,1,False,0.009771986970684038,0.23778501628664495,0.28515625
16994,0,CF1,L3,0.3,dictlearn,0,0,0.9423784613609314,1,False,0.013029315960912053,0.2671009771986971,0.3203125
4156,0,CF1,L3,0.3,dictlearn,5,3,0.31076598167419434,0,False,0.009771986970684038,0.25732899022801303,0.30859375
5884,0,CF1,L3,0.3,dictlearn,1,2,0.5481025576591492,0,False,0.013029315960912053,0.2996742671009772,0.359375
18233,0,CF1,L3,0.3,dictlearn,0,0,0.7602460384368896,1,False,0.003257328990228013,0.2671009771986971,0.3203125
17044,0,CF1,L3,0.3,dictlearn,6,6,0.8640065789222717,1,False,0.009771986970684038,0.24104234527687296,0.2890625
18857,0,CF1,L3,0.3,dictlearn,6,6,0.32359644770622253,1,False,0.013029315960912053,0.23778501628664495,0.28515625
21917,0,CF1,L3,0.3,dictlearn,9,2,0.3527146875858307,0,False,0.006514657980456026,0.247557003257329,0.296875
5054,0,CF1,L3,0.3,dictlearn,3,9,0.6268142461776733,0,False,0.013029315960912053,0.22149837133550487,0.265625
7882,0,CF1,L3,0.3,dictlearn,4,3,0.34806081652641296,0,False,0.006514657980456026,0.250814332247557,0.30078125
15688,0,CF1,L3,0.3,dictlearn,4,4,0.94401615858078,1,False,0.009771986970684038,0.2280130293159609,0.2734375
5612,0,CF1,L3,0.3,dictlearn,8,8,0.6338453888893127,1,False,0.013029315960912053,0.254071661237785,0.3046875
13934,0,CF1,L3,0.3,dictlearn,9,9,0.5333045125007629,1,False,0.019543973941368076,0.2736156351791531,0.328125
16689,0,CF1,L3,0.3,dictlearn,2,2,0.8045036792755127,1,False,0.003257328990228013,0.26058631921824105,0.3125
23844,0,CF1,L3,0.3,dictlearn,6,6,0.5632300972938538,1,False,0.006514657980456026,0.28338762214983715,0.33984375
7944,0,CF1,L3,0.3,dictlearn,7,7,0.7807111144065857,1,False,0.013029315960912053,0.24104234527687296,0.2890625
11370,0,CF1,L3,0.3,dictlearn,8,8,0.9376898407936096,1,False,0.009771986970684038,0.254071661237785,0.3046875
24569,0,CF1,L3,0.3,dictlearn,1,1,0.6705674529075623,1,False,0.009771986970684038,0.2736156351791531,0.328125
7529,0,CF1,L3,0.3,dictlearn,5,5,0.8365967273712158,1,False,0.02280130293159609,0.247557003257329,0.296875
5092,0,CF1,L3,0.3,dictlearn,2,2,0.7746248841285706,1,False,0.0,0.24104234527687296,0.2890625
20673,0,CF1,L3,0.3,dictlearn,2,2,0.9850297570228577,1,False,0.009771986970684038,0.2768729641693811,0.33203125
10096,0,CF1,L3,0.3,dictlearn,7,7,0.5879308581352234,1,False,0.006514657980456026,0.26058631921824105,0.3125
2059,0,CF1,L3,0.3,dictlearn,3,3,0.6439791917800903,1,False,0.006514657980456026,0.22149837133550487,0.265625
19318,0,CF1,L3,0.3,dictlearn,0,0,0.9102434515953064,1,False,0.013029315960912053,0.26058631921824105,0.3125
12977,0,CF1,L3,0.3,dictlearn,8,0,0.22356227040290833,0,False,0.013029315960912053,0.2671009771986971,0.3203125
17673,0,CF1,L3,0.3,dictlearn,0,6,0.2692253887653351,0,False,0.003257328990228013,0.24104234527687296,0.2890625
18750,0,CF1,L3,0.3,dictlearn,0,0,0.5218321084976196,1,False,0.02280130293159609,0.20195439739413681,0.2421875
16728,0,CF1,L3,0.3,dictlearn,3,3,0.9752652049064636,1,False,0.013029315960912053,0.26058631921824105,0.3125
14776,0,CF1,L3,0.3,dictlearn,8,8,0.5856956243515015,1,False,0.003257328990228013,0.28338762214983715,0.33984375
6941,0,CF1,L3,0.3,dictlearn,9,9,0.5280318260192871,1,False,0.016286644951140065,0.2768729641693811,0.33203125
16787,0,CF1,L3,0.3,dictlearn,6,8,0.4018743932247162,0,False,0.019543973941368076,0.254071661237785,0.3046875
25932,0,CF1,L3,0.3,dictlearn,5,5,0.5442075133323669,1,False,0.003257328990228013,0.26384364820846906,0.31640625
614,0,CF1,L3,0.3,dictlearn,0,2,0.2280598133802414,0,False,0.02280130293159609,0.25732899022801303,0.30859375
25690,0,CF1,L3,0.3,dictlearn,5,5,0.5765507221221924,1,False,0.019543973941368076,0.2280130293159609,0.2734375
25968,0,CF1,L3,0.3,dictlearn,5,5,0.9438387155532837,1,False,0.016286644951140065,0.2247557003257329,0.26953125
20123,0,CF1,L3,0.3,dictlearn,3,3,0.536242663860321,1,False,0.003257328990228013,0.2671009771986971,0.3203125
13341,0,CF1,L3,0.3,dictlearn,5,5,0.9015743136405945,1,False,0.013029315960912053,0.25732899022801303,0.30859375
24697,0,CF1,L3,0.3,dictlearn,4,4,0.8674520254135132,1,False,0.019543973941368076,0.24104234527687296,0.2890625
15157,0,CF1,L3,0.3,dictlearn,6,8,0.22673499584197998,0,False,0.016286644951140065,0.2931596091205212,0.3515625
23115,0,CF1,L3,0.3,dictlearn,1,1,0.6081286072731018,1,False,0.009771986970684038,0.20521172638436483,0.24609375
6396,0,CF1,L3,0.3,dictlearn,0,0,0.9150350689888,1,False,0.02280130293159609,0.2768729641693811,0.33203125
19142,0,CF1,L3,0.3,dictlearn,4,5,0.4055309593677521,0,False,0.003257328990228013,0.26384364820846906,0.31640625
13157,0,CF1,L3,0.3,dictlearn,3,3,0.5933831334114075,1,False,0.0,0.254071661237785,0.3046875
19866,0,CF1,L3,0.3,dictlearn,1,2,0.6368595361709595,0,False,0.006514657980456026,0.23778501628664495,0.28515625
25996,0,CF1,L3,0.3,dictlearn,8,8,0.9225654602050781,1,False,0.009771986970684038,0.26058631921824105,0.3125
25515,0,CF1,L3,0.3,dictlearn,7,3,0.450101763010025,0,False,0.006514657980456026,0.23127035830618892,0.27734375
12876,0,CF1,L3,0.3,dictlearn,0,0,0.7191551923751831,1,False,0.013029315960912053,0.2736156351791531,0.328125
17565,0,CF1,L3,0.3,dictlearn,6,6,0.9409446120262146,1,False,0.009771986970684038,0.2280130293159609,0.2734375
17511,0,CF1,L3,0.3,dictlearn,4,8,0.37069016695022583,0,False,0.003257328990228013,0.24104234527687296,0.2890625
19996,0,CF1,L3,0.3,dictlearn,0,0,0.9292635321617126,1,False,0.006514657980456026,0.2280130293159609,0.2734375
12807,0,CF1,L3,0.3,dictlearn,1,1,0.9808474779129028,1,False,0.006514657980456026,0.19543973941368079,0.234375
11001,0,CF1,L3,0.3,dictlearn,9,9,0.5060248374938965,1,False,0.019543973941368076,0.23778501628664495,0.28515625
13107,0,CF1,L3,0.3,dictlearn,0,0,0.6308953762054443,1,False,0.016286644951140065,0.24429967426710097,0.29296875
12641,0,CF1,L3,0.3,dictlearn,6,6,0.8382552266120911,1,False,0.003257328990228013,0.28013029315960913,0.3359375
22667,0,CF1,L3,0.3,dictlearn,5,5,0.9554597735404968,1,False,0.016286644951140065,0.254071661237785,0.3046875
7310,0,CF1,L3,0.3,dictlearn,7,7,0.8033825159072876,1,False,0.009771986970684038,0.24429967426710097,0.29296875
764,0,CF1,L3,0.3,dictlearn,1,1,0.7364746928215027,1,False,0.006514657980456026,0.2768729641693811,0.33203125
14813,0,CF1,L3,0.3,dictlearn,4,5,0.2568778693675995,0,False,0.019543973941368076,0.2736156351791531,0.328125
7132,0,CF1,L3,0.3,dictlearn,2,2,0.9626932740211487,1,False,0.009771986970684038,0.26058631921824105,0.3125
23884,0,CF1,L3,0.3,dictlearn,1,6,0.33857017755508423,0,False,0.006514657980456026,0.23778501628664495,0.28515625
22735,0,CF1,L3,0.3,dictlearn,8,8,0.8713339567184448,1,False,0.009771986970684038,0.254071661237785,0.3046875
12483,0,CF1,L3,0.3,dictlearn,2,2,0.8973009586334229,1,False,0.003257328990228013,0.24104234527687296,0.2890625
10442,0,CF1,L3,0.3,dictlearn,6,6,0.6355332732200623,1,False,0.003257328990228013,0.23778501628664495,0.28515625
3733,0,CF1,L3,0.3,dictlearn,8,8,0.9761625528335571,1,False,0.006514657980456026,0.254071661237785,0.3046875
20089,0,CF1,L3,0.3,dictlearn,4,4,0.7533468008041382,1,False,0.013029315960912053,0.250814332247557,0.30078125
20411,0,CF1,L3,0.3,dictlearn,4,9,0.3493235111236572,0,False,0.006514657980456026,0.2931596091205212,0.3515625
10695,0,CF1,L3,0.3,dictlearn,4,5,0.2930094003677368,0,False,0.003257328990228013,0.254071661237785,0.3046875
11992,0,CF1,L3,0.3,dictlearn,2,2,0.9970539808273315,1,False,0.003257328990228013,0.23127035830618892,0.27734375
20712,0,CF1,L3,0.3,dictlearn,7,7,0.6815261840820312,1,False,0.003257328990228013,0.26384364820846906,0.31640625
6518,0,CF1,L3,0.3,dictlearn,8,8,0.4831804037094116,1,False,0.003257328990228013,0.2768729641693811,0.33203125
6015,0,CF1,L3,0.3,dictlearn,9,9,0.37998610734939575,1,False,0.009771986970684038,0.26384364820846906,0.31640625
8396,0,CF1,L3,0.3,dictlearn,5,2,0.2632030248641968,0,False,0.006514657980456026,0.24429967426710097,0.29296875
12097,0,CF1,L3,0.3,dictlearn,9,9,0.7534232139587402,1,False,0.013029315960912053,0.2280130293159609,0.2734375
12565,0,CF1,L3,0.3,dictlearn,2,2,0.5144959092140198,1,False,0.003257328990228013,0.24429967426710097,0.29296875
22474,0,CF1,L3,0.3,dictlearn,4,5,0.47458457946777344,0,False,0.009771986970684038,0.23127035830618892,0.27734375
25110,0,CF1,L3,0.3,dictlearn,9,9,0.5124651789665222,1,False,0.003257328990228013,0.26384364820846906,0.31640625
8275,0,CF1,L3,0.3,dictlearn,8,8,0.9684976935386658,1,False,0.016286644951140065,0.24429967426710097,0.29296875
3871,0,CF1,L3,0.3,dictlearn,1,3,0.4845064580440521,0,False,0.006514657980456026,0.21172638436482086,0.25390625
24639,0,CF1,L3,0.3,dictlearn,2,2,0.8769590854644775,1,False,0.02280130293159609,0.26058631921824105,0.3125
15979,0,CF1,L3,0.3,dictlearn,3,3,0.5158762335777283,1,False,0.006514657980456026,0.24429967426710097,0.29296875
24513,0,CF1,L3,0.3,dictlearn,6,6,0.8595188856124878,1,False,0.013029315960912053,0.30293159609120524,0.36328125
10926,0,CF1,L3,0.3,dictlearn,7,7,0.7163401246070862,1,False,0.013029315960912053,0.254071661237785,0.3046875
25564,0,CF1,L3,0.3,dictlearn,0,2,0.6188925504684448,0,False,0.0,0.26058631921824105,0.3125
2118,0,CF1,L3,0.3,dictlearn,0,0,0.5001429319381714,1,False,0.003257328990228013,0.23127035830618892,0.27734375
4358,0,CF1,L3,0.3,dictlearn,9,7,0.35261398553848267,0,False,0.006514657980456026,0.2247557003257329,0.26953125
5674,0,CF1,L3,0.3,dictlearn,8,9,0.32587018609046936,0,False,0.009771986970684038,0.2182410423452769,0.26171875
3397,0,CF1,L3,0.3,dictlearn,7,7,0.9857147336006165,1,False,0.016286644951140065,0.26384364820846906,0.31640625
5183,0,CF1,L3,0.3,dictlearn,7,7,0.4972658157348633,1,False,0.006514657980456026,0.26058631921824105,0.3125
7505,0,CF1,L3,0.3,dictlearn,9,9,0.9865972399711609,1,False,0.016286644951140065,0.23778501628664495,0.28515625
17539,0,CF1,L3,0.3,dictlearn,0,9,0.3461345136165619,0,False,0.013029315960912053,0.2703583061889251,0.32421875
23918,0,CF1,L3,0.3,dictlearn,6,5,0.6108659505844116,0,False,0.003257328990228013,0.2280130293159609,0.2734375
19449,0,CF1,L3,0.3,dictlearn,2,2,0.9119399189949036,1,False,0.009771986970684038,0.28664495114006516,0.34375
18599,0,CF1,L3,0.3,dictlearn,3,3,0.4221613109111786,1,False,0.003257328990228013,0.2671009771986971,0.3203125
8175,0,CF1,L3,0.3,dictlearn,8,8,0.3449805974960327,1,False,0.013029315960912053,0.24104234527687296,0.2890625
18412,0,CF1,L3,0.3,dictlearn,7,7,0.9119361639022827,1,False,0.006514657980456026,0.21172638436482086,0.25390625
20667,0,CF1,L3,0.3,dictlearn,1,3,0.21845558285713196,0,False,0.013029315960912053,0.250814332247557,0.30078125
8672,0,CF1,L3,0.3,dictlearn,9,9,0.2770504653453827,1,False,0.016286644951140065,0.23127035830618892,0.27734375
22087,0,CF1,L3,0.3,dictlearn,1,1,0.8560342192649841,1,False,0.009771986970684038,0.2768729641693811,0.33203125
6910,0,CF1,L3,0.3,dictlearn,2,2,0.8780797123908997,1,False,0.006514657980456026,0.2703583061889251,0.32421875
19205,0,CF1,L3,0.3,dictlearn,3,5,0.26781055331230164,0,False,0.02280130293159609,0.24429967426710097,0.29296875
10581,0,CF1,L3,0.3,dictlearn,3,3,0.6147000193595886,1,False,0.013029315960912053,0.24429967426710097,0.29296875
14516,0,CF1,L3,0.3,dictlearn,4,5,0.2546682357788086,0,False,0.0,0.28338762214983715,0.33984375
22602,0,CF1,L3,0.3,dictlearn,4,4,0.48742741346359253,1,False,0.016286644951140065,0.23452768729641693,0.28125
1944,0,CF1,L3,0.3,dictlearn,0,6,0.5144634246826172,0,False,0.013029315960912053,0.26384364820846906,0.31640625
19718,0,CF1,L3,0.3,dictlearn,0,2,0.36183851957321167,0,False,0.009771986970684038,0.28013029315960913,0.3359375
15599,0,CF1,L3,0.3,dictlearn,7,7,0.6930009126663208,1,False,0.006514657980456026,0.2182410423452769,0.26171875
16766,0,CF1,L3,0.3,dictlearn,9,9,0.7923470735549927,1,False,0.009771986970684038,0.26058631921824105,0.3125
12317,0,CF1,L3,0.3,dictlearn,5,6,0.2537623643875122,0,False,0.009771986970684038,0.26058631921824105,0.3125
6275,0,CF1,L3,0.3,dictlearn,6,6,0.4382186233997345,1,False,0.006514657980456026,0.254071661237785,0.3046875
14332,0,CF1,L3,0.3,dictlearn,3,5,0.5785937905311584,0,False,0.02280130293159609,0.26058631921824105,0.3125
25615,0,CF1,L3,0.3,dictlearn,8,8,0.7965352535247803,1,False,0.009771986970684038,0.247557003257329,0.296875
7680,0,CF1,L3,0.3,dictlearn,7,7,0.9985854625701904,1,False,0.009771986970684038,0.250814332247557,0.30078125
22105,0,CF1,L3,0.3,dictlearn,7,7,0.9532762765884399,1,False,0.013029315960912053,0.28664495114006516,0.34375
19179,0,CF1,L3,0.3,dictlearn,5,3,0.4171206057071686,0,False,0.013029315960912053,0.23452768729641693,0.28125
22379,0,CF1,L3,0.3,dictlearn,5,5,0.8899627327919006,1,False,0.003257328990228013,0.254071661237785,0.3046875
11796,0,CF1,L3,0.3,dictlearn,0,6,0.30385029315948486,0,False,0.006514657980456026,0.2280130293159609,0.2734375
16929,0,CF1,L3,0.3,dictlearn,0,0,0.9471675157546997,1,False,0.006514657980456026,0.24104234527687296,0.2890625
20580,0,CF1,L3,0.3,dictlearn,2,5,0.3835398256778717,0,False,0.009771986970684038,0.24104234527687296,0.2890625
21272,0,CF1,L3,0.3,dictlearn,7,7,0.5023044347763062,1,False,0.016286644951140065,0.24104234527687296,0.2890625
12963,0,CF1,L3,0.3,dictlearn,4,4,0.8389598727226257,1,False,0.003257328990228013,0.247557003257329,0.296875
15648,0,CF1,L3,0.3,dictlearn,9,9,0.7048543691635132,1,False,0.009771986970684038,0.254071661237785,0.3046875
10831,0,CF1,L3,0.3,dictlearn,6,6,0.9754391312599182,1,False,0.013029315960912053,0.2182410423452769,0.26171875
12228,0,CF1,L3,0.3,dictlearn,3,3,0.3184669613838196,1,False,0.02280130293159609,0.21498371335504887,0.2578125
2242,0,CF1,L3,0.3,dictlearn,7,5,0.5018385648727417,0,False,0.009771986970684038,0.21498371335504887,0.2578125
25443,0,CF1,L3,0.3,dictlearn,3,3,0.9923396110534668,1,False,0.016286644951140065,0.23452768729641693,0.28125
23913,0,CF1,L3,0.3,dictlearn,1,8,0.26673415303230286,0,False,0.02280130293159609,0.21498371335504887,0.2578125
18452,0,CF1,L3,0.3,dictlearn,1,1,0.5984733700752258,1,False,0.006514657980456026,0.24104234527687296,0.2890625
12210,0,CF1,L3,0.3,dictlearn,0,0,0.5383412837982178,1,False,0.006514657980456026,0.2768729641693811,0.33203125
3532,0,CF1,L3,0.3,dictlearn,6,6,0.3653648793697357,1,False,0.009771986970684038,0.28013029315960913,0.3359375
13678,0,CF1,L3,0.3,dictlearn,9,9,0.879020631313324,1,False,0.009771986970684038,0.25732899022801303,0.30859375
21370,0,CF1,L3,0.3,dictlearn,5,5,0.5002215504646301,1,False,0.013029315960912053,0.23452768729641693,0.28125
23728,0,CF1,L3,0.3,dictlearn,9,9,0.9179822206497192,1,False,0.0,0.2703583061889251,0.32421875
7460,0,CF1,L3,0.3,dictlearn,0,0,0.9235420227050781,1,False,0.013029315960912053,0.23127035830618892,0.27734375
25354,0,CF1,L3,0.3,dictlearn,2,2,0.7655729651451111,1,False,0.009771986970684038,0.23452768729641693,0.28125
18984,0,CF1,L3,0.3,dictlearn,8,8,0.5792320966720581,1,False,0.009771986970684038,0.25732899022801303,0.30859375
12422,0,CF1,L3,0.3,dictlearn,6,5,0.7647269368171692,0,False,0.0,0.28664495114006516,0.34375
7413,0,CF1,L3,0.3,dictlearn,4,3,0.4427714943885803,0,False,0.019543973941368076,0.2671009771986971,0.3203125
