patch_id,seed,family,level,frac,method,true_label,prediction,confidence,correct,bounded_unknown,isolated_missing_frac,mask_overlap_centre,centre_erased_frac
17222,0,CF1,L3,0.3,lama,8,8,0.9762260317802429,1,False,0.006514657980456026,0.24104234527687296,0.2890625
7987,0,CF1,L3,0.3,lama,4,4,0.4037230610847473,1,False,0.009771986970684038,0.23452768729641693,0.28125
14403,0,CF1,L3,0.3,lama,1,1,0.5360927581787109,1,False,0.009771986970684038,0.2280130293159609,0.2734375
12904,0,CF1,L3,0.3,lama,1,1,0.7271444201469421,1,False,0.016286644951140065,0.2247557003257329,0.26953125
1024,0,CF1,L3,0.3,lama,2,2,0.7832269668579102,1,False,0.016286644951140065,0.2703583061889251,0.32421875
15700,0,CF1,L3,0.3,lama,3,0,0.9999974966049194,0,False,0.009771986970684038,0.2703583061889251,0.32421875
12639,0,CF1,L3,0.3,lama,7,7,0.7616576552391052,1,False,0.013029315960912053,0.2247557003257329,0.26953125
20658,0,CF1,L3,0.3,lama,4,2,0.468839168548584,0,False,0.013029315960912053,0.25732899022801303,0.30859375
2642,0,CF1,L3,0.3,lama,7,7,0.6978882551193237,1,False,0.013029315960912053,0.26384364820846906,0.31640625
9392,0,CF1,L3,0.3,lama,9,9,0.9710203409194946,1,False,0.026058631921824105,0.22149837133550487,0.265625
23357,0,CF1,L3,0.3,lama,5,5,0.6516145467758179,1,False,0.016286644951140065,0.23452768729641693,0.28125
15977,0,CF1,L3,0.3,lama,0,0,0.7136568427085876,1,False,0.003257328990228013,0.22149837133550487,0.265625
10440,0,CF1,L3,0.3,lama,0,0,0.9985336065292358,1,False,0.006514657980456026,0.26384364820846906,0.31640625
14216,0,CF1,L3,0.3,lama,3,3,0.7908970713615417,1,False,0.013029315960912053,0.25732899022801303,0.30859375
18353,0,CF1,L3,0.3,lama,7,7,0.9277418851852417,1,False,0.013029315960912053,0.23778501628664495,0.28515625
17404,0,CF1,L3,0.3,lama,3,3,0.5114812850952148,1,False,0.026058631921824105,0.2671009771986971,0.3203125
8424,0,CF1,L3,0.3,lama,8,8,0.6213838458061218,1,False,0.026058631921824105,0.2247557003257329,0.26953125
4744,0,CF1,L3,0.3,lama,8,6,0.6032720804214478,0,False,0.009771986970684038,0.23452768729641693,0.28125
18797,0,CF1,L3,0.3,lama,7,7,0.9994215965270996,1,False,0.003257328990228013,0.28013029315960913,0.3359375
3156,0,CF1,L3,0.3,lama,7,7,0.9872522354125977,1,False,0.0,0.2736156351791531,0.328125
17024,0,CF1,L3,0.3,lama,2,2,0.9417659640312195,1,False,0.0,0.26058631921824105,0.3125
7807,0,CF1,L3,0.3,lama,8,8,0.9177390933036804,1,False,0.003257328990228013,0.21498371335504887,0.2578125
138,0,CF1,L3,0.3,lama,0,0,0.9985294342041016,1,False,0.003257328990228013,0.24104234527687296,0.2890625
20222,0,CF1,L3,0.3,lama,2,2,0.9999798536300659,1,False,0.0,0.250814332247557,0.30078125
24734,0,CF1,L3,0.3,lama,9,0,0.7169621586799622,0,False,0.009771986970684038,0.28013029315960913,0.3359375
8909,0,CF1,L3,0.3,lama,0,0,0.9298632740974426,1,False,0.0,0.2247557003257329,0.26953125
4684,0,CF1,L3,0.3,lama,1,1,0.9985840320587158,1,False,0.0,0.26058631921824105,0.3125
15978,0,CF1,L3,0.3,lama,6,6,0.6631339192390442,1,False,0.016286644951140065,0.20521172638436483,0.24609375
21495,0,CF1,L3,0.3,lama,7,7,0.7698807120323181,1,False,0.013029315960912053,0.2703583061889251,0.32421875
5107,0,CF1,L3,0.3,lama,6,1,0.34192219376564026,0,False,0.016286644951140065,0.2671009771986971,0.3203125
1914,0,CF1,L3,0.3,lama,2,2,0.7719729542732239,1,False,0.006514657980456026,0.23127035830618892,0.27734375
21307,0,CF1,L3,0.3,lama,1,1,0.9999728202819824,1,False,0.003257328990228013,0.23778501628664495,0.28515625
7178,0,CF1,L3,0.3,lama,4,4,0.6299564242362976,1,False,0.006514657980456026,0.23778501628664495,0.28515625
13264,0,CF1,L3,0.3,lama,4,6,0.4521106779575348,0,False,0.006514657980456026,0.2768729641693811,0.33203125
21507,0,CF1,L3,0.3,lama,1,1,0.9964774250984192,1,False,0.02280130293159609,0.23127035830618892,0.27734375
8399,0,CF1,L3,0.3,lama,9,2,0.5206423401832581,0,False,0.013029315960912053,0.2768729641693811,0.33203125
4384,0,CF1,L3,0.3,lama,0,0,0.9990228414535522,1,False,0.009771986970684038,0.23452768729641693,0.28125
5820,0,CF1,L3,0.3,lama,0,1,0.7448359727859497,0,False,0.0,0.20846905537459284,0.25
22865,0,CF1,L3,0.3,lama,0,0,0.974711537361145,1,False,0.013029315960912053,0.19218241042345277,0.23046875
65,0,CF1,L3,0.3,lama,0,0,0.5812545418739319,1,False,0.009771986970684038,0.28664495114006516,0.34375
15494,0,CF1,L3,0.3,lama,6,6,0.5670016407966614,1,False,0.006514657980456026,0.26384364820846906,0.31640625
2327,0,CF1,L3,0.3,lama,5,5,0.9020074605941772,1,False,0.009771986970684038,0.23778501628664495,0.28515625
24596,0,CF1,L3,0.3,lama,7,6,0.7097010612487793,0,False,0.009771986970684038,0.2247557003257329,0.26953125
3825,0,CF1,L3,0.3,lama,5,5,0.7212195992469788,1,False,0.016286644951140065,0.26384364820846906,0.31640625
17168,0,CF1,L3,0.3,lama,7,7,0.9055514931678772,1,False,0.019543973941368076,0.2182410423452769,0.26171875
4357,0,CF1,L3,0.3,lama,3,3,0.5068920254707336,1,False,0.013029315960912053,0.23452768729641693,0.28125
2364,0,CF1,L3,0.3,lama,9,9,0.8232967257499695,1,False,0.006514657980456026,0.28664495114006516,0.34375
8703,0,CF1,L3,0.3,lama,9,9,0.9682895541191101,1,False,0.016286644951140065,0.23778501628664495,0.28515625
19390,0,CF1,L3,0.3,lama,9,9,0.9619353413581848,1,False,0.006514657980456026,0.2671009771986971,0.3203125
17853,0,CF1,L3,0.3,lama,6,2,0.538277268409729,0,False,0.006514657980456026,0.2768729641693811,0.33203125
4930,0,CF1,L3,0.3,lama,4,1,0.6629955172538757,0,False,0.009771986970684038,0.247557003257329,0.296875
5314,0,CF1,L3,0.3,lama,8,8,0.7067626714706421,1,False,0.013029315960912053,0.2280130293159609,0.2734375
4478,0,CF1,L3,0.3,lama,8,8,0.8654448390007019,1,False,0.009771986970684038,0.250814332247557,0.30078125
23679,0,CF1,L3,0.3,lama,4,1,0.8743860721588135,0,False,0.003257328990228013,0.23127035830618892,0.27734375
5449,0,CF1,L3,0.3,lama,1,1,0.8589794039726257,1,False,0.003257328990228013,0.28338762214983715,0.33984375
24183,0,CF1,L3,0.3,lama,0,0,0.8993126153945923,1,False,0.019543973941368076,0.2247557003257329,0.26953125
20842,0,CF1,L3,0.3,lama,3,3,0.9802477359771729,1,False,0.006514657980456026,0.2703583061889251,0.32421875
18825,0,CF1,L3,0.3,lama,9,0,0.5631921887397766,0,False,0.006514657980456026,0.2182410423452769,0.26171875
6265,0,CF1,L3,0.3,lama,1,1,0.9083693027496338,1,False,0.013029315960912053,0.26058631921824105,0.3125
24932,0,CF1,L3,0.3,lama,4,2,0.5113092064857483,0,False,0.003257328990228013,0.26384364820846906,0.31640625
14427,0,CF1,L3,0.3,lama,8,9,0.33564770221710205,0,False,0.009771986970684038,0.23778501628664495,0.28515625
3740,0,CF1,L3,0.3,lama,7,7,0.9882921576499939,1,False,0.003257328990228013,0.25732899022801303,0.30859375
16809,0,CF1,L3,0.3,lama,9,2,0.46777915954589844,0,False,0.013029315960912053,0.24104234527687296,0.2890625
1136,0,CF1,L3,0.3,lama,1,1,0.8586384057998657,1,False,0.019543973941368076,0.2768729641693811,0.33203125
25757,0,CF1,L3,0.3,lama,5,5,0.9764763712882996,1,False,0.016286644951140065,0.247557003257329,0.296875
7356,0,CF1,L3,0.3,lama,4,4,0.5634509921073914,1,False,0.013029315960912053,0.250814332247557,0.30078125
12298,0,CF1,L3,0.3,lama,0,0,0.9676246643066406,1,False,0.009771986970684038,0.26058631921824105,0.3125
5700,0,CF1,L3,0.3,lama,3,2,0.3798392117023468,0,False,0.019543973941368076,0.23452768729641693,0.28125
22753,0,CF1,L3,0.3,lama,6,6,0.807522177696228,1,False,0.006514657980456026,0.24104234527687296,0.2890625
16813,0,CF1,L3,0.3,lama,6,8,0.5283633470535278,0,False,0.013029315960912053,0.2182410423452769,0.26171875
7373,0,CF1,L3,0.3,lama,8,8,0.6213228702545166,1,False,0.013029315960912053,0.26058631921824105,0.3125
20149,0,CF1,L3,0.3,lama,2,2,0.674313485622406,1,False,0.016286644951140065,0.2703583061889251,0.32421875
15874,0,CF1,L3,0.3,lama,9,9,0.989816427230835,1,False,0.013029315960912053,0.23127035830618892,0.27734375
26011,0,CF1,L3,0.3,lama,0,0,0.9264103770256042,1,False,0.019543973941368076,0.2182410423452769,0.26171875
4196,0,CF1,L3,0.3,lama,9,9,0.609623908996582,1,False,0.013029315960912053,0.26384364820846906,0.31640625
11227,0,CF1,L3,0.3,lama,3,3,0.5399176478385925,1,False,0.003257328990228013,0.250814332247557,0.30078125
15736,0,CF1,L3,0.3,lama,3,3,0.9876778721809387,1,False,0.006514657980456026,0.25732899022801303,0.30859375
6339,0,CF1,L3,0.3,lama,6,6,0.8507658839225769,1,False,0.009771986970684038,0.26384364820846906,0.31640625
25704,0,CF1,L3,0.3,lama,2,2,0.9737722873687744,1,False,0.009771986970684038,0.23452768729641693,0.28125
3190,0,CF1,L3,0.3,lama,7,7,0.7637194991111755,1,False,0.003257328990228013,0.2768729641693811,0.33203125
737,0,CF1,L3,0.3,lama,4,4,0.8069227337837219,1,False,0.006514657980456026,0.2182410423452769,0.26171875
22875,0,CF1,L3,0.3,lama,9,9,0.9170379042625427,1,False,0.006514657980456026,0.250814332247557,0.30078125
22749,0,CF1,L3,0.3,lama,3,3,0.7280910611152649,1,False,0.003257328990228013,0.23452768729641693,0.28125
22998,0,CF1,L3,0.3,lama,3,3,0.9476910829544067,1,False,0.006514657980456026,0.25732899022801303,0.30859375
24210,0,CF1,L3,0.3,lama,5,5,0.9041979908943176,1,False,0.006514657980456026,0.26058631921824105,0.3125
6800,0,CF1,L3,0.3,lama,4,4,0.9420529007911682,1,False,0.013029315960912053,0.254071661237785,0.3046875
16602,0,CF1,L3,0.3,lama,9,9,0.42934301495552063,1,False,0.003257328990228013,0.247557003257329,0.296875
10822,0,CF1,L3,0.3,lama,6,6,0.4292397201061249,1,False,0.006514657980456026,0.25732899022801303,0.30859375
12822,0,CF1,L3,0.3,lama,1,1,0.9999651908874512,1,False,0.009771986970684038,0.24104234527687296,0.2890625
12758,0,CF1,L3,0.3,lama,5,5,0.9535722136497498,1,False,0.003257328990228013,0.28013029315960913,0.3359375
21144,0,CF1,L3,0.3,lama,4,4,0.9617094993591309,1,False,0.009771986970684038,0.2247557003257329,0.26953125
4900,0,CF1,L3,0.3,lama,6,6,0.4627790153026581,1,False,0.006514657980456026,0.24104234527687296,0.2890625
22888,0,CF1,L3,0.3,lama,9,9,0.9988062381744385,1,False,0.016286644951140065,0.247557003257329,0.296875
19935,0,CF1,L3,0.3,lama,9,9,0.5862779021263123,1,False,0.02280130293159609,0.247557003257329,0.296875
21896,0,CF1,L3,0.3,lama,7,7,0.9777094125747681,1,False,0.013029315960912053,0.2247557003257329,0.26953125
3475,0,CF1,L3,0.3,lama,3,3,0.9181536436080933,1,False,0.013029315960912053,0.2931596091205212,0.3515625
16171,0,CF1,L3,0.3,lama,0,0,0.9999129772186279,1,False,0.013029315960912053,0.24429967426710097,0.29296875
4672,0,CF1,L3,0.3,lama,4,7,0.8975473046302795,0,False,0.003257328990228013,0.26058631921824105,0.3125
10146,0,CF1,L3,0.3,lama,2,2,0.999916672706604,1,False,0.02280130293159609,0.247557003257329,0.296875
9207,0,CF1,L3,0.3,lama,7,7,0.7801823019981384,1,False,0.009771986970684038,0.26384364820846906,0.31640625
17745,0,CF1,L3,0.3,lama,9,2,0.9998437166213989,0,False,0.016286644951140065,0.25732899022801303,0.30859375
432,0,CF1,L3,0.3,lama,7,7,0.8685344457626343,1,False,0.019543973941368076,0.247557003257329,0.296875
6608,0,CF1,L3,0.3,lama,4,4,0.9857629537582397,1,False,0.006514657980456026,0.24104234527687296,0.2890625
25769,0,CF1,L3,0.3,lama,9,9,0.9979806542396545,1,False,0.02280130293159609,0.2280130293159609,0.2734375
14774,0,CF1,L3,0.3,lama,3,3,0.8916745185852051,1,False,0.003257328990228013,0.26058631921824105,0.3125
21627,0,CF1,L3,0.3,lama,4,4,0.8676312565803528,1,False,0.009771986970684038,0.28013029315960913,0.3359375
8133,0,CF1,L3,0.3,lama,2,2,0.9998364448547363,1,False,0.003257328990228013,0.250814332247557,0.30078125
12554,0,CF1,L3,0.3,lama,4,4,0.9984459280967712,1,False,0.006514657980456026,0.2247557003257329,0.26953125
10856,0,CF1,L3,0.3,lama,1,1,0.9661895036697388,1,False,0.009771986970684038,0.2182410423452769,0.26171875
15931,0,CF1,L3,0.3,lama,3,3,0.9923111200332642,1,False,0.02280130293159609,0.26058631921824105,0.3125
2367,0,CF1,L3,0.3,lama,2,2,0.6262069344520569,1,False,0.006514657980456026,0.2280130293159609,0.2734375
25563,0,CF1,L3,0.3,lama,7,7,0.8330160975456238,1,False,0.006514657980456026,0.247557003257329,0.296875
6748,0,CF1,L3,0.3,lama,2,2,0.9865397810935974,1,False,0.006514657980456026,0.2703583061889251,0.32421875
5368,0,CF1,L3,0.3,lama,8,8,0.9899401068687439,1,False,0.006514657980456026,0.247557003257329,0.296875
25951,0,CF1,L3,0.3,lama,6,6,0.9879150390625,1,False,0.006514657980456026,0.26058631921824105,0.3125
22082,0,CF1,L3,0.3,lama,7,7,0.9991912245750427,1,False,0.006514657980456026,0.2247557003257329,0.26953125
19301,0,CF1,L3,0.3,lama,4,4,0.9949012994766235,1,False,0.013029315960912053,0.23127035830618892,0.27734375
13302,0,CF1,L3,0.3,lama,4,4,0.9822775721549988,1,False,0.016286644951140065,0.26058631921824105,0.3125
15358,0,CF1,L3,0.3,lama,0,0,0.5887951254844666,1,False,0.009771986970684038,0.26058631921824105,0.3125
23572,0,CF1,L3,0.3,lama,2,2,0.8731291890144348,1,False,0.006514657980456026,0.26384364820846906,0.31640625
14736,0,CF1,L3,0.3,lama,4,4,0.9959536790847778,1,False,0.019543973941368076,0.2703583061889251,0.32421875
16685,0,CF1,L3,0.3,lama,2,2,0.9029920101165771,1,False,0.009771986970684038,0.25732899022801303,0.30859375
21902,0,CF1,L3,0.3,lama,7,7,0.5696468353271484,1,False,0.02280130293159609,0.24429967426710097,0.29296875
6713,0,CF1,L3,0.3,lama,5,6,0.5346217155456543,0,False,0.009771986970684038,0.26058631921824105,0.3125
8771,0,CF1,L3,0.3,lama,4,4,0.9832192063331604,1,False,0.0,0.2931596091205212,0.3515625
20264,0,CF1,L3,0.3,lama,3,6,0.46749141812324524,0,False,0.003257328990228013,0.2671009771986971,0.3203125
24489,0,CF1,L3,0.3,lama,1,1,0.9999947547912598,1,False,0.003257328990228013,0.23778501628664495,0.28515625
24852,0,CF1,L3,0.3,lama,1,4,0.742197573184967,0,False,0.006514657980456026,0.23778501628664495,0.28515625
6746,0,CF1,L3,0.3,lama,1,1,0.83542799949646,1,False,0.003257328990228013,0.23452768729641693,0.28125
5951,0,CF1,L3,0.3,lama,5,5,0.7026820182800293,1,False,0.009771986970684038,0.23127035830618892,0.27734375
6438,0,CF1,L3,0.3,lama,4,4,0.9993202686309814,1,False,0.006514657980456026,0.2736156351791531,0.328125
11126,0,CF1,L3,0.3,lama,9,6,0.6854161620140076,0,False,0.006514657980456026,0.28338762214983715,0.33984375
24241,0,CF1,L3,0.3,lama,3,3,0.9392132759094238,1,False,0.0,0.23778501628664495,0.28515625
23621,0,CF1,L3,0.3,lama,6,6,0.8309355974197388,1,False,0.003257328990228013,0.2182410423452769,0.26171875
14358,0,CF1,L3,0.3,lama,6,6,0.5220555067062378,1,False,0.016286644951140065,0.23127035830618892,0.27734375
19003,0,CF1,L3,0.3,lama,6,6,0.5206682682037354,1,False,0.003257328990228013,0.247557003257329,0.296875
3760,0,CF1,L3,0.3,lama,9,2,0.6047623157501221,0,False,0.006514657980456026,0.2768729641693811,0.33203125
1155,0,CF1,L3,0.3,lama,5,5,0.9975277781486511,1,False,0.003257328990228013,0.23127035830618892,0.27734375
22044,0,CF1,L3,0.3,lama,8,7,0.289857417345047,0,False,0.016286644951140065,0.250814332247557,0.30078125
17521,0,CF1,L3,0.3,lama,4,4,0.9056965112686157,1,False,0.009771986970684038,0.250814332247557,0.30078125
15177,0,CF1,L3,0.3,lama,9,9,0.6447746753692627,1,False,0.009771986970684038,0.2671009771986971,0.3203125
21080,0,CF1,L3,0.3,lama,0,0,0.9978688955307007,1,False,0.013029315960912053,0.28013029315960913,0.3359375
4507,0,CF1,L3,0.3,lama,5,5,0.7664419412612915,1,False,0.006514657980456026,0.2182410423452769,0.26171875
10600,0,CF1,L3,0.3,lama,7,7,0.9861414432525635,1,False,0.003257328990228013,0.254071661237785,0.3046875
11754,0,CF1,L3,0.3,lama,1,1,0.9992414712905884,1,False,0.009771986970684038,0.23778501628664495,0.28515625
22934,0,CF1,L3,0.3,lama,4,4,0.9636114835739136,1,False,0.013029315960912053,0.21498371335504887,0.2578125
19094,0,CF1,L3,0.3,lama,3,3,0.9983331561088562,1,False,0.013029315960912053,0.20521172638436483,0.24609375
25246,0,CF1,L3,0.3,lama,7,7,0.9003890752792358,1,False,0.013029315960912053,0.254071661237785,0.3046875
14745,0,CF1,L3,0.3,lama,2,2,0.9999896287918091,1,False,0.003257328990228013,0.250814332247557,0.30078125
3177,0,CF1,L3,0.3,lama,8,9,0.5764122605323792,0,False,0.006514657980456026,0.24104234527687296,0.2890625
13870,0,CF1,L3,0.3,lama,5,1,0.39296412467956543,0,False,0.006514657980456026,0.28664495114006516,0.34375
5605,0,CF1,L3,0.3,lama,6,6,0.919175922870636,1,False,0.006514657980456026,0.247557003257329,0.296875
5202,0,CF1,L3,0.3,lama,8,8,0.9906920790672302,1,False,0.009771986970684038,0.247557003257329,0.296875
8800,0,CF1,L3,0.3,lama,5,5,0.9907032251358032,1,False,0.013029315960912053,0.24429967426710097,0.29296875
645,0,CF1,L3,0.3,lama,3,3,0.9948248863220215,1,False,0.009771986970684038,0.2247557003257329,0.26953125
16077,0,CF1,L3,0.3,lama,5,5,0.9834480285644531,1,False,0.013029315960912053,0.23452768729641693,0.28125
15336,0,CF1,L3,0.3,lama,5,5,0.7615923285484314,1,False,0.0,0.250814332247557,0.30078125
20933,0,CF1,L3,0.3,lama,0,0,0.9352879524230957,1,False,0.016286644951140065,0.2671009771986971,0.3203125
10580,0,CF1,L3,0.3,lama,8,8,0.8429540991783142,1,False,0.013029315960912053,0.23778501628664495,0.28515625
25902,0,CF1,L3,0.3,lama,6,6,0.9469251036643982,1,False,0.009771986970684038,0.21172638436482086,0.25390625
4666,0,CF1,L3,0.3,lama,8,8,0.9999469518661499,1,False,0.013029315960912053,0.25732899022801303,0.30859375
14541,0,CF1,L3,0.3,lama,4,4,0.9472602605819702,1,False,0.006514657980456026,0.28338762214983715,0.33984375
7374,0,CF1,L3,0.3,lama,5,5,0.8038831949234009,1,False,0.009771986970684038,0.28338762214983715,0.33984375
4697,0,CF1,L3,0.3,lama,5,9,0.3773626983165741,0,False,0.016286644951140065,0.24104234527687296,0.2890625
6317,0,CF1,L3,0.3,lama,5,5,0.6709595918655396,1,False,0.006514657980456026,0.26384364820846906,0.31640625
16623,0,CF1,L3,0.3,lama,6,6,0.8004243969917297,1,False,0.026058631921824105,0.2703583061889251,0.32421875
16511,0,CF1,L3,0.3,lama,6,9,0.3389936089515686,0,False,0.003257328990228013,0.254071661237785,0.3046875
16162,0,CF1,L3,0.3,lama,3,3,0.5191299319267273,1,False,0.016286644951140065,0.3127035830618892,0.375
5989,0,CF1,L3,0.3,lama,1,1,0.6633263826370239,1,False,0.03257328990228013,0.26058631921824105,0.3125
18753,0,CF1,L3,0.3,lama,5,5,0.9970820546150208,1,False,0.019543973941368076,0.24429967426710097,0.29296875
20853,0,CF1,L3,0.3,lama,4,4,0.6002187728881836,1,False,0.009771986970684038,0.250814332247557,0.30078125
16556,0,CF1,L3,0.3,lama,0,0,0.9430123567581177,1,False,0.0,0.2247557003257329,0.26953125
7019,0,CF1,L3,0.3,lama,9,9,0.9049587845802307,1,False,0.016286644951140065,0.22149837133550487,0.265625
3090,0,CF1,L3,0.3,lama,6,6,0.9964046478271484,1,False,0.009771986970684038,0.2280130293159609,0.2734375
14680,0,CF1,L3,0.3,lama,3,3,0.9705068469047546,1,False,0.009771986970684038,0.30618892508143325,0.3671875
869,0,CF1,L3,0.3,lama,3,3,0.39839041233062744,1,False,0.003257328990228013,0.22149837133550487,0.265625
7595,0,CF1,L3,0.3,lama,6,6,0.797261118888855,1,False,0.016286644951140065,0.23127035830618892,0.27734375
14417,0,CF1,L3,0.3,lama,1,1,0.9398043155670166,1,False,0.009771986970684038,0.20195439739413681,0.2421875
13624,0,CF1,L3,0.3,lama,9,9,0.9865065813064575,1,False,0.026058631921824105,0.21172638436482086,0.25390625
21083,0,CF1,L3,0.3,lama,0,0,0.9986874461174011,1,False,0.013029315960912053,0.25732899022801303,0.30859375
7556,0,CF1,L3,0.3,lama,1,1,0.9953135251998901,1,False,0.013029315960912053,0.250814332247557,0.30078125
9289,0,CF1,L3,0.3,lama,8,8,0.7493191361427307,1,False,0.013029315960912053,0.23127035830618892,0.27734375
19944,0,CF1,L3,0.3,lama,3,3,0.9150270223617554,1,False,0.006514657980456026,0.250814332247557,0.30078125
6057,0,CF1,L3,0.3,lama,1,1,0.9961697459220886,1,False,0.003257328990228013,0.25732899022801303,0.30859375
23029,0,CF1,L3,0.3,lama,8,0,0.3823990523815155,0,False,0.009771986970684038,0.24104234527687296,0.2890625
23668,0,CF1,L3,0.3,lama,5,5,0.9026652574539185,1,False,0.003257328990228013,0.2280130293159609,0.2734375
13115,0,CF1,L3,0.3,lama,8,8,0.9674414992332458,1,False,0.009771986970684038,0.2703583061889251,0.32421875
20635,0,CF1,L3,0.3,lama,3,3,0.5281521081924438,1,False,0.016286644951140065,0.22149837133550487,0.265625
4281,0,CF1,L3,0.3,lama,4,4,0.9824069738388062,1,False,0.003257328990228013,0.28013029315960913,0.3359375
4139,0,CF1,L3,0.3,lama,9,2,0.5343350172042847,0,False,0.02280130293159609,0.23778501628664495,0.28515625
10652,0,CF1,L3,0.3,lama,1,1,0.8405181169509888,1,False,0.013029315960912053,0.2703583061889251,0.32421875
700,0,CF1,L3,0.3,lama,1,1,0.9989904761314392,1,False,0.006514657980456026,0.2964169381107492,0.35546875
5772,0,CF1,L3,0.3,lama,3,7,0.3196694254875183,0,False,0.019543973941368076,0.2736156351791531,0.328125
8114,0,CF1,L3,0.3,lama,9,9,0.8393680453300476,1,False,0.006514657980456026,0.2703583061889251,0.32421875
5964,0,CF1,L3,0.3,lama,6,6,0.6124622821807861,1,False,0.006514657980456026,0.25732899022801303,0.30859375
17278,0,CF1,L3,0.3,lama,7,7,0.6713690161705017,1,False,0.006514657980456026,0.22149837133550487,0.265625
9961,0,CF1,L3,0.3,lama,0,0,0.5304787755012512,1,False,0.009771986970684038,0.2671009771986971,0.3203125
25974,0,CF1,L3,0.3,lama,7,7,0.9999028444290161,1,False,0.009771986970684038,0.24429967426710097,0.29296875
14317,0,CF1,L3,0.3,lama,3,3,0.9047281742095947,1,False,0.006514657980456026,0.2703583061889251,0.32421875
6485,0,CF1,L3,0.3,lama,0,0,0.99997878074646,1,False,0.009771986970684038,0.2736156351791531,0.328125
18287,0,CF1,L3,0.3,lama,0,0,0.9929499626159668,1,False,0.006514657980456026,0.247557003257329,0.296875
11840,0,CF1,L3,0.3,lama,4,4,0.9028587937355042,1,False,0.013029315960912053,0.23127035830618892,0.27734375
864,0,CF1,L3,0.3,lama,0,0,0.9976266026496887,1,False,0.02280130293159609,0.23452768729641693,0.28125
20612,0,CF1,L3,0.3,lama,1,1,0.6918982863426208,1,False,0.016286644951140065,0.28338762214983715,0.33984375
21079,0,CF1,L3,0.3,lama,1,1,0.9998319149017334,1,False,0.0,0.26058631921824105,0.3125
11286,0,CF1,L3,0.3,lama,5,5,0.9927939176559448,1,False,0.016286644951140065,0.2247557003257329,0.26953125
788,0,CF1,L3,0.3,lama,0,0,0.9817792773246765,1,False,0.006514657980456026,0.28013029315960913,0.3359375
15932,0,CF1,L3,0.3,lama,3,3,0.8838151693344116,1,False,0.0,0.23778501628664495,0.28515625
18511,0,CF1,L3,0.3,lama,3,3,0.9966263771057129,1,False,0.003257328990228013,0.26058631921824105,0.3125
21576,0,CF1,L3,0.3,lama,5,1,0.2888883948326111,0,False,0.0,0.26058631921824105,0.3125
17237,0,CF1,L3,0.3,lama,2,2,0.9991440773010254,1,False,0.006514657980456026,0.20195439739413681,0.2421875
2966,0,CF1,L3,0.3,lama,2,2,0.9999991655349731,1,False,0.009771986970684038,0.2964169381107492,0.35546875
16416,0,CF1,L3,0.3,lama,5,5,0.9930752515792847,1,False,0.009771986970684038,0.2671009771986971,0.3203125
1280,0,CF1,L3,0.3,lama,5,5,0.8539318442344666,1,False,0.009771986970684038,0.25732899022801303,0.30859375
24928,0,CF1,L3,0.3,lama,0,0,0.9120386838912964,1,False,0.003257328990228013,0.250814332247557,0.30078125
23837,0,CF1,L3,0.3,lama,1,1,0.8759527802467346,1,False,0.003257328990228013,0.23452768729641693,0.28125
20230,0,CF1,L3,0.3,lama,1,1,0.9931390881538391,1,False,0.003257328990228013,0.22149837133550487,0.265625
23434,0,CF1,L3,0.3,lama,5,5,0.9933750033378601,1,False,0.013029315960912053,0.254071661237785,0.3046875
20522,0,CF1,L3,0.3,lama,6,2,0.47341665625572205,0,False,0.009771986970684038,0.2280130293159609,0.2734375
7789,0,CF1,L3,0.3,lama,3,7,0.3262019455432892,0,False,0.009771986970684038,0.2247557003257329,0.26953125
22086,0,CF1,L3,0.3,lama,6,6,0.981295108795166,1,False,0.006514657980456026,0.2736156351791531,0.328125
21339,0,CF1,L3,0.3,lama,0,0,0.9991059899330139,1,False,0.009771986970684038,0.247557003257329,0.296875
6830,0,CF1,L3,0.3,lama,9,9,0.9999833106994629,1,False,0.009771986970684038,0.247557003257329,0.296875
20902,0,CF1,L3,0.3,lama,2,2,0.9850170612335205,1,False,0.026058631921824105,0.2931596091205212,0.3515625
17481,0,CF1,L3,0.3,lama,5,5,0.9899368286132812,1,False,0.006514657980456026,0.26384364820846906,0.31640625
3050,0,CF1,L3,0.3,lama,6,6,0.5571305155754089,1,False,0.009771986970684038,0.23452768729641693,0.28125
409,0,CF1,L3,0.3,lama,1,4,0.4792962372303009,0,False,0.009771986970684038,0.247557003257329,0.296875
14823,0,CF1,L3,0.3,lama,7,7,0.947664737701416,1,False,0.013029315960912053,0.2280130293159609,0.2734375
22892,0,CF1,L3,0.3,lama,9,1,0.43149206042289734,0,False,0.0,0.23127035830618892,0.27734375
9470,0,CF1,L3,0.3,lama,8,8,0.6044106483459473,1,False,0.009771986970684038,0.26058631921824105,0.3125
9543,0,CF1,L3,0.3,lama,6,8,0.46960708498954773,0,False,0.003257328990228013,0.26384364820846906,0.31640625
22090,0,CF1,L3,0.3,lama,5,5,0.9936919212341309,1,False,0.02280130293159609,0.23452768729641693,0.28125
6045,0,CF1,L3,0.3,lama,6,6,0.9886507987976074,1,False,0.006514657980456026,0.2247557003257329,0.26953125
317,0,CF1,L3,0.3,lama,8,8,0.9621173739433289,1,False,0.013029315960912053,0.25732899022801303,0.30859375
15812,0,CF1,L3,0.3,lama,0,0,0.9944496154785156,1,False,0.006514657980456026,0.2247557003257329,0.26953125
18170,0,CF1,L3,0.3,lama,9,9,0.9854200482368469,1,False,0.02280130293159609,0.28664495114006516,0.34375
14781,0,CF1,L3,0.3,lama,0,0,0.935488760471344,1,False,0.013029315960912053,0.250814332247557,0.30078125
17886,0,CF1,L3,0.3,lama,9,9,0.9780816435813904,1,False,0.006514657980456026,0.26058631921824105,0.3125
20049,0,CF1,L3,0.3,lama,3,0,0.7404583096504211,0,False,0.009771986970684038,0.254071661237785,0.3046875
13283,0,CF1,L3,0.3,lama,0,0,0.9683231711387634,1,False,0.013029315960912053,0.26384364820846906,0.31640625
25830,0,CF1,L3,0.3,lama,5,5,0.9987875819206238,1,False,0.0,0.247557003257329,0.296875
14277,0,CF1,L3,0.3,lama,9,9,0.9725013375282288,1,False,0.02280130293159609,0.26384364820846906,0.31640625
5908,0,CF1,L3,0.3,lama,1,1,0.9999736547470093,1,False,0.013029315960912053,0.2247557003257329,0.26953125
9731,0,CF1,L3,0.3,lama,8,8,0.7847337126731873,1,False,0.003257328990228013,0.25732899022801303,0.30859375
14180,0,CF1,L3,0.3,lama,9,9,0.9948815107345581,1,False,0.003257328990228013,0.24429967426710097,0.29296875
9246,0,CF1,L3,0.3,lama,2,2,0.9989413619041443,1,False,0.016286644951140065,0.20846905537459284,0.25
1656,0,CF1,L3,0.3,lama,2,2,0.4351605772972107,1,False,0.019543973941368076,0.23778501628664495,0.28515625
17712,0,CF1,L3,0.3,lama,1,1,0.8368863463401794,1,False,0.013029315960912053,0.28013029315960913,0.3359375
25544,0,CF1,L3,0.3,lama,9,9,0.6188494563102722,1,False,0.003257328990228013,0.22149837133550487,0.265625
1120,0,CF1,L3,0.3,lama,5,5,0.9980518817901611,1,False,0.006514657980456026,0.23778501628664495,0.28515625
1298,0,CF1,L3,0.3,lama,6,6,0.7846982479095459,1,False,0.009771986970684038,0.23452768729641693,0.28125
25570,0,CF1,L3,0.3,lama,2,2,0.9978518486022949,1,False,0.003257328990228013,0.2182410423452769,0.26171875
5370,0,CF1,L3,0.3,lama,7,7,0.7221424579620361,1,False,0.009771986970684038,0.247557003257329,0.296875
19075,0,CF1,L3,0.3,lama,2,2,0.9899196624755859,1,False,0.006514657980456026,0.2280130293159609,0.2734375
8583,0,CF1,L3,0.3,lama,0,2,0.2358902096748352,0,False,0.003257328990228013,0.2671009771986971,0.3203125
2133,0,CF1,L3,0.3,lama,0,2,0.32168662548065186,0,False,0.016286644951140065,0.23127035830618892,0.27734375
1982,0,CF1,L3,0.3,lama,2,2,0.8590836524963379,1,False,0.009771986970684038,0.250814332247557,0.30078125
950,0,CF1,L3,0.3,lama,8,8,0.5336290001869202,1,False,0.009771986970684038,0.26384364820846906,0.31640625
19563,0,CF1,L3,0.3,lama,4,4,0.9938629865646362,1,False,0.003257328990228013,0.2703583061889251,0.32421875
21023,0,CF1,L3,0.3,lama,6,6,0.9787642955780029,1,False,0.019543973941368076,0.21498371335504887,0.2578125
15687,0,CF1,L3,0.3,lama,0,0,0.6810401082038879,1,False,0.0,0.2768729641693811,0.33203125
6444,0,CF1,L3,0.3,lama,6,6,0.9667246341705322,1,False,0.003257328990228013,0.2280130293159609,0.2734375
15735,0,CF1,L3,0.3,lama,4,4,0.9987022876739502,1,False,0.016286644951140065,0.24429967426710097,0.29296875
10651,0,CF1,L3,0.3,lama,0,0,0.7692683339118958,1,False,0.003257328990228013,0.24429967426710097,0.29296875
13256,0,CF1,L3,0.3,lama,1,1,0.9998605251312256,1,False,0.009771986970684038,0.25732899022801303,0.30859375
16855,0,CF1,L3,0.3,lama,6,5,0.4337293207645416,0,False,0.009771986970684038,0.254071661237785,0.3046875
14884,0,CF1,L3,0.3,lama,9,9,0.9829884171485901,1,False,0.009771986970684038,0.2671009771986971,0.3203125
21884,0,CF1,L3,0.3,lama,6,6,0.8957857489585876,1,False,0.006514657980456026,0.2247557003257329,0.26953125
5078,0,CF1,L3,0.3,lama,3,3,0.6835675239562988,1,False,0.013029315960912053,0.254071661237785,0.3046875
20419,0,CF1,L3,0.3,lama,9,2,0.5394664406776428,0,False,0.009771986970684038,0.250814332247557,0.30078125
20521,0,CF1,L3,0.3,lama,5,5,0.9509057402610779,1,False,0.006514657980456026,0.23778501628664495,0.28515625
23257,0,CF1,L3,0.3,lama,5,5,0.5937249660491943,1,False,0.009771986970684038,0.31921824104234525,0.3828125
17190,0,CF1,L3,0.3,lama,2,2,0.9802338480949402,1,False,0.006514657980456026,0.2703583061889251,0.32421875
15631,0,CF1,L3,0.3,lama,8,8,0.9815955758094788,1,False,0.003257328990228013,0.2247557003257329,0.26953125
504,0,CF1,L3,0.3,lama,0,0,0.9606903791427612,1,False,0.013029315960912053,0.2247557003257329,0.26953125
14990,0,CF1,L3,0.3,lama,3,3,0.9993717074394226,1,False,0.016286644951140065,0.23452768729641693,0.28125
24512,0,CF1,L3,0.3,lama,8,8,0.8657064437866211,1,False,0.009771986970684038,0.250814332247557,0.30078125
23120,0,CF1,L3,0.3,lama,7,7,0.7779245972633362,1,False,0.006514657980456026,0.2182410423452769,0.26171875
3357,0,CF1,L3,0.3,lama,2,2,0.9980635046958923,1,False,0.016286644951140065,0.22149837133550487,0.265625
8088,0,CF1,L3,0.3,lama,1,1,0.9327849745750427,1,False,0.016286644951140065,0.24104234527687296,0.2890625
21849,0,CF1,L3,0.3,lama,9,9,0.8257894515991211,1,False,0.009771986970684038,0.2703583061889251,0.32421875
13683,0,CF1,L3,0.3,lama,0,0,0.9971750974655151,1,False,0.009771986970684038,0.23778501628664495,0.28515625
22718,0,CF1,L3,0.3,lama,9,3,0.6658070087432861,0,False,0.013029315960912053,0.250814332247557,0.30078125
9927,0,CF1,L3,0.3,lama,4,4,0.9228787422180176,1,False,0.016286644951140065,0.24429967426710097,0.29296875
11425,0,CF1,L3,0.3,lama,0,0,0.9987899661064148,1,False,0.026058631921824105,0.247557003257329,0.296875
14578,0,CF1,L3,0.3,lama,0,0,0.8237423300743103,1,False,0.019543973941368076,0.2182410423452769,0.26171875
25481,0,CF1,L3,0.3,lama,8,8,0.6215962171554565,1,False,0.009771986970684038,0.250814332247557,0.30078125
11269,0,CF1,L3,0.3,lama,5,5,0.9974483251571655,1,False,0.009771986970684038,0.24429967426710097,0.29296875
12877,0,CF1,L3,0.3,lama,5,5,0.9055004715919495,1,False,0.006514657980456026,0.25732899022801303,0.30859375
22531,0,CF1,L3,0.3,lama,9,9,0.28266680240631104,1,False,0.016286644951140065,0.23778501628664495,0.28515625
13150,0,CF1,L3,0.3,lama,3,7,0.4567964971065521,0,False,0.006514657980456026,0.25732899022801303,0.30859375
5654,0,CF1,L3,0.3,lama,8,8,0.7694233655929565,1,False,0.016286644951140065,0.26384364820846906,0.31640625
1286,0,CF1,L3,0.3,lama,7,7,0.9938507080078125,1,False,0.009771986970684038,0.2703583061889251,0.32421875
1652,0,CF1,L3,0.3,lama,1,1,0.9999116659164429,1,False,0.016286644951140065,0.250814332247557,0.30078125
22335,0,CF1,L3,0.3,lama,2,2,0.9313737750053406,1,False,0.016286644951140065,0.2703583061889251,0.32421875
23848,0,CF1,L3,0.3,lama,3,3,0.9253084063529968,1,False,0.029315960912052116,0.2247557003257329,0.26953125
2892,0,CF1,L3,0.3,lama,6,6,0.9878445267677307,1,False,0.006514657980456026,0.2671009771986971,0.3203125
16530,0,CF1,L3,0.3,lama,8,8,0.9026797413825989,1,False,0.009771986970684038,0.26384364820846906,0.31640625
12848,0,CF1,L3,0.3,lama,8,8,0.9846639037132263,1,False,0.016286644951140065,0.28664495114006516,0.34375
7330,0,CF1,L3,0.3,lama,7,7,0.9688620567321777,1,False,0.003257328990228013,0.250814332247557,0.30078125
3676,0,CF1,L3,0.3,lama,1,1,0.9031822085380554,1,False,0.013029315960912053,0.23778501628664495,0.28515625
19966,0,CF1,L3,0.3,lama,8,8,0.7995498776435852,1,False,0.016286644951140065,0.22149837133550487,0.265625
8382,0,CF1,L3,0.3,lama,5,6,0.8288966417312622,0,False,0.009771986970684038,0.250814332247557,0.30078125
19660,0,CF1,L3,0.3,lama,7,5,0.35223591327667236,0,False,0.0,0.2182410423452769,0.26171875
2508,0,CF1,L3,0.3,lama,9,9,0.7381582260131836,1,False,0.013029315960912053,0.22149837133550487,0.265625
2360,0,CF1,L3,0.3,lama,4,4,0.7945351004600525,1,False,0.009771986970684038,0.2280130293159609,0.2734375
16796,0,CF1,L3,0.3,lama,1,1,0.9996634721755981,1,False,0.013029315960912053,0.26058631921824105,0.3125
23426,0,CF1,L3,0.3,lama,9,9,0.5419377684593201,1,False,0.009771986970684038,0.20846905537459284,0.25
15590,0,CF1,L3,0.3,lama,2,9,0.7483054399490356,0,False,0.016286644951140065,0.254071661237785,0.3046875
6302,0,CF1,L3,0.3,lama,3,3,0.6607464551925659,1,False,0.019543973941368076,0.28664495114006516,0.34375
24519,0,CF1,L3,0.3,lama,7,7,0.7784695625305176,1,False,0.013029315960912053,0.23127035830618892,0.27734375
23276,0,CF1,L3,0.3,lama,2,2,0.4747660458087921,1,False,0.009771986970684038,0.2703583061889251,0.32421875
24566,0,CF1,L3,0.3,lama,8,8,0.9742158055305481,1,False,0.013029315960912053,0.18892508143322476,0.2265625
20978,0,CF1,L3,0.3,lama,1,4,0.6633678078651428,0,False,0.003257328990228013,0.26058631921824105,0.3125
8990,0,CF1,L3,0.3,lama,3,3,0.8823049664497375,1,False,0.013029315960912053,0.254071661237785,0.3046875
11061,0,CF1,L3,0.3,lama,7,7,0.7792226672172546,1,False,0.0,0.2182410423452769,0.26171875
7075,0,CF1,L3,0.3,lama,9,5,0.7210688591003418,0,False,0.013029315960912053,0.2280130293159609,0.2734375
17641,0,CF1,L3,0.3,lama,2,2,0.9998869895935059,1,False,0.016286644951140065,0.20846905537459284,0.25
12077,0,CF1,L3,0.3,lama,9,9,0.9993743300437927,1,False,0.009771986970684038,0.21172638436482086,0.25390625
1779,0,CF1,L3,0.3,lama,7,7,0.9976721405982971,1,False,0.026058631921824105,0.254071661237785,0.3046875
11519,0,CF1,L3,0.3,lama,4,4,0.8261920809745789,1,False,0.019543973941368076,0.250814332247557,0.30078125
8549,0,CF1,L3,0.3,lama,3,3,0.8804794549942017,1,False,0.003257328990228013,0.21172638436482086,0.25390625
14623,0,CF1,L3,0.3,lama,6,6,0.4197610020637512,1,False,0.02280130293159609,0.250814332247557,0.30078125
10846,0,CF1,L3,0.3,lama,3,3,0.9956309795379639,1,False,0.006514657980456026,0.25732899022801303,0.30859375
16289,0,CF1,L3,0.3,lama,3,3,0.9280767440795898,1,False,0.006514657980456026,0.26058631921824105,0.3125
12311,0,CF1,L3,0.3,lama,8,8,0.8749445676803589,1,False,0.013029315960912053,0.2671009771986971,0.3203125
6068,0,CF1,L3,0.3,lama,8,8,0.8610356450080872,1,False,0.003257328990228013,0.25732899022801303,0.30859375
9629,0,CF1,L3,0.3,lama,6,6,0.8030405640602112,1,False,0.019543973941368076,0.23127035830618892,0.27734375
19560,0,CF1,L3,0.3,lama,3,9,0.6016597747802734,0,False,0.003257328990228013,0.250814332247557,0.30078125
10379,0,CF1,L3,0.3,lama,8,8,0.9495186805725098,1,False,0.0,0.2703583061889251,0.32421875
6499,0,CF1,L3,0.3,lama,9,6,0.7725184559822083,0,False,0.016286644951140065,0.24104234527687296,0.2890625
1159,0,CF1,L3,0.3,lama,0,0,0.997816801071167,1,False,0.02280130293159609,0.2247557003257329,0.26953125
4366,0,CF1,L3,0.3,lama,7,7,0.9969122409820557,1,False,0.016286644951140065,0.28664495114006516,0.34375
8397,0,CF1,L3,0.3,lama,1,0,0.7445595860481262,0,False,0.02280130293159609,0.25732899022801303,0.30859375
20905,0,CF1,L3,0.3,lama,9,2,0.4502847194671631,0,False,0.009771986970684038,0.28664495114006516,0.34375
15746,0,CF1,L3,0.3,lama,5,5,0.917061448097229,1,False,0.003257328990228013,0.254071661237785,0.3046875
9402,0,CF1,L3,0.3,lama,3,8,0.8540637493133545,0,False,0.006514657980456026,0.2736156351791531,0.328125
8164,0,CF1,L3,0.3,lama,2,0,0.44027531147003174,0,False,0.016286644951140065,0.2671009771986971,0.3203125
510,0,CF1,L3,0.3,lama,5,5,0.7693780660629272,1,False,0.009771986970684038,0.24429967426710097,0.29296875
24070,0,CF1,L3,0.3,lama,9,1,0.7246706485748291,0,False,0.013029315960912053,0.30293159609120524,0.36328125
2401,0,CF1,L3,0.3,lama,4,4,0.990125298500061,1,False,0.013029315960912053,0.254071661237785,0.3046875
12147,0,CF1,L3,0.3,lama,3,3,0.5502209663391113,1,False,0.013029315960912053,0.23127035830618892,0.27734375
14499,0,CF1,L3,0.3,lama,6,6,0.7198898196220398,1,False,0.003257328990228013,0.2671009771986971,0.3203125
3530,0,CF1,L3,0.3,lama,6,6,0.9967089891433716,1,False,0.026058631921824105,0.28013029315960913,0.3359375
14723,0,CF1,L3,0.3,lama,7,7,0.5417308807373047,1,False,0.003257328990228013,0.25732899022801303,0.30859375
4435,0,CF1,L3,0.3,lama,3,3,0.9374998211860657,1,False,0.009771986970684038,0.23778501628664495,0.28515625
22852,0,CF1,L3,0.3,lama,2,2,0.6003054976463318,1,False,0.003257328990228013,0.23452768729641693,0.28125
8461,0,CF1,L3,0.3,lama,3,3,0.9990580677986145,1,False,0.009771986970684038,0.26058631921824105,0.3125
21972,0,CF1,L3,0.3,lama,7,7,0.9993721842765808,1,False,0.026058631921824105,0.28338762214983715,0.33984375
5410,0,CF1,L3,0.3,lama,4,4,0.9325838088989258,1,False,0.009771986970684038,0.26384364820846906,0.31640625
17754,0,CF1,L3,0.3,lama,6,6,0.9663798213005066,1,False,0.0,0.23452768729641693,0.28125
15311,0,CF1,L3,0.3,lama,2,2,0.9998440742492676,1,False,0.016286644951140065,0.22149837133550487,0.265625
15185,0,CF1,L3,0.3,lama,1,1,0.9606452584266663,1,False,0.006514657980456026,0.254071661237785,0.3046875
5663,0,CF1,L3,0.3,lama,4,4,0.7585542798042297,1,False,0.016286644951140065,0.28013029315960913,0.3359375
6247,0,CF1,L3,0.3,lama,6,6,0.9969123601913452,1,False,0.003257328990228013,0.24429967426710097,0.29296875
15287,0,CF1,L3,0.3,lama,0,4,0.6075968742370605,0,False,0.0,0.250814332247557,0.30078125
19902,0,CF1,L3,0.3,lama,0,0,0.9880734086036682,1,False,0.013029315960912053,0.2736156351791531,0.328125
25188,0,CF1,L3,0.3,lama,4,4,0.6188404560089111,1,False,0.003257328990228013,0.24104234527687296,0.2890625
11195,0,CF1,L3,0.3,lama,8,8,0.5564244985580444,1,False,0.006514657980456026,0.25732899022801303,0.30859375
4828,0,CF1,L3,0.3,lama,7,1,0.4895459711551666,0,False,0.009771986970684038,0.23778501628664495,0.28515625
23751,0,CF1,L3,0.3,lama,5,5,0.9434462785720825,1,False,0.013029315960912053,0.24104234527687296,0.2890625
9464,0,CF1,L3,0.3,lama,3,1,0.6176118850708008,0,False,0.006514657980456026,0.247557003257329,0.296875
25723,0,CF1,L3,0.3,lama,0,0,0.9864245057106018,1,False,0.013029315960912053,0.254071661237785,0.3046875
16859,0,CF1,L3,0.3,lama,5,5,0.9805842638015747,1,False,0.006514657980456026,0.26384364820846906,0.31640625
3601,0,CF1,L3,0.3,lama,1,1,0.9993341565132141,1,False,0.013029315960912053,0.25732899022801303,0.30859375
11679,0,CF1,L3,0.3,lama,6,6,0.9794542193412781,1,False,0.006514657980456026,0.2671009771986971,0.3203125
12135,0,CF1,L3,0.3,lama,7,1,0.5996089577674866,0,False,0.016286644951140065,0.20846905537459284,0.25
16329,0,CF1,L3,0.3,lama,1,1,0.8688023090362549,1,False,0.003257328990228013,0.23452768729641693,0.28125
94,0,CF1,L3,0.3,lama,4,6,0.3913881778717041,0,False,0.009771986970684038,0.26384364820846906,0.31640625
14517,0,CF1,L3,0.3,lama,9,5,0.5061571002006531,0,False,0.003257328990228013,0.2703583061889251,0.32421875
16852,0,CF1,L3,0.3,lama,3,3,0.9965619444847107,1,False,0.013029315960912053,0.2736156351791531,0.328125
6852,0,CF1,L3,0.3,lama,6,6,0.5018340349197388,1,False,0.016286644951140065,0.2182410423452769,0.26171875
24858,0,CF1,L3,0.3,lama,3,3,0.977469265460968,1,False,0.013029315960912053,0.23127035830618892,0.27734375
297,0,CF1,L3,0.3,lama,9,9,0.8071664571762085,1,False,0.009771986970684038,0.250814332247557,0.30078125
12339,0,CF1,L3,0.3,lama,2,2,0.9998190999031067,1,False,0.006514657980456026,0.23778501628664495,0.28515625
20811,0,CF1,L3,0.3,lama,8,8,0.9578483700752258,1,False,0.006514657980456026,0.2768729641693811,0.33203125
12439,0,CF1,L3,0.3,lama,5,5,0.8757748603820801,1,False,0.009771986970684038,0.22149837133550487,0.265625
16632,0,CF1,L3,0.3,lama,9,0,0.8787639737129211,0,False,0.013029315960912053,0.2280130293159609,0.2734375
5798,0,CF1,L3,0.3,lama,4,9,0.42726263403892517,0,False,0.019543973941368076,0.24104234527687296,0.2890625
18458,0,CF1,L3,0.3,lama,3,3,0.970146894454956,1,False,0.009771986970684038,0.23127035830618892,0.27734375
6105,0,CF1,L3,0.3,lama,5,5,0.8841645121574402,1,False,0.019543973941368076,0.28664495114006516,0.34375
10321,0,CF1,L3,0.3,lama,6,6,0.8791863322257996,1,False,0.009771986970684038,0.26058631921824105,0.3125
21771,0,CF1,L3,0.3,lama,7,7,0.9873006939888,1,False,0.006514657980456026,0.247557003257329,0.296875
22194,0,CF1,L3,0.3,lama,0,0,0.9838851690292358,1,False,0.009771986970684038,0.2964169381107492,0.35546875
6,0,CF1,L3,0.3,lama,9,9,0.7068189382553101,1,False,0.013029315960912053,0.28013029315960913,0.3359375
912,0,CF1,L3,0.3,lama,7,7,0.9801043272018433,1,False,0.006514657980456026,0.23127035830618892,0.27734375
16910,0,CF1,L3,0.3,lama,5,5,0.8744420409202576,1,False,0.016286644951140065,0.19218241042345277,0.23046875
18738,0,CF1,L3,0.3,lama,7,7,0.9947592616081238,1,False,0.016286644951140065,0.26058631921824105,0.3125
18020,0,CF1,L3,0.3,lama,9,9,0.912408173084259,1,False,0.02280130293159609,0.24429967426710097,0.29296875
3462,0,CF1,L3,0.3,lama,8,8,0.47600847482681274,1,False,0.006514657980456026,0.24429967426710097,0.29296875
5696,0,CF1,L3,0.3,lama,1,0,0.39893147349357605,0,False,0.009771986970684038,0.2996742671009772,0.359375
15066,0,CF1,L3,0.3,lama,3,3,0.9650424122810364,1,False,0.019543973941368076,0.23778501628664495,0.28515625
10653,0,CF1,L3,0.3,lama,9,9,0.7299008965492249,1,False,0.016286644951140065,0.26384364820846906,0.31640625
13337,0,CF1,L3,0.3,lama,2,2,0.9999934434890747,1,False,0.006514657980456026,0.2671009771986971,0.3203125
12340,0,CF1,L3,0.3,lama,5,5,0.9951494336128235,1,False,0.006514657980456026,0.254071661237785,0.3046875
9536,0,CF1,L3,0.3,lama,0,0,0.999337375164032,1,False,0.006514657980456026,0.24429967426710097,0.29296875
3566,0,CF1,L3,0.3,lama,4,4,0.7616479992866516,1,False,0.003257328990228013,0.23127035830618892,0.27734375
20090,0,CF1,L3,0.3,lama,4,4,0.9228073954582214,1,False,0.0,0.2280130293159609,0.2734375
211,0,CF1,L3,0.3,lama,0,0,0.9650329947471619,1,False,0.016286644951140065,0.2280130293159609,0.2734375
55,0,CF1,L3,0.3,lama,8,6,0.7255130410194397,0,False,0.006514657980456026,0.23778501628664495,0.28515625
1477,0,CF1,L3,0.3,lama,2,5,0.375066339969635,0,False,0.006514657980456026,0.2703583061889251,0.32421875
25898,0,CF1,L3,0.3,lama,0,6,0.8510934114456177,0,False,0.0,0.250814332247557,0.30078125
25713,0,CF1,L3,0.3,lama,0,0,0.6632294058799744,1,False,0.013029315960912053,0.26058631921824105,0.3125
18055,0,CF1,L3,0.3,lama,3,3,0.9957006573677063,1,False,0.013029315960912053,0.23452768729641693,0.28125
17461,0,CF1,L3,0.3,lama,3,3,0.9543125629425049,1,False,0.02280130293159609,0.2964169381107492,0.35546875
14237,0,CF1,L3,0.3,lama,7,7,0.737662136554718,1,False,0.009771986970684038,0.2768729641693811,0.33203125
13858,0,CF1,L3,0.3,lama,1,1,0.9968757629394531,1,False,0.006514657980456026,0.23127035830618892,0.27734375
12386,0,CF1,L3,0.3,lama,5,5,0.6333912014961243,1,False,0.013029315960912053,0.2736156351791531,0.328125
7223,0,CF1,L3,0.3,lama,9,9,0.9850968718528748,1,False,0.019543973941368076,0.25732899022801303,0.30859375
3153,0,CF1,L3,0.3,lama,5,5,0.60491544008255,1,False,0.009771986970684038,0.2768729641693811,0.33203125
23265,0,CF1,L3,0.3,lama,8,8,0.7308675646781921,1,False,0.009771986970684038,0.22149837133550487,0.265625
9465,0,CF1,L3,0.3,lama,0,0,0.5917911529541016,1,False,0.016286644951140065,0.23452768729641693,0.28125
7419,0,CF1,L3,0.3,lama,0,0,0.9978871941566467,1,False,0.006514657980456026,0.250814332247557,0.30078125
4722,0,CF1,L3,0.3,lama,6,6,0.7679187655448914,1,False,0.019543973941368076,0.247557003257329,0.296875
23448,0,CF1,L3,0.3,lama,6,0,0.8743828535079956,0,False,0.003257328990228013,0.28013029315960913,0.3359375
8222,0,CF1,L3,0.3,lama,2,2,0.9621853232383728,1,False,0.0,0.24104234527687296,0.2890625
20898,0,CF1,L3,0.3,lama,8,8,0.9654873609542847,1,False,0.009771986970684038,0.24429967426710097,0.29296875
23313,0,CF1,L3,0.3,lama,2,2,0.999247670173645,1,False,0.013029315960912053,0.20521172638436483,0.24609375
13426,0,CF1,L3,0.3,lama,2,2,0.9890965819358826,1,False,0.013029315960912053,0.26058631921824105,0.3125
25136,0,CF1,L3,0.3,lama,4,4,0.9998449087142944,1,False,0.009771986970684038,0.20846905537459284,0.25
9268,0,CF1,L3,0.3,lama,4,4,0.9985979199409485,1,False,0.009771986970684038,0.26058631921824105,0.3125
3892,0,CF1,L3,0.3,lama,1,1,0.9994840621948242,1,False,0.013029315960912053,0.20846905537459284,0.25
4115,0,CF1,L3,0.3,lama,3,9,0.358600914478302,0,False,0.006514657980456026,0.247557003257329,0.296875
5166,0,CF1,L3,0.3,lama,7,7,0.989993155002594,1,False,0.006514657980456026,0.2671009771986971,0.3203125
14984,0,CF1,L3,0.3,lama,3,9,0.2583131790161133,0,False,0.006514657980456026,0.2736156351791531,0.328125
10520,0,CF1,L3,0.3,lama,1,1,0.8519132137298584,1,False,0.006514657980456026,0.2280130293159609,0.2734375
4379,0,CF1,L3,0.3,lama,2,2,0.9999467134475708,1,False,0.016286644951140065,0.24429967426710097,0.29296875
8937,0,CF1,L3,0.3,lama,1,1,0.9845877885818481,1,False,0.009771986970684038,0.25732899022801303,0.30859375
17550,0,CF1,L3,0.3,lama,9,9,0.9987826943397522,1,False,0.0,0.2736156351791531,0.328125
19085,0,CF1,L3,0.3,lama,9,9,0.9739775061607361,1,False,0.0,0.23452768729641693,0.28125
17902,0,CF1,L3,0.3,lama,6,6,0.4790602922439575,1,False,0.003257328990228013,0.254071661237785,0.3046875
14780,0,CF1,L3,0.3,lama,8,3,0.6344703435897827,0,False,0.009771986970684038,0.24429967426710097,0.29296875
8401,0,CF1,L3,0.3,lama,0,0,0.9944453835487366,1,False,0.009771986970684038,0.254071661237785,0.3046875
11230,0,CF1,L3,0.3,lama,2,2,0.9793577194213867,1,False,0.003257328990228013,0.254071661237785,0.3046875
1772,0,CF1,L3,0.3,lama,3,3,0.9855560660362244,1,False,0.006514657980456026,0.250814332247557,0.30078125
13326,0,CF1,L3,0.3,lama,4,4,0.9995231628417969,1,False,0.006514657980456026,0.2280130293159609,0.2734375
15230,0,CF1,L3,0.3,lama,5,2,0.8428919315338135,0,False,0.003257328990228013,0.2931596091205212,0.3515625
20557,0,CF1,L3,0.3,lama,0,0,0.9944633841514587,1,False,0.006514657980456026,0.28338762214983715,0.33984375
9555,0,CF1,L3,0.3,lama,1,1,0.9983670115470886,1,False,0.006514657980456026,0.25732899022801303,0.30859375
3667,0,CF1,L3,0.3,lama,6,6,0.9530778527259827,1,False,0.003257328990228013,0.247557003257329,0.296875
5316,0,CF1,L3,0.3,lama,5,5,0.8950667977333069,1,False,0.0,0.21172638436482086,0.25390625
3606,0,CF1,L3,0.3,lama,5,5,0.40411141514778137,1,False,0.003257328990228013,0.28664495114006516,0.34375
25776,0,CF1,L3,0.3,lama,6,6,0.9680109024047852,1,False,0.013029315960912053,0.247557003257329,0.296875
22231,0,CF1,L3,0.3,lama,1,1,0.9997237324714661,1,False,0.003257328990228013,0.28013029315960913,0.3359375
10855,0,CF1,L3,0.3,lama,7,7,0.999051034450531,1,False,0.013029315960912053,0.20846905537459284,0.25
130,0,CF1,L3,0.3,lama,6,6,0.9981056451797485,1,False,0.009771986970684038,0.22149837133550487,0.265625
434,0,CF1,L3,0.3,lama,8,8,0.3769378960132599,1,False,0.013029315960912053,0.2182410423452769,0.26171875
5308,0,CF1,L3,0.3,lama,5,9,0.2902698218822479,0,False,0.013029315960912053,0.2736156351791531,0.328125
17682,0,CF1,L3,0.3,lama,4,4,0.487422913312912,1,False,0.006514657980456026,0.26058631921824105,0.3125
16682,0,CF1,L3,0.3,lama,8,8,0.9087806344032288,1,False,0.02280130293159609,0.2182410423452769,0.26171875
12660,0,CF1,L3,0.3,lama,5,5,0.9345037937164307,1,False,0.006514657980456026,0.2703583061889251,0.32421875
21362,0,CF1,L3,0.3,lama,5,5,0.9938201308250427,1,False,0.003257328990228013,0.24429967426710097,0.29296875
15483,0,CF1,L3,0.3,lama,4,4,0.6260373592376709,1,False,0.006514657980456026,0.26384364820846906,0.31640625
5289,0,CF1,L3,0.3,lama,5,5,0.36385059356689453,1,False,0.009771986970684038,0.24429967426710097,0.29296875
19757,0,CF1,L3,0.3,lama,1,1,0.9980146884918213,1,False,0.006514657980456026,0.23127035830618892,0.27734375
6799,0,CF1,L3,0.3,lama,2,2,0.9949421286582947,1,False,0.016286644951140065,0.24429967426710097,0.29296875
18871,0,CF1,L3,0.3,lama,2,2,0.9990679621696472,1,False,0.009771986970684038,0.25732899022801303,0.30859375
4740,0,CF1,L3,0.3,lama,3,3,0.9262040853500366,1,False,0.026058631921824105,0.2671009771986971,0.3203125
14926,0,CF1,L3,0.3,lama,5,5,0.9408293962478638,1,False,0.003257328990228013,0.2182410423452769,0.26171875
3549,0,CF1,L3,0.3,lama,4,4,0.5393893718719482,1,False,0.019543973941368076,0.2736156351791531,0.328125
13336,0,CF1,L3,0.3,lama,9,9,0.679785430431366,1,False,0.003257328990228013,0.23778501628664495,0.28515625
8302,0,CF1,L3,0.3,lama,3,2,0.5072818994522095,0,False,0.019543973941368076,0.25732899022801303,0.30859375
19884,0,CF1,L3,0.3,lama,8,8,0.692396342754364,1,False,0.02280130293159609,0.26058631921824105,0.3125
6927,0,CF1,L3,0.3,lama,1,1,0.9763554930686951,1,False,0.009771986970684038,0.25732899022801303,0.30859375
15277,0,CF1,L3,0.3,lama,6,6,0.9812936186790466,1,False,0.013029315960912053,0.1986970684039088,0.23828125
20278,0,CF1,L3,0.3,lama,3,3,0.9582024216651917,1,False,0.016286644951140065,0.250814332247557,0.30078125
654,0,CF1,L3,0.3,lama,8,8,0.9746947288513184,1,False,0.003257328990228013,0.254071661237785,0.3046875
19020,0,CF1,L3,0.3,lama,0,0,0.9658752083778381,1,False,0.009771986970684038,0.247557003257329,0.296875
25403,0,CF1,L3,0.3,lama,3,3,0.8902390599250793,1,False,0.003257328990228013,0.2671009771986971,0.3203125
1745,0,CF1,L3,0.3,lama,8,8,0.8764489889144897,1,False,0.013029315960912053,0.247557003257329,0.296875
10726,0,CF1,L3,0.3,lama,4,4,0.9598847031593323,1,False,0.016286644951140065,0.2899022801302932,0.34765625
23431,0,CF1,L3,0.3,lama,4,4,0.999439537525177,1,False,0.016286644951140065,0.28013029315960913,0.3359375
231,0,CF1,L3,0.3,lama,5,5,0.9935663342475891,1,False,0.016286644951140065,0.2703583061889251,0.32421875
20678,0,CF1,L3,0.3,lama,7,7,0.9597302675247192,1,False,0.016286644951140065,0.2768729641693811,0.33203125
15851,0,CF1,L3,0.3,lama,1,1,0.9988491535186768,1,False,0.009771986970684038,0.254071661237785,0.3046875
24015,0,CF1,L3,0.3,lama,0,0,0.9999450445175171,1,False,0.009771986970684038,0.254071661237785,0.3046875
1082,0,CF1,L3,0.3,lama,6,6,0.5628411173820496,1,False,0.019543973941368076,0.2671009771986971,0.3203125
5573,0,CF1,L3,0.3,lama,8,8,0.28515109419822693,1,False,0.019543973941368076,0.26384364820846906,0.31640625
11289,0,CF1,L3,0.3,lama,1,1,0.9997615218162537,1,False,0.006514657980456026,0.2736156351791531,0.328125
1751,0,CF1,L3,0.3,lama,0,0,0.5079692006111145,1,False,0.0,0.25732899022801303,0.30859375
4594,0,CF1,L3,0.3,lama,6,6,0.9914041757583618,1,False,0.009771986970684038,0.2280130293159609,0.2734375
21127,0,CF1,L3,0.3,lama,8,8,0.9441632032394409,1,False,0.009771986970684038,0.26058631921824105,0.3125
12370,0,CF1,L3,0.3,lama,4,4,0.9458301067352295,1,False,0.006514657980456026,0.26058631921824105,0.3125
4125,0,CF1,L3,0.3,lama,6,6,0.9972680807113647,1,False,0.003257328990228013,0.24429967426710097,0.29296875
11008,0,CF1,L3,0.3,lama,1,1,0.9906002283096313,1,False,0.013029315960912053,0.250814332247557,0.30078125
23395,0,CF1,L3,0.3,lama,7,7,0.9821552634239197,1,False,0.009771986970684038,0.23127035830618892,0.27734375
3080,0,CF1,L3,0.3,lama,3,3,0.9931081533432007,1,False,0.0,0.26384364820846906,0.31640625
22400,0,CF1,L3,0.3,lama,0,0,0.9999839067459106,1,False,0.026058631921824105,0.24429967426710097,0.29296875
22514,0,CF1,L3,0.3,lama,1,1,0.9601136445999146,1,False,0.006514657980456026,0.21172638436482086,0.25390625
15137,0,CF1,L3,0.3,lama,0,0,0.9941792488098145,1,False,0.009771986970684038,0.25732899022801303,0.30859375
6681,0,CF1,L3,0.3,lama,0,0,0.9929452538490295,1,False,0.016286644951140065,0.2703583061889251,0.32421875
5219,0,CF1,L3,0.3,lama,5,5,0.27368810772895813,1,False,0.016286644951140065,0.25732899022801303,0.30859375
2355,0,CF1,L3,0.3,lama,2,2,0.8152191042900085,1,False,0.019543973941368076,0.23452768729641693,0.28125
4674,0,CF1,L3,0.3,lama,5,3,0.5221470594406128,0,False,0.006514657980456026,0.23452768729641693,0.28125
14575,0,CF1,L3,0.3,lama,1,1,0.9999990463256836,1,False,0.009771986970684038,0.2899022801302932,0.34765625
6563,0,CF1,L3,0.3,lama,5,5,0.9239457845687866,1,False,0.019543973941368076,0.21498371335504887,0.2578125
17492,0,CF1,L3,0.3,lama,9,9,0.6075007319450378,1,False,0.006514657980456026,0.250814332247557,0.30078125
15770,0,CF1,L3,0.3,lama,7,7,0.9865135550498962,1,False,0.003257328990228013,0.2182410423452769,0.26171875
20830,0,CF1,L3,0.3,lama,1,1,0.9988634586334229,1,False,0.013029315960912053,0.24429967426710097,0.29296875
1777,0,CF1,L3,0.3,lama,2,2,0.9985780715942383,1,False,0.009771986970684038,0.247557003257329,0.296875
21617,0,CF1,L3,0.3,lama,7,7,0.9981573224067688,1,False,0.013029315960912053,0.26384364820846906,0.31640625
21293,0,CF1,L3,0.3,lama,4,4,0.3090209662914276,1,False,0.006514657980456026,0.28013029315960913,0.3359375
14504,0,CF1,L3,0.3,lama,0,3,0.47034963965415955,0,False,0.006514657980456026,0.28013029315960913,0.3359375
21236,0,CF1,L3,0.3,lama,7,7,0.9929320812225342,1,False,0.0,0.247557003257329,0.296875
18558,0,CF1,L3,0.3,lama,4,4,0.9847124814987183,1,False,0.016286644951140065,0.247557003257329,0.296875
22916,0,CF1,L3,0.3,lama,8,8,0.6174555420875549,1,False,0.02280130293159609,0.20195439739413681,0.2421875
18760,0,CF1,L3,0.3,lama,6,2,0.9275143146514893,0,False,0.013029315960912053,0.28338762214983715,0.33984375
17389,0,CF1,L3,0.3,lama,8,8,0.756960928440094,1,False,0.006514657980456026,0.2736156351791531,0.328125
13155,0,CF1,L3,0.3,lama,8,8,0.46078240871429443,1,False,0.006514657980456026,0.2280130293159609,0.2734375
13999,0,CF1,L3,0.3,lama,5,5,0.9242261052131653,1,False,0.003257328990228013,0.25732899022801303,0.30859375
10265,0,CF1,L3,0.3,lama,8,8,0.9716667532920837,1,False,0.006514657980456026,0.254071661237785,0.3046875
17239,0,CF1,L3,0.3,lama,2,2,0.9998526573181152,1,False,0.006514657980456026,0.254071661237785,0.3046875
6288,0,CF1,L3,0.3,lama,3,3,0.5684017539024353,1,False,0.0,0.24104234527687296,0.2890625
11514,0,CF1,L3,0.3,lama,6,6,0.6236564517021179,1,False,0.0,0.25732899022801303,0.30859375
23652,0,CF1,L3,0.3,lama,1,1,0.9991717338562012,1,False,0.006514657980456026,0.28013029315960913,0.3359375
11939,0,CF1,L3,0.3,lama,6,6,0.9949923157691956,1,False,0.016286644951140065,0.2247557003257329,0.26953125
2174,0,CF1,L3,0.3,lama,7,7,0.8908047080039978,1,False,0.013029315960912053,0.24429967426710097,0.29296875
15441,0,CF1,L3,0.3,lama,4,4,0.9676501154899597,1,False,0.006514657980456026,0.247557003257329,0.296875
12260,0,CF1,L3,0.3,lama,1,1,0.9074236154556274,1,False,0.026058631921824105,0.24104234527687296,0.2890625
25046,0,CF1,L3,0.3,lama,6,6,0.8881579041481018,1,False,0.006514657980456026,0.2736156351791531,0.328125
13958,0,CF1,L3,0.3,lama,9,9,0.5369474291801453,1,False,0.019543973941368076,0.26384364820846906,0.31640625
20974,0,CF1,L3,0.3,lama,8,8,0.7768614888191223,1,False,0.02280130293159609,0.21172638436482086,0.25390625
10626,0,CF1,L3,0.3,lama,6,6,0.9111225605010986,1,False,0.009771986970684038,0.24429967426710097,0.29296875
22545,0,CF1,L3,0.3,lama,5,5,0.6977235078811646,1,False,0.009771986970684038,0.28664495114006516,0.34375
20288,0,CF1,L3,0.3,lama,5,5,0.549879252910614,1,False,0.006514657980456026,0.250814332247557,0.30078125
13790,0,CF1,L3,0.3,lama,7,7,0.998367965221405,1,False,0.006514657980456026,0.24104234527687296,0.2890625
2817,0,CF1,L3,0.3,lama,4,4,0.8258810043334961,1,False,0.006514657980456026,0.25732899022801303,0.30859375
8344,0,CF1,L3,0.3,lama,4,4,0.9965255856513977,1,False,0.013029315960912053,0.2671009771986971,0.3203125
11708,0,CF1,L3,0.3,lama,1,1,0.9998164772987366,1,False,0.02280130293159609,0.28338762214983715,0.33984375
2379,0,CF1,L3,0.3,lama,1,1,0.959129273891449,1,False,0.016286644951140065,0.2182410423452769,0.26171875
23602,0,CF1,L3,0.3,lama,2,2,0.981365442276001,1,False,0.013029315960912053,0.250814332247557,0.30078125
24357,0,CF1,L3,0.3,lama,8,6,0.4789547026157379,0,False,0.013029315960912053,0.254071661237785,0.3046875
16783,0,CF1,L3,0.3,lama,4,4,0.9935785531997681,1,False,0.016286644951140065,0.24429967426710097,0.29296875
11723,0,CF1,L3,0.3,lama,9,9,0.9936356544494629,1,False,0.013029315960912053,0.24104234527687296,0.2890625
5140,0,CF1,L3,0.3,lama,5,5,0.9791183471679688,1,False,0.0,0.2703583061889251,0.32421875
14563,0,CF1,L3,0.3,lama,1,1,0.999756395816803,1,False,0.009771986970684038,0.2736156351791531,0.328125
11905,0,CF1,L3,0.3,lama,7,1,0.4885447323322296,0,False,0.003257328990228013,0.28013029315960913,0.3359375
4657,0,CF1,L3,0.3,lama,5,5,0.9493821859359741,1,False,0.006514657980456026,0.26384364820846906,0.31640625
9888,0,CF1,L3,0.3,lama,7,7,0.9845886826515198,1,False,0.013029315960912053,0.24104234527687296,0.2890625
22827,0,CF1,L3,0.3,lama,6,6,0.7028864622116089,1,False,0.019543973941368076,0.23127035830618892,0.27734375
23911,0,CF1,L3,0.3,lama,7,7,0.9968320727348328,1,False,0.009771986970684038,0.22149837133550487,0.265625
968,0,CF1,L3,0.3,lama,3,3,0.8074133992195129,1,False,0.0,0.24104234527687296,0.2890625
18416,0,CF1,L3,0.3,lama,2,2,0.9656351804733276,1,False,0.006514657980456026,0.23778501628664495,0.28515625
15166,0,CF1,L3,0.3,lama,7,7,0.9850192070007324,1,False,0.0,0.26384364820846906,0.31640625
15537,0,CF1,L3,0.3,lama,6,5,0.3655332922935486,0,False,0.009771986970684038,0.2182410423452769,0.26171875
112,0,CF1,L3,0.3,lama,6,6,0.9350391030311584,1,False,0.013029315960912053,0.254071661237785,0.3046875
9754,0,CF1,L3,0.3,lama,8,8,0.9831013083457947,1,False,0.006514657980456026,0.23778501628664495,0.28515625
3827,0,CF1,L3,0.3,lama,1,1,0.9948657155036926,1,False,0.016286644951140065,0.254071661237785,0.3046875
16427,0,CF1,L3,0.3,lama,8,8,0.9456773400306702,1,False,0.006514657980456026,0.2736156351791531,0.328125
4853,0,CF1,L3,0.3,lama,8,1,0.6002764701843262,0,False,0.016286644951140065,0.2247557003257329,0.26953125
5025,0,CF1,L3,0.3,lama,8,1,0.31705743074417114,0,False,0.003257328990228013,0.2280130293159609,0.2734375
5497,0,CF1,L3,0.3,lama,5,5,0.66254061460495,1,False,0.02280130293159609,0.250814332247557,0.30078125
415,0,CF1,L3,0.3,lama,5,5,0.8685908317565918,1,False,0.009771986970684038,0.24429967426710097,0.29296875
6055,0,CF1,L3,0.3,lama,2,2,0.9999725818634033,1,False,0.006514657980456026,0.26058631921824105,0.3125
4242,0,CF1,L3,0.3,lama,6,5,0.7174279093742371,0,False,0.006514657980456026,0.250814332247557,0.30078125
16007,0,CF1,L3,0.3,lama,3,3,0.9954614043235779,1,False,0.006514657980456026,0.26058631921824105,0.3125
16184,0,CF1,L3,0.3,lama,6,6,0.9036843180656433,1,False,0.009771986970684038,0.26058631921824105,0.3125
15180,0,CF1,L3,0.3,lama,2,2,0.714436411857605,1,False,0.016286644951140065,0.2182410423452769,0.26171875
16402,0,CF1,L3,0.3,lama,3,3,0.9990031123161316,1,False,0.016286644951140065,0.2280130293159609,0.2734375
12883,0,CF1,L3,0.3,lama,7,7,0.9701419472694397,1,False,0.016286644951140065,0.2899022801302932,0.34765625
12596,0,CF1,L3,0.3,lama,2,2,0.9999364614486694,1,False,0.013029315960912053,0.24104234527687296,0.2890625
13383,0,CF1,L3,0.3,lama,0,0,0.9997001886367798,1,False,0.006514657980456026,0.21498371335504887,0.2578125
17140,0,CF1,L3,0.3,lama,0,0,0.9884632229804993,1,False,0.013029315960912053,0.23778501628664495,0.28515625
11249,0,CF1,L3,0.3,lama,7,7,0.9730861783027649,1,False,0.009771986970684038,0.24104234527687296,0.2890625
2927,0,CF1,L3,0.3,lama,3,3,0.9818930625915527,1,False,0.013029315960912053,0.24429967426710097,0.29296875
13380,0,CF1,L3,0.3,lama,3,3,0.9281007647514343,1,False,0.009771986970684038,0.2768729641693811,0.33203125
24593,0,CF1,L3,0.3,lama,5,5,0.9745258092880249,1,False,0.009771986970684038,0.247557003257329,0.296875
14507,0,CF1,L3,0.3,lama,8,3,0.35533061623573303,0,False,0.016286644951140065,0.23452768729641693,0.28125
9355,0,CF1,L3,0.3,lama,8,8,0.7288398146629333,1,False,0.009771986970684038,0.24104234527687296,0.2890625
3943,0,CF1,L3,0.3,lama,3,3,0.8220083713531494,1,False,0.009771986970684038,0.25732899022801303,0.30859375
4913,0,CF1,L3,0.3,lama,4,4,0.984100878238678,1,False,0.013029315960912053,0.26058631921824105,0.3125
23440,0,CF1,L3,0.3,lama,4,4,0.3568679094314575,1,False,0.02280130293159609,0.20521172638436483,0.24609375
19289,0,CF1,L3,0.3,lama,7,7,0.9787061810493469,1,False,0.019543973941368076,0.23778501628664495,0.28515625
17841,0,CF1,L3,0.3,lama,6,6,0.9703084826469421,1,False,0.0,0.250814332247557,0.30078125
18139,0,CF1,L3,0.3,lama,0,0,0.8967872262001038,1,False,0.016286644951140065,0.2247557003257329,0.26953125
18549,0,CF1,L3,0.3,lama,7,7,0.9997721314430237,1,False,0.016286644951140065,0.28013029315960913,0.3359375
7215,0,CF1,L3,0.3,lama,7,7,0.9999933242797852,1,False,0.016286644951140065,0.25732899022801303,0.30859375
10574,0,CF1,L3,0.3,lama,7,7,0.7558131217956543,1,False,0.009771986970684038,0.24429967426710097,0.29296875
10329,0,CF1,L3,0.3,lama,7,7,0.5363703370094299,1,False,0.003257328990228013,0.23778501628664495,0.28515625
21502,0,CF1,L3,0.3,lama,4,4,0.9633984565734863,1,False,0.013029315960912053,0.20846905537459284,0.25
1209,0,CF1,L3,0.3,lama,8,8,0.7595927119255066,1,False,0.013029315960912053,0.247557003257329,0.296875
22202,0,CF1,L3,0.3,lama,6,6,0.9513698816299438,1,False,0.016286644951140065,0.2703583061889251,0.32421875
12914,0,CF1,L3,0.3,lama,2,2,0.9450560808181763,1,False,0.016286644951140065,0.25732899022801303,0.30859375
23477,0,CF1,L3,0.3,lama,6,6,0.9502144455909729,1,False,0.016286644951140065,0.2703583061889251,0.32421875
13286,0,CF1,L3,0.3,lama,5,5,0.8934443593025208,1,False,0.006514657980456026,0.254071661237785,0.3046875
24957,0,CF1,L3,0.3,lama,2,2,0.9989683628082275,1,False,0.003257328990228013,0.23452768729641693,0.28125
23215,0,CF1,L3,0.3,lama,9,9,0.892402708530426,1,False,0.013029315960912053,0.24429967426710097,0.29296875
8171,0,CF1,L3,0.3,lama,3,3,0.7636505365371704,1,False,0.003257328990228013,0.23778501628664495,0.28515625
13427,0,CF1,L3,0.3,lama,4,4,0.9884666204452515,1,False,0.019543973941368076,0.22149837133550487,0.265625
1985,0,CF1,L3,0.3,lama,9,9,0.929069459438324,1,False,0.013029315960912053,0.22149837133550487,0.265625
19607,0,CF1,L3,0.3,lama,1,1,0.5514723062515259,1,False,0.009771986970684038,0.2280130293159609,0.2734375
15138,0,CF1,L3,0.3,lama,4,4,0.9201319217681885,1,False,0.006514657980456026,0.26058631921824105,0.3125
18496,0,CF1,L3,0.3,lama,3,3,0.9956022500991821,1,False,0.006514657980456026,0.21498371335504887,0.2578125
11341,0,CF1,L3,0.3,lama,5,5,0.6388686895370483,1,False,0.016286644951140065,0.28664495114006516,0.34375
3210,0,CF1,L3,0.3,lama,6,5,0.5186166763305664,0,False,0.003257328990228013,0.30293159609120524,0.36328125
9044,0,CF1,L3,0.3,lama,3,3,0.9765585660934448,1,False,0.009771986970684038,0.21172638436482086,0.25390625
1784,0,CF1,L3,0.3,lama,1,1,0.6873363852500916,1,False,0.009771986970684038,0.2247557003257329,0.26953125
20687,0,CF1,L3,0.3,lama,7,7,0.9961498975753784,1,False,0.006514657980456026,0.250814332247557,0.30078125
21479,0,CF1,L3,0.3,lama,1,1,0.9975222945213318,1,False,0.019543973941368076,0.254071661237785,0.3046875
4465,0,CF1,L3,0.3,lama,7,7,0.9990633130073547,1,False,0.013029315960912053,0.254071661237785,0.3046875
8098,0,CF1,L3,0.3,lama,3,3,0.9999974966049194,1,False,0.003257328990228013,0.24104234527687296,0.2890625
1105,0,CF1,L3,0.3,lama,1,1,0.9877774119377136,1,False,0.009771986970684038,0.247557003257329,0.296875
24036,0,CF1,L3,0.3,lama,0,0,0.998028576374054,1,False,0.013029315960912053,0.21172638436482086,0.25390625
24825,0,CF1,L3,0.3,lama,1,1,0.9999927282333374,1,False,0.006514657980456026,0.254071661237785,0.3046875
20081,0,CF1,L3,0.3,lama,4,4,0.8866100907325745,1,False,0.006514657980456026,0.247557003257329,0.296875
11780,0,CF1,L3,0.3,lama,5,5,0.8045531511306763,1,False,0.013029315960912053,0.254071661237785,0.3046875
18228,0,CF1,L3,0.3,lama,2,2,0.6776053309440613,1,False,0.019543973941368076,0.2703583061889251,0.32421875
4363,0,CF1,L3,0.3,lama,4,4,0.9986741542816162,1,False,0.003257328990228013,0.247557003257329,0.296875
10210,0,CF1,L3,0.3,lama,7,1,0.906524121761322,0,False,0.006514657980456026,0.23778501628664495,0.28515625
7005,0,CF1,L3,0.3,lama,2,2,0.9990414977073669,1,False,0.006514657980456026,0.254071661237785,0.3046875
7071,0,CF1,L3,0.3,lama,3,3,0.6656504273414612,1,False,0.009771986970684038,0.250814332247557,0.30078125
25299,0,CF1,L3,0.3,lama,4,4,0.9892703294754028,1,False,0.006514657980456026,0.23452768729641693,0.28125
3393,0,CF1,L3,0.3,lama,0,0,0.7768725156784058,1,False,0.009771986970684038,0.1986970684039088,0.23828125
10532,0,CF1,L3,0.3,lama,8,9,0.3326348066329956,0,False,0.013029315960912053,0.2182410423452769,0.26171875
14271,0,CF1,L3,0.3,lama,3,3,0.8117223381996155,1,False,0.009771986970684038,0.2703583061889251,0.32421875
12814,0,CF1,L3,0.3,lama,4,4,0.993343710899353,1,False,0.009771986970684038,0.2736156351791531,0.328125
1763,0,CF1,L3,0.3,lama,1,1,0.6932564973831177,1,False,0.006514657980456026,0.23127035830618892,0.27734375
2795,0,CF1,L3,0.3,lama,4,4,0.9618314504623413,1,False,0.003257328990228013,0.25732899022801303,0.30859375
5329,0,CF1,L3,0.3,lama,2,2,0.9613977670669556,1,False,0.003257328990228013,0.2247557003257329,0.26953125
11024,0,CF1,L3,0.3,lama,8,6,0.9376584887504578,0,False,0.013029315960912053,0.247557003257329,0.296875
23383,0,CF1,L3,0.3,lama,6,6,0.923075795173645,1,False,0.016286644951140065,0.26384364820846906,0.31640625
582,0,CF1,L3,0.3,lama,2,2,0.9633404612541199,1,False,0.016286644951140065,0.2671009771986971,0.3203125
20037,0,CF1,L3,0.3,lama,5,5,0.8941705226898193,1,False,0.003257328990228013,0.23127035830618892,0.27734375
4876,0,CF1,L3,0.3,lama,3,3,0.7575361728668213,1,False,0.009771986970684038,0.2182410423452769,0.26171875
16157,0,CF1,L3,0.3,lama,1,1,0.99933260679245,1,False,0.013029315960912053,0.25732899022801303,0.30859375
24155,0,CF1,L3,0.3,lama,7,7,0.9999065399169922,1,False,0.019543973941368076,0.2247557003257329,0.26953125
21035,0,CF1,L3,0.3,lama,1,1,0.999864935874939,1,False,0.013029315960912053,0.247557003257329,0.296875
2530,0,CF1,L3,0.3,lama,2,2,0.7110175490379333,1,False,0.019543973941368076,0.23127035830618892,0.27734375
20951,0,CF1,L3,0.3,lama,4,4,0.9957796335220337,1,False,0.013029315960912053,0.26058631921824105,0.3125
9752,0,CF1,L3,0.3,lama,9,9,0.6681610345840454,1,False,0.009771986970684038,0.2280130293159609,0.2734375
20362,0,CF1,L3,0.3,lama,9,8,0.49035516381263733,0,False,0.009771986970684038,0.23452768729641693,0.28125
5669,0,CF1,L3,0.3,lama,2,2,0.954220175743103,1,False,0.009771986970684038,0.26058631921824105,0.3125
9395,0,CF1,L3,0.3,lama,6,6,0.8159893751144409,1,False,0.013029315960912053,0.22149837133550487,0.265625
22115,0,CF1,L3,0.3,lama,2,2,0.36600565910339355,1,False,0.009771986970684038,0.28013029315960913,0.3359375
3784,0,CF1,L3,0.3,lama,5,5,0.7339988946914673,1,False,0.016286644951140065,0.26058631921824105,0.3125
15518,0,CF1,L3,0.3,lama,1,1,0.8372156023979187,1,False,0.013029315960912053,0.254071661237785,0.3046875
22913,0,CF1,L3,0.3,lama,1,1,0.624215841293335,1,False,0.009771986970684038,0.23452768729641693,0.28125
22485,0,CF1,L3,0.3,lama,8,8,0.9938015341758728,1,False,0.013029315960912053,0.247557003257329,0.296875
14166,0,CF1,L3,0.3,lama,9,9,0.46077221632003784,1,False,0.006514657980456026,0.2280130293159609,0.2734375
4606,0,CF1,L3,0.3,lama,8,8,0.7703686356544495,1,False,0.006514657980456026,0.23127035830618892,0.27734375
12043,0,CF1,L3,0.3,lama,8,8,0.22228166460990906,1,False,0.013029315960912053,0.28664495114006516,0.34375
20255,0,CF1,L3,0.3,lama,9,9,0.9592912793159485,1,False,0.006514657980456026,0.2182410423452769,0.26171875
21390,0,CF1,L3,0.3,lama,8,8,0.41488733887672424,1,False,0.02280130293159609,0.24104234527687296,0.2890625
13388,0,CF1,L3,0.3,lama,6,6,0.9192635416984558,1,False,0.009771986970684038,0.247557003257329,0.296875
9382,0,CF1,L3,0.3,lama,0,0,0.9989596605300903,1,False,0.009771986970684038,0.2703583061889251,0.32421875
11878,0,CF1,L3,0.3,lama,4,4,0.9950272440910339,1,False,0.013029315960912053,0.20846905537459284,0.25
10774,0,CF1,L3,0.3,lama,1,1,0.9999986886978149,1,False,0.006514657980456026,0.254071661237785,0.3046875
2211,0,CF1,L3,0.3,lama,4,4,0.9989413619041443,1,False,0.009771986970684038,0.2247557003257329,0.26953125
22804,0,CF1,L3,0.3,lama,1,1,0.9887474775314331,1,False,0.006514657980456026,0.2671009771986971,0.3203125
17903,0,CF1,L3,0.3,lama,3,0,0.5884897112846375,0,False,0.0,0.26384364820846906,0.31640625
16889,0,CF1,L3,0.3,lama,1,1,0.6020013093948364,1,False,0.009771986970684038,0.2736156351791531,0.328125
3013,0,CF1,L3,0.3,lama,8,8,0.835077166557312,1,False,0.006514657980456026,0.247557003257329,0.296875
19919,0,CF1,L3,0.3,lama,8,8,0.5717734098434448,1,False,0.016286644951140065,0.24104234527687296,0.2890625
7911,0,CF1,L3,0.3,lama,0,0,0.8157520294189453,1,False,0.016286644951140065,0.23127035830618892,0.27734375
6473,0,CF1,L3,0.3,lama,5,5,0.9972476363182068,1,False,0.0,0.254071661237785,0.3046875
14963,0,CF1,L3,0.3,lama,2,2,0.9268945455551147,1,False,0.016286644951140065,0.2671009771986971,0.3203125
3189,0,CF1,L3,0.3,lama,3,3,0.9510137438774109,1,False,0.006514657980456026,0.247557003257329,0.296875
21433,0,CF1,L3,0.3,lama,6,6,0.6434298753738403,1,False,0.006514657980456026,0.2768729641693811,0.33203125
21534,0,CF1,L3,0.3,lama,9,9,0.9993484616279602,1,False,0.006514657980456026,0.2768729641693811,0.33203125
4378,0,CF1,L3,0.3,lama,4,4,0.835367739200592,1,False,0.006514657980456026,0.2703583061889251,0.32421875
4179,0,CF1,L3,0.3,lama,3,3,0.9999860525131226,1,False,0.013029315960912053,0.24429967426710097,0.29296875
20275,0,CF1,L3,0.3,lama,7,7,0.8539504408836365,1,False,0.009771986970684038,0.30293159609120524,0.36328125
724,0,CF1,L3,0.3,lama,4,4,0.951262891292572,1,False,0.013029315960912053,0.2671009771986971,0.3203125
15532,0,CF1,L3,0.3,lama,5,5,0.9912523627281189,1,False,0.009771986970684038,0.23778501628664495,0.28515625
7808,0,CF1,L3,0.3,lama,4,7,0.4605913758277893,0,False,0.013029315960912053,0.247557003257329,0.296875
3185,0,CF1,L3,0.3,lama,7,7,0.997708797454834,1,False,0.009771986970684038,0.28013029315960913,0.3359375
8217,0,CF1,L3,0.3,lama,5,5,0.910147488117218,1,False,0.009771986970684038,0.28664495114006516,0.34375
15284,0,CF1,L3,0.3,lama,2,2,0.9952096343040466,1,False,0.009771986970684038,0.2280130293159609,0.2734375
2195,0,CF1,L3,0.3,lama,1,1,0.855370819568634,1,False,0.013029315960912053,0.2996742671009772,0.359375
21296,0,CF1,L3,0.3,lama,0,0,0.93890780210495,1,False,0.013029315960912053,0.25732899022801303,0.30859375
14286,0,CF1,L3,0.3,lama,3,3,0.9345455765724182,1,False,0.019543973941368076,0.23127035830618892,0.27734375
4261,0,CF1,L3,0.3,lama,0,0,0.9997794032096863,1,False,0.013029315960912053,0.254071661237785,0.3046875
24480,0,CF1,L3,0.3,lama,2,2,0.9996999502182007,1,False,0.003257328990228013,0.2703583061889251,0.32421875
23581,0,CF1,L3,0.3,lama,7,7,0.9804117679595947,1,False,0.016286644951140065,0.25732899022801303,0.30859375
24364,0,CF1,L3,0.3,lama,7,7,0.9970095157623291,1,False,0.016286644951140065,0.247557003257329,0.296875
4259,0,CF1,L3,0.3,lama,4,4,0.7700316309928894,1,False,0.009771986970684038,0.2247557003257329,0.26953125
4323,0,CF1,L3,0.3,lama,8,8,0.7447428107261658,1,False,0.016286644951140065,0.24429967426710097,0.29296875
26017,0,CF1,L3,0.3,lama,2,2,0.999940037727356,1,False,0.009771986970684038,0.2768729641693811,0.33203125
4055,0,CF1,L3,0.3,lama,9,9,0.4431385397911072,1,False,0.019543973941368076,0.254071661237785,0.3046875
23968,0,CF1,L3,0.3,lama,6,6,0.9718285202980042,1,False,0.013029315960912053,0.2280130293159609,0.2734375
4914,0,CF1,L3,0.3,lama,2,2,0.9981749057769775,1,False,0.006514657980456026,0.247557003257329,0.296875
17310,0,CF1,L3,0.3,lama,7,7,0.5913794636726379,1,False,0.009771986970684038,0.24429967426710097,0.29296875
14981,0,CF1,L3,0.3,lama,2,2,0.5403106212615967,1,False,0.009771986970684038,0.2247557003257329,0.26953125
7511,0,CF1,L3,0.3,lama,6,6,0.8397067189216614,1,False,0.003257328990228013,0.23778501628664495,0.28515625
4136,0,CF1,L3,0.3,lama,9,9,0.9802045226097107,1,False,0.019543973941368076,0.24104234527687296,0.2890625
8043,0,CF1,L3,0.3,lama,2,2,0.9636586308479309,1,False,0.013029315960912053,0.24429967426710097,0.29296875
14360,0,CF1,L3,0.3,lama,4,4,0.9859245419502258,1,False,0.003257328990228013,0.24429967426710097,0.29296875
6364,0,CF1,L3,0.3,lama,0,0,0.9970349073410034,1,False,0.003257328990228013,0.22149837133550487,0.265625
8827,0,CF1,L3,0.3,lama,4,4,0.9385157823562622,1,False,0.013029315960912053,0.23778501628664495,0.28515625
24886,0,CF1,L3,0.3,lama,9,2,0.9971016049385071,0,False,0.016286644951140065,0.22149837133550487,0.265625
21392,0,CF1,L3,0.3,lama,2,2,0.9966492056846619,1,False,0.009771986970684038,0.2247557003257329,0.26953125
18654,0,CF1,L3,0.3,lama,6,6,0.9424898028373718,1,False,0.003257328990228013,0.2280130293159609,0.2734375
21766,0,CF1,L3,0.3,lama,1,1,0.48351165652275085,1,False,0.009771986970684038,0.23127035830618892,0.27734375
25433,0,CF1,L3,0.3,lama,8,1,0.5626208186149597,0,False,0.003257328990228013,0.2703583061889251,0.32421875
10927,0,CF1,L3,0.3,lama,8,1,0.7990051507949829,0,False,0.009771986970684038,0.2182410423452769,0.26171875
14092,0,CF1,L3,0.3,lama,6,6,0.9977883100509644,1,False,0.003257328990228013,0.2996742671009772,0.359375
20936,0,CF1,L3,0.3,lama,9,5,0.668567419052124,0,False,0.009771986970684038,0.24104234527687296,0.2890625
23711,0,CF1,L3,0.3,lama,4,4,0.9355211853981018,1,False,0.009771986970684038,0.2768729641693811,0.33203125
19260,0,CF1,L3,0.3,lama,7,7,0.977495014667511,1,False,0.009771986970684038,0.18892508143322476,0.2265625
17360,0,CF1,L3,0.3,lama,3,3,0.9079092741012573,1,False,0.006514657980456026,0.26058631921824105,0.3125
965,0,CF1,L3,0.3,lama,0,0,0.7986518144607544,1,False,0.0,0.24104234527687296,0.2890625
463,0,CF1,L3,0.3,lama,6,9,0.4968280792236328,0,False,0.019543973941368076,0.26058631921824105,0.3125
8945,0,CF1,L3,0.3,lama,6,5,0.5229377746582031,0,False,0.009771986970684038,0.247557003257329,0.296875
14090,0,CF1,L3,0.3,lama,2,2,0.9958643913269043,1,False,0.016286644951140065,0.26384364820846906,0.31640625
8479,0,CF1,L3,0.3,lama,9,9,0.996110737323761,1,False,0.016286644951140065,0.21172638436482086,0.25390625
24477,0,CF1,L3,0.3,lama,2,2,0.9966709017753601,1,False,0.013029315960912053,0.31921824104234525,0.3828125
8195,0,CF1,L3,0.3,lama,0,0,0.9993249177932739,1,False,0.009771986970684038,0.23127035830618892,0.27734375
1773,0,CF1,L3,0.3,lama,0,0,0.9476442933082581,1,False,0.02280130293159609,0.21172638436482086,0.25390625
11776,0,CF1,L3,0.3,lama,2,3,0.323381245136261,0,False,0.003257328990228013,0.2280130293159609,0.2734375
3313,0,CF1,L3,0.3,lama,6,6,0.987206220626831,1,False,0.03257328990228013,0.19218241042345277,0.23046875
5424,0,CF1,L3,0.3,lama,9,9,0.9361902475357056,1,False,0.013029315960912053,0.26384364820846906,0.31640625
19606,0,CF1,L3,0.3,lama,2,2,0.8829647302627563,1,False,0.019543973941368076,0.23778501628664495,0.28515625
10110,0,CF1,L3,0.3,lama,9,9,0.958366870880127,1,False,0.016286644951140065,0.254071661237785,0.3046875
22872,0,CF1,L3,0.3,lama,6,7,0.8205571174621582,0,False,0.003257328990228013,0.26384364820846906,0.31640625
7573,0,CF1,L3,0.3,lama,1,1,0.9999380111694336,1,False,0.006514657980456026,0.25732899022801303,0.30859375
7105,0,CF1,L3,0.3,lama,3,3,0.9979140162467957,1,False,0.009771986970684038,0.26058631921824105,0.3125
18854,0,CF1,L3,0.3,lama,1,1,0.9977725148200989,1,False,0.009771986970684038,0.30293159609120524,0.36328125
14576,0,CF1,L3,0.3,lama,9,9,0.9997488856315613,1,False,0.009771986970684038,0.2931596091205212,0.3515625
9376,0,CF1,L3,0.3,lama,0,0,0.9831551313400269,1,False,0.016286644951140065,0.250814332247557,0.30078125
20128,0,CF1,L3,0.3,lama,8,8,0.9976533055305481,1,False,0.013029315960912053,0.23778501628664495,0.28515625
24854,0,CF1,L3,0.3,lama,9,9,0.9999382495880127,1,False,0.019543973941368076,0.26384364820846906,0.31640625
4937,0,CF1,L3,0.3,lama,2,2,0.7656973004341125,1,False,0.006514657980456026,0.2768729641693811,0.33203125
338,0,CF1,L3,0.3,lama,3,3,0.9802917838096619,1,False,0.009771986970684038,0.2703583061889251,0.32421875
9981,0,CF1,L3,0.3,lama,3,3,0.7201300859451294,1,False,0.016286644951140065,0.2703583061889251,0.32421875
6665,0,CF1,L3,0.3,lama,8,8,0.967714250087738,1,False,0.009771986970684038,0.23778501628664495,0.28515625
6704,0,CF1,L3,0.3,lama,0,0,0.9520235657691956,1,False,0.019543973941368076,0.23452768729641693,0.28125
23255,0,CF1,L3,0.3,lama,2,2,0.9999040365219116,1,False,0.006514657980456026,0.20846905537459284,0.25
5355,0,CF1,L3,0.3,lama,5,5,0.9613453149795532,1,False,0.009771986970684038,0.2996742671009772,0.359375
22422,0,CF1,L3,0.3,lama,1,1,0.9372946619987488,1,False,0.019543973941368076,0.25732899022801303,0.30859375
7367,0,CF1,L3,0.3,lama,9,9,0.8771076202392578,1,False,0.016286644951140065,0.26058631921824105,0.3125
13489,0,CF1,L3,0.3,lama,7,1,0.5288389325141907,0,False,0.003257328990228013,0.24429967426710097,0.29296875
20955,0,CF1,L3,0.3,lama,7,7,0.9924484491348267,1,False,0.0,0.2182410423452769,0.26171875
25439,0,CF1,L3,0.3,lama,9,9,0.9999961853027344,1,False,0.0,0.250814332247557,0.30078125
12711,0,CF1,L3,0.3,lama,8,8,0.9117045402526855,1,False,0.003257328990228013,0.23127035830618892,0.27734375
7671,0,CF1,L3,0.3,lama,6,6,0.47195225954055786,1,False,0.003257328990228013,0.23127035830618892,0.27734375
20420,0,CF1,L3,0.3,lama,8,9,0.5227038860321045,0,False,0.003257328990228013,0.2736156351791531,0.328125
12630,0,CF1,L3,0.3,lama,2,7,0.3581506311893463,0,False,0.003257328990228013,0.23452768729641693,0.28125
21394,0,CF1,L3,0.3,lama,1,1,0.887759268283844,1,False,0.006514657980456026,0.2703583061889251,0.32421875
7095,0,CF1,L3,0.3,lama,1,1,0.8863611817359924,1,False,0.019543973941368076,0.21498371335504887,0.2578125
11532,0,CF1,L3,0.3,lama,9,9,0.9498136639595032,1,False,0.006514657980456026,0.250814332247557,0.30078125
2853,0,CF1,L3,0.3,lama,3,3,0.9861965775489807,1,False,0.013029315960912053,0.2703583061889251,0.32421875
13487,0,CF1,L3,0.3,lama,0,0,0.9861924052238464,1,False,0.02280130293159609,0.22149837133550487,0.265625
9350,0,CF1,L3,0.3,lama,9,9,0.9845816493034363,1,False,0.016286644951140065,0.23452768729641693,0.28125
24164,0,CF1,L3,0.3,lama,4,4,0.9581961631774902,1,False,0.009771986970684038,0.28013029315960913,0.3359375
23155,0,CF1,L3,0.3,lama,7,7,0.9692091345787048,1,False,0.006514657980456026,0.2768729641693811,0.33203125
1588,0,CF1,L3,0.3,lama,8,3,0.41443270444869995,0,False,0.013029315960912053,0.23452768729641693,0.28125
5400,0,CF1,L3,0.3,lama,5,5,0.5400577783584595,1,False,0.013029315960912053,0.24104234527687296,0.2890625
8913,0,CF1,L3,0.3,lama,6,6,0.9715309143066406,1,False,0.013029315960912053,0.22149837133550487,0.265625
4990,0,CF1,L3,0.3,lama,8,2,0.4928587079048157,0,False,0.016286644951140065,0.247557003257329,0.296875
13364,0,CF1,L3,0.3,lama,7,7,0.9982849955558777,1,False,0.006514657980456026,0.2768729641693811,0.33203125
1157,0,CF1,L3,0.3,lama,1,1,0.9034594297409058,1,False,0.003257328990228013,0.24104234527687296,0.2890625
19432,0,CF1,L3,0.3,lama,6,6,0.9993342757225037,1,False,0.009771986970684038,0.28664495114006516,0.34375
24861,0,CF1,L3,0.3,lama,1,1,0.9657889604568481,1,False,0.006514657980456026,0.2703583061889251,0.32421875
16303,0,CF1,L3,0.3,lama,0,0,0.7790133953094482,1,False,0.003257328990228013,0.2280130293159609,0.2734375
23675,0,CF1,L3,0.3,lama,1,1,0.9906187653541565,1,False,0.006514657980456026,0.247557003257329,0.296875
10816,0,CF1,L3,0.3,lama,5,5,0.9356465339660645,1,False,0.009771986970684038,0.23778501628664495,0.28515625
25683,0,CF1,L3,0.3,lama,7,7,0.9974710941314697,1,False,0.026058631921824105,0.247557003257329,0.296875
6680,0,CF1,L3,0.3,lama,7,7,0.8336820602416992,1,False,0.009771986970684038,0.247557003257329,0.296875
15541,0,CF1,L3,0.3,lama,1,1,0.9617102146148682,1,False,0.009771986970684038,0.2280130293159609,0.2734375
129,0,CF1,L3,0.3,lama,9,9,0.9588536620140076,1,False,0.013029315960912053,0.24429967426710097,0.29296875
10977,0,CF1,L3,0.3,lama,5,5,0.9775819182395935,1,False,0.003257328990228013,0.2280130293159609,0.2734375
7518,0,CF1,L3,0.3,lama,5,5,0.7107873558998108,1,False,0.009771986970684038,0.2703583061889251,0.32421875
15350,0,CF1,L3,0.3,lama,0,0,0.9957442879676819,1,False,0.016286644951140065,0.2671009771986971,0.3203125
4712,0,CF1,L3,0.3,lama,2,2,0.9980605244636536,1,False,0.013029315960912053,0.22149837133550487,0.265625
3234,0,CF1,L3,0.3,lama,1,1,0.9450803399085999,1,False,0.006514657980456026,0.254071661237785,0.3046875
21292,0,CF1,L3,0.3,lama,8,8,0.5198221206665039,1,False,0.016286644951140065,0.26058631921824105,0.3125
6439,0,CF1,L3,0.3,lama,6,8,0.5023478269577026,0,False,0.009771986970684038,0.247557003257329,0.296875
16930,0,CF1,L3,0.3,lama,4,4,0.8036197423934937,1,False,0.003257328990228013,0.28013029315960913,0.3359375
25255,0,CF1,L3,0.3,lama,6,2,0.43571245670318604,0,False,0.02280130293159609,0.2703583061889251,0.32421875
5562,0,CF1,L3,0.3,lama,6,6,0.9963362216949463,1,False,0.006514657980456026,0.2768729641693811,0.33203125
20888,0,CF1,L3,0.3,lama,6,6,0.8594157695770264,1,False,0.009771986970684038,0.2182410423452769,0.26171875
17907,0,CF1,L3,0.3,lama,0,0,0.9921962022781372,1,False,0.019543973941368076,0.22149837133550487,0.265625
15282,0,CF1,L3,0.3,lama,5,6,0.4613181948661804,0,False,0.016286644951140065,0.2736156351791531,0.328125
9564,0,CF1,L3,0.3,lama,5,5,0.9910448789596558,1,False,0.009771986970684038,0.25732899022801303,0.30859375
2105,0,CF1,L3,0.3,lama,5,5,0.7424067258834839,1,False,0.006514657980456026,0.24104234527687296,0.2890625
2188,0,CF1,L3,0.3,lama,5,5,0.9856605529785156,1,False,0.016286644951140065,0.23127035830618892,0.27734375
10587,0,CF1,L3,0.3,lama,9,9,0.9791192412376404,1,False,0.009771986970684038,0.250814332247557,0.30078125
20421,0,CF1,L3,0.3,lama,8,9,0.5998889803886414,0,False,0.003257328990228013,0.28664495114006516,0.34375
23070,0,CF1,L3,0.3,lama,0,0,0.9980879426002502,1,False,0.009771986970684038,0.250814332247557,0.30078125
19127,0,CF1,L3,0.3,lama,6,6,0.972505509853363,1,False,0.019543973941368076,0.24104234527687296,0.2890625
7302,0,CF1,L3,0.3,lama,3,3,0.9953992962837219,1,False,0.006514657980456026,0.2247557003257329,0.26953125
8409,0,CF1,L3,0.3,lama,4,4,0.9999939203262329,1,False,0.006514657980456026,0.250814332247557,0.30078125
11086,0,CF1,L3,0.3,lama,7,7,0.9771740436553955,1,False,0.006514657980456026,0.21498371335504887,0.2578125
17122,0,CF1,L3,0.3,lama,5,5,0.9977052807807922,1,False,0.006514657980456026,0.1986970684039088,0.23828125
3555,0,CF1,L3,0.3,lama,2,2,0.999862790107727,1,False,0.009771986970684038,0.247557003257329,0.296875
19437,0,CF1,L3,0.3,lama,4,4,0.645233690738678,1,False,0.016286644951140065,0.26058631921824105,0.3125
594,0,CF1,L3,0.3,lama,9,9,0.9894798398017883,1,False,0.006514657980456026,0.24104234527687296,0.2890625
21863,0,CF1,L3,0.3,lama,3,3,0.9881516098976135,1,False,0.006514657980456026,0.247557003257329,0.296875
19765,0,CF1,L3,0.3,lama,5,5,0.9940740466117859,1,False,0.009771986970684038,0.23778501628664495,0.28515625
16909,0,CF1,L3,0.3,lama,2,2,0.9889718890190125,1,False,0.016286644951140065,0.28013029315960913,0.3359375
21154,0,CF1,L3,0.3,lama,7,7,0.998434841632843,1,False,0.003257328990228013,0.2736156351791531,0.328125
18615,0,CF1,L3,0.3,lama,7,7,0.9637763500213623,1,False,0.009771986970684038,0.250814332247557,0.30078125
18171,0,CF1,L3,0.3,lama,7,7,0.9998886585235596,1,False,0.016286644951140065,0.24429967426710097,0.29296875
24434,0,CF1,L3,0.3,lama,5,5,0.918315589427948,1,False,0.009771986970684038,0.24104234527687296,0.2890625
9664,0,CF1,L3,0.3,lama,0,0,0.985140323638916,1,False,0.009771986970684038,0.24104234527687296,0.2890625
2013,0,CF1,L3,0.3,lama,5,5,0.9784213304519653,1,False,0.003257328990228013,0.254071661237785,0.3046875
13537,0,CF1,L3,0.3,lama,4,0,0.5936576724052429,0,False,0.02280130293159609,0.23127035830618892,0.27734375
23942,0,CF1,L3,0.3,lama,9,8,0.5420897006988525,0,False,0.009771986970684038,0.26384364820846906,0.31640625
12415,0,CF1,L3,0.3,lama,4,4,0.7360635995864868,1,False,0.009771986970684038,0.2247557003257329,0.26953125
13735,0,CF1,L3,0.3,lama,0,0,0.9989746809005737,1,False,0.006514657980456026,0.23778501628664495,0.28515625
6873,0,CF1,L3,0.3,lama,1,1,0.9987421631813049,1,False,0.009771986970684038,0.26384364820846906,0.31640625
16233,0,CF1,L3,0.3,lama,2,2,0.9834645986557007,1,False,0.013029315960912053,0.2247557003257329,0.26953125
13108,0,CF1,L3,0.3,lama,5,5,0.5741730332374573,1,False,0.009771986970684038,0.2703583061889251,0.32421875
18114,0,CF1,L3,0.3,lama,7,7,0.9949754476547241,1,False,0.013029315960912053,0.250814332247557,0.30078125
25318,0,CF1,L3,0.3,lama,0,6,0.4689148962497711,0,False,0.003257328990228013,0.23127035830618892,0.27734375
22387,0,CF1,L3,0.3,lama,7,7,0.9549146294593811,1,False,0.016286644951140065,0.23778501628664495,0.28515625
19911,0,CF1,L3,0.3,lama,7,7,0.9051955938339233,1,False,0.003257328990228013,0.23127035830618892,0.27734375
9953,0,CF1,L3,0.3,lama,2,2,0.9913459420204163,1,False,0.003257328990228013,0.23778501628664495,0.28515625
18500,0,CF1,L3,0.3,lama,1,1,0.9987891316413879,1,False,0.006514657980456026,0.2247557003257329,0.26953125
12463,0,CF1,L3,0.3,lama,2,5,0.3359268009662628,0,False,0.013029315960912053,0.22149837133550487,0.265625
12143,0,CF1,L3,0.3,lama,8,8,0.9778898358345032,1,False,0.013029315960912053,0.2247557003257329,0.26953125
14588,0,CF1,L3,0.3,lama,8,8,0.9871813654899597,1,False,0.006514657980456026,0.24104234527687296,0.2890625
22152,0,CF1,L3,0.3,lama,2,2,0.8337603807449341,1,False,0.009771986970684038,0.2247557003257329,0.26953125
16563,0,CF1,L3,0.3,lama,4,4,0.6626101136207581,1,False,0.013029315960912053,0.250814332247557,0.30078125
25225,0,CF1,L3,0.3,lama,9,9,0.950980544090271,1,False,0.006514657980456026,0.254071661237785,0.3046875
1161,0,CF1,L3,0.3,lama,2,2,0.5723735094070435,1,False,0.003257328990228013,0.2280130293159609,0.2734375
9891,0,CF1,L3,0.3,lama,5,5,0.8566029071807861,1,False,0.013029315960912053,0.2671009771986971,0.3203125
18833,0,CF1,L3,0.3,lama,2,2,0.947159469127655,1,False,0.006514657980456026,0.2671009771986971,0.3203125
6162,0,CF1,L3,0.3,lama,2,2,0.9294106960296631,1,False,0.006514657980456026,0.247557003257329,0.296875
22638,0,CF1,L3,0.3,lama,0,0,0.8734464049339294,1,False,0.009771986970684038,0.26384364820846906,0.31640625
6112,0,CF1,L3,0.3,lama,6,6,0.6548550724983215,1,False,0.009771986970684038,0.254071661237785,0.3046875
24259,0,CF1,L3,0.3,lama,9,9,0.9117804169654846,1,False,0.006514657980456026,0.254071661237785,0.3046875
18029,0,CF1,L3,0.3,lama,2,2,0.9800693988800049,1,False,0.009771986970684038,0.26384364820846906,0.31640625
13233,0,CF1,L3,0.3,lama,0,0,0.9635676741600037,1,False,0.006514657980456026,0.23778501628664495,0.28515625
22560,0,CF1,L3,0.3,lama,3,3,0.4238983690738678,1,False,0.006514657980456026,0.254071661237785,0.3046875
17100,0,CF1,L3,0.3,lama,7,7,0.9844558238983154,1,False,0.003257328990228013,0.23452768729641693,0.28125
13394,0,CF1,L3,0.3,lama,7,7,0.9767157435417175,1,False,0.006514657980456026,0.254071661237785,0.3046875
25173,0,CF1,L3,0.3,lama,3,7,0.448334664106369,0,False,0.006514657980456026,0.247557003257329,0.296875
17342,0,CF1,L3,0.3,lama,4,4,0.9983293414115906,1,False,0.009771986970684038,0.25732899022801303,0.30859375
5881,0,CF1,L3,0.3,lama,1,1,0.9504253268241882,1,False,0.0,0.26058631921824105,0.3125
16982,0,CF1,L3,0.3,lama,3,3,0.32161521911621094,1,False,0.009771986970684038,0.2931596091205212,0.3515625
12959,0,CF1,L3,0.3,lama,2,2,0.9906296133995056,1,False,0.009771986970684038,0.247557003257329,0.296875
3410,0,CF1,L3,0.3,lama,2,2,0.998472273349762,1,False,0.006514657980456026,0.25732899022801303,0.30859375
1939,0,CF1,L3,0.3,lama,2,2,0.9999544620513916,1,False,0.009771986970684038,0.2703583061889251,0.32421875
13563,0,CF1,L3,0.3,lama,4,2,0.4704584777355194,0,False,0.013029315960912053,0.26058631921824105,0.3125
9659,0,CF1,L3,0.3,lama,4,1,0.8719119429588318,0,False,0.003257328990228013,0.24429967426710097,0.29296875
23588,0,CF1,L3,0.3,lama,9,9,0.9808769822120667,1,False,0.003257328990228013,0.24429967426710097,0.29296875
12156,0,CF1,L3,0.3,lama,9,9,0.5422061085700989,1,False,0.003257328990228013,0.26058631921824105,0.3125
24790,0,CF1,L3,0.3,lama,4,2,0.5035421848297119,0,False,0.026058631921824105,0.26384364820846906,0.31640625
894,0,CF1,L3,0.3,lama,8,8,0.6452795267105103,1,False,0.016286644951140065,0.2768729641693811,0.33203125
13738,0,CF1,L3,0.3,lama,7,7,0.9859495759010315,1,False,0.009771986970684038,0.25732899022801303,0.30859375
20555,0,CF1,L3,0.3,lama,5,5,0.8728180527687073,1,False,0.009771986970684038,0.2931596091205212,0.3515625
20457,0,CF1,L3,0.3,lama,3,3,0.577085018157959,1,False,0.019543973941368076,0.28664495114006516,0.34375
24842,0,CF1,L3,0.3,lama,3,5,0.7922086715698242,0,False,0.019543973941368076,0.2671009771986971,0.3203125
11390,0,CF1,L3,0.3,lama,9,9,0.5914472937583923,1,False,0.009771986970684038,0.2899022801302932,0.34765625
2665,0,CF1,L3,0.3,lama,9,9,0.9565679430961609,1,False,0.016286644951140065,0.254071661237785,0.3046875
24741,0,CF1,L3,0.3,lama,8,8,0.7469679713249207,1,False,0.009771986970684038,0.25732899022801303,0.30859375
17634,0,CF1,L3,0.3,lama,8,3,0.34160417318344116,0,False,0.016286644951140065,0.2280130293159609,0.2734375
16599,0,CF1,L3,0.3,lama,1,1,0.9689235687255859,1,False,0.016286644951140065,0.23778501628664495,0.28515625
19330,0,CF1,L3,0.3,lama,7,7,0.7980403304100037,1,False,0.013029315960912053,0.2671009771986971,0.3203125
3257,0,CF1,L3,0.3,lama,1,1,0.9845709204673767,1,False,0.003257328990228013,0.2182410423452769,0.26171875
1114,0,CF1,L3,0.3,lama,9,9,0.9997510313987732,1,False,0.003257328990228013,0.26058631921824105,0.3125
11738,0,CF1,L3,0.3,lama,8,8,0.7690398693084717,1,False,0.009771986970684038,0.23127035830618892,0.27734375
13077,0,CF1,L3,0.3,lama,8,8,0.9996224641799927,1,False,0.019543973941368076,0.26384364820846906,0.31640625
5168,0,CF1,L3,0.3,lama,3,3,0.7139196991920471,1,False,0.016286644951140065,0.23778501628664495,0.28515625
26013,0,CF1,L3,0.3,lama,8,8,0.8428317308425903,1,False,0.019543973941368076,0.23452768729641693,0.28125
5611,0,CF1,L3,0.3,lama,7,7,0.9969043135643005,1,False,0.016286644951140065,0.23127035830618892,0.27734375
9389,0,CF1,L3,0.3,lama,6,6,0.8764466047286987,1,False,0.019543973941368076,0.24104234527687296,0.2890625
25070,0,CF1,L3,0.3,lama,2,2,0.999705970287323,1,False,0.006514657980456026,0.254071661237785,0.3046875
11322,0,CF1,L3,0.3,lama,8,8,0.8974360823631287,1,False,0.006514657980456026,0.21172638436482086,0.25390625
3051,0,CF1,L3,0.3,lama,0,0,0.713320791721344,1,False,0.003257328990228013,0.2899022801302932,0.34765625
18770,0,CF1,L3,0.3,lama,4,5,0.22898146510124207,0,False,0.013029315960912053,0.2280130293159609,0.2734375
14692,0,CF1,L3,0.3,lama,2,2,0.9804049134254456,1,False,0.02280130293159609,0.26058631921824105,0.3125
4561,0,CF1,L3,0.3,lama,5,5,0.9114025235176086,1,False,0.009771986970684038,0.23778501628664495,0.28515625
16994,0,CF1,L3,0.3,lama,0,0,0.9999599456787109,1,False,0.013029315960912053,0.2671009771986971,0.3203125
4156,0,CF1,L3,0.3,lama,5,5,0.3383514881134033,1,False,0.009771986970684038,0.25732899022801303,0.30859375
5884,0,CF1,L3,0.3,lama,1,2,0.8126021027565002,0,False,0.013029315960912053,0.2996742671009772,0.359375
18233,0,CF1,L3,0.3,lama,0,0,0.9840450286865234,1,False,0.003257328990228013,0.2671009771986971,0.3203125
17044,0,CF1,L3,0.3,lama,6,6,0.9956556558609009,1,False,0.009771986970684038,0.24104234527687296,0.2890625
18857,0,CF1,L3,0.3,lama,6,6,0.7367959022521973,1,False,0.013029315960912053,0.23778501628664495,0.28515625
21917,0,CF1,L3,0.3,lama,9,9,0.5940304398536682,1,False,0.006514657980456026,0.247557003257329,0.296875
5054,0,CF1,L3,0.3,lama,3,9,0.9049616456031799,0,False,0.013029315960912053,0.22149837133550487,0.265625
7882,0,CF1,L3,0.3,lama,4,4,0.9241290092468262,1,False,0.006514657980456026,0.250814332247557,0.30078125
15688,0,CF1,L3,0.3,lama,4,4,0.9997690320014954,1,False,0.009771986970684038,0.2280130293159609,0.2734375
5612,0,CF1,L3,0.3,lama,8,8,0.9640045166015625,1,False,0.013029315960912053,0.254071661237785,0.3046875
13934,0,CF1,L3,0.3,lama,9,9,0.8798632025718689,1,False,0.019543973941368076,0.2736156351791531,0.328125
16689,0,CF1,L3,0.3,lama,2,2,0.9937175512313843,1,False,0.003257328990228013,0.26058631921824105,0.3125
23844,0,CF1,L3,0.3,lama,6,6,0.980278730392456,1,False,0.006514657980456026,0.28338762214983715,0.33984375
7944,0,CF1,L3,0.3,lama,7,7,0.9410356283187866,1,False,0.013029315960912053,0.24104234527687296,0.2890625
11370,0,CF1,L3,0.3,lama,8,8,0.9930650591850281,1,False,0.009771986970684038,0.254071661237785,0.3046875
24569,0,CF1,L3,0.3,lama,1,1,0.9999322891235352,1,False,0.009771986970684038,0.2736156351791531,0.328125
7529,0,CF1,L3,0.3,lama,5,5,0.9682080745697021,1,False,0.02280130293159609,0.247557003257329,0.296875
5092,0,CF1,L3,0.3,lama,2,2,0.9875797629356384,1,False,0.0,0.24104234527687296,0.2890625
20673,0,CF1,L3,0.3,lama,2,2,0.9999823570251465,1,False,0.009771986970684038,0.2768729641693811,0.33203125
10096,0,CF1,L3,0.3,lama,7,7,0.8399732708930969,1,False,0.006514657980456026,0.26058631921824105,0.3125
2059,0,CF1,L3,0.3,lama,3,3,0.8502616286277771,1,False,0.006514657980456026,0.22149837133550487,0.265625
19318,0,CF1,L3,0.3,lama,0,0,0.9998176693916321,1,False,0.013029315960912053,0.26058631921824105,0.3125
12977,0,CF1,L3,0.3,lama,8,0,0.6415079832077026,0,False,0.013029315960912053,0.2671009771986971,0.3203125
17673,0,CF1,L3,0.3,lama,0,0,0.7152796387672424,1,False,0.003257328990228013,0.24104234527687296,0.2890625
18750,0,CF1,L3,0.3,lama,0,0,0.914130687713623,1,False,0.02280130293159609,0.20195439739413681,0.2421875
16728,0,CF1,L3,0.3,lama,3,3,0.9581544995307922,1,False,0.013029315960912053,0.26058631921824105,0.3125
14776,0,CF1,L3,0.3,lama,8,8,0.9532257914543152,1,False,0.003257328990228013,0.28338762214983715,0.33984375
6941,0,CF1,L3,0.3,lama,9,9,0.9564704298973083,1,False,0.016286644951140065,0.2768729641693811,0.33203125
16787,0,CF1,L3,0.3,lama,6,8,0.5934241414070129,0,False,0.019543973941368076,0.254071661237785,0.3046875
25932,0,CF1,L3,0.3,lama,5,5,0.9542827010154724,1,False,0.003257328990228013,0.26384364820846906,0.31640625
614,0,CF1,L3,0.3,lama,0,0,0.6587892174720764,1,False,0.02280130293159609,0.25732899022801303,0.30859375
25690,0,CF1,L3,0.3,lama,5,5,0.8763602375984192,1,False,0.019543973941368076,0.2280130293159609,0.2734375
25968,0,CF1,L3,0.3,lama,5,5,0.9904271364212036,1,False,0.016286644951140065,0.2247557003257329,0.26953125
20123,0,CF1,L3,0.3,lama,3,3,0.914440393447876,1,False,0.003257328990228013,0.2671009771986971,0.3203125
13341,0,CF1,L3,0.3,lama,5,5,0.8239955902099609,1,False,0.013029315960912053,0.25732899022801303,0.30859375
24697,0,CF1,L3,0.3,lama,4,4,0.9997759461402893,1,False,0.019543973941368076,0.24104234527687296,0.2890625
15157,0,CF1,L3,0.3,lama,6,6,0.37328964471817017,1,False,0.016286644951140065,0.2931596091205212,0.3515625
23115,0,CF1,L3,0.3,lama,1,0,0.5161323547363281,0,False,0.009771986970684038,0.20521172638436483,0.24609375
6396,0,CF1,L3,0.3,lama,0,0,0.9986093044281006,1,False,0.02280130293159609,0.2768729641693811,0.33203125
19142,0,CF1,L3,0.3,lama,4,4,0.5273951888084412,1,False,0.003257328990228013,0.26384364820846906,0.31640625
13157,0,CF1,L3,0.3,lama,3,3,0.8521740436553955,1,False,0.0,0.254071661237785,0.3046875
19866,0,CF1,L3,0.3,lama,1,1,0.9651012420654297,1,False,0.006514657980456026,0.23778501628664495,0.28515625
25996,0,CF1,L3,0.3,lama,8,8,0.9994474053382874,1,False,0.009771986970684038,0.26058631921824105,0.3125
25515,0,CF1,L3,0.3,lama,7,1,0.917751669883728,0,False,0.006514657980456026,0.23127035830618892,0.27734375
12876,0,CF1,L3,0.3,lama,0,0,0.992212176322937,1,False,0.013029315960912053,0.2736156351791531,0.328125
17565,0,CF1,L3,0.3,lama,6,6,0.9937700629234314,1,False,0.009771986970684038,0.2280130293159609,0.2734375
17511,0,CF1,L3,0.3,lama,4,4,0.56477952003479,1,False,0.003257328990228013,0.24104234527687296,0.2890625
19996,0,CF1,L3,0.3,lama,0,0,0.997459352016449,1,False,0.006514657980456026,0.2280130293159609,0.2734375
12807,0,CF1,L3,0.3,lama,1,1,0.999738872051239,1,False,0.006514657980456026,0.19543973941368079,0.234375
11001,0,CF1,L3,0.3,lama,9,9,0.959417462348938,1,False,0.019543973941368076,0.23778501628664495,0.28515625
13107,0,CF1,L3,0.3,lama,0,0,0.9996919631958008,1,False,0.016286644951140065,0.24429967426710097,0.29296875
12641,0,CF1,L3,0.3,lama,6,6,0.9974205493927002,1,False,0.003257328990228013,0.28013029315960913,0.3359375
22667,0,CF1,L3,0.3,lama,5,5,0.9969342947006226,1,False,0.016286644951140065,0.254071661237785,0.3046875
7310,0,CF1,L3,0.3,lama,7,7,0.9758266806602478,1,False,0.009771986970684038,0.24429967426710097,0.29296875
764,0,CF1,L3,0.3,lama,1,1,0.8696921467781067,1,False,0.006514657980456026,0.2768729641693811,0.33203125
14813,0,CF1,L3,0.3,lama,4,4,0.9933764338493347,1,False,0.019543973941368076,0.2736156351791531,0.328125
7132,0,CF1,L3,0.3,lama,2,2,0.9988986253738403,1,False,0.009771986970684038,0.26058631921824105,0.3125
23884,0,CF1,L3,0.3,lama,1,8,0.37797391414642334,0,False,0.006514657980456026,0.23778501628664495,0.28515625
22735,0,CF1,L3,0.3,lama,8,8,0.9736467003822327,1,False,0.009771986970684038,0.254071661237785,0.3046875
12483,0,CF1,L3,0.3,lama,2,2,0.9872324466705322,1,False,0.003257328990228013,0.24104234527687296,0.2890625
10442,0,CF1,L3,0.3,lama,6,6,0.8346123695373535,1,False,0.003257328990228013,0.23778501628664495,0.28515625
3733,0,CF1,L3,0.3,lama,8,8,0.9977148771286011,1,False,0.006514657980456026,0.254071661237785,0.3046875
20089,0,CF1,L3,0.3,lama,4,4,0.9493206143379211,1,False,0.013029315960912053,0.250814332247557,0.30078125
20411,0,CF1,L3,0.3,lama,4,4,0.6865250468254089,1,False,0.006514657980456026,0.2931596091205212,0.3515625
10695,0,CF1,L3,0.3,lama,4,1,0.4987739026546478,0,False,0.003257328990228013,0.254071661237785,0.3046875
11992,0,CF1,L3,0.3,lama,2,2,0.9999173879623413,1,False,0.003257328990228013,0.23127035830618892,0.27734375
20712,0,CF1,L3,0.3,lama,7,7,0.9503878951072693,1,False,0.003257328990228013,0.26384364820846906,0.31640625
6518,0,CF1,L3,0.3,lama,8,8,0.9335952401161194,1,False,0.003257328990228013,0.2768729641693811,0.33203125
6015,0,CF1,L3,0.3,lama,9,9,0.76324462890625,1,False,0.009771986970684038,0.26384364820846906,0.31640625
8396,0,CF1,L3,0.3,lama,5,2,0.7688254117965698,0,False,0.006514657980456026,0.24429967426710097,0.29296875
12097,0,CF1,L3,0.3,lama,9,9,0.9975166320800781,1,False,0.013029315960912053,0.2280130293159609,0.2734375
12565,0,CF1,L3,0.3,lama,2,2,0.9769600629806519,1,False,0.003257328990228013,0.24429967426710097,0.29296875
22474,0,CF1,L3,0.3,lama,4,4,0.5888674855232239,1,False,0.009771986970684038,0.23127035830618892,0.27734375
25110,0,CF1,L3,0.3,lama,9,9,0.991534411907196,1,False,0.003257328990228013,0.26384364820846906,0.31640625
8275,0,CF1,L3,0.3,lama,8,8,0.9856550097465515,1,False,0.016286644951140065,0.24429967426710097,0.29296875
3871,0,CF1,L3,0.3,lama,1,1,0.7157703638076782,1,False,0.006514657980456026,0.21172638436482086,0.25390625
24639,0,CF1,L3,0.3,lama,2,2,0.9976251721382141,1,False,0.02280130293159609,0.26058631921824105,0.3125
15979,0,CF1,L3,0.3,lama,3,3,0.6838199496269226,1,False,0.006514657980456026,0.24429967426710097,0.29296875
24513,0,CF1,L3,0.3,lama,6,6,0.9939337372779846,1,False,0.013029315960912053,0.30293159609120524,0.36328125
10926,0,CF1,L3,0.3,lama,7,7,0.9038046598434448,1,False,0.013029315960912053,0.254071661237785,0.3046875
25564,0,CF1,L3,0.3,lama,0,0,0.79417884349823,1,False,0.0,0.26058631921824105,0.3125
2118,0,CF1,L3,0.3,lama,0,0,0.8372458219528198,1,False,0.003257328990228013,0.23127035830618892,0.27734375
4358,0,CF1,L3,0.3,lama,9,3,0.45690906047821045,0,False,0.006514657980456026,0.2247557003257329,0.26953125
5674,0,CF1,L3,0.3,lama,8,8,0.3493046164512634,1,False,0.009771986970684038,0.2182410423452769,0.26171875
3397,0,CF1,L3,0.3,lama,7,7,0.9994227886199951,1,False,0.016286644951140065,0.26384364820846906,0.31640625
5183,0,CF1,L3,0.3,lama,7,7,0.9563758969306946,1,False,0.006514657980456026,0.26058631921824105,0.3125
7505,0,CF1,L3,0.3,lama,9,9,0.9997839331626892,1,False,0.016286644951140065,0.23778501628664495,0.28515625
17539,0,CF1,L3,0.3,lama,0,0,0.8546160459518433,1,False,0.013029315960912053,0.2703583061889251,0.32421875
23918,0,CF1,L3,0.3,lama,6,5,0.628612756729126,0,False,0.003257328990228013,0.2280130293159609,0.2734375
19449,0,CF1,L3,0.3,lama,2,2,0.9993201494216919,1,False,0.009771986970684038,0.28664495114006516,0.34375
18599,0,CF1,L3,0.3,lama,3,3,0.4903751313686371,1,False,0.003257328990228013,0.2671009771986971,0.3203125
8175,0,CF1,L3,0.3,lama,8,8,0.4704985022544861,1,False,0.013029315960912053,0.24104234527687296,0.2890625
18412,0,CF1,L3,0.3,lama,7,7,0.9682544469833374,1,False,0.006514657980456026,0.21172638436482086,0.25390625
20667,0,CF1,L3,0.3,lama,1,1,0.9646768569946289,1,False,0.013029315960912053,0.250814332247557,0.30078125
8672,0,CF1,L3,0.3,lama,9,9,0.7385701537132263,1,False,0.016286644951140065,0.23127035830618892,0.27734375
22087,0,CF1,L3,0.3,lama,1,1,0.999987006187439,1,False,0.009771986970684038,0.2768729641693811,0.33203125
6910,0,CF1,L3,0.3,lama,2,2,0.9991602897644043,1,False,0.006514657980456026,0.2703583061889251,0.32421875
19205,0,CF1,L3,0.3,lama,3,5,0.5660809874534607,0,False,0.02280130293159609,0.24429967426710097,0.29296875
10581,0,CF1,L3,0.3,lama,3,3,0.9335817098617554,1,False,0.013029315960912053,0.24429967426710097,0.29296875
14516,0,CF1,L3,0.3,lama,4,4,0.6841000318527222,1,False,0.0,0.28338762214983715,0.33984375
22602,0,CF1,L3,0.3,lama,4,4,0.9420382976531982,1,False,0.016286644951140065,0.23452768729641693,0.28125
1944,0,CF1,L3,0.3,lama,0,0,0.8530114889144897,1,False,0.013029315960912053,0.26384364820846906,0.31640625
19718,0,CF1,L3,0.3,lama,0,2,0.5628942847251892,0,False,0.009771986970684038,0.28013029315960913,0.3359375
15599,0,CF1,L3,0.3,lama,7,7,0.9925058484077454,1,False,0.006514657980456026,0.2182410423452769,0.26171875
16766,0,CF1,L3,0.3,lama,9,9,0.979381799697876,1,False,0.009771986970684038,0.26058631921824105,0.3125
12317,0,CF1,L3,0.3,lama,5,5,0.6426001191139221,1,False,0.009771986970684038,0.26058631921824105,0.3125
6275,0,CF1,L3,0.3,lama,6,6,0.6951480507850647,1,False,0.006514657980456026,0.254071661237785,0.3046875
14332,0,CF1,L3,0.3,lama,3,3,0.5568661093711853,1,False,0.02280130293159609,0.26058631921824105,0.3125
25615,0,CF1,L3,0.3,lama,8,8,0.9886760711669922,1,False,0.009771986970684038,0.247557003257329,0.296875
7680,0,CF1,L3,0.3,lama,7,7,0.9999406337738037,1,False,0.009771986970684038,0.250814332247557,0.30078125
22105,0,CF1,L3,0.3,lama,7,7,0.997883141040802,1,False,0.013029315960912053,0.28664495114006516,0.34375
19179,0,CF1,L3,0.3,lama,5,5,0.5958191752433777,1,False,0.013029315960912053,0.23452768729641693,0.28125
22379,0,CF1,L3,0.3,lama,5,5,0.9198675751686096,1,False,0.003257328990228013,0.254071661237785,0.3046875
11796,0,CF1,L3,0.3,lama,0,0,0.9880368709564209,1,False,0.006514657980456026,0.2280130293159609,0.2734375
16929,0,CF1,L3,0.3,lama,0,0,0.9998296499252319,1,False,0.006514657980456026,0.24104234527687296,0.2890625
20580,0,CF1,L3,0.3,lama,2,5,0.38106563687324524,0,False,0.009771986970684038,0.24104234527687296,0.2890625
21272,0,CF1,L3,0.3,lama,7,7,0.629997968673706,1,False,0.016286644951140065,0.24104234527687296,0.2890625
12963,0,CF1,L3,0.3,lama,4,4,0.9928327798843384,1,False,0.003257328990228013,0.247557003257329,0.296875
15648,0,CF1,L3,0.3,lama,9,9,0.927101194858551,1,False,0.009771986970684038,0.254071661237785,0.3046875
10831,0,CF1,L3,0.3,lama,6,6,0.9968973398208618,1,False,0.013029315960912053,0.2182410423452769,0.26171875
12228,0,CF1,L3,0.3,lama,3,3,0.913112461566925,1,False,0.02280130293159609,0.21498371335504887,0.2578125
2242,0,CF1,L3,0.3,lama,7,9,0.7673109769821167,0,False,0.009771986970684038,0.21498371335504887,0.2578125
25443,0,CF1,L3,0.3,lama,3,3,0.9999986886978149,1,False,0.016286644951140065,0.23452768729641693,0.28125
23913,0,CF1,L3,0.3,lama,1,1,0.9715489149093628,1,False,0.02280130293159609,0.21498371335504887,0.2578125
18452,0,CF1,L3,0.3,lama,1,1,0.9851973652839661,1,False,0.006514657980456026,0.24104234527687296,0.2890625
12210,0,CF1,L3,0.3,lama,0,0,0.9993312358856201,1,False,0.006514657980456026,0.2768729641693811,0.33203125
3532,0,CF1,L3,0.3,lama,6,6,0.5330223441123962,1,False,0.009771986970684038,0.28013029315960913,0.3359375
13678,0,CF1,L3,0.3,lama,9,9,0.9934843182563782,1,False,0.009771986970684038,0.25732899022801303,0.30859375
21370,0,CF1,L3,0.3,lama,5,8,0.5929025411605835,0,False,0.013029315960912053,0.23452768729641693,0.28125
23728,0,CF1,L3,0.3,lama,9,9,0.9999085664749146,1,False,0.0,0.2703583061889251,0.32421875
7460,0,CF1,L3,0.3,lama,0,0,0.9985963702201843,1,False,0.013029315960912053,0.23127035830618892,0.27734375
25354,0,CF1,L3,0.3,lama,2,2,0.9882325530052185,1,False,0.009771986970684038,0.23452768729641693,0.28125
18984,0,CF1,L3,0.3,lama,8,8,0.968802809715271,1,False,0.009771986970684038,0.25732899022801303,0.30859375
12422,0,CF1,L3,0.3,lama,6,6,0.9995803236961365,1,False,0.0,0.28664495114006516,0.34375
7413,0,CF1,L3,0.3,lama,4,4,0.5831676125526428,1,False,0.019543973941368076,0.2671009771986971,0.3203125
