patch_id,seed,family,level,frac,method,true_label,prediction,confidence,correct,bounded_unknown,isolated_missing_frac,mask_overlap_centre,centre_erased_frac
17222,0,CF1,L3,0.3,ns,8,8,0.9753344655036926,1,False,0.006514657980456026,0.24104234527687296,0.2890625
7987,0,CF1,L3,0.3,ns,4,4,0.4431122839450836,1,False,0.009771986970684038,0.23452768729641693,0.28125
14403,0,CF1,L3,0.3,ns,1,1,0.4474446475505829,1,False,0.009771986970684038,0.2280130293159609,0.2734375
12904,0,CF1,L3,0.3,ns,1,1,0.7613657116889954,1,False,0.016286644951140065,0.2247557003257329,0.26953125
1024,0,CF1,L3,0.3,ns,2,2,0.7292064428329468,1,False,0.016286644951140065,0.2703583061889251,0.32421875
15700,0,CF1,L3,0.3,ns,3,0,0.9999951124191284,0,False,0.009771986970684038,0.2703583061889251,0.32421875
12639,0,CF1,L3,0.3,ns,7,7,0.8181488513946533,1,False,0.013029315960912053,0.2247557003257329,0.26953125
20658,0,CF1,L3,0.3,ns,4,2,0.3973473906517029,0,False,0.013029315960912053,0.25732899022801303,0.30859375
2642,0,CF1,L3,0.3,ns,7,7,0.755532443523407,1,False,0.013029315960912053,0.26384364820846906,0.31640625
9392,0,CF1,L3,0.3,ns,9,9,0.9748634099960327,1,False,0.026058631921824105,0.22149837133550487,0.265625
23357,0,CF1,L3,0.3,ns,5,5,0.4998123049736023,1,False,0.016286644951140065,0.23452768729641693,0.28125
15977,0,CF1,L3,0.3,ns,0,0,0.7527490854263306,1,False,0.003257328990228013,0.22149837133550487,0.265625
10440,0,CF1,L3,0.3,ns,0,0,0.9988604784011841,1,False,0.006514657980456026,0.26384364820846906,0.31640625
14216,0,CF1,L3,0.3,ns,3,3,0.7751932740211487,1,False,0.013029315960912053,0.25732899022801303,0.30859375
18353,0,CF1,L3,0.3,ns,7,7,0.9277562499046326,1,False,0.013029315960912053,0.23778501628664495,0.28515625
17404,0,CF1,L3,0.3,ns,3,9,0.46771976351737976,0,False,0.026058631921824105,0.2671009771986971,0.3203125
8424,0,CF1,L3,0.3,ns,8,8,0.4258555769920349,1,False,0.026058631921824105,0.2247557003257329,0.26953125
4744,0,CF1,L3,0.3,ns,8,6,0.5192173719406128,0,False,0.009771986970684038,0.23452768729641693,0.28125
18797,0,CF1,L3,0.3,ns,7,7,0.999549925327301,1,False,0.003257328990228013,0.28013029315960913,0.3359375
3156,0,CF1,L3,0.3,ns,7,7,0.9866633415222168,1,False,0.0,0.2736156351791531,0.328125
17024,0,CF1,L3,0.3,ns,2,2,0.9487417936325073,1,False,0.0,0.26058631921824105,0.3125
7807,0,CF1,L3,0.3,ns,8,8,0.9485468864440918,1,False,0.003257328990228013,0.21498371335504887,0.2578125
138,0,CF1,L3,0.3,ns,0,0,0.99733966588974,1,False,0.003257328990228013,0.24104234527687296,0.2890625
20222,0,CF1,L3,0.3,ns,2,2,0.9999701976776123,1,False,0.0,0.250814332247557,0.30078125
24734,0,CF1,L3,0.3,ns,9,0,0.6248892545700073,0,False,0.009771986970684038,0.28013029315960913,0.3359375
8909,0,CF1,L3,0.3,ns,0,0,0.9065113067626953,1,False,0.0,0.2247557003257329,0.26953125
4684,0,CF1,L3,0.3,ns,1,1,0.9992784857749939,1,False,0.0,0.26058631921824105,0.3125
15978,0,CF1,L3,0.3,ns,6,6,0.750408411026001,1,False,0.016286644951140065,0.20521172638436483,0.24609375
21495,0,CF1,L3,0.3,ns,7,7,0.800165057182312,1,False,0.013029315960912053,0.2703583061889251,0.32421875
5107,0,CF1,L3,0.3,ns,6,1,0.3518396019935608,0,False,0.016286644951140065,0.2671009771986971,0.3203125
1914,0,CF1,L3,0.3,ns,2,2,0.8402037620544434,1,False,0.006514657980456026,0.23127035830618892,0.27734375
21307,0,CF1,L3,0.3,ns,1,1,0.9999822378158569,1,False,0.003257328990228013,0.23778501628664495,0.28515625
7178,0,CF1,L3,0.3,ns,4,4,0.645131528377533,1,False,0.006514657980456026,0.23778501628664495,0.28515625
13264,0,CF1,L3,0.3,ns,4,6,0.4611424505710602,0,False,0.006514657980456026,0.2768729641693811,0.33203125
21507,0,CF1,L3,0.3,ns,1,1,0.9972379207611084,1,False,0.02280130293159609,0.23127035830618892,0.27734375
8399,0,CF1,L3,0.3,ns,9,0,0.4463542699813843,0,False,0.013029315960912053,0.2768729641693811,0.33203125
4384,0,CF1,L3,0.3,ns,0,0,0.9992913007736206,1,False,0.009771986970684038,0.23452768729641693,0.28125
5820,0,CF1,L3,0.3,ns,0,1,0.7520984411239624,0,False,0.0,0.20846905537459284,0.25
22865,0,CF1,L3,0.3,ns,0,0,0.9724003672599792,1,False,0.013029315960912053,0.19218241042345277,0.23046875
65,0,CF1,L3,0.3,ns,0,0,0.5816665887832642,1,False,0.009771986970684038,0.28664495114006516,0.34375
15494,0,CF1,L3,0.3,ns,6,6,0.6902740597724915,1,False,0.006514657980456026,0.26384364820846906,0.31640625
2327,0,CF1,L3,0.3,ns,5,5,0.8722468614578247,1,False,0.009771986970684038,0.23778501628664495,0.28515625
24596,0,CF1,L3,0.3,ns,7,6,0.7468298077583313,0,False,0.009771986970684038,0.2247557003257329,0.26953125
3825,0,CF1,L3,0.3,ns,5,5,0.664035439491272,1,False,0.016286644951140065,0.26384364820846906,0.31640625
17168,0,CF1,L3,0.3,ns,7,7,0.9384020566940308,1,False,0.019543973941368076,0.2182410423452769,0.26171875
4357,0,CF1,L3,0.3,ns,3,3,0.5305010080337524,1,False,0.013029315960912053,0.23452768729641693,0.28125
2364,0,CF1,L3,0.3,ns,9,9,0.8347436785697937,1,False,0.006514657980456026,0.28664495114006516,0.34375
8703,0,CF1,L3,0.3,ns,9,9,0.9741650223731995,1,False,0.016286644951140065,0.23778501628664495,0.28515625
19390,0,CF1,L3,0.3,ns,9,9,0.9476094245910645,1,False,0.006514657980456026,0.2671009771986971,0.3203125
17853,0,CF1,L3,0.3,ns,6,2,0.5736538767814636,0,False,0.006514657980456026,0.2768729641693811,0.33203125
4930,0,CF1,L3,0.3,ns,4,1,0.7010645866394043,0,False,0.009771986970684038,0.247557003257329,0.296875
5314,0,CF1,L3,0.3,ns,8,8,0.757235586643219,1,False,0.013029315960912053,0.2280130293159609,0.2734375
4478,0,CF1,L3,0.3,ns,8,8,0.9006254076957703,1,False,0.009771986970684038,0.250814332247557,0.30078125
23679,0,CF1,L3,0.3,ns,4,1,0.8593332171440125,0,False,0.003257328990228013,0.23127035830618892,0.27734375
5449,0,CF1,L3,0.3,ns,1,1,0.8959833979606628,1,False,0.003257328990228013,0.28338762214983715,0.33984375
24183,0,CF1,L3,0.3,ns,0,0,0.9204312562942505,1,False,0.019543973941368076,0.2247557003257329,0.26953125
20842,0,CF1,L3,0.3,ns,3,3,0.9748457074165344,1,False,0.006514657980456026,0.2703583061889251,0.32421875
18825,0,CF1,L3,0.3,ns,9,0,0.7464571595191956,0,False,0.006514657980456026,0.2182410423452769,0.26171875
6265,0,CF1,L3,0.3,ns,1,1,0.9374189972877502,1,False,0.013029315960912053,0.26058631921824105,0.3125
24932,0,CF1,L3,0.3,ns,4,2,0.435575395822525,0,False,0.003257328990228013,0.26384364820846906,0.31640625
14427,0,CF1,L3,0.3,ns,8,9,0.47688454389572144,0,False,0.009771986970684038,0.23778501628664495,0.28515625
3740,0,CF1,L3,0.3,ns,7,7,0.9885250926017761,1,False,0.003257328990228013,0.25732899022801303,0.30859375
16809,0,CF1,L3,0.3,ns,9,2,0.34428656101226807,0,False,0.013029315960912053,0.24104234527687296,0.2890625
1136,0,CF1,L3,0.3,ns,1,1,0.9129140377044678,1,False,0.019543973941368076,0.2768729641693811,0.33203125
25757,0,CF1,L3,0.3,ns,5,5,0.9815892577171326,1,False,0.016286644951140065,0.247557003257329,0.296875
7356,0,CF1,L3,0.3,ns,4,4,0.6079486608505249,1,False,0.013029315960912053,0.250814332247557,0.30078125
12298,0,CF1,L3,0.3,ns,0,0,0.981287956237793,1,False,0.009771986970684038,0.26058631921824105,0.3125
5700,0,CF1,L3,0.3,ns,3,2,0.577512800693512,0,False,0.019543973941368076,0.23452768729641693,0.28125
22753,0,CF1,L3,0.3,ns,6,6,0.8134377002716064,1,False,0.006514657980456026,0.24104234527687296,0.2890625
16813,0,CF1,L3,0.3,ns,6,8,0.6771551370620728,0,False,0.013029315960912053,0.2182410423452769,0.26171875
7373,0,CF1,L3,0.3,ns,8,8,0.7647674083709717,1,False,0.013029315960912053,0.26058631921824105,0.3125
20149,0,CF1,L3,0.3,ns,2,2,0.6783776879310608,1,False,0.016286644951140065,0.2703583061889251,0.32421875
15874,0,CF1,L3,0.3,ns,9,9,0.9864930510520935,1,False,0.013029315960912053,0.23127035830618892,0.27734375
26011,0,CF1,L3,0.3,ns,0,0,0.8744922280311584,1,False,0.019543973941368076,0.2182410423452769,0.26171875
4196,0,CF1,L3,0.3,ns,9,9,0.6576195359230042,1,False,0.013029315960912053,0.26384364820846906,0.31640625
11227,0,CF1,L3,0.3,ns,3,3,0.7195948362350464,1,False,0.003257328990228013,0.250814332247557,0.30078125
15736,0,CF1,L3,0.3,ns,3,3,0.9917072653770447,1,False,0.006514657980456026,0.25732899022801303,0.30859375
6339,0,CF1,L3,0.3,ns,6,6,0.8143412470817566,1,False,0.009771986970684038,0.26384364820846906,0.31640625
25704,0,CF1,L3,0.3,ns,2,2,0.9654116034507751,1,False,0.009771986970684038,0.23452768729641693,0.28125
3190,0,CF1,L3,0.3,ns,7,7,0.8913555145263672,1,False,0.003257328990228013,0.2768729641693811,0.33203125
737,0,CF1,L3,0.3,ns,4,4,0.7719664573669434,1,False,0.006514657980456026,0.2182410423452769,0.26171875
22875,0,CF1,L3,0.3,ns,9,9,0.9145277142524719,1,False,0.006514657980456026,0.250814332247557,0.30078125
22749,0,CF1,L3,0.3,ns,3,3,0.7356420755386353,1,False,0.003257328990228013,0.23452768729641693,0.28125
22998,0,CF1,L3,0.3,ns,3,3,0.9784479737281799,1,False,0.006514657980456026,0.25732899022801303,0.30859375
24210,0,CF1,L3,0.3,ns,5,5,0.9131523966789246,1,False,0.006514657980456026,0.26058631921824105,0.3125
6800,0,CF1,L3,0.3,ns,4,4,0.8964731097221375,1,False,0.013029315960912053,0.254071661237785,0.3046875
16602,0,CF1,L3,0.3,ns,9,9,0.40035107731819153,1,False,0.003257328990228013,0.247557003257329,0.296875
10822,0,CF1,L3,0.3,ns,6,6,0.7333812713623047,1,False,0.006514657980456026,0.25732899022801303,0.30859375
12822,0,CF1,L3,0.3,ns,1,1,0.9999493360519409,1,False,0.009771986970684038,0.24104234527687296,0.2890625
12758,0,CF1,L3,0.3,ns,5,5,0.953180730342865,1,False,0.003257328990228013,0.28013029315960913,0.3359375
21144,0,CF1,L3,0.3,ns,4,4,0.9755089282989502,1,False,0.009771986970684038,0.2247557003257329,0.26953125
4900,0,CF1,L3,0.3,ns,6,6,0.36215636134147644,1,False,0.006514657980456026,0.24104234527687296,0.2890625
22888,0,CF1,L3,0.3,ns,9,9,0.9988957643508911,1,False,0.016286644951140065,0.247557003257329,0.296875
19935,0,CF1,L3,0.3,ns,9,9,0.5066549777984619,1,False,0.02280130293159609,0.247557003257329,0.296875
21896,0,CF1,L3,0.3,ns,7,7,0.9864614605903625,1,False,0.013029315960912053,0.2247557003257329,0.26953125
3475,0,CF1,L3,0.3,ns,3,3,0.8822485208511353,1,False,0.013029315960912053,0.2931596091205212,0.3515625
16171,0,CF1,L3,0.3,ns,0,0,0.9997023940086365,1,False,0.013029315960912053,0.24429967426710097,0.29296875
4672,0,CF1,L3,0.3,ns,4,7,0.8927329778671265,0,False,0.003257328990228013,0.26058631921824105,0.3125
10146,0,CF1,L3,0.3,ns,2,2,0.999937891960144,1,False,0.02280130293159609,0.247557003257329,0.296875
9207,0,CF1,L3,0.3,ns,7,7,0.7894573211669922,1,False,0.009771986970684038,0.26384364820846906,0.31640625
17745,0,CF1,L3,0.3,ns,9,2,0.9996365308761597,0,False,0.016286644951140065,0.25732899022801303,0.30859375
432,0,CF1,L3,0.3,ns,7,7,0.8884541988372803,1,False,0.019543973941368076,0.247557003257329,0.296875
6608,0,CF1,L3,0.3,ns,4,4,0.99045729637146,1,False,0.006514657980456026,0.24104234527687296,0.2890625
25769,0,CF1,L3,0.3,ns,9,9,0.9968966245651245,1,False,0.02280130293159609,0.2280130293159609,0.2734375
14774,0,CF1,L3,0.3,ns,3,3,0.9270423650741577,1,False,0.003257328990228013,0.26058631921824105,0.3125
21627,0,CF1,L3,0.3,ns,4,4,0.8548564314842224,1,False,0.009771986970684038,0.28013029315960913,0.3359375
8133,0,CF1,L3,0.3,ns,2,2,0.9999198913574219,1,False,0.003257328990228013,0.250814332247557,0.30078125
12554,0,CF1,L3,0.3,ns,4,4,0.9993231296539307,1,False,0.006514657980456026,0.2247557003257329,0.26953125
10856,0,CF1,L3,0.3,ns,1,1,0.9624168276786804,1,False,0.009771986970684038,0.2182410423452769,0.26171875
15931,0,CF1,L3,0.3,ns,3,3,0.9945359230041504,1,False,0.02280130293159609,0.26058631921824105,0.3125
2367,0,CF1,L3,0.3,ns,2,2,0.7867732644081116,1,False,0.006514657980456026,0.2280130293159609,0.2734375
25563,0,CF1,L3,0.3,ns,7,7,0.8034477829933167,1,False,0.006514657980456026,0.247557003257329,0.296875
6748,0,CF1,L3,0.3,ns,2,2,0.9890944361686707,1,False,0.006514657980456026,0.2703583061889251,0.32421875
5368,0,CF1,L3,0.3,ns,8,8,0.9873738884925842,1,False,0.006514657980456026,0.247557003257329,0.296875
25951,0,CF1,L3,0.3,ns,6,6,0.9799907207489014,1,False,0.006514657980456026,0.26058631921824105,0.3125
22082,0,CF1,L3,0.3,ns,7,7,0.9993322491645813,1,False,0.006514657980456026,0.2247557003257329,0.26953125
19301,0,CF1,L3,0.3,ns,4,4,0.9943138360977173,1,False,0.013029315960912053,0.23127035830618892,0.27734375
13302,0,CF1,L3,0.3,ns,4,4,0.9904382824897766,1,False,0.016286644951140065,0.26058631921824105,0.3125
15358,0,CF1,L3,0.3,ns,0,0,0.7535262703895569,1,False,0.009771986970684038,0.26058631921824105,0.3125
23572,0,CF1,L3,0.3,ns,2,2,0.9097572565078735,1,False,0.006514657980456026,0.26384364820846906,0.31640625
14736,0,CF1,L3,0.3,ns,4,4,0.996722400188446,1,False,0.019543973941368076,0.2703583061889251,0.32421875
16685,0,CF1,L3,0.3,ns,2,2,0.9287071824073792,1,False,0.009771986970684038,0.25732899022801303,0.30859375
21902,0,CF1,L3,0.3,ns,7,7,0.5077144503593445,1,False,0.02280130293159609,0.24429967426710097,0.29296875
6713,0,CF1,L3,0.3,ns,5,6,0.49101999402046204,0,False,0.009771986970684038,0.26058631921824105,0.3125
8771,0,CF1,L3,0.3,ns,4,4,0.9756331443786621,1,False,0.0,0.2931596091205212,0.3515625
20264,0,CF1,L3,0.3,ns,3,5,0.4288080036640167,0,False,0.003257328990228013,0.2671009771986971,0.3203125
24489,0,CF1,L3,0.3,ns,1,1,0.9999959468841553,1,False,0.003257328990228013,0.23778501628664495,0.28515625
24852,0,CF1,L3,0.3,ns,1,4,0.6999456882476807,0,False,0.006514657980456026,0.23778501628664495,0.28515625
6746,0,CF1,L3,0.3,ns,1,1,0.857999861240387,1,False,0.003257328990228013,0.23452768729641693,0.28125
5951,0,CF1,L3,0.3,ns,5,5,0.639631450176239,1,False,0.009771986970684038,0.23127035830618892,0.27734375
6438,0,CF1,L3,0.3,ns,4,4,0.9993162155151367,1,False,0.006514657980456026,0.2736156351791531,0.328125
11126,0,CF1,L3,0.3,ns,9,6,0.6765583753585815,0,False,0.006514657980456026,0.28338762214983715,0.33984375
24241,0,CF1,L3,0.3,ns,3,3,0.919565737247467,1,False,0.0,0.23778501628664495,0.28515625
23621,0,CF1,L3,0.3,ns,6,6,0.7870315909385681,1,False,0.003257328990228013,0.2182410423452769,0.26171875
14358,0,CF1,L3,0.3,ns,6,6,0.5762439370155334,1,False,0.016286644951140065,0.23127035830618892,0.27734375
19003,0,CF1,L3,0.3,ns,6,5,0.485577791929245,0,False,0.003257328990228013,0.247557003257329,0.296875
3760,0,CF1,L3,0.3,ns,9,2,0.6581589579582214,0,False,0.006514657980456026,0.2768729641693811,0.33203125
1155,0,CF1,L3,0.3,ns,5,5,0.997364342212677,1,False,0.003257328990228013,0.23127035830618892,0.27734375
22044,0,CF1,L3,0.3,ns,8,7,0.1938052773475647,0,False,0.016286644951140065,0.250814332247557,0.30078125
17521,0,CF1,L3,0.3,ns,4,4,0.9266321659088135,1,False,0.009771986970684038,0.250814332247557,0.30078125
15177,0,CF1,L3,0.3,ns,9,9,0.6413114666938782,1,False,0.009771986970684038,0.2671009771986971,0.3203125
21080,0,CF1,L3,0.3,ns,0,0,0.9976819753646851,1,False,0.013029315960912053,0.28013029315960913,0.3359375
4507,0,CF1,L3,0.3,ns,5,5,0.7695732116699219,1,False,0.006514657980456026,0.2182410423452769,0.26171875
10600,0,CF1,L3,0.3,ns,7,7,0.9827334880828857,1,False,0.003257328990228013,0.254071661237785,0.3046875
11754,0,CF1,L3,0.3,ns,1,1,0.9995695948600769,1,False,0.009771986970684038,0.23778501628664495,0.28515625
22934,0,CF1,L3,0.3,ns,4,4,0.9522942900657654,1,False,0.013029315960912053,0.21498371335504887,0.2578125
19094,0,CF1,L3,0.3,ns,3,3,0.9982144832611084,1,False,0.013029315960912053,0.20521172638436483,0.24609375
25246,0,CF1,L3,0.3,ns,7,7,0.9026708006858826,1,False,0.013029315960912053,0.254071661237785,0.3046875
14745,0,CF1,L3,0.3,ns,2,2,0.9999918937683105,1,False,0.003257328990228013,0.250814332247557,0.30078125
3177,0,CF1,L3,0.3,ns,8,9,0.5229827165603638,0,False,0.006514657980456026,0.24104234527687296,0.2890625
13870,0,CF1,L3,0.3,ns,5,1,0.4583059251308441,0,False,0.006514657980456026,0.28664495114006516,0.34375
5605,0,CF1,L3,0.3,ns,6,6,0.9326858520507812,1,False,0.006514657980456026,0.247557003257329,0.296875
5202,0,CF1,L3,0.3,ns,8,8,0.9905720353126526,1,False,0.009771986970684038,0.247557003257329,0.296875
8800,0,CF1,L3,0.3,ns,5,5,0.9942852854728699,1,False,0.013029315960912053,0.24429967426710097,0.29296875
645,0,CF1,L3,0.3,ns,3,3,0.9951979517936707,1,False,0.009771986970684038,0.2247557003257329,0.26953125
16077,0,CF1,L3,0.3,ns,5,5,0.9897491335868835,1,False,0.013029315960912053,0.23452768729641693,0.28125
15336,0,CF1,L3,0.3,ns,5,5,0.7922759056091309,1,False,0.0,0.250814332247557,0.30078125
20933,0,CF1,L3,0.3,ns,0,0,0.8915539383888245,1,False,0.016286644951140065,0.2671009771986971,0.3203125
10580,0,CF1,L3,0.3,ns,8,8,0.858182966709137,1,False,0.013029315960912053,0.23778501628664495,0.28515625
25902,0,CF1,L3,0.3,ns,6,6,0.9511191844940186,1,False,0.009771986970684038,0.21172638436482086,0.25390625
4666,0,CF1,L3,0.3,ns,8,8,0.9999464750289917,1,False,0.013029315960912053,0.25732899022801303,0.30859375
14541,0,CF1,L3,0.3,ns,4,4,0.9805137515068054,1,False,0.006514657980456026,0.28338762214983715,0.33984375
7374,0,CF1,L3,0.3,ns,5,5,0.7965654134750366,1,False,0.009771986970684038,0.28338762214983715,0.33984375
4697,0,CF1,L3,0.3,ns,5,0,0.45950692892074585,0,False,0.016286644951140065,0.24104234527687296,0.2890625
6317,0,CF1,L3,0.3,ns,5,5,0.6221081614494324,1,False,0.006514657980456026,0.26384364820846906,0.31640625
16623,0,CF1,L3,0.3,ns,6,6,0.8067165613174438,1,False,0.026058631921824105,0.2703583061889251,0.32421875
16511,0,CF1,L3,0.3,ns,6,5,0.30274030566215515,0,False,0.003257328990228013,0.254071661237785,0.3046875
16162,0,CF1,L3,0.3,ns,3,9,0.554892361164093,0,False,0.016286644951140065,0.3127035830618892,0.375
5989,0,CF1,L3,0.3,ns,1,1,0.9212818145751953,1,False,0.03257328990228013,0.26058631921824105,0.3125
18753,0,CF1,L3,0.3,ns,5,5,0.9984859824180603,1,False,0.019543973941368076,0.24429967426710097,0.29296875
20853,0,CF1,L3,0.3,ns,4,4,0.6657153367996216,1,False,0.009771986970684038,0.250814332247557,0.30078125
16556,0,CF1,L3,0.3,ns,0,0,0.9574844241142273,1,False,0.0,0.2247557003257329,0.26953125
7019,0,CF1,L3,0.3,ns,9,9,0.9346362352371216,1,False,0.016286644951140065,0.22149837133550487,0.265625
3090,0,CF1,L3,0.3,ns,6,6,0.9968945980072021,1,False,0.009771986970684038,0.2280130293159609,0.2734375
14680,0,CF1,L3,0.3,ns,3,3,0.9688096642494202,1,False,0.009771986970684038,0.30618892508143325,0.3671875
869,0,CF1,L3,0.3,ns,3,3,0.43509960174560547,1,False,0.003257328990228013,0.22149837133550487,0.265625
7595,0,CF1,L3,0.3,ns,6,6,0.8852847814559937,1,False,0.016286644951140065,0.23127035830618892,0.27734375
14417,0,CF1,L3,0.3,ns,1,1,0.9614835977554321,1,False,0.009771986970684038,0.20195439739413681,0.2421875
13624,0,CF1,L3,0.3,ns,9,9,0.9814020991325378,1,False,0.026058631921824105,0.21172638436482086,0.25390625
21083,0,CF1,L3,0.3,ns,0,0,0.9984723925590515,1,False,0.013029315960912053,0.25732899022801303,0.30859375
7556,0,CF1,L3,0.3,ns,1,1,0.9953272342681885,1,False,0.013029315960912053,0.250814332247557,0.30078125
9289,0,CF1,L3,0.3,ns,8,8,0.6201316118240356,1,False,0.013029315960912053,0.23127035830618892,0.27734375
19944,0,CF1,L3,0.3,ns,3,3,0.8821729421615601,1,False,0.006514657980456026,0.250814332247557,0.30078125
6057,0,CF1,L3,0.3,ns,1,1,0.9900246858596802,1,False,0.003257328990228013,0.25732899022801303,0.30859375
23029,0,CF1,L3,0.3,ns,8,0,0.5230673551559448,0,False,0.009771986970684038,0.24104234527687296,0.2890625
23668,0,CF1,L3,0.3,ns,5,5,0.9371783137321472,1,False,0.003257328990228013,0.2280130293159609,0.2734375
13115,0,CF1,L3,0.3,ns,8,8,0.9790664315223694,1,False,0.009771986970684038,0.2703583061889251,0.32421875
20635,0,CF1,L3,0.3,ns,3,3,0.46251803636550903,1,False,0.016286644951140065,0.22149837133550487,0.265625
4281,0,CF1,L3,0.3,ns,4,4,0.9815089702606201,1,False,0.003257328990228013,0.28013029315960913,0.3359375
4139,0,CF1,L3,0.3,ns,9,2,0.5426653623580933,0,False,0.02280130293159609,0.23778501628664495,0.28515625
10652,0,CF1,L3,0.3,ns,1,1,0.9331825971603394,1,False,0.013029315960912053,0.2703583061889251,0.32421875
700,0,CF1,L3,0.3,ns,1,1,0.9960991144180298,1,False,0.006514657980456026,0.2964169381107492,0.35546875
5772,0,CF1,L3,0.3,ns,3,3,0.33089905977249146,1,False,0.019543973941368076,0.2736156351791531,0.328125
8114,0,CF1,L3,0.3,ns,9,9,0.7761852145195007,1,False,0.006514657980456026,0.2703583061889251,0.32421875
5964,0,CF1,L3,0.3,ns,6,6,0.6235953569412231,1,False,0.006514657980456026,0.25732899022801303,0.30859375
17278,0,CF1,L3,0.3,ns,7,7,0.7163764238357544,1,False,0.006514657980456026,0.22149837133550487,0.265625
9961,0,CF1,L3,0.3,ns,0,0,0.5415635108947754,1,False,0.009771986970684038,0.2671009771986971,0.3203125
25974,0,CF1,L3,0.3,ns,7,7,0.9999090433120728,1,False,0.009771986970684038,0.24429967426710097,0.29296875
14317,0,CF1,L3,0.3,ns,3,3,0.9202321171760559,1,False,0.006514657980456026,0.2703583061889251,0.32421875
6485,0,CF1,L3,0.3,ns,0,0,0.999981164932251,1,False,0.009771986970684038,0.2736156351791531,0.328125
18287,0,CF1,L3,0.3,ns,0,0,0.9871594905853271,1,False,0.006514657980456026,0.247557003257329,0.296875
11840,0,CF1,L3,0.3,ns,4,4,0.9192363619804382,1,False,0.013029315960912053,0.23127035830618892,0.27734375
864,0,CF1,L3,0.3,ns,0,0,0.997759222984314,1,False,0.02280130293159609,0.23452768729641693,0.28125
20612,0,CF1,L3,0.3,ns,1,1,0.7418844103813171,1,False,0.016286644951140065,0.28338762214983715,0.33984375
21079,0,CF1,L3,0.3,ns,1,1,0.9999076128005981,1,False,0.0,0.26058631921824105,0.3125
11286,0,CF1,L3,0.3,ns,5,5,0.9914012551307678,1,False,0.016286644951140065,0.2247557003257329,0.26953125
788,0,CF1,L3,0.3,ns,0,0,0.9679501056671143,1,False,0.006514657980456026,0.28013029315960913,0.3359375
15932,0,CF1,L3,0.3,ns,3,3,0.888319194316864,1,False,0.0,0.23778501628664495,0.28515625
18511,0,CF1,L3,0.3,ns,3,3,0.9968348145484924,1,False,0.003257328990228013,0.26058631921824105,0.3125
21576,0,CF1,L3,0.3,ns,5,1,0.4867405891418457,0,False,0.0,0.26058631921824105,0.3125
17237,0,CF1,L3,0.3,ns,2,2,0.9991986155509949,1,False,0.006514657980456026,0.20195439739413681,0.2421875
2966,0,CF1,L3,0.3,ns,2,2,0.9999990463256836,1,False,0.009771986970684038,0.2964169381107492,0.35546875
16416,0,CF1,L3,0.3,ns,5,5,0.9936591982841492,1,False,0.009771986970684038,0.2671009771986971,0.3203125
1280,0,CF1,L3,0.3,ns,5,5,0.874679446220398,1,False,0.009771986970684038,0.25732899022801303,0.30859375
24928,0,CF1,L3,0.3,ns,0,0,0.9487601518630981,1,False,0.003257328990228013,0.250814332247557,0.30078125
23837,0,CF1,L3,0.3,ns,1,1,0.8844742774963379,1,False,0.003257328990228013,0.23452768729641693,0.28125
20230,0,CF1,L3,0.3,ns,1,1,0.9982675313949585,1,False,0.003257328990228013,0.22149837133550487,0.265625
23434,0,CF1,L3,0.3,ns,5,5,0.994312047958374,1,False,0.013029315960912053,0.254071661237785,0.3046875
20522,0,CF1,L3,0.3,ns,6,2,0.34326380491256714,0,False,0.009771986970684038,0.2280130293159609,0.2734375
7789,0,CF1,L3,0.3,ns,3,7,0.3292880952358246,0,False,0.009771986970684038,0.2247557003257329,0.26953125
22086,0,CF1,L3,0.3,ns,6,6,0.9895291924476624,1,False,0.006514657980456026,0.2736156351791531,0.328125
21339,0,CF1,L3,0.3,ns,0,0,0.9937479496002197,1,False,0.009771986970684038,0.247557003257329,0.296875
6830,0,CF1,L3,0.3,ns,9,9,0.9999791383743286,1,False,0.009771986970684038,0.247557003257329,0.296875
20902,0,CF1,L3,0.3,ns,2,2,0.9931514263153076,1,False,0.026058631921824105,0.2931596091205212,0.3515625
17481,0,CF1,L3,0.3,ns,5,5,0.9845148324966431,1,False,0.006514657980456026,0.26384364820846906,0.31640625
3050,0,CF1,L3,0.3,ns,6,6,0.5648908615112305,1,False,0.009771986970684038,0.23452768729641693,0.28125
409,0,CF1,L3,0.3,ns,1,4,0.7893636226654053,0,False,0.009771986970684038,0.247557003257329,0.296875
14823,0,CF1,L3,0.3,ns,7,7,0.9346271753311157,1,False,0.013029315960912053,0.2280130293159609,0.2734375
22892,0,CF1,L3,0.3,ns,9,1,0.450153648853302,0,False,0.0,0.23127035830618892,0.27734375
9470,0,CF1,L3,0.3,ns,8,8,0.5673161745071411,1,False,0.009771986970684038,0.26058631921824105,0.3125
9543,0,CF1,L3,0.3,ns,6,8,0.4768059253692627,0,False,0.003257328990228013,0.26384364820846906,0.31640625
22090,0,CF1,L3,0.3,ns,5,5,0.9935890436172485,1,False,0.02280130293159609,0.23452768729641693,0.28125
6045,0,CF1,L3,0.3,ns,6,6,0.9899212121963501,1,False,0.006514657980456026,0.2247557003257329,0.26953125
317,0,CF1,L3,0.3,ns,8,8,0.9735444188117981,1,False,0.013029315960912053,0.25732899022801303,0.30859375
15812,0,CF1,L3,0.3,ns,0,0,0.9955807328224182,1,False,0.006514657980456026,0.2247557003257329,0.26953125
18170,0,CF1,L3,0.3,ns,9,9,0.981907069683075,1,False,0.02280130293159609,0.28664495114006516,0.34375
14781,0,CF1,L3,0.3,ns,0,0,0.8719969391822815,1,False,0.013029315960912053,0.250814332247557,0.30078125
17886,0,CF1,L3,0.3,ns,9,9,0.9789421558380127,1,False,0.006514657980456026,0.26058631921824105,0.3125
20049,0,CF1,L3,0.3,ns,3,0,0.8794317245483398,0,False,0.009771986970684038,0.254071661237785,0.3046875
13283,0,CF1,L3,0.3,ns,0,0,0.8875435590744019,1,False,0.013029315960912053,0.26384364820846906,0.31640625
25830,0,CF1,L3,0.3,ns,5,5,0.9983711838722229,1,False,0.0,0.247557003257329,0.296875
14277,0,CF1,L3,0.3,ns,9,9,0.943162202835083,1,False,0.02280130293159609,0.26384364820846906,0.31640625
5908,0,CF1,L3,0.3,ns,1,1,0.9999663829803467,1,False,0.013029315960912053,0.2247557003257329,0.26953125
9731,0,CF1,L3,0.3,ns,8,8,0.8604897260665894,1,False,0.003257328990228013,0.25732899022801303,0.30859375
14180,0,CF1,L3,0.3,ns,9,9,0.9953396320343018,1,False,0.003257328990228013,0.24429967426710097,0.29296875
9246,0,CF1,L3,0.3,ns,2,2,0.9988711476325989,1,False,0.016286644951140065,0.20846905537459284,0.25
1656,0,CF1,L3,0.3,ns,2,2,0.3560355305671692,1,False,0.019543973941368076,0.23778501628664495,0.28515625
17712,0,CF1,L3,0.3,ns,1,1,0.8447712659835815,1,False,0.013029315960912053,0.28013029315960913,0.3359375
25544,0,CF1,L3,0.3,ns,9,9,0.6922114491462708,1,False,0.003257328990228013,0.22149837133550487,0.265625
1120,0,CF1,L3,0.3,ns,5,5,0.9981722831726074,1,False,0.006514657980456026,0.23778501628664495,0.28515625
1298,0,CF1,L3,0.3,ns,6,6,0.8436961770057678,1,False,0.009771986970684038,0.23452768729641693,0.28125
25570,0,CF1,L3,0.3,ns,2,2,0.996412456035614,1,False,0.003257328990228013,0.2182410423452769,0.26171875
5370,0,CF1,L3,0.3,ns,7,7,0.8091954588890076,1,False,0.009771986970684038,0.247557003257329,0.296875
19075,0,CF1,L3,0.3,ns,2,2,0.9876201748847961,1,False,0.006514657980456026,0.2280130293159609,0.2734375
8583,0,CF1,L3,0.3,ns,0,0,0.22833704948425293,1,False,0.003257328990228013,0.2671009771986971,0.3203125
2133,0,CF1,L3,0.3,ns,0,2,0.3269449472427368,0,False,0.016286644951140065,0.23127035830618892,0.27734375
1982,0,CF1,L3,0.3,ns,2,2,0.891278088092804,1,False,0.009771986970684038,0.250814332247557,0.30078125
950,0,CF1,L3,0.3,ns,8,8,0.4099961817264557,1,False,0.009771986970684038,0.26384364820846906,0.31640625
19563,0,CF1,L3,0.3,ns,4,4,0.9782724380493164,1,False,0.003257328990228013,0.2703583061889251,0.32421875
21023,0,CF1,L3,0.3,ns,6,6,0.9731334447860718,1,False,0.019543973941368076,0.21498371335504887,0.2578125
15687,0,CF1,L3,0.3,ns,0,0,0.7624568343162537,1,False,0.0,0.2768729641693811,0.33203125
6444,0,CF1,L3,0.3,ns,6,6,0.9725491404533386,1,False,0.003257328990228013,0.2280130293159609,0.2734375
15735,0,CF1,L3,0.3,ns,4,4,0.9989223480224609,1,False,0.016286644951140065,0.24429967426710097,0.29296875
10651,0,CF1,L3,0.3,ns,0,0,0.7833341360092163,1,False,0.003257328990228013,0.24429967426710097,0.29296875
13256,0,CF1,L3,0.3,ns,1,1,0.9996986389160156,1,False,0.009771986970684038,0.25732899022801303,0.30859375
16855,0,CF1,L3,0.3,ns,6,5,0.2901880145072937,0,False,0.009771986970684038,0.254071661237785,0.3046875
14884,0,CF1,L3,0.3,ns,9,9,0.9818069934844971,1,False,0.009771986970684038,0.2671009771986971,0.3203125
21884,0,CF1,L3,0.3,ns,6,6,0.8795996308326721,1,False,0.006514657980456026,0.2247557003257329,0.26953125
5078,0,CF1,L3,0.3,ns,3,3,0.5749334692955017,1,False,0.013029315960912053,0.254071661237785,0.3046875
20419,0,CF1,L3,0.3,ns,9,9,0.518154501914978,1,False,0.009771986970684038,0.250814332247557,0.30078125
20521,0,CF1,L3,0.3,ns,5,5,0.9531661868095398,1,False,0.006514657980456026,0.23778501628664495,0.28515625
23257,0,CF1,L3,0.3,ns,5,5,0.7855682373046875,1,False,0.009771986970684038,0.31921824104234525,0.3828125
17190,0,CF1,L3,0.3,ns,2,2,0.9823917746543884,1,False,0.006514657980456026,0.2703583061889251,0.32421875
15631,0,CF1,L3,0.3,ns,8,8,0.9739497900009155,1,False,0.003257328990228013,0.2247557003257329,0.26953125
504,0,CF1,L3,0.3,ns,0,0,0.9738086462020874,1,False,0.013029315960912053,0.2247557003257329,0.26953125
14990,0,CF1,L3,0.3,ns,3,3,0.9989940524101257,1,False,0.016286644951140065,0.23452768729641693,0.28125
24512,0,CF1,L3,0.3,ns,8,8,0.9288998246192932,1,False,0.009771986970684038,0.250814332247557,0.30078125
23120,0,CF1,L3,0.3,ns,7,7,0.7293328046798706,1,False,0.006514657980456026,0.2182410423452769,0.26171875
3357,0,CF1,L3,0.3,ns,2,2,0.9973996877670288,1,False,0.016286644951140065,0.22149837133550487,0.265625
8088,0,CF1,L3,0.3,ns,1,1,0.9610150456428528,1,False,0.016286644951140065,0.24104234527687296,0.2890625
21849,0,CF1,L3,0.3,ns,9,9,0.673687756061554,1,False,0.009771986970684038,0.2703583061889251,0.32421875
13683,0,CF1,L3,0.3,ns,0,0,0.9920532703399658,1,False,0.009771986970684038,0.23778501628664495,0.28515625
22718,0,CF1,L3,0.3,ns,9,3,0.6007153391838074,0,False,0.013029315960912053,0.250814332247557,0.30078125
9927,0,CF1,L3,0.3,ns,4,4,0.8618873357772827,1,False,0.016286644951140065,0.24429967426710097,0.29296875
11425,0,CF1,L3,0.3,ns,0,0,0.9977161884307861,1,False,0.026058631921824105,0.247557003257329,0.296875
14578,0,CF1,L3,0.3,ns,0,0,0.8242087364196777,1,False,0.019543973941368076,0.2182410423452769,0.26171875
25481,0,CF1,L3,0.3,ns,8,8,0.7055606842041016,1,False,0.009771986970684038,0.250814332247557,0.30078125
11269,0,CF1,L3,0.3,ns,5,5,0.9978967905044556,1,False,0.009771986970684038,0.24429967426710097,0.29296875
12877,0,CF1,L3,0.3,ns,5,5,0.9391103386878967,1,False,0.006514657980456026,0.25732899022801303,0.30859375
22531,0,CF1,L3,0.3,ns,9,9,0.2921000123023987,1,False,0.016286644951140065,0.23778501628664495,0.28515625
13150,0,CF1,L3,0.3,ns,3,7,0.4094335734844208,0,False,0.006514657980456026,0.25732899022801303,0.30859375
5654,0,CF1,L3,0.3,ns,8,8,0.831169068813324,1,False,0.016286644951140065,0.26384364820846906,0.31640625
1286,0,CF1,L3,0.3,ns,7,7,0.9926599860191345,1,False,0.009771986970684038,0.2703583061889251,0.32421875
1652,0,CF1,L3,0.3,ns,1,1,0.9999135732650757,1,False,0.016286644951140065,0.250814332247557,0.30078125
22335,0,CF1,L3,0.3,ns,2,2,0.9336788654327393,1,False,0.016286644951140065,0.2703583061889251,0.32421875
23848,0,CF1,L3,0.3,ns,3,3,0.9244439005851746,1,False,0.029315960912052116,0.2247557003257329,0.26953125
2892,0,CF1,L3,0.3,ns,6,6,0.9898853302001953,1,False,0.006514657980456026,0.2671009771986971,0.3203125
16530,0,CF1,L3,0.3,ns,8,8,0.901349663734436,1,False,0.009771986970684038,0.26384364820846906,0.31640625
12848,0,CF1,L3,0.3,ns,8,8,0.9879242181777954,1,False,0.016286644951140065,0.28664495114006516,0.34375
7330,0,CF1,L3,0.3,ns,7,7,0.9708966016769409,1,False,0.003257328990228013,0.250814332247557,0.30078125
3676,0,CF1,L3,0.3,ns,1,1,0.9458860158920288,1,False,0.013029315960912053,0.23778501628664495,0.28515625
19966,0,CF1,L3,0.3,ns,8,8,0.8249543905258179,1,False,0.016286644951140065,0.22149837133550487,0.265625
8382,0,CF1,L3,0.3,ns,5,6,0.7681667804718018,0,False,0.009771986970684038,0.250814332247557,0.30078125
19660,0,CF1,L3,0.3,ns,7,7,0.3782278597354889,1,False,0.0,0.2182410423452769,0.26171875
2508,0,CF1,L3,0.3,ns,9,9,0.8195536136627197,1,False,0.013029315960912053,0.22149837133550487,0.265625
2360,0,CF1,L3,0.3,ns,4,4,0.7064930200576782,1,False,0.009771986970684038,0.2280130293159609,0.2734375
16796,0,CF1,L3,0.3,ns,1,1,0.9996470212936401,1,False,0.013029315960912053,0.26058631921824105,0.3125
23426,0,CF1,L3,0.3,ns,9,0,0.32535672187805176,0,False,0.009771986970684038,0.20846905537459284,0.25
15590,0,CF1,L3,0.3,ns,2,9,0.7390640377998352,0,False,0.016286644951140065,0.254071661237785,0.3046875
6302,0,CF1,L3,0.3,ns,3,3,0.6271169185638428,1,False,0.019543973941368076,0.28664495114006516,0.34375
24519,0,CF1,L3,0.3,ns,7,7,0.7536811232566833,1,False,0.013029315960912053,0.23127035830618892,0.27734375
23276,0,CF1,L3,0.3,ns,2,2,0.5677223801612854,1,False,0.009771986970684038,0.2703583061889251,0.32421875
24566,0,CF1,L3,0.3,ns,8,8,0.9727039933204651,1,False,0.013029315960912053,0.18892508143322476,0.2265625
20978,0,CF1,L3,0.3,ns,1,4,0.8515332341194153,0,False,0.003257328990228013,0.26058631921824105,0.3125
8990,0,CF1,L3,0.3,ns,3,3,0.8809908628463745,1,False,0.013029315960912053,0.254071661237785,0.3046875
11061,0,CF1,L3,0.3,ns,7,7,0.8333799839019775,1,False,0.0,0.2182410423452769,0.26171875
7075,0,CF1,L3,0.3,ns,9,5,0.7989883422851562,0,False,0.013029315960912053,0.2280130293159609,0.2734375
17641,0,CF1,L3,0.3,ns,2,2,0.9998400211334229,1,False,0.016286644951140065,0.20846905537459284,0.25
12077,0,CF1,L3,0.3,ns,9,9,0.9993457198143005,1,False,0.009771986970684038,0.21172638436482086,0.25390625
1779,0,CF1,L3,0.3,ns,7,7,0.9961336851119995,1,False,0.026058631921824105,0.254071661237785,0.3046875
11519,0,CF1,L3,0.3,ns,4,4,0.782375693321228,1,False,0.019543973941368076,0.250814332247557,0.30078125
8549,0,CF1,L3,0.3,ns,3,3,0.7984403371810913,1,False,0.003257328990228013,0.21172638436482086,0.25390625
14623,0,CF1,L3,0.3,ns,6,6,0.3646067976951599,1,False,0.02280130293159609,0.250814332247557,0.30078125
10846,0,CF1,L3,0.3,ns,3,3,0.9977533221244812,1,False,0.006514657980456026,0.25732899022801303,0.30859375
16289,0,CF1,L3,0.3,ns,3,3,0.9395799040794373,1,False,0.006514657980456026,0.26058631921824105,0.3125
12311,0,CF1,L3,0.3,ns,8,8,0.83665531873703,1,False,0.013029315960912053,0.2671009771986971,0.3203125
6068,0,CF1,L3,0.3,ns,8,8,0.8817409873008728,1,False,0.003257328990228013,0.25732899022801303,0.30859375
9629,0,CF1,L3,0.3,ns,6,6,0.7851055860519409,1,False,0.019543973941368076,0.23127035830618892,0.27734375
19560,0,CF1,L3,0.3,ns,3,9,0.6129900813102722,0,False,0.003257328990228013,0.250814332247557,0.30078125
10379,0,CF1,L3,0.3,ns,8,8,0.9619746208190918,1,False,0.0,0.2703583061889251,0.32421875
6499,0,CF1,L3,0.3,ns,9,6,0.8565465211868286,0,False,0.016286644951140065,0.24104234527687296,0.2890625
1159,0,CF1,L3,0.3,ns,0,0,0.9978427886962891,1,False,0.02280130293159609,0.2247557003257329,0.26953125
4366,0,CF1,L3,0.3,ns,7,7,0.9980748891830444,1,False,0.016286644951140065,0.28664495114006516,0.34375
8397,0,CF1,L3,0.3,ns,1,0,0.49573373794555664,0,False,0.02280130293159609,0.25732899022801303,0.30859375
20905,0,CF1,L3,0.3,ns,9,9,0.4102821350097656,1,False,0.009771986970684038,0.28664495114006516,0.34375
15746,0,CF1,L3,0.3,ns,5,5,0.9388097524642944,1,False,0.003257328990228013,0.254071661237785,0.3046875
9402,0,CF1,L3,0.3,ns,3,8,0.9174453020095825,0,False,0.006514657980456026,0.2736156351791531,0.328125
8164,0,CF1,L3,0.3,ns,2,0,0.5098410248756409,0,False,0.016286644951140065,0.2671009771986971,0.3203125
510,0,CF1,L3,0.3,ns,5,5,0.8251975774765015,1,False,0.009771986970684038,0.24429967426710097,0.29296875
24070,0,CF1,L3,0.3,ns,9,1,0.6438109278678894,0,False,0.013029315960912053,0.30293159609120524,0.36328125
2401,0,CF1,L3,0.3,ns,4,4,0.9893988370895386,1,False,0.013029315960912053,0.254071661237785,0.3046875
12147,0,CF1,L3,0.3,ns,3,3,0.5917834639549255,1,False,0.013029315960912053,0.23127035830618892,0.27734375
14499,0,CF1,L3,0.3,ns,6,6,0.6755819320678711,1,False,0.003257328990228013,0.2671009771986971,0.3203125
3530,0,CF1,L3,0.3,ns,6,6,0.9951825737953186,1,False,0.026058631921824105,0.28013029315960913,0.3359375
14723,0,CF1,L3,0.3,ns,7,2,0.5620845556259155,0,False,0.003257328990228013,0.25732899022801303,0.30859375
4435,0,CF1,L3,0.3,ns,3,3,0.948880136013031,1,False,0.009771986970684038,0.23778501628664495,0.28515625
22852,0,CF1,L3,0.3,ns,2,2,0.706771194934845,1,False,0.003257328990228013,0.23452768729641693,0.28125
8461,0,CF1,L3,0.3,ns,3,3,0.9992864727973938,1,False,0.009771986970684038,0.26058631921824105,0.3125
21972,0,CF1,L3,0.3,ns,7,7,0.9985446929931641,1,False,0.026058631921824105,0.28338762214983715,0.33984375
5410,0,CF1,L3,0.3,ns,4,4,0.9355316162109375,1,False,0.009771986970684038,0.26384364820846906,0.31640625
17754,0,CF1,L3,0.3,ns,6,6,0.9722744822502136,1,False,0.0,0.23452768729641693,0.28125
15311,0,CF1,L3,0.3,ns,2,2,0.9997066855430603,1,False,0.016286644951140065,0.22149837133550487,0.265625
15185,0,CF1,L3,0.3,ns,1,1,0.9628100991249084,1,False,0.006514657980456026,0.254071661237785,0.3046875
5663,0,CF1,L3,0.3,ns,4,4,0.7613291144371033,1,False,0.016286644951140065,0.28013029315960913,0.3359375
6247,0,CF1,L3,0.3,ns,6,6,0.9944354295730591,1,False,0.003257328990228013,0.24429967426710097,0.29296875
15287,0,CF1,L3,0.3,ns,0,2,0.5131839513778687,0,False,0.0,0.250814332247557,0.30078125
19902,0,CF1,L3,0.3,ns,0,0,0.9945672750473022,1,False,0.013029315960912053,0.2736156351791531,0.328125
25188,0,CF1,L3,0.3,ns,4,4,0.729773223400116,1,False,0.003257328990228013,0.24104234527687296,0.2890625
11195,0,CF1,L3,0.3,ns,8,8,0.5303460359573364,1,False,0.006514657980456026,0.25732899022801303,0.30859375
4828,0,CF1,L3,0.3,ns,7,1,0.5238862037658691,0,False,0.009771986970684038,0.23778501628664495,0.28515625
23751,0,CF1,L3,0.3,ns,5,5,0.9362053871154785,1,False,0.013029315960912053,0.24104234527687296,0.2890625
9464,0,CF1,L3,0.3,ns,3,1,0.6651620268821716,0,False,0.006514657980456026,0.247557003257329,0.296875
25723,0,CF1,L3,0.3,ns,0,0,0.990053653717041,1,False,0.013029315960912053,0.254071661237785,0.3046875
16859,0,CF1,L3,0.3,ns,5,5,0.9799458384513855,1,False,0.006514657980456026,0.26384364820846906,0.31640625
3601,0,CF1,L3,0.3,ns,1,1,0.9979828596115112,1,False,0.013029315960912053,0.25732899022801303,0.30859375
11679,0,CF1,L3,0.3,ns,6,6,0.977586567401886,1,False,0.006514657980456026,0.2671009771986971,0.3203125
12135,0,CF1,L3,0.3,ns,7,1,0.5052276849746704,0,False,0.016286644951140065,0.20846905537459284,0.25
16329,0,CF1,L3,0.3,ns,1,1,0.8099662065505981,1,False,0.003257328990228013,0.23452768729641693,0.28125
94,0,CF1,L3,0.3,ns,4,4,0.4674440026283264,1,False,0.009771986970684038,0.26384364820846906,0.31640625
14517,0,CF1,L3,0.3,ns,9,5,0.49030181765556335,0,False,0.003257328990228013,0.2703583061889251,0.32421875
16852,0,CF1,L3,0.3,ns,3,3,0.9947671890258789,1,False,0.013029315960912053,0.2736156351791531,0.328125
6852,0,CF1,L3,0.3,ns,6,6,0.5127596855163574,1,False,0.016286644951140065,0.2182410423452769,0.26171875
24858,0,CF1,L3,0.3,ns,3,3,0.9865263104438782,1,False,0.013029315960912053,0.23127035830618892,0.27734375
297,0,CF1,L3,0.3,ns,9,9,0.8261693716049194,1,False,0.009771986970684038,0.250814332247557,0.30078125
12339,0,CF1,L3,0.3,ns,2,2,0.999718964099884,1,False,0.006514657980456026,0.23778501628664495,0.28515625
20811,0,CF1,L3,0.3,ns,8,8,0.9468488097190857,1,False,0.006514657980456026,0.2768729641693811,0.33203125
12439,0,CF1,L3,0.3,ns,5,5,0.884750247001648,1,False,0.009771986970684038,0.22149837133550487,0.265625
16632,0,CF1,L3,0.3,ns,9,0,0.9380590319633484,0,False,0.013029315960912053,0.2280130293159609,0.2734375
5798,0,CF1,L3,0.3,ns,4,9,0.4314996600151062,0,False,0.019543973941368076,0.24104234527687296,0.2890625
18458,0,CF1,L3,0.3,ns,3,3,0.9696457386016846,1,False,0.009771986970684038,0.23127035830618892,0.27734375
6105,0,CF1,L3,0.3,ns,5,5,0.9179653525352478,1,False,0.019543973941368076,0.28664495114006516,0.34375
10321,0,CF1,L3,0.3,ns,6,6,0.9493302702903748,1,False,0.009771986970684038,0.26058631921824105,0.3125
21771,0,CF1,L3,0.3,ns,7,7,0.9923388957977295,1,False,0.006514657980456026,0.247557003257329,0.296875
22194,0,CF1,L3,0.3,ns,0,0,0.9896480441093445,1,False,0.009771986970684038,0.2964169381107492,0.35546875
6,0,CF1,L3,0.3,ns,9,9,0.6671853065490723,1,False,0.013029315960912053,0.28013029315960913,0.3359375
912,0,CF1,L3,0.3,ns,7,7,0.9831857681274414,1,False,0.006514657980456026,0.23127035830618892,0.27734375
16910,0,CF1,L3,0.3,ns,5,5,0.8872366547584534,1,False,0.016286644951140065,0.19218241042345277,0.23046875
18738,0,CF1,L3,0.3,ns,7,7,0.9982435703277588,1,False,0.016286644951140065,0.26058631921824105,0.3125
18020,0,CF1,L3,0.3,ns,9,9,0.918350875377655,1,False,0.02280130293159609,0.24429967426710097,0.29296875
3462,0,CF1,L3,0.3,ns,8,8,0.4291270077228546,1,False,0.006514657980456026,0.24429967426710097,0.29296875
5696,0,CF1,L3,0.3,ns,1,0,0.29998278617858887,0,False,0.009771986970684038,0.2996742671009772,0.359375
15066,0,CF1,L3,0.3,ns,3,3,0.9821865558624268,1,False,0.019543973941368076,0.23778501628664495,0.28515625
10653,0,CF1,L3,0.3,ns,9,9,0.7319388389587402,1,False,0.016286644951140065,0.26384364820846906,0.31640625
13337,0,CF1,L3,0.3,ns,2,2,0.9999822378158569,1,False,0.006514657980456026,0.2671009771986971,0.3203125
12340,0,CF1,L3,0.3,ns,5,5,0.9942658543586731,1,False,0.006514657980456026,0.254071661237785,0.3046875
9536,0,CF1,L3,0.3,ns,0,0,0.9985860586166382,1,False,0.006514657980456026,0.24429967426710097,0.29296875
3566,0,CF1,L3,0.3,ns,4,4,0.6494706273078918,1,False,0.003257328990228013,0.23127035830618892,0.27734375
20090,0,CF1,L3,0.3,ns,4,4,0.9273065328598022,1,False,0.0,0.2280130293159609,0.2734375
211,0,CF1,L3,0.3,ns,0,0,0.9505313038825989,1,False,0.016286644951140065,0.2280130293159609,0.2734375
55,0,CF1,L3,0.3,ns,8,6,0.7821677923202515,0,False,0.006514657980456026,0.23778501628664495,0.28515625
1477,0,CF1,L3,0.3,ns,2,5,0.40067368745803833,0,False,0.006514657980456026,0.2703583061889251,0.32421875
25898,0,CF1,L3,0.3,ns,0,6,0.8051133751869202,0,False,0.0,0.250814332247557,0.30078125
25713,0,CF1,L3,0.3,ns,0,0,0.6846616268157959,1,False,0.013029315960912053,0.26058631921824105,0.3125
18055,0,CF1,L3,0.3,ns,3,3,0.9968262910842896,1,False,0.013029315960912053,0.23452768729641693,0.28125
17461,0,CF1,L3,0.3,ns,3,3,0.9337663054466248,1,False,0.02280130293159609,0.2964169381107492,0.35546875
14237,0,CF1,L3,0.3,ns,7,7,0.7658758759498596,1,False,0.009771986970684038,0.2768729641693811,0.33203125
13858,0,CF1,L3,0.3,ns,1,1,0.9984727501869202,1,False,0.006514657980456026,0.23127035830618892,0.27734375
12386,0,CF1,L3,0.3,ns,5,5,0.7735803127288818,1,False,0.013029315960912053,0.2736156351791531,0.328125
7223,0,CF1,L3,0.3,ns,9,9,0.9912551641464233,1,False,0.019543973941368076,0.25732899022801303,0.30859375
3153,0,CF1,L3,0.3,ns,5,5,0.7036364078521729,1,False,0.009771986970684038,0.2768729641693811,0.33203125
23265,0,CF1,L3,0.3,ns,8,8,0.7285758256912231,1,False,0.009771986970684038,0.22149837133550487,0.265625
9465,0,CF1,L3,0.3,ns,0,0,0.44047507643699646,1,False,0.016286644951140065,0.23452768729641693,0.28125
7419,0,CF1,L3,0.3,ns,0,0,0.9975835084915161,1,False,0.006514657980456026,0.250814332247557,0.30078125
4722,0,CF1,L3,0.3,ns,6,6,0.801047146320343,1,False,0.019543973941368076,0.247557003257329,0.296875
23448,0,CF1,L3,0.3,ns,6,0,0.8050639629364014,0,False,0.003257328990228013,0.28013029315960913,0.3359375
8222,0,CF1,L3,0.3,ns,2,2,0.9636987447738647,1,False,0.0,0.24104234527687296,0.2890625
20898,0,CF1,L3,0.3,ns,8,8,0.98060142993927,1,False,0.009771986970684038,0.24429967426710097,0.29296875
23313,0,CF1,L3,0.3,ns,2,2,0.9991644620895386,1,False,0.013029315960912053,0.20521172638436483,0.24609375
13426,0,CF1,L3,0.3,ns,2,2,0.9884987473487854,1,False,0.013029315960912053,0.26058631921824105,0.3125
25136,0,CF1,L3,0.3,ns,4,4,0.9999150037765503,1,False,0.009771986970684038,0.20846905537459284,0.25
9268,0,CF1,L3,0.3,ns,4,4,0.9988160133361816,1,False,0.009771986970684038,0.26058631921824105,0.3125
3892,0,CF1,L3,0.3,ns,1,1,0.9995912909507751,1,False,0.013029315960912053,0.20846905537459284,0.25
4115,0,CF1,L3,0.3,ns,3,0,0.6196613311767578,0,False,0.006514657980456026,0.247557003257329,0.296875
5166,0,CF1,L3,0.3,ns,7,7,0.9950749278068542,1,False,0.006514657980456026,0.2671009771986971,0.3203125
14984,0,CF1,L3,0.3,ns,3,9,0.32183682918548584,0,False,0.006514657980456026,0.2736156351791531,0.328125
10520,0,CF1,L3,0.3,ns,1,1,0.8743789196014404,1,False,0.006514657980456026,0.2280130293159609,0.2734375
4379,0,CF1,L3,0.3,ns,2,2,0.9999324083328247,1,False,0.016286644951140065,0.24429967426710097,0.29296875
8937,0,CF1,L3,0.3,ns,1,1,0.9889304041862488,1,False,0.009771986970684038,0.25732899022801303,0.30859375
17550,0,CF1,L3,0.3,ns,9,9,0.9988470077514648,1,False,0.0,0.2736156351791531,0.328125
19085,0,CF1,L3,0.3,ns,9,9,0.977674663066864,1,False,0.0,0.23452768729641693,0.28125
17902,0,CF1,L3,0.3,ns,6,6,0.6712620854377747,1,False,0.003257328990228013,0.254071661237785,0.3046875
14780,0,CF1,L3,0.3,ns,8,3,0.6579518914222717,0,False,0.009771986970684038,0.24429967426710097,0.29296875
8401,0,CF1,L3,0.3,ns,0,0,0.9904592037200928,1,False,0.009771986970684038,0.254071661237785,0.3046875
11230,0,CF1,L3,0.3,ns,2,2,0.9837825894355774,1,False,0.003257328990228013,0.254071661237785,0.3046875
1772,0,CF1,L3,0.3,ns,3,3,0.9924781322479248,1,False,0.006514657980456026,0.250814332247557,0.30078125
13326,0,CF1,L3,0.3,ns,4,4,0.99958735704422,1,False,0.006514657980456026,0.2280130293159609,0.2734375
15230,0,CF1,L3,0.3,ns,5,2,0.7666436433792114,0,False,0.003257328990228013,0.2931596091205212,0.3515625
20557,0,CF1,L3,0.3,ns,0,0,0.9640913605690002,1,False,0.006514657980456026,0.28338762214983715,0.33984375
9555,0,CF1,L3,0.3,ns,1,1,0.9994279742240906,1,False,0.006514657980456026,0.25732899022801303,0.30859375
3667,0,CF1,L3,0.3,ns,6,6,0.962361216545105,1,False,0.003257328990228013,0.247557003257329,0.296875
5316,0,CF1,L3,0.3,ns,5,5,0.8667101263999939,1,False,0.0,0.21172638436482086,0.25390625
3606,0,CF1,L3,0.3,ns,5,5,0.36414822936058044,1,False,0.003257328990228013,0.28664495114006516,0.34375
25776,0,CF1,L3,0.3,ns,6,6,0.9628207087516785,1,False,0.013029315960912053,0.247557003257329,0.296875
22231,0,CF1,L3,0.3,ns,1,1,0.999667763710022,1,False,0.003257328990228013,0.28013029315960913,0.3359375
10855,0,CF1,L3,0.3,ns,7,7,0.9992006421089172,1,False,0.013029315960912053,0.20846905537459284,0.25
130,0,CF1,L3,0.3,ns,6,6,0.9987201690673828,1,False,0.009771986970684038,0.22149837133550487,0.265625
434,0,CF1,L3,0.3,ns,8,8,0.43790796399116516,1,False,0.013029315960912053,0.2182410423452769,0.26171875
5308,0,CF1,L3,0.3,ns,5,9,0.26666513085365295,0,False,0.013029315960912053,0.2736156351791531,0.328125
17682,0,CF1,L3,0.3,ns,4,4,0.4669428765773773,1,False,0.006514657980456026,0.26058631921824105,0.3125
16682,0,CF1,L3,0.3,ns,8,8,0.9313359260559082,1,False,0.02280130293159609,0.2182410423452769,0.26171875
12660,0,CF1,L3,0.3,ns,5,5,0.945188581943512,1,False,0.006514657980456026,0.2703583061889251,0.32421875
21362,0,CF1,L3,0.3,ns,5,5,0.9948294758796692,1,False,0.003257328990228013,0.24429967426710097,0.29296875
15483,0,CF1,L3,0.3,ns,4,4,0.7910077571868896,1,False,0.006514657980456026,0.26384364820846906,0.31640625
5289,0,CF1,L3,0.3,ns,5,3,0.41994509100914,0,False,0.009771986970684038,0.24429967426710097,0.29296875
19757,0,CF1,L3,0.3,ns,1,1,0.9967970252037048,1,False,0.006514657980456026,0.23127035830618892,0.27734375
6799,0,CF1,L3,0.3,ns,2,2,0.9947836995124817,1,False,0.016286644951140065,0.24429967426710097,0.29296875
18871,0,CF1,L3,0.3,ns,2,2,0.9991944432258606,1,False,0.009771986970684038,0.25732899022801303,0.30859375
4740,0,CF1,L3,0.3,ns,3,3,0.926918625831604,1,False,0.026058631921824105,0.2671009771986971,0.3203125
14926,0,CF1,L3,0.3,ns,5,5,0.9331710934638977,1,False,0.003257328990228013,0.2182410423452769,0.26171875
3549,0,CF1,L3,0.3,ns,4,4,0.6326972842216492,1,False,0.019543973941368076,0.2736156351791531,0.328125
13336,0,CF1,L3,0.3,ns,9,9,0.5208106637001038,1,False,0.003257328990228013,0.23778501628664495,0.28515625
8302,0,CF1,L3,0.3,ns,3,2,0.5301860570907593,0,False,0.019543973941368076,0.25732899022801303,0.30859375
19884,0,CF1,L3,0.3,ns,8,8,0.7493877410888672,1,False,0.02280130293159609,0.26058631921824105,0.3125
6927,0,CF1,L3,0.3,ns,1,1,0.9774454832077026,1,False,0.009771986970684038,0.25732899022801303,0.30859375
15277,0,CF1,L3,0.3,ns,6,6,0.985205352306366,1,False,0.013029315960912053,0.1986970684039088,0.23828125
20278,0,CF1,L3,0.3,ns,3,3,0.9492614269256592,1,False,0.016286644951140065,0.250814332247557,0.30078125
654,0,CF1,L3,0.3,ns,8,8,0.9621798396110535,1,False,0.003257328990228013,0.254071661237785,0.3046875
19020,0,CF1,L3,0.3,ns,0,0,0.9400976896286011,1,False,0.009771986970684038,0.247557003257329,0.296875
25403,0,CF1,L3,0.3,ns,3,3,0.8921315670013428,1,False,0.003257328990228013,0.2671009771986971,0.3203125
1745,0,CF1,L3,0.3,ns,8,8,0.9106634259223938,1,False,0.013029315960912053,0.247557003257329,0.296875
10726,0,CF1,L3,0.3,ns,4,4,0.9617361426353455,1,False,0.016286644951140065,0.2899022801302932,0.34765625
23431,0,CF1,L3,0.3,ns,4,4,0.9996824264526367,1,False,0.016286644951140065,0.28013029315960913,0.3359375
231,0,CF1,L3,0.3,ns,5,5,0.9941165447235107,1,False,0.016286644951140065,0.2703583061889251,0.32421875
20678,0,CF1,L3,0.3,ns,7,7,0.9725331664085388,1,False,0.016286644951140065,0.2768729641693811,0.33203125
15851,0,CF1,L3,0.3,ns,1,1,0.9982320666313171,1,False,0.009771986970684038,0.254071661237785,0.3046875
24015,0,CF1,L3,0.3,ns,0,0,0.9998999834060669,1,False,0.009771986970684038,0.254071661237785,0.3046875
1082,0,CF1,L3,0.3,ns,6,6,0.49270719289779663,1,False,0.019543973941368076,0.2671009771986971,0.3203125
5573,0,CF1,L3,0.3,ns,8,8,0.3400852680206299,1,False,0.019543973941368076,0.26384364820846906,0.31640625
11289,0,CF1,L3,0.3,ns,1,1,0.9996964931488037,1,False,0.006514657980456026,0.2736156351791531,0.328125
1751,0,CF1,L3,0.3,ns,0,0,0.5695080161094666,1,False,0.0,0.25732899022801303,0.30859375
4594,0,CF1,L3,0.3,ns,6,6,0.9866654276847839,1,False,0.009771986970684038,0.2280130293159609,0.2734375
21127,0,CF1,L3,0.3,ns,8,8,0.983992874622345,1,False,0.009771986970684038,0.26058631921824105,0.3125
12370,0,CF1,L3,0.3,ns,4,4,0.8857936859130859,1,False,0.006514657980456026,0.26058631921824105,0.3125
4125,0,CF1,L3,0.3,ns,6,6,0.9977327585220337,1,False,0.003257328990228013,0.24429967426710097,0.29296875
11008,0,CF1,L3,0.3,ns,1,1,0.9912198185920715,1,False,0.013029315960912053,0.250814332247557,0.30078125
23395,0,CF1,L3,0.3,ns,7,7,0.9882057905197144,1,False,0.009771986970684038,0.23127035830618892,0.27734375
3080,0,CF1,L3,0.3,ns,3,3,0.9939785003662109,1,False,0.0,0.26384364820846906,0.31640625
22400,0,CF1,L3,0.3,ns,0,0,0.9999752044677734,1,False,0.026058631921824105,0.24429967426710097,0.29296875
22514,0,CF1,L3,0.3,ns,1,1,0.976599395275116,1,False,0.006514657980456026,0.21172638436482086,0.25390625
15137,0,CF1,L3,0.3,ns,0,0,0.996459424495697,1,False,0.009771986970684038,0.25732899022801303,0.30859375
6681,0,CF1,L3,0.3,ns,0,0,0.9950770735740662,1,False,0.016286644951140065,0.2703583061889251,0.32421875
5219,0,CF1,L3,0.3,ns,5,5,0.3604709506034851,1,False,0.016286644951140065,0.25732899022801303,0.30859375
2355,0,CF1,L3,0.3,ns,2,2,0.8530495762825012,1,False,0.019543973941368076,0.23452768729641693,0.28125
4674,0,CF1,L3,0.3,ns,5,3,0.5748449563980103,0,False,0.006514657980456026,0.23452768729641693,0.28125
14575,0,CF1,L3,0.3,ns,1,1,0.9999986886978149,1,False,0.009771986970684038,0.2899022801302932,0.34765625
6563,0,CF1,L3,0.3,ns,5,5,0.9055546522140503,1,False,0.019543973941368076,0.21498371335504887,0.2578125
17492,0,CF1,L3,0.3,ns,9,9,0.5883345603942871,1,False,0.006514657980456026,0.250814332247557,0.30078125
15770,0,CF1,L3,0.3,ns,7,7,0.9882538318634033,1,False,0.003257328990228013,0.2182410423452769,0.26171875
20830,0,CF1,L3,0.3,ns,1,1,0.9985252022743225,1,False,0.013029315960912053,0.24429967426710097,0.29296875
1777,0,CF1,L3,0.3,ns,2,2,0.9988929629325867,1,False,0.009771986970684038,0.247557003257329,0.296875
21617,0,CF1,L3,0.3,ns,7,7,0.9978461265563965,1,False,0.013029315960912053,0.26384364820846906,0.31640625
21293,0,CF1,L3,0.3,ns,4,6,0.25669994950294495,0,False,0.006514657980456026,0.28013029315960913,0.3359375
14504,0,CF1,L3,0.3,ns,0,3,0.5642421841621399,0,False,0.006514657980456026,0.28013029315960913,0.3359375
21236,0,CF1,L3,0.3,ns,7,7,0.9914067983627319,1,False,0.0,0.247557003257329,0.296875
18558,0,CF1,L3,0.3,ns,4,4,0.9898412823677063,1,False,0.016286644951140065,0.247557003257329,0.296875
22916,0,CF1,L3,0.3,ns,8,8,0.5870781540870667,1,False,0.02280130293159609,0.20195439739413681,0.2421875
18760,0,CF1,L3,0.3,ns,6,2,0.9062306880950928,0,False,0.013029315960912053,0.28338762214983715,0.33984375
17389,0,CF1,L3,0.3,ns,8,8,0.8478916883468628,1,False,0.006514657980456026,0.2736156351791531,0.328125
13155,0,CF1,L3,0.3,ns,8,8,0.4215438663959503,1,False,0.006514657980456026,0.2280130293159609,0.2734375
13999,0,CF1,L3,0.3,ns,5,5,0.9550977349281311,1,False,0.003257328990228013,0.25732899022801303,0.30859375
10265,0,CF1,L3,0.3,ns,8,8,0.9634930491447449,1,False,0.006514657980456026,0.254071661237785,0.3046875
17239,0,CF1,L3,0.3,ns,2,2,0.9998977184295654,1,False,0.006514657980456026,0.254071661237785,0.3046875
6288,0,CF1,L3,0.3,ns,3,3,0.5686891078948975,1,False,0.0,0.24104234527687296,0.2890625
11514,0,CF1,L3,0.3,ns,6,6,0.6925666332244873,1,False,0.0,0.25732899022801303,0.30859375
23652,0,CF1,L3,0.3,ns,1,1,0.9997473359107971,1,False,0.006514657980456026,0.28013029315960913,0.3359375
11939,0,CF1,L3,0.3,ns,6,6,0.9965636134147644,1,False,0.016286644951140065,0.2247557003257329,0.26953125
2174,0,CF1,L3,0.3,ns,7,7,0.8555615544319153,1,False,0.013029315960912053,0.24429967426710097,0.29296875
15441,0,CF1,L3,0.3,ns,4,4,0.9944747090339661,1,False,0.006514657980456026,0.247557003257329,0.296875
12260,0,CF1,L3,0.3,ns,1,1,0.9711116552352905,1,False,0.026058631921824105,0.24104234527687296,0.2890625
25046,0,CF1,L3,0.3,ns,6,6,0.9305608868598938,1,False,0.006514657980456026,0.2736156351791531,0.328125
13958,0,CF1,L3,0.3,ns,9,9,0.40845155715942383,1,False,0.019543973941368076,0.26384364820846906,0.31640625
20974,0,CF1,L3,0.3,ns,8,8,0.7550832033157349,1,False,0.02280130293159609,0.21172638436482086,0.25390625
10626,0,CF1,L3,0.3,ns,6,6,0.9030320644378662,1,False,0.009771986970684038,0.24429967426710097,0.29296875
22545,0,CF1,L3,0.3,ns,5,5,0.7409517168998718,1,False,0.009771986970684038,0.28664495114006516,0.34375
20288,0,CF1,L3,0.3,ns,5,5,0.5973438024520874,1,False,0.006514657980456026,0.250814332247557,0.30078125
13790,0,CF1,L3,0.3,ns,7,7,0.9976301193237305,1,False,0.006514657980456026,0.24104234527687296,0.2890625
2817,0,CF1,L3,0.3,ns,4,4,0.8096926808357239,1,False,0.006514657980456026,0.25732899022801303,0.30859375
8344,0,CF1,L3,0.3,ns,4,4,0.9974203109741211,1,False,0.013029315960912053,0.2671009771986971,0.3203125
11708,0,CF1,L3,0.3,ns,1,1,0.9997569918632507,1,False,0.02280130293159609,0.28338762214983715,0.33984375
2379,0,CF1,L3,0.3,ns,1,1,0.9686093330383301,1,False,0.016286644951140065,0.2182410423452769,0.26171875
23602,0,CF1,L3,0.3,ns,2,2,0.9863976836204529,1,False,0.013029315960912053,0.250814332247557,0.30078125
24357,0,CF1,L3,0.3,ns,8,6,0.571275532245636,0,False,0.013029315960912053,0.254071661237785,0.3046875
16783,0,CF1,L3,0.3,ns,4,4,0.9935722351074219,1,False,0.016286644951140065,0.24429967426710097,0.29296875
11723,0,CF1,L3,0.3,ns,9,9,0.9932392835617065,1,False,0.013029315960912053,0.24104234527687296,0.2890625
5140,0,CF1,L3,0.3,ns,5,5,0.9644874334335327,1,False,0.0,0.2703583061889251,0.32421875
14563,0,CF1,L3,0.3,ns,1,1,0.9998910427093506,1,False,0.009771986970684038,0.2736156351791531,0.328125
11905,0,CF1,L3,0.3,ns,7,1,0.49437591433525085,0,False,0.003257328990228013,0.28013029315960913,0.3359375
4657,0,CF1,L3,0.3,ns,5,5,0.9644890427589417,1,False,0.006514657980456026,0.26384364820846906,0.31640625
9888,0,CF1,L3,0.3,ns,7,7,0.9938905239105225,1,False,0.013029315960912053,0.24104234527687296,0.2890625
22827,0,CF1,L3,0.3,ns,6,6,0.8153989911079407,1,False,0.019543973941368076,0.23127035830618892,0.27734375
23911,0,CF1,L3,0.3,ns,7,7,0.9982140064239502,1,False,0.009771986970684038,0.22149837133550487,0.265625
968,0,CF1,L3,0.3,ns,3,3,0.8383827805519104,1,False,0.0,0.24104234527687296,0.2890625
18416,0,CF1,L3,0.3,ns,2,2,0.9724058508872986,1,False,0.006514657980456026,0.23778501628664495,0.28515625
15166,0,CF1,L3,0.3,ns,7,7,0.9880107045173645,1,False,0.0,0.26384364820846906,0.31640625
15537,0,CF1,L3,0.3,ns,6,6,0.34931254386901855,1,False,0.009771986970684038,0.2182410423452769,0.26171875
112,0,CF1,L3,0.3,ns,6,6,0.9284167289733887,1,False,0.013029315960912053,0.254071661237785,0.3046875
9754,0,CF1,L3,0.3,ns,8,8,0.9870175719261169,1,False,0.006514657980456026,0.23778501628664495,0.28515625
3827,0,CF1,L3,0.3,ns,1,1,0.995347797870636,1,False,0.016286644951140065,0.254071661237785,0.3046875
16427,0,CF1,L3,0.3,ns,8,8,0.9320346117019653,1,False,0.006514657980456026,0.2736156351791531,0.328125
4853,0,CF1,L3,0.3,ns,8,1,0.5572172999382019,0,False,0.016286644951140065,0.2247557003257329,0.26953125
5025,0,CF1,L3,0.3,ns,8,1,0.2905484437942505,0,False,0.003257328990228013,0.2280130293159609,0.2734375
5497,0,CF1,L3,0.3,ns,5,5,0.6655856966972351,1,False,0.02280130293159609,0.250814332247557,0.30078125
415,0,CF1,L3,0.3,ns,5,5,0.8826497793197632,1,False,0.009771986970684038,0.24429967426710097,0.29296875
6055,0,CF1,L3,0.3,ns,2,2,0.9999359846115112,1,False,0.006514657980456026,0.26058631921824105,0.3125
4242,0,CF1,L3,0.3,ns,6,5,0.7264922857284546,0,False,0.006514657980456026,0.250814332247557,0.30078125
16007,0,CF1,L3,0.3,ns,3,3,0.9942132830619812,1,False,0.006514657980456026,0.26058631921824105,0.3125
16184,0,CF1,L3,0.3,ns,6,6,0.9060660004615784,1,False,0.009771986970684038,0.26058631921824105,0.3125
15180,0,CF1,L3,0.3,ns,2,2,0.6807441115379333,1,False,0.016286644951140065,0.2182410423452769,0.26171875
16402,0,CF1,L3,0.3,ns,3,3,0.9991219639778137,1,False,0.016286644951140065,0.2280130293159609,0.2734375
12883,0,CF1,L3,0.3,ns,7,7,0.9797419309616089,1,False,0.016286644951140065,0.2899022801302932,0.34765625
12596,0,CF1,L3,0.3,ns,2,2,0.9999535083770752,1,False,0.013029315960912053,0.24104234527687296,0.2890625
13383,0,CF1,L3,0.3,ns,0,0,0.9996092915534973,1,False,0.006514657980456026,0.21498371335504887,0.2578125
17140,0,CF1,L3,0.3,ns,0,0,0.9776558876037598,1,False,0.013029315960912053,0.23778501628664495,0.28515625
11249,0,CF1,L3,0.3,ns,7,7,0.9765089154243469,1,False,0.009771986970684038,0.24104234527687296,0.2890625
2927,0,CF1,L3,0.3,ns,3,3,0.9529852867126465,1,False,0.013029315960912053,0.24429967426710097,0.29296875
13380,0,CF1,L3,0.3,ns,3,3,0.9368536472320557,1,False,0.009771986970684038,0.2768729641693811,0.33203125
24593,0,CF1,L3,0.3,ns,5,5,0.9736385941505432,1,False,0.009771986970684038,0.247557003257329,0.296875
14507,0,CF1,L3,0.3,ns,8,3,0.42632246017456055,0,False,0.016286644951140065,0.23452768729641693,0.28125
9355,0,CF1,L3,0.3,ns,8,8,0.776669979095459,1,False,0.009771986970684038,0.24104234527687296,0.2890625
3943,0,CF1,L3,0.3,ns,3,3,0.7932586669921875,1,False,0.009771986970684038,0.25732899022801303,0.30859375
4913,0,CF1,L3,0.3,ns,4,4,0.9886693358421326,1,False,0.013029315960912053,0.26058631921824105,0.3125
23440,0,CF1,L3,0.3,ns,4,4,0.4468000829219818,1,False,0.02280130293159609,0.20521172638436483,0.24609375
19289,0,CF1,L3,0.3,ns,7,7,0.9809486865997314,1,False,0.019543973941368076,0.23778501628664495,0.28515625
17841,0,CF1,L3,0.3,ns,6,6,0.9780338406562805,1,False,0.0,0.250814332247557,0.30078125
18139,0,CF1,L3,0.3,ns,0,0,0.93867427110672,1,False,0.016286644951140065,0.2247557003257329,0.26953125
18549,0,CF1,L3,0.3,ns,7,7,0.9997414946556091,1,False,0.016286644951140065,0.28013029315960913,0.3359375
7215,0,CF1,L3,0.3,ns,7,7,0.9999872446060181,1,False,0.016286644951140065,0.25732899022801303,0.30859375
10574,0,CF1,L3,0.3,ns,7,7,0.7764711380004883,1,False,0.009771986970684038,0.24429967426710097,0.29296875
10329,0,CF1,L3,0.3,ns,7,7,0.4773964583873749,1,False,0.003257328990228013,0.23778501628664495,0.28515625
21502,0,CF1,L3,0.3,ns,4,4,0.9742140173912048,1,False,0.013029315960912053,0.20846905537459284,0.25
1209,0,CF1,L3,0.3,ns,8,8,0.690421998500824,1,False,0.013029315960912053,0.247557003257329,0.296875
22202,0,CF1,L3,0.3,ns,6,6,0.9513341784477234,1,False,0.016286644951140065,0.2703583061889251,0.32421875
12914,0,CF1,L3,0.3,ns,2,2,0.9216839671134949,1,False,0.016286644951140065,0.25732899022801303,0.30859375
23477,0,CF1,L3,0.3,ns,6,6,0.912693977355957,1,False,0.016286644951140065,0.2703583061889251,0.32421875
13286,0,CF1,L3,0.3,ns,5,5,0.8289765119552612,1,False,0.006514657980456026,0.254071661237785,0.3046875
24957,0,CF1,L3,0.3,ns,2,2,0.9991212487220764,1,False,0.003257328990228013,0.23452768729641693,0.28125
23215,0,CF1,L3,0.3,ns,9,9,0.8220112919807434,1,False,0.013029315960912053,0.24429967426710097,0.29296875
8171,0,CF1,L3,0.3,ns,3,3,0.7985658049583435,1,False,0.003257328990228013,0.23778501628664495,0.28515625
13427,0,CF1,L3,0.3,ns,4,4,0.9900124073028564,1,False,0.019543973941368076,0.22149837133550487,0.265625
1985,0,CF1,L3,0.3,ns,9,9,0.9251796007156372,1,False,0.013029315960912053,0.22149837133550487,0.265625
19607,0,CF1,L3,0.3,ns,1,1,0.8113771080970764,1,False,0.009771986970684038,0.2280130293159609,0.2734375
15138,0,CF1,L3,0.3,ns,4,4,0.9063901305198669,1,False,0.006514657980456026,0.26058631921824105,0.3125
18496,0,CF1,L3,0.3,ns,3,3,0.9965142607688904,1,False,0.006514657980456026,0.21498371335504887,0.2578125
11341,0,CF1,L3,0.3,ns,5,5,0.7334995269775391,1,False,0.016286644951140065,0.28664495114006516,0.34375
3210,0,CF1,L3,0.3,ns,6,5,0.509378969669342,0,False,0.003257328990228013,0.30293159609120524,0.36328125
9044,0,CF1,L3,0.3,ns,3,3,0.9747098088264465,1,False,0.009771986970684038,0.21172638436482086,0.25390625
1784,0,CF1,L3,0.3,ns,1,1,0.709550678730011,1,False,0.009771986970684038,0.2247557003257329,0.26953125
20687,0,CF1,L3,0.3,ns,7,7,0.9960685968399048,1,False,0.006514657980456026,0.250814332247557,0.30078125
21479,0,CF1,L3,0.3,ns,1,1,0.9998261332511902,1,False,0.019543973941368076,0.254071661237785,0.3046875
4465,0,CF1,L3,0.3,ns,7,7,0.9989423155784607,1,False,0.013029315960912053,0.254071661237785,0.3046875
8098,0,CF1,L3,0.3,ns,3,3,0.9999972581863403,1,False,0.003257328990228013,0.24104234527687296,0.2890625
1105,0,CF1,L3,0.3,ns,1,1,0.9934355020523071,1,False,0.009771986970684038,0.247557003257329,0.296875
24036,0,CF1,L3,0.3,ns,0,0,0.9984683394432068,1,False,0.013029315960912053,0.21172638436482086,0.25390625
24825,0,CF1,L3,0.3,ns,1,1,0.9999904632568359,1,False,0.006514657980456026,0.254071661237785,0.3046875
20081,0,CF1,L3,0.3,ns,4,4,0.7488570809364319,1,False,0.006514657980456026,0.247557003257329,0.296875
11780,0,CF1,L3,0.3,ns,5,5,0.7488929629325867,1,False,0.013029315960912053,0.254071661237785,0.3046875
18228,0,CF1,L3,0.3,ns,2,2,0.7830063700675964,1,False,0.019543973941368076,0.2703583061889251,0.32421875
4363,0,CF1,L3,0.3,ns,4,4,0.9984498023986816,1,False,0.003257328990228013,0.247557003257329,0.296875
10210,0,CF1,L3,0.3,ns,7,1,0.8279753923416138,0,False,0.006514657980456026,0.23778501628664495,0.28515625
7005,0,CF1,L3,0.3,ns,2,2,0.9986076951026917,1,False,0.006514657980456026,0.254071661237785,0.3046875
7071,0,CF1,L3,0.3,ns,3,3,0.7250218391418457,1,False,0.009771986970684038,0.250814332247557,0.30078125
25299,0,CF1,L3,0.3,ns,4,4,0.9890686869621277,1,False,0.006514657980456026,0.23452768729641693,0.28125
3393,0,CF1,L3,0.3,ns,0,0,0.7719982862472534,1,False,0.009771986970684038,0.1986970684039088,0.23828125
10532,0,CF1,L3,0.3,ns,8,9,0.3968421518802643,0,False,0.013029315960912053,0.2182410423452769,0.26171875
14271,0,CF1,L3,0.3,ns,3,3,0.7644970417022705,1,False,0.009771986970684038,0.2703583061889251,0.32421875
12814,0,CF1,L3,0.3,ns,4,4,0.9978349804878235,1,False,0.009771986970684038,0.2736156351791531,0.328125
1763,0,CF1,L3,0.3,ns,1,1,0.7220112681388855,1,False,0.006514657980456026,0.23127035830618892,0.27734375
2795,0,CF1,L3,0.3,ns,4,4,0.9502729773521423,1,False,0.003257328990228013,0.25732899022801303,0.30859375
5329,0,CF1,L3,0.3,ns,2,2,0.9672832489013672,1,False,0.003257328990228013,0.2247557003257329,0.26953125
11024,0,CF1,L3,0.3,ns,8,6,0.9340616464614868,0,False,0.013029315960912053,0.247557003257329,0.296875
23383,0,CF1,L3,0.3,ns,6,6,0.9439497590065002,1,False,0.016286644951140065,0.26384364820846906,0.31640625
582,0,CF1,L3,0.3,ns,2,2,0.9559851288795471,1,False,0.016286644951140065,0.2671009771986971,0.3203125
20037,0,CF1,L3,0.3,ns,5,5,0.8921657204627991,1,False,0.003257328990228013,0.23127035830618892,0.27734375
4876,0,CF1,L3,0.3,ns,3,3,0.5839999318122864,1,False,0.009771986970684038,0.2182410423452769,0.26171875
16157,0,CF1,L3,0.3,ns,1,1,0.9993379712104797,1,False,0.013029315960912053,0.25732899022801303,0.30859375
24155,0,CF1,L3,0.3,ns,7,7,0.9998749494552612,1,False,0.019543973941368076,0.2247557003257329,0.26953125
21035,0,CF1,L3,0.3,ns,1,1,0.9998455047607422,1,False,0.013029315960912053,0.247557003257329,0.296875
2530,0,CF1,L3,0.3,ns,2,2,0.7330061197280884,1,False,0.019543973941368076,0.23127035830618892,0.27734375
20951,0,CF1,L3,0.3,ns,4,4,0.986775815486908,1,False,0.013029315960912053,0.26058631921824105,0.3125
9752,0,CF1,L3,0.3,ns,9,9,0.6237339973449707,1,False,0.009771986970684038,0.2280130293159609,0.2734375
20362,0,CF1,L3,0.3,ns,9,8,0.5828554034233093,0,False,0.009771986970684038,0.23452768729641693,0.28125
5669,0,CF1,L3,0.3,ns,2,2,0.9456811547279358,1,False,0.009771986970684038,0.26058631921824105,0.3125
9395,0,CF1,L3,0.3,ns,6,6,0.841264009475708,1,False,0.013029315960912053,0.22149837133550487,0.265625
22115,0,CF1,L3,0.3,ns,2,2,0.5809630751609802,1,False,0.009771986970684038,0.28013029315960913,0.3359375
3784,0,CF1,L3,0.3,ns,5,5,0.5988803505897522,1,False,0.016286644951140065,0.26058631921824105,0.3125
15518,0,CF1,L3,0.3,ns,1,1,0.9300380945205688,1,False,0.013029315960912053,0.254071661237785,0.3046875
22913,0,CF1,L3,0.3,ns,1,1,0.5611430406570435,1,False,0.009771986970684038,0.23452768729641693,0.28125
22485,0,CF1,L3,0.3,ns,8,8,0.9887105822563171,1,False,0.013029315960912053,0.247557003257329,0.296875
14166,0,CF1,L3,0.3,ns,9,9,0.5292407870292664,1,False,0.006514657980456026,0.2280130293159609,0.2734375
4606,0,CF1,L3,0.3,ns,8,8,0.7369509339332581,1,False,0.006514657980456026,0.23127035830618892,0.27734375
12043,0,CF1,L3,0.3,ns,8,8,0.2826893627643585,1,False,0.013029315960912053,0.28664495114006516,0.34375
20255,0,CF1,L3,0.3,ns,9,9,0.9723532199859619,1,False,0.006514657980456026,0.2182410423452769,0.26171875
21390,0,CF1,L3,0.3,ns,8,8,0.44058603048324585,1,False,0.02280130293159609,0.24104234527687296,0.2890625
13388,0,CF1,L3,0.3,ns,6,6,0.9014358520507812,1,False,0.009771986970684038,0.247557003257329,0.296875
9382,0,CF1,L3,0.3,ns,0,0,0.998863935470581,1,False,0.009771986970684038,0.2703583061889251,0.32421875
11878,0,CF1,L3,0.3,ns,4,4,0.9978345036506653,1,False,0.013029315960912053,0.20846905537459284,0.25
10774,0,CF1,L3,0.3,ns,1,1,0.9999936819076538,1,False,0.006514657980456026,0.254071661237785,0.3046875
2211,0,CF1,L3,0.3,ns,4,4,0.9988792538642883,1,False,0.009771986970684038,0.2247557003257329,0.26953125
22804,0,CF1,L3,0.3,ns,1,1,0.9896820187568665,1,False,0.006514657980456026,0.2671009771986971,0.3203125
17903,0,CF1,L3,0.3,ns,3,0,0.6535261273384094,0,False,0.0,0.26384364820846906,0.31640625
16889,0,CF1,L3,0.3,ns,1,1,0.6881709098815918,1,False,0.009771986970684038,0.2736156351791531,0.328125
3013,0,CF1,L3,0.3,ns,8,8,0.8396895527839661,1,False,0.006514657980456026,0.247557003257329,0.296875
19919,0,CF1,L3,0.3,ns,8,8,0.6004518866539001,1,False,0.016286644951140065,0.24104234527687296,0.2890625
7911,0,CF1,L3,0.3,ns,0,0,0.7657517194747925,1,False,0.016286644951140065,0.23127035830618892,0.27734375
6473,0,CF1,L3,0.3,ns,5,5,0.9923564195632935,1,False,0.0,0.254071661237785,0.3046875
14963,0,CF1,L3,0.3,ns,2,2,0.9304137825965881,1,False,0.016286644951140065,0.2671009771986971,0.3203125
3189,0,CF1,L3,0.3,ns,3,3,0.8670105338096619,1,False,0.006514657980456026,0.247557003257329,0.296875
21433,0,CF1,L3,0.3,ns,6,6,0.7495948076248169,1,False,0.006514657980456026,0.2768729641693811,0.33203125
21534,0,CF1,L3,0.3,ns,9,9,0.998849630355835,1,False,0.006514657980456026,0.2768729641693811,0.33203125
4378,0,CF1,L3,0.3,ns,4,4,0.7595427632331848,1,False,0.006514657980456026,0.2703583061889251,0.32421875
4179,0,CF1,L3,0.3,ns,3,3,0.9999959468841553,1,False,0.013029315960912053,0.24429967426710097,0.29296875
20275,0,CF1,L3,0.3,ns,7,7,0.9295318126678467,1,False,0.009771986970684038,0.30293159609120524,0.36328125
724,0,CF1,L3,0.3,ns,4,4,0.9421699047088623,1,False,0.013029315960912053,0.2671009771986971,0.3203125
15532,0,CF1,L3,0.3,ns,5,5,0.9934917092323303,1,False,0.009771986970684038,0.23778501628664495,0.28515625
7808,0,CF1,L3,0.3,ns,4,3,0.4352300465106964,0,False,0.013029315960912053,0.247557003257329,0.296875
3185,0,CF1,L3,0.3,ns,7,7,0.9987459182739258,1,False,0.009771986970684038,0.28013029315960913,0.3359375
8217,0,CF1,L3,0.3,ns,5,5,0.8321565985679626,1,False,0.009771986970684038,0.28664495114006516,0.34375
15284,0,CF1,L3,0.3,ns,2,2,0.9945353269577026,1,False,0.009771986970684038,0.2280130293159609,0.2734375
2195,0,CF1,L3,0.3,ns,1,1,0.9131687879562378,1,False,0.013029315960912053,0.2996742671009772,0.359375
21296,0,CF1,L3,0.3,ns,0,0,0.918411374092102,1,False,0.013029315960912053,0.25732899022801303,0.30859375
14286,0,CF1,L3,0.3,ns,3,3,0.9766073822975159,1,False,0.019543973941368076,0.23127035830618892,0.27734375
4261,0,CF1,L3,0.3,ns,0,0,0.9996453523635864,1,False,0.013029315960912053,0.254071661237785,0.3046875
24480,0,CF1,L3,0.3,ns,2,2,0.9997475743293762,1,False,0.003257328990228013,0.2703583061889251,0.32421875
23581,0,CF1,L3,0.3,ns,7,7,0.987692654132843,1,False,0.016286644951140065,0.25732899022801303,0.30859375
24364,0,CF1,L3,0.3,ns,7,7,0.997407853603363,1,False,0.016286644951140065,0.247557003257329,0.296875
4259,0,CF1,L3,0.3,ns,4,4,0.8904596567153931,1,False,0.009771986970684038,0.2247557003257329,0.26953125
4323,0,CF1,L3,0.3,ns,8,8,0.6583594679832458,1,False,0.016286644951140065,0.24429967426710097,0.29296875
26017,0,CF1,L3,0.3,ns,2,2,0.9998646974563599,1,False,0.009771986970684038,0.2768729641693811,0.33203125
4055,0,CF1,L3,0.3,ns,9,9,0.4672785997390747,1,False,0.019543973941368076,0.254071661237785,0.3046875
23968,0,CF1,L3,0.3,ns,6,6,0.9772005677223206,1,False,0.013029315960912053,0.2280130293159609,0.2734375
4914,0,CF1,L3,0.3,ns,2,2,0.9978513717651367,1,False,0.006514657980456026,0.247557003257329,0.296875
17310,0,CF1,L3,0.3,ns,7,7,0.5026572942733765,1,False,0.009771986970684038,0.24429967426710097,0.29296875
14981,0,CF1,L3,0.3,ns,2,2,0.5981119871139526,1,False,0.009771986970684038,0.2247557003257329,0.26953125
7511,0,CF1,L3,0.3,ns,6,6,0.907081127166748,1,False,0.003257328990228013,0.23778501628664495,0.28515625
4136,0,CF1,L3,0.3,ns,9,9,0.9864891767501831,1,False,0.019543973941368076,0.24104234527687296,0.2890625
8043,0,CF1,L3,0.3,ns,2,2,0.9794853329658508,1,False,0.013029315960912053,0.24429967426710097,0.29296875
14360,0,CF1,L3,0.3,ns,4,4,0.9881390929222107,1,False,0.003257328990228013,0.24429967426710097,0.29296875
6364,0,CF1,L3,0.3,ns,0,0,0.9953141212463379,1,False,0.003257328990228013,0.22149837133550487,0.265625
8827,0,CF1,L3,0.3,ns,4,4,0.9476001858711243,1,False,0.013029315960912053,0.23778501628664495,0.28515625
24886,0,CF1,L3,0.3,ns,9,2,0.9945690631866455,0,False,0.016286644951140065,0.22149837133550487,0.265625
21392,0,CF1,L3,0.3,ns,2,2,0.9976475834846497,1,False,0.009771986970684038,0.2247557003257329,0.26953125
18654,0,CF1,L3,0.3,ns,6,6,0.9504561424255371,1,False,0.003257328990228013,0.2280130293159609,0.2734375
21766,0,CF1,L3,0.3,ns,1,1,0.6101115345954895,1,False,0.009771986970684038,0.23127035830618892,0.27734375
25433,0,CF1,L3,0.3,ns,8,1,0.487942099571228,0,False,0.003257328990228013,0.2703583061889251,0.32421875
10927,0,CF1,L3,0.3,ns,8,1,0.8325718641281128,0,False,0.009771986970684038,0.2182410423452769,0.26171875
14092,0,CF1,L3,0.3,ns,6,6,0.9979658126831055,1,False,0.003257328990228013,0.2996742671009772,0.359375
20936,0,CF1,L3,0.3,ns,9,5,0.7779138088226318,0,False,0.009771986970684038,0.24104234527687296,0.2890625
23711,0,CF1,L3,0.3,ns,4,4,0.9710557460784912,1,False,0.009771986970684038,0.2768729641693811,0.33203125
19260,0,CF1,L3,0.3,ns,7,7,0.9600276947021484,1,False,0.009771986970684038,0.18892508143322476,0.2265625
17360,0,CF1,L3,0.3,ns,3,3,0.9429426193237305,1,False,0.006514657980456026,0.26058631921824105,0.3125
965,0,CF1,L3,0.3,ns,0,0,0.8592617511749268,1,False,0.0,0.24104234527687296,0.2890625
463,0,CF1,L3,0.3,ns,6,9,0.38037702441215515,0,False,0.019543973941368076,0.26058631921824105,0.3125
8945,0,CF1,L3,0.3,ns,6,5,0.5572263598442078,0,False,0.009771986970684038,0.247557003257329,0.296875
14090,0,CF1,L3,0.3,ns,2,2,0.9961254000663757,1,False,0.016286644951140065,0.26384364820846906,0.31640625
8479,0,CF1,L3,0.3,ns,9,9,0.9958052635192871,1,False,0.016286644951140065,0.21172638436482086,0.25390625
24477,0,CF1,L3,0.3,ns,2,2,0.9970905780792236,1,False,0.013029315960912053,0.31921824104234525,0.3828125
8195,0,CF1,L3,0.3,ns,0,0,0.9995121955871582,1,False,0.009771986970684038,0.23127035830618892,0.27734375
1773,0,CF1,L3,0.3,ns,0,0,0.9633374810218811,1,False,0.02280130293159609,0.21172638436482086,0.25390625
11776,0,CF1,L3,0.3,ns,2,2,0.38627389073371887,1,False,0.003257328990228013,0.2280130293159609,0.2734375
3313,0,CF1,L3,0.3,ns,6,6,0.9892175197601318,1,False,0.03257328990228013,0.19218241042345277,0.23046875
5424,0,CF1,L3,0.3,ns,9,9,0.8785635232925415,1,False,0.013029315960912053,0.26384364820846906,0.31640625
19606,0,CF1,L3,0.3,ns,2,2,0.9090439677238464,1,False,0.019543973941368076,0.23778501628664495,0.28515625
10110,0,CF1,L3,0.3,ns,9,9,0.977523148059845,1,False,0.016286644951140065,0.254071661237785,0.3046875
22872,0,CF1,L3,0.3,ns,6,7,0.9242725372314453,0,False,0.003257328990228013,0.26384364820846906,0.31640625
7573,0,CF1,L3,0.3,ns,1,1,0.9993544220924377,1,False,0.006514657980456026,0.25732899022801303,0.30859375
7105,0,CF1,L3,0.3,ns,3,3,0.9975056052207947,1,False,0.009771986970684038,0.26058631921824105,0.3125
18854,0,CF1,L3,0.3,ns,1,1,0.9934635162353516,1,False,0.009771986970684038,0.30293159609120524,0.36328125
14576,0,CF1,L3,0.3,ns,9,9,0.9997257590293884,1,False,0.009771986970684038,0.2931596091205212,0.3515625
9376,0,CF1,L3,0.3,ns,0,0,0.9865480065345764,1,False,0.016286644951140065,0.250814332247557,0.30078125
20128,0,CF1,L3,0.3,ns,8,8,0.9979912042617798,1,False,0.013029315960912053,0.23778501628664495,0.28515625
24854,0,CF1,L3,0.3,ns,9,9,0.9999148845672607,1,False,0.019543973941368076,0.26384364820846906,0.31640625
4937,0,CF1,L3,0.3,ns,2,2,0.7891561985015869,1,False,0.006514657980456026,0.2768729641693811,0.33203125
338,0,CF1,L3,0.3,ns,3,3,0.9770559668540955,1,False,0.009771986970684038,0.2703583061889251,0.32421875
9981,0,CF1,L3,0.3,ns,3,3,0.6384568810462952,1,False,0.016286644951140065,0.2703583061889251,0.32421875
6665,0,CF1,L3,0.3,ns,8,8,0.9607866406440735,1,False,0.009771986970684038,0.23778501628664495,0.28515625
6704,0,CF1,L3,0.3,ns,0,0,0.9640879034996033,1,False,0.019543973941368076,0.23452768729641693,0.28125
23255,0,CF1,L3,0.3,ns,2,2,0.9998979568481445,1,False,0.006514657980456026,0.20846905537459284,0.25
5355,0,CF1,L3,0.3,ns,5,5,0.9563375115394592,1,False,0.009771986970684038,0.2996742671009772,0.359375
22422,0,CF1,L3,0.3,ns,1,1,0.8586061000823975,1,False,0.019543973941368076,0.25732899022801303,0.30859375
7367,0,CF1,L3,0.3,ns,9,9,0.8804100155830383,1,False,0.016286644951140065,0.26058631921824105,0.3125
13489,0,CF1,L3,0.3,ns,7,7,0.6191169619560242,1,False,0.003257328990228013,0.24429967426710097,0.29296875
20955,0,CF1,L3,0.3,ns,7,7,0.9901116490364075,1,False,0.0,0.2182410423452769,0.26171875
25439,0,CF1,L3,0.3,ns,9,9,0.999991774559021,1,False,0.0,0.250814332247557,0.30078125
12711,0,CF1,L3,0.3,ns,8,8,0.909693717956543,1,False,0.003257328990228013,0.23127035830618892,0.27734375
7671,0,CF1,L3,0.3,ns,6,6,0.4750173091888428,1,False,0.003257328990228013,0.23127035830618892,0.27734375
20420,0,CF1,L3,0.3,ns,8,9,0.44882065057754517,0,False,0.003257328990228013,0.2736156351791531,0.328125
12630,0,CF1,L3,0.3,ns,2,7,0.3122115433216095,0,False,0.003257328990228013,0.23452768729641693,0.28125
21394,0,CF1,L3,0.3,ns,1,1,0.9405717849731445,1,False,0.006514657980456026,0.2703583061889251,0.32421875
7095,0,CF1,L3,0.3,ns,1,1,0.8905293941497803,1,False,0.019543973941368076,0.21498371335504887,0.2578125
11532,0,CF1,L3,0.3,ns,9,9,0.9375611543655396,1,False,0.006514657980456026,0.250814332247557,0.30078125
2853,0,CF1,L3,0.3,ns,3,3,0.9956592321395874,1,False,0.013029315960912053,0.2703583061889251,0.32421875
13487,0,CF1,L3,0.3,ns,0,0,0.9880908727645874,1,False,0.02280130293159609,0.22149837133550487,0.265625
9350,0,CF1,L3,0.3,ns,9,9,0.9752184748649597,1,False,0.016286644951140065,0.23452768729641693,0.28125
24164,0,CF1,L3,0.3,ns,4,4,0.9620165228843689,1,False,0.009771986970684038,0.28013029315960913,0.3359375
23155,0,CF1,L3,0.3,ns,7,7,0.9829407334327698,1,False,0.006514657980456026,0.2768729641693811,0.33203125
1588,0,CF1,L3,0.3,ns,8,3,0.43533921241760254,0,False,0.013029315960912053,0.23452768729641693,0.28125
5400,0,CF1,L3,0.3,ns,5,6,0.41731545329093933,0,False,0.013029315960912053,0.24104234527687296,0.2890625
8913,0,CF1,L3,0.3,ns,6,6,0.9792211651802063,1,False,0.013029315960912053,0.22149837133550487,0.265625
4990,0,CF1,L3,0.3,ns,8,2,0.5191931128501892,0,False,0.016286644951140065,0.247557003257329,0.296875
13364,0,CF1,L3,0.3,ns,7,7,0.9995099306106567,1,False,0.006514657980456026,0.2768729641693811,0.33203125
1157,0,CF1,L3,0.3,ns,1,1,0.8855448365211487,1,False,0.003257328990228013,0.24104234527687296,0.2890625
19432,0,CF1,L3,0.3,ns,6,6,0.99947589635849,1,False,0.009771986970684038,0.28664495114006516,0.34375
24861,0,CF1,L3,0.3,ns,1,1,0.9421653747558594,1,False,0.006514657980456026,0.2703583061889251,0.32421875
16303,0,CF1,L3,0.3,ns,0,0,0.7874630689620972,1,False,0.003257328990228013,0.2280130293159609,0.2734375
23675,0,CF1,L3,0.3,ns,1,1,0.9928538203239441,1,False,0.006514657980456026,0.247557003257329,0.296875
10816,0,CF1,L3,0.3,ns,5,5,0.9384478330612183,1,False,0.009771986970684038,0.23778501628664495,0.28515625
25683,0,CF1,L3,0.3,ns,7,7,0.9979379773139954,1,False,0.026058631921824105,0.247557003257329,0.296875
6680,0,CF1,L3,0.3,ns,7,7,0.8025243282318115,1,False,0.009771986970684038,0.247557003257329,0.296875
15541,0,CF1,L3,0.3,ns,1,1,0.976603627204895,1,False,0.009771986970684038,0.2280130293159609,0.2734375
129,0,CF1,L3,0.3,ns,9,9,0.8723405599594116,1,False,0.013029315960912053,0.24429967426710097,0.29296875
10977,0,CF1,L3,0.3,ns,5,5,0.9844271540641785,1,False,0.003257328990228013,0.2280130293159609,0.2734375
7518,0,CF1,L3,0.3,ns,5,5,0.7562279105186462,1,False,0.009771986970684038,0.2703583061889251,0.32421875
15350,0,CF1,L3,0.3,ns,0,0,0.9894814491271973,1,False,0.016286644951140065,0.2671009771986971,0.3203125
4712,0,CF1,L3,0.3,ns,2,2,0.9981727600097656,1,False,0.013029315960912053,0.22149837133550487,0.265625
3234,0,CF1,L3,0.3,ns,1,1,0.9405640959739685,1,False,0.006514657980456026,0.254071661237785,0.3046875
21292,0,CF1,L3,0.3,ns,8,8,0.5290725827217102,1,False,0.016286644951140065,0.26058631921824105,0.3125
6439,0,CF1,L3,0.3,ns,6,8,0.5373916029930115,0,False,0.009771986970684038,0.247557003257329,0.296875
16930,0,CF1,L3,0.3,ns,4,4,0.7405639290809631,1,False,0.003257328990228013,0.28013029315960913,0.3359375
25255,0,CF1,L3,0.3,ns,6,2,0.4719078838825226,0,False,0.02280130293159609,0.2703583061889251,0.32421875
5562,0,CF1,L3,0.3,ns,6,6,0.997379720211029,1,False,0.006514657980456026,0.2768729641693811,0.33203125
20888,0,CF1,L3,0.3,ns,6,6,0.8616992831230164,1,False,0.009771986970684038,0.2182410423452769,0.26171875
17907,0,CF1,L3,0.3,ns,0,0,0.9673308730125427,1,False,0.019543973941368076,0.22149837133550487,0.265625
15282,0,CF1,L3,0.3,ns,5,6,0.629133403301239,0,False,0.016286644951140065,0.2736156351791531,0.328125
9564,0,CF1,L3,0.3,ns,5,5,0.9933996200561523,1,False,0.009771986970684038,0.25732899022801303,0.30859375
2105,0,CF1,L3,0.3,ns,5,5,0.7260819673538208,1,False,0.006514657980456026,0.24104234527687296,0.2890625
2188,0,CF1,L3,0.3,ns,5,5,0.9803673028945923,1,False,0.016286644951140065,0.23127035830618892,0.27734375
10587,0,CF1,L3,0.3,ns,9,9,0.9786525964736938,1,False,0.009771986970684038,0.250814332247557,0.30078125
20421,0,CF1,L3,0.3,ns,8,9,0.8215153217315674,0,False,0.003257328990228013,0.28664495114006516,0.34375
23070,0,CF1,L3,0.3,ns,0,0,0.9993694424629211,1,False,0.009771986970684038,0.250814332247557,0.30078125
19127,0,CF1,L3,0.3,ns,6,6,0.9325094819068909,1,False,0.019543973941368076,0.24104234527687296,0.2890625
7302,0,CF1,L3,0.3,ns,3,3,0.9955465793609619,1,False,0.006514657980456026,0.2247557003257329,0.26953125
8409,0,CF1,L3,0.3,ns,4,4,0.9999839067459106,1,False,0.006514657980456026,0.250814332247557,0.30078125
11086,0,CF1,L3,0.3,ns,7,7,0.9868869185447693,1,False,0.006514657980456026,0.21498371335504887,0.2578125
17122,0,CF1,L3,0.3,ns,5,5,0.9972977042198181,1,False,0.006514657980456026,0.1986970684039088,0.23828125
3555,0,CF1,L3,0.3,ns,2,2,0.9999068975448608,1,False,0.009771986970684038,0.247557003257329,0.296875
19437,0,CF1,L3,0.3,ns,4,4,0.6509226560592651,1,False,0.016286644951140065,0.26058631921824105,0.3125
594,0,CF1,L3,0.3,ns,9,9,0.9895457625389099,1,False,0.006514657980456026,0.24104234527687296,0.2890625
21863,0,CF1,L3,0.3,ns,3,3,0.9912973642349243,1,False,0.006514657980456026,0.247557003257329,0.296875
19765,0,CF1,L3,0.3,ns,5,5,0.9941434264183044,1,False,0.009771986970684038,0.23778501628664495,0.28515625
16909,0,CF1,L3,0.3,ns,2,2,0.9905989766120911,1,False,0.016286644951140065,0.28013029315960913,0.3359375
21154,0,CF1,L3,0.3,ns,7,7,0.9987778067588806,1,False,0.003257328990228013,0.2736156351791531,0.328125
18615,0,CF1,L3,0.3,ns,7,7,0.9709502458572388,1,False,0.009771986970684038,0.250814332247557,0.30078125
18171,0,CF1,L3,0.3,ns,7,7,0.9999332427978516,1,False,0.016286644951140065,0.24429967426710097,0.29296875
24434,0,CF1,L3,0.3,ns,5,5,0.9062211513519287,1,False,0.009771986970684038,0.24104234527687296,0.2890625
9664,0,CF1,L3,0.3,ns,0,0,0.9876848459243774,1,False,0.009771986970684038,0.24104234527687296,0.2890625
2013,0,CF1,L3,0.3,ns,5,5,0.9844830632209778,1,False,0.003257328990228013,0.254071661237785,0.3046875
13537,0,CF1,L3,0.3,ns,4,0,0.731582522392273,0,False,0.02280130293159609,0.23127035830618892,0.27734375
23942,0,CF1,L3,0.3,ns,9,6,0.6303163170814514,0,False,0.009771986970684038,0.26384364820846906,0.31640625
12415,0,CF1,L3,0.3,ns,4,4,0.7841978669166565,1,False,0.009771986970684038,0.2247557003257329,0.26953125
13735,0,CF1,L3,0.3,ns,0,0,0.9971680045127869,1,False,0.006514657980456026,0.23778501628664495,0.28515625
6873,0,CF1,L3,0.3,ns,1,1,0.9987366795539856,1,False,0.009771986970684038,0.26384364820846906,0.31640625
16233,0,CF1,L3,0.3,ns,2,2,0.9854021072387695,1,False,0.013029315960912053,0.2247557003257329,0.26953125
13108,0,CF1,L3,0.3,ns,5,5,0.6130783557891846,1,False,0.009771986970684038,0.2703583061889251,0.32421875
18114,0,CF1,L3,0.3,ns,7,7,0.9975783228874207,1,False,0.013029315960912053,0.250814332247557,0.30078125
25318,0,CF1,L3,0.3,ns,0,6,0.5876758694648743,0,False,0.003257328990228013,0.23127035830618892,0.27734375
22387,0,CF1,L3,0.3,ns,7,7,0.9533817768096924,1,False,0.016286644951140065,0.23778501628664495,0.28515625
19911,0,CF1,L3,0.3,ns,7,7,0.8309507966041565,1,False,0.003257328990228013,0.23127035830618892,0.27734375
9953,0,CF1,L3,0.3,ns,2,2,0.9918900728225708,1,False,0.003257328990228013,0.23778501628664495,0.28515625
18500,0,CF1,L3,0.3,ns,1,1,0.9978612065315247,1,False,0.006514657980456026,0.2247557003257329,0.26953125
12463,0,CF1,L3,0.3,ns,2,5,0.3709700107574463,0,False,0.013029315960912053,0.22149837133550487,0.265625
12143,0,CF1,L3,0.3,ns,8,8,0.9716120362281799,1,False,0.013029315960912053,0.2247557003257329,0.26953125
14588,0,CF1,L3,0.3,ns,8,8,0.9808725118637085,1,False,0.006514657980456026,0.24104234527687296,0.2890625
22152,0,CF1,L3,0.3,ns,2,2,0.900345504283905,1,False,0.009771986970684038,0.2247557003257329,0.26953125
16563,0,CF1,L3,0.3,ns,4,4,0.6965286135673523,1,False,0.013029315960912053,0.250814332247557,0.30078125
25225,0,CF1,L3,0.3,ns,9,9,0.948602557182312,1,False,0.006514657980456026,0.254071661237785,0.3046875
1161,0,CF1,L3,0.3,ns,2,2,0.5671882629394531,1,False,0.003257328990228013,0.2280130293159609,0.2734375
9891,0,CF1,L3,0.3,ns,5,5,0.7977197766304016,1,False,0.013029315960912053,0.2671009771986971,0.3203125
18833,0,CF1,L3,0.3,ns,2,2,0.9738867878913879,1,False,0.006514657980456026,0.2671009771986971,0.3203125
6162,0,CF1,L3,0.3,ns,2,2,0.9459188580513,1,False,0.006514657980456026,0.247557003257329,0.296875
22638,0,CF1,L3,0.3,ns,0,0,0.7910830974578857,1,False,0.009771986970684038,0.26384364820846906,0.31640625
6112,0,CF1,L3,0.3,ns,6,6,0.6895973682403564,1,False,0.009771986970684038,0.254071661237785,0.3046875
24259,0,CF1,L3,0.3,ns,9,9,0.9430959224700928,1,False,0.006514657980456026,0.254071661237785,0.3046875
18029,0,CF1,L3,0.3,ns,2,2,0.9880304932594299,1,False,0.009771986970684038,0.26384364820846906,0.31640625
13233,0,CF1,L3,0.3,ns,0,0,0.9581654071807861,1,False,0.006514657980456026,0.23778501628664495,0.28515625
22560,0,CF1,L3,0.3,ns,3,3,0.4893902540206909,1,False,0.006514657980456026,0.254071661237785,0.3046875
17100,0,CF1,L3,0.3,ns,7,7,0.9875039458274841,1,False,0.003257328990228013,0.23452768729641693,0.28125
13394,0,CF1,L3,0.3,ns,7,7,0.9650856256484985,1,False,0.006514657980456026,0.254071661237785,0.3046875
25173,0,CF1,L3,0.3,ns,3,7,0.4494868814945221,0,False,0.006514657980456026,0.247557003257329,0.296875
17342,0,CF1,L3,0.3,ns,4,4,0.9984878301620483,1,False,0.009771986970684038,0.25732899022801303,0.30859375
5881,0,CF1,L3,0.3,ns,1,1,0.9430314302444458,1,False,0.0,0.26058631921824105,0.3125
16982,0,CF1,L3,0.3,ns,3,9,0.4122319519519806,0,False,0.009771986970684038,0.2931596091205212,0.3515625
12959,0,CF1,L3,0.3,ns,2,2,0.990500271320343,1,False,0.009771986970684038,0.247557003257329,0.296875
3410,0,CF1,L3,0.3,ns,2,2,0.9988253712654114,1,False,0.006514657980456026,0.25732899022801303,0.30859375
1939,0,CF1,L3,0.3,ns,2,2,0.9999675750732422,1,False,0.009771986970684038,0.2703583061889251,0.32421875
13563,0,CF1,L3,0.3,ns,4,2,0.4498337507247925,0,False,0.013029315960912053,0.26058631921824105,0.3125
9659,0,CF1,L3,0.3,ns,4,1,0.8488738536834717,0,False,0.003257328990228013,0.24429967426710097,0.29296875
23588,0,CF1,L3,0.3,ns,9,9,0.9820510149002075,1,False,0.003257328990228013,0.24429967426710097,0.29296875
12156,0,CF1,L3,0.3,ns,9,9,0.5583250522613525,1,False,0.003257328990228013,0.26058631921824105,0.3125
24790,0,CF1,L3,0.3,ns,4,2,0.4427327513694763,0,False,0.026058631921824105,0.26384364820846906,0.31640625
894,0,CF1,L3,0.3,ns,8,8,0.5700982213020325,1,False,0.016286644951140065,0.2768729641693811,0.33203125
13738,0,CF1,L3,0.3,ns,7,7,0.9825659990310669,1,False,0.009771986970684038,0.25732899022801303,0.30859375
20555,0,CF1,L3,0.3,ns,5,5,0.9245602488517761,1,False,0.009771986970684038,0.2931596091205212,0.3515625
20457,0,CF1,L3,0.3,ns,3,1,0.4629131257534027,0,False,0.019543973941368076,0.28664495114006516,0.34375
24842,0,CF1,L3,0.3,ns,3,5,0.6894233822822571,0,False,0.019543973941368076,0.2671009771986971,0.3203125
11390,0,CF1,L3,0.3,ns,9,9,0.46596604585647583,1,False,0.009771986970684038,0.2899022801302932,0.34765625
2665,0,CF1,L3,0.3,ns,9,9,0.9577009677886963,1,False,0.016286644951140065,0.254071661237785,0.3046875
24741,0,CF1,L3,0.3,ns,8,8,0.7435692548751831,1,False,0.009771986970684038,0.25732899022801303,0.30859375
17634,0,CF1,L3,0.3,ns,8,3,0.34250253438949585,0,False,0.016286644951140065,0.2280130293159609,0.2734375
16599,0,CF1,L3,0.3,ns,1,1,0.9624122977256775,1,False,0.016286644951140065,0.23778501628664495,0.28515625
19330,0,CF1,L3,0.3,ns,7,7,0.74577796459198,1,False,0.013029315960912053,0.2671009771986971,0.3203125
3257,0,CF1,L3,0.3,ns,1,1,0.991509199142456,1,False,0.003257328990228013,0.2182410423452769,0.26171875
1114,0,CF1,L3,0.3,ns,9,9,0.9998095631599426,1,False,0.003257328990228013,0.26058631921824105,0.3125
11738,0,CF1,L3,0.3,ns,8,8,0.7326459884643555,1,False,0.009771986970684038,0.23127035830618892,0.27734375
13077,0,CF1,L3,0.3,ns,8,8,0.9995787739753723,1,False,0.019543973941368076,0.26384364820846906,0.31640625
5168,0,CF1,L3,0.3,ns,3,3,0.598048746585846,1,False,0.016286644951140065,0.23778501628664495,0.28515625
26013,0,CF1,L3,0.3,ns,8,8,0.8737611770629883,1,False,0.019543973941368076,0.23452768729641693,0.28125
5611,0,CF1,L3,0.3,ns,7,7,0.9960519671440125,1,False,0.016286644951140065,0.23127035830618892,0.27734375
9389,0,CF1,L3,0.3,ns,6,6,0.9112226366996765,1,False,0.019543973941368076,0.24104234527687296,0.2890625
25070,0,CF1,L3,0.3,ns,2,2,0.9998244643211365,1,False,0.006514657980456026,0.254071661237785,0.3046875
11322,0,CF1,L3,0.3,ns,8,8,0.924275279045105,1,False,0.006514657980456026,0.21172638436482086,0.25390625
3051,0,CF1,L3,0.3,ns,0,0,0.6540743112564087,1,False,0.003257328990228013,0.2899022801302932,0.34765625
18770,0,CF1,L3,0.3,ns,4,5,0.23408620059490204,0,False,0.013029315960912053,0.2280130293159609,0.2734375
14692,0,CF1,L3,0.3,ns,2,2,0.984529972076416,1,False,0.02280130293159609,0.26058631921824105,0.3125
4561,0,CF1,L3,0.3,ns,5,5,0.878733217716217,1,False,0.009771986970684038,0.23778501628664495,0.28515625
16994,0,CF1,L3,0.3,ns,0,0,0.9999432563781738,1,False,0.013029315960912053,0.2671009771986971,0.3203125
4156,0,CF1,L3,0.3,ns,5,5,0.31410881876945496,1,False,0.009771986970684038,0.25732899022801303,0.30859375
5884,0,CF1,L3,0.3,ns,1,2,0.7838840484619141,0,False,0.013029315960912053,0.2996742671009772,0.359375
18233,0,CF1,L3,0.3,ns,0,0,0.9868758916854858,1,False,0.003257328990228013,0.2671009771986971,0.3203125
17044,0,CF1,L3,0.3,ns,6,6,0.9917193651199341,1,False,0.009771986970684038,0.24104234527687296,0.2890625
18857,0,CF1,L3,0.3,ns,6,6,0.7847491502761841,1,False,0.013029315960912053,0.23778501628664495,0.28515625
21917,0,CF1,L3,0.3,ns,9,9,0.65483158826828,1,False,0.006514657980456026,0.247557003257329,0.296875
5054,0,CF1,L3,0.3,ns,3,9,0.8667000532150269,0,False,0.013029315960912053,0.22149837133550487,0.265625
7882,0,CF1,L3,0.3,ns,4,4,0.9517585039138794,1,False,0.006514657980456026,0.250814332247557,0.30078125
15688,0,CF1,L3,0.3,ns,4,4,0.9999390840530396,1,False,0.009771986970684038,0.2280130293159609,0.2734375
5612,0,CF1,L3,0.3,ns,8,8,0.9703764915466309,1,False,0.013029315960912053,0.254071661237785,0.3046875
13934,0,CF1,L3,0.3,ns,9,9,0.8897286057472229,1,False,0.019543973941368076,0.2736156351791531,0.328125
16689,0,CF1,L3,0.3,ns,2,2,0.9962502121925354,1,False,0.003257328990228013,0.26058631921824105,0.3125
23844,0,CF1,L3,0.3,ns,6,6,0.9720263481140137,1,False,0.006514657980456026,0.28338762214983715,0.33984375
7944,0,CF1,L3,0.3,ns,7,7,0.9561988115310669,1,False,0.013029315960912053,0.24104234527687296,0.2890625
11370,0,CF1,L3,0.3,ns,8,8,0.9897994995117188,1,False,0.009771986970684038,0.254071661237785,0.3046875
24569,0,CF1,L3,0.3,ns,1,1,0.9999109506607056,1,False,0.009771986970684038,0.2736156351791531,0.328125
7529,0,CF1,L3,0.3,ns,5,5,0.9411882162094116,1,False,0.02280130293159609,0.247557003257329,0.296875
5092,0,CF1,L3,0.3,ns,2,2,0.9909875988960266,1,False,0.0,0.24104234527687296,0.2890625
20673,0,CF1,L3,0.3,ns,2,2,0.9999821186065674,1,False,0.009771986970684038,0.2768729641693811,0.33203125
10096,0,CF1,L3,0.3,ns,7,7,0.871886670589447,1,False,0.006514657980456026,0.26058631921824105,0.3125
2059,0,CF1,L3,0.3,ns,3,3,0.8724638223648071,1,False,0.006514657980456026,0.22149837133550487,0.265625
19318,0,CF1,L3,0.3,ns,0,0,0.9993072748184204,1,False,0.013029315960912053,0.26058631921824105,0.3125
12977,0,CF1,L3,0.3,ns,8,0,0.44048210978507996,0,False,0.013029315960912053,0.2671009771986971,0.3203125
17673,0,CF1,L3,0.3,ns,0,0,0.889535665512085,1,False,0.003257328990228013,0.24104234527687296,0.2890625
18750,0,CF1,L3,0.3,ns,0,0,0.924839198589325,1,False,0.02280130293159609,0.20195439739413681,0.2421875
16728,0,CF1,L3,0.3,ns,3,3,0.9573032259941101,1,False,0.013029315960912053,0.26058631921824105,0.3125
14776,0,CF1,L3,0.3,ns,8,8,0.9761790037155151,1,False,0.003257328990228013,0.28338762214983715,0.33984375
6941,0,CF1,L3,0.3,ns,9,9,0.9732729196548462,1,False,0.016286644951140065,0.2768729641693811,0.33203125
16787,0,CF1,L3,0.3,ns,6,8,0.6085752248764038,0,False,0.019543973941368076,0.254071661237785,0.3046875
25932,0,CF1,L3,0.3,ns,5,5,0.9588742852210999,1,False,0.003257328990228013,0.26384364820846906,0.31640625
614,0,CF1,L3,0.3,ns,0,0,0.5576075911521912,1,False,0.02280130293159609,0.25732899022801303,0.30859375
25690,0,CF1,L3,0.3,ns,5,5,0.8269072771072388,1,False,0.019543973941368076,0.2280130293159609,0.2734375
25968,0,CF1,L3,0.3,ns,5,5,0.9920897483825684,1,False,0.016286644951140065,0.2247557003257329,0.26953125
20123,0,CF1,L3,0.3,ns,3,3,0.9106078743934631,1,False,0.003257328990228013,0.2671009771986971,0.3203125
13341,0,CF1,L3,0.3,ns,5,5,0.9110082983970642,1,False,0.013029315960912053,0.25732899022801303,0.30859375
24697,0,CF1,L3,0.3,ns,4,4,0.9996825456619263,1,False,0.019543973941368076,0.24104234527687296,0.2890625
15157,0,CF1,L3,0.3,ns,6,6,0.5824025869369507,1,False,0.016286644951140065,0.2931596091205212,0.3515625
23115,0,CF1,L3,0.3,ns,1,1,0.5070999264717102,1,False,0.009771986970684038,0.20521172638436483,0.24609375
6396,0,CF1,L3,0.3,ns,0,0,0.9990752935409546,1,False,0.02280130293159609,0.2768729641693811,0.33203125
19142,0,CF1,L3,0.3,ns,4,4,0.7235167026519775,1,False,0.003257328990228013,0.26384364820846906,0.31640625
13157,0,CF1,L3,0.3,ns,3,3,0.8322120308876038,1,False,0.0,0.254071661237785,0.3046875
19866,0,CF1,L3,0.3,ns,1,1,0.9510930180549622,1,False,0.006514657980456026,0.23778501628664495,0.28515625
25996,0,CF1,L3,0.3,ns,8,8,0.9994713664054871,1,False,0.009771986970684038,0.26058631921824105,0.3125
25515,0,CF1,L3,0.3,ns,7,1,0.917719841003418,0,False,0.006514657980456026,0.23127035830618892,0.27734375
12876,0,CF1,L3,0.3,ns,0,0,0.9936376214027405,1,False,0.013029315960912053,0.2736156351791531,0.328125
17565,0,CF1,L3,0.3,ns,6,6,0.994500994682312,1,False,0.009771986970684038,0.2280130293159609,0.2734375
17511,0,CF1,L3,0.3,ns,4,4,0.40940481424331665,1,False,0.003257328990228013,0.24104234527687296,0.2890625
19996,0,CF1,L3,0.3,ns,0,0,0.9983037710189819,1,False,0.006514657980456026,0.2280130293159609,0.2734375
12807,0,CF1,L3,0.3,ns,1,1,0.9996896982192993,1,False,0.006514657980456026,0.19543973941368079,0.234375
11001,0,CF1,L3,0.3,ns,9,9,0.9652612805366516,1,False,0.019543973941368076,0.23778501628664495,0.28515625
13107,0,CF1,L3,0.3,ns,0,0,0.9995879530906677,1,False,0.016286644951140065,0.24429967426710097,0.29296875
12641,0,CF1,L3,0.3,ns,6,6,0.9986188411712646,1,False,0.003257328990228013,0.28013029315960913,0.3359375
22667,0,CF1,L3,0.3,ns,5,5,0.9965810179710388,1,False,0.016286644951140065,0.254071661237785,0.3046875
7310,0,CF1,L3,0.3,ns,7,7,0.9537157416343689,1,False,0.009771986970684038,0.24429967426710097,0.29296875
764,0,CF1,L3,0.3,ns,1,1,0.9241985082626343,1,False,0.006514657980456026,0.2768729641693811,0.33203125
14813,0,CF1,L3,0.3,ns,4,4,0.9949803948402405,1,False,0.019543973941368076,0.2736156351791531,0.328125
7132,0,CF1,L3,0.3,ns,2,2,0.9990247488021851,1,False,0.009771986970684038,0.26058631921824105,0.3125
23884,0,CF1,L3,0.3,ns,1,1,0.3375697731971741,1,False,0.006514657980456026,0.23778501628664495,0.28515625
22735,0,CF1,L3,0.3,ns,8,8,0.9825447201728821,1,False,0.009771986970684038,0.254071661237785,0.3046875
12483,0,CF1,L3,0.3,ns,2,2,0.9887081384658813,1,False,0.003257328990228013,0.24104234527687296,0.2890625
10442,0,CF1,L3,0.3,ns,6,6,0.8377519249916077,1,False,0.003257328990228013,0.23778501628664495,0.28515625
3733,0,CF1,L3,0.3,ns,8,8,0.9979438185691833,1,False,0.006514657980456026,0.254071661237785,0.3046875
20089,0,CF1,L3,0.3,ns,4,4,0.97658771276474,1,False,0.013029315960912053,0.250814332247557,0.30078125
20411,0,CF1,L3,0.3,ns,4,4,0.6550523042678833,1,False,0.006514657980456026,0.2931596091205212,0.3515625
10695,0,CF1,L3,0.3,ns,4,1,0.48262840509414673,0,False,0.003257328990228013,0.254071661237785,0.3046875
11992,0,CF1,L3,0.3,ns,2,2,0.9999399185180664,1,False,0.003257328990228013,0.23127035830618892,0.27734375
20712,0,CF1,L3,0.3,ns,7,7,0.9646717309951782,1,False,0.003257328990228013,0.26384364820846906,0.31640625
6518,0,CF1,L3,0.3,ns,8,8,0.9115552306175232,1,False,0.003257328990228013,0.2768729641693811,0.33203125
6015,0,CF1,L3,0.3,ns,9,9,0.8220639228820801,1,False,0.009771986970684038,0.26384364820846906,0.31640625
8396,0,CF1,L3,0.3,ns,5,2,0.7093816995620728,0,False,0.006514657980456026,0.24429967426710097,0.29296875
12097,0,CF1,L3,0.3,ns,9,9,0.9975293278694153,1,False,0.013029315960912053,0.2280130293159609,0.2734375
12565,0,CF1,L3,0.3,ns,2,2,0.981477677822113,1,False,0.003257328990228013,0.24429967426710097,0.29296875
22474,0,CF1,L3,0.3,ns,4,4,0.5507131814956665,1,False,0.009771986970684038,0.23127035830618892,0.27734375
25110,0,CF1,L3,0.3,ns,9,9,0.9937322735786438,1,False,0.003257328990228013,0.26384364820846906,0.31640625
8275,0,CF1,L3,0.3,ns,8,8,0.9897061586380005,1,False,0.016286644951140065,0.24429967426710097,0.29296875
3871,0,CF1,L3,0.3,ns,1,1,0.779440701007843,1,False,0.006514657980456026,0.21172638436482086,0.25390625
24639,0,CF1,L3,0.3,ns,2,2,0.9983360171318054,1,False,0.02280130293159609,0.26058631921824105,0.3125
15979,0,CF1,L3,0.3,ns,3,3,0.8373387455940247,1,False,0.006514657980456026,0.24429967426710097,0.29296875
24513,0,CF1,L3,0.3,ns,6,6,0.9956551790237427,1,False,0.013029315960912053,0.30293159609120524,0.36328125
10926,0,CF1,L3,0.3,ns,7,7,0.9472571611404419,1,False,0.013029315960912053,0.254071661237785,0.3046875
25564,0,CF1,L3,0.3,ns,0,0,0.798547089099884,1,False,0.0,0.26058631921824105,0.3125
2118,0,CF1,L3,0.3,ns,0,0,0.861805260181427,1,False,0.003257328990228013,0.23127035830618892,0.27734375
4358,0,CF1,L3,0.3,ns,9,2,0.44357141852378845,0,False,0.006514657980456026,0.2247557003257329,0.26953125
5674,0,CF1,L3,0.3,ns,8,3,0.33046311140060425,0,False,0.009771986970684038,0.2182410423452769,0.26171875
3397,0,CF1,L3,0.3,ns,7,7,0.9994155168533325,1,False,0.016286644951140065,0.26384364820846906,0.31640625
5183,0,CF1,L3,0.3,ns,7,7,0.9386549592018127,1,False,0.006514657980456026,0.26058631921824105,0.3125
7505,0,CF1,L3,0.3,ns,9,9,0.9997952580451965,1,False,0.016286644951140065,0.23778501628664495,0.28515625
17539,0,CF1,L3,0.3,ns,0,0,0.8361253142356873,1,False,0.013029315960912053,0.2703583061889251,0.32421875
23918,0,CF1,L3,0.3,ns,6,5,0.7030741572380066,0,False,0.003257328990228013,0.2280130293159609,0.2734375
19449,0,CF1,L3,0.3,ns,2,2,0.9992089867591858,1,False,0.009771986970684038,0.28664495114006516,0.34375
18599,0,CF1,L3,0.3,ns,3,3,0.6450235247612,1,False,0.003257328990228013,0.2671009771986971,0.3203125
8175,0,CF1,L3,0.3,ns,8,6,0.5764267444610596,0,False,0.013029315960912053,0.24104234527687296,0.2890625
18412,0,CF1,L3,0.3,ns,7,7,0.9618518352508545,1,False,0.006514657980456026,0.21172638436482086,0.25390625
20667,0,CF1,L3,0.3,ns,1,1,0.9733861684799194,1,False,0.013029315960912053,0.250814332247557,0.30078125
8672,0,CF1,L3,0.3,ns,9,9,0.8288041949272156,1,False,0.016286644951140065,0.23127035830618892,0.27734375
22087,0,CF1,L3,0.3,ns,1,1,0.9999912977218628,1,False,0.009771986970684038,0.2768729641693811,0.33203125
6910,0,CF1,L3,0.3,ns,2,2,0.9994440674781799,1,False,0.006514657980456026,0.2703583061889251,0.32421875
19205,0,CF1,L3,0.3,ns,3,5,0.5026385188102722,0,False,0.02280130293159609,0.24429967426710097,0.29296875
10581,0,CF1,L3,0.3,ns,3,3,0.9583382606506348,1,False,0.013029315960912053,0.24429967426710097,0.29296875
14516,0,CF1,L3,0.3,ns,4,4,0.6368212699890137,1,False,0.0,0.28338762214983715,0.33984375
22602,0,CF1,L3,0.3,ns,4,4,0.9721117615699768,1,False,0.016286644951140065,0.23452768729641693,0.28125
1944,0,CF1,L3,0.3,ns,0,0,0.9286122918128967,1,False,0.013029315960912053,0.26384364820846906,0.31640625
19718,0,CF1,L3,0.3,ns,0,2,0.5604785084724426,0,False,0.009771986970684038,0.28013029315960913,0.3359375
15599,0,CF1,L3,0.3,ns,7,7,0.9928567409515381,1,False,0.006514657980456026,0.2182410423452769,0.26171875
16766,0,CF1,L3,0.3,ns,9,9,0.9658600091934204,1,False,0.009771986970684038,0.26058631921824105,0.3125
12317,0,CF1,L3,0.3,ns,5,5,0.6252031326293945,1,False,0.009771986970684038,0.26058631921824105,0.3125
6275,0,CF1,L3,0.3,ns,6,6,0.7349543571472168,1,False,0.006514657980456026,0.254071661237785,0.3046875
14332,0,CF1,L3,0.3,ns,3,3,0.6232970952987671,1,False,0.02280130293159609,0.26058631921824105,0.3125
25615,0,CF1,L3,0.3,ns,8,8,0.9901224970817566,1,False,0.009771986970684038,0.247557003257329,0.296875
7680,0,CF1,L3,0.3,ns,7,7,0.9999638795852661,1,False,0.009771986970684038,0.250814332247557,0.30078125
22105,0,CF1,L3,0.3,ns,7,7,0.998288094997406,1,False,0.013029315960912053,0.28664495114006516,0.34375
19179,0,CF1,L3,0.3,ns,5,5,0.5384899377822876,1,False,0.013029315960912053,0.23452768729641693,0.28125
22379,0,CF1,L3,0.3,ns,5,5,0.9056124091148376,1,False,0.003257328990228013,0.254071661237785,0.3046875
11796,0,CF1,L3,0.3,ns,0,0,0.9930610060691833,1,False,0.006514657980456026,0.2280130293159609,0.2734375
16929,0,CF1,L3,0.3,ns,0,0,0.9996949434280396,1,False,0.006514657980456026,0.24104234527687296,0.2890625
20580,0,CF1,L3,0.3,ns,2,5,0.4030334949493408,0,False,0.009771986970684038,0.24104234527687296,0.2890625
21272,0,CF1,L3,0.3,ns,7,7,0.7585643529891968,1,False,0.016286644951140065,0.24104234527687296,0.2890625
12963,0,CF1,L3,0.3,ns,4,4,0.9963021278381348,1,False,0.003257328990228013,0.247557003257329,0.296875
15648,0,CF1,L3,0.3,ns,9,9,0.9365713000297546,1,False,0.009771986970684038,0.254071661237785,0.3046875
10831,0,CF1,L3,0.3,ns,6,6,0.9970498085021973,1,False,0.013029315960912053,0.2182410423452769,0.26171875
12228,0,CF1,L3,0.3,ns,3,3,0.8881407976150513,1,False,0.02280130293159609,0.21498371335504887,0.2578125
2242,0,CF1,L3,0.3,ns,7,9,0.777401328086853,0,False,0.009771986970684038,0.21498371335504887,0.2578125
25443,0,CF1,L3,0.3,ns,3,3,0.9999978542327881,1,False,0.016286644951140065,0.23452768729641693,0.28125
23913,0,CF1,L3,0.3,ns,1,1,0.9715480208396912,1,False,0.02280130293159609,0.21498371335504887,0.2578125
18452,0,CF1,L3,0.3,ns,1,1,0.9879569411277771,1,False,0.006514657980456026,0.24104234527687296,0.2890625
12210,0,CF1,L3,0.3,ns,0,0,0.9993118047714233,1,False,0.006514657980456026,0.2768729641693811,0.33203125
3532,0,CF1,L3,0.3,ns,6,6,0.4672295153141022,1,False,0.009771986970684038,0.28013029315960913,0.3359375
13678,0,CF1,L3,0.3,ns,9,9,0.9949729442596436,1,False,0.009771986970684038,0.25732899022801303,0.30859375
21370,0,CF1,L3,0.3,ns,5,8,0.4790235757827759,0,False,0.013029315960912053,0.23452768729641693,0.28125
23728,0,CF1,L3,0.3,ns,9,9,0.9998294115066528,1,False,0.0,0.2703583061889251,0.32421875
7460,0,CF1,L3,0.3,ns,0,0,0.9984883069992065,1,False,0.013029315960912053,0.23127035830618892,0.27734375
25354,0,CF1,L3,0.3,ns,2,2,0.9916240572929382,1,False,0.009771986970684038,0.23452768729641693,0.28125
18984,0,CF1,L3,0.3,ns,8,8,0.9878074526786804,1,False,0.009771986970684038,0.25732899022801303,0.30859375
12422,0,CF1,L3,0.3,ns,6,6,0.9995348453521729,1,False,0.0,0.28664495114006516,0.34375
7413,0,CF1,L3,0.3,ns,4,4,0.5944834351539612,1,False,0.019543973941368076,0.2671009771986971,0.3203125
