patch_id,seed,family,level,frac,method,true_label,prediction,confidence,correct,bounded_unknown,isolated_missing_frac,mask_overlap_centre,centre_erased_frac
17222,0,CF1,L3,0.3,telea,8,8,0.9607601165771484,1,False,0.006514657980456026,0.24104234527687296,0.2890625
7987,0,CF1,L3,0.3,telea,4,4,0.5937190055847168,1,False,0.009771986970684038,0.23452768729641693,0.28125
14403,0,CF1,L3,0.3,telea,1,4,0.7336456179618835,0,False,0.009771986970684038,0.2280130293159609,0.2734375
12904,0,CF1,L3,0.3,telea,1,1,0.6730826497077942,1,False,0.016286644951140065,0.2247557003257329,0.26953125
1024,0,CF1,L3,0.3,telea,2,2,0.6243013739585876,1,False,0.016286644951140065,0.2703583061889251,0.32421875
15700,0,CF1,L3,0.3,telea,3,0,0.9999806880950928,0,False,0.009771986970684038,0.2703583061889251,0.32421875
12639,0,CF1,L3,0.3,telea,7,7,0.7647091150283813,1,False,0.013029315960912053,0.2247557003257329,0.26953125
20658,0,CF1,L3,0.3,telea,4,2,0.3654278516769409,0,False,0.013029315960912053,0.25732899022801303,0.30859375
2642,0,CF1,L3,0.3,telea,7,7,0.7754095792770386,1,False,0.013029315960912053,0.26384364820846906,0.31640625
9392,0,CF1,L3,0.3,telea,9,9,0.9640178084373474,1,False,0.026058631921824105,0.22149837133550487,0.265625
23357,0,CF1,L3,0.3,telea,5,6,0.5620210766792297,0,False,0.016286644951140065,0.23452768729641693,0.28125
15977,0,CF1,L3,0.3,telea,0,0,0.6728530526161194,1,False,0.003257328990228013,0.22149837133550487,0.265625
10440,0,CF1,L3,0.3,telea,0,0,0.9967917799949646,1,False,0.006514657980456026,0.26384364820846906,0.31640625
14216,0,CF1,L3,0.3,telea,3,3,0.688944935798645,1,False,0.013029315960912053,0.25732899022801303,0.30859375
18353,0,CF1,L3,0.3,telea,7,7,0.8937865495681763,1,False,0.013029315960912053,0.23778501628664495,0.28515625
17404,0,CF1,L3,0.3,telea,3,9,0.5085908770561218,0,False,0.026058631921824105,0.2671009771986971,0.3203125
8424,0,CF1,L3,0.3,telea,8,8,0.5277211666107178,1,False,0.026058631921824105,0.2247557003257329,0.26953125
4744,0,CF1,L3,0.3,telea,8,6,0.5579200983047485,0,False,0.009771986970684038,0.23452768729641693,0.28125
18797,0,CF1,L3,0.3,telea,7,7,0.9988296627998352,1,False,0.003257328990228013,0.28013029315960913,0.3359375
3156,0,CF1,L3,0.3,telea,7,7,0.9640787243843079,1,False,0.0,0.2736156351791531,0.328125
17024,0,CF1,L3,0.3,telea,2,2,0.8846014142036438,1,False,0.0,0.26058631921824105,0.3125
7807,0,CF1,L3,0.3,telea,8,8,0.9201501607894897,1,False,0.003257328990228013,0.21498371335504887,0.2578125
138,0,CF1,L3,0.3,telea,0,0,0.9920932650566101,1,False,0.003257328990228013,0.24104234527687296,0.2890625
20222,0,CF1,L3,0.3,telea,2,2,0.9998846054077148,1,False,0.0,0.250814332247557,0.30078125
24734,0,CF1,L3,0.3,telea,9,0,0.6963050365447998,0,False,0.009771986970684038,0.28013029315960913,0.3359375
8909,0,CF1,L3,0.3,telea,0,0,0.7946353554725647,1,False,0.0,0.2247557003257329,0.26953125
4684,0,CF1,L3,0.3,telea,1,1,0.9986107349395752,1,False,0.0,0.26058631921824105,0.3125
15978,0,CF1,L3,0.3,telea,6,6,0.6903585195541382,1,False,0.016286644951140065,0.20521172638436483,0.24609375
21495,0,CF1,L3,0.3,telea,7,7,0.6791455149650574,1,False,0.013029315960912053,0.2703583061889251,0.32421875
5107,0,CF1,L3,0.3,telea,6,1,0.3417889177799225,0,False,0.016286644951140065,0.2671009771986971,0.3203125
1914,0,CF1,L3,0.3,telea,2,2,0.8036777377128601,1,False,0.006514657980456026,0.23127035830618892,0.27734375
21307,0,CF1,L3,0.3,telea,1,1,0.9999226331710815,1,False,0.003257328990228013,0.23778501628664495,0.28515625
7178,0,CF1,L3,0.3,telea,4,4,0.48946037888526917,1,False,0.006514657980456026,0.23778501628664495,0.28515625
13264,0,CF1,L3,0.3,telea,4,6,0.42615264654159546,0,False,0.006514657980456026,0.2768729641693811,0.33203125
21507,0,CF1,L3,0.3,telea,1,1,0.9890865087509155,1,False,0.02280130293159609,0.23127035830618892,0.27734375
8399,0,CF1,L3,0.3,telea,9,2,0.4390202760696411,0,False,0.013029315960912053,0.2768729641693811,0.33203125
4384,0,CF1,L3,0.3,telea,0,0,0.9984667897224426,1,False,0.009771986970684038,0.23452768729641693,0.28125
5820,0,CF1,L3,0.3,telea,0,1,0.6789253354072571,0,False,0.0,0.20846905537459284,0.25
22865,0,CF1,L3,0.3,telea,0,0,0.9404054284095764,1,False,0.013029315960912053,0.19218241042345277,0.23046875
65,0,CF1,L3,0.3,telea,0,0,0.42534008622169495,1,False,0.009771986970684038,0.28664495114006516,0.34375
15494,0,CF1,L3,0.3,telea,6,6,0.6350210905075073,1,False,0.006514657980456026,0.26384364820846906,0.31640625
2327,0,CF1,L3,0.3,telea,5,5,0.8089979290962219,1,False,0.009771986970684038,0.23778501628664495,0.28515625
24596,0,CF1,L3,0.3,telea,7,6,0.6660793423652649,0,False,0.009771986970684038,0.2247557003257329,0.26953125
3825,0,CF1,L3,0.3,telea,5,5,0.6246314644813538,1,False,0.016286644951140065,0.26384364820846906,0.31640625
17168,0,CF1,L3,0.3,telea,7,7,0.8604655265808105,1,False,0.019543973941368076,0.2182410423452769,0.26171875
4357,0,CF1,L3,0.3,telea,3,3,0.5144550204277039,1,False,0.013029315960912053,0.23452768729641693,0.28125
2364,0,CF1,L3,0.3,telea,9,9,0.8469390869140625,1,False,0.006514657980456026,0.28664495114006516,0.34375
8703,0,CF1,L3,0.3,telea,9,9,0.9545115232467651,1,False,0.016286644951140065,0.23778501628664495,0.28515625
19390,0,CF1,L3,0.3,telea,9,9,0.9091223478317261,1,False,0.006514657980456026,0.2671009771986971,0.3203125
17853,0,CF1,L3,0.3,telea,6,2,0.553691565990448,0,False,0.006514657980456026,0.2768729641693811,0.33203125
4930,0,CF1,L3,0.3,telea,4,1,0.8212921023368835,0,False,0.009771986970684038,0.247557003257329,0.296875
5314,0,CF1,L3,0.3,telea,8,8,0.6342049837112427,1,False,0.013029315960912053,0.2280130293159609,0.2734375
4478,0,CF1,L3,0.3,telea,8,8,0.9099578261375427,1,False,0.009771986970684038,0.250814332247557,0.30078125
23679,0,CF1,L3,0.3,telea,4,1,0.7998086810112,0,False,0.003257328990228013,0.23127035830618892,0.27734375
5449,0,CF1,L3,0.3,telea,1,1,0.7727019786834717,1,False,0.003257328990228013,0.28338762214983715,0.33984375
24183,0,CF1,L3,0.3,telea,0,0,0.8818973898887634,1,False,0.019543973941368076,0.2247557003257329,0.26953125
20842,0,CF1,L3,0.3,telea,3,3,0.9645427465438843,1,False,0.006514657980456026,0.2703583061889251,0.32421875
18825,0,CF1,L3,0.3,telea,9,0,0.5524637699127197,0,False,0.006514657980456026,0.2182410423452769,0.26171875
6265,0,CF1,L3,0.3,telea,1,1,0.9138937592506409,1,False,0.013029315960912053,0.26058631921824105,0.3125
24932,0,CF1,L3,0.3,telea,4,2,0.4927400052547455,0,False,0.003257328990228013,0.26384364820846906,0.31640625
14427,0,CF1,L3,0.3,telea,8,9,0.413448303937912,0,False,0.009771986970684038,0.23778501628664495,0.28515625
3740,0,CF1,L3,0.3,telea,7,7,0.9823780655860901,1,False,0.003257328990228013,0.25732899022801303,0.30859375
16809,0,CF1,L3,0.3,telea,9,7,0.3235470652580261,0,False,0.013029315960912053,0.24104234527687296,0.2890625
1136,0,CF1,L3,0.3,telea,1,1,0.8700202107429504,1,False,0.019543973941368076,0.2768729641693811,0.33203125
25757,0,CF1,L3,0.3,telea,5,5,0.9710511565208435,1,False,0.016286644951140065,0.247557003257329,0.296875
7356,0,CF1,L3,0.3,telea,4,4,0.5820373892784119,1,False,0.013029315960912053,0.250814332247557,0.30078125
12298,0,CF1,L3,0.3,telea,0,0,0.956990659236908,1,False,0.009771986970684038,0.26058631921824105,0.3125
5700,0,CF1,L3,0.3,telea,3,2,0.6159225702285767,0,False,0.019543973941368076,0.23452768729641693,0.28125
22753,0,CF1,L3,0.3,telea,6,6,0.8059431314468384,1,False,0.006514657980456026,0.24104234527687296,0.2890625
16813,0,CF1,L3,0.3,telea,6,8,0.7255196571350098,0,False,0.013029315960912053,0.2182410423452769,0.26171875
7373,0,CF1,L3,0.3,telea,8,8,0.7402770519256592,1,False,0.013029315960912053,0.26058631921824105,0.3125
20149,0,CF1,L3,0.3,telea,2,2,0.6083482503890991,1,False,0.016286644951140065,0.2703583061889251,0.32421875
15874,0,CF1,L3,0.3,telea,9,9,0.9786723852157593,1,False,0.013029315960912053,0.23127035830618892,0.27734375
26011,0,CF1,L3,0.3,telea,0,0,0.8339635729789734,1,False,0.019543973941368076,0.2182410423452769,0.26171875
4196,0,CF1,L3,0.3,telea,9,9,0.6830117106437683,1,False,0.013029315960912053,0.26384364820846906,0.31640625
11227,0,CF1,L3,0.3,telea,3,3,0.8082632422447205,1,False,0.003257328990228013,0.250814332247557,0.30078125
15736,0,CF1,L3,0.3,telea,3,3,0.991214394569397,1,False,0.006514657980456026,0.25732899022801303,0.30859375
6339,0,CF1,L3,0.3,telea,6,6,0.8427106142044067,1,False,0.009771986970684038,0.26384364820846906,0.31640625
25704,0,CF1,L3,0.3,telea,2,2,0.9310078620910645,1,False,0.009771986970684038,0.23452768729641693,0.28125
3190,0,CF1,L3,0.3,telea,7,7,0.824099600315094,1,False,0.003257328990228013,0.2768729641693811,0.33203125
737,0,CF1,L3,0.3,telea,4,4,0.7671423554420471,1,False,0.006514657980456026,0.2182410423452769,0.26171875
22875,0,CF1,L3,0.3,telea,9,9,0.8582357168197632,1,False,0.006514657980456026,0.250814332247557,0.30078125
22749,0,CF1,L3,0.3,telea,3,3,0.6307123303413391,1,False,0.003257328990228013,0.23452768729641693,0.28125
22998,0,CF1,L3,0.3,telea,3,3,0.9847401976585388,1,False,0.006514657980456026,0.25732899022801303,0.30859375
24210,0,CF1,L3,0.3,telea,5,5,0.8575274348258972,1,False,0.006514657980456026,0.26058631921824105,0.3125
6800,0,CF1,L3,0.3,telea,4,4,0.889682412147522,1,False,0.013029315960912053,0.254071661237785,0.3046875
16602,0,CF1,L3,0.3,telea,9,9,0.3182067275047302,1,False,0.003257328990228013,0.247557003257329,0.296875
10822,0,CF1,L3,0.3,telea,6,6,0.7034382820129395,1,False,0.006514657980456026,0.25732899022801303,0.30859375
12822,0,CF1,L3,0.3,telea,1,1,0.9996380805969238,1,False,0.009771986970684038,0.24104234527687296,0.2890625
12758,0,CF1,L3,0.3,telea,5,5,0.9347739219665527,1,False,0.003257328990228013,0.28013029315960913,0.3359375
21144,0,CF1,L3,0.3,telea,4,4,0.9684306383132935,1,False,0.009771986970684038,0.2247557003257329,0.26953125
4900,0,CF1,L3,0.3,telea,6,3,0.3740955591201782,0,False,0.006514657980456026,0.24104234527687296,0.2890625
22888,0,CF1,L3,0.3,telea,9,9,0.9972104430198669,1,False,0.016286644951140065,0.247557003257329,0.296875
19935,0,CF1,L3,0.3,telea,9,9,0.5404462814331055,1,False,0.02280130293159609,0.247557003257329,0.296875
21896,0,CF1,L3,0.3,telea,7,7,0.9742801785469055,1,False,0.013029315960912053,0.2247557003257329,0.26953125
3475,0,CF1,L3,0.3,telea,3,3,0.8836386799812317,1,False,0.013029315960912053,0.2931596091205212,0.3515625
16171,0,CF1,L3,0.3,telea,0,0,0.9992838501930237,1,False,0.013029315960912053,0.24429967426710097,0.29296875
4672,0,CF1,L3,0.3,telea,4,7,0.8755150437355042,0,False,0.003257328990228013,0.26058631921824105,0.3125
10146,0,CF1,L3,0.3,telea,2,2,0.9998729228973389,1,False,0.02280130293159609,0.247557003257329,0.296875
9207,0,CF1,L3,0.3,telea,7,7,0.7034561634063721,1,False,0.009771986970684038,0.26384364820846906,0.31640625
17745,0,CF1,L3,0.3,telea,9,2,0.999392032623291,0,False,0.016286644951140065,0.25732899022801303,0.30859375
432,0,CF1,L3,0.3,telea,7,7,0.6201449036598206,1,False,0.019543973941368076,0.247557003257329,0.296875
6608,0,CF1,L3,0.3,telea,4,4,0.9824033975601196,1,False,0.006514657980456026,0.24104234527687296,0.2890625
25769,0,CF1,L3,0.3,telea,9,9,0.9906625151634216,1,False,0.02280130293159609,0.2280130293159609,0.2734375
14774,0,CF1,L3,0.3,telea,3,3,0.9035412669181824,1,False,0.003257328990228013,0.26058631921824105,0.3125
21627,0,CF1,L3,0.3,telea,4,4,0.8608476519584656,1,False,0.009771986970684038,0.28013029315960913,0.3359375
8133,0,CF1,L3,0.3,telea,2,2,0.9995146989822388,1,False,0.003257328990228013,0.250814332247557,0.30078125
12554,0,CF1,L3,0.3,telea,4,4,0.999118983745575,1,False,0.006514657980456026,0.2247557003257329,0.26953125
10856,0,CF1,L3,0.3,telea,1,1,0.8743566274642944,1,False,0.009771986970684038,0.2182410423452769,0.26171875
15931,0,CF1,L3,0.3,telea,3,3,0.9940469264984131,1,False,0.02280130293159609,0.26058631921824105,0.3125
2367,0,CF1,L3,0.3,telea,2,2,0.7444733381271362,1,False,0.006514657980456026,0.2280130293159609,0.2734375
25563,0,CF1,L3,0.3,telea,7,7,0.7525236010551453,1,False,0.006514657980456026,0.247557003257329,0.296875
6748,0,CF1,L3,0.3,telea,2,2,0.9807820320129395,1,False,0.006514657980456026,0.2703583061889251,0.32421875
5368,0,CF1,L3,0.3,telea,8,8,0.9913365840911865,1,False,0.006514657980456026,0.247557003257329,0.296875
25951,0,CF1,L3,0.3,telea,6,6,0.9684712290763855,1,False,0.006514657980456026,0.26058631921824105,0.3125
22082,0,CF1,L3,0.3,telea,7,7,0.9960953593254089,1,False,0.006514657980456026,0.2247557003257329,0.26953125
19301,0,CF1,L3,0.3,telea,4,4,0.9836989641189575,1,False,0.013029315960912053,0.23127035830618892,0.27734375
13302,0,CF1,L3,0.3,telea,4,4,0.9869757294654846,1,False,0.016286644951140065,0.26058631921824105,0.3125
15358,0,CF1,L3,0.3,telea,0,0,0.6103240251541138,1,False,0.009771986970684038,0.26058631921824105,0.3125
23572,0,CF1,L3,0.3,telea,2,2,0.8869278430938721,1,False,0.006514657980456026,0.26384364820846906,0.31640625
14736,0,CF1,L3,0.3,telea,4,4,0.9955488443374634,1,False,0.019543973941368076,0.2703583061889251,0.32421875
16685,0,CF1,L3,0.3,telea,2,2,0.9243869185447693,1,False,0.009771986970684038,0.25732899022801303,0.30859375
21902,0,CF1,L3,0.3,telea,7,1,0.5384573340415955,0,False,0.02280130293159609,0.24429967426710097,0.29296875
6713,0,CF1,L3,0.3,telea,5,6,0.5029887557029724,0,False,0.009771986970684038,0.26058631921824105,0.3125
8771,0,CF1,L3,0.3,telea,4,4,0.941386342048645,1,False,0.0,0.2931596091205212,0.3515625
20264,0,CF1,L3,0.3,telea,3,6,0.4512184262275696,0,False,0.003257328990228013,0.2671009771986971,0.3203125
24489,0,CF1,L3,0.3,telea,1,1,0.9999864101409912,1,False,0.003257328990228013,0.23778501628664495,0.28515625
24852,0,CF1,L3,0.3,telea,1,4,0.7275808453559875,0,False,0.006514657980456026,0.23778501628664495,0.28515625
6746,0,CF1,L3,0.3,telea,1,1,0.8010112643241882,1,False,0.003257328990228013,0.23452768729641693,0.28125
5951,0,CF1,L3,0.3,telea,5,5,0.7059892416000366,1,False,0.009771986970684038,0.23127035830618892,0.27734375
6438,0,CF1,L3,0.3,telea,4,4,0.9988130331039429,1,False,0.006514657980456026,0.2736156351791531,0.328125
11126,0,CF1,L3,0.3,telea,9,6,0.6584362387657166,0,False,0.006514657980456026,0.28338762214983715,0.33984375
24241,0,CF1,L3,0.3,telea,3,3,0.9098848700523376,1,False,0.0,0.23778501628664495,0.28515625
23621,0,CF1,L3,0.3,telea,6,6,0.8055575489997864,1,False,0.003257328990228013,0.2182410423452769,0.26171875
14358,0,CF1,L3,0.3,telea,6,6,0.4706879258155823,1,False,0.016286644951140065,0.23127035830618892,0.27734375
19003,0,CF1,L3,0.3,telea,6,5,0.6026535034179688,0,False,0.003257328990228013,0.247557003257329,0.296875
3760,0,CF1,L3,0.3,telea,9,2,0.6753920912742615,0,False,0.006514657980456026,0.2768729641693811,0.33203125
1155,0,CF1,L3,0.3,telea,5,5,0.9962678551673889,1,False,0.003257328990228013,0.23127035830618892,0.27734375
22044,0,CF1,L3,0.3,telea,8,5,0.20337656140327454,0,False,0.016286644951140065,0.250814332247557,0.30078125
17521,0,CF1,L3,0.3,telea,4,4,0.9245505332946777,1,False,0.009771986970684038,0.250814332247557,0.30078125
15177,0,CF1,L3,0.3,telea,9,9,0.6221854090690613,1,False,0.009771986970684038,0.2671009771986971,0.3203125
21080,0,CF1,L3,0.3,telea,0,0,0.9910434484481812,1,False,0.013029315960912053,0.28013029315960913,0.3359375
4507,0,CF1,L3,0.3,telea,5,5,0.721187949180603,1,False,0.006514657980456026,0.2182410423452769,0.26171875
10600,0,CF1,L3,0.3,telea,7,7,0.9389740228652954,1,False,0.003257328990228013,0.254071661237785,0.3046875
11754,0,CF1,L3,0.3,telea,1,1,0.997787594795227,1,False,0.009771986970684038,0.23778501628664495,0.28515625
22934,0,CF1,L3,0.3,telea,4,4,0.9264043569564819,1,False,0.013029315960912053,0.21498371335504887,0.2578125
19094,0,CF1,L3,0.3,telea,3,3,0.9985800981521606,1,False,0.013029315960912053,0.20521172638436483,0.24609375
25246,0,CF1,L3,0.3,telea,7,7,0.7794126868247986,1,False,0.013029315960912053,0.254071661237785,0.3046875
14745,0,CF1,L3,0.3,telea,2,2,0.9999778270721436,1,False,0.003257328990228013,0.250814332247557,0.30078125
3177,0,CF1,L3,0.3,telea,8,9,0.38613826036453247,0,False,0.006514657980456026,0.24104234527687296,0.2890625
13870,0,CF1,L3,0.3,telea,5,1,0.4755736291408539,0,False,0.006514657980456026,0.28664495114006516,0.34375
5605,0,CF1,L3,0.3,telea,6,6,0.8877105116844177,1,False,0.006514657980456026,0.247557003257329,0.296875
5202,0,CF1,L3,0.3,telea,8,8,0.9815975427627563,1,False,0.009771986970684038,0.247557003257329,0.296875
8800,0,CF1,L3,0.3,telea,5,5,0.9879781007766724,1,False,0.013029315960912053,0.24429967426710097,0.29296875
645,0,CF1,L3,0.3,telea,3,3,0.992868959903717,1,False,0.009771986970684038,0.2247557003257329,0.26953125
16077,0,CF1,L3,0.3,telea,5,5,0.9816663861274719,1,False,0.013029315960912053,0.23452768729641693,0.28125
15336,0,CF1,L3,0.3,telea,5,5,0.7367671728134155,1,False,0.0,0.250814332247557,0.30078125
20933,0,CF1,L3,0.3,telea,0,0,0.8270074725151062,1,False,0.016286644951140065,0.2671009771986971,0.3203125
10580,0,CF1,L3,0.3,telea,8,8,0.7948840856552124,1,False,0.013029315960912053,0.23778501628664495,0.28515625
25902,0,CF1,L3,0.3,telea,6,6,0.9409147500991821,1,False,0.009771986970684038,0.21172638436482086,0.25390625
4666,0,CF1,L3,0.3,telea,8,8,0.9997841715812683,1,False,0.013029315960912053,0.25732899022801303,0.30859375
14541,0,CF1,L3,0.3,telea,4,4,0.9206840991973877,1,False,0.006514657980456026,0.28338762214983715,0.33984375
7374,0,CF1,L3,0.3,telea,5,5,0.6878930926322937,1,False,0.009771986970684038,0.28338762214983715,0.33984375
4697,0,CF1,L3,0.3,telea,5,0,0.4565175771713257,0,False,0.016286644951140065,0.24104234527687296,0.2890625
6317,0,CF1,L3,0.3,telea,5,5,0.5792238116264343,1,False,0.006514657980456026,0.26384364820846906,0.31640625
16623,0,CF1,L3,0.3,telea,6,6,0.7786515951156616,1,False,0.026058631921824105,0.2703583061889251,0.32421875
16511,0,CF1,L3,0.3,telea,6,5,0.43188929557800293,0,False,0.003257328990228013,0.254071661237785,0.3046875
16162,0,CF1,L3,0.3,telea,3,9,0.6726018786430359,0,False,0.016286644951140065,0.3127035830618892,0.375
5989,0,CF1,L3,0.3,telea,1,1,0.8223575353622437,1,False,0.03257328990228013,0.26058631921824105,0.3125
18753,0,CF1,L3,0.3,telea,5,5,0.9979211688041687,1,False,0.019543973941368076,0.24429967426710097,0.29296875
20853,0,CF1,L3,0.3,telea,4,4,0.6763585209846497,1,False,0.009771986970684038,0.250814332247557,0.30078125
16556,0,CF1,L3,0.3,telea,0,0,0.9234386086463928,1,False,0.0,0.2247557003257329,0.26953125
7019,0,CF1,L3,0.3,telea,9,9,0.9184823632240295,1,False,0.016286644951140065,0.22149837133550487,0.265625
3090,0,CF1,L3,0.3,telea,6,6,0.9955734014511108,1,False,0.009771986970684038,0.2280130293159609,0.2734375
14680,0,CF1,L3,0.3,telea,3,3,0.9249474406242371,1,False,0.009771986970684038,0.30618892508143325,0.3671875
869,0,CF1,L3,0.3,telea,3,9,0.4220896065235138,0,False,0.003257328990228013,0.22149837133550487,0.265625
7595,0,CF1,L3,0.3,telea,6,6,0.8258292078971863,1,False,0.016286644951140065,0.23127035830618892,0.27734375
14417,0,CF1,L3,0.3,telea,1,1,0.9535473585128784,1,False,0.009771986970684038,0.20195439739413681,0.2421875
13624,0,CF1,L3,0.3,telea,9,9,0.9760432839393616,1,False,0.026058631921824105,0.21172638436482086,0.25390625
21083,0,CF1,L3,0.3,telea,0,0,0.9977363348007202,1,False,0.013029315960912053,0.25732899022801303,0.30859375
7556,0,CF1,L3,0.3,telea,1,1,0.9767060875892639,1,False,0.013029315960912053,0.250814332247557,0.30078125
9289,0,CF1,L3,0.3,telea,8,8,0.4828011393547058,1,False,0.013029315960912053,0.23127035830618892,0.27734375
19944,0,CF1,L3,0.3,telea,3,3,0.8389224410057068,1,False,0.006514657980456026,0.250814332247557,0.30078125
6057,0,CF1,L3,0.3,telea,1,1,0.9637168645858765,1,False,0.003257328990228013,0.25732899022801303,0.30859375
23029,0,CF1,L3,0.3,telea,8,0,0.40037965774536133,0,False,0.009771986970684038,0.24104234527687296,0.2890625
23668,0,CF1,L3,0.3,telea,5,5,0.9212899804115295,1,False,0.003257328990228013,0.2280130293159609,0.2734375
13115,0,CF1,L3,0.3,telea,8,8,0.9724467992782593,1,False,0.009771986970684038,0.2703583061889251,0.32421875
20635,0,CF1,L3,0.3,telea,3,3,0.4336824119091034,1,False,0.016286644951140065,0.22149837133550487,0.265625
4281,0,CF1,L3,0.3,telea,4,4,0.9853149652481079,1,False,0.003257328990228013,0.28013029315960913,0.3359375
4139,0,CF1,L3,0.3,telea,9,2,0.49147364497184753,0,False,0.02280130293159609,0.23778501628664495,0.28515625
10652,0,CF1,L3,0.3,telea,1,1,0.9294793605804443,1,False,0.013029315960912053,0.2703583061889251,0.32421875
700,0,CF1,L3,0.3,telea,1,1,0.9752255082130432,1,False,0.006514657980456026,0.2964169381107492,0.35546875
5772,0,CF1,L3,0.3,telea,3,7,0.33093491196632385,0,False,0.019543973941368076,0.2736156351791531,0.328125
8114,0,CF1,L3,0.3,telea,9,9,0.7051454186439514,1,False,0.006514657980456026,0.2703583061889251,0.32421875
5964,0,CF1,L3,0.3,telea,6,6,0.4401174485683441,1,False,0.006514657980456026,0.25732899022801303,0.30859375
17278,0,CF1,L3,0.3,telea,7,7,0.5427314639091492,1,False,0.006514657980456026,0.22149837133550487,0.265625
9961,0,CF1,L3,0.3,telea,0,0,0.432129830121994,1,False,0.009771986970684038,0.2671009771986971,0.3203125
25974,0,CF1,L3,0.3,telea,7,7,0.9995647072792053,1,False,0.009771986970684038,0.24429967426710097,0.29296875
14317,0,CF1,L3,0.3,telea,3,3,0.8799840211868286,1,False,0.006514657980456026,0.2703583061889251,0.32421875
6485,0,CF1,L3,0.3,telea,0,0,0.9999414682388306,1,False,0.009771986970684038,0.2736156351791531,0.328125
18287,0,CF1,L3,0.3,telea,0,0,0.9750112891197205,1,False,0.006514657980456026,0.247557003257329,0.296875
11840,0,CF1,L3,0.3,telea,4,4,0.8685585260391235,1,False,0.013029315960912053,0.23127035830618892,0.27734375
864,0,CF1,L3,0.3,telea,0,0,0.9953032732009888,1,False,0.02280130293159609,0.23452768729641693,0.28125
20612,0,CF1,L3,0.3,telea,1,1,0.6029525995254517,1,False,0.016286644951140065,0.28338762214983715,0.33984375
21079,0,CF1,L3,0.3,telea,1,1,0.9991531372070312,1,False,0.0,0.26058631921824105,0.3125
11286,0,CF1,L3,0.3,telea,5,5,0.9893580079078674,1,False,0.016286644951140065,0.2247557003257329,0.26953125
788,0,CF1,L3,0.3,telea,0,0,0.8811085224151611,1,False,0.006514657980456026,0.28013029315960913,0.3359375
15932,0,CF1,L3,0.3,telea,3,3,0.8230844736099243,1,False,0.0,0.23778501628664495,0.28515625
18511,0,CF1,L3,0.3,telea,3,3,0.9895444512367249,1,False,0.003257328990228013,0.26058631921824105,0.3125
21576,0,CF1,L3,0.3,telea,5,1,0.5060709714889526,0,False,0.0,0.26058631921824105,0.3125
17237,0,CF1,L3,0.3,telea,2,2,0.9986574649810791,1,False,0.006514657980456026,0.20195439739413681,0.2421875
2966,0,CF1,L3,0.3,telea,2,2,0.9999957084655762,1,False,0.009771986970684038,0.2964169381107492,0.35546875
16416,0,CF1,L3,0.3,telea,5,5,0.9814828038215637,1,False,0.009771986970684038,0.2671009771986971,0.3203125
1280,0,CF1,L3,0.3,telea,5,5,0.8950555324554443,1,False,0.009771986970684038,0.25732899022801303,0.30859375
24928,0,CF1,L3,0.3,telea,0,0,0.9426551461219788,1,False,0.003257328990228013,0.250814332247557,0.30078125
23837,0,CF1,L3,0.3,telea,1,1,0.8712981939315796,1,False,0.003257328990228013,0.23452768729641693,0.28125
20230,0,CF1,L3,0.3,telea,1,1,0.9953696131706238,1,False,0.003257328990228013,0.22149837133550487,0.265625
23434,0,CF1,L3,0.3,telea,5,5,0.9908759593963623,1,False,0.013029315960912053,0.254071661237785,0.3046875
20522,0,CF1,L3,0.3,telea,6,2,0.35924240946769714,0,False,0.009771986970684038,0.2280130293159609,0.2734375
7789,0,CF1,L3,0.3,telea,3,7,0.30466675758361816,0,False,0.009771986970684038,0.2247557003257329,0.26953125
22086,0,CF1,L3,0.3,telea,6,6,0.9786478281021118,1,False,0.006514657980456026,0.2736156351791531,0.328125
21339,0,CF1,L3,0.3,telea,0,0,0.9407038688659668,1,False,0.009771986970684038,0.247557003257329,0.296875
6830,0,CF1,L3,0.3,telea,9,9,0.9999223947525024,1,False,0.009771986970684038,0.247557003257329,0.296875
20902,0,CF1,L3,0.3,telea,2,2,0.9923883080482483,1,False,0.026058631921824105,0.2931596091205212,0.3515625
17481,0,CF1,L3,0.3,telea,5,5,0.9756670594215393,1,False,0.006514657980456026,0.26384364820846906,0.31640625
3050,0,CF1,L3,0.3,telea,6,6,0.49203354120254517,1,False,0.009771986970684038,0.23452768729641693,0.28125
409,0,CF1,L3,0.3,telea,1,4,0.7962157130241394,0,False,0.009771986970684038,0.247557003257329,0.296875
14823,0,CF1,L3,0.3,telea,7,7,0.95026695728302,1,False,0.013029315960912053,0.2280130293159609,0.2734375
22892,0,CF1,L3,0.3,telea,9,1,0.4872192144393921,0,False,0.0,0.23127035830618892,0.27734375
9470,0,CF1,L3,0.3,telea,8,8,0.5741900205612183,1,False,0.009771986970684038,0.26058631921824105,0.3125
9543,0,CF1,L3,0.3,telea,6,8,0.4806104898452759,0,False,0.003257328990228013,0.26384364820846906,0.31640625
22090,0,CF1,L3,0.3,telea,5,5,0.9917225241661072,1,False,0.02280130293159609,0.23452768729641693,0.28125
6045,0,CF1,L3,0.3,telea,6,6,0.9845303297042847,1,False,0.006514657980456026,0.2247557003257329,0.26953125
317,0,CF1,L3,0.3,telea,8,8,0.9657673835754395,1,False,0.013029315960912053,0.25732899022801303,0.30859375
15812,0,CF1,L3,0.3,telea,0,0,0.9801040887832642,1,False,0.006514657980456026,0.2247557003257329,0.26953125
18170,0,CF1,L3,0.3,telea,9,9,0.9802053570747375,1,False,0.02280130293159609,0.28664495114006516,0.34375
14781,0,CF1,L3,0.3,telea,0,0,0.6640817523002625,1,False,0.013029315960912053,0.250814332247557,0.30078125
17886,0,CF1,L3,0.3,telea,9,9,0.9625825881958008,1,False,0.006514657980456026,0.26058631921824105,0.3125
20049,0,CF1,L3,0.3,telea,3,0,0.8192926645278931,0,False,0.009771986970684038,0.254071661237785,0.3046875
13283,0,CF1,L3,0.3,telea,0,0,0.7739682793617249,1,False,0.013029315960912053,0.26384364820846906,0.31640625
25830,0,CF1,L3,0.3,telea,5,5,0.996593177318573,1,False,0.0,0.247557003257329,0.296875
14277,0,CF1,L3,0.3,telea,9,9,0.8858192563056946,1,False,0.02280130293159609,0.26384364820846906,0.31640625
5908,0,CF1,L3,0.3,telea,1,1,0.9998375177383423,1,False,0.013029315960912053,0.2247557003257329,0.26953125
9731,0,CF1,L3,0.3,telea,8,8,0.8554276823997498,1,False,0.003257328990228013,0.25732899022801303,0.30859375
14180,0,CF1,L3,0.3,telea,9,9,0.9902957081794739,1,False,0.003257328990228013,0.24429967426710097,0.29296875
9246,0,CF1,L3,0.3,telea,2,2,0.9986708164215088,1,False,0.016286644951140065,0.20846905537459284,0.25
1656,0,CF1,L3,0.3,telea,2,7,0.3476187288761139,0,False,0.019543973941368076,0.23778501628664495,0.28515625
17712,0,CF1,L3,0.3,telea,1,1,0.8130316734313965,1,False,0.013029315960912053,0.28013029315960913,0.3359375
25544,0,CF1,L3,0.3,telea,9,9,0.7947022318840027,1,False,0.003257328990228013,0.22149837133550487,0.265625
1120,0,CF1,L3,0.3,telea,5,5,0.9973738193511963,1,False,0.006514657980456026,0.23778501628664495,0.28515625
1298,0,CF1,L3,0.3,telea,6,6,0.8213455080986023,1,False,0.009771986970684038,0.23452768729641693,0.28125
25570,0,CF1,L3,0.3,telea,2,2,0.9948084950447083,1,False,0.003257328990228013,0.2182410423452769,0.26171875
5370,0,CF1,L3,0.3,telea,7,7,0.775209367275238,1,False,0.009771986970684038,0.247557003257329,0.296875
19075,0,CF1,L3,0.3,telea,2,2,0.9868515133857727,1,False,0.006514657980456026,0.2280130293159609,0.2734375
8583,0,CF1,L3,0.3,telea,0,2,0.25549280643463135,0,False,0.003257328990228013,0.2671009771986971,0.3203125
2133,0,CF1,L3,0.3,telea,0,2,0.32331159710884094,0,False,0.016286644951140065,0.23127035830618892,0.27734375
1982,0,CF1,L3,0.3,telea,2,2,0.8774987459182739,1,False,0.009771986970684038,0.250814332247557,0.30078125
950,0,CF1,L3,0.3,telea,8,9,0.34055113792419434,0,False,0.009771986970684038,0.26384364820846906,0.31640625
19563,0,CF1,L3,0.3,telea,4,4,0.9596482515335083,1,False,0.003257328990228013,0.2703583061889251,0.32421875
21023,0,CF1,L3,0.3,telea,6,6,0.9582236409187317,1,False,0.019543973941368076,0.21498371335504887,0.2578125
15687,0,CF1,L3,0.3,telea,0,0,0.7003764510154724,1,False,0.0,0.2768729641693811,0.33203125
6444,0,CF1,L3,0.3,telea,6,6,0.9568206071853638,1,False,0.003257328990228013,0.2280130293159609,0.2734375
15735,0,CF1,L3,0.3,telea,4,4,0.9986166954040527,1,False,0.016286644951140065,0.24429967426710097,0.29296875
10651,0,CF1,L3,0.3,telea,0,0,0.6362948417663574,1,False,0.003257328990228013,0.24429967426710097,0.29296875
13256,0,CF1,L3,0.3,telea,1,1,0.9986373782157898,1,False,0.009771986970684038,0.25732899022801303,0.30859375
16855,0,CF1,L3,0.3,telea,6,6,0.291103720664978,1,False,0.009771986970684038,0.254071661237785,0.3046875
14884,0,CF1,L3,0.3,telea,9,9,0.9784416556358337,1,False,0.009771986970684038,0.2671009771986971,0.3203125
21884,0,CF1,L3,0.3,telea,6,6,0.8575305342674255,1,False,0.006514657980456026,0.2247557003257329,0.26953125
5078,0,CF1,L3,0.3,telea,3,3,0.5518986582756042,1,False,0.013029315960912053,0.254071661237785,0.3046875
20419,0,CF1,L3,0.3,telea,9,9,0.5450845956802368,1,False,0.009771986970684038,0.250814332247557,0.30078125
20521,0,CF1,L3,0.3,telea,5,5,0.923102080821991,1,False,0.006514657980456026,0.23778501628664495,0.28515625
23257,0,CF1,L3,0.3,telea,5,5,0.707114040851593,1,False,0.009771986970684038,0.31921824104234525,0.3828125
17190,0,CF1,L3,0.3,telea,2,2,0.9482116103172302,1,False,0.006514657980456026,0.2703583061889251,0.32421875
15631,0,CF1,L3,0.3,telea,8,8,0.9513335227966309,1,False,0.003257328990228013,0.2247557003257329,0.26953125
504,0,CF1,L3,0.3,telea,0,0,0.9425049424171448,1,False,0.013029315960912053,0.2247557003257329,0.26953125
14990,0,CF1,L3,0.3,telea,3,3,0.9988154172897339,1,False,0.016286644951140065,0.23452768729641693,0.28125
24512,0,CF1,L3,0.3,telea,8,8,0.9294174909591675,1,False,0.009771986970684038,0.250814332247557,0.30078125
23120,0,CF1,L3,0.3,telea,7,7,0.6417974233627319,1,False,0.006514657980456026,0.2182410423452769,0.26171875
3357,0,CF1,L3,0.3,telea,2,2,0.9968724846839905,1,False,0.016286644951140065,0.22149837133550487,0.265625
8088,0,CF1,L3,0.3,telea,1,1,0.9456989765167236,1,False,0.016286644951140065,0.24104234527687296,0.2890625
21849,0,CF1,L3,0.3,telea,9,9,0.48699337244033813,1,False,0.009771986970684038,0.2703583061889251,0.32421875
13683,0,CF1,L3,0.3,telea,0,0,0.984265923500061,1,False,0.009771986970684038,0.23778501628664495,0.28515625
22718,0,CF1,L3,0.3,telea,9,3,0.5954962968826294,0,False,0.013029315960912053,0.250814332247557,0.30078125
9927,0,CF1,L3,0.3,telea,4,4,0.8363640904426575,1,False,0.016286644951140065,0.24429967426710097,0.29296875
11425,0,CF1,L3,0.3,telea,0,0,0.9821422696113586,1,False,0.026058631921824105,0.247557003257329,0.296875
14578,0,CF1,L3,0.3,telea,0,0,0.5277100801467896,1,False,0.019543973941368076,0.2182410423452769,0.26171875
25481,0,CF1,L3,0.3,telea,8,8,0.6843757033348083,1,False,0.009771986970684038,0.250814332247557,0.30078125
11269,0,CF1,L3,0.3,telea,5,5,0.9974345564842224,1,False,0.009771986970684038,0.24429967426710097,0.29296875
12877,0,CF1,L3,0.3,telea,5,5,0.9132928848266602,1,False,0.006514657980456026,0.25732899022801303,0.30859375
22531,0,CF1,L3,0.3,telea,9,9,0.2190282642841339,1,False,0.016286644951140065,0.23778501628664495,0.28515625
13150,0,CF1,L3,0.3,telea,3,7,0.40535110235214233,0,False,0.006514657980456026,0.25732899022801303,0.30859375
5654,0,CF1,L3,0.3,telea,8,8,0.8716824054718018,1,False,0.016286644951140065,0.26384364820846906,0.31640625
1286,0,CF1,L3,0.3,telea,7,7,0.9767093658447266,1,False,0.009771986970684038,0.2703583061889251,0.32421875
1652,0,CF1,L3,0.3,telea,1,1,0.9997846484184265,1,False,0.016286644951140065,0.250814332247557,0.30078125
22335,0,CF1,L3,0.3,telea,2,2,0.9060594439506531,1,False,0.016286644951140065,0.2703583061889251,0.32421875
23848,0,CF1,L3,0.3,telea,3,3,0.9220041036605835,1,False,0.029315960912052116,0.2247557003257329,0.26953125
2892,0,CF1,L3,0.3,telea,6,6,0.9873359799385071,1,False,0.006514657980456026,0.2671009771986971,0.3203125
16530,0,CF1,L3,0.3,telea,8,8,0.896202027797699,1,False,0.009771986970684038,0.26384364820846906,0.31640625
12848,0,CF1,L3,0.3,telea,8,8,0.9807372093200684,1,False,0.016286644951140065,0.28664495114006516,0.34375
7330,0,CF1,L3,0.3,telea,7,7,0.963376522064209,1,False,0.003257328990228013,0.250814332247557,0.30078125
3676,0,CF1,L3,0.3,telea,1,1,0.8935426473617554,1,False,0.013029315960912053,0.23778501628664495,0.28515625
19966,0,CF1,L3,0.3,telea,8,8,0.6997836232185364,1,False,0.016286644951140065,0.22149837133550487,0.265625
8382,0,CF1,L3,0.3,telea,5,6,0.7228458523750305,0,False,0.009771986970684038,0.250814332247557,0.30078125
19660,0,CF1,L3,0.3,telea,7,7,0.29747137427330017,1,False,0.0,0.2182410423452769,0.26171875
2508,0,CF1,L3,0.3,telea,9,9,0.7900633811950684,1,False,0.013029315960912053,0.22149837133550487,0.265625
2360,0,CF1,L3,0.3,telea,4,4,0.5579423308372498,1,False,0.009771986970684038,0.2280130293159609,0.2734375
16796,0,CF1,L3,0.3,telea,1,1,0.9988698363304138,1,False,0.013029315960912053,0.26058631921824105,0.3125
23426,0,CF1,L3,0.3,telea,9,9,0.30486270785331726,1,False,0.009771986970684038,0.20846905537459284,0.25
15590,0,CF1,L3,0.3,telea,2,9,0.7759298086166382,0,False,0.016286644951140065,0.254071661237785,0.3046875
6302,0,CF1,L3,0.3,telea,3,3,0.5982706546783447,1,False,0.019543973941368076,0.28664495114006516,0.34375
24519,0,CF1,L3,0.3,telea,7,7,0.6765004396438599,1,False,0.013029315960912053,0.23127035830618892,0.27734375
23276,0,CF1,L3,0.3,telea,2,2,0.3257784843444824,1,False,0.009771986970684038,0.2703583061889251,0.32421875
24566,0,CF1,L3,0.3,telea,8,8,0.9525763988494873,1,False,0.013029315960912053,0.18892508143322476,0.2265625
20978,0,CF1,L3,0.3,telea,1,4,0.9231927990913391,0,False,0.003257328990228013,0.26058631921824105,0.3125
8990,0,CF1,L3,0.3,telea,3,3,0.8564162850379944,1,False,0.013029315960912053,0.254071661237785,0.3046875
11061,0,CF1,L3,0.3,telea,7,7,0.796870231628418,1,False,0.0,0.2182410423452769,0.26171875
7075,0,CF1,L3,0.3,telea,9,5,0.7509017586708069,0,False,0.013029315960912053,0.2280130293159609,0.2734375
17641,0,CF1,L3,0.3,telea,2,2,0.9997237324714661,1,False,0.016286644951140065,0.20846905537459284,0.25
12077,0,CF1,L3,0.3,telea,9,9,0.9982592463493347,1,False,0.009771986970684038,0.21172638436482086,0.25390625
1779,0,CF1,L3,0.3,telea,7,7,0.9879693984985352,1,False,0.026058631921824105,0.254071661237785,0.3046875
11519,0,CF1,L3,0.3,telea,4,4,0.7801797389984131,1,False,0.019543973941368076,0.250814332247557,0.30078125
8549,0,CF1,L3,0.3,telea,3,3,0.7410320043563843,1,False,0.003257328990228013,0.21172638436482086,0.25390625
14623,0,CF1,L3,0.3,telea,6,6,0.3234530985355377,1,False,0.02280130293159609,0.250814332247557,0.30078125
10846,0,CF1,L3,0.3,telea,3,3,0.9955322742462158,1,False,0.006514657980456026,0.25732899022801303,0.30859375
16289,0,CF1,L3,0.3,telea,3,3,0.9167990684509277,1,False,0.006514657980456026,0.26058631921824105,0.3125
12311,0,CF1,L3,0.3,telea,8,8,0.7588565349578857,1,False,0.013029315960912053,0.2671009771986971,0.3203125
6068,0,CF1,L3,0.3,telea,8,8,0.8941630125045776,1,False,0.003257328990228013,0.25732899022801303,0.30859375
9629,0,CF1,L3,0.3,telea,6,6,0.7015514969825745,1,False,0.019543973941368076,0.23127035830618892,0.27734375
19560,0,CF1,L3,0.3,telea,3,9,0.5419817566871643,0,False,0.003257328990228013,0.250814332247557,0.30078125
10379,0,CF1,L3,0.3,telea,8,8,0.9219456315040588,1,False,0.0,0.2703583061889251,0.32421875
6499,0,CF1,L3,0.3,telea,9,6,0.8286420106887817,0,False,0.016286644951140065,0.24104234527687296,0.2890625
1159,0,CF1,L3,0.3,telea,0,0,0.9964763522148132,1,False,0.02280130293159609,0.2247557003257329,0.26953125
4366,0,CF1,L3,0.3,telea,7,7,0.9862216711044312,1,False,0.016286644951140065,0.28664495114006516,0.34375
8397,0,CF1,L3,0.3,telea,1,8,0.35107842087745667,0,False,0.02280130293159609,0.25732899022801303,0.30859375
20905,0,CF1,L3,0.3,telea,9,9,0.3753235340118408,1,False,0.009771986970684038,0.28664495114006516,0.34375
15746,0,CF1,L3,0.3,telea,5,5,0.917546272277832,1,False,0.003257328990228013,0.254071661237785,0.3046875
9402,0,CF1,L3,0.3,telea,3,8,0.7950206398963928,0,False,0.006514657980456026,0.2736156351791531,0.328125
8164,0,CF1,L3,0.3,telea,2,0,0.35355421900749207,0,False,0.016286644951140065,0.2671009771986971,0.3203125
510,0,CF1,L3,0.3,telea,5,5,0.7742220163345337,1,False,0.009771986970684038,0.24429967426710097,0.29296875
24070,0,CF1,L3,0.3,telea,9,1,0.4403560161590576,0,False,0.013029315960912053,0.30293159609120524,0.36328125
2401,0,CF1,L3,0.3,telea,4,4,0.9865396618843079,1,False,0.013029315960912053,0.254071661237785,0.3046875
12147,0,CF1,L3,0.3,telea,3,3,0.610543429851532,1,False,0.013029315960912053,0.23127035830618892,0.27734375
14499,0,CF1,L3,0.3,telea,6,6,0.6881956458091736,1,False,0.003257328990228013,0.2671009771986971,0.3203125
3530,0,CF1,L3,0.3,telea,6,6,0.9917096495628357,1,False,0.026058631921824105,0.28013029315960913,0.3359375
14723,0,CF1,L3,0.3,telea,7,2,0.6569397449493408,0,False,0.003257328990228013,0.25732899022801303,0.30859375
4435,0,CF1,L3,0.3,telea,3,3,0.9719769358634949,1,False,0.009771986970684038,0.23778501628664495,0.28515625
22852,0,CF1,L3,0.3,telea,2,2,0.6203683614730835,1,False,0.003257328990228013,0.23452768729641693,0.28125
8461,0,CF1,L3,0.3,telea,3,3,0.9989239573478699,1,False,0.009771986970684038,0.26058631921824105,0.3125
21972,0,CF1,L3,0.3,telea,7,7,0.9871361255645752,1,False,0.026058631921824105,0.28338762214983715,0.33984375
5410,0,CF1,L3,0.3,telea,4,4,0.9162800312042236,1,False,0.009771986970684038,0.26384364820846906,0.31640625
17754,0,CF1,L3,0.3,telea,6,6,0.9316217303276062,1,False,0.0,0.23452768729641693,0.28125
15311,0,CF1,L3,0.3,telea,2,2,0.9991821646690369,1,False,0.016286644951140065,0.22149837133550487,0.265625
15185,0,CF1,L3,0.3,telea,1,1,0.9441996812820435,1,False,0.006514657980456026,0.254071661237785,0.3046875
5663,0,CF1,L3,0.3,telea,4,4,0.6615305542945862,1,False,0.016286644951140065,0.28013029315960913,0.3359375
6247,0,CF1,L3,0.3,telea,6,6,0.9660811424255371,1,False,0.003257328990228013,0.24429967426710097,0.29296875
15287,0,CF1,L3,0.3,telea,0,2,0.5475671887397766,0,False,0.0,0.250814332247557,0.30078125
19902,0,CF1,L3,0.3,telea,0,0,0.9838353395462036,1,False,0.013029315960912053,0.2736156351791531,0.328125
25188,0,CF1,L3,0.3,telea,4,4,0.5905493497848511,1,False,0.003257328990228013,0.24104234527687296,0.2890625
11195,0,CF1,L3,0.3,telea,8,8,0.5909462571144104,1,False,0.006514657980456026,0.25732899022801303,0.30859375
4828,0,CF1,L3,0.3,telea,7,1,0.49617791175842285,0,False,0.009771986970684038,0.23778501628664495,0.28515625
23751,0,CF1,L3,0.3,telea,5,5,0.9074008464813232,1,False,0.013029315960912053,0.24104234527687296,0.2890625
9464,0,CF1,L3,0.3,telea,3,1,0.6346316933631897,0,False,0.006514657980456026,0.247557003257329,0.296875
25723,0,CF1,L3,0.3,telea,0,0,0.9857414960861206,1,False,0.013029315960912053,0.254071661237785,0.3046875
16859,0,CF1,L3,0.3,telea,5,5,0.9665620923042297,1,False,0.006514657980456026,0.26384364820846906,0.31640625
3601,0,CF1,L3,0.3,telea,1,1,0.9804162383079529,1,False,0.013029315960912053,0.25732899022801303,0.30859375
11679,0,CF1,L3,0.3,telea,6,6,0.9676295518875122,1,False,0.006514657980456026,0.2671009771986971,0.3203125
12135,0,CF1,L3,0.3,telea,7,7,0.5590166449546814,1,False,0.016286644951140065,0.20846905537459284,0.25
16329,0,CF1,L3,0.3,telea,1,1,0.8212569355964661,1,False,0.003257328990228013,0.23452768729641693,0.28125
94,0,CF1,L3,0.3,telea,4,4,0.38499993085861206,1,False,0.009771986970684038,0.26384364820846906,0.31640625
14517,0,CF1,L3,0.3,telea,9,5,0.43443796038627625,0,False,0.003257328990228013,0.2703583061889251,0.32421875
16852,0,CF1,L3,0.3,telea,3,3,0.9935842156410217,1,False,0.013029315960912053,0.2736156351791531,0.328125
6852,0,CF1,L3,0.3,telea,6,6,0.4198058247566223,1,False,0.016286644951140065,0.2182410423452769,0.26171875
24858,0,CF1,L3,0.3,telea,3,3,0.9844867587089539,1,False,0.013029315960912053,0.23127035830618892,0.27734375
297,0,CF1,L3,0.3,telea,9,9,0.7657298445701599,1,False,0.009771986970684038,0.250814332247557,0.30078125
12339,0,CF1,L3,0.3,telea,2,2,0.9996482133865356,1,False,0.006514657980456026,0.23778501628664495,0.28515625
20811,0,CF1,L3,0.3,telea,8,8,0.886069118976593,1,False,0.006514657980456026,0.2768729641693811,0.33203125
12439,0,CF1,L3,0.3,telea,5,5,0.856584370136261,1,False,0.009771986970684038,0.22149837133550487,0.265625
16632,0,CF1,L3,0.3,telea,9,0,0.9331685900688171,0,False,0.013029315960912053,0.2280130293159609,0.2734375
5798,0,CF1,L3,0.3,telea,4,4,0.40461018681526184,1,False,0.019543973941368076,0.24104234527687296,0.2890625
18458,0,CF1,L3,0.3,telea,3,3,0.9511407613754272,1,False,0.009771986970684038,0.23127035830618892,0.27734375
6105,0,CF1,L3,0.3,telea,5,5,0.8940426111221313,1,False,0.019543973941368076,0.28664495114006516,0.34375
10321,0,CF1,L3,0.3,telea,6,6,0.9441539645195007,1,False,0.009771986970684038,0.26058631921824105,0.3125
21771,0,CF1,L3,0.3,telea,7,7,0.9890115261077881,1,False,0.006514657980456026,0.247557003257329,0.296875
22194,0,CF1,L3,0.3,telea,0,0,0.9756308794021606,1,False,0.009771986970684038,0.2964169381107492,0.35546875
6,0,CF1,L3,0.3,telea,9,9,0.5747031569480896,1,False,0.013029315960912053,0.28013029315960913,0.3359375
912,0,CF1,L3,0.3,telea,7,7,0.9658050537109375,1,False,0.006514657980456026,0.23127035830618892,0.27734375
16910,0,CF1,L3,0.3,telea,5,5,0.8497747182846069,1,False,0.016286644951140065,0.19218241042345277,0.23046875
18738,0,CF1,L3,0.3,telea,7,7,0.9958269000053406,1,False,0.016286644951140065,0.26058631921824105,0.3125
18020,0,CF1,L3,0.3,telea,9,9,0.8524975180625916,1,False,0.02280130293159609,0.24429967426710097,0.29296875
3462,0,CF1,L3,0.3,telea,8,8,0.4330844581127167,1,False,0.006514657980456026,0.24429967426710097,0.29296875
5696,0,CF1,L3,0.3,telea,1,0,0.25216981768608093,0,False,0.009771986970684038,0.2996742671009772,0.359375
15066,0,CF1,L3,0.3,telea,3,3,0.9749765992164612,1,False,0.019543973941368076,0.23778501628664495,0.28515625
10653,0,CF1,L3,0.3,telea,9,9,0.5909337401390076,1,False,0.016286644951140065,0.26384364820846906,0.31640625
13337,0,CF1,L3,0.3,telea,2,2,0.9999302625656128,1,False,0.006514657980456026,0.2671009771986971,0.3203125
12340,0,CF1,L3,0.3,telea,5,5,0.9949905276298523,1,False,0.006514657980456026,0.254071661237785,0.3046875
9536,0,CF1,L3,0.3,telea,0,0,0.9966160655021667,1,False,0.006514657980456026,0.24429967426710097,0.29296875
3566,0,CF1,L3,0.3,telea,4,4,0.6118713021278381,1,False,0.003257328990228013,0.23127035830618892,0.27734375
20090,0,CF1,L3,0.3,telea,4,4,0.922919750213623,1,False,0.0,0.2280130293159609,0.2734375
211,0,CF1,L3,0.3,telea,0,0,0.9013211727142334,1,False,0.016286644951140065,0.2280130293159609,0.2734375
55,0,CF1,L3,0.3,telea,8,6,0.8611615896224976,0,False,0.006514657980456026,0.23778501628664495,0.28515625
1477,0,CF1,L3,0.3,telea,2,5,0.4124607741832733,0,False,0.006514657980456026,0.2703583061889251,0.32421875
25898,0,CF1,L3,0.3,telea,0,6,0.8442451357841492,0,False,0.0,0.250814332247557,0.30078125
25713,0,CF1,L3,0.3,telea,0,0,0.675467312335968,1,False,0.013029315960912053,0.26058631921824105,0.3125
18055,0,CF1,L3,0.3,telea,3,3,0.9939267039299011,1,False,0.013029315960912053,0.23452768729641693,0.28125
17461,0,CF1,L3,0.3,telea,3,3,0.9385764598846436,1,False,0.02280130293159609,0.2964169381107492,0.35546875
14237,0,CF1,L3,0.3,telea,7,7,0.7173546552658081,1,False,0.009771986970684038,0.2768729641693811,0.33203125
13858,0,CF1,L3,0.3,telea,1,1,0.9972134232521057,1,False,0.006514657980456026,0.23127035830618892,0.27734375
12386,0,CF1,L3,0.3,telea,5,5,0.7573195099830627,1,False,0.013029315960912053,0.2736156351791531,0.328125
7223,0,CF1,L3,0.3,telea,9,9,0.9897944331169128,1,False,0.019543973941368076,0.25732899022801303,0.30859375
3153,0,CF1,L3,0.3,telea,5,5,0.7179083228111267,1,False,0.009771986970684038,0.2768729641693811,0.33203125
23265,0,CF1,L3,0.3,telea,8,8,0.8054671287536621,1,False,0.009771986970684038,0.22149837133550487,0.265625
9465,0,CF1,L3,0.3,telea,0,6,0.4045029580593109,0,False,0.016286644951140065,0.23452768729641693,0.28125
7419,0,CF1,L3,0.3,telea,0,0,0.986176073551178,1,False,0.006514657980456026,0.250814332247557,0.30078125
4722,0,CF1,L3,0.3,telea,6,6,0.772559642791748,1,False,0.019543973941368076,0.247557003257329,0.296875
23448,0,CF1,L3,0.3,telea,6,6,0.43863818049430847,1,False,0.003257328990228013,0.28013029315960913,0.3359375
8222,0,CF1,L3,0.3,telea,2,2,0.9588809609413147,1,False,0.0,0.24104234527687296,0.2890625
20898,0,CF1,L3,0.3,telea,8,8,0.9687609076499939,1,False,0.009771986970684038,0.24429967426710097,0.29296875
23313,0,CF1,L3,0.3,telea,2,2,0.9980694651603699,1,False,0.013029315960912053,0.20521172638436483,0.24609375
13426,0,CF1,L3,0.3,telea,2,2,0.95977783203125,1,False,0.013029315960912053,0.26058631921824105,0.3125
25136,0,CF1,L3,0.3,telea,4,4,0.9997624754905701,1,False,0.009771986970684038,0.20846905537459284,0.25
9268,0,CF1,L3,0.3,telea,4,4,0.9988704323768616,1,False,0.009771986970684038,0.26058631921824105,0.3125
3892,0,CF1,L3,0.3,telea,1,1,0.9988640546798706,1,False,0.013029315960912053,0.20846905537459284,0.25
4115,0,CF1,L3,0.3,telea,3,0,0.3947579860687256,0,False,0.006514657980456026,0.247557003257329,0.296875
5166,0,CF1,L3,0.3,telea,7,7,0.9929323196411133,1,False,0.006514657980456026,0.2671009771986971,0.3203125
14984,0,CF1,L3,0.3,telea,3,4,0.26293885707855225,0,False,0.006514657980456026,0.2736156351791531,0.328125
10520,0,CF1,L3,0.3,telea,1,1,0.7828009128570557,1,False,0.006514657980456026,0.2280130293159609,0.2734375
4379,0,CF1,L3,0.3,telea,2,2,0.9998210072517395,1,False,0.016286644951140065,0.24429967426710097,0.29296875
8937,0,CF1,L3,0.3,telea,1,1,0.9737890958786011,1,False,0.009771986970684038,0.25732899022801303,0.30859375
17550,0,CF1,L3,0.3,telea,9,9,0.996841549873352,1,False,0.0,0.2736156351791531,0.328125
19085,0,CF1,L3,0.3,telea,9,9,0.9592717289924622,1,False,0.0,0.23452768729641693,0.28125
17902,0,CF1,L3,0.3,telea,6,6,0.6285645365715027,1,False,0.003257328990228013,0.254071661237785,0.3046875
14780,0,CF1,L3,0.3,telea,8,3,0.6529679894447327,0,False,0.009771986970684038,0.24429967426710097,0.29296875
8401,0,CF1,L3,0.3,telea,0,0,0.8701825737953186,1,False,0.009771986970684038,0.254071661237785,0.3046875
11230,0,CF1,L3,0.3,telea,2,2,0.9775739312171936,1,False,0.003257328990228013,0.254071661237785,0.3046875
1772,0,CF1,L3,0.3,telea,3,3,0.9886143207550049,1,False,0.006514657980456026,0.250814332247557,0.30078125
13326,0,CF1,L3,0.3,telea,4,4,0.999298095703125,1,False,0.006514657980456026,0.2280130293159609,0.2734375
15230,0,CF1,L3,0.3,telea,5,2,0.6631078124046326,0,False,0.003257328990228013,0.2931596091205212,0.3515625
20557,0,CF1,L3,0.3,telea,0,0,0.5160343050956726,1,False,0.006514657980456026,0.28338762214983715,0.33984375
9555,0,CF1,L3,0.3,telea,1,1,0.9986388087272644,1,False,0.006514657980456026,0.25732899022801303,0.30859375
3667,0,CF1,L3,0.3,telea,6,6,0.9592469930648804,1,False,0.003257328990228013,0.247557003257329,0.296875
5316,0,CF1,L3,0.3,telea,5,5,0.8610687255859375,1,False,0.0,0.21172638436482086,0.25390625
3606,0,CF1,L3,0.3,telea,5,5,0.3327857553958893,1,False,0.003257328990228013,0.28664495114006516,0.34375
25776,0,CF1,L3,0.3,telea,6,6,0.9630926251411438,1,False,0.013029315960912053,0.247557003257329,0.296875
22231,0,CF1,L3,0.3,telea,1,1,0.9942210912704468,1,False,0.003257328990228013,0.28013029315960913,0.3359375
10855,0,CF1,L3,0.3,telea,7,7,0.9967370629310608,1,False,0.013029315960912053,0.20846905537459284,0.25
130,0,CF1,L3,0.3,telea,6,6,0.9980023503303528,1,False,0.009771986970684038,0.22149837133550487,0.265625
434,0,CF1,L3,0.3,telea,8,8,0.4283178150653839,1,False,0.013029315960912053,0.2182410423452769,0.26171875
5308,0,CF1,L3,0.3,telea,5,3,0.2446780502796173,0,False,0.013029315960912053,0.2736156351791531,0.328125
17682,0,CF1,L3,0.3,telea,4,4,0.4300985634326935,1,False,0.006514657980456026,0.26058631921824105,0.3125
16682,0,CF1,L3,0.3,telea,8,8,0.8959493637084961,1,False,0.02280130293159609,0.2182410423452769,0.26171875
12660,0,CF1,L3,0.3,telea,5,5,0.902313768863678,1,False,0.006514657980456026,0.2703583061889251,0.32421875
21362,0,CF1,L3,0.3,telea,5,5,0.9906454086303711,1,False,0.003257328990228013,0.24429967426710097,0.29296875
15483,0,CF1,L3,0.3,telea,4,4,0.6744092106819153,1,False,0.006514657980456026,0.26384364820846906,0.31640625
5289,0,CF1,L3,0.3,telea,5,3,0.5420058965682983,0,False,0.009771986970684038,0.24429967426710097,0.29296875
19757,0,CF1,L3,0.3,telea,1,1,0.9925628304481506,1,False,0.006514657980456026,0.23127035830618892,0.27734375
6799,0,CF1,L3,0.3,telea,2,2,0.9897026419639587,1,False,0.016286644951140065,0.24429967426710097,0.29296875
18871,0,CF1,L3,0.3,telea,2,2,0.9988283514976501,1,False,0.009771986970684038,0.25732899022801303,0.30859375
4740,0,CF1,L3,0.3,telea,3,3,0.8739191293716431,1,False,0.026058631921824105,0.2671009771986971,0.3203125
14926,0,CF1,L3,0.3,telea,5,5,0.9207884073257446,1,False,0.003257328990228013,0.2182410423452769,0.26171875
3549,0,CF1,L3,0.3,telea,4,4,0.7369334697723389,1,False,0.019543973941368076,0.2736156351791531,0.328125
13336,0,CF1,L3,0.3,telea,9,9,0.5957269668579102,1,False,0.003257328990228013,0.23778501628664495,0.28515625
8302,0,CF1,L3,0.3,telea,3,2,0.436608225107193,0,False,0.019543973941368076,0.25732899022801303,0.30859375
19884,0,CF1,L3,0.3,telea,8,8,0.8012063503265381,1,False,0.02280130293159609,0.26058631921824105,0.3125
6927,0,CF1,L3,0.3,telea,1,1,0.9500704407691956,1,False,0.009771986970684038,0.25732899022801303,0.30859375
15277,0,CF1,L3,0.3,telea,6,6,0.9775326251983643,1,False,0.013029315960912053,0.1986970684039088,0.23828125
20278,0,CF1,L3,0.3,telea,3,3,0.9221097826957703,1,False,0.016286644951140065,0.250814332247557,0.30078125
654,0,CF1,L3,0.3,telea,8,8,0.9377058744430542,1,False,0.003257328990228013,0.254071661237785,0.3046875
19020,0,CF1,L3,0.3,telea,0,0,0.7787095904350281,1,False,0.009771986970684038,0.247557003257329,0.296875
25403,0,CF1,L3,0.3,telea,3,3,0.9101465940475464,1,False,0.003257328990228013,0.2671009771986971,0.3203125
1745,0,CF1,L3,0.3,telea,8,8,0.8690925240516663,1,False,0.013029315960912053,0.247557003257329,0.296875
10726,0,CF1,L3,0.3,telea,4,4,0.953720211982727,1,False,0.016286644951140065,0.2899022801302932,0.34765625
23431,0,CF1,L3,0.3,telea,4,4,0.999459445476532,1,False,0.016286644951140065,0.28013029315960913,0.3359375
231,0,CF1,L3,0.3,telea,5,5,0.9866752028465271,1,False,0.016286644951140065,0.2703583061889251,0.32421875
20678,0,CF1,L3,0.3,telea,7,7,0.9171522259712219,1,False,0.016286644951140065,0.2768729641693811,0.33203125
15851,0,CF1,L3,0.3,telea,1,1,0.9932724237442017,1,False,0.009771986970684038,0.254071661237785,0.3046875
24015,0,CF1,L3,0.3,telea,0,0,0.999860405921936,1,False,0.009771986970684038,0.254071661237785,0.3046875
1082,0,CF1,L3,0.3,telea,6,6,0.4145714044570923,1,False,0.019543973941368076,0.2671009771986971,0.3203125
5573,0,CF1,L3,0.3,telea,8,8,0.335064560174942,1,False,0.019543973941368076,0.26384364820846906,0.31640625
11289,0,CF1,L3,0.3,telea,1,1,0.9992971420288086,1,False,0.006514657980456026,0.2736156351791531,0.328125
1751,0,CF1,L3,0.3,telea,0,0,0.5816780924797058,1,False,0.0,0.25732899022801303,0.30859375
4594,0,CF1,L3,0.3,telea,6,6,0.9703232049942017,1,False,0.009771986970684038,0.2280130293159609,0.2734375
21127,0,CF1,L3,0.3,telea,8,8,0.9834713935852051,1,False,0.009771986970684038,0.26058631921824105,0.3125
12370,0,CF1,L3,0.3,telea,4,4,0.8368071913719177,1,False,0.006514657980456026,0.26058631921824105,0.3125
4125,0,CF1,L3,0.3,telea,6,6,0.9952741861343384,1,False,0.003257328990228013,0.24429967426710097,0.29296875
11008,0,CF1,L3,0.3,telea,1,1,0.9740225076675415,1,False,0.013029315960912053,0.250814332247557,0.30078125
23395,0,CF1,L3,0.3,telea,7,7,0.9653865694999695,1,False,0.009771986970684038,0.23127035830618892,0.27734375
3080,0,CF1,L3,0.3,telea,3,3,0.9927313923835754,1,False,0.0,0.26384364820846906,0.31640625
22400,0,CF1,L3,0.3,telea,0,0,0.9996898174285889,1,False,0.026058631921824105,0.24429967426710097,0.29296875
22514,0,CF1,L3,0.3,telea,1,1,0.962455689907074,1,False,0.006514657980456026,0.21172638436482086,0.25390625
15137,0,CF1,L3,0.3,telea,0,0,0.9949414134025574,1,False,0.009771986970684038,0.25732899022801303,0.30859375
6681,0,CF1,L3,0.3,telea,0,0,0.9917894601821899,1,False,0.016286644951140065,0.2703583061889251,0.32421875
5219,0,CF1,L3,0.3,telea,5,5,0.3610508143901825,1,False,0.016286644951140065,0.25732899022801303,0.30859375
2355,0,CF1,L3,0.3,telea,2,2,0.7696723341941833,1,False,0.019543973941368076,0.23452768729641693,0.28125
4674,0,CF1,L3,0.3,telea,5,3,0.5344854593276978,0,False,0.006514657980456026,0.23452768729641693,0.28125
14575,0,CF1,L3,0.3,telea,1,1,0.9999788999557495,1,False,0.009771986970684038,0.2899022801302932,0.34765625
6563,0,CF1,L3,0.3,telea,5,5,0.877199113368988,1,False,0.019543973941368076,0.21498371335504887,0.2578125
17492,0,CF1,L3,0.3,telea,9,9,0.5529070496559143,1,False,0.006514657980456026,0.250814332247557,0.30078125
15770,0,CF1,L3,0.3,telea,7,7,0.9779247045516968,1,False,0.003257328990228013,0.2182410423452769,0.26171875
20830,0,CF1,L3,0.3,telea,1,1,0.9969736337661743,1,False,0.013029315960912053,0.24429967426710097,0.29296875
1777,0,CF1,L3,0.3,telea,2,2,0.997118353843689,1,False,0.009771986970684038,0.247557003257329,0.296875
21617,0,CF1,L3,0.3,telea,7,7,0.9970663189888,1,False,0.013029315960912053,0.26384364820846906,0.31640625
21293,0,CF1,L3,0.3,telea,4,6,0.2078276127576828,0,False,0.006514657980456026,0.28013029315960913,0.3359375
14504,0,CF1,L3,0.3,telea,0,3,0.6933280229568481,0,False,0.006514657980456026,0.28013029315960913,0.3359375
21236,0,CF1,L3,0.3,telea,7,7,0.9502596259117126,1,False,0.0,0.247557003257329,0.296875
18558,0,CF1,L3,0.3,telea,4,4,0.9765966534614563,1,False,0.016286644951140065,0.247557003257329,0.296875
22916,0,CF1,L3,0.3,telea,8,8,0.5272018909454346,1,False,0.02280130293159609,0.20195439739413681,0.2421875
18760,0,CF1,L3,0.3,telea,6,2,0.7658504843711853,0,False,0.013029315960912053,0.28338762214983715,0.33984375
17389,0,CF1,L3,0.3,telea,8,8,0.8021344542503357,1,False,0.006514657980456026,0.2736156351791531,0.328125
13155,0,CF1,L3,0.3,telea,8,8,0.41344910860061646,1,False,0.006514657980456026,0.2280130293159609,0.2734375
13999,0,CF1,L3,0.3,telea,5,5,0.928604781627655,1,False,0.003257328990228013,0.25732899022801303,0.30859375
10265,0,CF1,L3,0.3,telea,8,8,0.947672963142395,1,False,0.006514657980456026,0.254071661237785,0.3046875
17239,0,CF1,L3,0.3,telea,2,2,0.9997708201408386,1,False,0.006514657980456026,0.254071661237785,0.3046875
6288,0,CF1,L3,0.3,telea,3,3,0.5385400652885437,1,False,0.0,0.24104234527687296,0.2890625
11514,0,CF1,L3,0.3,telea,6,6,0.6801466345787048,1,False,0.0,0.25732899022801303,0.30859375
23652,0,CF1,L3,0.3,telea,1,1,0.9966909885406494,1,False,0.006514657980456026,0.28013029315960913,0.3359375
11939,0,CF1,L3,0.3,telea,6,6,0.9936115145683289,1,False,0.016286644951140065,0.2247557003257329,0.26953125
2174,0,CF1,L3,0.3,telea,7,7,0.8079685568809509,1,False,0.013029315960912053,0.24429967426710097,0.29296875
15441,0,CF1,L3,0.3,telea,4,4,0.9921742677688599,1,False,0.006514657980456026,0.247557003257329,0.296875
12260,0,CF1,L3,0.3,telea,1,1,0.9790661931037903,1,False,0.026058631921824105,0.24104234527687296,0.2890625
25046,0,CF1,L3,0.3,telea,6,6,0.9202659726142883,1,False,0.006514657980456026,0.2736156351791531,0.328125
13958,0,CF1,L3,0.3,telea,9,9,0.3392501175403595,1,False,0.019543973941368076,0.26384364820846906,0.31640625
20974,0,CF1,L3,0.3,telea,8,8,0.6660754680633545,1,False,0.02280130293159609,0.21172638436482086,0.25390625
10626,0,CF1,L3,0.3,telea,6,6,0.8626754879951477,1,False,0.009771986970684038,0.24429967426710097,0.29296875
22545,0,CF1,L3,0.3,telea,5,5,0.5199642777442932,1,False,0.009771986970684038,0.28664495114006516,0.34375
20288,0,CF1,L3,0.3,telea,5,5,0.5623990893363953,1,False,0.006514657980456026,0.250814332247557,0.30078125
13790,0,CF1,L3,0.3,telea,7,7,0.994678258895874,1,False,0.006514657980456026,0.24104234527687296,0.2890625
2817,0,CF1,L3,0.3,telea,4,4,0.7899910807609558,1,False,0.006514657980456026,0.25732899022801303,0.30859375
8344,0,CF1,L3,0.3,telea,4,4,0.9956513047218323,1,False,0.013029315960912053,0.2671009771986971,0.3203125
11708,0,CF1,L3,0.3,telea,1,1,0.9965257048606873,1,False,0.02280130293159609,0.28338762214983715,0.33984375
2379,0,CF1,L3,0.3,telea,1,1,0.9673319458961487,1,False,0.016286644951140065,0.2182410423452769,0.26171875
23602,0,CF1,L3,0.3,telea,2,2,0.9675673842430115,1,False,0.013029315960912053,0.250814332247557,0.30078125
24357,0,CF1,L3,0.3,telea,8,6,0.5067281126976013,0,False,0.013029315960912053,0.254071661237785,0.3046875
16783,0,CF1,L3,0.3,telea,4,4,0.9933566451072693,1,False,0.016286644951140065,0.24429967426710097,0.29296875
11723,0,CF1,L3,0.3,telea,9,9,0.9889588356018066,1,False,0.013029315960912053,0.24104234527687296,0.2890625
5140,0,CF1,L3,0.3,telea,5,5,0.9471694231033325,1,False,0.0,0.2703583061889251,0.32421875
14563,0,CF1,L3,0.3,telea,1,1,0.9995711445808411,1,False,0.009771986970684038,0.2736156351791531,0.328125
11905,0,CF1,L3,0.3,telea,7,1,0.5400946140289307,0,False,0.003257328990228013,0.28013029315960913,0.3359375
4657,0,CF1,L3,0.3,telea,5,5,0.9538816809654236,1,False,0.006514657980456026,0.26384364820846906,0.31640625
9888,0,CF1,L3,0.3,telea,7,7,0.9933981895446777,1,False,0.013029315960912053,0.24104234527687296,0.2890625
22827,0,CF1,L3,0.3,telea,6,6,0.7316902279853821,1,False,0.019543973941368076,0.23127035830618892,0.27734375
23911,0,CF1,L3,0.3,telea,7,7,0.9963577389717102,1,False,0.009771986970684038,0.22149837133550487,0.265625
968,0,CF1,L3,0.3,telea,3,3,0.8424424529075623,1,False,0.0,0.24104234527687296,0.2890625
18416,0,CF1,L3,0.3,telea,2,2,0.9642715454101562,1,False,0.006514657980456026,0.23778501628664495,0.28515625
15166,0,CF1,L3,0.3,telea,7,7,0.9795276522636414,1,False,0.0,0.26384364820846906,0.31640625
15537,0,CF1,L3,0.3,telea,6,5,0.3378443717956543,0,False,0.009771986970684038,0.2182410423452769,0.26171875
112,0,CF1,L3,0.3,telea,6,6,0.8758993148803711,1,False,0.013029315960912053,0.254071661237785,0.3046875
9754,0,CF1,L3,0.3,telea,8,8,0.985885739326477,1,False,0.006514657980456026,0.23778501628664495,0.28515625
3827,0,CF1,L3,0.3,telea,1,1,0.9922173023223877,1,False,0.016286644951140065,0.254071661237785,0.3046875
16427,0,CF1,L3,0.3,telea,8,8,0.883906364440918,1,False,0.006514657980456026,0.2736156351791531,0.328125
4853,0,CF1,L3,0.3,telea,8,1,0.49112093448638916,0,False,0.016286644951140065,0.2247557003257329,0.26953125
5025,0,CF1,L3,0.3,telea,8,9,0.4585133492946625,0,False,0.003257328990228013,0.2280130293159609,0.2734375
5497,0,CF1,L3,0.3,telea,5,5,0.6909435987472534,1,False,0.02280130293159609,0.250814332247557,0.30078125
415,0,CF1,L3,0.3,telea,5,5,0.8669031262397766,1,False,0.009771986970684038,0.24429967426710097,0.29296875
6055,0,CF1,L3,0.3,telea,2,2,0.9998345375061035,1,False,0.006514657980456026,0.26058631921824105,0.3125
4242,0,CF1,L3,0.3,telea,6,5,0.6910989284515381,0,False,0.006514657980456026,0.250814332247557,0.30078125
16007,0,CF1,L3,0.3,telea,3,3,0.989068329334259,1,False,0.006514657980456026,0.26058631921824105,0.3125
16184,0,CF1,L3,0.3,telea,6,6,0.8648028373718262,1,False,0.009771986970684038,0.26058631921824105,0.3125
15180,0,CF1,L3,0.3,telea,2,2,0.541312038898468,1,False,0.016286644951140065,0.2182410423452769,0.26171875
16402,0,CF1,L3,0.3,telea,3,3,0.9989655017852783,1,False,0.016286644951140065,0.2280130293159609,0.2734375
12883,0,CF1,L3,0.3,telea,7,7,0.9695202112197876,1,False,0.016286644951140065,0.2899022801302932,0.34765625
12596,0,CF1,L3,0.3,telea,2,2,0.9999123811721802,1,False,0.013029315960912053,0.24104234527687296,0.2890625
13383,0,CF1,L3,0.3,telea,0,0,0.9991185069084167,1,False,0.006514657980456026,0.21498371335504887,0.2578125
17140,0,CF1,L3,0.3,telea,0,0,0.9265402555465698,1,False,0.013029315960912053,0.23778501628664495,0.28515625
11249,0,CF1,L3,0.3,telea,7,7,0.9690046310424805,1,False,0.009771986970684038,0.24104234527687296,0.2890625
2927,0,CF1,L3,0.3,telea,3,3,0.9637507796287537,1,False,0.013029315960912053,0.24429967426710097,0.29296875
13380,0,CF1,L3,0.3,telea,3,3,0.9325852394104004,1,False,0.009771986970684038,0.2768729641693811,0.33203125
24593,0,CF1,L3,0.3,telea,5,5,0.9505003094673157,1,False,0.009771986970684038,0.247557003257329,0.296875
14507,0,CF1,L3,0.3,telea,8,3,0.37443241477012634,0,False,0.016286644951140065,0.23452768729641693,0.28125
9355,0,CF1,L3,0.3,telea,8,8,0.6381348371505737,1,False,0.009771986970684038,0.24104234527687296,0.2890625
3943,0,CF1,L3,0.3,telea,3,3,0.8031567931175232,1,False,0.009771986970684038,0.25732899022801303,0.30859375
4913,0,CF1,L3,0.3,telea,4,4,0.9898825287818909,1,False,0.013029315960912053,0.26058631921824105,0.3125
23440,0,CF1,L3,0.3,telea,4,4,0.44126734137535095,1,False,0.02280130293159609,0.20521172638436483,0.24609375
19289,0,CF1,L3,0.3,telea,7,7,0.9767573475837708,1,False,0.019543973941368076,0.23778501628664495,0.28515625
17841,0,CF1,L3,0.3,telea,6,6,0.9546016454696655,1,False,0.0,0.250814332247557,0.30078125
18139,0,CF1,L3,0.3,telea,0,0,0.7785694003105164,1,False,0.016286644951140065,0.2247557003257329,0.26953125
18549,0,CF1,L3,0.3,telea,7,7,0.9985079169273376,1,False,0.016286644951140065,0.28013029315960913,0.3359375
7215,0,CF1,L3,0.3,telea,7,7,0.9999247789382935,1,False,0.016286644951140065,0.25732899022801303,0.30859375
10574,0,CF1,L3,0.3,telea,7,7,0.8265751004219055,1,False,0.009771986970684038,0.24429967426710097,0.29296875
10329,0,CF1,L3,0.3,telea,7,7,0.4560658931732178,1,False,0.003257328990228013,0.23778501628664495,0.28515625
21502,0,CF1,L3,0.3,telea,4,4,0.9763503670692444,1,False,0.013029315960912053,0.20846905537459284,0.25
1209,0,CF1,L3,0.3,telea,8,8,0.5584535598754883,1,False,0.013029315960912053,0.247557003257329,0.296875
22202,0,CF1,L3,0.3,telea,6,6,0.9308677911758423,1,False,0.016286644951140065,0.2703583061889251,0.32421875
12914,0,CF1,L3,0.3,telea,2,2,0.9268569946289062,1,False,0.016286644951140065,0.25732899022801303,0.30859375
23477,0,CF1,L3,0.3,telea,6,6,0.8269050121307373,1,False,0.016286644951140065,0.2703583061889251,0.32421875
13286,0,CF1,L3,0.3,telea,5,5,0.8254908323287964,1,False,0.006514657980456026,0.254071661237785,0.3046875
24957,0,CF1,L3,0.3,telea,2,2,0.9982171654701233,1,False,0.003257328990228013,0.23452768729641693,0.28125
23215,0,CF1,L3,0.3,telea,9,9,0.8266369700431824,1,False,0.013029315960912053,0.24429967426710097,0.29296875
8171,0,CF1,L3,0.3,telea,3,3,0.7897458672523499,1,False,0.003257328990228013,0.23778501628664495,0.28515625
13427,0,CF1,L3,0.3,telea,4,4,0.9889910221099854,1,False,0.019543973941368076,0.22149837133550487,0.265625
1985,0,CF1,L3,0.3,telea,9,9,0.8901414275169373,1,False,0.013029315960912053,0.22149837133550487,0.265625
19607,0,CF1,L3,0.3,telea,1,1,0.7491869926452637,1,False,0.009771986970684038,0.2280130293159609,0.2734375
15138,0,CF1,L3,0.3,telea,4,4,0.8823888897895813,1,False,0.006514657980456026,0.26058631921824105,0.3125
18496,0,CF1,L3,0.3,telea,3,3,0.9970914125442505,1,False,0.006514657980456026,0.21498371335504887,0.2578125
11341,0,CF1,L3,0.3,telea,5,5,0.7134014964103699,1,False,0.016286644951140065,0.28664495114006516,0.34375
3210,0,CF1,L3,0.3,telea,6,5,0.47929567098617554,0,False,0.003257328990228013,0.30293159609120524,0.36328125
9044,0,CF1,L3,0.3,telea,3,3,0.9665108919143677,1,False,0.009771986970684038,0.21172638436482086,0.25390625
1784,0,CF1,L3,0.3,telea,1,1,0.44911709427833557,1,False,0.009771986970684038,0.2247557003257329,0.26953125
20687,0,CF1,L3,0.3,telea,7,7,0.9899348616600037,1,False,0.006514657980456026,0.250814332247557,0.30078125
21479,0,CF1,L3,0.3,telea,1,1,0.9996135830879211,1,False,0.019543973941368076,0.254071661237785,0.3046875
4465,0,CF1,L3,0.3,telea,7,7,0.9962196946144104,1,False,0.013029315960912053,0.254071661237785,0.3046875
8098,0,CF1,L3,0.3,telea,3,3,0.9999942779541016,1,False,0.003257328990228013,0.24104234527687296,0.2890625
1105,0,CF1,L3,0.3,telea,1,1,0.9767659902572632,1,False,0.009771986970684038,0.247557003257329,0.296875
24036,0,CF1,L3,0.3,telea,0,0,0.9972031116485596,1,False,0.013029315960912053,0.21172638436482086,0.25390625
24825,0,CF1,L3,0.3,telea,1,1,0.9999185800552368,1,False,0.006514657980456026,0.254071661237785,0.3046875
20081,0,CF1,L3,0.3,telea,4,4,0.7590011954307556,1,False,0.006514657980456026,0.247557003257329,0.296875
11780,0,CF1,L3,0.3,telea,5,5,0.7077940106391907,1,False,0.013029315960912053,0.254071661237785,0.3046875
18228,0,CF1,L3,0.3,telea,2,2,0.6840079426765442,1,False,0.019543973941368076,0.2703583061889251,0.32421875
4363,0,CF1,L3,0.3,telea,4,4,0.9971923232078552,1,False,0.003257328990228013,0.247557003257329,0.296875
10210,0,CF1,L3,0.3,telea,7,1,0.6066128015518188,0,False,0.006514657980456026,0.23778501628664495,0.28515625
7005,0,CF1,L3,0.3,telea,2,2,0.9970237612724304,1,False,0.006514657980456026,0.254071661237785,0.3046875
7071,0,CF1,L3,0.3,telea,3,3,0.679104745388031,1,False,0.009771986970684038,0.250814332247557,0.30078125
25299,0,CF1,L3,0.3,telea,4,4,0.9821109175682068,1,False,0.006514657980456026,0.23452768729641693,0.28125
3393,0,CF1,L3,0.3,telea,0,0,0.7443377375602722,1,False,0.009771986970684038,0.1986970684039088,0.23828125
10532,0,CF1,L3,0.3,telea,8,9,0.3466283679008484,0,False,0.013029315960912053,0.2182410423452769,0.26171875
14271,0,CF1,L3,0.3,telea,3,3,0.8175802230834961,1,False,0.009771986970684038,0.2703583061889251,0.32421875
12814,0,CF1,L3,0.3,telea,4,4,0.9968606233596802,1,False,0.009771986970684038,0.2736156351791531,0.328125
1763,0,CF1,L3,0.3,telea,1,1,0.722498893737793,1,False,0.006514657980456026,0.23127035830618892,0.27734375
2795,0,CF1,L3,0.3,telea,4,4,0.9481168389320374,1,False,0.003257328990228013,0.25732899022801303,0.30859375
5329,0,CF1,L3,0.3,telea,2,2,0.96443772315979,1,False,0.003257328990228013,0.2247557003257329,0.26953125
11024,0,CF1,L3,0.3,telea,8,6,0.895995557308197,0,False,0.013029315960912053,0.247557003257329,0.296875
23383,0,CF1,L3,0.3,telea,6,6,0.9266711473464966,1,False,0.016286644951140065,0.26384364820846906,0.31640625
582,0,CF1,L3,0.3,telea,2,2,0.9331754446029663,1,False,0.016286644951140065,0.2671009771986971,0.3203125
20037,0,CF1,L3,0.3,telea,5,5,0.8950896263122559,1,False,0.003257328990228013,0.23127035830618892,0.27734375
4876,0,CF1,L3,0.3,telea,3,3,0.6291318535804749,1,False,0.009771986970684038,0.2182410423452769,0.26171875
16157,0,CF1,L3,0.3,telea,1,1,0.9974537491798401,1,False,0.013029315960912053,0.25732899022801303,0.30859375
24155,0,CF1,L3,0.3,telea,7,7,0.9997356534004211,1,False,0.019543973941368076,0.2247557003257329,0.26953125
21035,0,CF1,L3,0.3,telea,1,1,0.9991323351860046,1,False,0.013029315960912053,0.247557003257329,0.296875
2530,0,CF1,L3,0.3,telea,2,2,0.7874781489372253,1,False,0.019543973941368076,0.23127035830618892,0.27734375
20951,0,CF1,L3,0.3,telea,4,4,0.9358243942260742,1,False,0.013029315960912053,0.26058631921824105,0.3125
9752,0,CF1,L3,0.3,telea,9,9,0.6310134530067444,1,False,0.009771986970684038,0.2280130293159609,0.2734375
20362,0,CF1,L3,0.3,telea,9,8,0.6812277436256409,0,False,0.009771986970684038,0.23452768729641693,0.28125
5669,0,CF1,L3,0.3,telea,2,2,0.9444616436958313,1,False,0.009771986970684038,0.26058631921824105,0.3125
9395,0,CF1,L3,0.3,telea,6,6,0.7582604289054871,1,False,0.013029315960912053,0.22149837133550487,0.265625
22115,0,CF1,L3,0.3,telea,2,2,0.4934523403644562,1,False,0.009771986970684038,0.28013029315960913,0.3359375
3784,0,CF1,L3,0.3,telea,5,5,0.5627837181091309,1,False,0.016286644951140065,0.26058631921824105,0.3125
15518,0,CF1,L3,0.3,telea,1,1,0.879401683807373,1,False,0.013029315960912053,0.254071661237785,0.3046875
22913,0,CF1,L3,0.3,telea,1,1,0.6991009712219238,1,False,0.009771986970684038,0.23452768729641693,0.28125
22485,0,CF1,L3,0.3,telea,8,8,0.9805405735969543,1,False,0.013029315960912053,0.247557003257329,0.296875
14166,0,CF1,L3,0.3,telea,9,9,0.47451820969581604,1,False,0.006514657980456026,0.2280130293159609,0.2734375
4606,0,CF1,L3,0.3,telea,8,8,0.6525212526321411,1,False,0.006514657980456026,0.23127035830618892,0.27734375
12043,0,CF1,L3,0.3,telea,8,6,0.35178154706954956,0,False,0.013029315960912053,0.28664495114006516,0.34375
20255,0,CF1,L3,0.3,telea,9,9,0.957087516784668,1,False,0.006514657980456026,0.2182410423452769,0.26171875
21390,0,CF1,L3,0.3,telea,8,8,0.45289063453674316,1,False,0.02280130293159609,0.24104234527687296,0.2890625
13388,0,CF1,L3,0.3,telea,6,6,0.8754595518112183,1,False,0.009771986970684038,0.247557003257329,0.296875
9382,0,CF1,L3,0.3,telea,0,0,0.9985674619674683,1,False,0.009771986970684038,0.2703583061889251,0.32421875
11878,0,CF1,L3,0.3,telea,4,4,0.9957705140113831,1,False,0.013029315960912053,0.20846905537459284,0.25
10774,0,CF1,L3,0.3,telea,1,1,0.9997919201850891,1,False,0.006514657980456026,0.254071661237785,0.3046875
2211,0,CF1,L3,0.3,telea,4,4,0.9978774785995483,1,False,0.009771986970684038,0.2247557003257329,0.26953125
22804,0,CF1,L3,0.3,telea,1,1,0.9852105975151062,1,False,0.006514657980456026,0.2671009771986971,0.3203125
17903,0,CF1,L3,0.3,telea,3,0,0.6604911684989929,0,False,0.0,0.26384364820846906,0.31640625
16889,0,CF1,L3,0.3,telea,1,1,0.7679916620254517,1,False,0.009771986970684038,0.2736156351791531,0.328125
3013,0,CF1,L3,0.3,telea,8,8,0.8725543022155762,1,False,0.006514657980456026,0.247557003257329,0.296875
19919,0,CF1,L3,0.3,telea,8,8,0.53952556848526,1,False,0.016286644951140065,0.24104234527687296,0.2890625
7911,0,CF1,L3,0.3,telea,0,0,0.7007994651794434,1,False,0.016286644951140065,0.23127035830618892,0.27734375
6473,0,CF1,L3,0.3,telea,5,5,0.9869644045829773,1,False,0.0,0.254071661237785,0.3046875
14963,0,CF1,L3,0.3,telea,2,2,0.9350908994674683,1,False,0.016286644951140065,0.2671009771986971,0.3203125
3189,0,CF1,L3,0.3,telea,3,3,0.888749897480011,1,False,0.006514657980456026,0.247557003257329,0.296875
21433,0,CF1,L3,0.3,telea,6,6,0.7085789442062378,1,False,0.006514657980456026,0.2768729641693811,0.33203125
21534,0,CF1,L3,0.3,telea,9,9,0.9974697828292847,1,False,0.006514657980456026,0.2768729641693811,0.33203125
4378,0,CF1,L3,0.3,telea,4,4,0.7684473991394043,1,False,0.006514657980456026,0.2703583061889251,0.32421875
4179,0,CF1,L3,0.3,telea,3,3,0.9999967813491821,1,False,0.013029315960912053,0.24429967426710097,0.29296875
20275,0,CF1,L3,0.3,telea,7,7,0.9192836880683899,1,False,0.009771986970684038,0.30293159609120524,0.36328125
724,0,CF1,L3,0.3,telea,4,4,0.9371699094772339,1,False,0.013029315960912053,0.2671009771986971,0.3203125
15532,0,CF1,L3,0.3,telea,5,5,0.9921454787254333,1,False,0.009771986970684038,0.23778501628664495,0.28515625
7808,0,CF1,L3,0.3,telea,4,3,0.3413112461566925,0,False,0.013029315960912053,0.247557003257329,0.296875
3185,0,CF1,L3,0.3,telea,7,7,0.9969832301139832,1,False,0.009771986970684038,0.28013029315960913,0.3359375
8217,0,CF1,L3,0.3,telea,5,5,0.762747049331665,1,False,0.009771986970684038,0.28664495114006516,0.34375
15284,0,CF1,L3,0.3,telea,2,2,0.9918301701545715,1,False,0.009771986970684038,0.2280130293159609,0.2734375
2195,0,CF1,L3,0.3,telea,1,1,0.8419620990753174,1,False,0.013029315960912053,0.2996742671009772,0.359375
21296,0,CF1,L3,0.3,telea,0,0,0.6227558851242065,1,False,0.013029315960912053,0.25732899022801303,0.30859375
14286,0,CF1,L3,0.3,telea,3,3,0.9710558652877808,1,False,0.019543973941368076,0.23127035830618892,0.27734375
4261,0,CF1,L3,0.3,telea,0,0,0.9990541338920593,1,False,0.013029315960912053,0.254071661237785,0.3046875
24480,0,CF1,L3,0.3,telea,2,2,0.9995467066764832,1,False,0.003257328990228013,0.2703583061889251,0.32421875
23581,0,CF1,L3,0.3,telea,7,7,0.9823347330093384,1,False,0.016286644951140065,0.25732899022801303,0.30859375
24364,0,CF1,L3,0.3,telea,7,7,0.9943600296974182,1,False,0.016286644951140065,0.247557003257329,0.296875
4259,0,CF1,L3,0.3,telea,4,4,0.8887196779251099,1,False,0.009771986970684038,0.2247557003257329,0.26953125
4323,0,CF1,L3,0.3,telea,8,8,0.6195350289344788,1,False,0.016286644951140065,0.24429967426710097,0.29296875
26017,0,CF1,L3,0.3,telea,2,2,0.9994903802871704,1,False,0.009771986970684038,0.2768729641693811,0.33203125
4055,0,CF1,L3,0.3,telea,9,9,0.45091935992240906,1,False,0.019543973941368076,0.254071661237785,0.3046875
23968,0,CF1,L3,0.3,telea,6,6,0.9608502388000488,1,False,0.013029315960912053,0.2280130293159609,0.2734375
4914,0,CF1,L3,0.3,telea,2,2,0.9961042404174805,1,False,0.006514657980456026,0.247557003257329,0.296875
17310,0,CF1,L3,0.3,telea,7,7,0.43645238876342773,1,False,0.009771986970684038,0.24429967426710097,0.29296875
14981,0,CF1,L3,0.3,telea,2,2,0.4695519208908081,1,False,0.009771986970684038,0.2247557003257329,0.26953125
7511,0,CF1,L3,0.3,telea,6,6,0.8370826840400696,1,False,0.003257328990228013,0.23778501628664495,0.28515625
4136,0,CF1,L3,0.3,telea,9,9,0.9845231771469116,1,False,0.019543973941368076,0.24104234527687296,0.2890625
8043,0,CF1,L3,0.3,telea,2,2,0.9553725123405457,1,False,0.013029315960912053,0.24429967426710097,0.29296875
14360,0,CF1,L3,0.3,telea,4,4,0.9841107130050659,1,False,0.003257328990228013,0.24429967426710097,0.29296875
6364,0,CF1,L3,0.3,telea,0,0,0.987827479839325,1,False,0.003257328990228013,0.22149837133550487,0.265625
8827,0,CF1,L3,0.3,telea,4,4,0.9311453104019165,1,False,0.013029315960912053,0.23778501628664495,0.28515625
24886,0,CF1,L3,0.3,telea,9,2,0.9848853349685669,0,False,0.016286644951140065,0.22149837133550487,0.265625
21392,0,CF1,L3,0.3,telea,2,2,0.9965376853942871,1,False,0.009771986970684038,0.2247557003257329,0.26953125
18654,0,CF1,L3,0.3,telea,6,6,0.9616974592208862,1,False,0.003257328990228013,0.2280130293159609,0.2734375
21766,0,CF1,L3,0.3,telea,1,1,0.6518943309783936,1,False,0.009771986970684038,0.23127035830618892,0.27734375
25433,0,CF1,L3,0.3,telea,8,1,0.5697512626647949,0,False,0.003257328990228013,0.2703583061889251,0.32421875
10927,0,CF1,L3,0.3,telea,8,1,0.8272304534912109,0,False,0.009771986970684038,0.2182410423452769,0.26171875
14092,0,CF1,L3,0.3,telea,6,6,0.9961056113243103,1,False,0.003257328990228013,0.2996742671009772,0.359375
20936,0,CF1,L3,0.3,telea,9,5,0.6645283102989197,0,False,0.009771986970684038,0.24104234527687296,0.2890625
23711,0,CF1,L3,0.3,telea,4,4,0.9612991809844971,1,False,0.009771986970684038,0.2768729641693811,0.33203125
19260,0,CF1,L3,0.3,telea,7,7,0.9339495897293091,1,False,0.009771986970684038,0.18892508143322476,0.2265625
17360,0,CF1,L3,0.3,telea,3,3,0.9080221056938171,1,False,0.006514657980456026,0.26058631921824105,0.3125
965,0,CF1,L3,0.3,telea,0,0,0.7218566536903381,1,False,0.0,0.24104234527687296,0.2890625
463,0,CF1,L3,0.3,telea,6,9,0.40200358629226685,0,False,0.019543973941368076,0.26058631921824105,0.3125
8945,0,CF1,L3,0.3,telea,6,5,0.5616928935050964,0,False,0.009771986970684038,0.247557003257329,0.296875
14090,0,CF1,L3,0.3,telea,2,2,0.9940066337585449,1,False,0.016286644951140065,0.26384364820846906,0.31640625
8479,0,CF1,L3,0.3,telea,9,9,0.9917694330215454,1,False,0.016286644951140065,0.21172638436482086,0.25390625
24477,0,CF1,L3,0.3,telea,2,2,0.9954915642738342,1,False,0.013029315960912053,0.31921824104234525,0.3828125
8195,0,CF1,L3,0.3,telea,0,0,0.9959990978240967,1,False,0.009771986970684038,0.23127035830618892,0.27734375
1773,0,CF1,L3,0.3,telea,0,0,0.906650722026825,1,False,0.02280130293159609,0.21172638436482086,0.25390625
11776,0,CF1,L3,0.3,telea,2,2,0.40508851408958435,1,False,0.003257328990228013,0.2280130293159609,0.2734375
3313,0,CF1,L3,0.3,telea,6,6,0.983073890209198,1,False,0.03257328990228013,0.19218241042345277,0.23046875
5424,0,CF1,L3,0.3,telea,9,9,0.8307847380638123,1,False,0.013029315960912053,0.26384364820846906,0.31640625
19606,0,CF1,L3,0.3,telea,2,2,0.9098139405250549,1,False,0.019543973941368076,0.23778501628664495,0.28515625
10110,0,CF1,L3,0.3,telea,9,9,0.9479964375495911,1,False,0.016286644951140065,0.254071661237785,0.3046875
22872,0,CF1,L3,0.3,telea,6,7,0.9108790159225464,0,False,0.003257328990228013,0.26384364820846906,0.31640625
7573,0,CF1,L3,0.3,telea,1,1,0.9758394956588745,1,False,0.006514657980456026,0.25732899022801303,0.30859375
7105,0,CF1,L3,0.3,telea,3,3,0.9966228008270264,1,False,0.009771986970684038,0.26058631921824105,0.3125
18854,0,CF1,L3,0.3,telea,1,1,0.9794955849647522,1,False,0.009771986970684038,0.30293159609120524,0.36328125
14576,0,CF1,L3,0.3,telea,9,9,0.9993634819984436,1,False,0.009771986970684038,0.2931596091205212,0.3515625
9376,0,CF1,L3,0.3,telea,0,0,0.9369961619377136,1,False,0.016286644951140065,0.250814332247557,0.30078125
20128,0,CF1,L3,0.3,telea,8,8,0.9976916313171387,1,False,0.013029315960912053,0.23778501628664495,0.28515625
24854,0,CF1,L3,0.3,telea,9,9,0.9996435642242432,1,False,0.019543973941368076,0.26384364820846906,0.31640625
4937,0,CF1,L3,0.3,telea,2,2,0.7329724431037903,1,False,0.006514657980456026,0.2768729641693811,0.33203125
338,0,CF1,L3,0.3,telea,3,3,0.9666416645050049,1,False,0.009771986970684038,0.2703583061889251,0.32421875
9981,0,CF1,L3,0.3,telea,3,3,0.5857886672019958,1,False,0.016286644951140065,0.2703583061889251,0.32421875
6665,0,CF1,L3,0.3,telea,8,8,0.9392373561859131,1,False,0.009771986970684038,0.23778501628664495,0.28515625
6704,0,CF1,L3,0.3,telea,0,0,0.8900503516197205,1,False,0.019543973941368076,0.23452768729641693,0.28125
23255,0,CF1,L3,0.3,telea,2,2,0.9997934699058533,1,False,0.006514657980456026,0.20846905537459284,0.25
5355,0,CF1,L3,0.3,telea,5,5,0.9455314874649048,1,False,0.009771986970684038,0.2996742671009772,0.359375
22422,0,CF1,L3,0.3,telea,1,1,0.6599207520484924,1,False,0.019543973941368076,0.25732899022801303,0.30859375
7367,0,CF1,L3,0.3,telea,9,9,0.8547691702842712,1,False,0.016286644951140065,0.26058631921824105,0.3125
13489,0,CF1,L3,0.3,telea,7,7,0.5774834156036377,1,False,0.003257328990228013,0.24429967426710097,0.29296875
20955,0,CF1,L3,0.3,telea,7,7,0.9855242371559143,1,False,0.0,0.2182410423452769,0.26171875
25439,0,CF1,L3,0.3,telea,9,9,0.9999575614929199,1,False,0.0,0.250814332247557,0.30078125
12711,0,CF1,L3,0.3,telea,8,8,0.8969985842704773,1,False,0.003257328990228013,0.23127035830618892,0.27734375
7671,0,CF1,L3,0.3,telea,6,4,0.3752415180206299,0,False,0.003257328990228013,0.23127035830618892,0.27734375
20420,0,CF1,L3,0.3,telea,8,9,0.4681380093097687,0,False,0.003257328990228013,0.2736156351791531,0.328125
12630,0,CF1,L3,0.3,telea,2,7,0.4563398063182831,0,False,0.003257328990228013,0.23452768729641693,0.28125
21394,0,CF1,L3,0.3,telea,1,1,0.8650160431861877,1,False,0.006514657980456026,0.2703583061889251,0.32421875
7095,0,CF1,L3,0.3,telea,1,1,0.8117555379867554,1,False,0.019543973941368076,0.21498371335504887,0.2578125
11532,0,CF1,L3,0.3,telea,9,9,0.9125190377235413,1,False,0.006514657980456026,0.250814332247557,0.30078125
2853,0,CF1,L3,0.3,telea,3,3,0.9963198900222778,1,False,0.013029315960912053,0.2703583061889251,0.32421875
13487,0,CF1,L3,0.3,telea,0,0,0.9620416760444641,1,False,0.02280130293159609,0.22149837133550487,0.265625
9350,0,CF1,L3,0.3,telea,9,9,0.9575031995773315,1,False,0.016286644951140065,0.23452768729641693,0.28125
24164,0,CF1,L3,0.3,telea,4,4,0.9512085914611816,1,False,0.009771986970684038,0.28013029315960913,0.3359375
23155,0,CF1,L3,0.3,telea,7,7,0.9663333296775818,1,False,0.006514657980456026,0.2768729641693811,0.33203125
1588,0,CF1,L3,0.3,telea,8,3,0.4736185669898987,0,False,0.013029315960912053,0.23452768729641693,0.28125
5400,0,CF1,L3,0.3,telea,5,5,0.4170689284801483,1,False,0.013029315960912053,0.24104234527687296,0.2890625
8913,0,CF1,L3,0.3,telea,6,6,0.9666808247566223,1,False,0.013029315960912053,0.22149837133550487,0.265625
4990,0,CF1,L3,0.3,telea,8,2,0.5465068817138672,0,False,0.016286644951140065,0.247557003257329,0.296875
13364,0,CF1,L3,0.3,telea,7,7,0.9977193474769592,1,False,0.006514657980456026,0.2768729641693811,0.33203125
1157,0,CF1,L3,0.3,telea,1,1,0.8649938106536865,1,False,0.003257328990228013,0.24104234527687296,0.2890625
19432,0,CF1,L3,0.3,telea,6,6,0.9968134760856628,1,False,0.009771986970684038,0.28664495114006516,0.34375
24861,0,CF1,L3,0.3,telea,1,1,0.9436952471733093,1,False,0.006514657980456026,0.2703583061889251,0.32421875
16303,0,CF1,L3,0.3,telea,0,0,0.8259040117263794,1,False,0.003257328990228013,0.2280130293159609,0.2734375
23675,0,CF1,L3,0.3,telea,1,1,0.9782809019088745,1,False,0.006514657980456026,0.247557003257329,0.296875
10816,0,CF1,L3,0.3,telea,5,5,0.9240958094596863,1,False,0.009771986970684038,0.23778501628664495,0.28515625
25683,0,CF1,L3,0.3,telea,7,7,0.9946704506874084,1,False,0.026058631921824105,0.247557003257329,0.296875
6680,0,CF1,L3,0.3,telea,7,7,0.7927155494689941,1,False,0.009771986970684038,0.247557003257329,0.296875
15541,0,CF1,L3,0.3,telea,1,1,0.973735511302948,1,False,0.009771986970684038,0.2280130293159609,0.2734375
129,0,CF1,L3,0.3,telea,9,9,0.7985638380050659,1,False,0.013029315960912053,0.24429967426710097,0.29296875
10977,0,CF1,L3,0.3,telea,5,5,0.9789228439331055,1,False,0.003257328990228013,0.2280130293159609,0.2734375
7518,0,CF1,L3,0.3,telea,5,5,0.7148239016532898,1,False,0.009771986970684038,0.2703583061889251,0.32421875
15350,0,CF1,L3,0.3,telea,0,0,0.8708670139312744,1,False,0.016286644951140065,0.2671009771986971,0.3203125
4712,0,CF1,L3,0.3,telea,2,2,0.9964569211006165,1,False,0.013029315960912053,0.22149837133550487,0.265625
3234,0,CF1,L3,0.3,telea,1,1,0.9096969962120056,1,False,0.006514657980456026,0.254071661237785,0.3046875
21292,0,CF1,L3,0.3,telea,8,8,0.6045970916748047,1,False,0.016286644951140065,0.26058631921824105,0.3125
6439,0,CF1,L3,0.3,telea,6,8,0.46687018871307373,0,False,0.009771986970684038,0.247557003257329,0.296875
16930,0,CF1,L3,0.3,telea,4,4,0.6123574376106262,1,False,0.003257328990228013,0.28013029315960913,0.3359375
25255,0,CF1,L3,0.3,telea,6,2,0.507200300693512,0,False,0.02280130293159609,0.2703583061889251,0.32421875
5562,0,CF1,L3,0.3,telea,6,6,0.9953061938285828,1,False,0.006514657980456026,0.2768729641693811,0.33203125
20888,0,CF1,L3,0.3,telea,6,6,0.8643481135368347,1,False,0.009771986970684038,0.2182410423452769,0.26171875
17907,0,CF1,L3,0.3,telea,0,0,0.8366484642028809,1,False,0.019543973941368076,0.22149837133550487,0.265625
15282,0,CF1,L3,0.3,telea,5,6,0.4868577718734741,0,False,0.016286644951140065,0.2736156351791531,0.328125
9564,0,CF1,L3,0.3,telea,5,5,0.9915605187416077,1,False,0.009771986970684038,0.25732899022801303,0.30859375
2105,0,CF1,L3,0.3,telea,5,5,0.7105395197868347,1,False,0.006514657980456026,0.24104234527687296,0.2890625
2188,0,CF1,L3,0.3,telea,5,5,0.9795129895210266,1,False,0.016286644951140065,0.23127035830618892,0.27734375
10587,0,CF1,L3,0.3,telea,9,9,0.9500828385353088,1,False,0.009771986970684038,0.250814332247557,0.30078125
20421,0,CF1,L3,0.3,telea,8,9,0.6876609325408936,0,False,0.003257328990228013,0.28664495114006516,0.34375
23070,0,CF1,L3,0.3,telea,0,0,0.9988595247268677,1,False,0.009771986970684038,0.250814332247557,0.30078125
19127,0,CF1,L3,0.3,telea,6,6,0.8369401097297668,1,False,0.019543973941368076,0.24104234527687296,0.2890625
7302,0,CF1,L3,0.3,telea,3,3,0.9945273995399475,1,False,0.006514657980456026,0.2247557003257329,0.26953125
8409,0,CF1,L3,0.3,telea,4,4,0.9996507167816162,1,False,0.006514657980456026,0.250814332247557,0.30078125
11086,0,CF1,L3,0.3,telea,7,7,0.9831520318984985,1,False,0.006514657980456026,0.21498371335504887,0.2578125
17122,0,CF1,L3,0.3,telea,5,5,0.9961589574813843,1,False,0.006514657980456026,0.1986970684039088,0.23828125
3555,0,CF1,L3,0.3,telea,2,2,0.999725878238678,1,False,0.009771986970684038,0.247557003257329,0.296875
19437,0,CF1,L3,0.3,telea,4,4,0.6188091039657593,1,False,0.016286644951140065,0.26058631921824105,0.3125
594,0,CF1,L3,0.3,telea,9,9,0.9828007221221924,1,False,0.006514657980456026,0.24104234527687296,0.2890625
21863,0,CF1,L3,0.3,telea,3,3,0.9853764176368713,1,False,0.006514657980456026,0.247557003257329,0.296875
19765,0,CF1,L3,0.3,telea,5,5,0.993035614490509,1,False,0.009771986970684038,0.23778501628664495,0.28515625
16909,0,CF1,L3,0.3,telea,2,2,0.9820061922073364,1,False,0.016286644951140065,0.28013029315960913,0.3359375
21154,0,CF1,L3,0.3,telea,7,7,0.9979861974716187,1,False,0.003257328990228013,0.2736156351791531,0.328125
18615,0,CF1,L3,0.3,telea,7,7,0.9288128018379211,1,False,0.009771986970684038,0.250814332247557,0.30078125
18171,0,CF1,L3,0.3,telea,7,7,0.9998947381973267,1,False,0.016286644951140065,0.24429967426710097,0.29296875
24434,0,CF1,L3,0.3,telea,5,5,0.8831791877746582,1,False,0.009771986970684038,0.24104234527687296,0.2890625
9664,0,CF1,L3,0.3,telea,0,0,0.9835548996925354,1,False,0.009771986970684038,0.24104234527687296,0.2890625
2013,0,CF1,L3,0.3,telea,5,5,0.9803797006607056,1,False,0.003257328990228013,0.254071661237785,0.3046875
13537,0,CF1,L3,0.3,telea,4,0,0.32530897855758667,0,False,0.02280130293159609,0.23127035830618892,0.27734375
23942,0,CF1,L3,0.3,telea,9,6,0.6655811667442322,0,False,0.009771986970684038,0.26384364820846906,0.31640625
12415,0,CF1,L3,0.3,telea,4,4,0.7064059972763062,1,False,0.009771986970684038,0.2247557003257329,0.26953125
13735,0,CF1,L3,0.3,telea,0,0,0.9539439082145691,1,False,0.006514657980456026,0.23778501628664495,0.28515625
6873,0,CF1,L3,0.3,telea,1,1,0.9965609908103943,1,False,0.009771986970684038,0.26384364820846906,0.31640625
16233,0,CF1,L3,0.3,telea,2,2,0.9751145243644714,1,False,0.013029315960912053,0.2247557003257329,0.26953125
13108,0,CF1,L3,0.3,telea,5,5,0.5506279468536377,1,False,0.009771986970684038,0.2703583061889251,0.32421875
18114,0,CF1,L3,0.3,telea,7,7,0.9951294660568237,1,False,0.013029315960912053,0.250814332247557,0.30078125
25318,0,CF1,L3,0.3,telea,0,6,0.3976285457611084,0,False,0.003257328990228013,0.23127035830618892,0.27734375
22387,0,CF1,L3,0.3,telea,7,7,0.9582636952400208,1,False,0.016286644951140065,0.23778501628664495,0.28515625
19911,0,CF1,L3,0.3,telea,7,7,0.7403925657272339,1,False,0.003257328990228013,0.23127035830618892,0.27734375
9953,0,CF1,L3,0.3,telea,2,2,0.9960992336273193,1,False,0.003257328990228013,0.23778501628664495,0.28515625
18500,0,CF1,L3,0.3,telea,1,1,0.985194981098175,1,False,0.006514657980456026,0.2247557003257329,0.26953125
12463,0,CF1,L3,0.3,telea,2,5,0.447849839925766,0,False,0.013029315960912053,0.22149837133550487,0.265625
12143,0,CF1,L3,0.3,telea,8,8,0.9594259262084961,1,False,0.013029315960912053,0.2247557003257329,0.26953125
14588,0,CF1,L3,0.3,telea,8,8,0.9602493643760681,1,False,0.006514657980456026,0.24104234527687296,0.2890625
22152,0,CF1,L3,0.3,telea,2,2,0.9205527901649475,1,False,0.009771986970684038,0.2247557003257329,0.26953125
16563,0,CF1,L3,0.3,telea,4,4,0.6097397804260254,1,False,0.013029315960912053,0.250814332247557,0.30078125
25225,0,CF1,L3,0.3,telea,9,9,0.9288362264633179,1,False,0.006514657980456026,0.254071661237785,0.3046875
1161,0,CF1,L3,0.3,telea,2,2,0.47678908705711365,1,False,0.003257328990228013,0.2280130293159609,0.2734375
9891,0,CF1,L3,0.3,telea,5,5,0.8174542784690857,1,False,0.013029315960912053,0.2671009771986971,0.3203125
18833,0,CF1,L3,0.3,telea,2,2,0.9429119825363159,1,False,0.006514657980456026,0.2671009771986971,0.3203125
6162,0,CF1,L3,0.3,telea,2,2,0.9280075430870056,1,False,0.006514657980456026,0.247557003257329,0.296875
22638,0,CF1,L3,0.3,telea,0,0,0.7245670557022095,1,False,0.009771986970684038,0.26384364820846906,0.31640625
6112,0,CF1,L3,0.3,telea,6,6,0.637130618095398,1,False,0.009771986970684038,0.254071661237785,0.3046875
24259,0,CF1,L3,0.3,telea,9,9,0.914527952671051,1,False,0.006514657980456026,0.254071661237785,0.3046875
18029,0,CF1,L3,0.3,telea,2,2,0.9789528846740723,1,False,0.009771986970684038,0.26384364820846906,0.31640625
13233,0,CF1,L3,0.3,telea,0,0,0.9140940308570862,1,False,0.006514657980456026,0.23778501628664495,0.28515625
22560,0,CF1,L3,0.3,telea,3,3,0.6123986840248108,1,False,0.006514657980456026,0.254071661237785,0.3046875
17100,0,CF1,L3,0.3,telea,7,7,0.9856557846069336,1,False,0.003257328990228013,0.23452768729641693,0.28125
13394,0,CF1,L3,0.3,telea,7,7,0.9042706489562988,1,False,0.006514657980456026,0.254071661237785,0.3046875
25173,0,CF1,L3,0.3,telea,3,7,0.4811364412307739,0,False,0.006514657980456026,0.247557003257329,0.296875
17342,0,CF1,L3,0.3,telea,4,4,0.996494472026825,1,False,0.009771986970684038,0.25732899022801303,0.30859375
5881,0,CF1,L3,0.3,telea,1,1,0.8989732265472412,1,False,0.0,0.26058631921824105,0.3125
16982,0,CF1,L3,0.3,telea,3,9,0.33655691146850586,0,False,0.009771986970684038,0.2931596091205212,0.3515625
12959,0,CF1,L3,0.3,telea,2,2,0.9732474088668823,1,False,0.009771986970684038,0.247557003257329,0.296875
3410,0,CF1,L3,0.3,telea,2,2,0.9974358677864075,1,False,0.006514657980456026,0.25732899022801303,0.30859375
1939,0,CF1,L3,0.3,telea,2,2,0.9998863935470581,1,False,0.009771986970684038,0.2703583061889251,0.32421875
13563,0,CF1,L3,0.3,telea,4,2,0.5045971274375916,0,False,0.013029315960912053,0.26058631921824105,0.3125
9659,0,CF1,L3,0.3,telea,4,1,0.6620365381240845,0,False,0.003257328990228013,0.24429967426710097,0.29296875
23588,0,CF1,L3,0.3,telea,9,9,0.9710757732391357,1,False,0.003257328990228013,0.24429967426710097,0.29296875
12156,0,CF1,L3,0.3,telea,9,9,0.49716249108314514,1,False,0.003257328990228013,0.26058631921824105,0.3125
24790,0,CF1,L3,0.3,telea,4,2,0.4353802502155304,0,False,0.026058631921824105,0.26384364820846906,0.31640625
894,0,CF1,L3,0.3,telea,8,6,0.4661039412021637,0,False,0.016286644951140065,0.2768729641693811,0.33203125
13738,0,CF1,L3,0.3,telea,7,7,0.9585256576538086,1,False,0.009771986970684038,0.25732899022801303,0.30859375
20555,0,CF1,L3,0.3,telea,5,5,0.9126162528991699,1,False,0.009771986970684038,0.2931596091205212,0.3515625
20457,0,CF1,L3,0.3,telea,3,3,0.44380539655685425,1,False,0.019543973941368076,0.28664495114006516,0.34375
24842,0,CF1,L3,0.3,telea,3,5,0.7132140398025513,0,False,0.019543973941368076,0.2671009771986971,0.3203125
11390,0,CF1,L3,0.3,telea,9,9,0.47966593503952026,1,False,0.009771986970684038,0.2899022801302932,0.34765625
2665,0,CF1,L3,0.3,telea,9,9,0.943130373954773,1,False,0.016286644951140065,0.254071661237785,0.3046875
24741,0,CF1,L3,0.3,telea,8,8,0.7361081838607788,1,False,0.009771986970684038,0.25732899022801303,0.30859375
17634,0,CF1,L3,0.3,telea,8,3,0.4305633008480072,0,False,0.016286644951140065,0.2280130293159609,0.2734375
16599,0,CF1,L3,0.3,telea,1,1,0.9415977001190186,1,False,0.016286644951140065,0.23778501628664495,0.28515625
19330,0,CF1,L3,0.3,telea,7,7,0.5771075487136841,1,False,0.013029315960912053,0.2671009771986971,0.3203125
3257,0,CF1,L3,0.3,telea,1,1,0.9857800602912903,1,False,0.003257328990228013,0.2182410423452769,0.26171875
1114,0,CF1,L3,0.3,telea,9,9,0.9994180202484131,1,False,0.003257328990228013,0.26058631921824105,0.3125
11738,0,CF1,L3,0.3,telea,8,8,0.5611732006072998,1,False,0.009771986970684038,0.23127035830618892,0.27734375
13077,0,CF1,L3,0.3,telea,8,8,0.9992434978485107,1,False,0.019543973941368076,0.26384364820846906,0.31640625
5168,0,CF1,L3,0.3,telea,3,3,0.6229089498519897,1,False,0.016286644951140065,0.23778501628664495,0.28515625
26013,0,CF1,L3,0.3,telea,8,8,0.7940054535865784,1,False,0.019543973941368076,0.23452768729641693,0.28125
5611,0,CF1,L3,0.3,telea,7,7,0.9935558438301086,1,False,0.016286644951140065,0.23127035830618892,0.27734375
9389,0,CF1,L3,0.3,telea,6,6,0.8935563564300537,1,False,0.019543973941368076,0.24104234527687296,0.2890625
25070,0,CF1,L3,0.3,telea,2,2,0.9995342493057251,1,False,0.006514657980456026,0.254071661237785,0.3046875
11322,0,CF1,L3,0.3,telea,8,8,0.9097703695297241,1,False,0.006514657980456026,0.21172638436482086,0.25390625
3051,0,CF1,L3,0.3,telea,0,0,0.5134677886962891,1,False,0.003257328990228013,0.2899022801302932,0.34765625
18770,0,CF1,L3,0.3,telea,4,5,0.2221423238515854,0,False,0.013029315960912053,0.2280130293159609,0.2734375
14692,0,CF1,L3,0.3,telea,2,2,0.9669013619422913,1,False,0.02280130293159609,0.26058631921824105,0.3125
4561,0,CF1,L3,0.3,telea,5,5,0.8528332114219666,1,False,0.009771986970684038,0.23778501628664495,0.28515625
16994,0,CF1,L3,0.3,telea,0,0,0.9997305274009705,1,False,0.013029315960912053,0.2671009771986971,0.3203125
4156,0,CF1,L3,0.3,telea,5,5,0.30122920870780945,1,False,0.009771986970684038,0.25732899022801303,0.30859375
5884,0,CF1,L3,0.3,telea,1,2,0.8501806855201721,0,False,0.013029315960912053,0.2996742671009772,0.359375
18233,0,CF1,L3,0.3,telea,0,0,0.9741199612617493,1,False,0.003257328990228013,0.2671009771986971,0.3203125
17044,0,CF1,L3,0.3,telea,6,6,0.9833533763885498,1,False,0.009771986970684038,0.24104234527687296,0.2890625
18857,0,CF1,L3,0.3,telea,6,6,0.7616329193115234,1,False,0.013029315960912053,0.23778501628664495,0.28515625
21917,0,CF1,L3,0.3,telea,9,9,0.596952497959137,1,False,0.006514657980456026,0.247557003257329,0.296875
5054,0,CF1,L3,0.3,telea,3,9,0.7050665616989136,0,False,0.013029315960912053,0.22149837133550487,0.265625
7882,0,CF1,L3,0.3,telea,4,4,0.9370512366294861,1,False,0.006514657980456026,0.250814332247557,0.30078125
15688,0,CF1,L3,0.3,telea,4,4,0.9997559189796448,1,False,0.009771986970684038,0.2280130293159609,0.2734375
5612,0,CF1,L3,0.3,telea,8,8,0.9653316140174866,1,False,0.013029315960912053,0.254071661237785,0.3046875
13934,0,CF1,L3,0.3,telea,9,9,0.8235152363777161,1,False,0.019543973941368076,0.2736156351791531,0.328125
16689,0,CF1,L3,0.3,telea,2,2,0.991329550743103,1,False,0.003257328990228013,0.26058631921824105,0.3125
23844,0,CF1,L3,0.3,telea,6,6,0.9621938467025757,1,False,0.006514657980456026,0.28338762214983715,0.33984375
7944,0,CF1,L3,0.3,telea,7,7,0.902791440486908,1,False,0.013029315960912053,0.24104234527687296,0.2890625
11370,0,CF1,L3,0.3,telea,8,8,0.9812994599342346,1,False,0.009771986970684038,0.254071661237785,0.3046875
24569,0,CF1,L3,0.3,telea,1,1,0.9996936321258545,1,False,0.009771986970684038,0.2736156351791531,0.328125
7529,0,CF1,L3,0.3,telea,5,5,0.8872887492179871,1,False,0.02280130293159609,0.247557003257329,0.296875
5092,0,CF1,L3,0.3,telea,2,2,0.9917868971824646,1,False,0.0,0.24104234527687296,0.2890625
20673,0,CF1,L3,0.3,telea,2,2,0.9999537467956543,1,False,0.009771986970684038,0.2768729641693811,0.33203125
10096,0,CF1,L3,0.3,telea,7,7,0.8343620300292969,1,False,0.006514657980456026,0.26058631921824105,0.3125
2059,0,CF1,L3,0.3,telea,3,3,0.8465316295623779,1,False,0.006514657980456026,0.22149837133550487,0.265625
19318,0,CF1,L3,0.3,telea,0,0,0.9877943992614746,1,False,0.013029315960912053,0.26058631921824105,0.3125
12977,0,CF1,L3,0.3,telea,8,0,0.37758031487464905,0,False,0.013029315960912053,0.2671009771986971,0.3203125
17673,0,CF1,L3,0.3,telea,0,0,0.7839732766151428,1,False,0.003257328990228013,0.24104234527687296,0.2890625
18750,0,CF1,L3,0.3,telea,0,0,0.859867513179779,1,False,0.02280130293159609,0.20195439739413681,0.2421875
16728,0,CF1,L3,0.3,telea,3,3,0.9725008010864258,1,False,0.013029315960912053,0.26058631921824105,0.3125
14776,0,CF1,L3,0.3,telea,8,8,0.9620404839515686,1,False,0.003257328990228013,0.28338762214983715,0.33984375
6941,0,CF1,L3,0.3,telea,9,9,0.9403862953186035,1,False,0.016286644951140065,0.2768729641693811,0.33203125
16787,0,CF1,L3,0.3,telea,6,8,0.6359274983406067,0,False,0.019543973941368076,0.254071661237785,0.3046875
25932,0,CF1,L3,0.3,telea,5,5,0.9230185747146606,1,False,0.003257328990228013,0.26384364820846906,0.31640625
614,0,CF1,L3,0.3,telea,0,0,0.5358028411865234,1,False,0.02280130293159609,0.25732899022801303,0.30859375
25690,0,CF1,L3,0.3,telea,5,5,0.7477790117263794,1,False,0.019543973941368076,0.2280130293159609,0.2734375
25968,0,CF1,L3,0.3,telea,5,5,0.9911274313926697,1,False,0.016286644951140065,0.2247557003257329,0.26953125
20123,0,CF1,L3,0.3,telea,3,3,0.8830322027206421,1,False,0.003257328990228013,0.2671009771986971,0.3203125
13341,0,CF1,L3,0.3,telea,5,5,0.938901424407959,1,False,0.013029315960912053,0.25732899022801303,0.30859375
24697,0,CF1,L3,0.3,telea,4,4,0.9994414448738098,1,False,0.019543973941368076,0.24104234527687296,0.2890625
15157,0,CF1,L3,0.3,telea,6,6,0.49507224559783936,1,False,0.016286644951140065,0.2931596091205212,0.3515625
23115,0,CF1,L3,0.3,telea,1,1,0.620083212852478,1,False,0.009771986970684038,0.20521172638436483,0.24609375
6396,0,CF1,L3,0.3,telea,0,0,0.9974924325942993,1,False,0.02280130293159609,0.2768729641693811,0.33203125
19142,0,CF1,L3,0.3,telea,4,4,0.5280624628067017,1,False,0.003257328990228013,0.26384364820846906,0.31640625
13157,0,CF1,L3,0.3,telea,3,3,0.8630634546279907,1,False,0.0,0.254071661237785,0.3046875
19866,0,CF1,L3,0.3,telea,1,1,0.8083797693252563,1,False,0.006514657980456026,0.23778501628664495,0.28515625
25996,0,CF1,L3,0.3,telea,8,8,0.9992583394050598,1,False,0.009771986970684038,0.26058631921824105,0.3125
25515,0,CF1,L3,0.3,telea,7,1,0.9419383406639099,0,False,0.006514657980456026,0.23127035830618892,0.27734375
12876,0,CF1,L3,0.3,telea,0,0,0.9873552918434143,1,False,0.013029315960912053,0.2736156351791531,0.328125
17565,0,CF1,L3,0.3,telea,6,6,0.993161678314209,1,False,0.009771986970684038,0.2280130293159609,0.2734375
17511,0,CF1,L3,0.3,telea,4,4,0.42746028304100037,1,False,0.003257328990228013,0.24104234527687296,0.2890625
19996,0,CF1,L3,0.3,telea,0,0,0.99375981092453,1,False,0.006514657980456026,0.2280130293159609,0.2734375
12807,0,CF1,L3,0.3,telea,1,1,0.9995679259300232,1,False,0.006514657980456026,0.19543973941368079,0.234375
11001,0,CF1,L3,0.3,telea,9,9,0.8673399686813354,1,False,0.019543973941368076,0.23778501628664495,0.28515625
13107,0,CF1,L3,0.3,telea,0,0,0.9981977343559265,1,False,0.016286644951140065,0.24429967426710097,0.29296875
12641,0,CF1,L3,0.3,telea,6,6,0.998167872428894,1,False,0.003257328990228013,0.28013029315960913,0.3359375
22667,0,CF1,L3,0.3,telea,5,5,0.9968463778495789,1,False,0.016286644951140065,0.254071661237785,0.3046875
7310,0,CF1,L3,0.3,telea,7,7,0.9345396161079407,1,False,0.009771986970684038,0.24429967426710097,0.29296875
764,0,CF1,L3,0.3,telea,1,1,0.8814060688018799,1,False,0.006514657980456026,0.2768729641693811,0.33203125
14813,0,CF1,L3,0.3,telea,4,4,0.992449164390564,1,False,0.019543973941368076,0.2736156351791531,0.328125
7132,0,CF1,L3,0.3,telea,2,2,0.998112678527832,1,False,0.009771986970684038,0.26058631921824105,0.3125
23884,0,CF1,L3,0.3,telea,1,8,0.44350552558898926,0,False,0.006514657980456026,0.23778501628664495,0.28515625
22735,0,CF1,L3,0.3,telea,8,8,0.9797915816307068,1,False,0.009771986970684038,0.254071661237785,0.3046875
12483,0,CF1,L3,0.3,telea,2,2,0.9862551689147949,1,False,0.003257328990228013,0.24104234527687296,0.2890625
10442,0,CF1,L3,0.3,telea,6,6,0.8055688142776489,1,False,0.003257328990228013,0.23778501628664495,0.28515625
3733,0,CF1,L3,0.3,telea,8,8,0.99446702003479,1,False,0.006514657980456026,0.254071661237785,0.3046875
20089,0,CF1,L3,0.3,telea,4,4,0.9721009135246277,1,False,0.013029315960912053,0.250814332247557,0.30078125
20411,0,CF1,L3,0.3,telea,4,4,0.6047878265380859,1,False,0.006514657980456026,0.2931596091205212,0.3515625
10695,0,CF1,L3,0.3,telea,4,1,0.524711549282074,0,False,0.003257328990228013,0.254071661237785,0.3046875
11992,0,CF1,L3,0.3,telea,2,2,0.9998846054077148,1,False,0.003257328990228013,0.23127035830618892,0.27734375
20712,0,CF1,L3,0.3,telea,7,7,0.9350694417953491,1,False,0.003257328990228013,0.26384364820846906,0.31640625
6518,0,CF1,L3,0.3,telea,8,8,0.888985812664032,1,False,0.003257328990228013,0.2768729641693811,0.33203125
6015,0,CF1,L3,0.3,telea,9,9,0.6858782172203064,1,False,0.009771986970684038,0.26384364820846906,0.31640625
8396,0,CF1,L3,0.3,telea,5,2,0.6229074597358704,0,False,0.006514657980456026,0.24429967426710097,0.29296875
12097,0,CF1,L3,0.3,telea,9,9,0.9973430037498474,1,False,0.013029315960912053,0.2280130293159609,0.2734375
12565,0,CF1,L3,0.3,telea,2,2,0.9359767436981201,1,False,0.003257328990228013,0.24429967426710097,0.29296875
22474,0,CF1,L3,0.3,telea,4,4,0.4916887879371643,1,False,0.009771986970684038,0.23127035830618892,0.27734375
25110,0,CF1,L3,0.3,telea,9,9,0.9874947667121887,1,False,0.003257328990228013,0.26384364820846906,0.31640625
8275,0,CF1,L3,0.3,telea,8,8,0.991078794002533,1,False,0.016286644951140065,0.24429967426710097,0.29296875
3871,0,CF1,L3,0.3,telea,1,1,0.7891122698783875,1,False,0.006514657980456026,0.21172638436482086,0.25390625
24639,0,CF1,L3,0.3,telea,2,2,0.9979792237281799,1,False,0.02280130293159609,0.26058631921824105,0.3125
15979,0,CF1,L3,0.3,telea,3,3,0.8721356391906738,1,False,0.006514657980456026,0.24429967426710097,0.29296875
24513,0,CF1,L3,0.3,telea,6,6,0.9789755940437317,1,False,0.013029315960912053,0.30293159609120524,0.36328125
10926,0,CF1,L3,0.3,telea,7,7,0.9074026346206665,1,False,0.013029315960912053,0.254071661237785,0.3046875
25564,0,CF1,L3,0.3,telea,0,0,0.746875524520874,1,False,0.0,0.26058631921824105,0.3125
2118,0,CF1,L3,0.3,telea,0,0,0.7653595209121704,1,False,0.003257328990228013,0.23127035830618892,0.27734375
4358,0,CF1,L3,0.3,telea,9,3,0.4182799756526947,0,False,0.006514657980456026,0.2247557003257329,0.26953125
5674,0,CF1,L3,0.3,telea,8,3,0.3954847753047943,0,False,0.009771986970684038,0.2182410423452769,0.26171875
3397,0,CF1,L3,0.3,telea,7,7,0.9983977675437927,1,False,0.016286644951140065,0.26384364820846906,0.31640625
5183,0,CF1,L3,0.3,telea,7,7,0.8900206089019775,1,False,0.006514657980456026,0.26058631921824105,0.3125
7505,0,CF1,L3,0.3,telea,9,9,0.9993833303451538,1,False,0.016286644951140065,0.23778501628664495,0.28515625
17539,0,CF1,L3,0.3,telea,0,0,0.6056939959526062,1,False,0.013029315960912053,0.2703583061889251,0.32421875
23918,0,CF1,L3,0.3,telea,6,5,0.6430110931396484,0,False,0.003257328990228013,0.2280130293159609,0.2734375
19449,0,CF1,L3,0.3,telea,2,2,0.9986044764518738,1,False,0.009771986970684038,0.28664495114006516,0.34375
18599,0,CF1,L3,0.3,telea,3,3,0.5725180506706238,1,False,0.003257328990228013,0.2671009771986971,0.3203125
8175,0,CF1,L3,0.3,telea,8,6,0.45665717124938965,0,False,0.013029315960912053,0.24104234527687296,0.2890625
18412,0,CF1,L3,0.3,telea,7,7,0.9519561529159546,1,False,0.006514657980456026,0.21172638436482086,0.25390625
20667,0,CF1,L3,0.3,telea,1,1,0.9360738396644592,1,False,0.013029315960912053,0.250814332247557,0.30078125
8672,0,CF1,L3,0.3,telea,9,9,0.8329371213912964,1,False,0.016286644951140065,0.23127035830618892,0.27734375
22087,0,CF1,L3,0.3,telea,1,1,0.9999017715454102,1,False,0.009771986970684038,0.2768729641693811,0.33203125
6910,0,CF1,L3,0.3,telea,2,2,0.9989782571792603,1,False,0.006514657980456026,0.2703583061889251,0.32421875
19205,0,CF1,L3,0.3,telea,3,5,0.3711690306663513,0,False,0.02280130293159609,0.24429967426710097,0.29296875
10581,0,CF1,L3,0.3,telea,3,3,0.9440996646881104,1,False,0.013029315960912053,0.24429967426710097,0.29296875
14516,0,CF1,L3,0.3,telea,4,4,0.5020653605461121,1,False,0.0,0.28338762214983715,0.33984375
22602,0,CF1,L3,0.3,telea,4,4,0.9706496000289917,1,False,0.016286644951140065,0.23452768729641693,0.28125
1944,0,CF1,L3,0.3,telea,0,0,0.686977744102478,1,False,0.013029315960912053,0.26384364820846906,0.31640625
19718,0,CF1,L3,0.3,telea,0,2,0.5683379769325256,0,False,0.009771986970684038,0.28013029315960913,0.3359375
15599,0,CF1,L3,0.3,telea,7,7,0.9846588373184204,1,False,0.006514657980456026,0.2182410423452769,0.26171875
16766,0,CF1,L3,0.3,telea,9,9,0.9454228281974792,1,False,0.009771986970684038,0.26058631921824105,0.3125
12317,0,CF1,L3,0.3,telea,5,5,0.505931556224823,1,False,0.009771986970684038,0.26058631921824105,0.3125
6275,0,CF1,L3,0.3,telea,6,6,0.7059735655784607,1,False,0.006514657980456026,0.254071661237785,0.3046875
14332,0,CF1,L3,0.3,telea,3,3,0.537727952003479,1,False,0.02280130293159609,0.26058631921824105,0.3125
25615,0,CF1,L3,0.3,telea,8,8,0.9853067398071289,1,False,0.009771986970684038,0.247557003257329,0.296875
7680,0,CF1,L3,0.3,telea,7,7,0.9999165534973145,1,False,0.009771986970684038,0.250814332247557,0.30078125
22105,0,CF1,L3,0.3,telea,7,7,0.9970871806144714,1,False,0.013029315960912053,0.28664495114006516,0.34375
19179,0,CF1,L3,0.3,telea,5,3,0.5266056656837463,0,False,0.013029315960912053,0.23452768729641693,0.28125
22379,0,CF1,L3,0.3,telea,5,5,0.9230473041534424,1,False,0.003257328990228013,0.254071661237785,0.3046875
11796,0,CF1,L3,0.3,telea,0,0,0.97940593957901,1,False,0.006514657980456026,0.2280130293159609,0.2734375
16929,0,CF1,L3,0.3,telea,0,0,0.9994131326675415,1,False,0.006514657980456026,0.24104234527687296,0.2890625
20580,0,CF1,L3,0.3,telea,2,5,0.4507908225059509,0,False,0.009771986970684038,0.24104234527687296,0.2890625
21272,0,CF1,L3,0.3,telea,7,7,0.7214890122413635,1,False,0.016286644951140065,0.24104234527687296,0.2890625
12963,0,CF1,L3,0.3,telea,4,4,0.994337260723114,1,False,0.003257328990228013,0.247557003257329,0.296875
15648,0,CF1,L3,0.3,telea,9,9,0.9047455191612244,1,False,0.009771986970684038,0.254071661237785,0.3046875
10831,0,CF1,L3,0.3,telea,6,6,0.9976354837417603,1,False,0.013029315960912053,0.2182410423452769,0.26171875
12228,0,CF1,L3,0.3,telea,3,3,0.8932875394821167,1,False,0.02280130293159609,0.21498371335504887,0.2578125
2242,0,CF1,L3,0.3,telea,7,9,0.7412520051002502,0,False,0.009771986970684038,0.21498371335504887,0.2578125
25443,0,CF1,L3,0.3,telea,3,3,0.9999954700469971,1,False,0.016286644951140065,0.23452768729641693,0.28125
23913,0,CF1,L3,0.3,telea,1,1,0.9532303214073181,1,False,0.02280130293159609,0.21498371335504887,0.2578125
18452,0,CF1,L3,0.3,telea,1,1,0.9847223162651062,1,False,0.006514657980456026,0.24104234527687296,0.2890625
12210,0,CF1,L3,0.3,telea,0,0,0.9973141551017761,1,False,0.006514657980456026,0.2768729641693811,0.33203125
3532,0,CF1,L3,0.3,telea,6,8,0.4296115040779114,0,False,0.009771986970684038,0.28013029315960913,0.3359375
13678,0,CF1,L3,0.3,telea,9,9,0.9925709366798401,1,False,0.009771986970684038,0.25732899022801303,0.30859375
21370,0,CF1,L3,0.3,telea,5,5,0.4254181683063507,1,False,0.013029315960912053,0.23452768729641693,0.28125
23728,0,CF1,L3,0.3,telea,9,9,0.999546468257904,1,False,0.0,0.2703583061889251,0.32421875
7460,0,CF1,L3,0.3,telea,0,0,0.9948762059211731,1,False,0.013029315960912053,0.23127035830618892,0.27734375
25354,0,CF1,L3,0.3,telea,2,2,0.9863502383232117,1,False,0.009771986970684038,0.23452768729641693,0.28125
18984,0,CF1,L3,0.3,telea,8,8,0.9802157282829285,1,False,0.009771986970684038,0.25732899022801303,0.30859375
12422,0,CF1,L3,0.3,telea,6,6,0.9987890124320984,1,False,0.0,0.28664495114006516,0.34375
7413,0,CF1,L3,0.3,telea,4,4,0.6371553540229797,1,False,0.019543973941368076,0.2671009771986971,0.3203125
