patch_id,seed,family,level,frac,method,true_label,prediction,confidence,correct,bounded_unknown,isolated_missing_frac,mask_overlap_centre,centre_erased_frac
17222,0,CF1,L3,0.3,zero_fill,8,0,0.2815534770488739,0,False,0.006514657980456026,0.24104234527687296,0.2890625
7987,0,CF1,L3,0.3,zero_fill,4,5,0.2722080647945404,0,False,0.009771986970684038,0.23452768729641693,0.28125
14403,0,CF1,L3,0.3,zero_fill,1,2,0.17001335322856903,0,False,0.009771986970684038,0.2280130293159609,0.2734375
12904,0,CF1,L3,0.3,zero_fill,1,3,0.22738753259181976,0,False,0.016286644951140065,0.2247557003257329,0.26953125
1024,0,CF1,L3,0.3,zero_fill,2,2,0.39980700612068176,1,False,0.016286644951140065,0.2703583061889251,0.32421875
15700,0,CF1,L3,0.3,zero_fill,3,8,0.40745750069618225,0,False,0.009771986970684038,0.2703583061889251,0.32421875
12639,0,CF1,L3,0.3,zero_fill,7,5,0.2162577509880066,0,False,0.013029315960912053,0.2247557003257329,0.26953125
20658,0,CF1,L3,0.3,zero_fill,4,5,0.19189462065696716,0,False,0.013029315960912053,0.25732899022801303,0.30859375
2642,0,CF1,L3,0.3,zero_fill,7,0,0.1740298569202423,0,False,0.013029315960912053,0.26384364820846906,0.31640625
9392,0,CF1,L3,0.3,zero_fill,9,5,0.21992765367031097,0,False,0.026058631921824105,0.22149837133550487,0.265625
23357,0,CF1,L3,0.3,zero_fill,5,3,0.4451943635940552,0,False,0.016286644951140065,0.23452768729641693,0.28125
15977,0,CF1,L3,0.3,zero_fill,0,5,0.3027530014514923,0,False,0.003257328990228013,0.22149837133550487,0.265625
10440,0,CF1,L3,0.3,zero_fill,0,1,0.21728163957595825,0,False,0.006514657980456026,0.26384364820846906,0.31640625
14216,0,CF1,L3,0.3,zero_fill,3,3,0.25415271520614624,1,False,0.013029315960912053,0.25732899022801303,0.30859375
18353,0,CF1,L3,0.3,zero_fill,7,7,0.1603098213672638,1,False,0.013029315960912053,0.23778501628664495,0.28515625
17404,0,CF1,L3,0.3,zero_fill,3,3,0.3319554328918457,1,False,0.026058631921824105,0.2671009771986971,0.3203125
8424,0,CF1,L3,0.3,zero_fill,8,5,0.32013756036758423,0,False,0.026058631921824105,0.2247557003257329,0.26953125
4744,0,CF1,L3,0.3,zero_fill,8,5,0.33524656295776367,0,False,0.009771986970684038,0.23452768729641693,0.28125
18797,0,CF1,L3,0.3,zero_fill,7,6,0.22679409384727478,0,False,0.003257328990228013,0.28013029315960913,0.3359375
3156,0,CF1,L3,0.3,zero_fill,7,5,0.27574512362480164,0,False,0.0,0.2736156351791531,0.328125
17024,0,CF1,L3,0.3,zero_fill,2,3,0.21560846269130707,0,False,0.0,0.26058631921824105,0.3125
7807,0,CF1,L3,0.3,zero_fill,8,3,0.2730446457862854,0,False,0.003257328990228013,0.21498371335504887,0.2578125
138,0,CF1,L3,0.3,zero_fill,0,0,0.24928957223892212,1,False,0.003257328990228013,0.24104234527687296,0.2890625
20222,0,CF1,L3,0.3,zero_fill,2,2,0.6930776238441467,1,False,0.0,0.250814332247557,0.30078125
24734,0,CF1,L3,0.3,zero_fill,9,1,0.19012859463691711,0,False,0.009771986970684038,0.28013029315960913,0.3359375
8909,0,CF1,L3,0.3,zero_fill,0,2,0.17821916937828064,0,False,0.0,0.2247557003257329,0.26953125
4684,0,CF1,L3,0.3,zero_fill,1,1,0.18745754659175873,1,False,0.0,0.26058631921824105,0.3125
15978,0,CF1,L3,0.3,zero_fill,6,8,0.23850512504577637,0,False,0.016286644951140065,0.20521172638436483,0.24609375
21495,0,CF1,L3,0.3,zero_fill,7,5,0.2548905909061432,0,False,0.013029315960912053,0.2703583061889251,0.32421875
5107,0,CF1,L3,0.3,zero_fill,6,3,0.43247854709625244,0,False,0.016286644951140065,0.2671009771986971,0.3203125
1914,0,CF1,L3,0.3,zero_fill,2,6,0.18018139898777008,0,False,0.006514657980456026,0.23127035830618892,0.27734375
21307,0,CF1,L3,0.3,zero_fill,1,9,0.2538248598575592,0,False,0.003257328990228013,0.23778501628664495,0.28515625
7178,0,CF1,L3,0.3,zero_fill,4,9,0.25969889760017395,0,False,0.006514657980456026,0.23778501628664495,0.28515625
13264,0,CF1,L3,0.3,zero_fill,4,3,0.26200374960899353,0,False,0.006514657980456026,0.2768729641693811,0.33203125
21507,0,CF1,L3,0.3,zero_fill,1,3,0.6090368032455444,0,False,0.02280130293159609,0.23127035830618892,0.27734375
8399,0,CF1,L3,0.3,zero_fill,9,3,0.24125300347805023,0,False,0.013029315960912053,0.2768729641693811,0.33203125
4384,0,CF1,L3,0.3,zero_fill,0,0,0.35853269696235657,1,False,0.009771986970684038,0.23452768729641693,0.28125
5820,0,CF1,L3,0.3,zero_fill,0,3,0.359295517206192,0,False,0.0,0.20846905537459284,0.25
22865,0,CF1,L3,0.3,zero_fill,0,6,0.14854100346565247,0,False,0.013029315960912053,0.19218241042345277,0.23046875
65,0,CF1,L3,0.3,zero_fill,0,5,0.2836969792842865,0,False,0.009771986970684038,0.28664495114006516,0.34375
15494,0,CF1,L3,0.3,zero_fill,6,9,0.20793378353118896,0,False,0.006514657980456026,0.26384364820846906,0.31640625
2327,0,CF1,L3,0.3,zero_fill,5,5,0.31883910298347473,1,False,0.009771986970684038,0.23778501628664495,0.28515625
24596,0,CF1,L3,0.3,zero_fill,7,3,0.32230040431022644,0,False,0.009771986970684038,0.2247557003257329,0.26953125
3825,0,CF1,L3,0.3,zero_fill,5,5,0.22656534612178802,1,False,0.016286644951140065,0.26384364820846906,0.31640625
17168,0,CF1,L3,0.3,zero_fill,7,7,0.28482937812805176,1,False,0.019543973941368076,0.2182410423452769,0.26171875
4357,0,CF1,L3,0.3,zero_fill,3,8,0.20613043010234833,0,False,0.013029315960912053,0.23452768729641693,0.28125
2364,0,CF1,L3,0.3,zero_fill,9,9,0.169337660074234,1,False,0.006514657980456026,0.28664495114006516,0.34375
8703,0,CF1,L3,0.3,zero_fill,9,8,0.363315224647522,0,False,0.016286644951140065,0.23778501628664495,0.28515625
19390,0,CF1,L3,0.3,zero_fill,9,2,0.1722487360239029,0,False,0.006514657980456026,0.2671009771986971,0.3203125
17853,0,CF1,L3,0.3,zero_fill,6,3,0.15428532660007477,0,False,0.006514657980456026,0.2768729641693811,0.33203125
4930,0,CF1,L3,0.3,zero_fill,4,3,0.2175435721874237,0,False,0.009771986970684038,0.247557003257329,0.296875
5314,0,CF1,L3,0.3,zero_fill,8,7,0.1740776151418686,0,False,0.013029315960912053,0.2280130293159609,0.2734375
4478,0,CF1,L3,0.3,zero_fill,8,3,0.1969449371099472,0,False,0.009771986970684038,0.250814332247557,0.30078125
23679,0,CF1,L3,0.3,zero_fill,4,5,0.28188130259513855,0,False,0.003257328990228013,0.23127035830618892,0.27734375
5449,0,CF1,L3,0.3,zero_fill,1,3,0.20579668879508972,0,False,0.003257328990228013,0.28338762214983715,0.33984375
24183,0,CF1,L3,0.3,zero_fill,0,0,0.24414697289466858,1,False,0.019543973941368076,0.2247557003257329,0.26953125
20842,0,CF1,L3,0.3,zero_fill,3,3,0.4223386347293854,1,False,0.006514657980456026,0.2703583061889251,0.32421875
18825,0,CF1,L3,0.3,zero_fill,9,9,0.2465546578168869,1,False,0.006514657980456026,0.2182410423452769,0.26171875
6265,0,CF1,L3,0.3,zero_fill,1,2,0.15143661201000214,0,False,0.013029315960912053,0.26058631921824105,0.3125
24932,0,CF1,L3,0.3,zero_fill,4,2,0.17154954373836517,0,False,0.003257328990228013,0.26384364820846906,0.31640625
14427,0,CF1,L3,0.3,zero_fill,8,8,0.19301623106002808,1,False,0.009771986970684038,0.23778501628664495,0.28515625
3740,0,CF1,L3,0.3,zero_fill,7,7,0.28178244829177856,1,False,0.003257328990228013,0.25732899022801303,0.30859375
16809,0,CF1,L3,0.3,zero_fill,9,6,0.16139791905879974,0,False,0.013029315960912053,0.24104234527687296,0.2890625
1136,0,CF1,L3,0.3,zero_fill,1,3,0.3992368280887604,0,False,0.019543973941368076,0.2768729641693811,0.33203125
25757,0,CF1,L3,0.3,zero_fill,5,5,0.2445063441991806,1,False,0.016286644951140065,0.247557003257329,0.296875
7356,0,CF1,L3,0.3,zero_fill,4,9,0.2128591239452362,0,False,0.013029315960912053,0.250814332247557,0.30078125
12298,0,CF1,L3,0.3,zero_fill,0,3,0.35413113236427307,0,False,0.009771986970684038,0.26058631921824105,0.3125
5700,0,CF1,L3,0.3,zero_fill,3,3,0.22701017558574677,1,False,0.019543973941368076,0.23452768729641693,0.28125
22753,0,CF1,L3,0.3,zero_fill,6,5,0.5243625640869141,0,False,0.006514657980456026,0.24104234527687296,0.2890625
16813,0,CF1,L3,0.3,zero_fill,6,6,0.19175072014331818,1,False,0.013029315960912053,0.2182410423452769,0.26171875
7373,0,CF1,L3,0.3,zero_fill,8,5,0.2676493227481842,0,False,0.013029315960912053,0.26058631921824105,0.3125
20149,0,CF1,L3,0.3,zero_fill,2,0,0.22826248407363892,0,False,0.016286644951140065,0.2703583061889251,0.32421875
15874,0,CF1,L3,0.3,zero_fill,9,3,0.355095773935318,0,False,0.013029315960912053,0.23127035830618892,0.27734375
26011,0,CF1,L3,0.3,zero_fill,0,9,0.18303892016410828,0,False,0.019543973941368076,0.2182410423452769,0.26171875
4196,0,CF1,L3,0.3,zero_fill,9,6,0.21948955953121185,0,False,0.013029315960912053,0.26384364820846906,0.31640625
11227,0,CF1,L3,0.3,zero_fill,3,3,0.38577333092689514,1,False,0.003257328990228013,0.250814332247557,0.30078125
15736,0,CF1,L3,0.3,zero_fill,3,5,0.26168835163116455,0,False,0.006514657980456026,0.25732899022801303,0.30859375
6339,0,CF1,L3,0.3,zero_fill,6,0,0.17373143136501312,0,False,0.009771986970684038,0.26384364820846906,0.31640625
25704,0,CF1,L3,0.3,zero_fill,2,5,0.3503482937812805,0,False,0.009771986970684038,0.23452768729641693,0.28125
3190,0,CF1,L3,0.3,zero_fill,7,5,0.3698490560054779,0,False,0.003257328990228013,0.2768729641693811,0.33203125
737,0,CF1,L3,0.3,zero_fill,4,3,0.1695154309272766,0,False,0.006514657980456026,0.2182410423452769,0.26171875
22875,0,CF1,L3,0.3,zero_fill,9,3,0.2635936439037323,0,False,0.006514657980456026,0.250814332247557,0.30078125
22749,0,CF1,L3,0.3,zero_fill,3,3,0.2756992280483246,1,False,0.003257328990228013,0.23452768729641693,0.28125
22998,0,CF1,L3,0.3,zero_fill,3,6,0.1812271922826767,0,False,0.006514657980456026,0.25732899022801303,0.30859375
24210,0,CF1,L3,0.3,zero_fill,5,5,0.2372383326292038,1,False,0.006514657980456026,0.26058631921824105,0.3125
6800,0,CF1,L3,0.3,zero_fill,4,6,0.1882295310497284,0,False,0.013029315960912053,0.254071661237785,0.3046875
16602,0,CF1,L3,0.3,zero_fill,9,5,0.24710164964199066,0,False,0.003257328990228013,0.247557003257329,0.296875
10822,0,CF1,L3,0.3,zero_fill,6,9,0.17887210845947266,0,False,0.006514657980456026,0.25732899022801303,0.30859375
12822,0,CF1,L3,0.3,zero_fill,1,3,0.26684731245040894,0,False,0.009771986970684038,0.24104234527687296,0.2890625
12758,0,CF1,L3,0.3,zero_fill,5,3,0.2832240164279938,0,False,0.003257328990228013,0.28013029315960913,0.3359375
21144,0,CF1,L3,0.3,zero_fill,4,2,0.23563556373119354,0,False,0.009771986970684038,0.2247557003257329,0.26953125
4900,0,CF1,L3,0.3,zero_fill,6,3,0.21080780029296875,0,False,0.006514657980456026,0.24104234527687296,0.2890625
22888,0,CF1,L3,0.3,zero_fill,9,9,0.19667570292949677,1,False,0.016286644951140065,0.247557003257329,0.296875
19935,0,CF1,L3,0.3,zero_fill,9,3,0.3797408640384674,0,False,0.02280130293159609,0.247557003257329,0.296875
21896,0,CF1,L3,0.3,zero_fill,7,5,0.28153932094573975,0,False,0.013029315960912053,0.2247557003257329,0.26953125
3475,0,CF1,L3,0.3,zero_fill,3,9,0.1743396520614624,0,False,0.013029315960912053,0.2931596091205212,0.3515625
16171,0,CF1,L3,0.3,zero_fill,0,0,0.968612551689148,1,False,0.013029315960912053,0.24429967426710097,0.29296875
4672,0,CF1,L3,0.3,zero_fill,4,3,0.3837141990661621,0,False,0.003257328990228013,0.26058631921824105,0.3125
10146,0,CF1,L3,0.3,zero_fill,2,9,0.2007809430360794,0,False,0.02280130293159609,0.247557003257329,0.296875
9207,0,CF1,L3,0.3,zero_fill,7,3,0.19645904004573822,0,False,0.009771986970684038,0.26384364820846906,0.31640625
17745,0,CF1,L3,0.3,zero_fill,9,7,0.4861575663089752,0,False,0.016286644951140065,0.25732899022801303,0.30859375
432,0,CF1,L3,0.3,zero_fill,7,3,0.15865202248096466,0,False,0.019543973941368076,0.247557003257329,0.296875
6608,0,CF1,L3,0.3,zero_fill,4,5,0.44879746437072754,0,False,0.006514657980456026,0.24104234527687296,0.2890625
25769,0,CF1,L3,0.3,zero_fill,9,3,0.2714383602142334,0,False,0.02280130293159609,0.2280130293159609,0.2734375
14774,0,CF1,L3,0.3,zero_fill,3,9,0.18420270085334778,0,False,0.003257328990228013,0.26058631921824105,0.3125
21627,0,CF1,L3,0.3,zero_fill,4,2,0.14602601528167725,0,False,0.009771986970684038,0.28013029315960913,0.3359375
8133,0,CF1,L3,0.3,zero_fill,2,2,0.21031634509563446,1,False,0.003257328990228013,0.250814332247557,0.30078125
12554,0,CF1,L3,0.3,zero_fill,4,3,0.3152107000350952,0,False,0.006514657980456026,0.2247557003257329,0.26953125
10856,0,CF1,L3,0.3,zero_fill,1,1,0.4405862092971802,1,False,0.009771986970684038,0.2182410423452769,0.26171875
15931,0,CF1,L3,0.3,zero_fill,3,5,0.28431272506713867,0,False,0.02280130293159609,0.26058631921824105,0.3125
2367,0,CF1,L3,0.3,zero_fill,2,3,0.2011343240737915,0,False,0.006514657980456026,0.2280130293159609,0.2734375
25563,0,CF1,L3,0.3,zero_fill,7,1,0.263923317193985,0,False,0.006514657980456026,0.247557003257329,0.296875
6748,0,CF1,L3,0.3,zero_fill,2,0,0.14028885960578918,0,False,0.006514657980456026,0.2703583061889251,0.32421875
5368,0,CF1,L3,0.3,zero_fill,8,6,0.19469816982746124,0,False,0.006514657980456026,0.247557003257329,0.296875
25951,0,CF1,L3,0.3,zero_fill,6,3,0.4523977041244507,0,False,0.006514657980456026,0.26058631921824105,0.3125
22082,0,CF1,L3,0.3,zero_fill,7,7,0.2687390446662903,1,False,0.006514657980456026,0.2247557003257329,0.26953125
19301,0,CF1,L3,0.3,zero_fill,4,5,0.20344178378582,0,False,0.013029315960912053,0.23127035830618892,0.27734375
13302,0,CF1,L3,0.3,zero_fill,4,5,0.16279572248458862,0,False,0.016286644951140065,0.26058631921824105,0.3125
15358,0,CF1,L3,0.3,zero_fill,0,5,0.2897416055202484,0,False,0.009771986970684038,0.26058631921824105,0.3125
23572,0,CF1,L3,0.3,zero_fill,2,3,0.40682995319366455,0,False,0.006514657980456026,0.26384364820846906,0.31640625
14736,0,CF1,L3,0.3,zero_fill,4,2,0.1814960539340973,0,False,0.019543973941368076,0.2703583061889251,0.32421875
16685,0,CF1,L3,0.3,zero_fill,2,3,0.4916933476924896,0,False,0.009771986970684038,0.25732899022801303,0.30859375
21902,0,CF1,L3,0.3,zero_fill,7,5,0.4462558627128601,0,False,0.02280130293159609,0.24429967426710097,0.29296875
6713,0,CF1,L3,0.3,zero_fill,5,8,0.2209964245557785,0,False,0.009771986970684038,0.26058631921824105,0.3125
8771,0,CF1,L3,0.3,zero_fill,4,3,0.21606320142745972,0,False,0.0,0.2931596091205212,0.3515625
20264,0,CF1,L3,0.3,zero_fill,3,6,0.20070093870162964,0,False,0.003257328990228013,0.2671009771986971,0.3203125
24489,0,CF1,L3,0.3,zero_fill,1,4,0.2614719569683075,0,False,0.003257328990228013,0.23778501628664495,0.28515625
24852,0,CF1,L3,0.3,zero_fill,1,5,0.2121948003768921,0,False,0.006514657980456026,0.23778501628664495,0.28515625
6746,0,CF1,L3,0.3,zero_fill,1,2,0.29082077741622925,0,False,0.003257328990228013,0.23452768729641693,0.28125
5951,0,CF1,L3,0.3,zero_fill,5,2,0.23092082142829895,0,False,0.009771986970684038,0.23127035830618892,0.27734375
6438,0,CF1,L3,0.3,zero_fill,4,4,0.5398270487785339,1,False,0.006514657980456026,0.2736156351791531,0.328125
11126,0,CF1,L3,0.3,zero_fill,9,2,0.19903990626335144,0,False,0.006514657980456026,0.28338762214983715,0.33984375
24241,0,CF1,L3,0.3,zero_fill,3,3,0.4294811487197876,1,False,0.0,0.23778501628664495,0.28515625
23621,0,CF1,L3,0.3,zero_fill,6,0,0.1425657570362091,0,False,0.003257328990228013,0.2182410423452769,0.26171875
14358,0,CF1,L3,0.3,zero_fill,6,5,0.44651469588279724,0,False,0.016286644951140065,0.23127035830618892,0.27734375
19003,0,CF1,L3,0.3,zero_fill,6,2,0.18709209561347961,0,False,0.003257328990228013,0.247557003257329,0.296875
3760,0,CF1,L3,0.3,zero_fill,9,5,0.267848402261734,0,False,0.006514657980456026,0.2768729641693811,0.33203125
1155,0,CF1,L3,0.3,zero_fill,5,3,0.4373580515384674,0,False,0.003257328990228013,0.23127035830618892,0.27734375
22044,0,CF1,L3,0.3,zero_fill,8,5,0.30345913767814636,0,False,0.016286644951140065,0.250814332247557,0.30078125
17521,0,CF1,L3,0.3,zero_fill,4,9,0.2536858916282654,0,False,0.009771986970684038,0.250814332247557,0.30078125
15177,0,CF1,L3,0.3,zero_fill,9,9,0.2245018035173416,1,False,0.009771986970684038,0.2671009771986971,0.3203125
21080,0,CF1,L3,0.3,zero_fill,0,9,0.19665475189685822,0,False,0.013029315960912053,0.28013029315960913,0.3359375
4507,0,CF1,L3,0.3,zero_fill,5,3,0.26021653413772583,0,False,0.006514657980456026,0.2182410423452769,0.26171875
10600,0,CF1,L3,0.3,zero_fill,7,3,0.3774278163909912,0,False,0.003257328990228013,0.254071661237785,0.3046875
11754,0,CF1,L3,0.3,zero_fill,1,0,0.1667499840259552,0,False,0.009771986970684038,0.23778501628664495,0.28515625
22934,0,CF1,L3,0.3,zero_fill,4,4,0.23425011336803436,1,False,0.013029315960912053,0.21498371335504887,0.2578125
19094,0,CF1,L3,0.3,zero_fill,3,5,0.3322386145591736,0,False,0.013029315960912053,0.20521172638436483,0.24609375
25246,0,CF1,L3,0.3,zero_fill,7,3,0.2636588215827942,0,False,0.013029315960912053,0.254071661237785,0.3046875
14745,0,CF1,L3,0.3,zero_fill,2,5,0.21916626393795013,0,False,0.003257328990228013,0.250814332247557,0.30078125
3177,0,CF1,L3,0.3,zero_fill,8,8,0.24942602217197418,1,False,0.006514657980456026,0.24104234527687296,0.2890625
13870,0,CF1,L3,0.3,zero_fill,5,3,0.2623937129974365,0,False,0.006514657980456026,0.28664495114006516,0.34375
5605,0,CF1,L3,0.3,zero_fill,6,9,0.2208525538444519,0,False,0.006514657980456026,0.247557003257329,0.296875
5202,0,CF1,L3,0.3,zero_fill,8,3,0.3048262894153595,0,False,0.009771986970684038,0.247557003257329,0.296875
8800,0,CF1,L3,0.3,zero_fill,5,7,0.26784616708755493,0,False,0.013029315960912053,0.24429967426710097,0.29296875
645,0,CF1,L3,0.3,zero_fill,3,3,0.2580370306968689,1,False,0.009771986970684038,0.2247557003257329,0.26953125
16077,0,CF1,L3,0.3,zero_fill,5,3,0.171986922621727,0,False,0.013029315960912053,0.23452768729641693,0.28125
15336,0,CF1,L3,0.3,zero_fill,5,3,0.2982608675956726,0,False,0.0,0.250814332247557,0.30078125
20933,0,CF1,L3,0.3,zero_fill,0,3,0.2087540179491043,0,False,0.016286644951140065,0.2671009771986971,0.3203125
10580,0,CF1,L3,0.3,zero_fill,8,3,0.22519588470458984,0,False,0.013029315960912053,0.23778501628664495,0.28515625
25902,0,CF1,L3,0.3,zero_fill,6,6,0.2559768855571747,1,False,0.009771986970684038,0.21172638436482086,0.25390625
4666,0,CF1,L3,0.3,zero_fill,8,3,0.5410156846046448,0,False,0.013029315960912053,0.25732899022801303,0.30859375
14541,0,CF1,L3,0.3,zero_fill,4,4,0.24006341397762299,1,False,0.006514657980456026,0.28338762214983715,0.33984375
7374,0,CF1,L3,0.3,zero_fill,5,1,0.23917271196842194,0,False,0.009771986970684038,0.28338762214983715,0.33984375
4697,0,CF1,L3,0.3,zero_fill,5,5,0.2737670838832855,1,False,0.016286644951140065,0.24104234527687296,0.2890625
6317,0,CF1,L3,0.3,zero_fill,5,3,0.17186172306537628,0,False,0.006514657980456026,0.26384364820846906,0.31640625
16623,0,CF1,L3,0.3,zero_fill,6,3,0.18844300508499146,0,False,0.026058631921824105,0.2703583061889251,0.32421875
16511,0,CF1,L3,0.3,zero_fill,6,5,0.22725871205329895,0,False,0.003257328990228013,0.254071661237785,0.3046875
16162,0,CF1,L3,0.3,zero_fill,3,5,0.21832045912742615,0,False,0.016286644951140065,0.3127035830618892,0.375
5989,0,CF1,L3,0.3,zero_fill,1,5,0.17727577686309814,0,False,0.03257328990228013,0.26058631921824105,0.3125
18753,0,CF1,L3,0.3,zero_fill,5,3,0.1690339893102646,0,False,0.019543973941368076,0.24429967426710097,0.29296875
20853,0,CF1,L3,0.3,zero_fill,4,6,0.23221957683563232,0,False,0.009771986970684038,0.250814332247557,0.30078125
16556,0,CF1,L3,0.3,zero_fill,0,9,0.15135128796100616,0,False,0.0,0.2247557003257329,0.26953125
7019,0,CF1,L3,0.3,zero_fill,9,2,0.3731040060520172,0,False,0.016286644951140065,0.22149837133550487,0.265625
3090,0,CF1,L3,0.3,zero_fill,6,5,0.22016353905200958,0,False,0.009771986970684038,0.2280130293159609,0.2734375
14680,0,CF1,L3,0.3,zero_fill,3,3,0.33202606439590454,1,False,0.009771986970684038,0.30618892508143325,0.3671875
869,0,CF1,L3,0.3,zero_fill,3,5,0.18516680598258972,0,False,0.003257328990228013,0.22149837133550487,0.265625
7595,0,CF1,L3,0.3,zero_fill,6,0,0.21206843852996826,0,False,0.016286644951140065,0.23127035830618892,0.27734375
14417,0,CF1,L3,0.3,zero_fill,1,3,0.33692875504493713,0,False,0.009771986970684038,0.20195439739413681,0.2421875
13624,0,CF1,L3,0.3,zero_fill,9,8,0.32398077845573425,0,False,0.026058631921824105,0.21172638436482086,0.25390625
21083,0,CF1,L3,0.3,zero_fill,0,3,0.2347864955663681,0,False,0.013029315960912053,0.25732899022801303,0.30859375
7556,0,CF1,L3,0.3,zero_fill,1,1,0.22912098467350006,1,False,0.013029315960912053,0.250814332247557,0.30078125
9289,0,CF1,L3,0.3,zero_fill,8,6,0.31186535954475403,0,False,0.013029315960912053,0.23127035830618892,0.27734375
19944,0,CF1,L3,0.3,zero_fill,3,3,0.2723448574542999,1,False,0.006514657980456026,0.250814332247557,0.30078125
6057,0,CF1,L3,0.3,zero_fill,1,7,0.18965135514736176,0,False,0.003257328990228013,0.25732899022801303,0.30859375
23029,0,CF1,L3,0.3,zero_fill,8,2,0.21456147730350494,0,False,0.009771986970684038,0.24104234527687296,0.2890625
23668,0,CF1,L3,0.3,zero_fill,5,1,0.20347653329372406,0,False,0.003257328990228013,0.2280130293159609,0.2734375
13115,0,CF1,L3,0.3,zero_fill,8,0,0.32061636447906494,0,False,0.009771986970684038,0.2703583061889251,0.32421875
20635,0,CF1,L3,0.3,zero_fill,3,3,0.2249375879764557,1,False,0.016286644951140065,0.22149837133550487,0.265625
4281,0,CF1,L3,0.3,zero_fill,4,3,0.47279036045074463,0,False,0.003257328990228013,0.28013029315960913,0.3359375
4139,0,CF1,L3,0.3,zero_fill,9,6,0.2329459935426712,0,False,0.02280130293159609,0.23778501628664495,0.28515625
10652,0,CF1,L3,0.3,zero_fill,1,3,0.357856422662735,0,False,0.013029315960912053,0.2703583061889251,0.32421875
700,0,CF1,L3,0.3,zero_fill,1,2,0.3258615732192993,0,False,0.006514657980456026,0.2964169381107492,0.35546875
5772,0,CF1,L3,0.3,zero_fill,3,0,0.1695365160703659,0,False,0.019543973941368076,0.2736156351791531,0.328125
8114,0,CF1,L3,0.3,zero_fill,9,4,0.5347126126289368,0,False,0.006514657980456026,0.2703583061889251,0.32421875
5964,0,CF1,L3,0.3,zero_fill,6,3,0.35986006259918213,0,False,0.006514657980456026,0.25732899022801303,0.30859375
17278,0,CF1,L3,0.3,zero_fill,7,5,0.395944207906723,0,False,0.006514657980456026,0.22149837133550487,0.265625
9961,0,CF1,L3,0.3,zero_fill,0,3,0.167888343334198,0,False,0.009771986970684038,0.2671009771986971,0.3203125
25974,0,CF1,L3,0.3,zero_fill,7,8,0.20333650708198547,0,False,0.009771986970684038,0.24429967426710097,0.29296875
14317,0,CF1,L3,0.3,zero_fill,3,8,0.1618122160434723,0,False,0.006514657980456026,0.2703583061889251,0.32421875
6485,0,CF1,L3,0.3,zero_fill,0,0,0.3420252799987793,1,False,0.009771986970684038,0.2736156351791531,0.328125
18287,0,CF1,L3,0.3,zero_fill,0,7,0.16407117247581482,0,False,0.006514657980456026,0.247557003257329,0.296875
11840,0,CF1,L3,0.3,zero_fill,4,9,0.16488368809223175,0,False,0.013029315960912053,0.23127035830618892,0.27734375
864,0,CF1,L3,0.3,zero_fill,0,2,0.1879570335149765,0,False,0.02280130293159609,0.23452768729641693,0.28125
20612,0,CF1,L3,0.3,zero_fill,1,3,0.18440912663936615,0,False,0.016286644951140065,0.28338762214983715,0.33984375
21079,0,CF1,L3,0.3,zero_fill,1,7,0.18946608901023865,0,False,0.0,0.26058631921824105,0.3125
11286,0,CF1,L3,0.3,zero_fill,5,5,0.19817277789115906,1,False,0.016286644951140065,0.2247557003257329,0.26953125
788,0,CF1,L3,0.3,zero_fill,0,2,0.1887667328119278,0,False,0.006514657980456026,0.28013029315960913,0.3359375
15932,0,CF1,L3,0.3,zero_fill,3,3,0.25475823879241943,1,False,0.0,0.23778501628664495,0.28515625
18511,0,CF1,L3,0.3,zero_fill,3,3,0.22637543082237244,1,False,0.003257328990228013,0.26058631921824105,0.3125
21576,0,CF1,L3,0.3,zero_fill,5,2,0.32392749190330505,0,False,0.0,0.26058631921824105,0.3125
17237,0,CF1,L3,0.3,zero_fill,2,3,0.24634462594985962,0,False,0.006514657980456026,0.20195439739413681,0.2421875
2966,0,CF1,L3,0.3,zero_fill,2,6,0.16750438511371613,0,False,0.009771986970684038,0.2964169381107492,0.35546875
16416,0,CF1,L3,0.3,zero_fill,5,3,0.2650303840637207,0,False,0.009771986970684038,0.2671009771986971,0.3203125
1280,0,CF1,L3,0.3,zero_fill,5,3,0.3159025311470032,0,False,0.009771986970684038,0.25732899022801303,0.30859375
24928,0,CF1,L3,0.3,zero_fill,0,0,0.17702943086624146,1,False,0.003257328990228013,0.250814332247557,0.30078125
23837,0,CF1,L3,0.3,zero_fill,1,3,0.16507861018180847,0,False,0.003257328990228013,0.23452768729641693,0.28125
20230,0,CF1,L3,0.3,zero_fill,1,1,0.3799174726009369,1,False,0.003257328990228013,0.22149837133550487,0.265625
23434,0,CF1,L3,0.3,zero_fill,5,5,0.43776431679725647,1,False,0.013029315960912053,0.254071661237785,0.3046875
20522,0,CF1,L3,0.3,zero_fill,6,3,0.2745642066001892,0,False,0.009771986970684038,0.2280130293159609,0.2734375
7789,0,CF1,L3,0.3,zero_fill,3,1,0.23883892595767975,0,False,0.009771986970684038,0.2247557003257329,0.26953125
22086,0,CF1,L3,0.3,zero_fill,6,0,0.16463331878185272,0,False,0.006514657980456026,0.2736156351791531,0.328125
21339,0,CF1,L3,0.3,zero_fill,0,9,0.19458791613578796,0,False,0.009771986970684038,0.247557003257329,0.296875
6830,0,CF1,L3,0.3,zero_fill,9,9,0.2770066261291504,1,False,0.009771986970684038,0.247557003257329,0.296875
20902,0,CF1,L3,0.3,zero_fill,2,2,0.35343390703201294,1,False,0.026058631921824105,0.2931596091205212,0.3515625
17481,0,CF1,L3,0.3,zero_fill,5,5,0.26002541184425354,1,False,0.006514657980456026,0.26384364820846906,0.31640625
3050,0,CF1,L3,0.3,zero_fill,6,5,0.23534941673278809,0,False,0.009771986970684038,0.23452768729641693,0.28125
409,0,CF1,L3,0.3,zero_fill,1,3,0.21475118398666382,0,False,0.009771986970684038,0.247557003257329,0.296875
14823,0,CF1,L3,0.3,zero_fill,7,3,0.16423892974853516,0,False,0.013029315960912053,0.2280130293159609,0.2734375
22892,0,CF1,L3,0.3,zero_fill,9,6,0.1642775982618332,0,False,0.0,0.23127035830618892,0.27734375
9470,0,CF1,L3,0.3,zero_fill,8,5,0.3334030210971832,0,False,0.009771986970684038,0.26058631921824105,0.3125
9543,0,CF1,L3,0.3,zero_fill,6,6,0.19956153631210327,1,False,0.003257328990228013,0.26384364820846906,0.31640625
22090,0,CF1,L3,0.3,zero_fill,5,5,0.22971495985984802,1,False,0.02280130293159609,0.23452768729641693,0.28125
6045,0,CF1,L3,0.3,zero_fill,6,5,0.21216949820518494,0,False,0.006514657980456026,0.2247557003257329,0.26953125
317,0,CF1,L3,0.3,zero_fill,8,0,0.20921890437602997,0,False,0.013029315960912053,0.25732899022801303,0.30859375
15812,0,CF1,L3,0.3,zero_fill,0,5,0.17597772181034088,0,False,0.006514657980456026,0.2247557003257329,0.26953125
18170,0,CF1,L3,0.3,zero_fill,9,5,0.33134791254997253,0,False,0.02280130293159609,0.28664495114006516,0.34375
14781,0,CF1,L3,0.3,zero_fill,0,9,0.13941563665866852,0,False,0.013029315960912053,0.250814332247557,0.30078125
17886,0,CF1,L3,0.3,zero_fill,9,9,0.30099546909332275,1,False,0.006514657980456026,0.26058631921824105,0.3125
20049,0,CF1,L3,0.3,zero_fill,3,3,0.36821210384368896,1,False,0.009771986970684038,0.254071661237785,0.3046875
13283,0,CF1,L3,0.3,zero_fill,0,6,0.39257362484931946,0,False,0.013029315960912053,0.26384364820846906,0.31640625
25830,0,CF1,L3,0.3,zero_fill,5,5,0.6381330490112305,1,False,0.0,0.247557003257329,0.296875
14277,0,CF1,L3,0.3,zero_fill,9,3,0.24668803811073303,0,False,0.02280130293159609,0.26384364820846906,0.31640625
5908,0,CF1,L3,0.3,zero_fill,1,3,0.40949490666389465,0,False,0.013029315960912053,0.2247557003257329,0.26953125
9731,0,CF1,L3,0.3,zero_fill,8,3,0.27606868743896484,0,False,0.003257328990228013,0.25732899022801303,0.30859375
14180,0,CF1,L3,0.3,zero_fill,9,6,0.1685388833284378,0,False,0.003257328990228013,0.24429967426710097,0.29296875
9246,0,CF1,L3,0.3,zero_fill,2,0,0.19834376871585846,0,False,0.016286644951140065,0.20846905537459284,0.25
1656,0,CF1,L3,0.3,zero_fill,2,3,0.502683699131012,0,False,0.019543973941368076,0.23778501628664495,0.28515625
17712,0,CF1,L3,0.3,zero_fill,1,3,0.25009259581565857,0,False,0.013029315960912053,0.28013029315960913,0.3359375
25544,0,CF1,L3,0.3,zero_fill,9,6,0.17853708565235138,0,False,0.003257328990228013,0.22149837133550487,0.265625
1120,0,CF1,L3,0.3,zero_fill,5,5,0.390318363904953,1,False,0.006514657980456026,0.23778501628664495,0.28515625
1298,0,CF1,L3,0.3,zero_fill,6,6,0.23369015753269196,1,False,0.009771986970684038,0.23452768729641693,0.28125
25570,0,CF1,L3,0.3,zero_fill,2,4,0.37100425362586975,0,False,0.003257328990228013,0.2182410423452769,0.26171875
5370,0,CF1,L3,0.3,zero_fill,7,5,0.25077152252197266,0,False,0.009771986970684038,0.247557003257329,0.296875
19075,0,CF1,L3,0.3,zero_fill,2,0,0.20910221338272095,0,False,0.006514657980456026,0.2280130293159609,0.2734375
8583,0,CF1,L3,0.3,zero_fill,0,5,0.19335073232650757,0,False,0.003257328990228013,0.2671009771986971,0.3203125
2133,0,CF1,L3,0.3,zero_fill,0,8,0.192056804895401,0,False,0.016286644951140065,0.23127035830618892,0.27734375
1982,0,CF1,L3,0.3,zero_fill,2,0,0.24936841428279877,0,False,0.009771986970684038,0.250814332247557,0.30078125
950,0,CF1,L3,0.3,zero_fill,8,2,0.17058353126049042,0,False,0.009771986970684038,0.26384364820846906,0.31640625
19563,0,CF1,L3,0.3,zero_fill,4,4,0.27815768122673035,1,False,0.003257328990228013,0.2703583061889251,0.32421875
21023,0,CF1,L3,0.3,zero_fill,6,6,0.32992103695869446,1,False,0.019543973941368076,0.21498371335504887,0.2578125
15687,0,CF1,L3,0.3,zero_fill,0,1,0.2033402919769287,0,False,0.0,0.2768729641693811,0.33203125
6444,0,CF1,L3,0.3,zero_fill,6,6,0.19897189736366272,1,False,0.003257328990228013,0.2280130293159609,0.2734375
15735,0,CF1,L3,0.3,zero_fill,4,0,0.31664082407951355,0,False,0.016286644951140065,0.24429967426710097,0.29296875
10651,0,CF1,L3,0.3,zero_fill,0,5,0.4040352702140808,0,False,0.003257328990228013,0.24429967426710097,0.29296875
13256,0,CF1,L3,0.3,zero_fill,1,3,0.19433820247650146,0,False,0.009771986970684038,0.25732899022801303,0.30859375
16855,0,CF1,L3,0.3,zero_fill,6,2,0.13084760308265686,0,False,0.009771986970684038,0.254071661237785,0.3046875
14884,0,CF1,L3,0.3,zero_fill,9,6,0.24863223731517792,0,False,0.009771986970684038,0.2671009771986971,0.3203125
21884,0,CF1,L3,0.3,zero_fill,6,5,0.35930490493774414,0,False,0.006514657980456026,0.2247557003257329,0.26953125
5078,0,CF1,L3,0.3,zero_fill,3,5,0.40064775943756104,0,False,0.013029315960912053,0.254071661237785,0.3046875
20419,0,CF1,L3,0.3,zero_fill,9,9,0.29529428482055664,1,False,0.009771986970684038,0.250814332247557,0.30078125
20521,0,CF1,L3,0.3,zero_fill,5,5,0.5567580461502075,1,False,0.006514657980456026,0.23778501628664495,0.28515625
23257,0,CF1,L3,0.3,zero_fill,5,2,0.20676249265670776,0,False,0.009771986970684038,0.31921824104234525,0.3828125
17190,0,CF1,L3,0.3,zero_fill,2,5,0.20202431082725525,0,False,0.006514657980456026,0.2703583061889251,0.32421875
15631,0,CF1,L3,0.3,zero_fill,8,2,0.22458632290363312,0,False,0.003257328990228013,0.2247557003257329,0.26953125
504,0,CF1,L3,0.3,zero_fill,0,6,0.20174597203731537,0,False,0.013029315960912053,0.2247557003257329,0.26953125
14990,0,CF1,L3,0.3,zero_fill,3,5,0.3211231231689453,0,False,0.016286644951140065,0.23452768729641693,0.28125
24512,0,CF1,L3,0.3,zero_fill,8,6,0.23165862262248993,0,False,0.009771986970684038,0.250814332247557,0.30078125
23120,0,CF1,L3,0.3,zero_fill,7,2,0.26239049434661865,0,False,0.006514657980456026,0.2182410423452769,0.26171875
3357,0,CF1,L3,0.3,zero_fill,2,2,0.35177114605903625,1,False,0.016286644951140065,0.22149837133550487,0.265625
8088,0,CF1,L3,0.3,zero_fill,1,2,0.24508415162563324,0,False,0.016286644951140065,0.24104234527687296,0.2890625
21849,0,CF1,L3,0.3,zero_fill,9,3,0.21678288280963898,0,False,0.009771986970684038,0.2703583061889251,0.32421875
13683,0,CF1,L3,0.3,zero_fill,0,5,0.538939356803894,0,False,0.009771986970684038,0.23778501628664495,0.28515625
22718,0,CF1,L3,0.3,zero_fill,9,8,0.2898976802825928,0,False,0.013029315960912053,0.250814332247557,0.30078125
9927,0,CF1,L3,0.3,zero_fill,4,3,0.307609885931015,0,False,0.016286644951140065,0.24429967426710097,0.29296875
11425,0,CF1,L3,0.3,zero_fill,0,2,0.2753768861293793,0,False,0.026058631921824105,0.247557003257329,0.296875
14578,0,CF1,L3,0.3,zero_fill,0,3,0.19878056645393372,0,False,0.019543973941368076,0.2182410423452769,0.26171875
25481,0,CF1,L3,0.3,zero_fill,8,3,0.4134293496608734,0,False,0.009771986970684038,0.250814332247557,0.30078125
11269,0,CF1,L3,0.3,zero_fill,5,6,0.2052975445985794,0,False,0.009771986970684038,0.24429967426710097,0.29296875
12877,0,CF1,L3,0.3,zero_fill,5,5,0.3333244323730469,1,False,0.006514657980456026,0.25732899022801303,0.30859375
22531,0,CF1,L3,0.3,zero_fill,9,1,0.24961863458156586,0,False,0.016286644951140065,0.23778501628664495,0.28515625
13150,0,CF1,L3,0.3,zero_fill,3,0,0.197153240442276,0,False,0.006514657980456026,0.25732899022801303,0.30859375
5654,0,CF1,L3,0.3,zero_fill,8,8,0.3838835060596466,1,False,0.016286644951140065,0.26384364820846906,0.31640625
1286,0,CF1,L3,0.3,zero_fill,7,9,0.22918063402175903,0,False,0.009771986970684038,0.2703583061889251,0.32421875
1652,0,CF1,L3,0.3,zero_fill,1,2,0.2684868276119232,0,False,0.016286644951140065,0.250814332247557,0.30078125
22335,0,CF1,L3,0.3,zero_fill,2,3,0.3617274761199951,0,False,0.016286644951140065,0.2703583061889251,0.32421875
23848,0,CF1,L3,0.3,zero_fill,3,3,0.6193802356719971,1,False,0.029315960912052116,0.2247557003257329,0.26953125
2892,0,CF1,L3,0.3,zero_fill,6,1,0.2759820520877838,0,False,0.006514657980456026,0.2671009771986971,0.3203125
16530,0,CF1,L3,0.3,zero_fill,8,8,0.4395168423652649,1,False,0.009771986970684038,0.26384364820846906,0.31640625
12848,0,CF1,L3,0.3,zero_fill,8,5,0.26825150847435,0,False,0.016286644951140065,0.28664495114006516,0.34375
7330,0,CF1,L3,0.3,zero_fill,7,7,0.39252737164497375,1,False,0.003257328990228013,0.250814332247557,0.30078125
3676,0,CF1,L3,0.3,zero_fill,1,5,0.36102837324142456,0,False,0.013029315960912053,0.23778501628664495,0.28515625
19966,0,CF1,L3,0.3,zero_fill,8,3,0.19542764127254486,0,False,0.016286644951140065,0.22149837133550487,0.265625
8382,0,CF1,L3,0.3,zero_fill,5,6,0.37140583992004395,0,False,0.009771986970684038,0.250814332247557,0.30078125
19660,0,CF1,L3,0.3,zero_fill,7,0,0.31641680002212524,0,False,0.0,0.2182410423452769,0.26171875
2508,0,CF1,L3,0.3,zero_fill,9,2,0.18233464658260345,0,False,0.013029315960912053,0.22149837133550487,0.265625
2360,0,CF1,L3,0.3,zero_fill,4,3,0.3160092532634735,0,False,0.009771986970684038,0.2280130293159609,0.2734375
16796,0,CF1,L3,0.3,zero_fill,1,5,0.4105203151702881,0,False,0.013029315960912053,0.26058631921824105,0.3125
23426,0,CF1,L3,0.3,zero_fill,9,3,0.2598123252391815,0,False,0.009771986970684038,0.20846905537459284,0.25
15590,0,CF1,L3,0.3,zero_fill,2,3,0.27712640166282654,0,False,0.016286644951140065,0.254071661237785,0.3046875
6302,0,CF1,L3,0.3,zero_fill,3,5,0.3165760636329651,0,False,0.019543973941368076,0.28664495114006516,0.34375
24519,0,CF1,L3,0.3,zero_fill,7,0,0.19670623540878296,0,False,0.013029315960912053,0.23127035830618892,0.27734375
23276,0,CF1,L3,0.3,zero_fill,2,9,0.16637329757213593,0,False,0.009771986970684038,0.2703583061889251,0.32421875
24566,0,CF1,L3,0.3,zero_fill,8,3,0.3037891983985901,0,False,0.013029315960912053,0.18892508143322476,0.2265625
20978,0,CF1,L3,0.3,zero_fill,1,1,0.2434042990207672,1,False,0.003257328990228013,0.26058631921824105,0.3125
8990,0,CF1,L3,0.3,zero_fill,3,3,0.2771304249763489,1,False,0.013029315960912053,0.254071661237785,0.3046875
11061,0,CF1,L3,0.3,zero_fill,7,3,0.35627666115760803,0,False,0.0,0.2182410423452769,0.26171875
7075,0,CF1,L3,0.3,zero_fill,9,5,0.2581995725631714,0,False,0.013029315960912053,0.2280130293159609,0.2734375
17641,0,CF1,L3,0.3,zero_fill,2,2,0.5605209469795227,1,False,0.016286644951140065,0.20846905537459284,0.25
12077,0,CF1,L3,0.3,zero_fill,9,2,0.34601500630378723,0,False,0.009771986970684038,0.21172638436482086,0.25390625
1779,0,CF1,L3,0.3,zero_fill,7,7,0.41619428992271423,1,False,0.026058631921824105,0.254071661237785,0.3046875
11519,0,CF1,L3,0.3,zero_fill,4,9,0.2144681066274643,0,False,0.019543973941368076,0.250814332247557,0.30078125
8549,0,CF1,L3,0.3,zero_fill,3,4,0.24253669381141663,0,False,0.003257328990228013,0.21172638436482086,0.25390625
14623,0,CF1,L3,0.3,zero_fill,6,4,0.28040599822998047,0,False,0.02280130293159609,0.250814332247557,0.30078125
10846,0,CF1,L3,0.3,zero_fill,3,2,0.27968478202819824,0,False,0.006514657980456026,0.25732899022801303,0.30859375
16289,0,CF1,L3,0.3,zero_fill,3,3,0.3132827579975128,1,False,0.006514657980456026,0.26058631921824105,0.3125
12311,0,CF1,L3,0.3,zero_fill,8,5,0.3093906044960022,0,False,0.013029315960912053,0.2671009771986971,0.3203125
6068,0,CF1,L3,0.3,zero_fill,8,2,0.2818135619163513,0,False,0.003257328990228013,0.25732899022801303,0.30859375
9629,0,CF1,L3,0.3,zero_fill,6,3,0.20139414072036743,0,False,0.019543973941368076,0.23127035830618892,0.27734375
19560,0,CF1,L3,0.3,zero_fill,3,5,0.2701523005962372,0,False,0.003257328990228013,0.250814332247557,0.30078125
10379,0,CF1,L3,0.3,zero_fill,8,5,0.2098618447780609,0,False,0.0,0.2703583061889251,0.32421875
6499,0,CF1,L3,0.3,zero_fill,9,6,0.17431582510471344,0,False,0.016286644951140065,0.24104234527687296,0.2890625
1159,0,CF1,L3,0.3,zero_fill,0,4,0.2718334496021271,0,False,0.02280130293159609,0.2247557003257329,0.26953125
4366,0,CF1,L3,0.3,zero_fill,7,9,0.19678935408592224,0,False,0.016286644951140065,0.28664495114006516,0.34375
8397,0,CF1,L3,0.3,zero_fill,1,3,0.23769237101078033,0,False,0.02280130293159609,0.25732899022801303,0.30859375
20905,0,CF1,L3,0.3,zero_fill,9,2,0.35364729166030884,0,False,0.009771986970684038,0.28664495114006516,0.34375
15746,0,CF1,L3,0.3,zero_fill,5,5,0.27740278840065,1,False,0.003257328990228013,0.254071661237785,0.3046875
9402,0,CF1,L3,0.3,zero_fill,3,5,0.2847287356853485,0,False,0.006514657980456026,0.2736156351791531,0.328125
8164,0,CF1,L3,0.3,zero_fill,2,3,0.17010533809661865,0,False,0.016286644951140065,0.2671009771986971,0.3203125
510,0,CF1,L3,0.3,zero_fill,5,5,0.1689254343509674,1,False,0.009771986970684038,0.24429967426710097,0.29296875
24070,0,CF1,L3,0.3,zero_fill,9,3,0.24811695516109467,0,False,0.013029315960912053,0.30293159609120524,0.36328125
2401,0,CF1,L3,0.3,zero_fill,4,3,0.18107427656650543,0,False,0.013029315960912053,0.254071661237785,0.3046875
12147,0,CF1,L3,0.3,zero_fill,3,2,0.18149596452713013,0,False,0.013029315960912053,0.23127035830618892,0.27734375
14499,0,CF1,L3,0.3,zero_fill,6,4,0.27112823724746704,0,False,0.003257328990228013,0.2671009771986971,0.3203125
3530,0,CF1,L3,0.3,zero_fill,6,0,0.20559103786945343,0,False,0.026058631921824105,0.28013029315960913,0.3359375
14723,0,CF1,L3,0.3,zero_fill,7,0,0.1879582703113556,0,False,0.003257328990228013,0.25732899022801303,0.30859375
4435,0,CF1,L3,0.3,zero_fill,3,1,0.2043721228837967,0,False,0.009771986970684038,0.23778501628664495,0.28515625
22852,0,CF1,L3,0.3,zero_fill,2,9,0.16816657781600952,0,False,0.003257328990228013,0.23452768729641693,0.28125
8461,0,CF1,L3,0.3,zero_fill,3,3,0.3694213330745697,1,False,0.009771986970684038,0.26058631921824105,0.3125
21972,0,CF1,L3,0.3,zero_fill,7,7,0.19213733077049255,1,False,0.026058631921824105,0.28338762214983715,0.33984375
5410,0,CF1,L3,0.3,zero_fill,4,9,0.21886326372623444,0,False,0.009771986970684038,0.26384364820846906,0.31640625
17754,0,CF1,L3,0.3,zero_fill,6,2,0.20333978533744812,0,False,0.0,0.23452768729641693,0.28125
15311,0,CF1,L3,0.3,zero_fill,2,2,0.37688952684402466,1,False,0.016286644951140065,0.22149837133550487,0.265625
15185,0,CF1,L3,0.3,zero_fill,1,3,0.2595072388648987,0,False,0.006514657980456026,0.254071661237785,0.3046875
5663,0,CF1,L3,0.3,zero_fill,4,4,0.14497482776641846,1,False,0.016286644951140065,0.28013029315960913,0.3359375
6247,0,CF1,L3,0.3,zero_fill,6,5,0.35556796193122864,0,False,0.003257328990228013,0.24429967426710097,0.29296875
15287,0,CF1,L3,0.3,zero_fill,0,6,0.1977575123310089,0,False,0.0,0.250814332247557,0.30078125
19902,0,CF1,L3,0.3,zero_fill,0,3,0.18622836470603943,0,False,0.013029315960912053,0.2736156351791531,0.328125
25188,0,CF1,L3,0.3,zero_fill,4,3,0.32381680607795715,0,False,0.003257328990228013,0.24104234527687296,0.2890625
11195,0,CF1,L3,0.3,zero_fill,8,8,0.22892528772354126,1,False,0.006514657980456026,0.25732899022801303,0.30859375
4828,0,CF1,L3,0.3,zero_fill,7,2,0.18611599504947662,0,False,0.009771986970684038,0.23778501628664495,0.28515625
23751,0,CF1,L3,0.3,zero_fill,5,5,0.2054271101951599,1,False,0.013029315960912053,0.24104234527687296,0.2890625
9464,0,CF1,L3,0.3,zero_fill,3,9,0.22132021188735962,0,False,0.006514657980456026,0.247557003257329,0.296875
25723,0,CF1,L3,0.3,zero_fill,0,8,0.1605348289012909,0,False,0.013029315960912053,0.254071661237785,0.3046875
16859,0,CF1,L3,0.3,zero_fill,5,5,0.2648971676826477,1,False,0.006514657980456026,0.26384364820846906,0.31640625
3601,0,CF1,L3,0.3,zero_fill,1,3,0.2656896412372589,0,False,0.013029315960912053,0.25732899022801303,0.30859375
11679,0,CF1,L3,0.3,zero_fill,6,6,0.3030506372451782,1,False,0.006514657980456026,0.2671009771986971,0.3203125
12135,0,CF1,L3,0.3,zero_fill,7,5,0.2991064786911011,0,False,0.016286644951140065,0.20846905537459284,0.25
16329,0,CF1,L3,0.3,zero_fill,1,8,0.26493772864341736,0,False,0.003257328990228013,0.23452768729641693,0.28125
94,0,CF1,L3,0.3,zero_fill,4,0,0.1808910220861435,0,False,0.009771986970684038,0.26384364820846906,0.31640625
14517,0,CF1,L3,0.3,zero_fill,9,8,0.17960762977600098,0,False,0.003257328990228013,0.2703583061889251,0.32421875
16852,0,CF1,L3,0.3,zero_fill,3,5,0.34414613246917725,0,False,0.013029315960912053,0.2736156351791531,0.328125
6852,0,CF1,L3,0.3,zero_fill,6,5,0.17400164902210236,0,False,0.016286644951140065,0.2182410423452769,0.26171875
24858,0,CF1,L3,0.3,zero_fill,3,3,0.5093232989311218,1,False,0.013029315960912053,0.23127035830618892,0.27734375
297,0,CF1,L3,0.3,zero_fill,9,0,0.22173979878425598,0,False,0.009771986970684038,0.250814332247557,0.30078125
12339,0,CF1,L3,0.3,zero_fill,2,3,0.15661731362342834,0,False,0.006514657980456026,0.23778501628664495,0.28515625
20811,0,CF1,L3,0.3,zero_fill,8,3,0.20702946186065674,0,False,0.006514657980456026,0.2768729641693811,0.33203125
12439,0,CF1,L3,0.3,zero_fill,5,5,0.5731301307678223,1,False,0.009771986970684038,0.22149837133550487,0.265625
16632,0,CF1,L3,0.3,zero_fill,9,8,0.15828095376491547,0,False,0.013029315960912053,0.2280130293159609,0.2734375
5798,0,CF1,L3,0.3,zero_fill,4,6,0.3287629783153534,0,False,0.019543973941368076,0.24104234527687296,0.2890625
18458,0,CF1,L3,0.3,zero_fill,3,3,0.7836931943893433,1,False,0.009771986970684038,0.23127035830618892,0.27734375
6105,0,CF1,L3,0.3,zero_fill,5,5,0.43406084179878235,1,False,0.019543973941368076,0.28664495114006516,0.34375
10321,0,CF1,L3,0.3,zero_fill,6,8,0.1883416622877121,0,False,0.009771986970684038,0.26058631921824105,0.3125
21771,0,CF1,L3,0.3,zero_fill,7,3,0.17139047384262085,0,False,0.006514657980456026,0.247557003257329,0.296875
22194,0,CF1,L3,0.3,zero_fill,0,0,0.21935071051120758,1,False,0.009771986970684038,0.2964169381107492,0.35546875
6,0,CF1,L3,0.3,zero_fill,9,5,0.15833835303783417,0,False,0.013029315960912053,0.28013029315960913,0.3359375
912,0,CF1,L3,0.3,zero_fill,7,3,0.21038851141929626,0,False,0.006514657980456026,0.23127035830618892,0.27734375
16910,0,CF1,L3,0.3,zero_fill,5,5,0.23013101518154144,1,False,0.016286644951140065,0.19218241042345277,0.23046875
18738,0,CF1,L3,0.3,zero_fill,7,5,0.41390788555145264,0,False,0.016286644951140065,0.26058631921824105,0.3125
18020,0,CF1,L3,0.3,zero_fill,9,3,0.2340318113565445,0,False,0.02280130293159609,0.24429967426710097,0.29296875
3462,0,CF1,L3,0.3,zero_fill,8,6,0.26794683933258057,0,False,0.006514657980456026,0.24429967426710097,0.29296875
5696,0,CF1,L3,0.3,zero_fill,1,5,0.1313566267490387,0,False,0.009771986970684038,0.2996742671009772,0.359375
15066,0,CF1,L3,0.3,zero_fill,3,3,0.7383653521537781,1,False,0.019543973941368076,0.23778501628664495,0.28515625
10653,0,CF1,L3,0.3,zero_fill,9,5,0.1874183714389801,0,False,0.016286644951140065,0.26384364820846906,0.31640625
13337,0,CF1,L3,0.3,zero_fill,2,3,0.3385431468486786,0,False,0.006514657980456026,0.2671009771986971,0.3203125
12340,0,CF1,L3,0.3,zero_fill,5,1,0.3223929703235626,0,False,0.006514657980456026,0.254071661237785,0.3046875
9536,0,CF1,L3,0.3,zero_fill,0,0,0.24625813961029053,1,False,0.006514657980456026,0.24429967426710097,0.29296875
3566,0,CF1,L3,0.3,zero_fill,4,5,0.3577911853790283,0,False,0.003257328990228013,0.23127035830618892,0.27734375
20090,0,CF1,L3,0.3,zero_fill,4,3,0.2674536108970642,0,False,0.0,0.2280130293159609,0.2734375
211,0,CF1,L3,0.3,zero_fill,0,3,0.27858859300613403,0,False,0.016286644951140065,0.2280130293159609,0.2734375
55,0,CF1,L3,0.3,zero_fill,8,6,0.2527754604816437,0,False,0.006514657980456026,0.23778501628664495,0.28515625
1477,0,CF1,L3,0.3,zero_fill,2,6,0.31189799308776855,0,False,0.006514657980456026,0.2703583061889251,0.32421875
25898,0,CF1,L3,0.3,zero_fill,0,6,0.2870771288871765,0,False,0.0,0.250814332247557,0.30078125
25713,0,CF1,L3,0.3,zero_fill,0,5,0.19537098705768585,0,False,0.013029315960912053,0.26058631921824105,0.3125
18055,0,CF1,L3,0.3,zero_fill,3,3,0.19345301389694214,1,False,0.013029315960912053,0.23452768729641693,0.28125
17461,0,CF1,L3,0.3,zero_fill,3,3,0.30079108476638794,1,False,0.02280130293159609,0.2964169381107492,0.35546875
14237,0,CF1,L3,0.3,zero_fill,7,2,0.17096634209156036,0,False,0.009771986970684038,0.2768729641693811,0.33203125
13858,0,CF1,L3,0.3,zero_fill,1,6,0.15457908809185028,0,False,0.006514657980456026,0.23127035830618892,0.27734375
12386,0,CF1,L3,0.3,zero_fill,5,3,0.35750049352645874,0,False,0.013029315960912053,0.2736156351791531,0.328125
7223,0,CF1,L3,0.3,zero_fill,9,5,0.3130457103252411,0,False,0.019543973941368076,0.25732899022801303,0.30859375
3153,0,CF1,L3,0.3,zero_fill,5,7,0.14691124856472015,0,False,0.009771986970684038,0.2768729641693811,0.33203125
23265,0,CF1,L3,0.3,zero_fill,8,5,0.3879825174808502,0,False,0.009771986970684038,0.22149837133550487,0.265625
9465,0,CF1,L3,0.3,zero_fill,0,0,0.3485861122608185,1,False,0.016286644951140065,0.23452768729641693,0.28125
7419,0,CF1,L3,0.3,zero_fill,0,0,0.25558528304100037,1,False,0.006514657980456026,0.250814332247557,0.30078125
4722,0,CF1,L3,0.3,zero_fill,6,5,0.22070252895355225,0,False,0.019543973941368076,0.247557003257329,0.296875
23448,0,CF1,L3,0.3,zero_fill,6,6,0.16729414463043213,1,False,0.003257328990228013,0.28013029315960913,0.3359375
8222,0,CF1,L3,0.3,zero_fill,2,3,0.2809372842311859,0,False,0.0,0.24104234527687296,0.2890625
20898,0,CF1,L3,0.3,zero_fill,8,3,0.3374922573566437,0,False,0.009771986970684038,0.24429967426710097,0.29296875
23313,0,CF1,L3,0.3,zero_fill,2,0,0.18209710717201233,0,False,0.013029315960912053,0.20521172638436483,0.24609375
13426,0,CF1,L3,0.3,zero_fill,2,2,0.35387662053108215,1,False,0.013029315960912053,0.26058631921824105,0.3125
25136,0,CF1,L3,0.3,zero_fill,4,2,0.15081338584423065,0,False,0.009771986970684038,0.20846905537459284,0.25
9268,0,CF1,L3,0.3,zero_fill,4,4,0.49884697794914246,1,False,0.009771986970684038,0.26058631921824105,0.3125
3892,0,CF1,L3,0.3,zero_fill,1,3,0.3632410168647766,0,False,0.013029315960912053,0.20846905537459284,0.25
4115,0,CF1,L3,0.3,zero_fill,3,6,0.3222667872905731,0,False,0.006514657980456026,0.247557003257329,0.296875
5166,0,CF1,L3,0.3,zero_fill,7,5,0.2687632143497467,0,False,0.006514657980456026,0.2671009771986971,0.3203125
14984,0,CF1,L3,0.3,zero_fill,3,9,0.2951192259788513,0,False,0.006514657980456026,0.2736156351791531,0.328125
10520,0,CF1,L3,0.3,zero_fill,1,3,0.579230010509491,0,False,0.006514657980456026,0.2280130293159609,0.2734375
4379,0,CF1,L3,0.3,zero_fill,2,1,0.16548335552215576,0,False,0.016286644951140065,0.24429967426710097,0.29296875
8937,0,CF1,L3,0.3,zero_fill,1,2,0.1827515959739685,0,False,0.009771986970684038,0.25732899022801303,0.30859375
17550,0,CF1,L3,0.3,zero_fill,9,9,0.35003235936164856,1,False,0.0,0.2736156351791531,0.328125
19085,0,CF1,L3,0.3,zero_fill,9,5,0.21465381979942322,0,False,0.0,0.23452768729641693,0.28125
17902,0,CF1,L3,0.3,zero_fill,6,2,0.148264542222023,0,False,0.003257328990228013,0.254071661237785,0.3046875
14780,0,CF1,L3,0.3,zero_fill,8,5,0.1438162475824356,0,False,0.009771986970684038,0.24429967426710097,0.29296875
8401,0,CF1,L3,0.3,zero_fill,0,3,0.225999116897583,0,False,0.009771986970684038,0.254071661237785,0.3046875
11230,0,CF1,L3,0.3,zero_fill,2,3,0.3871111571788788,0,False,0.003257328990228013,0.254071661237785,0.3046875
1772,0,CF1,L3,0.3,zero_fill,3,3,0.4149074852466583,1,False,0.006514657980456026,0.250814332247557,0.30078125
13326,0,CF1,L3,0.3,zero_fill,4,1,0.20619399845600128,0,False,0.006514657980456026,0.2280130293159609,0.2734375
15230,0,CF1,L3,0.3,zero_fill,5,9,0.1419340819120407,0,False,0.003257328990228013,0.2931596091205212,0.3515625
20557,0,CF1,L3,0.3,zero_fill,0,6,0.22291594743728638,0,False,0.006514657980456026,0.28338762214983715,0.33984375
9555,0,CF1,L3,0.3,zero_fill,1,3,0.4184008836746216,0,False,0.006514657980456026,0.25732899022801303,0.30859375
3667,0,CF1,L3,0.3,zero_fill,6,6,0.17035803198814392,1,False,0.003257328990228013,0.247557003257329,0.296875
5316,0,CF1,L3,0.3,zero_fill,5,5,0.3757734000682831,1,False,0.0,0.21172638436482086,0.25390625
3606,0,CF1,L3,0.3,zero_fill,5,2,0.26083382964134216,0,False,0.003257328990228013,0.28664495114006516,0.34375
25776,0,CF1,L3,0.3,zero_fill,6,4,0.1808847337961197,0,False,0.013029315960912053,0.247557003257329,0.296875
22231,0,CF1,L3,0.3,zero_fill,1,1,0.3254646360874176,1,False,0.003257328990228013,0.28013029315960913,0.3359375
10855,0,CF1,L3,0.3,zero_fill,7,1,0.1648305356502533,0,False,0.013029315960912053,0.20846905537459284,0.25
130,0,CF1,L3,0.3,zero_fill,6,5,0.511296808719635,0,False,0.009771986970684038,0.22149837133550487,0.265625
434,0,CF1,L3,0.3,zero_fill,8,3,0.3619630038738251,0,False,0.013029315960912053,0.2182410423452769,0.26171875
5308,0,CF1,L3,0.3,zero_fill,5,3,0.3349006175994873,0,False,0.013029315960912053,0.2736156351791531,0.328125
17682,0,CF1,L3,0.3,zero_fill,4,3,0.21384359896183014,0,False,0.006514657980456026,0.26058631921824105,0.3125
16682,0,CF1,L3,0.3,zero_fill,8,3,0.16808199882507324,0,False,0.02280130293159609,0.2182410423452769,0.26171875
12660,0,CF1,L3,0.3,zero_fill,5,3,0.3275913596153259,0,False,0.006514657980456026,0.2703583061889251,0.32421875
21362,0,CF1,L3,0.3,zero_fill,5,5,0.2234468311071396,1,False,0.003257328990228013,0.24429967426710097,0.29296875
15483,0,CF1,L3,0.3,zero_fill,4,4,0.1644856333732605,1,False,0.006514657980456026,0.26384364820846906,0.31640625
5289,0,CF1,L3,0.3,zero_fill,5,2,0.21034127473831177,0,False,0.009771986970684038,0.24429967426710097,0.29296875
19757,0,CF1,L3,0.3,zero_fill,1,1,0.27412188053131104,1,False,0.006514657980456026,0.23127035830618892,0.27734375
6799,0,CF1,L3,0.3,zero_fill,2,2,0.2238427847623825,1,False,0.016286644951140065,0.24429967426710097,0.29296875
18871,0,CF1,L3,0.3,zero_fill,2,5,0.26034682989120483,0,False,0.009771986970684038,0.25732899022801303,0.30859375
4740,0,CF1,L3,0.3,zero_fill,3,0,0.2049575001001358,0,False,0.026058631921824105,0.2671009771986971,0.3203125
14926,0,CF1,L3,0.3,zero_fill,5,6,0.45202118158340454,0,False,0.003257328990228013,0.2182410423452769,0.26171875
3549,0,CF1,L3,0.3,zero_fill,4,3,0.738254189491272,0,False,0.019543973941368076,0.2736156351791531,0.328125
13336,0,CF1,L3,0.3,zero_fill,9,8,0.1318553388118744,0,False,0.003257328990228013,0.23778501628664495,0.28515625
8302,0,CF1,L3,0.3,zero_fill,3,6,0.26815128326416016,0,False,0.019543973941368076,0.25732899022801303,0.30859375
19884,0,CF1,L3,0.3,zero_fill,8,8,0.23708899319171906,1,False,0.02280130293159609,0.26058631921824105,0.3125
6927,0,CF1,L3,0.3,zero_fill,1,9,0.2545463740825653,0,False,0.009771986970684038,0.25732899022801303,0.30859375
15277,0,CF1,L3,0.3,zero_fill,6,5,0.3127305209636688,0,False,0.013029315960912053,0.1986970684039088,0.23828125
20278,0,CF1,L3,0.3,zero_fill,3,0,0.20120376348495483,0,False,0.016286644951140065,0.250814332247557,0.30078125
654,0,CF1,L3,0.3,zero_fill,8,0,0.3243602514266968,0,False,0.003257328990228013,0.254071661237785,0.3046875
19020,0,CF1,L3,0.3,zero_fill,0,7,0.22621285915374756,0,False,0.009771986970684038,0.247557003257329,0.296875
25403,0,CF1,L3,0.3,zero_fill,3,8,0.34938687086105347,0,False,0.003257328990228013,0.2671009771986971,0.3203125
1745,0,CF1,L3,0.3,zero_fill,8,2,0.23968243598937988,0,False,0.013029315960912053,0.247557003257329,0.296875
10726,0,CF1,L3,0.3,zero_fill,4,5,0.3341723382472992,0,False,0.016286644951140065,0.2899022801302932,0.34765625
23431,0,CF1,L3,0.3,zero_fill,4,9,0.2273530662059784,0,False,0.016286644951140065,0.28013029315960913,0.3359375
231,0,CF1,L3,0.3,zero_fill,5,5,0.7950287461280823,1,False,0.016286644951140065,0.2703583061889251,0.32421875
20678,0,CF1,L3,0.3,zero_fill,7,2,0.2622632086277008,0,False,0.016286644951140065,0.2768729641693811,0.33203125
15851,0,CF1,L3,0.3,zero_fill,1,5,0.33872899413108826,0,False,0.009771986970684038,0.254071661237785,0.3046875
24015,0,CF1,L3,0.3,zero_fill,0,3,0.49378708004951477,0,False,0.009771986970684038,0.254071661237785,0.3046875
1082,0,CF1,L3,0.3,zero_fill,6,5,0.14347128570079803,0,False,0.019543973941368076,0.2671009771986971,0.3203125
5573,0,CF1,L3,0.3,zero_fill,8,3,0.17765001952648163,0,False,0.019543973941368076,0.26384364820846906,0.31640625
11289,0,CF1,L3,0.3,zero_fill,1,7,0.22319544851779938,0,False,0.006514657980456026,0.2736156351791531,0.328125
1751,0,CF1,L3,0.3,zero_fill,0,8,0.2419566512107849,0,False,0.0,0.25732899022801303,0.30859375
4594,0,CF1,L3,0.3,zero_fill,6,5,0.47493141889572144,0,False,0.009771986970684038,0.2280130293159609,0.2734375
21127,0,CF1,L3,0.3,zero_fill,8,0,0.21962809562683105,0,False,0.009771986970684038,0.26058631921824105,0.3125
12370,0,CF1,L3,0.3,zero_fill,4,5,0.22423326969146729,0,False,0.006514657980456026,0.26058631921824105,0.3125
4125,0,CF1,L3,0.3,zero_fill,6,3,0.2101818472146988,0,False,0.003257328990228013,0.24429967426710097,0.29296875
11008,0,CF1,L3,0.3,zero_fill,1,5,0.18339857459068298,0,False,0.013029315960912053,0.250814332247557,0.30078125
23395,0,CF1,L3,0.3,zero_fill,7,3,0.25547581911087036,0,False,0.009771986970684038,0.23127035830618892,0.27734375
3080,0,CF1,L3,0.3,zero_fill,3,9,0.15911248326301575,0,False,0.0,0.26384364820846906,0.31640625
22400,0,CF1,L3,0.3,zero_fill,0,0,0.2320214956998825,1,False,0.026058631921824105,0.24429967426710097,0.29296875
22514,0,CF1,L3,0.3,zero_fill,1,4,0.257783979177475,0,False,0.006514657980456026,0.21172638436482086,0.25390625
15137,0,CF1,L3,0.3,zero_fill,0,0,0.2404700368642807,1,False,0.009771986970684038,0.25732899022801303,0.30859375
6681,0,CF1,L3,0.3,zero_fill,0,5,0.33260998129844666,0,False,0.016286644951140065,0.2703583061889251,0.32421875
5219,0,CF1,L3,0.3,zero_fill,5,5,0.2683882713317871,1,False,0.016286644951140065,0.25732899022801303,0.30859375
2355,0,CF1,L3,0.3,zero_fill,2,2,0.18912683427333832,1,False,0.019543973941368076,0.23452768729641693,0.28125
4674,0,CF1,L3,0.3,zero_fill,5,2,0.13960912823677063,0,False,0.006514657980456026,0.23452768729641693,0.28125
14575,0,CF1,L3,0.3,zero_fill,1,5,0.2727002799510956,0,False,0.009771986970684038,0.2899022801302932,0.34765625
6563,0,CF1,L3,0.3,zero_fill,5,5,0.21146072447299957,1,False,0.019543973941368076,0.21498371335504887,0.2578125
17492,0,CF1,L3,0.3,zero_fill,9,3,0.2940753102302551,0,False,0.006514657980456026,0.250814332247557,0.30078125
15770,0,CF1,L3,0.3,zero_fill,7,9,0.1814124882221222,0,False,0.003257328990228013,0.2182410423452769,0.26171875
20830,0,CF1,L3,0.3,zero_fill,1,4,0.29603081941604614,0,False,0.013029315960912053,0.24429967426710097,0.29296875
1777,0,CF1,L3,0.3,zero_fill,2,2,0.2050243616104126,1,False,0.009771986970684038,0.247557003257329,0.296875
21617,0,CF1,L3,0.3,zero_fill,7,7,0.6025499701499939,1,False,0.013029315960912053,0.26384364820846906,0.31640625
21293,0,CF1,L3,0.3,zero_fill,4,9,0.20985622704029083,0,False,0.006514657980456026,0.28013029315960913,0.3359375
14504,0,CF1,L3,0.3,zero_fill,0,3,0.2217043787240982,0,False,0.006514657980456026,0.28013029315960913,0.3359375
21236,0,CF1,L3,0.3,zero_fill,7,7,0.39038869738578796,1,False,0.0,0.247557003257329,0.296875
18558,0,CF1,L3,0.3,zero_fill,4,3,0.32597848773002625,0,False,0.016286644951140065,0.247557003257329,0.296875
22916,0,CF1,L3,0.3,zero_fill,8,3,0.2240046113729477,0,False,0.02280130293159609,0.20195439739413681,0.2421875
18760,0,CF1,L3,0.3,zero_fill,6,0,0.19988709688186646,0,False,0.013029315960912053,0.28338762214983715,0.33984375
17389,0,CF1,L3,0.3,zero_fill,8,3,0.21844427287578583,0,False,0.006514657980456026,0.2736156351791531,0.328125
13155,0,CF1,L3,0.3,zero_fill,8,1,0.1794639378786087,0,False,0.006514657980456026,0.2280130293159609,0.2734375
13999,0,CF1,L3,0.3,zero_fill,5,8,0.21554048359394073,0,False,0.003257328990228013,0.25732899022801303,0.30859375
10265,0,CF1,L3,0.3,zero_fill,8,6,0.2624415159225464,0,False,0.006514657980456026,0.254071661237785,0.3046875
17239,0,CF1,L3,0.3,zero_fill,2,2,0.27215468883514404,1,False,0.006514657980456026,0.254071661237785,0.3046875
6288,0,CF1,L3,0.3,zero_fill,3,5,0.18514162302017212,0,False,0.0,0.24104234527687296,0.2890625
11514,0,CF1,L3,0.3,zero_fill,6,7,0.17846563458442688,0,False,0.0,0.25732899022801303,0.30859375
23652,0,CF1,L3,0.3,zero_fill,1,3,0.3652196228504181,0,False,0.006514657980456026,0.28013029315960913,0.3359375
11939,0,CF1,L3,0.3,zero_fill,6,8,0.15381422638893127,0,False,0.016286644951140065,0.2247557003257329,0.26953125
2174,0,CF1,L3,0.3,zero_fill,7,9,0.19677989184856415,0,False,0.013029315960912053,0.24429967426710097,0.29296875
15441,0,CF1,L3,0.3,zero_fill,4,3,0.2328025996685028,0,False,0.006514657980456026,0.247557003257329,0.296875
12260,0,CF1,L3,0.3,zero_fill,1,5,0.3816096782684326,0,False,0.026058631921824105,0.24104234527687296,0.2890625
25046,0,CF1,L3,0.3,zero_fill,6,0,0.36947622895240784,0,False,0.006514657980456026,0.2736156351791531,0.328125
13958,0,CF1,L3,0.3,zero_fill,9,5,0.5044904947280884,0,False,0.019543973941368076,0.26384364820846906,0.31640625
20974,0,CF1,L3,0.3,zero_fill,8,6,0.16973981261253357,0,False,0.02280130293159609,0.21172638436482086,0.25390625
10626,0,CF1,L3,0.3,zero_fill,6,5,0.38203734159469604,0,False,0.009771986970684038,0.24429967426710097,0.29296875
22545,0,CF1,L3,0.3,zero_fill,5,3,0.36217448115348816,0,False,0.009771986970684038,0.28664495114006516,0.34375
20288,0,CF1,L3,0.3,zero_fill,5,3,0.20637410879135132,0,False,0.006514657980456026,0.250814332247557,0.30078125
13790,0,CF1,L3,0.3,zero_fill,7,0,0.25755175948143005,0,False,0.006514657980456026,0.24104234527687296,0.2890625
2817,0,CF1,L3,0.3,zero_fill,4,5,0.2545916438102722,0,False,0.006514657980456026,0.25732899022801303,0.30859375
8344,0,CF1,L3,0.3,zero_fill,4,4,0.1257365345954895,1,False,0.013029315960912053,0.2671009771986971,0.3203125
11708,0,CF1,L3,0.3,zero_fill,1,5,0.18496549129486084,0,False,0.02280130293159609,0.28338762214983715,0.33984375
2379,0,CF1,L3,0.3,zero_fill,1,5,0.2749667167663574,0,False,0.016286644951140065,0.2182410423452769,0.26171875
23602,0,CF1,L3,0.3,zero_fill,2,2,0.18708999454975128,1,False,0.013029315960912053,0.250814332247557,0.30078125
24357,0,CF1,L3,0.3,zero_fill,8,3,0.29542458057403564,0,False,0.013029315960912053,0.254071661237785,0.3046875
16783,0,CF1,L3,0.3,zero_fill,4,4,0.43654751777648926,1,False,0.016286644951140065,0.24429967426710097,0.29296875
11723,0,CF1,L3,0.3,zero_fill,9,2,0.2898240089416504,0,False,0.013029315960912053,0.24104234527687296,0.2890625
5140,0,CF1,L3,0.3,zero_fill,5,5,0.27291592955589294,1,False,0.0,0.2703583061889251,0.32421875
14563,0,CF1,L3,0.3,zero_fill,1,1,0.19082733988761902,1,False,0.009771986970684038,0.2736156351791531,0.328125
11905,0,CF1,L3,0.3,zero_fill,7,3,0.1915980875492096,0,False,0.003257328990228013,0.28013029315960913,0.3359375
4657,0,CF1,L3,0.3,zero_fill,5,3,0.20556752383708954,0,False,0.006514657980456026,0.26384364820846906,0.31640625
9888,0,CF1,L3,0.3,zero_fill,7,3,0.3716145157814026,0,False,0.013029315960912053,0.24104234527687296,0.2890625
22827,0,CF1,L3,0.3,zero_fill,6,5,0.20830191671848297,0,False,0.019543973941368076,0.23127035830618892,0.27734375
23911,0,CF1,L3,0.3,zero_fill,7,3,0.4614897072315216,0,False,0.009771986970684038,0.22149837133550487,0.265625
968,0,CF1,L3,0.3,zero_fill,3,3,0.3703629672527313,1,False,0.0,0.24104234527687296,0.2890625
18416,0,CF1,L3,0.3,zero_fill,2,5,0.2559192180633545,0,False,0.006514657980456026,0.23778501628664495,0.28515625
15166,0,CF1,L3,0.3,zero_fill,7,5,0.2600177228450775,0,False,0.0,0.26384364820846906,0.31640625
15537,0,CF1,L3,0.3,zero_fill,6,9,0.270729124546051,0,False,0.009771986970684038,0.2182410423452769,0.26171875
112,0,CF1,L3,0.3,zero_fill,6,9,0.1821039915084839,0,False,0.013029315960912053,0.254071661237785,0.3046875
9754,0,CF1,L3,0.3,zero_fill,8,3,0.19065123796463013,0,False,0.006514657980456026,0.23778501628664495,0.28515625
3827,0,CF1,L3,0.3,zero_fill,1,3,0.19902758300304413,0,False,0.016286644951140065,0.254071661237785,0.3046875
16427,0,CF1,L3,0.3,zero_fill,8,5,0.19203203916549683,0,False,0.006514657980456026,0.2736156351791531,0.328125
4853,0,CF1,L3,0.3,zero_fill,8,5,0.3133490979671478,0,False,0.016286644951140065,0.2247557003257329,0.26953125
5025,0,CF1,L3,0.3,zero_fill,8,5,0.45581772923469543,0,False,0.003257328990228013,0.2280130293159609,0.2734375
5497,0,CF1,L3,0.3,zero_fill,5,3,0.2614525556564331,0,False,0.02280130293159609,0.250814332247557,0.30078125
415,0,CF1,L3,0.3,zero_fill,5,2,0.34575939178466797,0,False,0.009771986970684038,0.24429967426710097,0.29296875
6055,0,CF1,L3,0.3,zero_fill,2,2,0.6173503398895264,1,False,0.006514657980456026,0.26058631921824105,0.3125
4242,0,CF1,L3,0.3,zero_fill,6,3,0.29811525344848633,0,False,0.006514657980456026,0.250814332247557,0.30078125
16007,0,CF1,L3,0.3,zero_fill,3,3,0.21583124995231628,1,False,0.006514657980456026,0.26058631921824105,0.3125
16184,0,CF1,L3,0.3,zero_fill,6,0,0.2731938362121582,0,False,0.009771986970684038,0.26058631921824105,0.3125
15180,0,CF1,L3,0.3,zero_fill,2,3,0.6188527941703796,0,False,0.016286644951140065,0.2182410423452769,0.26171875
16402,0,CF1,L3,0.3,zero_fill,3,3,0.5317721962928772,1,False,0.016286644951140065,0.2280130293159609,0.2734375
12883,0,CF1,L3,0.3,zero_fill,7,5,0.2989242374897003,0,False,0.016286644951140065,0.2899022801302932,0.34765625
12596,0,CF1,L3,0.3,zero_fill,2,2,0.868442714214325,1,False,0.013029315960912053,0.24104234527687296,0.2890625
13383,0,CF1,L3,0.3,zero_fill,0,0,0.3542681038379669,1,False,0.006514657980456026,0.21498371335504887,0.2578125
17140,0,CF1,L3,0.3,zero_fill,0,3,0.49316370487213135,0,False,0.013029315960912053,0.23778501628664495,0.28515625
11249,0,CF1,L3,0.3,zero_fill,7,3,0.3665405213832855,0,False,0.009771986970684038,0.24104234527687296,0.2890625
2927,0,CF1,L3,0.3,zero_fill,3,3,0.4820462167263031,1,False,0.013029315960912053,0.24429967426710097,0.29296875
13380,0,CF1,L3,0.3,zero_fill,3,5,0.278095543384552,0,False,0.009771986970684038,0.2768729641693811,0.33203125
24593,0,CF1,L3,0.3,zero_fill,5,0,0.27689582109451294,0,False,0.009771986970684038,0.247557003257329,0.296875
14507,0,CF1,L3,0.3,zero_fill,8,5,0.30357205867767334,0,False,0.016286644951140065,0.23452768729641693,0.28125
9355,0,CF1,L3,0.3,zero_fill,8,9,0.26518306136131287,0,False,0.009771986970684038,0.24104234527687296,0.2890625
3943,0,CF1,L3,0.3,zero_fill,3,0,0.24737152457237244,0,False,0.009771986970684038,0.25732899022801303,0.30859375
4913,0,CF1,L3,0.3,zero_fill,4,4,0.7022417783737183,1,False,0.013029315960912053,0.26058631921824105,0.3125
23440,0,CF1,L3,0.3,zero_fill,4,3,0.1879260390996933,0,False,0.02280130293159609,0.20521172638436483,0.24609375
19289,0,CF1,L3,0.3,zero_fill,7,6,0.17706114053726196,0,False,0.019543973941368076,0.23778501628664495,0.28515625
17841,0,CF1,L3,0.3,zero_fill,6,5,0.514606773853302,0,False,0.0,0.250814332247557,0.30078125
18139,0,CF1,L3,0.3,zero_fill,0,0,0.286783367395401,1,False,0.016286644951140065,0.2247557003257329,0.26953125
18549,0,CF1,L3,0.3,zero_fill,7,5,0.18731306493282318,0,False,0.016286644951140065,0.28013029315960913,0.3359375
7215,0,CF1,L3,0.3,zero_fill,7,2,0.2361721694469452,0,False,0.016286644951140065,0.25732899022801303,0.30859375
10574,0,CF1,L3,0.3,zero_fill,7,5,0.23261159658432007,0,False,0.009771986970684038,0.24429967426710097,0.29296875
10329,0,CF1,L3,0.3,zero_fill,7,7,0.4373891055583954,1,False,0.003257328990228013,0.23778501628664495,0.28515625
21502,0,CF1,L3,0.3,zero_fill,4,3,0.5687701106071472,0,False,0.013029315960912053,0.20846905537459284,0.25
1209,0,CF1,L3,0.3,zero_fill,8,5,0.23448090255260468,0,False,0.013029315960912053,0.247557003257329,0.296875
22202,0,CF1,L3,0.3,zero_fill,6,3,0.17949971556663513,0,False,0.016286644951140065,0.2703583061889251,0.32421875
12914,0,CF1,L3,0.3,zero_fill,2,5,0.22667676210403442,0,False,0.016286644951140065,0.25732899022801303,0.30859375
23477,0,CF1,L3,0.3,zero_fill,6,3,0.3843713104724884,0,False,0.016286644951140065,0.2703583061889251,0.32421875
13286,0,CF1,L3,0.3,zero_fill,5,5,0.5101919770240784,1,False,0.006514657980456026,0.254071661237785,0.3046875
24957,0,CF1,L3,0.3,zero_fill,2,3,0.20569279789924622,0,False,0.003257328990228013,0.23452768729641693,0.28125
23215,0,CF1,L3,0.3,zero_fill,9,5,0.21543610095977783,0,False,0.013029315960912053,0.24429967426710097,0.29296875
8171,0,CF1,L3,0.3,zero_fill,3,6,0.17599986493587494,0,False,0.003257328990228013,0.23778501628664495,0.28515625
13427,0,CF1,L3,0.3,zero_fill,4,5,0.26005423069000244,0,False,0.019543973941368076,0.22149837133550487,0.265625
1985,0,CF1,L3,0.3,zero_fill,9,0,0.2322477400302887,0,False,0.013029315960912053,0.22149837133550487,0.265625
19607,0,CF1,L3,0.3,zero_fill,1,2,0.16987717151641846,0,False,0.009771986970684038,0.2280130293159609,0.2734375
15138,0,CF1,L3,0.3,zero_fill,4,2,0.2516188621520996,0,False,0.006514657980456026,0.26058631921824105,0.3125
18496,0,CF1,L3,0.3,zero_fill,3,5,0.42411547899246216,0,False,0.006514657980456026,0.21498371335504887,0.2578125
11341,0,CF1,L3,0.3,zero_fill,5,5,0.4134005308151245,1,False,0.016286644951140065,0.28664495114006516,0.34375
3210,0,CF1,L3,0.3,zero_fill,6,5,0.14223024249076843,0,False,0.003257328990228013,0.30293159609120524,0.36328125
9044,0,CF1,L3,0.3,zero_fill,3,2,0.19056841731071472,0,False,0.009771986970684038,0.21172638436482086,0.25390625
1784,0,CF1,L3,0.3,zero_fill,1,3,0.17890208959579468,0,False,0.009771986970684038,0.2247557003257329,0.26953125
20687,0,CF1,L3,0.3,zero_fill,7,3,0.3505720794200897,0,False,0.006514657980456026,0.250814332247557,0.30078125
21479,0,CF1,L3,0.3,zero_fill,1,5,0.2247542440891266,0,False,0.019543973941368076,0.254071661237785,0.3046875
4465,0,CF1,L3,0.3,zero_fill,7,7,0.2782091498374939,1,False,0.013029315960912053,0.254071661237785,0.3046875
8098,0,CF1,L3,0.3,zero_fill,3,3,0.779829204082489,1,False,0.003257328990228013,0.24104234527687296,0.2890625
1105,0,CF1,L3,0.3,zero_fill,1,2,0.41819316148757935,0,False,0.009771986970684038,0.247557003257329,0.296875
24036,0,CF1,L3,0.3,zero_fill,0,6,0.19060859084129333,0,False,0.013029315960912053,0.21172638436482086,0.25390625
24825,0,CF1,L3,0.3,zero_fill,1,1,0.23275136947631836,1,False,0.006514657980456026,0.254071661237785,0.3046875
20081,0,CF1,L3,0.3,zero_fill,4,0,0.2183346301317215,0,False,0.006514657980456026,0.247557003257329,0.296875
11780,0,CF1,L3,0.3,zero_fill,5,3,0.2519441843032837,0,False,0.013029315960912053,0.254071661237785,0.3046875
18228,0,CF1,L3,0.3,zero_fill,2,5,0.232498437166214,0,False,0.019543973941368076,0.2703583061889251,0.32421875
4363,0,CF1,L3,0.3,zero_fill,4,4,0.5298080444335938,1,False,0.003257328990228013,0.247557003257329,0.296875
10210,0,CF1,L3,0.3,zero_fill,7,4,0.22843846678733826,0,False,0.006514657980456026,0.23778501628664495,0.28515625
7005,0,CF1,L3,0.3,zero_fill,2,2,0.2056732028722763,1,False,0.006514657980456026,0.254071661237785,0.3046875
7071,0,CF1,L3,0.3,zero_fill,3,0,0.19158609211444855,0,False,0.009771986970684038,0.250814332247557,0.30078125
25299,0,CF1,L3,0.3,zero_fill,4,4,0.15787215530872345,1,False,0.006514657980456026,0.23452768729641693,0.28125
3393,0,CF1,L3,0.3,zero_fill,0,5,0.33916816115379333,0,False,0.009771986970684038,0.1986970684039088,0.23828125
10532,0,CF1,L3,0.3,zero_fill,8,0,0.1735326051712036,0,False,0.013029315960912053,0.2182410423452769,0.26171875
14271,0,CF1,L3,0.3,zero_fill,3,5,0.17761407792568207,0,False,0.009771986970684038,0.2703583061889251,0.32421875
12814,0,CF1,L3,0.3,zero_fill,4,5,0.2925853729248047,0,False,0.009771986970684038,0.2736156351791531,0.328125
1763,0,CF1,L3,0.3,zero_fill,1,3,0.20043249428272247,0,False,0.006514657980456026,0.23127035830618892,0.27734375
2795,0,CF1,L3,0.3,zero_fill,4,3,0.22505779564380646,0,False,0.003257328990228013,0.25732899022801303,0.30859375
5329,0,CF1,L3,0.3,zero_fill,2,9,0.21585360169410706,0,False,0.003257328990228013,0.2247557003257329,0.26953125
11024,0,CF1,L3,0.3,zero_fill,8,3,0.4104074239730835,0,False,0.013029315960912053,0.247557003257329,0.296875
23383,0,CF1,L3,0.3,zero_fill,6,6,0.17244789004325867,1,False,0.016286644951140065,0.26384364820846906,0.31640625
582,0,CF1,L3,0.3,zero_fill,2,2,0.18855606019496918,1,False,0.016286644951140065,0.2671009771986971,0.3203125
20037,0,CF1,L3,0.3,zero_fill,5,2,0.27850568294525146,0,False,0.003257328990228013,0.23127035830618892,0.27734375
4876,0,CF1,L3,0.3,zero_fill,3,2,0.22095419466495514,0,False,0.009771986970684038,0.2182410423452769,0.26171875
16157,0,CF1,L3,0.3,zero_fill,1,7,0.18027156591415405,0,False,0.013029315960912053,0.25732899022801303,0.30859375
24155,0,CF1,L3,0.3,zero_fill,7,3,0.4651486575603485,0,False,0.019543973941368076,0.2247557003257329,0.26953125
21035,0,CF1,L3,0.3,zero_fill,1,0,0.1999877542257309,0,False,0.013029315960912053,0.247557003257329,0.296875
2530,0,CF1,L3,0.3,zero_fill,2,5,0.24794180691242218,0,False,0.019543973941368076,0.23127035830618892,0.27734375
20951,0,CF1,L3,0.3,zero_fill,4,6,0.22941645979881287,0,False,0.013029315960912053,0.26058631921824105,0.3125
9752,0,CF1,L3,0.3,zero_fill,9,8,0.20219546556472778,0,False,0.009771986970684038,0.2280130293159609,0.2734375
20362,0,CF1,L3,0.3,zero_fill,9,5,0.2694721221923828,0,False,0.009771986970684038,0.23452768729641693,0.28125
5669,0,CF1,L3,0.3,zero_fill,2,5,0.27567678689956665,0,False,0.009771986970684038,0.26058631921824105,0.3125
9395,0,CF1,L3,0.3,zero_fill,6,1,0.15278249979019165,0,False,0.013029315960912053,0.22149837133550487,0.265625
22115,0,CF1,L3,0.3,zero_fill,2,5,0.19556133449077606,0,False,0.009771986970684038,0.28013029315960913,0.3359375
3784,0,CF1,L3,0.3,zero_fill,5,2,0.20477618277072906,0,False,0.016286644951140065,0.26058631921824105,0.3125
15518,0,CF1,L3,0.3,zero_fill,1,0,0.17745281755924225,0,False,0.013029315960912053,0.254071661237785,0.3046875
22913,0,CF1,L3,0.3,zero_fill,1,7,0.16891434788703918,0,False,0.009771986970684038,0.23452768729641693,0.28125
22485,0,CF1,L3,0.3,zero_fill,8,6,0.25253939628601074,0,False,0.013029315960912053,0.247557003257329,0.296875
14166,0,CF1,L3,0.3,zero_fill,9,0,0.16975396871566772,0,False,0.006514657980456026,0.2280130293159609,0.2734375
4606,0,CF1,L3,0.3,zero_fill,8,0,0.2015042006969452,0,False,0.006514657980456026,0.23127035830618892,0.27734375
12043,0,CF1,L3,0.3,zero_fill,8,6,0.23413699865341187,0,False,0.013029315960912053,0.28664495114006516,0.34375
20255,0,CF1,L3,0.3,zero_fill,9,3,0.18607784807682037,0,False,0.006514657980456026,0.2182410423452769,0.26171875
21390,0,CF1,L3,0.3,zero_fill,8,5,0.29144689440727234,0,False,0.02280130293159609,0.24104234527687296,0.2890625
13388,0,CF1,L3,0.3,zero_fill,6,5,0.220397487282753,0,False,0.009771986970684038,0.247557003257329,0.296875
9382,0,CF1,L3,0.3,zero_fill,0,0,0.3151583969593048,1,False,0.009771986970684038,0.2703583061889251,0.32421875
11878,0,CF1,L3,0.3,zero_fill,4,3,0.2025979906320572,0,False,0.013029315960912053,0.20846905537459284,0.25
10774,0,CF1,L3,0.3,zero_fill,1,1,0.4714545011520386,1,False,0.006514657980456026,0.254071661237785,0.3046875
2211,0,CF1,L3,0.3,zero_fill,4,4,0.4167124032974243,1,False,0.009771986970684038,0.2247557003257329,0.26953125
22804,0,CF1,L3,0.3,zero_fill,1,2,0.3004918098449707,0,False,0.006514657980456026,0.2671009771986971,0.3203125
17903,0,CF1,L3,0.3,zero_fill,3,6,0.13918325304985046,0,False,0.0,0.26384364820846906,0.31640625
16889,0,CF1,L3,0.3,zero_fill,1,5,0.2800178527832031,0,False,0.009771986970684038,0.2736156351791531,0.328125
3013,0,CF1,L3,0.3,zero_fill,8,6,0.18536141514778137,0,False,0.006514657980456026,0.247557003257329,0.296875
19919,0,CF1,L3,0.3,zero_fill,8,2,0.1903054565191269,0,False,0.016286644951140065,0.24104234527687296,0.2890625
7911,0,CF1,L3,0.3,zero_fill,0,3,0.20370133221149445,0,False,0.016286644951140065,0.23127035830618892,0.27734375
6473,0,CF1,L3,0.3,zero_fill,5,5,0.3865189254283905,1,False,0.0,0.254071661237785,0.3046875
14963,0,CF1,L3,0.3,zero_fill,2,3,0.1656249463558197,0,False,0.016286644951140065,0.2671009771986971,0.3203125
3189,0,CF1,L3,0.3,zero_fill,3,3,0.23017767071723938,1,False,0.006514657980456026,0.247557003257329,0.296875
21433,0,CF1,L3,0.3,zero_fill,6,5,0.24357721209526062,0,False,0.006514657980456026,0.2768729641693811,0.33203125
21534,0,CF1,L3,0.3,zero_fill,9,0,0.1832580417394638,0,False,0.006514657980456026,0.2768729641693811,0.33203125
4378,0,CF1,L3,0.3,zero_fill,4,5,0.3273656666278839,0,False,0.006514657980456026,0.2703583061889251,0.32421875
4179,0,CF1,L3,0.3,zero_fill,3,3,0.6761715412139893,1,False,0.013029315960912053,0.24429967426710097,0.29296875
20275,0,CF1,L3,0.3,zero_fill,7,3,0.30666741728782654,0,False,0.009771986970684038,0.30293159609120524,0.36328125
724,0,CF1,L3,0.3,zero_fill,4,4,0.38541337847709656,1,False,0.013029315960912053,0.2671009771986971,0.3203125
15532,0,CF1,L3,0.3,zero_fill,5,5,0.5880686640739441,1,False,0.009771986970684038,0.23778501628664495,0.28515625
7808,0,CF1,L3,0.3,zero_fill,4,3,0.4664836823940277,0,False,0.013029315960912053,0.247557003257329,0.296875
3185,0,CF1,L3,0.3,zero_fill,7,3,0.3593463897705078,0,False,0.009771986970684038,0.28013029315960913,0.3359375
8217,0,CF1,L3,0.3,zero_fill,5,3,0.37427017092704773,0,False,0.009771986970684038,0.28664495114006516,0.34375
15284,0,CF1,L3,0.3,zero_fill,2,8,0.2239862084388733,0,False,0.009771986970684038,0.2280130293159609,0.2734375
2195,0,CF1,L3,0.3,zero_fill,1,5,0.3183537423610687,0,False,0.013029315960912053,0.2996742671009772,0.359375
21296,0,CF1,L3,0.3,zero_fill,0,3,0.23534101247787476,0,False,0.013029315960912053,0.25732899022801303,0.30859375
14286,0,CF1,L3,0.3,zero_fill,3,3,0.19217023253440857,1,False,0.019543973941368076,0.23127035830618892,0.27734375
4261,0,CF1,L3,0.3,zero_fill,0,3,0.3906565308570862,0,False,0.013029315960912053,0.254071661237785,0.3046875
24480,0,CF1,L3,0.3,zero_fill,2,9,0.17329607903957367,0,False,0.003257328990228013,0.2703583061889251,0.32421875
23581,0,CF1,L3,0.3,zero_fill,7,6,0.31921181082725525,0,False,0.016286644951140065,0.25732899022801303,0.30859375
24364,0,CF1,L3,0.3,zero_fill,7,3,0.4713878631591797,0,False,0.016286644951140065,0.247557003257329,0.296875
4259,0,CF1,L3,0.3,zero_fill,4,5,0.29531794786453247,0,False,0.009771986970684038,0.2247557003257329,0.26953125
4323,0,CF1,L3,0.3,zero_fill,8,3,0.41735073924064636,0,False,0.016286644951140065,0.24429967426710097,0.29296875
26017,0,CF1,L3,0.3,zero_fill,2,2,0.29495736956596375,1,False,0.009771986970684038,0.2768729641693811,0.33203125
4055,0,CF1,L3,0.3,zero_fill,9,5,0.2419843226671219,0,False,0.019543973941368076,0.254071661237785,0.3046875
23968,0,CF1,L3,0.3,zero_fill,6,6,0.25067970156669617,1,False,0.013029315960912053,0.2280130293159609,0.2734375
4914,0,CF1,L3,0.3,zero_fill,2,3,0.37986767292022705,0,False,0.006514657980456026,0.247557003257329,0.296875
17310,0,CF1,L3,0.3,zero_fill,7,4,0.6134782433509827,0,False,0.009771986970684038,0.24429967426710097,0.29296875
14981,0,CF1,L3,0.3,zero_fill,2,5,0.3174877166748047,0,False,0.009771986970684038,0.2247557003257329,0.26953125
7511,0,CF1,L3,0.3,zero_fill,6,6,0.39390286803245544,1,False,0.003257328990228013,0.23778501628664495,0.28515625
4136,0,CF1,L3,0.3,zero_fill,9,2,0.1656649112701416,0,False,0.019543973941368076,0.24104234527687296,0.2890625
8043,0,CF1,L3,0.3,zero_fill,2,3,0.20777025818824768,0,False,0.013029315960912053,0.24429967426710097,0.29296875
14360,0,CF1,L3,0.3,zero_fill,4,0,0.21779084205627441,0,False,0.003257328990228013,0.24429967426710097,0.29296875
6364,0,CF1,L3,0.3,zero_fill,0,8,0.3333294987678528,0,False,0.003257328990228013,0.22149837133550487,0.265625
8827,0,CF1,L3,0.3,zero_fill,4,0,0.18578556180000305,0,False,0.013029315960912053,0.23778501628664495,0.28515625
24886,0,CF1,L3,0.3,zero_fill,9,2,0.27371853590011597,0,False,0.016286644951140065,0.22149837133550487,0.265625
21392,0,CF1,L3,0.3,zero_fill,2,2,0.3079562783241272,1,False,0.009771986970684038,0.2247557003257329,0.26953125
18654,0,CF1,L3,0.3,zero_fill,6,5,0.21470089256763458,0,False,0.003257328990228013,0.2280130293159609,0.2734375
21766,0,CF1,L3,0.3,zero_fill,1,5,0.22480937838554382,0,False,0.009771986970684038,0.23127035830618892,0.27734375
25433,0,CF1,L3,0.3,zero_fill,8,5,0.19570672512054443,0,False,0.003257328990228013,0.2703583061889251,0.32421875
10927,0,CF1,L3,0.3,zero_fill,8,3,0.2331864982843399,0,False,0.009771986970684038,0.2182410423452769,0.26171875
14092,0,CF1,L3,0.3,zero_fill,6,9,0.19137339293956757,0,False,0.003257328990228013,0.2996742671009772,0.359375
20936,0,CF1,L3,0.3,zero_fill,9,5,0.2561708986759186,0,False,0.009771986970684038,0.24104234527687296,0.2890625
23711,0,CF1,L3,0.3,zero_fill,4,9,0.1878853589296341,0,False,0.009771986970684038,0.2768729641693811,0.33203125
19260,0,CF1,L3,0.3,zero_fill,7,3,0.5040058493614197,0,False,0.009771986970684038,0.18892508143322476,0.2265625
17360,0,CF1,L3,0.3,zero_fill,3,3,0.34245067834854126,1,False,0.006514657980456026,0.26058631921824105,0.3125
965,0,CF1,L3,0.3,zero_fill,0,5,0.21777792274951935,0,False,0.0,0.24104234527687296,0.2890625
463,0,CF1,L3,0.3,zero_fill,6,5,0.3028981685638428,0,False,0.019543973941368076,0.26058631921824105,0.3125
8945,0,CF1,L3,0.3,zero_fill,6,0,0.19693627953529358,0,False,0.009771986970684038,0.247557003257329,0.296875
14090,0,CF1,L3,0.3,zero_fill,2,6,0.1661445051431656,0,False,0.016286644951140065,0.26384364820846906,0.31640625
8479,0,CF1,L3,0.3,zero_fill,9,8,0.209898442029953,0,False,0.016286644951140065,0.21172638436482086,0.25390625
24477,0,CF1,L3,0.3,zero_fill,2,2,0.17521409690380096,1,False,0.013029315960912053,0.31921824104234525,0.3828125
8195,0,CF1,L3,0.3,zero_fill,0,0,0.3381584882736206,1,False,0.009771986970684038,0.23127035830618892,0.27734375
1773,0,CF1,L3,0.3,zero_fill,0,0,0.17732402682304382,1,False,0.02280130293159609,0.21172638436482086,0.25390625
11776,0,CF1,L3,0.3,zero_fill,2,0,0.25891607999801636,0,False,0.003257328990228013,0.2280130293159609,0.2734375
3313,0,CF1,L3,0.3,zero_fill,6,4,0.37797030806541443,0,False,0.03257328990228013,0.19218241042345277,0.23046875
5424,0,CF1,L3,0.3,zero_fill,9,6,0.29222914576530457,0,False,0.013029315960912053,0.26384364820846906,0.31640625
19606,0,CF1,L3,0.3,zero_fill,2,3,0.2463269680738449,0,False,0.019543973941368076,0.23778501628664495,0.28515625
10110,0,CF1,L3,0.3,zero_fill,9,5,0.6028925180435181,0,False,0.016286644951140065,0.254071661237785,0.3046875
22872,0,CF1,L3,0.3,zero_fill,6,3,0.26084083318710327,0,False,0.003257328990228013,0.26384364820846906,0.31640625
7573,0,CF1,L3,0.3,zero_fill,1,3,0.17218978703022003,0,False,0.006514657980456026,0.25732899022801303,0.30859375
7105,0,CF1,L3,0.3,zero_fill,3,3,0.3658190965652466,1,False,0.009771986970684038,0.26058631921824105,0.3125
18854,0,CF1,L3,0.3,zero_fill,1,5,0.22594058513641357,0,False,0.009771986970684038,0.30293159609120524,0.36328125
14576,0,CF1,L3,0.3,zero_fill,9,0,0.24842938780784607,0,False,0.009771986970684038,0.2931596091205212,0.3515625
9376,0,CF1,L3,0.3,zero_fill,0,9,0.1669721156358719,0,False,0.016286644951140065,0.250814332247557,0.30078125
20128,0,CF1,L3,0.3,zero_fill,8,6,0.22516986727714539,0,False,0.013029315960912053,0.23778501628664495,0.28515625
24854,0,CF1,L3,0.3,zero_fill,9,9,0.28463685512542725,1,False,0.019543973941368076,0.26384364820846906,0.31640625
4937,0,CF1,L3,0.3,zero_fill,2,5,0.24828921258449554,0,False,0.006514657980456026,0.2768729641693811,0.33203125
338,0,CF1,L3,0.3,zero_fill,3,5,0.3214409351348877,0,False,0.009771986970684038,0.2703583061889251,0.32421875
9981,0,CF1,L3,0.3,zero_fill,3,5,0.26526302099227905,0,False,0.016286644951140065,0.2703583061889251,0.32421875
6665,0,CF1,L3,0.3,zero_fill,8,8,0.1960560530424118,1,False,0.009771986970684038,0.23778501628664495,0.28515625
6704,0,CF1,L3,0.3,zero_fill,0,3,0.20476652681827545,0,False,0.019543973941368076,0.23452768729641693,0.28125
23255,0,CF1,L3,0.3,zero_fill,2,3,0.20648299157619476,0,False,0.006514657980456026,0.20846905537459284,0.25
5355,0,CF1,L3,0.3,zero_fill,5,5,0.24028414487838745,1,False,0.009771986970684038,0.2996742671009772,0.359375
22422,0,CF1,L3,0.3,zero_fill,1,1,0.2619057893753052,1,False,0.019543973941368076,0.25732899022801303,0.30859375
7367,0,CF1,L3,0.3,zero_fill,9,3,0.15440864861011505,0,False,0.016286644951140065,0.26058631921824105,0.3125
13489,0,CF1,L3,0.3,zero_fill,7,5,0.13699784874916077,0,False,0.003257328990228013,0.24429967426710097,0.29296875
20955,0,CF1,L3,0.3,zero_fill,7,6,0.17876036465168,0,False,0.0,0.2182410423452769,0.26171875
25439,0,CF1,L3,0.3,zero_fill,9,9,0.512275218963623,1,False,0.0,0.250814332247557,0.30078125
12711,0,CF1,L3,0.3,zero_fill,8,3,0.21190641820430756,0,False,0.003257328990228013,0.23127035830618892,0.27734375
7671,0,CF1,L3,0.3,zero_fill,6,2,0.2111843079328537,0,False,0.003257328990228013,0.23127035830618892,0.27734375
20420,0,CF1,L3,0.3,zero_fill,8,8,0.17809194326400757,1,False,0.003257328990228013,0.2736156351791531,0.328125
12630,0,CF1,L3,0.3,zero_fill,2,3,0.17625480890274048,0,False,0.003257328990228013,0.23452768729641693,0.28125
21394,0,CF1,L3,0.3,zero_fill,1,5,0.34449315071105957,0,False,0.006514657980456026,0.2703583061889251,0.32421875
7095,0,CF1,L3,0.3,zero_fill,1,3,0.3817887008190155,0,False,0.019543973941368076,0.21498371335504887,0.2578125
11532,0,CF1,L3,0.3,zero_fill,9,3,0.21639937162399292,0,False,0.006514657980456026,0.250814332247557,0.30078125
2853,0,CF1,L3,0.3,zero_fill,3,3,0.2840227782726288,1,False,0.013029315960912053,0.2703583061889251,0.32421875
13487,0,CF1,L3,0.3,zero_fill,0,9,0.17632350325584412,0,False,0.02280130293159609,0.22149837133550487,0.265625
9350,0,CF1,L3,0.3,zero_fill,9,2,0.37614670395851135,0,False,0.016286644951140065,0.23452768729641693,0.28125
24164,0,CF1,L3,0.3,zero_fill,4,3,0.23809751868247986,0,False,0.009771986970684038,0.28013029315960913,0.3359375
23155,0,CF1,L3,0.3,zero_fill,7,5,0.1606239229440689,0,False,0.006514657980456026,0.2768729641693811,0.33203125
1588,0,CF1,L3,0.3,zero_fill,8,8,0.1570204496383667,1,False,0.013029315960912053,0.23452768729641693,0.28125
5400,0,CF1,L3,0.3,zero_fill,5,2,0.20134039223194122,0,False,0.013029315960912053,0.24104234527687296,0.2890625
8913,0,CF1,L3,0.3,zero_fill,6,5,0.19973638653755188,0,False,0.013029315960912053,0.22149837133550487,0.265625
4990,0,CF1,L3,0.3,zero_fill,8,5,0.3331333100795746,0,False,0.016286644951140065,0.247557003257329,0.296875
13364,0,CF1,L3,0.3,zero_fill,7,9,0.1644187569618225,0,False,0.006514657980456026,0.2768729641693811,0.33203125
1157,0,CF1,L3,0.3,zero_fill,1,3,0.2183077335357666,0,False,0.003257328990228013,0.24104234527687296,0.2890625
19432,0,CF1,L3,0.3,zero_fill,6,5,0.5819820165634155,0,False,0.009771986970684038,0.28664495114006516,0.34375
24861,0,CF1,L3,0.3,zero_fill,1,0,0.21247269213199615,0,False,0.006514657980456026,0.2703583061889251,0.32421875
16303,0,CF1,L3,0.3,zero_fill,0,0,0.3399491012096405,1,False,0.003257328990228013,0.2280130293159609,0.2734375
23675,0,CF1,L3,0.3,zero_fill,1,5,0.25552138686180115,0,False,0.006514657980456026,0.247557003257329,0.296875
10816,0,CF1,L3,0.3,zero_fill,5,5,0.5566977858543396,1,False,0.009771986970684038,0.23778501628664495,0.28515625
25683,0,CF1,L3,0.3,zero_fill,7,3,0.31698721647262573,0,False,0.026058631921824105,0.247557003257329,0.296875
6680,0,CF1,L3,0.3,zero_fill,7,7,0.36944228410720825,1,False,0.009771986970684038,0.247557003257329,0.296875
15541,0,CF1,L3,0.3,zero_fill,1,3,0.4243542551994324,0,False,0.009771986970684038,0.2280130293159609,0.2734375
129,0,CF1,L3,0.3,zero_fill,9,6,0.3278593122959137,0,False,0.013029315960912053,0.24429967426710097,0.29296875
10977,0,CF1,L3,0.3,zero_fill,5,2,0.22672203183174133,0,False,0.003257328990228013,0.2280130293159609,0.2734375
7518,0,CF1,L3,0.3,zero_fill,5,3,0.19747045636177063,0,False,0.009771986970684038,0.2703583061889251,0.32421875
15350,0,CF1,L3,0.3,zero_fill,0,6,0.17698021233081818,0,False,0.016286644951140065,0.2671009771986971,0.3203125
4712,0,CF1,L3,0.3,zero_fill,2,9,0.13542191684246063,0,False,0.013029315960912053,0.22149837133550487,0.265625
3234,0,CF1,L3,0.3,zero_fill,1,3,0.2107824832201004,0,False,0.006514657980456026,0.254071661237785,0.3046875
21292,0,CF1,L3,0.3,zero_fill,8,3,0.2609478831291199,0,False,0.016286644951140065,0.26058631921824105,0.3125
6439,0,CF1,L3,0.3,zero_fill,6,6,0.30830422043800354,1,False,0.009771986970684038,0.247557003257329,0.296875
16930,0,CF1,L3,0.3,zero_fill,4,5,0.24264807999134064,0,False,0.003257328990228013,0.28013029315960913,0.3359375
25255,0,CF1,L3,0.3,zero_fill,6,5,0.16498088836669922,0,False,0.02280130293159609,0.2703583061889251,0.32421875
5562,0,CF1,L3,0.3,zero_fill,6,5,0.43881872296333313,0,False,0.006514657980456026,0.2768729641693811,0.33203125
20888,0,CF1,L3,0.3,zero_fill,6,8,0.2766014039516449,0,False,0.009771986970684038,0.2182410423452769,0.26171875
17907,0,CF1,L3,0.3,zero_fill,0,0,0.27441325783729553,1,False,0.019543973941368076,0.22149837133550487,0.265625
15282,0,CF1,L3,0.3,zero_fill,5,3,0.1807505190372467,0,False,0.016286644951140065,0.2736156351791531,0.328125
9564,0,CF1,L3,0.3,zero_fill,5,0,0.341156542301178,0,False,0.009771986970684038,0.25732899022801303,0.30859375
2105,0,CF1,L3,0.3,zero_fill,5,5,0.15422874689102173,1,False,0.006514657980456026,0.24104234527687296,0.2890625
2188,0,CF1,L3,0.3,zero_fill,5,5,0.41393762826919556,1,False,0.016286644951140065,0.23127035830618892,0.27734375
10587,0,CF1,L3,0.3,zero_fill,9,3,0.22081293165683746,0,False,0.009771986970684038,0.250814332247557,0.30078125
20421,0,CF1,L3,0.3,zero_fill,8,2,0.1725580096244812,0,False,0.003257328990228013,0.28664495114006516,0.34375
23070,0,CF1,L3,0.3,zero_fill,0,5,0.4439634084701538,0,False,0.009771986970684038,0.250814332247557,0.30078125
19127,0,CF1,L3,0.3,zero_fill,6,5,0.4592818319797516,0,False,0.019543973941368076,0.24104234527687296,0.2890625
7302,0,CF1,L3,0.3,zero_fill,3,3,0.33656173944473267,1,False,0.006514657980456026,0.2247557003257329,0.26953125
8409,0,CF1,L3,0.3,zero_fill,4,4,0.5470251441001892,1,False,0.006514657980456026,0.250814332247557,0.30078125
11086,0,CF1,L3,0.3,zero_fill,7,3,0.20423299074172974,0,False,0.006514657980456026,0.21498371335504887,0.2578125
17122,0,CF1,L3,0.3,zero_fill,5,5,0.1995147168636322,1,False,0.006514657980456026,0.1986970684039088,0.23828125
3555,0,CF1,L3,0.3,zero_fill,2,5,0.20574061572551727,0,False,0.009771986970684038,0.247557003257329,0.296875
19437,0,CF1,L3,0.3,zero_fill,4,2,0.26682421565055847,0,False,0.016286644951140065,0.26058631921824105,0.3125
594,0,CF1,L3,0.3,zero_fill,9,0,0.1840653270483017,0,False,0.006514657980456026,0.24104234527687296,0.2890625
21863,0,CF1,L3,0.3,zero_fill,3,5,0.25389033555984497,0,False,0.006514657980456026,0.247557003257329,0.296875
19765,0,CF1,L3,0.3,zero_fill,5,5,0.4538300931453705,1,False,0.009771986970684038,0.23778501628664495,0.28515625
16909,0,CF1,L3,0.3,zero_fill,2,3,0.18654386699199677,0,False,0.016286644951140065,0.28013029315960913,0.3359375
21154,0,CF1,L3,0.3,zero_fill,7,7,0.19160857796669006,1,False,0.003257328990228013,0.2736156351791531,0.328125
18615,0,CF1,L3,0.3,zero_fill,7,3,0.4354359805583954,0,False,0.009771986970684038,0.250814332247557,0.30078125
18171,0,CF1,L3,0.3,zero_fill,7,1,0.41303592920303345,0,False,0.016286644951140065,0.24429967426710097,0.29296875
24434,0,CF1,L3,0.3,zero_fill,5,3,0.20268282294273376,0,False,0.009771986970684038,0.24104234527687296,0.2890625
9664,0,CF1,L3,0.3,zero_fill,0,0,0.2952389717102051,1,False,0.009771986970684038,0.24104234527687296,0.2890625
2013,0,CF1,L3,0.3,zero_fill,5,5,0.1796172857284546,1,False,0.003257328990228013,0.254071661237785,0.3046875
13537,0,CF1,L3,0.3,zero_fill,4,3,0.28521183133125305,0,False,0.02280130293159609,0.23127035830618892,0.27734375
23942,0,CF1,L3,0.3,zero_fill,9,9,0.2997700572013855,1,False,0.009771986970684038,0.26384364820846906,0.31640625
12415,0,CF1,L3,0.3,zero_fill,4,3,0.227738618850708,0,False,0.009771986970684038,0.2247557003257329,0.26953125
13735,0,CF1,L3,0.3,zero_fill,0,9,0.27132534980773926,0,False,0.006514657980456026,0.23778501628664495,0.28515625
6873,0,CF1,L3,0.3,zero_fill,1,2,0.3275003731250763,0,False,0.009771986970684038,0.26384364820846906,0.31640625
16233,0,CF1,L3,0.3,zero_fill,2,2,0.23813612759113312,1,False,0.013029315960912053,0.2247557003257329,0.26953125
13108,0,CF1,L3,0.3,zero_fill,5,5,0.32674291729927063,1,False,0.009771986970684038,0.2703583061889251,0.32421875
18114,0,CF1,L3,0.3,zero_fill,7,3,0.29693081974983215,0,False,0.013029315960912053,0.250814332247557,0.30078125
25318,0,CF1,L3,0.3,zero_fill,0,3,0.30251458287239075,0,False,0.003257328990228013,0.23127035830618892,0.27734375
22387,0,CF1,L3,0.3,zero_fill,7,3,0.3394618034362793,0,False,0.016286644951140065,0.23778501628664495,0.28515625
19911,0,CF1,L3,0.3,zero_fill,7,3,0.3118782639503479,0,False,0.003257328990228013,0.23127035830618892,0.27734375
9953,0,CF1,L3,0.3,zero_fill,2,3,0.26034730672836304,0,False,0.003257328990228013,0.23778501628664495,0.28515625
18500,0,CF1,L3,0.3,zero_fill,1,1,0.3697347640991211,1,False,0.006514657980456026,0.2247557003257329,0.26953125
12463,0,CF1,L3,0.3,zero_fill,2,5,0.3329530358314514,0,False,0.013029315960912053,0.22149837133550487,0.265625
12143,0,CF1,L3,0.3,zero_fill,8,9,0.1734042465686798,0,False,0.013029315960912053,0.2247557003257329,0.26953125
14588,0,CF1,L3,0.3,zero_fill,8,3,0.31413179636001587,0,False,0.006514657980456026,0.24104234527687296,0.2890625
22152,0,CF1,L3,0.3,zero_fill,2,3,0.2680937945842743,0,False,0.009771986970684038,0.2247557003257329,0.26953125
16563,0,CF1,L3,0.3,zero_fill,4,5,0.1910935342311859,0,False,0.013029315960912053,0.250814332247557,0.30078125
25225,0,CF1,L3,0.3,zero_fill,9,3,0.2862228751182556,0,False,0.006514657980456026,0.254071661237785,0.3046875
1161,0,CF1,L3,0.3,zero_fill,2,2,0.17749245464801788,1,False,0.003257328990228013,0.2280130293159609,0.2734375
9891,0,CF1,L3,0.3,zero_fill,5,2,0.17473112046718597,0,False,0.013029315960912053,0.2671009771986971,0.3203125
18833,0,CF1,L3,0.3,zero_fill,2,5,0.1977388858795166,0,False,0.006514657980456026,0.2671009771986971,0.3203125
6162,0,CF1,L3,0.3,zero_fill,2,3,0.4179202914237976,0,False,0.006514657980456026,0.247557003257329,0.296875
22638,0,CF1,L3,0.3,zero_fill,0,6,0.24742279946804047,0,False,0.009771986970684038,0.26384364820846906,0.31640625
6112,0,CF1,L3,0.3,zero_fill,6,8,0.18187661468982697,0,False,0.009771986970684038,0.254071661237785,0.3046875
24259,0,CF1,L3,0.3,zero_fill,9,3,0.29878634214401245,0,False,0.006514657980456026,0.254071661237785,0.3046875
18029,0,CF1,L3,0.3,zero_fill,2,0,0.18484783172607422,0,False,0.009771986970684038,0.26384364820846906,0.31640625
13233,0,CF1,L3,0.3,zero_fill,0,1,0.2059578150510788,0,False,0.006514657980456026,0.23778501628664495,0.28515625
22560,0,CF1,L3,0.3,zero_fill,3,8,0.16789215803146362,0,False,0.006514657980456026,0.254071661237785,0.3046875
17100,0,CF1,L3,0.3,zero_fill,7,9,0.18800920248031616,0,False,0.003257328990228013,0.23452768729641693,0.28125
13394,0,CF1,L3,0.3,zero_fill,7,3,0.5875946283340454,0,False,0.006514657980456026,0.254071661237785,0.3046875
25173,0,CF1,L3,0.3,zero_fill,3,2,0.22290273010730743,0,False,0.006514657980456026,0.247557003257329,0.296875
17342,0,CF1,L3,0.3,zero_fill,4,1,0.20404833555221558,0,False,0.009771986970684038,0.25732899022801303,0.30859375
5881,0,CF1,L3,0.3,zero_fill,1,4,0.22112521529197693,0,False,0.0,0.26058631921824105,0.3125
16982,0,CF1,L3,0.3,zero_fill,3,5,0.2653694450855255,0,False,0.009771986970684038,0.2931596091205212,0.3515625
12959,0,CF1,L3,0.3,zero_fill,2,5,0.34889039397239685,0,False,0.009771986970684038,0.247557003257329,0.296875
3410,0,CF1,L3,0.3,zero_fill,2,2,0.2884865403175354,1,False,0.006514657980456026,0.25732899022801303,0.30859375
1939,0,CF1,L3,0.3,zero_fill,2,0,0.26291918754577637,0,False,0.009771986970684038,0.2703583061889251,0.32421875
13563,0,CF1,L3,0.3,zero_fill,4,1,0.2795768678188324,0,False,0.013029315960912053,0.26058631921824105,0.3125
9659,0,CF1,L3,0.3,zero_fill,4,3,0.2393053025007248,0,False,0.003257328990228013,0.24429967426710097,0.29296875
23588,0,CF1,L3,0.3,zero_fill,9,9,0.29163363575935364,1,False,0.003257328990228013,0.24429967426710097,0.29296875
12156,0,CF1,L3,0.3,zero_fill,9,3,0.25628530979156494,0,False,0.003257328990228013,0.26058631921824105,0.3125
24790,0,CF1,L3,0.3,zero_fill,4,9,0.38348492980003357,0,False,0.026058631921824105,0.26384364820846906,0.31640625
894,0,CF1,L3,0.3,zero_fill,8,3,0.37534192204475403,0,False,0.016286644951140065,0.2768729641693811,0.33203125
13738,0,CF1,L3,0.3,zero_fill,7,3,0.20444229245185852,0,False,0.009771986970684038,0.25732899022801303,0.30859375
20555,0,CF1,L3,0.3,zero_fill,5,3,0.3830445408821106,0,False,0.009771986970684038,0.2931596091205212,0.3515625
20457,0,CF1,L3,0.3,zero_fill,3,3,0.177000492811203,1,False,0.019543973941368076,0.28664495114006516,0.34375
24842,0,CF1,L3,0.3,zero_fill,3,5,0.20189101994037628,0,False,0.019543973941368076,0.2671009771986971,0.3203125
11390,0,CF1,L3,0.3,zero_fill,9,5,0.21392880380153656,0,False,0.009771986970684038,0.2899022801302932,0.34765625
2665,0,CF1,L3,0.3,zero_fill,9,5,0.15482036769390106,0,False,0.016286644951140065,0.254071661237785,0.3046875
24741,0,CF1,L3,0.3,zero_fill,8,3,0.4395671486854553,0,False,0.009771986970684038,0.25732899022801303,0.30859375
17634,0,CF1,L3,0.3,zero_fill,8,5,0.21056362986564636,0,False,0.016286644951140065,0.2280130293159609,0.2734375
16599,0,CF1,L3,0.3,zero_fill,1,1,0.22168965637683868,1,False,0.016286644951140065,0.23778501628664495,0.28515625
19330,0,CF1,L3,0.3,zero_fill,7,9,0.22824300825595856,0,False,0.013029315960912053,0.2671009771986971,0.3203125
3257,0,CF1,L3,0.3,zero_fill,1,2,0.3891163766384125,0,False,0.003257328990228013,0.2182410423452769,0.26171875
1114,0,CF1,L3,0.3,zero_fill,9,2,0.48464328050613403,0,False,0.003257328990228013,0.26058631921824105,0.3125
11738,0,CF1,L3,0.3,zero_fill,8,0,0.17443391680717468,0,False,0.009771986970684038,0.23127035830618892,0.27734375
13077,0,CF1,L3,0.3,zero_fill,8,3,0.4091878831386566,0,False,0.019543973941368076,0.26384364820846906,0.31640625
5168,0,CF1,L3,0.3,zero_fill,3,4,0.16671903431415558,0,False,0.016286644951140065,0.23778501628664495,0.28515625
26013,0,CF1,L3,0.3,zero_fill,8,3,0.3473757207393646,0,False,0.019543973941368076,0.23452768729641693,0.28125
5611,0,CF1,L3,0.3,zero_fill,7,2,0.2626970708370209,0,False,0.016286644951140065,0.23127035830618892,0.27734375
9389,0,CF1,L3,0.3,zero_fill,6,0,0.1641538292169571,0,False,0.019543973941368076,0.24104234527687296,0.2890625
25070,0,CF1,L3,0.3,zero_fill,2,3,0.21427449584007263,0,False,0.006514657980456026,0.254071661237785,0.3046875
11322,0,CF1,L3,0.3,zero_fill,8,6,0.22168438136577606,0,False,0.006514657980456026,0.21172638436482086,0.25390625
3051,0,CF1,L3,0.3,zero_fill,0,3,0.15221209824085236,0,False,0.003257328990228013,0.2899022801302932,0.34765625
18770,0,CF1,L3,0.3,zero_fill,4,3,0.22145241498947144,0,False,0.013029315960912053,0.2280130293159609,0.2734375
14692,0,CF1,L3,0.3,zero_fill,2,0,0.2169053554534912,0,False,0.02280130293159609,0.26058631921824105,0.3125
4561,0,CF1,L3,0.3,zero_fill,5,8,0.2201969474554062,0,False,0.009771986970684038,0.23778501628664495,0.28515625
16994,0,CF1,L3,0.3,zero_fill,0,6,0.22645172476768494,0,False,0.013029315960912053,0.2671009771986971,0.3203125
4156,0,CF1,L3,0.3,zero_fill,5,2,0.14343193173408508,0,False,0.009771986970684038,0.25732899022801303,0.30859375
5884,0,CF1,L3,0.3,zero_fill,1,2,0.1701730340719223,0,False,0.013029315960912053,0.2996742671009772,0.359375
18233,0,CF1,L3,0.3,zero_fill,0,0,0.13468745350837708,1,False,0.003257328990228013,0.2671009771986971,0.3203125
17044,0,CF1,L3,0.3,zero_fill,6,5,0.6494787931442261,0,False,0.009771986970684038,0.24104234527687296,0.2890625
18857,0,CF1,L3,0.3,zero_fill,6,5,0.2579153776168823,0,False,0.013029315960912053,0.23778501628664495,0.28515625
21917,0,CF1,L3,0.3,zero_fill,9,3,0.21678395569324493,0,False,0.006514657980456026,0.247557003257329,0.296875
5054,0,CF1,L3,0.3,zero_fill,3,5,0.3698907196521759,0,False,0.013029315960912053,0.22149837133550487,0.265625
7882,0,CF1,L3,0.3,zero_fill,4,9,0.16872330009937286,0,False,0.006514657980456026,0.250814332247557,0.30078125
15688,0,CF1,L3,0.3,zero_fill,4,0,0.16813476383686066,0,False,0.009771986970684038,0.2280130293159609,0.2734375
5612,0,CF1,L3,0.3,zero_fill,8,5,0.23761296272277832,0,False,0.013029315960912053,0.254071661237785,0.3046875
13934,0,CF1,L3,0.3,zero_fill,9,9,0.3061830401420593,1,False,0.019543973941368076,0.2736156351791531,0.328125
16689,0,CF1,L3,0.3,zero_fill,2,2,0.21840046346187592,1,False,0.003257328990228013,0.26058631921824105,0.3125
23844,0,CF1,L3,0.3,zero_fill,6,5,0.3963747024536133,0,False,0.006514657980456026,0.28338762214983715,0.33984375
7944,0,CF1,L3,0.3,zero_fill,7,5,0.24869093298912048,0,False,0.013029315960912053,0.24104234527687296,0.2890625
11370,0,CF1,L3,0.3,zero_fill,8,5,0.20263561606407166,0,False,0.009771986970684038,0.254071661237785,0.3046875
24569,0,CF1,L3,0.3,zero_fill,1,1,0.22706358134746552,1,False,0.009771986970684038,0.2736156351791531,0.328125
7529,0,CF1,L3,0.3,zero_fill,5,5,0.17361168563365936,1,False,0.02280130293159609,0.247557003257329,0.296875
5092,0,CF1,L3,0.3,zero_fill,2,2,0.6135587096214294,1,False,0.0,0.24104234527687296,0.2890625
20673,0,CF1,L3,0.3,zero_fill,2,2,0.49098527431488037,1,False,0.009771986970684038,0.2768729641693811,0.33203125
10096,0,CF1,L3,0.3,zero_fill,7,0,0.15276722609996796,0,False,0.006514657980456026,0.26058631921824105,0.3125
2059,0,CF1,L3,0.3,zero_fill,3,3,0.22668969631195068,1,False,0.006514657980456026,0.22149837133550487,0.265625
19318,0,CF1,L3,0.3,zero_fill,0,2,0.5338504910469055,0,False,0.013029315960912053,0.26058631921824105,0.3125
12977,0,CF1,L3,0.3,zero_fill,8,0,0.22829580307006836,0,False,0.013029315960912053,0.2671009771986971,0.3203125
17673,0,CF1,L3,0.3,zero_fill,0,3,0.19862405955791473,0,False,0.003257328990228013,0.24104234527687296,0.2890625
18750,0,CF1,L3,0.3,zero_fill,0,5,0.24313677847385406,0,False,0.02280130293159609,0.20195439739413681,0.2421875
16728,0,CF1,L3,0.3,zero_fill,3,3,0.5792298913002014,1,False,0.013029315960912053,0.26058631921824105,0.3125
14776,0,CF1,L3,0.3,zero_fill,8,8,0.23099228739738464,1,False,0.003257328990228013,0.28338762214983715,0.33984375
6941,0,CF1,L3,0.3,zero_fill,9,5,0.2239195555448532,0,False,0.016286644951140065,0.2768729641693811,0.33203125
16787,0,CF1,L3,0.3,zero_fill,6,2,0.2355523258447647,0,False,0.019543973941368076,0.254071661237785,0.3046875
25932,0,CF1,L3,0.3,zero_fill,5,5,0.3270552456378937,1,False,0.003257328990228013,0.26384364820846906,0.31640625
614,0,CF1,L3,0.3,zero_fill,0,5,0.21767765283584595,0,False,0.02280130293159609,0.25732899022801303,0.30859375
25690,0,CF1,L3,0.3,zero_fill,5,5,0.25474438071250916,1,False,0.019543973941368076,0.2280130293159609,0.2734375
25968,0,CF1,L3,0.3,zero_fill,5,5,0.5764262676239014,1,False,0.016286644951140065,0.2247557003257329,0.26953125
20123,0,CF1,L3,0.3,zero_fill,3,5,0.2868939936161041,0,False,0.003257328990228013,0.2671009771986971,0.3203125
13341,0,CF1,L3,0.3,zero_fill,5,6,0.1900894194841385,0,False,0.013029315960912053,0.25732899022801303,0.30859375
24697,0,CF1,L3,0.3,zero_fill,4,2,0.21234352886676788,0,False,0.019543973941368076,0.24104234527687296,0.2890625
15157,0,CF1,L3,0.3,zero_fill,6,3,0.2942279875278473,0,False,0.016286644951140065,0.2931596091205212,0.3515625
23115,0,CF1,L3,0.3,zero_fill,1,3,0.2418149709701538,0,False,0.009771986970684038,0.20521172638436483,0.24609375
6396,0,CF1,L3,0.3,zero_fill,0,0,0.2100905478000641,1,False,0.02280130293159609,0.2768729641693811,0.33203125
19142,0,CF1,L3,0.3,zero_fill,4,5,0.2944945991039276,0,False,0.003257328990228013,0.26384364820846906,0.31640625
13157,0,CF1,L3,0.3,zero_fill,3,7,0.17324544489383698,0,False,0.0,0.254071661237785,0.3046875
19866,0,CF1,L3,0.3,zero_fill,1,2,0.38825687766075134,0,False,0.006514657980456026,0.23778501628664495,0.28515625
25996,0,CF1,L3,0.3,zero_fill,8,3,0.1766745150089264,0,False,0.009771986970684038,0.26058631921824105,0.3125
25515,0,CF1,L3,0.3,zero_fill,7,3,0.3204788565635681,0,False,0.006514657980456026,0.23127035830618892,0.27734375
12876,0,CF1,L3,0.3,zero_fill,0,5,0.1979573518037796,0,False,0.013029315960912053,0.2736156351791531,0.328125
17565,0,CF1,L3,0.3,zero_fill,6,6,0.2701094150543213,1,False,0.009771986970684038,0.2280130293159609,0.2734375
17511,0,CF1,L3,0.3,zero_fill,4,3,0.2939707040786743,0,False,0.003257328990228013,0.24104234527687296,0.2890625
19996,0,CF1,L3,0.3,zero_fill,0,0,0.183441624045372,1,False,0.006514657980456026,0.2280130293159609,0.2734375
12807,0,CF1,L3,0.3,zero_fill,1,3,0.25730013847351074,0,False,0.006514657980456026,0.19543973941368079,0.234375
11001,0,CF1,L3,0.3,zero_fill,9,9,0.31163525581359863,1,False,0.019543973941368076,0.23778501628664495,0.28515625
13107,0,CF1,L3,0.3,zero_fill,0,6,0.31242167949676514,0,False,0.016286644951140065,0.24429967426710097,0.29296875
12641,0,CF1,L3,0.3,zero_fill,6,0,0.29237696528434753,0,False,0.003257328990228013,0.28013029315960913,0.3359375
22667,0,CF1,L3,0.3,zero_fill,5,5,0.30346930027008057,1,False,0.016286644951140065,0.254071661237785,0.3046875
7310,0,CF1,L3,0.3,zero_fill,7,0,0.26977619528770447,0,False,0.009771986970684038,0.24429967426710097,0.29296875
764,0,CF1,L3,0.3,zero_fill,1,9,0.13861362636089325,0,False,0.006514657980456026,0.2768729641693811,0.33203125
14813,0,CF1,L3,0.3,zero_fill,4,0,0.27622464299201965,0,False,0.019543973941368076,0.2736156351791531,0.328125
7132,0,CF1,L3,0.3,zero_fill,2,2,0.24647369980812073,1,False,0.009771986970684038,0.26058631921824105,0.3125
23884,0,CF1,L3,0.3,zero_fill,1,5,0.45248451828956604,0,False,0.006514657980456026,0.23778501628664495,0.28515625
22735,0,CF1,L3,0.3,zero_fill,8,0,0.14300495386123657,0,False,0.009771986970684038,0.254071661237785,0.3046875
12483,0,CF1,L3,0.3,zero_fill,2,9,0.17775993049144745,0,False,0.003257328990228013,0.24104234527687296,0.2890625
10442,0,CF1,L3,0.3,zero_fill,6,0,0.1702166348695755,0,False,0.003257328990228013,0.23778501628664495,0.28515625
3733,0,CF1,L3,0.3,zero_fill,8,3,0.3483344316482544,0,False,0.006514657980456026,0.254071661237785,0.3046875
20089,0,CF1,L3,0.3,zero_fill,4,3,0.18064428865909576,0,False,0.013029315960912053,0.250814332247557,0.30078125
20411,0,CF1,L3,0.3,zero_fill,4,5,0.22015854716300964,0,False,0.006514657980456026,0.2931596091205212,0.3515625
10695,0,CF1,L3,0.3,zero_fill,4,3,0.2832238972187042,0,False,0.003257328990228013,0.254071661237785,0.3046875
11992,0,CF1,L3,0.3,zero_fill,2,2,0.31028246879577637,1,False,0.003257328990228013,0.23127035830618892,0.27734375
20712,0,CF1,L3,0.3,zero_fill,7,3,0.23177291452884674,0,False,0.003257328990228013,0.26384364820846906,0.31640625
6518,0,CF1,L3,0.3,zero_fill,8,2,0.26390886306762695,0,False,0.003257328990228013,0.2768729641693811,0.33203125
6015,0,CF1,L3,0.3,zero_fill,9,3,0.17379717528820038,0,False,0.009771986970684038,0.26384364820846906,0.31640625
8396,0,CF1,L3,0.3,zero_fill,5,3,0.3507267236709595,0,False,0.006514657980456026,0.24429967426710097,0.29296875
12097,0,CF1,L3,0.3,zero_fill,9,9,0.3764018416404724,1,False,0.013029315960912053,0.2280130293159609,0.2734375
12565,0,CF1,L3,0.3,zero_fill,2,3,0.19780203700065613,0,False,0.003257328990228013,0.24429967426710097,0.29296875
22474,0,CF1,L3,0.3,zero_fill,4,8,0.1854267418384552,0,False,0.009771986970684038,0.23127035830618892,0.27734375
25110,0,CF1,L3,0.3,zero_fill,9,6,0.16938814520835876,0,False,0.003257328990228013,0.26384364820846906,0.31640625
8275,0,CF1,L3,0.3,zero_fill,8,3,0.23866598308086395,0,False,0.016286644951140065,0.24429967426710097,0.29296875
3871,0,CF1,L3,0.3,zero_fill,1,3,0.2077704668045044,0,False,0.006514657980456026,0.21172638436482086,0.25390625
24639,0,CF1,L3,0.3,zero_fill,2,6,0.2571253180503845,0,False,0.02280130293159609,0.26058631921824105,0.3125
15979,0,CF1,L3,0.3,zero_fill,3,8,0.17058618366718292,0,False,0.006514657980456026,0.24429967426710097,0.29296875
24513,0,CF1,L3,0.3,zero_fill,6,5,0.24719080328941345,0,False,0.013029315960912053,0.30293159609120524,0.36328125
10926,0,CF1,L3,0.3,zero_fill,7,6,0.2174176573753357,0,False,0.013029315960912053,0.254071661237785,0.3046875
25564,0,CF1,L3,0.3,zero_fill,0,2,0.25092634558677673,0,False,0.0,0.26058631921824105,0.3125
2118,0,CF1,L3,0.3,zero_fill,0,5,0.33836957812309265,0,False,0.003257328990228013,0.23127035830618892,0.27734375
4358,0,CF1,L3,0.3,zero_fill,9,3,0.19134601950645447,0,False,0.006514657980456026,0.2247557003257329,0.26953125
5674,0,CF1,L3,0.3,zero_fill,8,5,0.3168027400970459,0,False,0.009771986970684038,0.2182410423452769,0.26171875
3397,0,CF1,L3,0.3,zero_fill,7,5,0.1937633454799652,0,False,0.016286644951140065,0.26384364820846906,0.31640625
5183,0,CF1,L3,0.3,zero_fill,7,3,0.23799589276313782,0,False,0.006514657980456026,0.26058631921824105,0.3125
7505,0,CF1,L3,0.3,zero_fill,9,3,0.4557020962238312,0,False,0.016286644951140065,0.23778501628664495,0.28515625
17539,0,CF1,L3,0.3,zero_fill,0,3,0.20740480720996857,0,False,0.013029315960912053,0.2703583061889251,0.32421875
23918,0,CF1,L3,0.3,zero_fill,6,6,0.31679242849349976,1,False,0.003257328990228013,0.2280130293159609,0.2734375
19449,0,CF1,L3,0.3,zero_fill,2,2,0.5999211668968201,1,False,0.009771986970684038,0.28664495114006516,0.34375
18599,0,CF1,L3,0.3,zero_fill,3,0,0.2318814992904663,0,False,0.003257328990228013,0.2671009771986971,0.3203125
8175,0,CF1,L3,0.3,zero_fill,8,6,0.1991507112979889,0,False,0.013029315960912053,0.24104234527687296,0.2890625
18412,0,CF1,L3,0.3,zero_fill,7,6,0.15011028945446014,0,False,0.006514657980456026,0.21172638436482086,0.25390625
20667,0,CF1,L3,0.3,zero_fill,1,2,0.3086574673652649,0,False,0.013029315960912053,0.250814332247557,0.30078125
8672,0,CF1,L3,0.3,zero_fill,9,1,0.26416411995887756,0,False,0.016286644951140065,0.23127035830618892,0.27734375
22087,0,CF1,L3,0.3,zero_fill,1,5,0.5562195777893066,0,False,0.009771986970684038,0.2768729641693811,0.33203125
6910,0,CF1,L3,0.3,zero_fill,2,3,0.27346041798591614,0,False,0.006514657980456026,0.2703583061889251,0.32421875
19205,0,CF1,L3,0.3,zero_fill,3,5,0.2091882824897766,0,False,0.02280130293159609,0.24429967426710097,0.29296875
10581,0,CF1,L3,0.3,zero_fill,3,3,0.7480807304382324,1,False,0.013029315960912053,0.24429967426710097,0.29296875
14516,0,CF1,L3,0.3,zero_fill,4,3,0.20064686238765717,0,False,0.0,0.28338762214983715,0.33984375
22602,0,CF1,L3,0.3,zero_fill,4,5,0.26685768365859985,0,False,0.016286644951140065,0.23452768729641693,0.28125
1944,0,CF1,L3,0.3,zero_fill,0,2,0.23560892045497894,0,False,0.013029315960912053,0.26384364820846906,0.31640625
19718,0,CF1,L3,0.3,zero_fill,0,5,0.26043498516082764,0,False,0.009771986970684038,0.28013029315960913,0.3359375
15599,0,CF1,L3,0.3,zero_fill,7,3,0.4187818467617035,0,False,0.006514657980456026,0.2182410423452769,0.26171875
16766,0,CF1,L3,0.3,zero_fill,9,9,0.17372044920921326,1,False,0.009771986970684038,0.26058631921824105,0.3125
12317,0,CF1,L3,0.3,zero_fill,5,3,0.25822484493255615,0,False,0.009771986970684038,0.26058631921824105,0.3125
6275,0,CF1,L3,0.3,zero_fill,6,4,0.44006532430648804,0,False,0.006514657980456026,0.254071661237785,0.3046875
14332,0,CF1,L3,0.3,zero_fill,3,5,0.3845348358154297,0,False,0.02280130293159609,0.26058631921824105,0.3125
25615,0,CF1,L3,0.3,zero_fill,8,2,0.24413499236106873,0,False,0.009771986970684038,0.247557003257329,0.296875
7680,0,CF1,L3,0.3,zero_fill,7,3,0.36598631739616394,0,False,0.009771986970684038,0.250814332247557,0.30078125
22105,0,CF1,L3,0.3,zero_fill,7,7,0.38574960827827454,1,False,0.013029315960912053,0.28664495114006516,0.34375
19179,0,CF1,L3,0.3,zero_fill,5,5,0.35204941034317017,1,False,0.013029315960912053,0.23452768729641693,0.28125
22379,0,CF1,L3,0.3,zero_fill,5,5,0.3249644935131073,1,False,0.003257328990228013,0.254071661237785,0.3046875
11796,0,CF1,L3,0.3,zero_fill,0,9,0.21915267407894135,0,False,0.006514657980456026,0.2280130293159609,0.2734375
16929,0,CF1,L3,0.3,zero_fill,0,3,0.39519938826560974,0,False,0.006514657980456026,0.24104234527687296,0.2890625
20580,0,CF1,L3,0.3,zero_fill,2,5,0.2693345844745636,0,False,0.009771986970684038,0.24104234527687296,0.2890625
21272,0,CF1,L3,0.3,zero_fill,7,3,0.3570556342601776,0,False,0.016286644951140065,0.24104234527687296,0.2890625
12963,0,CF1,L3,0.3,zero_fill,4,6,0.2588689625263214,0,False,0.003257328990228013,0.247557003257329,0.296875
15648,0,CF1,L3,0.3,zero_fill,9,9,0.19781871140003204,1,False,0.009771986970684038,0.254071661237785,0.3046875
10831,0,CF1,L3,0.3,zero_fill,6,5,0.4010186791419983,0,False,0.013029315960912053,0.2182410423452769,0.26171875
12228,0,CF1,L3,0.3,zero_fill,3,1,0.25535234808921814,0,False,0.02280130293159609,0.21498371335504887,0.2578125
2242,0,CF1,L3,0.3,zero_fill,7,9,0.17802977561950684,0,False,0.009771986970684038,0.21498371335504887,0.2578125
25443,0,CF1,L3,0.3,zero_fill,3,3,0.5580902099609375,1,False,0.016286644951140065,0.23452768729641693,0.28125
23913,0,CF1,L3,0.3,zero_fill,1,9,0.1485619843006134,0,False,0.02280130293159609,0.21498371335504887,0.2578125
18452,0,CF1,L3,0.3,zero_fill,1,5,0.23793837428092957,0,False,0.006514657980456026,0.24104234527687296,0.2890625
12210,0,CF1,L3,0.3,zero_fill,0,3,0.29775717854499817,0,False,0.006514657980456026,0.2768729641693811,0.33203125
3532,0,CF1,L3,0.3,zero_fill,6,2,0.17572876811027527,0,False,0.009771986970684038,0.28013029315960913,0.3359375
13678,0,CF1,L3,0.3,zero_fill,9,9,0.1885751634836197,1,False,0.009771986970684038,0.25732899022801303,0.30859375
21370,0,CF1,L3,0.3,zero_fill,5,3,0.328556627035141,0,False,0.013029315960912053,0.23452768729641693,0.28125
23728,0,CF1,L3,0.3,zero_fill,9,9,0.3348609507083893,1,False,0.0,0.2703583061889251,0.32421875
7460,0,CF1,L3,0.3,zero_fill,0,9,0.2742885947227478,0,False,0.013029315960912053,0.23127035830618892,0.27734375
25354,0,CF1,L3,0.3,zero_fill,2,2,0.31421399116516113,1,False,0.009771986970684038,0.23452768729641693,0.28125
18984,0,CF1,L3,0.3,zero_fill,8,4,0.17782896757125854,0,False,0.009771986970684038,0.25732899022801303,0.30859375
12422,0,CF1,L3,0.3,zero_fill,6,6,0.46886634826660156,1,False,0.0,0.28664495114006516,0.34375
7413,0,CF1,L3,0.3,zero_fill,4,5,0.1732482761144638,0,False,0.019543973941368076,0.2671009771986971,0.3203125
